TransactionID,AccountID,ensemble_weighted_average,ensemble_rank_borda,ensemble_percentile_average,ensemble_pca_stacking_proxy,hybrid_vote_count_for_comparison
TX000001,AC00128,-0.3557011414339406,12564.0,0.4574635798579354,-1.2400256819348887,0
TX000002,AC00455,-0.7877626238953543,5584.5,0.20269827679307967,-2.6678307287491068,0
TX000003,AC00019,-0.5659035635134232,8179.5,0.2971762788633483,-1.8921572009354155,0
TX000004,AC00070,-0.04366571831886517,15819.5,0.5745456853654572,-0.14515484657198352,0
TX000005,AC00411,0.1330011575315102,18167.0,0.6595827425225167,0.49217992480404776,0
TX000006,AC00393,-0.6811682012950859,5442.0,0.19765059588925846,-2.279514739548123,0
TX000007,AC00199,0.8171767552631803,21642.5,0.8135350318471337,2.5460994978181564,0
TX000008,AC00069,0.41216117231061655,19146.0,0.6955131906098324,1.4327413517862,0
TX000009,AC00135,-0.13553618505817397,13875.5,0.5043391719745223,-0.4157763133510664,0
TX000010,AC00385,-0.310034338030867,12752.0,0.46436506780925185,-1.1566302101038957,0
TX000011,AC00150,0.6095293308167834,21515.0,0.7815802443630502,2.0892994535420226,0
TX000012,AC00459,-0.7219931917521988,4405.0,0.1601514757775199,-2.432815649562306,0
TX000013,AC00392,-0.35295690863485235,8877.0,0.3215337404604443,-1.1399457149100836,0
TX000014,AC00264,2.1703421712749145,19909.0,0.7240724350533984,7.1791763588028905,0
TX000015,AC00085,-0.32593939974388386,10674.0,0.3873890677861096,-1.1037403925466867,0
TX000016,AC00270,-0.21695144717334888,14014.0,0.5098527070063695,-0.6973008519603591,0
TX000017,AC00317,-0.4247137596867075,9406.0,0.3422725561163805,-1.4190490164801381,0
TX000018,AC00359,-0.24969066812004198,13070.0,0.47616846750464176,-0.8795010280637918,0
TX000019,AC00242,0.7718006862925012,21995.0,0.7991320565230576,2.6405573970172638,0
TX000020,AC00285,0.0915321278621864,15608.0,0.5685405534473058,0.01438086154328897,0
TX000021,AC00002,-0.0032025670497373773,14185.0,0.5152092904629272,0.024177690975666504,0
TX000022,AC00014,-0.6329548534764089,6644.0,0.2406155698276913,-2.1381103731951554,0
TX000023,AC00095,0.5929786518955918,21386.0,0.7770609032137376,2.0088570376850594,0
TX000024,AC00453,1.0074161975017837,24012.5,0.872480009059233,3.7277309483828693,0
TX000025,AC00241,0.4832684489794843,18782.0,0.6825472234824578,1.6596125327302162,0
TX000026,AC00041,0.6845275833531052,22716.5,0.8252364579169935,2.3506218916840957,0
TX000027,AC00441,1.3368226315298577,23019.0,0.8367374562888386,4.546165200342315,0
TX000028,AC00057,-0.5285987163742781,8194.5,0.29756499662267544,-1.7778388529758726,0
TX000029,AC00390,-0.5228111373907581,9924.0,0.3600245428558618,-1.7968229384992371,0
TX000030,AC00313,0.15940069912917096,16766.5,0.6100323624107878,0.527041962167572,0
TX000031,AC00367,0.005323514285800935,16421.0,0.5967332280038783,0.04061758581583275,0
TX000032,AC00291,-0.43355330472078923,10336.0,0.37481546453037834,-1.4812985501276452,0
TX000033,AC00060,-0.4540351052211977,14389.5,0.5239774221877446,-1.5895068180280798,0
TX000034,AC00359,0.4129458682134951,17093.0,0.6216925843981589,1.1288252485053305,0
TX000035,AC00365,-0.08449943948206359,14985.0,0.5436673477564296,-0.25440447315629083,0
TX000036,AC00267,-0.02635873752868853,15820.5,0.574145999136022,-0.05770856176542378,0
TX000037,AC00404,-0.5874946787691546,6265.0,0.22821881808587421,-1.9805061141842364,0
TX000038,AC00202,0.23512470890064602,16748.0,0.6077718179745021,0.8485305729628043,0
TX000039,AC00478,0.1585309746166154,16970.0,0.6168832417204926,0.5023566214793689,0
TX000040,AC00405,0.6175634969188728,22939.5,0.8333366429587002,2.088612282978814,0
TX000041,AC00421,-0.31516759533343447,10367.5,0.37620238840244596,-1.0399326529343318,0
TX000042,AC00480,0.7224739573466308,22146.0,0.8042056067444278,2.4857569700601743,0
TX000043,AC00120,-0.17281998982598104,13266.0,0.48136737167010507,-0.5503342780139053,0
TX000044,AC00117,1.3196791678822657,21912.5,0.8242834394904459,4.116865212973702,2
TX000045,AC00011,0.08243374297456157,15449.0,0.5611439475499812,0.2929243974133165,0
TX000046,AC00401,-0.865533932657124,4441.0,0.16102009423723815,-2.90092868763327,0
TX000047,AC00282,-0.6586765635975735,5826.5,0.2126677422597556,-2.2453132286381856,0
TX000048,AC00439,0.013048393682703021,15432.0,0.5617982288451961,-0.00761190653444518,0
TX000049,AC00296,0.5563530037831758,16065.0,0.5836639945384251,1.6064136251158285,0
TX000050,AC00471,-0.14392736981813797,13706.0,0.49712354884729815,-0.45004951344282557,0
TX000051,AC00159,-0.20540419624198378,11785.0,0.4286584186985657,-0.6638739456299528,0
TX000052,AC00482,-0.09238440152875986,14341.0,0.5204969367835238,-0.2962582191148613,0
TX000053,AC00115,-0.18642964088789404,14408.0,0.5246684810042973,-0.6714621272918974,0
TX000054,AC00055,-1.1128350664210833,1687.0,0.06096522778016968,-3.7531401522449794,0
TX000055,AC00419,-0.4974314751502672,6628.0,0.23979621908398085,-1.655092769249817,0
TX000056,AC00374,-1.0876905213399266,1558.0,0.05619894538762573,-3.6622260282721735,0
TX000057,AC00271,-0.0729647179519135,13685.0,0.49705134979680615,-0.21458605046840942,0
TX000058,AC00456,0.5389779068392619,19801.0,0.7193352612930646,1.8715242978523332,0
TX000059,AC00143,-0.813033695083988,4946.0,0.17948494113427002,-2.741757666824301,0
TX000060,AC00427,-0.43789576122154317,9426.5,0.3434619269938629,-1.4763571330057441,0
TX000061,AC00438,-0.4452498122982019,10432.5,0.3785133004150662,-1.496241677689002,0
TX000062,AC00002,0.4721875424525975,20122.0,0.7306737967347225,1.6205627665503466,1
TX000063,AC00425,-0.09469801549052596,15894.5,0.5782775265207964,-0.3501871118212372,0
TX000064,AC00325,0.20898217411051948,18411.0,0.6685208102011111,0.751234441833547,0
TX000065,AC00434,0.5178563056555242,20931.5,0.7604750245524984,1.7472838837670486,0
TX000066,AC00242,-0.4191079453404393,10065.0,0.36441633034042753,-1.3785857568369597,0
TX000067,AC00319,-0.41388327945883036,9256.5,0.3359009145775547,-1.3816362256770442,0
TX000068,AC00460,1.6376957377289065,25070.0,0.9103613833675565,5.94729736641874,2
TX000069,AC00461,-0.08619212778856103,15460.5,0.5604016623620445,-0.2372746210737077,0
TX000070,AC00395,-0.3570756572165563,11491.0,0.41590217836227,-1.161933118149362,0
TX000071,AC00217,-0.622015264982378,6522.0,0.2369660825976423,-2.108252148507831,0
TX000072,AC00053,-0.5336264031158086,8082.0,0.29318536786802346,-1.8010156386031482,0
TX000073,AC00282,-0.12553537228113287,13594.5,0.4947921010863848,-0.4358999526241453,0
TX000074,AC00110,0.6176433921622453,23193.5,0.8424659055351963,2.108365561782254,0
TX000075,AC00265,0.6885209120561536,18119.0,0.6566424090713828,2.2006399266004264,1
TX000076,AC00239,-0.5077670933175965,8083.0,0.29337734622807576,-1.7106685209582182,0
TX000077,AC00007,-0.8786806217982471,3018.0,0.10996102215534535,-2.9731548395662006,0
TX000078,AC00022,-0.34532054992338984,12331.5,0.4474981673012309,-1.1515727863217995,0
TX000079,AC00464,-0.4645196674281348,7812.0,0.283881453498267,-1.5401652111809132,0
TX000080,AC00014,-0.5251671480182404,8654.5,0.3140615455321685,-1.7671369561455401,0
TX000081,AC00406,-0.0201878843026145,16126.5,0.5939490445859873,-0.08644764346707819,0
TX000082,AC00445,-0.5039407544762069,9378.5,0.33984374811667756,-1.6721200867839692,0
TX000083,AC00236,-0.17604117566361085,14080.0,0.5104646738121629,-0.5595498282747474,0
TX000084,AC00220,-0.9581973278018142,3352.0,0.12122973906612276,-3.2520976803589408,0
TX000085,AC00140,-1.146824547599165,4615.0,0.16683817456693828,-3.9129167152166904,0
TX000086,AC00098,0.5560012105217174,21590.0,0.7839713105803068,1.926683355602395,1
TX000087,AC00303,-0.7802593435252198,6159.0,0.22411751426021648,-2.6424630873487893,0
TX000088,AC00373,-0.31815166073710344,11325.0,0.4110696934180019,-1.0862753975321824,0
TX000089,AC00438,0.2899750028602241,19202.5,0.6970491229563088,1.0099770623218418,0
TX000090,AC00437,-0.24458111866762872,10776.0,0.3904108813009039,-0.8041234087641607,0
TX000091,AC00106,0.30930782376257876,17783.0,0.6464680682523298,1.0695108526904167,0
TX000092,AC00310,0.3818495059470135,17641.0,0.6420699226710804,1.3551480548393906,0
TX000093,AC00149,-0.7157468932309617,4568.0,0.1658780718345598,-2.4055898391325368,0
TX000094,AC00373,0.7437037413886549,20697.0,0.7523663570263537,2.4898354563629352,0
TX000095,AC00425,0.2867940273637893,19173.0,0.6957876132946536,0.9667159180636195,0
TX000096,AC00010,-0.7633663485167002,5441.0,0.19698130828054403,-2.5494050643944837,0
TX000097,AC00348,-0.29927903251173965,10270.0,0.3720275144675326,-0.9547951369479054,0
TX000098,AC00011,0.34166338009709746,19198.0,0.6970685739108551,1.1701415941969295,0
TX000099,AC00453,0.15013407071499107,17395.5,0.6319754497916472,0.5410075223481174,0
TX000100,AC00178,-0.8079362035974098,5443.0,0.19746801907501324,-2.7532970646923873,0
TX000101,AC00265,0.41211312260813737,19953.0,0.724774808871395,1.4239731477615387,0
TX000102,AC00018,0.5259273290931628,21477.0,0.7801785100430205,1.8028243806909299,0
TX000103,AC00075,0.2654276871659432,19143.0,0.6948510746931119,0.9160158949046396,0
TX000104,AC00464,-0.5455047082917597,10212.5,0.37042721769207,-1.8140972427881292,0
TX000105,AC00170,-0.3855823445627036,10519.5,0.3822800056361062,-1.3111959683447159,0
TX000106,AC00235,-0.9169864216172816,3136.0,0.11334807969810913,-3.0919471236857277,0
TX000107,AC00013,-0.13208626825433553,12311.0,0.4474225180039602,-0.4241151891248415,0
TX000108,AC00397,0.4642307199926357,16954.0,0.6171030329868904,1.272995263663918,0
TX000109,AC00423,0.04814863894021407,14260.0,0.5166076197359178,0.1177892782312436,0
TX000110,AC00154,-0.8414332496712602,3001.0,0.10849890098340169,-2.8330654135134656,0
TX000111,AC00068,1.4398237817294377,25613.0,0.9298136336395988,5.279378284276257,2
TX000112,AC00318,-0.946008717880838,2363.0,0.08541967295155986,-3.2000100507225064,0
TX000113,AC00396,0.4164714002277143,20035.0,0.7279528628189115,1.4330029556815411,0
TX000114,AC00121,1.2139466445348752,22110.5,0.8321656050955415,3.8138848490741473,1
TX000115,AC00336,-0.291777965692075,11799.0,0.42710999615741946,-1.0082435872695923,0
TX000116,AC00468,0.13645492542023266,17797.0,0.6465007325973772,0.4476608048918297,0
TX000117,AC00282,-0.3796049173903575,11915.5,0.43223930779069947,-1.250689695729798,0
TX000118,AC00498,0.49481128877006186,20073.0,0.729573363877911,1.6744670167257563,0
TX000119,AC00085,-0.5885971263966254,7371.0,0.26721567676424834,-1.9752232442518907,0
TX000120,AC00092,-0.2518657733470424,11885.0,0.4311123125536671,-0.8361736579824254,0
TX000121,AC00295,-0.7924389165501678,4350.0,0.1580002695109798,-2.669157478919347,0
TX000122,AC00358,-0.36127505021677175,12087.0,0.43821219722803856,-1.1985402505624099,0
TX000123,AC00311,0.28143329218635393,14028.0,0.5096567435359552,0.6952676164217483,0
TX000124,AC00066,0.9940757752443206,24315.5,0.8832168455692443,3.3681761662421232,1
TX000125,AC00340,0.7564194964761938,21450.0,0.779164920952285,2.581408291655202,0
TX000126,AC00284,1.2139996845593166,23950.0,0.8702197960877033,4.065856869719906,1
TX000127,AC00208,-0.07840301090913969,16025.0,0.5818434996989095,-0.27715104137412255,0
TX000128,AC00176,0.5363935135279789,19805.0,0.719107123141447,1.8167881259520409,0
TX000129,AC00053,-0.44149185732350754,8396.0,0.3057754238289169,-1.4871022388101407,0
TX000130,AC00320,-0.16383221832044834,14451.0,0.5235977895760482,-0.5421769478008118,0
TX000131,AC00382,-0.5949331019649112,7131.0,0.2587836653686104,-1.9930354220618918,0
TX000132,AC00384,-0.5543869401363222,7356.0,0.26808486775399964,-1.8401334956276554,0
TX000133,AC00203,-0.0704751742617451,14955.0,0.5437832097552368,-0.2436464165781511,0
TX000134,AC00498,1.0352955120824008,23338.0,0.8478826272451012,3.537388814757946,1
TX000135,AC00349,0.051629546861557095,16118.0,0.5861124041584724,0.1564796679690774,0
TX000136,AC00177,0.19804912407543346,18676.0,0.6788784811634003,0.6447357285416188,0
TX000137,AC00284,-0.06176422025205258,13605.0,0.49589634578789055,-0.3305947475141128,0
TX000138,AC00272,-0.6428785277763727,6801.0,0.2477840074402387,-2.1552509012911347,0
TX000139,AC00405,-0.2514158546747354,13436.0,0.4874235340941032,-0.8419770853756743,0
TX000140,AC00385,-0.4066086498446026,8824.0,0.3193770198256905,-1.4161287453576383,0
TX000141,AC00403,0.18022802667587035,18557.0,0.6738360283627761,0.6134217032678426,0
TX000142,AC00114,0.9204319754151287,23499.0,0.8538716228562666,3.0795734849274874,1
TX000143,AC00163,0.6958377803247944,20181.5,0.755374203821656,2.1521933279987326,0
TX000144,AC00108,0.18987784171764371,16362.0,0.5937146688703246,0.7118348153469563,0
TX000145,AC00397,-0.29615455194952234,10559.0,0.3839448476395129,-0.9711071825210591,0
TX000146,AC00434,-0.5578637416170151,8136.5,0.2956864050513783,-1.8662739537319513,0
TX000147,AC00385,2.8115284304202315,26812.0,0.9738102765645498,10.007687286084375,3
TX000148,AC00161,4.434920059072174,26861.0,0.9758139508815034,15.299968445336425,2
TX000149,AC00333,-0.2393692004964222,12921.0,0.46868794075772596,-0.7943271498688216,0
TX000150,AC00279,0.18902198150224975,16434.5,0.5971936174834038,0.6650539625338878,0
TX000151,AC00072,-0.2625771476616191,10697.0,0.38787008341340723,-0.8409180339487534,0
TX000152,AC00242,1.7004250881831622,26024.0,0.9451351701221767,5.999292427704294,2
TX000153,AC00303,-0.8226292724496973,4526.0,0.1636421311231183,-2.7662457212257383,0
TX000154,AC00442,0.005000521063772825,17096.5,0.620463558282593,0.0348700433618224,0
TX000155,AC00087,-0.19813350094209525,12479.0,0.4526721061439343,-0.6525797325829915,0
TX000156,AC00174,-0.2851430880137698,11691.0,0.424207479821631,-0.93447732937098,0
TX000157,AC00421,-0.1969936172456503,11902.0,0.432256227559836,-0.6137769829006023,0
TX000158,AC00111,-0.40379317920522867,10594.0,0.3844010636764287,-1.3307315252935006,0
TX000159,AC00275,-0.3447603188423167,9572.0,0.34780940366718144,-1.1221597205998461,0
TX000160,AC00492,-0.1339216573021163,14634.0,0.5315348035583163,-0.45441227420900504,0
TX000161,AC00380,-0.17136436061182073,13567.0,0.492089834662969,-0.5490720296592067,0
TX000162,AC00227,0.03087409890280777,16901.0,0.6142071459462223,0.08666823685312096,0
TX000163,AC00257,0.5124598524529348,19657.0,0.7138355377949374,1.793374274813619,0
TX000164,AC00062,-0.45457645115040574,9962.0,0.36104509270647356,-1.5381971555991059,0
TX000165,AC00383,-0.6882472586681828,5180.0,0.18748933286148822,-2.3134327260698018,0
TX000166,AC00182,0.4598613052087747,16543.0,0.5991016039519277,1.2900189519040786,0
TX000167,AC00478,-0.08999539793627735,13981.0,0.5078812375037787,-0.27394256512160103,0
TX000168,AC00332,0.6145019191019557,20410.0,0.7417329073870598,2.0876869733678682,1
TX000169,AC00202,0.7380159382361161,21769.0,0.7903564969743897,2.5583060494295773,0
TX000170,AC00331,-0.3824580014878976,9017.0,0.32759472418998453,-1.2820926826612087,0
TX000171,AC00474,0.31596690423813617,18860.0,0.684561263606327,1.1088817280266534,0
TX000172,AC00268,-0.4629947271368809,7872.0,0.28531699722341014,-1.5326087005010676,0
TX000173,AC00247,-0.6037045950908398,7480.0,0.27149018599150393,-2.009364333304824,0
TX000174,AC00298,-0.7841125536041657,4696.0,0.17175834700575232,-2.6493044263189405,0
TX000175,AC00106,-0.47370274601926277,7730.0,0.28109452796284895,-1.5851267397691842,0
TX000176,AC00035,0.9247475084714702,21269.0,0.7729758411611246,3.144475064754707,1
TX000177,AC00363,1.645491518652044,26243.0,0.9531055113790043,5.926192747987818,3
TX000178,AC00273,-0.04338765621872487,13858.0,0.5038524943265287,-0.21400920476356222,0
TX000179,AC00156,-0.49122496733035487,8221.0,0.29918861646369777,-1.6455990787062198,0
TX000180,AC00010,0.16096470451116882,17894.0,0.6496382574451804,0.5962314791539591,0
TX000181,AC00036,0.27370580953821466,18729.0,0.6803789015812436,0.937659876649366,0
TX000182,AC00149,-0.15126757199693033,14142.5,0.514516453789956,-0.5327990289269878,0
TX000183,AC00225,-0.018722690713806316,15386.5,0.5583749361779679,-0.013907330630648885,0
TX000184,AC00077,0.4990082243968665,20117.0,0.7310944556432658,1.7173503772547967,0
TX000185,AC00440,0.6545549403389422,20446.5,0.7659235668789809,2.0185381254398607,0
TX000186,AC00321,0.39733898218851715,18784.5,0.6997611464968153,1.2137130998683974,0
TX000187,AC00099,0.20063953344976726,18280.5,0.6634566163258083,0.7340852727595135,0
TX000188,AC00258,-0.08339478654724976,16875.5,0.6127705324939119,-0.2996136640911596,0
TX000189,AC00132,0.5628911001249084,21309.0,0.7737903404661335,1.941993142666307,0
TX000190,AC00113,0.2090000737147471,17864.0,0.6494773463727149,0.6725037145542184,0
TX000191,AC00396,1.2779740105656714,24056.0,0.8737493232092345,4.380822347210929,2
TX000192,AC00099,0.430616860667145,19882.0,0.7224356922213538,1.4617648445712397,0
TX000193,AC00265,-0.20525193123585925,13257.0,0.4808991325024939,-0.6658978252820539,0
TX000194,AC00047,0.2832569158605597,16003.0,0.5802286034076023,0.9663950261628835,0
TX000195,AC00005,-0.9246457995650473,3551.0,0.128406674229688,-3.1043890068783533,0
TX000196,AC00363,1.5681356095386219,25609.0,0.9296473287315579,5.704618479577531,2
TX000197,AC00426,-0.5912816617979765,5722.0,0.20741419160928912,-1.967497434965307,0
TX000198,AC00107,0.26012395842507274,17593.0,0.6400510612416693,0.8682382273500819,0
TX000199,AC00237,-0.7001122241749604,4868.5,0.17638521833523213,-2.33348390472022,0
TX000200,AC00358,0.30612223661663696,18084.0,0.6567264805867722,1.0684449646373653,0
TX000201,AC00113,0.17868725907169886,16223.0,0.5895129312235944,0.6273507632156865,0
TX000202,AC00010,-0.26848398512701016,12894.0,0.4683521970930421,-0.9058351663994361,0
TX000203,AC00499,-0.810592003755983,4645.0,0.16831002874944492,-2.7256427022801324,0
TX000204,AC00380,-0.7168162254946536,4451.0,0.16184770146668934,-2.4104294228605814,0
TX000205,AC00452,-1.1109782441536151,2430.0,0.08775821707156796,-3.742255933645362,0
TX000206,AC00020,-0.31281346065777554,10694.0,0.3903137922605511,-1.1088959346548186,0
TX000207,AC00181,-0.5069588846900346,8515.0,0.3090014497665765,-1.70419740919656,0
TX000208,AC00370,-0.9637859634521863,3346.0,0.12106231923117532,-3.2521135847322995,0
TX000209,AC00453,-0.6352015251290324,6990.0,0.2534455460056207,-2.1625397916111373,0
TX000210,AC00339,-0.4150766574399057,8704.0,0.3157468780841289,-1.36517143496289,0
TX000211,AC00249,-0.015930556683485413,15623.0,0.5679149890532258,-0.061868517662959276,0
TX000212,AC00479,-0.3726949227263768,11478.5,0.41713695991132654,-1.27889881101152,0
TX000213,AC00301,0.1474960859071697,18299.5,0.6650159772039032,0.4800268092067974,0
TX000214,AC00380,-0.536198506412254,8468.5,0.30798486242645706,-1.829594808199105,0
TX000215,AC00130,-0.5469783973316313,7861.5,0.28454753192548,-1.818461503125193,0
TX000216,AC00006,0.9335569916991909,21047.0,0.7648438957691597,3.14639104061515,2
TX000217,AC00096,-0.44019105330300357,8115.0,0.2942719093382421,-1.446554919275316,0
TX000218,AC00108,-0.9018303750186826,4743.5,0.17418173103672052,-3.0915539326422627,0
TX000219,AC00070,0.4219727958064478,20326.0,0.7380283668743524,1.4685251610696808,1
TX000220,AC00417,-0.4604707927741912,9478.0,0.3443578310296332,-1.562636580306818,0
TX000221,AC00391,0.2952422083690452,18805.0,0.6824332598727079,1.0255776247840098,0
TX000222,AC00414,0.5215217294151223,18980.0,0.6886687145965508,1.844963942292859,0
TX000223,AC00004,-0.6597605664800115,5733.0,0.20792663612208895,-2.2134524753980966,0
TX000224,AC00047,0.14898377909417143,17470.0,0.6339026009497007,0.5303272971964514,0
TX000225,AC00198,2.346799778921346,25640.5,0.9726910828025478,7.440473073600037,2
TX000226,AC00314,-0.5767436192611085,7097.0,0.2586420696514727,-1.9504241904287063,0
TX000227,AC00212,0.0045401844738788555,15835.0,0.5748414573938818,0.019845374218892545,0
TX000228,AC00115,-0.11365911195487786,11339.5,0.4112082908857557,-0.45450738451379485,0
TX000229,AC00055,-0.4442571304694951,10656.0,0.38646087606978746,-1.526759420718536,0
TX000230,AC00427,0.6264723562106564,18981.0,0.6903307391495312,1.903275037914036,0
TX000231,AC00401,-0.599008345285056,7824.0,0.2843306485089872,-2.028501428399997,0
TX000232,AC00430,0.7432845054238094,23129.0,0.8404714067653525,2.7525275568053846,0
TX000233,AC00299,0.10989452964972161,17080.0,0.6206254788159067,0.3850779923679869,0
TX000234,AC00345,0.4198092435031792,19636.0,0.713305917381144,1.4180481909425404,0
TX000235,AC00430,0.7158679431746108,22075.0,0.802085256833357,2.404339978423354,0
TX000236,AC00175,-0.6008855446078657,6796.0,0.24608494923406327,-1.9976291042724996,0
TX000237,AC00177,0.004951096420986954,16522.0,0.601097744978972,0.0021212608747361765,0
TX000238,AC00225,0.7023296459264868,22280.0,0.8084915665723458,2.400657040429123,0
TX000239,AC00394,0.08673266831770209,16106.0,0.5849605038649996,0.34237312226645783,0
TX000240,AC00026,-0.34728169951938825,10493.0,0.3804823667981758,-1.138244249066015,0
TX000241,AC00076,-0.5972186363249882,7860.5,0.28522564854996824,-2.0141895090869375,0
TX000242,AC00215,0.8889145029815966,23062.0,0.8381693237685061,2.8313493318812952,0
TX000243,AC00202,0.6324492115353291,19868.0,0.7219787529886067,2.1483703061310235,0
TX000244,AC00400,0.05840268159425678,16425.0,0.5961719677724653,0.23250332826372638,0
TX000245,AC00004,0.1181629430219525,16383.0,0.5949768263949121,0.4309266900561479,0
TX000246,AC00260,-0.343623354266587,9316.0,0.3373763696726382,-1.0947770589206185,0
TX000247,AC00415,0.2465256930585231,17554.0,0.6372242996692102,0.8865475578328618,0
TX000248,AC00337,-0.5064079704006335,8920.0,0.3259637066582712,-1.7645130121479402,0
TX000249,AC00253,0.9697188748930002,22962.0,0.8329791883524972,3.4353887116101425,0
TX000250,AC00126,-1.0221452501521178,2714.0,0.09807261681661729,-3.45122965957538,0
TX000251,AC00304,0.10319179722578632,18333.5,0.6651376850356802,0.37517971064539996,0
TX000252,AC00470,-0.5733327562429722,7677.5,0.27798968252667267,-1.893527356026887,0
TX000253,AC00041,-0.7465540470821741,5618.5,0.20618435189841317,-2.546866297745892,0
TX000254,AC00442,0.04745460124875093,15217.0,0.5533594374886398,0.16514880678296026,0
TX000255,AC00430,-0.4604611856602421,7639.0,0.2768035358972715,-1.5248389280863321,0
TX000256,AC00258,-0.9042260944629397,4991.5,0.18053163150086757,-3.0456665588472656,0
TX000257,AC00073,-0.020536201684656672,15983.0,0.5799274224770229,-0.0852870627835591,0
TX000258,AC00430,-0.28040834759269545,11591.0,0.42274135093945553,-1.0171790075779554,0
TX000259,AC00363,0.33004200034757697,20467.5,0.7433199455722818,1.1345872267341517,0
TX000260,AC00307,1.855256027106683,26485.0,0.9618899903429249,6.546643948517685,3
TX000261,AC00085,-1.171181837263673,1604.0,0.057943233466417436,-3.963726637192378,0
TX000262,AC00448,0.006939689349349007,16158.0,0.5881814975649996,-0.04753356969632686,0
TX000263,AC00194,-0.5457827413116838,7821.0,0.2842767704195548,-1.7993049024063155,0
TX000264,AC00319,-0.01731914235288165,14180.0,0.5146222965131836,-0.015511286773476886,0
TX000265,AC00366,-0.3931959771777585,9710.0,0.3520412443403899,-1.3106573352286621,0
TX000266,AC00338,-0.10236758965618706,15132.0,0.5498159285810367,-0.34707174034687976,0
TX000267,AC00178,0.6564657082150003,19966.0,0.7261518340005216,2.400704713793368,1
TX000268,AC00424,-0.2587030599124137,11957.0,0.43412900343132305,-0.8639808176801249,0
TX000269,AC00147,0.38931970983925823,19911.0,0.7231189314829806,1.3628561056204118,0
TX000270,AC00171,-0.6770318099397078,5090.0,0.1845438165068966,-2.256418821912471,0
TX000271,AC00023,-0.8702370020322583,2982.5,0.10796694524973639,-2.9219165809587233,0
TX000272,AC00263,-0.6243024588771621,7078.0,0.2572749583318669,-2.1148624562371654,0
TX000273,AC00423,0.3966597653914743,18292.0,0.6649351450031747,1.3448637566962516,0
TX000274,AC00455,0.006903292633420613,16670.0,0.6056815409567494,0.00524809521326505,0
TX000275,AC00454,7.434230223403267,27394.0,0.9951180966739259,25.30764823507374,3
TX000276,AC00055,-0.7135316837012733,6402.0,0.2323813223587562,-2.4367159840383543,0
TX000277,AC00403,-0.4754965693921883,7554.0,0.274047255785205,-1.5630134454248006,0
TX000278,AC00220,-0.42009796806303396,8793.0,0.3194053148625904,-1.403909313612764,0
TX000279,AC00009,-0.7927071173965464,4650.0,0.1688323870717656,-2.6724004435568824,0
TX000280,AC00445,-0.4194876842973845,10704.0,0.388792971693633,-1.4046720558757675,0
TX000281,AC00133,-1.1647003925128891,1999.0,0.0721504155724312,-3.936423876524659,0
TX000282,AC00362,1.0095409552520875,22014.0,0.7995080882221774,3.4709695016317212,1
TX000283,AC00026,-0.07113735948203484,13726.0,0.4990290191969923,-0.2008454492095243,0
TX000284,AC00387,0.5767757057865056,19644.0,0.7124916591414122,1.9754127115929243,1
TX000285,AC00451,-0.021138176874655787,16715.5,0.6085131690344902,-0.23946566619451048,0
TX000286,AC00033,-0.7833956490946558,5186.0,0.18821527081032163,-2.6558024270513547,0
TX000287,AC00087,-0.06868395674494898,13081.0,0.47469046615756894,-0.18459290223345234,0
TX000288,AC00159,-0.7608603924672105,5329.5,0.192830119009106,-2.5531389843631604,0
TX000289,AC00177,-0.010696933003109137,14711.0,0.535567735244756,-0.05622794875021866,0
TX000290,AC00093,-0.17064845014395738,13220.0,0.4807069733434837,-0.5434196411660216,0
TX000291,AC00427,-0.6187973802159735,6050.0,0.219717048425675,-2.0742053140883594,0
TX000292,AC00284,0.7491229676810186,18338.0,0.6644155287983812,2.3701289360566165,1
TX000293,AC00189,-1.1250918278465838,1822.0,0.06602157196738677,-3.8047222248530557,0
TX000294,AC00495,-0.3957282437544795,9693.0,0.3534728104884609,-1.3497139603954245,0
TX000295,AC00148,0.06109215970308693,15747.0,0.5716003950095631,0.22798957719351684,0
TX000296,AC00272,-0.002539367905843748,15438.5,0.5606462833519837,0.028699480808768,0
TX000297,AC00381,-0.4725985064283977,9932.5,0.36051943480317256,-1.5969721222177153,0
TX000298,AC00110,0.1700946086911428,16444.0,0.5968711776086999,0.616495121976318,0
TX000299,AC00495,-0.3601518230195428,10355.5,0.37660671513846555,-1.1987533829555643,0
TX000300,AC00035,-0.2623419275090125,11020.5,0.4005089400263339,-0.8787728495026913,0
TX000301,AC00119,0.41589541790140977,19939.0,0.7240112647393336,1.438956624941018,0
TX000302,AC00488,-0.13160426314899148,14146.0,0.5137879394559736,-0.40876167749749365,0
TX000303,AC00466,-0.4450159707076469,8508.0,0.3113186294764014,-1.5821617431938202,0
TX000304,AC00489,-0.5189317504779885,7807.0,0.2828967018413047,-1.7390190824808442,0
TX000305,AC00306,-0.4215555047980787,9794.5,0.35551528124844817,-1.409374693964786,0
TX000306,AC00431,-0.7166428036514141,5188.0,0.1882064417945478,-2.391406910614255,0
TX000307,AC00233,-0.37314196752659123,10939.0,0.3970026003711442,-1.2703015946041538,0
TX000308,AC00389,0.23046257972787015,17833.0,0.6468373501236906,0.8501275697550453,0
TX000309,AC00067,-0.0771125317694986,14981.0,0.5440197851915529,-0.23978615812011136,0
TX000310,AC00300,-0.32374111425228874,12390.0,0.4504058213407376,-1.104921824463344,0
TX000311,AC00386,-0.8352206068221106,3495.0,0.12674796432426752,-2.8076038338509655,0
TX000312,AC00285,3.106075682729474,22982.0,0.8352774444380696,10.45716099502674,2
TX000313,AC00219,0.383064633289126,19493.0,0.707956739148567,1.3107915094544924,0
TX000314,AC00445,0.14687097221512116,16475.0,0.5984339134006741,0.5244343115221815,0
TX000315,AC00371,-0.17144624294302335,13535.5,0.4908041401273885,-0.5527359604933569,0
TX000316,AC00164,-0.30760762437723344,10277.0,0.37190628876630993,-1.0205003378781012,0
TX000317,AC00200,-0.36526076466655943,11424.5,0.41499542638903025,-1.2318051577894482,0
TX000318,AC00310,-0.4316679069637541,7733.0,0.2799103851885636,-1.580262647250331,0
TX000319,AC00106,-0.6114974446022977,7135.0,0.2588422442309463,-2.055583457596939,0
TX000320,AC00444,-0.0691283388362979,13627.0,0.4952755122998736,-0.19344712708844697,0
TX000321,AC00441,-0.41196917154563634,8881.0,0.3227690192066349,-1.3816763824743907,0
TX000322,AC00300,-0.3426278065152458,10436.0,0.3792763774831532,-1.145329382558915,0
TX000323,AC00194,-0.691788975141618,6076.0,0.2203513815692096,-2.3409281222902574,0
TX000324,AC00248,0.16715049814123717,19599.5,0.7113071397026315,0.5685029103143017,0
TX000325,AC00286,-0.8043570025081058,4873.0,0.17653315708247372,-2.720470190027986,0
TX000326,AC00049,0.07136545917889897,16903.0,0.624860668789809,0.21035453574964047,0
TX000327,AC00471,0.4214127337728464,21584.5,0.7840026339997503,1.4491409353791471,0
TX000328,AC00434,-0.015854921881125184,15839.0,0.5753508283243988,-0.034319865044521454,0
TX000329,AC00264,-0.9721265733493345,4190.5,0.15312956065371117,-3.295033870222352,0
TX000330,AC00316,-0.8218549542553528,4745.0,0.17206823641946706,-2.7586345352492323,0
TX000331,AC00087,-0.5527447783052746,6552.0,0.2380865841387726,-1.8546484469229296,0
TX000332,AC00140,0.008344817070756995,15816.0,0.5741289889674065,0.057056486028870194,0
TX000333,AC00418,-0.3102006644243278,13066.5,0.475196567640265,-1.0625643283090838,0
TX000334,AC00187,-0.3169005998682526,11651.0,0.4232272481386144,-1.0726836053936617,0
TX000335,AC00077,-0.1351312850493305,12506.0,0.45451269980092823,-0.4552701319420082,0
TX000336,AC00141,-0.6263305982262335,6270.0,0.2274517785072949,-2.118306183808797,0
TX000337,AC00332,-0.8796880595334772,3746.0,0.13553000250225758,-2.9576935535294564,0
TX000338,AC00439,0.5567331835098186,19947.0,0.7248278130991977,1.907554636901762,0
TX000339,AC00055,1.0299429566651177,21813.0,0.7927178518962436,3.495772951246341,1
TX000340,AC00299,0.27765881140037735,18710.0,0.6796349440029469,0.9540297055650676,0
TX000341,AC00107,1.104339112454358,24472.0,0.887909377053575,4.082651476723654,1
TX000342,AC00171,0.04221583831699323,17964.5,0.6519824816657803,0.15803300838478523,0
TX000343,AC00493,0.5363015504873824,21129.0,0.7676175627143372,1.8382040917435083,0
TX000344,AC00232,-0.5386641806666245,9052.5,0.3292838535200593,-1.8254867738694165,0
TX000345,AC00156,-0.07909676503880107,14223.0,0.5148791214327763,-0.2426240058544987,0
TX000346,AC00442,0.11626295976595574,16212.5,0.5890384695585179,0.4285319076072798,0
TX000347,AC00375,-0.34902334018034936,10507.0,0.3808481532230186,-1.1564193911766623,0
TX000348,AC00034,-0.4755198899263184,9754.5,0.35407099890701005,-1.5947092608416966,0
TX000349,AC00376,0.18107152611044997,17112.5,0.6205802037435508,0.6675044174350585,0
TX000350,AC00029,-0.6138337980610155,8129.0,0.2949691605191003,-2.0660051824717693,0
TX000351,AC00040,-0.7705641631015053,5109.5,0.1860566367199308,-2.603572405862039,0
TX000352,AC00482,-0.4090071238244645,10145.0,0.3677855189195261,-1.353832133130205,0
TX000353,AC00365,-0.2900990229838517,12310.5,0.44829606323527926,-0.9961927813062091,0
TX000354,AC00340,-0.16439075378656082,14951.5,0.5423754337366998,-0.5539934257319189,0
TX000355,AC00349,-0.2049412874920067,14295.0,0.5200867943476943,-0.7363411582131396,0
TX000356,AC00374,-0.781414278460401,7344.5,0.26567658043600995,-2.6521572760336536,0
TX000357,AC00261,-0.46163995384594525,12651.0,0.46122531310763504,-1.6431342851239206,0
TX000358,AC00459,0.40253827575031,18209.0,0.66228770586372,1.3563680156535822,0
TX000359,AC00331,-0.24844818800839696,14120.5,0.514472700442162,-0.9458671498252692,0
TX000360,AC00165,-0.674305703059188,7234.0,0.26359677469123155,-2.3554737038543645,0
TX000361,AC00397,-0.8337020319349082,3603.0,0.13103268869264034,-2.8095408129870876,0
TX000362,AC00192,0.09011524121781378,17204.0,0.6246556081185001,0.3230946128245625,0
TX000363,AC00063,0.3288462601953357,19215.0,0.6975462447574329,1.1664297328753463,0
TX000364,AC00478,-1.0678711832169714,1948.0,0.07039588221936266,-3.598128002633535,0
TX000365,AC00272,0.11625616191450884,18039.0,0.6558371003800635,0.3688873618154037,0
TX000366,AC00092,-0.558007865554984,6914.0,0.25149394178852114,-1.862759972995723,0
TX000367,AC00332,-0.1524429636024192,12753.0,0.4640432757974801,-0.5125606644438353,0
TX000368,AC00087,-0.536097071051737,6391.0,0.2314346590155762,-1.7868493988233587,0
TX000369,AC00327,-0.84185870657201,3499.0,0.12695073035547003,-2.822393600094644,0
TX000370,AC00269,-0.2980520797530784,10012.0,0.3633816179047859,-0.9882763627156606,0
TX000371,AC00177,-0.08509222917329035,9878.0,0.36122200448670694,-0.8345406635062651,0
TX000372,AC00322,-0.06621204549679659,12693.0,0.46160836583295045,-0.21944423800746274,0
TX000373,AC00069,0.9790709296334821,24547.5,0.8915134686786296,3.3370339295818825,0
TX000374,AC00264,0.23118087071601523,17268.0,0.6277755653342345,0.7910437084653048,0
TX000375,AC00014,-0.3638913619443275,11525.0,0.41801930402525983,-1.2785629972072299,0
TX000376,AC00316,1.2374885645518878,25598.5,0.9297877341888902,4.18010931442174,1
TX000377,AC00131,-0.22668415237306194,14077.0,0.5108847903238325,-0.7506038582042731,0
TX000378,AC00232,-0.8473409302910262,5079.5,0.18375446332360557,-2.863242026122193,0
TX000379,AC00410,-0.7119190712980321,5101.0,0.18573576376952808,-2.4032194451310604,0
TX000380,AC00488,-0.5835557805000284,8573.0,0.3108021471202101,-1.989063251232626,0
TX000381,AC00329,-0.44626246419059973,9700.5,0.3516212031616193,-1.4801432735407054,0
TX000382,AC00021,-0.7490286325633907,4884.0,0.17690804372152716,-2.518004980738159,0
TX000383,AC00188,-0.3754738732237289,11013.5,0.39950484288088434,-1.231738772581693,0
TX000384,AC00341,-0.1522702522669347,12401.0,0.4508254557218531,-0.49534391360079705,0
TX000385,AC00090,-0.2905197801920454,10396.5,0.37754027055720313,-0.9439382240379891,0
TX000386,AC00456,0.27190649819332635,17597.0,0.6401228986942459,0.8933641567233852,0
TX000387,AC00322,-0.378264154210494,10173.0,0.36887838835326864,-1.2639933771621366,0
TX000388,AC00135,1.64790991145191,23675.5,0.8944665605095541,5.4934473540755215,1
TX000389,AC00279,-0.23989273470831893,14586.5,0.5294660868162846,-0.8368177882283062,0
TX000390,AC00210,-0.09938057034635384,15494.5,0.5624955854921131,-0.31709702278191876,0
TX000391,AC00251,0.5908525775586846,19957.0,0.7247786960489884,1.9711407495649391,0
TX000392,AC00116,-0.39025121905363397,9532.0,0.34630545766966053,-1.287867139226701,0
TX000393,AC00131,-0.5593631292731609,8201.0,0.29822450602108747,-1.8937706953411364,0
TX000394,AC00265,0.1076038270108968,15686.0,0.5698237137841609,0.4091530647246456,0
TX000395,AC00326,1.9791549889010824,26262.0,0.9541378432950345,6.806468515241399,1
TX000396,AC00411,-0.39292853359646424,11233.0,0.407355721226328,-1.3432375753740147,0
TX000397,AC00039,-0.6817461311193743,7027.0,0.25708825327475127,-2.3433898652298915,0
TX000398,AC00293,0.7405983419438458,22310.5,0.8102168556939859,2.545610917316602,0
TX000399,AC00306,-0.6396806806518098,7223.0,0.2621280543573272,-2.148060981083023,0
TX000400,AC00285,-0.13814744691814757,10840.0,0.3958941822270285,-0.8773400827378307,0
TX000401,AC00145,2.213363362828573,25703.0,0.9337651455286973,7.823145185444902,0
TX000402,AC00128,0.12571621312689452,17195.0,0.6258794965303474,0.25568616971020425,0
TX000403,AC00292,-0.15375175488095075,13762.0,0.4997435065451633,-0.5042874121786446,0
TX000404,AC00020,-0.45468832125510117,11869.0,0.43258835524536343,-1.6343215644624653,0
TX000405,AC00229,-0.3379806306033774,9943.0,0.36116957278893724,-1.112945448173695,0
TX000406,AC00053,-0.7723129425062812,5484.0,0.19886893979973258,-2.5920813722178173,0
TX000407,AC00401,-0.9541950310317411,3855.0,0.140338169986698,-3.239231421988981,0
TX000408,AC00208,-0.8051040894438356,6481.0,0.23804617557169835,-2.8890956352439505,0
TX000409,AC00177,0.29773067657070373,11242.0,0.4106082643444688,0.12210530905646858,0
TX000410,AC00136,1.5012501663832456,25569.5,0.9287001079249246,5.091258708690968,2
TX000411,AC00029,-0.2829028432409433,12868.0,0.4677609543677894,-0.9541034921885898,0
TX000412,AC00210,0.13207712388614937,17435.0,0.6336916688322365,0.4333706146057732,0
TX000413,AC00421,0.6449394843109932,20699.0,0.7515388100632219,2.2375197880130857,0
TX000414,AC00400,-1.0899582222225328,1991.0,0.07258680399030532,-3.696545414681714,0
TX000415,AC00495,1.4691197304900907,24667.0,0.8964265146251894,4.835297653084066,1
TX000416,AC00301,0.13343415063946648,16360.0,0.5943002465615655,0.4884608429641127,0
TX000417,AC00434,-0.5797839728878555,7666.0,0.27839221633969374,-1.943162843374324,0
TX000418,AC00274,0.5196704060302078,22470.5,0.8163221351681936,1.7547509216538884,0
TX000419,AC00365,0.2838426432114081,17844.0,0.6486491364800709,0.9623619735535482,0
TX000420,AC00480,-0.4716523465550034,7898.0,0.28567124264811167,-1.569216462490314,0
TX000421,AC00318,0.61303317279335,21584.0,0.7837276538514757,2.115455918240379,0
TX000422,AC00235,-0.18094258107128497,15611.5,0.566815987521497,-0.5962951328318786,0
TX000423,AC00333,-0.4718324310955993,8671.5,0.31438508526719916,-1.5915293955429233,0
TX000424,AC00262,0.07618793029024115,15449.0,0.5603285442501833,0.24827381058455336,0
TX000425,AC00267,-0.36957947568730465,9968.0,0.3611412476188777,-1.2165478584440537,0
TX000426,AC00490,0.7964577567456671,22289.0,0.8093559061233955,2.6872215241113775,0
TX000427,AC00229,-0.7832939651705394,4333.0,0.15763529668144718,-2.644346799744106,0
TX000428,AC00196,0.06506628439029546,15580.0,0.5660058123248962,0.2539381944037627,0
TX000429,AC00182,0.9589745938364969,24323.0,0.8834269490248186,3.4802044478344176,0
TX000430,AC00357,-0.40471028210057525,10755.0,0.39029559183212986,-1.3788176839113049,0
TX000431,AC00443,-0.6279050792229902,7150.5,0.2588927323399194,-2.080857640356598,0
TX000432,AC00499,-0.09508238278720757,13602.0,0.49438402277199034,-0.28794580564805566,0
TX000433,AC00285,-0.5894950622969961,11074.5,0.4018317556012722,-2.012623389403384,0
TX000434,AC00475,-0.46938331084216994,7879.0,0.2861139288963501,-1.5879125145840651,0
TX000435,AC00217,-0.8842963254238283,5172.0,0.19044816807263973,-3.0576822553463305,0
TX000436,AC00452,-0.29113067078307836,10594.5,0.38504562702766026,-0.9357272728620205,0
TX000437,AC00357,-0.8772143335751341,3790.5,0.13772880409444552,-2.9697412766045215,0
TX000438,AC00080,-0.8893501892500938,5155.5,0.18660599435328695,-3.0130686117792385,0
TX000439,AC00493,-0.09517859567854724,14946.0,0.5428906956999258,-0.31518074505341936,0
TX000440,AC00420,-0.6231815653008159,6220.0,0.2253058455436914,-2.069959932099187,0
TX000441,AC00040,1.103023499084025,23911.0,0.8688001024045297,3.7034561791303986,1
TX000442,AC00351,0.8389655001319412,21101.5,0.7919984076433121,2.6039033278307766,0
TX000443,AC00070,-0.7714935490672115,4158.0,0.15066233287547,-2.585038300342722,0
TX000444,AC00273,0.16395454601629358,17058.0,0.6199370265176627,0.567318721679189,0
TX000445,AC00280,-0.8550019788153717,4846.0,0.1753157171667887,-2.8899880081203393,0
TX000446,AC00480,0.49684584328196374,19539.0,0.7088077297098972,1.7506640969418912,0
TX000447,AC00122,0.08324920620183493,18503.5,0.6724500988849766,0.27969057398137637,0
TX000448,AC00072,-0.13556468524400342,12393.0,0.4512154390738851,-0.4599818408245387,0
TX000449,AC00093,0.4364190068706949,21047.5,0.7652713497052013,1.3269729201459504,0
TX000450,AC00407,3.105007434435511,25368.0,0.9216895831354589,10.453711355436623,1
TX000451,AC00495,3.464149827819234,25181.0,0.9149502417161535,11.483551300505217,2
TX000452,AC00119,-0.9880297895680116,3025.0,0.10937906044326116,-3.3375540558789583,0
TX000453,AC00271,-0.5230141858537314,6872.0,0.24966901737453878,-1.751668156708362,0
TX000454,AC00235,-0.9294957954321951,2380.5,0.08599830494950406,-3.1177714137425623,0
TX000455,AC00264,2.384807667517088,24930.0,0.9058599413150689,8.42440016725375,1
TX000456,AC00307,-0.10367253920101549,13955.0,0.5072916521023062,-0.35636610855392836,0
TX000457,AC00434,-0.5989950779737171,7299.5,0.2653258304578264,-2.0215548920362116,0
TX000458,AC00290,-0.4647449200402721,9324.0,0.339130963292026,-1.558341369546088,0
TX000459,AC00021,0.10508010970794668,15915.0,0.5781029199272754,0.40524395926564755,0
TX000460,AC00499,0.13217136379648844,16510.0,0.6002259324043321,0.4541530401599316,0
TX000461,AC00148,0.033835189737713094,16294.0,0.5916830008480677,0.15147878473520296,0
TX000462,AC00200,-0.10441892210635119,14357.0,0.5207859439176098,-0.33455448480817773,0
TX000463,AC00074,-0.16798669864478577,12159.0,0.44193656535978754,-0.5495546657872344,0
TX000464,AC00417,1.114136384278748,22722.0,0.8260056218833274,3.6401822515445006,1
TX000465,AC00182,-0.07367448696038027,13482.0,0.49047710795915583,-0.25190380600990386,0
TX000466,AC00177,0.5966276280453603,18600.0,0.6768390387859567,1.6337990101201352,0
TX000467,AC00063,1.070177728229837,24530.0,0.8911884072190372,3.952917824842792,0
TX000468,AC00300,0.1039252544383842,15552.0,0.5656719971824291,0.34989230450382536,0
TX000469,AC00218,-1.1464326474114064,2483.0,0.08968788434845117,-3.899028184396834,0
TX000470,AC00036,-0.37479647570058455,10164.0,0.36830408046373253,-1.2336481399456132,0
TX000471,AC00371,0.6877137629254281,20047.5,0.7500398089171975,2.168517599255945,0
TX000472,AC00398,-0.04562729469270958,15697.5,0.5714978066675762,-0.2168188353085575,0
TX000473,AC00213,0.16715027159812607,17254.0,0.6267021016552989,0.47610067486306684,0
TX000474,AC00464,0.02988090909931911,15202.0,0.5516299447912303,0.15149913870997864,0
TX000475,AC00219,0.2870568976319588,19348.5,0.7023709704130943,1.019829471903158,0
TX000476,AC00464,0.5438777205239597,18625.0,0.6776758366290975,1.5520689731507746,1
TX000477,AC00442,1.6965848897495075,25870.0,0.9393514415944637,6.17389993626773,2
TX000478,AC00054,0.4405164554805836,19497.0,0.7088820983478833,1.4763321272089824,0
TX000479,AC00392,0.751545331775546,22405.5,0.8137195341702799,2.5801885193999836,0
TX000480,AC00350,0.7054975385978988,20065.0,0.7507364649681529,2.2269145807935518,0
TX000481,AC00306,-0.3623117695847268,10017.0,0.3638211100381028,-1.2210682038313798,0
TX000482,AC00229,-0.5768374779341654,8637.5,0.31351592441060744,-1.9087386358226288,0
TX000483,AC00148,-0.7599020959702361,5866.0,0.21376246488281578,-2.5870725107374173,0
TX000484,AC00305,-0.16989043738684076,12587.0,0.45719548513663816,-0.5410501066072927,0
TX000485,AC00329,-0.7498320852697965,6540.5,0.23729915947769833,-2.528341596760164,0
TX000486,AC00400,1.3086136289259112,23501.0,0.8540086383331397,4.584064571822985,1
TX000487,AC00148,0.8814664189755441,22825.0,0.8287636497186527,3.0174881386766756,0
TX000488,AC00128,0.21158720438400744,17142.0,0.6230134413177206,0.5560474977453539,0
TX000489,AC00463,-0.7251417440536818,5399.0,0.1956038612871825,-2.4565412731529426,0
TX000490,AC00256,-0.3207922242750766,10686.0,0.3894955865769068,-1.0949063082218564,0
TX000491,AC00166,0.41744235861911577,20147.0,0.7321569508520934,1.3963654382311874,0
TX000492,AC00318,0.19892824756846123,17004.0,0.6190384858304241,0.31062177060942103,0
TX000493,AC00213,-0.9767682404354324,2528.0,0.09153354037626432,-3.2838780742520064,0
TX000494,AC00075,-0.4097552381721974,10380.5,0.37670268925191164,-1.3589909215803997,0
TX000495,AC00498,-0.17340315951980423,14501.0,0.528203191029286,-0.6544393937543177,0
TX000496,AC00039,-0.4804565479894554,8354.0,0.3023097488726582,-1.6511982679333512,0
TX000497,AC00114,-0.34306621768664375,11526.0,0.41837370011575953,-1.122099667840854,0
TX000498,AC00326,-0.21318952518843404,11520.0,0.41802563198878373,-0.6536056690669667,0
TX000499,AC00450,-0.23339902870279156,11383.0,0.412925082456378,-0.7608378456893042,0
TX000500,AC00325,-1.0317923721956976,3275.0,0.11862044850676937,-3.4985534456804963,0
TX000501,AC00433,1.120349037944541,22044.0,0.8012732887137575,3.6904605166068882,0
TX000502,AC00284,-0.6510626198386382,7940.0,0.29071966181434405,-2.2676039744340764,0
TX000503,AC00103,-0.5122217054171104,7406.0,0.26852872919546394,-1.7130258249044479,0
TX000504,AC00080,-1.1598131669179135,3073.5,0.1110596922223181,-3.9173231228159326,0
TX000505,AC00052,0.8588497697324163,23090.0,0.8385893197475371,2.923326730984899,0
TX000506,AC00095,0.9056592435933802,22799.0,0.8281790362885203,3.0639870062567436,1
TX000507,AC00327,-0.40495368810772464,11088.0,0.4024379895734446,-1.3664882234334115,0
TX000508,AC00491,1.4298763496154938,22621.5,0.8525079617834395,4.454717401008655,1
TX000509,AC00353,1.7107189523195288,25233.0,0.9168901241341537,5.741054762867153,1
TX000510,AC00266,-0.3431900533646819,11126.5,0.4040401244716452,-1.1574733820612537,0
TX000511,AC00167,-0.8340743144731801,4458.0,0.1616634974618237,-2.82111538080724,0
TX000512,AC00153,1.4585237346755957,22892.0,0.8318977092530978,4.9479907526796225,1
TX000513,AC00012,2.0942368302342254,25842.0,0.9387607412660844,7.382501555143456,1
TX000514,AC00469,0.4689813205919124,19262.5,0.7187898089171973,1.4605918183804045,0
TX000515,AC00127,-0.13032779871487113,14531.0,0.5304339171974523,-0.42778159490026774,0
TX000516,AC00480,0.5592073985629166,22480.5,0.8163310244502869,1.914845788032113,0
TX000517,AC00092,0.15654529757241314,16934.0,0.6151428709524539,0.5685435570449937,0
TX000518,AC00122,-0.5516505334622842,7405.0,0.268212451551906,-1.8665295568293658,0
TX000519,AC00067,-0.2527738186637538,12855.0,0.46839426298389636,-0.901829328599764,0
TX000520,AC00014,-0.24919074746686123,13829.5,0.5014670479435445,-0.8354962053895238,0
TX000521,AC00098,-0.8630001517488799,3646.0,0.13208005705532977,-2.911764685392561,0
TX000522,AC00345,0.045102335211574474,15937.0,0.5787681696925984,0.17543720938135182,0
TX000523,AC00360,-0.005693976915026409,17117.5,0.6214373414694472,-0.014867541586310375,0
TX000524,AC00043,-0.7013036268249682,4684.0,0.17011753619715667,-2.359590757545236,0
TX000525,AC00295,0.3632135239766932,18751.0,0.6815645510135107,1.2231485034998923,0
TX000526,AC00313,0.9776224777102344,22273.0,0.8090884441984506,3.4772135352987394,0
TX000527,AC00173,-0.8866924375710021,4032.0,0.14619686981558988,-2.9898397170556645,0
TX000528,AC00364,-0.1262941257483299,12525.5,0.45059713375796184,-0.39740247913613647,0
TX000529,AC00339,-0.33736672119301364,10739.0,0.38932376730065227,-1.1151219522855476,0
TX000530,AC00265,0.594865411450033,20758.0,0.7540270255871507,2.024878820535031,1
TX000531,AC00369,-0.9637919623483351,2549.5,0.09234477023345242,-3.254777558002957,0
TX000532,AC00033,-0.7237575013118498,5554.0,0.20232204922842234,-2.4313826775723784,0
TX000533,AC00077,0.8228891694437204,22038.0,0.8006451328679488,2.7863999840324962,1
TX000534,AC00437,-0.341912125262649,9990.0,0.3632815155484693,-1.154358452118048,0
TX000535,AC00152,0.028459157842797768,17538.5,0.6368821225749436,0.05456468302233953,0
TX000536,AC00161,0.4880016274834801,21048.0,0.763877404806938,1.6882102810338002,0
TX000537,AC00125,0.07023895952398906,16471.5,0.5976973535130685,0.2974143291743589,0
TX000538,AC00311,-0.7951398957147534,3965.0,0.14415332932843553,-2.6819560739379824,0
TX000539,AC00183,-0.6632734385049175,6460.0,0.234851578519541,-2.2478022161244104,0
TX000540,AC00407,-0.6428036345138384,7090.0,0.2592472338964779,-2.199966168753137,0
TX000541,AC00093,-0.1477934464689908,10334.0,0.3745226606181781,-0.622191548724308,0
TX000542,AC00314,-0.20333700113265535,12760.0,0.46254315671123325,-0.6504208962170468,0
TX000543,AC00467,-0.18728683047913525,14193.5,0.5143866100050768,-0.5809885234699618,0
TX000544,AC00316,-0.04451791392801801,14029.0,0.5084283954164811,-0.20118029784918465,0
TX000545,AC00145,-0.44499666123388604,10211.0,0.36946140472594013,-1.4995220256987838,0
TX000546,AC00045,-0.00094906628094861,14778.0,0.5369334303058588,0.02815256747424347,0
TX000547,AC00005,-0.43319489719100746,10880.0,0.3961253035614502,-1.4952718767840958,0
TX000548,AC00456,1.0734719101581074,23496.0,0.8539785051735019,3.6976579176523097,0
TX000549,AC00041,0.5841249523643219,21163.0,0.7683027606313403,1.9449951573027544,0
TX000550,AC00257,0.33589740318733957,19054.0,0.6911246876396672,1.177076811606641,0
TX000551,AC00356,-0.6134653807003443,5638.0,0.2044372162360357,-2.05176460725514,0
TX000552,AC00465,0.45508012504865564,18718.0,0.6810216117431575,1.612278556453847,0
TX000553,AC00158,-0.6292110137887958,7323.0,0.26670000800336724,-2.1409483549517785,0
TX000554,AC00086,-0.7114328113659434,6918.0,0.2513552991210278,-2.4299935943235758,0
TX000555,AC00322,-0.7116138864454119,6243.0,0.22622936662026963,-2.405326483716836,0
TX000556,AC00433,0.43178841221958625,20543.0,0.7462495064188451,1.4799822277561947,0
TX000557,AC00083,0.6838821981256141,22206.0,0.8067764172589237,2.317026571511292,0
TX000558,AC00402,-0.7152199783003578,6500.0,0.23533627039231442,-2.4276773606386577,0
TX000559,AC00317,-0.6987707201360157,6095.5,0.22112503537632938,-2.355201835056592,0
TX000560,AC00030,0.40917995493912235,19156.0,0.6964070907904869,1.4091405529348684,0
TX000561,AC00114,1.0060417502798376,22532.0,0.818561074129019,3.4649048759611136,1
TX000562,AC00301,-0.2928167999180731,12686.0,0.4615721457750659,-1.0166992317699273,0
TX000563,AC00216,-0.2674947267380729,14038.5,0.5100466816882476,-0.9083310940379101,0
TX000564,AC00223,0.34175574334805364,19950.0,0.7461584394904459,1.0621019263479032,0
TX000565,AC00413,0.6222489349039396,20750.0,0.7523204943573851,2.43085111856054,0
TX000566,AC00086,0.3456924138633536,19195.0,0.6979146226340045,1.1692128151816996,0
TX000567,AC00216,-0.34549342048337167,12246.0,0.44413212763731436,-1.2094743356656978,0
TX000568,AC00240,0.6374316345447936,19074.5,0.7113057324840765,2.0171035432027278,0
TX000569,AC00298,0.2887445481140974,18032.0,0.6552291036180523,1.0101430169960681,0
TX000570,AC00460,0.3216765891499011,16992.0,0.6158331613734357,1.154984005868777,0
TX000571,AC00424,-0.46668906477427213,9424.0,0.3420008454159268,-1.561046658559195,0
TX000572,AC00434,1.016421270259534,21570.0,0.7838458059704155,3.4532709748733503,1
TX000573,AC00471,-0.2327458532810675,12680.0,0.46014350254347974,-0.7512575309421968,0
TX000574,AC00461,-0.15360059530727327,13806.5,0.5005750160187877,-0.48223023013008026,0
TX000575,AC00188,0.12648879179612024,17505.0,0.6358537230362461,0.45117407572864193,0
TX000576,AC00013,-0.8467824491729238,3114.0,0.11271597640838774,-2.836949458469794,0
TX000577,AC00345,0.6052281288235021,21206.0,0.7702749156633129,2.024223600637561,0
TX000578,AC00013,-1.0103007683667333,3555.5,0.12848334805438627,-3.42488697213625,0
TX000579,AC00296,-0.2613204964182268,11115.0,0.4047244033272794,-0.8945610993013782,0
TX000580,AC00192,-0.10860437160741178,12735.0,0.462041138271668,-0.3316853173188214,0
TX000581,AC00378,0.07855935513368932,17228.0,0.6261870958239298,0.2569974805503538,0
TX000582,AC00205,0.47715724699807555,20683.0,0.7512133418059743,1.6369613788376454,0
TX000583,AC00475,-0.7811799551729092,4043.0,0.1473921317257815,-2.6432848415867576,0
TX000584,AC00022,-0.10513003105652746,13301.0,0.48317927855912385,-0.3142752197239293,0
TX000585,AC00150,-0.14966482319307434,14622.0,0.5300729837179691,-0.4953279712248519,0
TX000586,AC00362,0.5431500313245193,20772.0,0.7538806989639496,1.854617403928572,0
TX000587,AC00170,-0.6845304108120926,5404.0,0.19581630006262876,-2.299261938012073,0
TX000588,AC00429,0.09974198193952297,17482.0,0.6346467995932745,0.3614949263198178,0
TX000589,AC00418,2.615122446977334,27105.0,0.9845697129442893,9.165590220979114,3
TX000590,AC00144,-0.08619857565190439,12761.0,0.4632240455864082,-0.2786122458896115,0
TX000591,AC00449,0.45118207046071857,20688.0,0.7515765970454076,1.5299080207334022,0
TX000592,AC00057,0.5172369533061659,19733.0,0.7168097107843443,1.7939288313360657,0
TX000593,AC00426,-0.467336345907444,7230.0,0.2623084615840785,-1.558068969781867,0
TX000594,AC00039,2.1570717545651785,26189.0,0.9512556668420015,7.720020589332882,1
TX000595,AC00051,-0.011156432017795023,17468.0,0.6357709472467211,-0.24145208706800786,0
TX000596,AC00471,-0.35977335236712127,11049.5,0.40244677338947904,-1.2350520294337282,0
TX000597,AC00039,0.10448805538599847,16881.0,0.612817103292132,0.3817011305510941,0
TX000598,AC00274,0.5342593832352117,20271.5,0.7365764156437865,1.7820595240875565,0
TX000599,AC00095,-0.4087431632404922,9107.0,0.3306330506762604,-1.3424332388717122,0
TX000600,AC00211,-0.6287458759396466,5967.0,0.2161183054364559,-2.096421092948512,0
TX000601,AC00184,-0.7191563099328664,5284.0,0.19121496658594195,-2.421887645714876,0
TX000602,AC00436,-0.5062208542522085,9079.0,0.3297523186863678,-1.715272082388435,0
TX000603,AC00107,-0.6984591801775011,9305.5,0.33656878592776623,-2.393826507131906,0
TX000604,AC00203,-0.30606997268366565,10475.0,0.37949616874955105,-1.0183588449655228,0
TX000605,AC00398,-0.760930029230242,4531.0,0.16763492544092043,-2.876616598091558,0
TX000606,AC00312,1.10213280667454,23087.0,0.8386928874172122,3.775273460760334,3
TX000607,AC00225,0.10042874636929586,15549.0,0.5643751262579388,0.3812513053807829,0
TX000608,AC00150,0.8984688849212327,22419.0,0.8149489218837614,3.2150709309734564,1
TX000609,AC00413,-0.09705198833801962,14987.0,0.5449694618506967,-0.33863271225141417,0
TX000610,AC00479,-0.5793540389504797,9008.0,0.3270684786900706,-1.9832556634356453,0
TX000611,AC00078,-0.5820669205035037,6493.0,0.23544423750329652,-1.9267503546861164,0
TX000612,AC00242,-0.718128191168219,7434.0,0.27137836183608816,-2.432764191418105,0
TX000613,AC00149,-0.7314474559905886,6374.0,0.23186851624804072,-2.474783591769942,0
TX000614,AC00084,1.140957344738471,22323.5,0.8406449044585986,3.567883678075604,0
TX000615,AC00466,1.381301530424436,24426.0,0.8867600682118311,4.881956202014602,1
TX000616,AC00359,-0.29286690234376817,12667.5,0.4593182306339005,-0.9510484363838502,0
TX000617,AC00023,-0.731060303928829,6625.0,0.2398218925359922,-2.45772951274284,0
TX000618,AC00366,0.31493677866539993,18975.0,0.6895153057165738,1.0597078863694571,0
TX000619,AC00170,-1.1900456402878838,1272.0,0.04584199762116785,-4.0215676732868335,0
TX000620,AC00130,1.074859337425732,23083.0,0.8385414984231919,3.6426959182152134,1
TX000621,AC00183,-0.6484090265892812,5307.0,0.19218655005214244,-2.165475872037262,0
TX000622,AC00219,-0.2805124724848173,10743.0,0.39009831003598133,-0.9169194434763177,0
TX000623,AC00354,0.4702449374636191,21036.0,0.7636138300595866,1.6300445940720896,0
TX000624,AC00290,0.2802889500328223,19089.0,0.6934271623675888,0.954466026284233,0
TX000625,AC00425,-0.2767892421287993,13615.5,0.4941533082352238,-0.9153141531049382,0
TX000626,AC00370,0.903185789163954,22119.0,0.8036461243694336,3.1081237414567826,0
TX000627,AC00454,0.7360480173815437,21394.0,0.7773984850011595,2.6341042588716452,0
TX000628,AC00403,-0.3954836494446492,8902.5,0.32285765589570936,-1.2953774902489545,0
TX000629,AC00358,0.9125375966351955,24039.5,0.8731107563567708,3.102836402993363,1
TX000630,AC00296,0.8510674199367357,22193.0,0.8057640033614143,2.955009858843867,0
TX000631,AC00393,-0.42146803450623793,8521.0,0.3092318479051669,-1.3808643625409018,0
TX000632,AC00223,0.7305098025086622,20277.5,0.7591958598726116,2.2656272706416187,0
TX000633,AC00487,-0.3563945065120421,10798.5,0.3931559368110053,-1.198776362135025,0
TX000634,AC00215,-0.2434183800870674,13129.0,0.4781313113902861,-0.860735997586875,0
TX000635,AC00275,-0.6415312320589205,6877.0,0.24900141722276412,-2.154064029517136,0
TX000636,AC00482,-0.4990973820790201,9302.0,0.33791382470793735,-1.6793539065274965,0
TX000637,AC00357,-1.1028658263742501,3067.5,0.11153531401404061,-3.7590510611406085,0
TX000638,AC00026,0.07796085237614854,15377.5,0.5591513471691946,0.282164263393817,0
TX000639,AC00416,0.1421014908496734,18856.5,0.6847063999697222,0.4844366616390979,0
TX000640,AC00058,0.017249218662951968,16612.0,0.6045802342383083,-0.051848715949047795,0
TX000641,AC00170,-0.613480983859215,7796.5,0.2834630395101168,-2.0464875638685247,0
TX000642,AC00262,-0.5908099241656823,6612.0,0.2399381161327151,-1.9548554627258614,0
TX000643,AC00032,-0.20279932282161983,12519.0,0.45524999795094523,-0.6543092585562529,0
TX000644,AC00131,-0.5672645301189585,7698.0,0.28104519998052196,-1.9225094105165847,0
TX000645,AC00176,-0.3593573626591601,10722.0,0.3901454382976549,-1.2198693534945477,0
TX000646,AC00139,0.032214852738822436,16453.0,0.5972184321403655,0.13564498339324157,0
TX000647,AC00056,-0.39713974926241513,10828.0,0.3928081850822057,-1.3066322528492778,0
TX000648,AC00276,-0.8600755242548848,3929.0,0.14222402364946796,-2.8995344745697453,0
TX000649,AC00447,0.12601941647664325,17649.0,0.6405910775955378,0.41808772325960936,0
TX000650,AC00143,-0.5542302467319455,6361.0,0.2305793292792582,-1.8535818120584715,0
TX000651,AC00139,-0.7808837901498851,5080.0,0.1838090194091297,-2.656479310650046,0
TX000652,AC00208,0.22804942962583347,14830.0,0.536569632669552,0.7124614482251044,1
TX000653,AC00426,-0.5956840798251436,7557.5,0.2743330236046298,-2.0034923133417646,0
TX000654,AC00423,1.1220987835348248,23873.0,0.8672525235918532,3.792494248294649,1
TX000655,AC00381,-0.183271010537867,10871.0,0.39429805889417574,-0.5978485635299926,0
TX000656,AC00458,-0.8097057591471623,5720.0,0.20693079546238005,-2.7055953583703807,0
TX000657,AC00014,0.7135188420722449,21384.0,0.7766902050838739,2.4656824111848192,0
TX000658,AC00071,-0.5130818192231144,8138.0,0.295855045279291,-1.7347074186191398,0
TX000659,AC00054,-0.50295783074976,8888.0,0.32204287032568396,-1.689524152037946,0
TX000660,AC00182,-0.6230532758390963,6473.0,0.23452653212652838,-2.080161438485039,0
TX000661,AC00257,-0.0031147078350295607,14802.0,0.5361546086618612,0.02444759304820913,0
TX000662,AC00006,-0.9648631132969654,5275.0,0.19276534778246465,-3.3231220884672217,0
TX000663,AC00424,-0.6275003084544509,5682.0,0.20658974836159985,-2.1057927781928703,0
TX000664,AC00131,1.5709599353704606,24855.0,0.9030446002101126,5.412875878585718,0
TX000665,AC00133,0.38831226064537516,18989.0,0.6902937657626559,1.3160097155905706,0
TX000666,AC00393,0.32849451032598975,18719.0,0.6810213405447207,0.9294076562282665,0
TX000667,AC00361,1.093679679500301,22751.5,0.8576831210191083,3.423772527496849,1
TX000668,AC00092,-0.11934928206724493,14458.5,0.5251635838837255,-0.3789933921707555,0
TX000669,AC00049,1.2523443455250534,22592.5,0.8513535031847134,3.8949213359701043,2
TX000670,AC00023,1.0030714778582843,23588.0,0.8572698598012561,3.463022079459252,0
TX000671,AC00323,-0.3745642434830239,10835.0,0.393611746050266,-1.2772606972464355,0
TX000672,AC00372,0.7822378098933959,22662.0,0.82254980047027,2.7102732965476273,1
TX000673,AC00497,0.3631562581366183,18851.0,0.6852415498183091,1.2301167475324932,0
TX000674,AC00130,0.007068356456330513,14739.0,0.5348723523197951,0.08455944631545016,0
TX000675,AC00034,-0.09841480923269932,13878.0,0.5043790712911987,-0.31709639590449096,0
TX000676,AC00286,-0.4004925250938595,10076.5,0.3668229603346372,-1.3333199734776477,0
TX000677,AC00232,-0.22196269247003056,13787.0,0.5015332655618484,-0.7837339015844919,0
TX000678,AC00182,0.28842897446415805,18758.5,0.6806062412041306,0.9849766505351136,1
TX000679,AC00136,-0.7036337624960697,5702.0,0.20655780721238381,-2.3829387591767226,0
TX000680,AC00101,0.5712856746597299,20733.0,0.7528985387587163,1.9928181152217082,0
TX000681,AC00328,-0.5540998399010969,8362.0,0.3045913714541106,-1.8846812113391094,0
TX000682,AC00356,0.6072740700001692,21278.0,0.7733960179391136,2.026607236859367,0
TX000683,AC00312,0.9236074682435145,22387.5,0.8136912692665397,3.069115428847706,1
TX000684,AC00242,-0.2853410422539482,12834.5,0.46798714893061033,-1.084878121184257,0
TX000685,AC00123,-0.5910803563478088,6038.0,0.2187855721949524,-1.971849682612245,0
TX000686,AC00071,1.9098344750998277,25405.0,0.9230750154161246,6.455833588968849,1
TX000687,AC00370,-0.9378408806093247,4373.0,0.1583486992358713,-3.1965528011379303,0
TX000688,AC00330,-0.36570595448601334,9358.0,0.34064648042284773,-1.2183763519053512,0
TX000689,AC00218,-0.3180687236200691,12219.0,0.44394388578905736,-1.0870506928309365,0
TX000690,AC00437,-0.32376390382287645,9916.0,0.3598758959793687,-1.0698303042715496,0
TX000691,AC00287,-0.3768791046905122,10461.5,0.36843152866242035,-1.1861191040108658,0
TX000692,AC00418,1.14891411954234,21964.0,0.7985554283802293,3.900317432122547,1
TX000693,AC00465,-0.6651368498412759,5904.0,0.21377204722758059,-2.219332339856825,0
TX000694,AC00011,0.10671264156853093,14923.0,0.5437289098015695,-0.0011515410039980671,0
TX000695,AC00432,-0.09987550023634413,13571.5,0.49402436844513375,-0.4291470925744519,0
TX000696,AC00240,0.8255554267624992,22896.5,0.8634554140127391,2.4896171703585175,0
TX000697,AC00497,0.029172525551904572,15812.5,0.575159136229363,0.08178350218942457,0
TX000698,AC00026,-0.4871624714276641,9386.0,0.34056927926785585,-1.6488082001895725,0
TX000699,AC00277,-0.653061975924372,7619.0,0.27603996163205047,-2.2185966502147583,0
TX000700,AC00116,-0.490253557360798,8219.0,0.2988328342478547,-1.6403957969725675,0
TX000701,AC00367,-0.4885018034188546,8688.0,0.31702901389355626,-1.6762829749513226,0
TX000702,AC00030,-0.5374650818184522,7288.0,0.2643461562382632,-1.7837951804154688,0
TX000703,AC00111,-0.31941662208011007,12016.0,0.4359907505663829,-1.0809382767061244,0
TX000704,AC00220,-0.3630163100154201,10092.0,0.3661342820376959,-1.21338432671038,0
TX000705,AC00295,-0.3547723634326498,11232.0,0.4087812908756311,-1.2213406591688334,0
TX000706,AC00137,0.02909730491766821,14921.0,0.5414638905910777,0.145425220977321,0
TX000707,AC00004,1.3601628588834616,25204.0,0.9153633070684678,4.924564828917294,2
TX000708,AC00442,-0.8350084145486342,3302.0,0.11972353308162907,-2.8285857991454186,0
TX000709,AC00201,-0.7054762029861108,6100.0,0.22102106090899928,-2.3408696492001715,0
TX000710,AC00462,-0.5110471099045919,8236.5,0.29930705484765396,-1.7243468242621358,0
TX000711,AC00390,-0.08904074993884943,14055.0,0.5107498841681344,-0.2844390647179823,0
TX000712,AC00297,0.1499357799606012,15480.0,0.5624216236517822,0.5504581795979225,0
TX000713,AC00173,-0.07319020520345465,15178.0,0.5506503459045661,-0.21980638496754853,0
TX000714,AC00382,-0.5693944063749745,6784.0,0.24681411143097795,-1.9259764815960465,0
TX000715,AC00175,0.7684573235050103,23108.5,0.8393533008104135,2.6034231680857136,1
TX000716,AC00035,0.04006159282759488,16007.5,0.5805356452377313,0.18459986958751848,0
TX000717,AC00219,0.06714966447183553,17660.5,0.6406873982403198,0.2747697812854413,0
TX000718,AC00416,-0.7248461406953347,6697.5,0.24263791163704054,-2.438718278393202,0
TX000719,AC00467,1.297847533691565,22559.0,0.8196857039130198,4.391083205982661,2
TX000720,AC00465,-0.0545486087384266,15907.0,0.5775962911142858,-0.16754055437711388,0
TX000721,AC00102,-0.5714880310152575,7657.5,0.2785917430562352,-1.9354881983179426,0
TX000722,AC00119,-0.5832861188512722,8324.0,0.30272227182809924,-1.9721368481124228,0
TX000723,AC00418,-0.4912119841087052,8328.0,0.30267809661607026,-1.635309890941303,0
TX000724,AC00237,0.053216127077377676,16708.0,0.6069440600792527,0.18273359924870325,0
TX000725,AC00279,-0.5541683096005019,8268.5,0.30043695793459124,-1.8502024905827517,0
TX000726,AC00067,0.0953669188111996,16112.0,0.584847835981114,0.299524497345344,0
TX000727,AC00043,-0.0757066491005003,15185.0,0.5517190786774387,-0.25906445339351664,0
TX000728,AC00012,-0.6984562248431,5417.0,0.19657182877422646,-2.3593160073447224,0
TX000729,AC00244,-0.5212872358748455,8956.0,0.3275201144867214,-1.8423630589821705,0
TX000730,AC00395,-0.18591885671566208,10973.0,0.3972370062199663,-0.5556360541094832,0
TX000731,AC00253,0.07666031506381421,15500.0,0.5635365505583795,0.12623072015578743,0
TX000732,AC00394,-0.40499195736251153,11226.0,0.4064792380119444,-1.359442540301759,0
TX000733,AC00457,-0.40962686201806225,9202.5,0.3335754181156699,-1.3790504118522446,0
TX000734,AC00046,-0.2711816532357558,10883.0,0.3959305830838709,-0.9022134672294543,0
TX000735,AC00011,-1.0246013065764676,2723.5,0.0998632647615117,-3.4763281119673177,0
TX000736,AC00045,-0.06682386183213859,16013.5,0.5808141057659438,-0.20977997836847498,0
TX000737,AC00181,-0.7996719820710382,5837.5,0.2117416297314484,-2.7048746741631517,0
TX000738,AC00149,0.6337052147036955,21481.0,0.7806679930881764,2.1169440062658342,1
TX000739,AC00288,0.3609043152554831,19213.0,0.697755609950596,1.2265983963909817,0
TX000740,AC00014,-0.3123044548796304,12117.0,0.4412021599930958,-1.0764200860065243,0
TX000741,AC00153,-0.19012843318450984,12041.0,0.4377059300129646,-0.6194543034152501,0
TX000742,AC00164,-0.30784123493049514,11056.0,0.40209531528204395,-1.0208766569391303,0
TX000743,AC00159,-0.7332583614465747,6028.0,0.21879657079822012,-2.4685234970247896,0
TX000744,AC00360,-0.7421291299068702,4924.5,0.17825606568450245,-2.4861187296655505,0
TX000745,AC00326,-0.5546998908717325,7401.0,0.2696040309971376,-1.8831851625517932,0
TX000746,AC00110,-0.1793866411080313,13089.5,0.4752582803512031,-0.5751615159445492,0
TX000747,AC00110,-0.5016006616700983,7707.0,0.28087039752146326,-1.6971337058871987,0
TX000748,AC00257,-0.12904190832829407,13646.0,0.4942080149865461,-0.3929440711000663,0
TX000749,AC00145,-0.8348158800284193,3546.5,0.1291520329999079,-2.823914615831285,0
TX000750,AC00455,-0.01873550514468378,14083.5,0.5118658205355795,-0.06303711540372844,0
TX000751,AC00282,-0.42395892606498053,11253.5,0.4098924963370131,-1.4825046722429869,0
TX000752,AC00045,0.26260151834669043,18686.5,0.6784811905201562,0.9392702851960726,0
TX000753,AC00390,-0.8724426190247863,5396.0,0.1966438168926011,-2.972314811763609,0
TX000754,AC00032,1.5577238687281116,26055.0,0.9461344158289244,5.533197167428249,1
TX000755,AC00153,2.385973453882357,24843.0,0.9026650127981557,8.455042135663938,2
TX000756,AC00460,1.0525494209737056,23453.0,0.8513053021825567,3.628045158412369,1
TX000757,AC00154,0.025943914812130667,14516.0,0.5284891547142485,0.0371029162809837,0
TX000758,AC00190,-0.11836358403577055,13855.0,0.5034770954237614,-0.3913002266450694,0
TX000759,AC00156,0.6608366592944811,20201.0,0.734132751996382,2.261989018918463,0
TX000760,AC00005,1.4895064972160892,22992.0,0.835594595943257,5.017123288086051,2
TX000761,AC00126,-1.2460701796449893,1923.0,0.06939832396955443,-4.2273707401482,0
TX000762,AC00201,0.07160540305041005,17581.0,0.638653877028745,0.22303180807834347,0
TX000763,AC00165,-0.27871333384086777,13708.0,0.4984521801220465,-0.9477782323295214,0
TX000764,AC00420,0.39515395075011295,20062.0,0.7279571417275797,1.3842802126654663,0
TX000765,AC00329,-0.16538145529556544,14074.0,0.5101862132839504,-0.5268644816712502,0
TX000766,AC00037,0.2674240703104956,17775.0,0.6595740445859872,0.8398489365953263,0
TX000767,AC00293,-0.030216684536299387,15393.0,0.5591753180976864,-0.07871286470151895,0
TX000768,AC00481,-0.8044700232824359,4390.0,0.15887608979585147,-2.7325769544187257,0
TX000769,AC00233,-0.15850808741730346,14722.0,0.5360718931386554,-0.6565970638515513,0
TX000770,AC00235,0.7735008325573337,22528.5,0.8182670196906939,2.625429643051249,1
TX000771,AC00324,-0.38279158950895986,9874.0,0.36045409104649806,-1.3247778733994984,0
TX000772,AC00029,0.1800611777938209,18380.0,0.6676193465973878,0.6422325550404536,0
TX000773,AC00093,1.948814877654551,26429.0,0.9601898473430026,6.598818948724787,2
TX000774,AC00141,-0.8447866843921228,4419.0,0.15993056958421542,-2.824229034940696,0
TX000775,AC00061,-0.5950739163165043,6560.0,0.23803635216165642,-1.9804702825626925,0
TX000776,AC00092,-0.6206701988970899,5890.5,0.21367461165589183,-2.0534092780763897,0
TX000777,AC00354,-0.7301575498269819,5385.0,0.19534745823182478,-2.465841335581851,0
TX000778,AC00358,-0.047106327760213354,14953.0,0.5433777078259913,-0.15986926453007896,0
TX000779,AC00078,-0.040575859599382154,14715.0,0.5350346495176043,-0.12090562332616328,0
TX000780,AC00013,-0.47424628982602857,7547.0,0.2734293150805133,-1.5595992782785666,0
TX000781,AC00030,0.837048824783987,22643.0,0.8225682118308089,2.865133424813423,0
TX000782,AC00074,-0.5722064793528485,5668.0,0.20503566078644167,-1.89728294869935,0
TX000783,AC00399,0.2105111901625419,17918.0,0.6508581682799558,0.7118153349132933,0
TX000784,AC00323,-0.536318356879997,7977.0,0.2897102612327982,-1.8023358617245548,0
TX000785,AC00107,-0.5113162910262817,9107.0,0.3298143327289023,-1.7279022910104678,0
TX000786,AC00211,-0.09977472534507156,13896.0,0.5046194736387888,-0.33489561975529264,0
TX000787,AC00297,0.257673381288974,18297.0,0.6643901868111258,0.8756729943506766,0
TX000788,AC00102,-0.9073822773474695,3635.0,0.13196371292596837,-3.0815867888590343,0
TX000789,AC00196,-0.5172029875832629,7971.0,0.28964062350087527,-1.73608391042348,0
TX000790,AC00342,-0.2233389641173663,12819.0,0.4658815793343416,-0.7618173129589176,0
TX000791,AC00027,-0.11502963571884861,13711.0,0.4968321611936009,-0.3461781642392207,0
TX000792,AC00339,-0.3124638697679025,10386.0,0.3768089237062147,-1.0265974138228804,0
TX000793,AC00468,0.829383125150472,21036.0,0.7649860941494904,2.674747717646354,0
TX000794,AC00262,1.2554347729710509,24209.0,0.8795117777262433,4.6319424962397955,0
TX000795,AC00425,-1.189719520567406,2298.5,0.0830091859129166,-4.026201275298409,0
TX000796,AC00161,-0.6438309576298373,6449.0,0.23332153720577378,-2.1751354089641515,0
TX000797,AC00417,-0.15635803660607023,12209.5,0.4436415145986721,-0.5077080940154777,0
TX000798,AC00208,-0.8667292122426377,3065.0,0.11087140517432154,-2.913386845999873,0
TX000799,AC00304,0.11202195518241995,15402.0,0.5581204767114069,0.4542483643542298,0
TX000800,AC00166,0.26864097249800195,17290.0,0.6283463476440931,0.9406505362994487,0
TX000801,AC00279,-0.3320240922734389,11134.0,0.4042237107467383,-1.1168352356359796,0
TX000802,AC00114,-0.9038658642578312,4089.0,0.14804590075728247,-3.071878827768502,0
TX000803,AC00411,-0.5134183032731816,7704.0,0.2801453033010997,-1.710395432593245,0
TX000804,AC00380,0.04391394018905492,16154.0,0.585827525267257,0.15030712679209005,0
TX000805,AC00272,0.603079393815432,21828.5,0.7929953933630873,2.0549652073667124,1
TX000806,AC00202,0.6816945507586177,21275.0,0.7724272971230787,2.346731929391501,0
TX000807,AC00053,0.10326152956537064,17019.0,0.617746677276753,0.39573487373317556,0
TX000808,AC00316,0.2640033265865611,18497.5,0.6729886989803421,0.6935207926356526,0
TX000809,AC00422,-0.7022318231734537,5708.5,0.2064715209097611,-2.3525336791514966,0
TX000810,AC00083,-0.30520928379081624,12840.5,0.46805181469119306,-1.0809073208839746,0
TX000811,AC00125,0.008380737413783477,14911.0,0.5418941921107048,0.030073057618010688,0
TX000812,AC00227,-0.5748591153423993,10327.0,0.37591671098250007,-1.959651474694318,0
TX000813,AC00292,0.4465421002392246,19775.0,0.7181523539783244,1.5257665667250673,0
TX000814,AC00319,-0.2129207520641255,12290.0,0.4464255322841852,-0.6744138916166971,0
TX000815,AC00431,0.3388317799086931,19755.0,0.7174766178734475,1.1909621309346787,0
TX000816,AC00365,-0.8251961764767825,4562.0,0.16552337441246365,-2.7752975603324876,0
TX000817,AC00050,-0.4800082650724221,9725.5,0.353788832000162,-1.6317732662878164,0
TX000818,AC00129,-0.6078095934318066,8067.0,0.2925265063325438,-2.081535421746052,0
TX000819,AC00366,-0.9866037957746346,2422.0,0.08777033060174232,-3.3403345176992243,0
TX000820,AC00452,-0.8939758502130519,3415.5,0.12479896662547664,-3.03132940711063,0
TX000821,AC00339,0.19682772060110948,18128.5,0.6584214557498167,0.6850555805615832,0
TX000822,AC00389,-0.5174545747652222,7476.0,0.2705664841159679,-1.6869710256527817,0
TX000823,AC00188,0.5242895080178288,20415.0,0.7416420559107518,1.8257314036785146,0
TX000824,AC00039,1.1250855516378062,22770.0,0.8272621143739027,3.8337931709161324,2
TX000825,AC00319,-0.550359999068401,7656.0,0.27771211092666936,-1.841356409581839,0
TX000826,AC00077,-0.503018986410846,8978.0,0.3261253107934085,-1.6939549435700803,0
TX000827,AC00131,0.011482726716354304,15824.0,0.5749670825364117,0.04941258960126719,0
TX000828,AC00180,1.8872448748003712,24495.5,0.9271098726114652,6.227757180972316,1
TX000829,AC00249,-0.7453873429755891,3768.0,0.13644882280593232,-2.5029429894325474,0
TX000830,AC00454,-0.6008184412661496,6282.0,0.22808825110516381,-2.0145810375329294,0
TX000831,AC00076,-0.727931847776433,4957.0,0.17999572832328978,-2.4528134792202723,0
TX000832,AC00386,-0.22553668304377955,11777.0,0.42867881884764053,-0.7532577496749906,0
TX000833,AC00444,-0.46236503218323294,9288.5,0.33641760786586355,-1.5194818121563245,0
TX000834,AC00307,-0.4042782025684975,9348.0,0.3387217248509855,-1.2973187032885862,0
TX000835,AC00397,-0.57292071924819,7269.0,0.263572366831925,-1.9329792263932588,0
TX000836,AC00078,0.4651230834304284,19925.0,0.7245603210410935,1.5292423416063115,0
TX000837,AC00348,-0.02061493896756575,15405.0,0.5592764751145904,-0.061161346377852525,0
TX000838,AC00169,0.6415141354792876,19787.5,0.7396894904458599,2.320526933211016,0
TX000839,AC00007,0.4963874368360105,19154.0,0.6961872091246101,1.6986590652332108,0
TX000840,AC00009,0.43316017505421683,18944.0,0.6884829135342243,1.5047388268397117,0
TX000841,AC00065,0.13737238268743618,16527.0,0.599697607716403,0.4894140009792362,0
TX000842,AC00362,0.2786148836966507,17690.0,0.6422803726579907,0.9703576523670266,0
TX000843,AC00444,-0.8446798849428672,3909.5,0.14143876857588758,-2.8547924024731137,0
TX000844,AC00106,-0.6370167552719693,6551.0,0.24018668456656703,-2.219461265731799,0
TX000845,AC00241,-0.36819237394958937,10774.0,0.3905208070672625,-1.2253539842235557,0
TX000846,AC00092,-0.18714754852780874,13411.0,0.48677732848567135,-0.6077963984622635,0
TX000847,AC00173,-1.0475964638708228,3452.5,0.12656392605177988,-3.577975571243462,0
TX000848,AC00363,0.8584916357471286,21191.0,0.7694536363973854,2.960808217018533,1
TX000849,AC00185,-0.42633939737920845,8101.0,0.29368735617442904,-1.4034289155650945,0
TX000850,AC00370,-0.9066787946915179,4568.0,0.1654968873651421,-3.073466980474413,0
TX000851,AC00124,1.3446400895592296,25322.0,0.9200281612456712,4.7411586958192915,1
TX000852,AC00412,-0.11753083653725545,14985.0,0.5449998360756116,-0.4213024658504041,0
TX000853,AC00068,-0.3104706411266889,9583.0,0.3477235542953734,-1.034037904124906,0
TX000854,AC00321,0.3736192840864062,19313.5,0.7208200636942675,1.16252284243732,0
TX000855,AC00302,0.07725563656881299,15357.0,0.5585304383482786,0.26377860279759874,0
TX000856,AC00217,0.523395347097817,17754.0,0.6447904347226567,1.6122275735678469,1
TX000857,AC00298,0.15482268580657108,16386.0,0.5952875896702564,0.5739643602987547,0
TX000858,AC00327,0.5303909160773964,19083.0,0.6940917190702401,1.7331637211747917,0
TX000859,AC00054,-0.3019543212243772,11202.5,0.4061707196569931,-1.0018491918961017,0
TX000860,AC00403,-0.26280364147113716,11211.0,0.40776275994671496,-0.8890088109795252,0
TX000861,AC00397,0.16670657915891882,16834.0,0.6122481289718517,0.5538457960803304,0
TX000862,AC00383,-0.5712260337145624,6417.0,0.2332191748624843,-1.923082126566687,0
TX000863,AC00450,-0.5945309449591638,6661.0,0.2410385489895267,-1.9868931858441738,0
TX000864,AC00086,0.2536513081656808,18515.0,0.6713498317605432,0.8732747258363339,0
TX000865,AC00156,-1.139305923276823,2250.0,0.08132689681007961,-3.8627650839577763,0
TX000866,AC00418,-0.3926250639371856,11304.0,0.41215430636600364,-1.3587462803936254,0
TX000867,AC00263,-0.48135541828881134,9077.0,0.3292324614162971,-1.6335012405626166,0
TX000868,AC00009,-0.3974829514881445,10613.5,0.38646577270822857,-1.3555950890555388,0
TX000869,AC00436,-0.6807934943629909,6142.0,0.22239850790236082,-2.284827012688195,0
TX000870,AC00399,-0.3836316876546247,9827.0,0.3568837033604982,-1.287816137031655,0
TX000871,AC00182,1.3567242163090585,25365.0,0.9215114057625208,4.71672876136721,0
TX000872,AC00482,0.1283034317870863,17483.5,0.634719315041943,0.4643358390033171,0
TX000873,AC00475,-0.5474868913590601,6659.0,0.2418031176490157,-1.8270166843844715,0
TX000874,AC00253,0.07772383178567634,15583.0,0.5664408748837462,0.26844866584828725,0
TX000875,AC00376,-0.3403895845173292,10943.0,0.397105926975542,-1.129964617600794,0
TX000876,AC00058,-0.6047979964195521,7225.0,0.2626147651517963,-2.044576360518118,0
TX000877,AC00304,0.8972848625276736,21365.0,0.7757158795001463,3.102031350167395,1
TX000878,AC00035,-0.42220737912605816,8594.0,0.3117046653845208,-1.4069639813162735,0
TX000879,AC00366,0.9106144475856575,23199.0,0.8424445260584335,3.130967900839153,1
TX000880,AC00362,1.269941713374872,23075.0,0.8377183207682074,4.396681493826487,2
TX000881,AC00094,-0.08370698405363838,15086.5,0.548272041080416,-0.301041292859489,0
TX000882,AC00225,-0.276607110284289,11548.5,0.4179913856528554,-0.8822041629537751,0
TX000883,AC00474,-0.1351632399739455,13614.5,0.4943541156110498,-0.4476104489616117,0
TX000884,AC00448,-0.16580433193123398,9814.0,0.35555142597343364,-0.6641123103885004,0
TX000885,AC00439,-0.1826686096854831,15162.5,0.5502965675438388,-0.6005852559249483,0
TX000886,AC00133,0.5169723281979282,20728.0,0.7526065484418264,1.8000577321967166,0
TX000887,AC00480,-0.0006381237050292338,14999.5,0.5432109659871358,0.05748297816260892,0
TX000888,AC00265,-0.5991961791370621,7784.5,0.2816730695613142,-1.9796124441468648,0
TX000889,AC00176,0.43397945594911574,20060.0,0.7286753053212268,1.4817018957959476,0
TX000890,AC00278,-0.22398720136551006,12687.0,0.459826712636208,-0.6999157473004602,0
TX000891,AC00216,-0.29292305587405565,11656.0,0.42327395453605293,-0.9722707566428164,0
TX000892,AC00431,-0.30359078500576064,12368.0,0.45081286006112453,-1.0820921575484912,0
TX000893,AC00063,0.10033596480390604,15956.5,0.5793545459125695,0.37874202608628765,0
TX000894,AC00090,-0.3389513653399307,10642.5,0.3858679006878557,-1.1213577590218782,0
TX000895,AC00133,-0.190869932268579,11831.0,0.43006129807866156,-0.6299381092774201,0
TX000896,AC00357,-0.16276909283717084,13221.5,0.4815020819602658,-0.5448188620805352,0
TX000897,AC00404,-0.5418297263238138,8192.0,0.2967834177945709,-1.8320964927952603,0
TX000898,AC00390,0.25266575944156305,19276.0,0.7001482732253136,0.8662572635359018,0
TX000899,AC00083,4.089316570216337,26509.0,0.962975657951514,14.303052549254922,2
TX000900,AC00161,-0.2435109512579824,13102.0,0.4759062186163142,-0.8125759548784823,0
TX000901,AC00425,-0.025085293317854147,14416.0,0.5241044786553571,-0.07629292605496055,0
TX000902,AC00363,0.6160721022556188,19432.0,0.7036592684536674,2.1642143414306796,0
TX000903,AC00385,-0.04123021641405081,15728.0,0.5718011119859102,-0.12148775072548455,0
TX000904,AC00045,0.5745613164464122,20286.0,0.737396173185152,1.960902915117255,0
TX000905,AC00480,0.4462709972666557,19770.0,0.7174957524298174,1.5433191630524998,0
TX000906,AC00369,0.004508290763950169,14626.0,0.5311756765617534,0.04225053359612533,0
TX000907,AC00109,-0.06330629298955731,14727.5,0.5382563694267516,-0.20234781343093186,0
TX000908,AC00264,0.3034461083515062,18582.0,0.6754501110587732,1.0309925995159912,1
TX000909,AC00076,0.5335318254638123,19905.0,0.7231470758540822,1.8371233586436628,0
TX000910,AC00438,-0.2637148592344402,12947.0,0.4721132071469105,-1.0760082066385859,0
TX000911,AC00453,-0.48873037898566224,7362.0,0.26704575587705087,-1.6182360049446418,0
TX000912,AC00222,-0.6827910291308602,5384.0,0.19481572849685677,-2.2917122426353798,0
TX000913,AC00179,0.291446363092464,17812.0,0.6470966158292139,1.0385268718203071,0
TX000914,AC00386,-0.8444750175471066,4346.0,0.1572290414232108,-2.8563478905583253,0
TX000915,AC00171,-0.6029186156900228,7124.0,0.2584358684400714,-2.0421880130376935,0
TX000916,AC00336,-0.3169287632065872,10173.5,0.36926275187102814,-1.0780685864448407,0
TX000917,AC00272,0.9090014138835165,22786.0,0.8282256522864803,3.2541606231740814,1
TX000918,AC00402,0.01216166432999789,15459.5,0.5608543829524422,0.10349182088016065,0
TX000919,AC00136,-0.11801651814891051,14234.0,0.5162401157209756,-0.361425837120354,0
TX000920,AC00280,-0.5549564875065044,9326.5,0.3384110067753807,-1.846114945615392,0
TX000921,AC00352,-0.7496390258489708,5288.0,0.19271707446072492,-2.51686768944994,0
TX000922,AC00495,-0.5595678816691985,7527.0,0.2730883583792121,-1.8772630696338413,0
TX000923,AC00061,-0.2162625798325588,12438.5,0.45121967278281416,-0.697026789835974,0
TX000924,AC00129,-0.0586189479490444,14873.0,0.5409863402771383,-0.23353718836050794,0
TX000925,AC00237,-0.43053153093289026,14240.5,0.5186895348018709,-1.5241723317231373,0
TX000926,AC00230,-0.5969446350084394,7507.5,0.27200644234899796,-1.9924590043937453,0
TX000927,AC00224,0.43598742103418975,20227.5,0.7572054140127389,1.546837149738274,0
TX000928,AC00354,-0.14482512978406198,12081.0,0.4392430224860869,-0.46809986962887024,0
TX000929,AC00479,-0.21263637602538216,12848.5,0.4672276125087807,-0.6927314097268835,0
TX000930,AC00329,0.8917006681716628,21086.0,0.7662635894523334,3.008862773737497,1
TX000931,AC00160,-0.18221802828686348,13687.5,0.4968550955414012,-0.5831559151027121,0
TX000932,AC00050,-0.16563037146634055,14577.5,0.5306949471994723,-0.5670686963590149,0
TX000933,AC00200,-0.09220981659412367,14649.0,0.5337250322665873,-0.4771714887006925,0
TX000934,AC00254,-0.16078683003370708,13832.0,0.5021856484680062,-0.5223178396308289,0
TX000935,AC00456,4.0964441631425075,26822.0,0.9744091731123504,13.6455480267337,3
TX000936,AC00320,0.857345684079519,21014.0,0.7635352729124109,2.9291150537487116,0
TX000937,AC00446,-0.6557355247638411,6237.0,0.22784356984890514,-2.226521084112684,0
TX000938,AC00292,-0.5194984363840931,8232.0,0.29878787557367514,-1.7505563020094508,0
TX000939,AC00111,-0.42088580128809155,10719.0,0.38887176990608574,-1.4181678771129247,0
TX000940,AC00157,-0.17427305841340512,13444.0,0.4875191466096339,-0.5728856897081325,0
TX000941,AC00429,0.17236311398970997,17497.0,0.6346112424649021,0.6202504341200006,0
TX000942,AC00182,-0.6864202202533952,5772.0,0.2091375070089729,-2.3124740668611503,0
TX000943,AC00166,-0.9139503942575873,2753.0,0.09970444794364086,-3.069541219084902,0
TX000944,AC00005,0.10147077132999943,16966.0,0.617583717149432,0.1851259775175036,0
TX000945,AC00459,0.23053249004409704,18078.0,0.6565259142762233,0.7984944814204282,0
TX000946,AC00432,-0.2814340242204507,11872.5,0.43147036982306286,-0.9597118534494355,0
TX000947,AC00317,-0.38809615680042453,9019.0,0.32734226857853926,-1.2682088209374107,0
TX000948,AC00377,-0.5083322768226513,8683.0,0.3155420931312306,-1.7124585535929342,0
TX000949,AC00130,0.3449830091457083,17911.0,0.6511998180439288,1.1951258235645827,0
TX000950,AC00236,0.06548184087582447,15680.5,0.570174900693159,0.23839940236651327,0
TX000951,AC00243,-0.3717089541802195,10027.0,0.3643620002536006,-1.249536321528616,0
TX000952,AC00017,-0.3212883852859045,9619.0,0.3479657043662225,-1.1055340403349574,0
TX000953,AC00295,-0.6314563585821987,6898.5,0.250044672409163,-2.1482465339209202,0
TX000954,AC00187,0.7609056622672024,19545.5,0.7110400393756023,2.192226290213434,1
TX000955,AC00395,-0.6928943936447609,6495.0,0.23490340755411798,-2.3210457218298233,0
TX000956,AC00225,2.1168110345313433,26792.0,0.9730881353938308,7.536133908050193,3
TX000957,AC00355,-0.25494964063454656,11685.0,0.4241328701183679,-0.8384769707321373,0
TX000958,AC00217,0.27496071130803895,17315.0,0.6293455632176815,0.9829122198557763,0
TX000959,AC00282,-0.47146904001983264,13136.0,0.4786846164675547,-1.6589609815982163,0
TX000960,AC00477,0.605874560352959,21081.5,0.7659847221264658,2.063440305156621,0
TX000961,AC00158,-0.4987821824752104,7138.0,0.2588033121886943,-1.6434028554406765,0
TX000962,AC00174,0.7635050755251855,19449.0,0.7075344530494033,2.2174333039128094,1
TX000963,AC00124,1.0541284304317717,21317.0,0.7749035497826315,3.490636622455126,1
TX000964,AC00247,-0.34897797649173357,11875.0,0.4309062017417448,-1.1922728458702179,0
TX000965,AC00297,0.2908042228353402,18719.0,0.6792728639567394,1.015441157356584,0
TX000966,AC00114,-0.07870111461049815,14976.0,0.5438487795106085,-0.2608642299291291,0
TX000967,AC00170,-0.023795288622879045,15111.0,0.548871977222224,-0.03891193535467583,0
TX000968,AC00185,-0.33557415732137885,12031.0,0.4361524149678395,-1.1458269585498029,0
TX000969,AC00487,-0.10736893294854895,12908.0,0.46890857575259376,-0.346269011334752,0
TX000970,AC00280,0.5218531656137528,19893.0,0.7230575201036388,1.7963677933744209,0
TX000971,AC00017,-0.8039230798082024,3579.0,0.13007629233889728,-2.7227597977333806,0
TX000972,AC00496,-0.24581449242829548,14522.5,0.5286017472652349,-0.8619312694847873,0
TX000973,AC00304,-0.03412057422905307,14273.5,0.5176729323951714,-0.07769048243073903,0
TX000974,AC00475,0.2207323078458384,17160.0,0.6234709530805008,0.7870799363957219,0
TX000975,AC00111,-0.828288960964771,4135.0,0.1502790993511969,-2.7992298732255483,0
TX000976,AC00316,-0.18380663416499526,13963.0,0.5085059581693889,-0.6386528719670184,0
TX000977,AC00007,-0.23252438078237647,13968.0,0.5073660207402922,-0.7835095746720941,0
TX000978,AC00033,-0.5471565170790414,7402.5,0.2687268999198217,-1.8546293582363356,0
TX000979,AC00453,-0.6886263634752832,5881.0,0.21308055148021313,-2.3109651021955133,0
TX000980,AC00147,-0.43698407258014554,10517.5,0.38096794759915853,-1.4579995995165445,0
TX000981,AC00401,0.3685803096822067,18443.0,0.6702804963244777,1.269931755554371,0
TX000982,AC00336,0.5773542149384072,21380.0,0.7771669418025028,2.2266923489206434,0
TX000983,AC00281,-0.7168193387659438,6365.0,0.23071414503547755,-2.430566867662982,0
TX000984,AC00082,-0.7555229143567966,3972.0,0.14403541827477295,-2.551129525393354,0
TX000985,AC00247,-0.32271866960564516,11870.0,0.4312953714984666,-1.0965853568783672,0
TX000986,AC00278,-0.2543031593961418,13880.5,0.50337405508438,-0.8479770065841322,0
TX000987,AC00176,-1.0307277348386343,2249.0,0.08160394107978924,-3.479316024443114,0
TX000988,AC00159,-0.8005672112695853,5102.0,0.1846383442286803,-2.717884492845559,0
TX000989,AC00035,-0.16105673675427512,15098.5,0.5473705172103733,-0.5100906675126622,0
TX000990,AC00463,-0.4145928693318066,9759.0,0.3543448942615374,-1.4009083929197383,0
TX000991,AC00339,-0.8311707503380512,3672.0,0.1328884091957725,-2.7797433837901395,0
TX000992,AC00239,-0.09734409684429648,13442.0,0.48819919175633897,-0.28486189094755937,0
TX000993,AC00090,-0.00869065122211573,15339.0,0.556322792673737,-0.002972042034232454,0
TX000994,AC00144,1.385118377890683,25596.0,0.9298000134514425,5.097650048529899,1
TX000995,AC00488,0.44005896290341234,22021.5,0.7998458056088176,1.4847923422759923,0
TX000996,AC00039,-0.34547028423485454,11888.0,0.43255171332324394,-1.1667157421174073,0
TX000997,AC00475,0.11789932707375549,16760.0,0.6090927652935427,0.4111660339589068,0
TX000998,AC00368,-0.25804772715957663,12807.0,0.4649252432469178,-0.8591685748960712,0
TX000999,AC00339,0.32342995544399616,19288.0,0.7005908389409135,1.1218763811267813,0
TX001000,AC00297,1.2880426329420094,25379.5,0.9218190502558425,4.366205553540307,1
TX001001,AC00345,-0.2637348546955013,11786.0,0.42726102355352397,-0.8625334497500879,0
TX001002,AC00458,-0.33593966519469626,12410.5,0.45110296705553715,-1.1266280173020349,0
TX001003,AC00062,0.29611775604520163,17921.0,0.6513943275893905,1.0315135846790475,0
TX001004,AC00070,0.29214801153032327,18112.0,0.6580878364728872,0.9978465939217778,0
TX001005,AC00183,0.23498450053884026,18579.0,0.6752222139724328,0.8112333412051101,0
TX001006,AC00190,-0.06388193117251503,13458.0,0.48928868627620203,-0.18157689272430666,0
TX001007,AC00255,-0.5947720643435762,6902.5,0.2497386400398819,-1.9734337927364576,0
TX001008,AC00311,-0.5935305905801617,7794.5,0.28347518317345083,-1.992064431553024,0
TX001009,AC00075,-0.2297014018168373,13941.5,0.5063075483082762,-0.7646407448118402,0
TX001010,AC00013,0.13849612048898374,17336.0,0.6298934141930557,0.45768063483897553,0
TX001011,AC00247,0.447290761642101,19118.0,0.6949324342241339,1.521412672453608,0
TX001012,AC00329,-0.4172269085439687,8978.0,0.3252402998948473,-1.3772318937322618,0
TX001013,AC00257,1.1251912150764622,23847.0,0.8658641081283837,3.868353284663519,1
TX001014,AC00414,0.028521395572985768,14735.0,0.5351435808896947,0.12287936118056769,0
TX001015,AC00011,1.6273350728544564,25453.5,0.9247324446622603,5.742163358423436,2
TX001016,AC00416,-0.08979722192070114,15897.5,0.5768199253227985,-0.27661987790439474,0
TX001017,AC00174,-0.2993385788435213,12625.0,0.4588043849291774,-1.022579008265037,0
TX001018,AC00218,0.262888628900641,18150.0,0.6601823321329889,0.8370534898308729,0
TX001019,AC00323,-0.19076887083719676,11916.5,0.4325406695202368,-0.61983527658601,0
TX001020,AC00209,-0.8771347102975685,3569.0,0.12904649160827664,-2.9539921529740045,0
TX001021,AC00337,-0.0220371836595724,16305.0,0.5936008559263729,-0.22750632020246156,0
TX001022,AC00083,-0.3516035963584381,11863.0,0.43128566862106327,-1.1671317766636184,0
TX001023,AC00246,-0.002892271847819039,17479.5,0.6341287352462024,0.010203990434885289,0
TX001024,AC00194,0.9169300796707461,21374.0,0.7767608673432244,3.0825223711030567,1
TX001025,AC00361,-0.0023292396170015383,13734.5,0.4987261146496815,-0.0015886282315661488,0
TX001026,AC00214,-0.1715891108778166,11881.5,0.4249601910828026,-0.5370031468288644,0
TX001027,AC00204,-0.20993801618239,13985.0,0.5071360143327772,-0.7288596568417469,0
TX001028,AC00394,-0.7467142187639055,7304.0,0.26464344999124934,-2.5465920717268444,0
TX001029,AC00002,1.3987748416325159,24650.0,0.895448331997028,5.110621551478196,1
TX001030,AC00337,2.0097346033415073,22535.0,0.8190574576677321,6.808464020921715,1
TX001031,AC00184,-0.31962595057117216,12080.0,0.4393327891686478,-1.089159170063827,0
TX001032,AC00258,-0.41869523226779015,8947.0,0.3246703010471394,-1.3851060580090135,0
TX001033,AC00164,0.28824818168299887,19207.0,0.6968258211768131,1.0053733290253486,0
TX001034,AC00032,0.6737757391756257,20210.0,0.7344916077945083,2.283148059775136,1
TX001035,AC00092,0.8772937606113211,22527.0,0.8183966977431951,2.9778235543388485,1
TX001036,AC00485,-0.5681685263352653,9189.5,0.3177945859872611,-1.7830052128891645,0
TX001037,AC00067,0.11734001875421218,17601.0,0.6391522794891537,0.4378244234228817,0
TX001038,AC00005,0.08399914655960855,11148.0,0.40718155156362174,-0.23857792411945009,0
TX001039,AC00291,-0.6702342023863924,4879.0,0.17697569266491395,-2.2395719483369847,0
TX001040,AC00284,1.0343513867607834,20264.0,0.7369679207203802,2.9865835794227555,0
TX001041,AC00024,-1.1438656290104487,2250.0,0.08124568794485584,-3.871552794713434,0
TX001042,AC00310,-0.4051006111545628,9574.0,0.3485894607707242,-1.3337199148647676,0
TX001043,AC00246,1.0012263025076935,23344.5,0.8485487659386334,2.9754571252373503,1
TX001044,AC00463,0.26067116704204246,18145.0,0.6586175171529999,0.9375252807958678,0
TX001045,AC00318,-0.16102212675474983,14080.0,0.5127385220384286,-0.5703620887221457,0
TX001046,AC00474,-0.10894810309405076,14043.5,0.5099127397936578,-0.3281456243862546,0
TX001047,AC00192,-1.0706651221323507,1919.0,0.06928671074625614,-3.6019880922992855,0
TX001048,AC00100,0.29822237307440613,16859.0,0.6111707178490035,1.052497827280129,1
TX001049,AC00407,-0.3646490664643642,11054.0,0.40347309374016155,-1.3316597596624393,0
TX001050,AC00276,-0.7566800565981969,5557.5,0.20160182151334027,-2.5679241871192295,0
TX001051,AC00420,0.9613747399812738,19972.0,0.7262662194745068,3.172934688155772,0
TX001052,AC00228,-0.7579927013220379,6085.0,0.22012520207296857,-2.5540731751211423,0
TX001053,AC00022,-0.006851216036050427,15464.0,0.5612757801233964,0.03149652565063312,0
TX001054,AC00052,0.3679715043313634,18681.0,0.678779343068192,1.2931673181767602,0
TX001055,AC00151,-0.13884640662169584,14036.5,0.5088804681439469,-0.42125883297448785,0
TX001056,AC00317,1.3055988399545382,25387.5,0.9221997224615465,4.822850808345591,1
TX001057,AC00348,-0.5776775948232802,7109.0,0.25733615877909116,-1.9393848227815604,0
TX001058,AC00191,2.5501557387781166,27071.0,0.9833375981798607,8.958974330488479,3
TX001059,AC00120,-0.1028045619567069,12772.0,0.4635923029303413,-0.2790140571265044,0
TX001060,AC00487,-0.7041234741502658,5388.0,0.19644213565514554,-2.3837615769024385,0
TX001061,AC00173,0.0171049380423454,14807.0,0.5370051170926371,0.054804681111156724,0
TX001062,AC00089,-0.8048789117253222,4502.5,0.1630419237828735,-2.709128174625911,0
TX001063,AC00456,0.2787161831094352,17896.5,0.6492464510369905,0.9781125702270137,0
TX001064,AC00025,1.74673250321107,24283.5,0.9186703821656051,5.765209345942807,2
TX001065,AC00158,-0.15501036316857458,14500.0,0.5258600064026937,-0.5220513378519223,0
TX001066,AC00041,-0.5604483220494387,8632.0,0.3140030118695721,-1.914314640712634,0
TX001067,AC00458,0.5517854561255922,21823.5,0.7930298958308726,1.8232728075297941,0
TX001068,AC00248,-0.2949730349499431,11585.0,0.4200083938929488,-0.9582610416933663,0
TX001069,AC00356,0.21543711564584866,16316.0,0.5939807145367666,0.5373567264791546,0
TX001070,AC00065,-0.03467784489135531,16096.0,0.5845671154659285,-0.12106464572490128,0
TX001071,AC00249,-0.2439152112781435,12748.0,0.46287124655336914,-0.8041436020677131,0
TX001072,AC00497,-0.6384478308750766,7034.0,0.2562643222907758,-2.1676858581651266,0
TX001073,AC00045,1.3714236145476644,25403.0,0.9222651264845403,5.018931880929248,2
TX001074,AC00442,0.012043333133232786,14612.5,0.5305280094950792,0.10408911812550234,0
TX001075,AC00248,-0.37245662196871404,11411.0,0.4138257023316316,-1.247528628406865,0
TX001076,AC00078,0.547091547340275,20144.0,0.7303280789941986,1.7865451083564434,1
TX001077,AC00345,-0.03508083408629838,13729.5,0.49879604467325295,-0.0775340881604529,0
TX001078,AC00331,0.441268820256444,18659.0,0.6770003717226574,1.358703286270836,1
TX001079,AC00332,-0.4025665819653359,9944.0,0.3608726406338667,-1.3439617690543222,0
TX001080,AC00448,-0.26065043850223824,11607.0,0.4229673797698984,-0.8824520402114436,0
TX001081,AC00102,-0.3817394100130542,9331.0,0.3392782240431758,-1.280257507065776,0
TX001082,AC00200,-0.017170508229197093,14688.0,0.5337956643927783,-0.08437976966963404,0
TX001083,AC00200,0.41941903212239806,20358.0,0.7401062591634939,1.7347585441366837,0
TX001084,AC00086,-0.05558914662364139,14845.0,0.5405779455645677,-0.20490503183538597,0
TX001085,AC00139,-0.7201448216327699,4953.0,0.17911677418981578,-2.4278562992457378,0
TX001086,AC00154,0.11565900608175472,17606.0,0.6396696658401342,0.40205779101085626,0
TX001087,AC00403,-0.006605920797548728,14777.0,0.53724362105117,-0.012268553855699952,0
TX001088,AC00330,-0.5116868651671791,7556.0,0.27375668172681805,-1.7039750976222423,0
TX001089,AC00362,0.5204074293423456,18931.0,0.6875334779403576,1.7992381720571275,0
TX001090,AC00423,-0.9261089196016444,2737.5,0.09926614607012975,-3.125344819399854,0
TX001091,AC00286,1.170670011455333,24913.5,0.904762295775524,3.9657529407981835,2
TX001092,AC00332,-0.2308071561352001,14281.5,0.5182740286636258,-0.781222524851975,0
TX001093,AC00080,-0.8763825044286009,3226.0,0.11711231400005882,-2.955695418466478,0
TX001094,AC00150,-0.7313587439612391,4184.0,0.15149885952017403,-2.4597368910625175,0
TX001095,AC00441,-0.9896342838767203,2481.0,0.08984255785687184,-3.3297126165074777,0
TX001096,AC00196,-0.7223648968140737,5638.0,0.20429302906716898,-2.4158205733221156,0
TX001097,AC00444,0.18335125487635787,16712.0,0.6070026389415883,0.6506097104093898,0
TX001098,AC00295,-0.2682976543705487,12888.5,0.4686056018990158,-0.881243070874843,0
TX001099,AC00157,-0.11590733880577811,13155.0,0.4784756128723073,-0.36992346845458024,0
TX001100,AC00456,0.32370757303984793,17417.0,0.6311194119260779,1.1449263173593163,0
TX001101,AC00271,-0.7208548006772556,4833.0,0.17501926714227237,-2.396204154435738,0
TX001102,AC00462,-0.09117155283710002,12923.5,0.4698987664448705,-0.2892357310280305,0
TX001103,AC00310,0.04132853314075703,16819.5,0.6120216933437538,0.10537033050780248,0
TX001104,AC00189,-0.3725705530610577,11156.5,0.4053926513419862,-1.231888566428221,0
TX001105,AC00328,0.04022990503673805,16814.0,0.6105249642379661,0.13792893639831622,0
TX001106,AC00057,0.0006777429080345508,16548.0,0.601768539245668,-0.006702424670455588,0
TX001107,AC00360,-0.115426707527018,14202.5,0.5154962334755778,-0.3372210862107037,0
TX001108,AC00209,-0.8652496301104248,4249.0,0.1539904198248227,-2.9382707234247887,0
TX001109,AC00390,0.3551740817441733,19546.0,0.7097869669986456,1.239744789596423,0
TX001110,AC00061,-0.8236286988273323,3693.5,0.13408745281749862,-2.766352948050236,0
TX001111,AC00345,0.7150736846193667,21820.0,0.7925833676047802,2.417817296173348,1
TX001112,AC00254,-0.8509396767552782,4255.5,0.1543831000946422,-2.8823263842462192,0
TX001113,AC00271,-0.09071841867526213,13936.5,0.5056128283128275,-0.2431472833753772,0
TX001114,AC00451,-0.20817472562560552,8921.0,0.3226951929655224,-0.8731700901023554,0
TX001115,AC00061,-0.8326923164040254,4398.0,0.15920538496437298,-2.7997450443252325,0
TX001116,AC00245,-0.619248274292302,8589.5,0.31113576639713963,-2.088706286666015,0
TX001117,AC00105,0.21198465309456493,17198.0,0.6241898700031387,0.7711915605536948,0
TX001118,AC00122,-0.5930850053154528,8616.0,0.3146255328145287,-2.0375591604976924,0
TX001119,AC00202,1.3925101884007594,25328.0,0.9188216596669345,5.113433804029464,1
TX001120,AC00423,-0.2527254804322461,12286.0,0.4462774579377251,-0.8453175240424622,0
TX001121,AC00362,0.5325751321271344,20069.0,0.727706644771511,1.864669775248221,0
TX001122,AC00426,0.6154297500790247,19746.0,0.7182994339305163,2.028867020786191,1
TX001123,AC00204,-0.2618784742791105,12645.5,0.4591816671544221,-0.851914149071933,0
TX001124,AC00369,-0.039305334966244596,13486.0,0.4900998106673314,-0.11579588726213999,0
TX001125,AC00365,0.9124977550048244,22660.0,0.8231884125224732,3.08407465226043,1
TX001126,AC00063,0.19854250477245186,16840.0,0.6113979520058318,0.7201294151954694,0
TX001127,AC00455,-0.03834370167100667,13507.0,0.492096162626493,-0.17278625372756243,0
TX001128,AC00415,0.9175901417669811,23143.0,0.8406151118036648,3.1389691540333184,0
TX001129,AC00279,-0.8344704893097582,4133.0,0.14954876196105638,-2.794833602579265,0
TX001130,AC00262,-0.09059869178352686,16035.0,0.5822965517540633,-0.29206466795089703,0
TX001131,AC00306,-0.329468687198746,11007.5,0.3998412494750804,-1.0882049489462213,0
TX001132,AC00164,0.06457966880594658,15751.0,0.5723666511259918,0.23011877990966287,0
TX001133,AC00236,-0.7890263612690952,6038.5,0.2191036427615088,-2.67157278923897,0
TX001134,AC00095,0.4413337478706176,20512.0,0.7456413891241954,1.4852677338183728,0
TX001135,AC00016,0.7806191598320324,22052.0,0.801150134490318,2.6571088788908583,0
TX001136,AC00386,-0.1450604531008209,12930.5,0.46846328298604667,-0.4594820761578681,0
TX001137,AC00032,1.2458865998208997,23650.0,0.8595749561140664,4.200148394868398,1
TX001138,AC00152,-0.9402744721872001,3410.0,0.12350111637329825,-3.177486378620559,0
TX001139,AC00020,1.0387941737235478,23306.0,0.8471504818653823,3.2193030825387803,1
TX001140,AC00360,-0.308825581835067,11823.0,0.4304545960782536,-1.0679196327156402,0
TX001141,AC00286,-0.6179592115956642,7204.0,0.26138575410281045,-2.1023907225497225,0
TX001142,AC00241,0.385082395659298,19608.0,0.7117655705267807,1.3174092669982003,0
TX001143,AC00331,-0.5566885605959303,6766.0,0.24525282203066637,-1.8565785468442007,0
TX001144,AC00258,-0.5642104936832266,6501.0,0.2363801131753263,-1.901961665497748,0
TX001145,AC00040,0.030081715085643265,13416.0,0.48693673290015504,0.011579506106819492,0
TX001146,AC00143,-0.5377650957794312,7950.0,0.2881315247330564,-1.814079503776799,0
TX001147,AC00068,0.12569391399106356,17176.0,0.6230158218373322,0.47864680920389996,0
TX001148,AC00052,0.6571204940017311,21180.0,0.7695113112649321,2.2273441895070825,1
TX001149,AC00352,-0.11719450230813946,13218.0,0.47936674080227476,-0.3742709785667674,0
TX001150,AC00254,-0.026455362007022497,14899.0,0.542267029694903,-0.1312466479812058,0
TX001151,AC00100,-0.6512870447946787,5681.0,0.20548292727494505,-2.182295165107777,0
TX001152,AC00412,-0.5187842124387023,8496.0,0.31100699233942763,-1.897383318092512,0
TX001153,AC00012,-0.7381921744231797,4672.0,0.1693236178401805,-2.471566861909345,0
TX001154,AC00353,-0.274100743358247,10303.0,0.3744233417240121,-0.8935792697541107,0
TX001155,AC00445,-0.1437571859212432,15490.0,0.5630586386465245,-0.49990962121667043,0
TX001156,AC00281,-0.49715989192590937,8500.5,0.30852973021902713,-1.6674370848558155,0
TX001157,AC00211,0.5712845493273467,19725.0,0.7160395674903225,1.9566259691222292,1
TX001158,AC00379,0.6941317606498887,19989.5,0.7477308917197452,2.188971089819794,0
TX001159,AC00108,-0.7661804631549457,4759.0,0.17298922631063576,-2.5929122247522147,0
TX001160,AC00243,-0.9744546800277248,2412.0,0.08715651813992104,-3.28923859983644,0
TX001161,AC00032,-0.01089005479694163,16328.0,0.5933195026148351,-0.02129114788177169,0
TX001162,AC00460,2.8028597381138276,27033.0,0.9818364244330265,10.011243044725841,3
TX001163,AC00459,0.18918492235755777,16575.0,0.6021672612139951,0.6788854974116973,0
TX001164,AC00309,0.43970971241861667,19365.5,0.7228901273885351,1.372585924411486,0
TX001165,AC00109,0.6313632426087487,20844.5,0.781767515923567,1.9688729779707186,0
TX001166,AC00393,-0.07983679633609696,14185.0,0.5142961050601048,-0.2551347489061517,0
TX001167,AC00175,-0.4783161761282106,7415.0,0.2690185135722162,-1.5781719101992004,0
TX001168,AC00010,0.30875705639821316,19038.0,0.6922510350137672,1.0011495820317935,0
TX001169,AC00120,0.18721331583704473,18312.5,0.6649925637388646,0.6303249441393043,0
TX001170,AC00477,0.2627145364399067,19457.5,0.706194687572169,0.9156891870799895,0
TX001171,AC00410,-0.5235219772783303,7120.0,0.25846678506185977,-1.770433486534434,0
TX001172,AC00044,-0.08958900192279906,14624.5,0.534156050955414,-0.30491625289501695,0
TX001173,AC00490,-0.3374407442444225,11167.0,0.40506165364994523,-1.1030714552330116,0
TX001174,AC00342,-0.38947593664508756,9033.0,0.3283643552202927,-1.2926445545527347,0
TX001175,AC00462,-0.7057879594013311,4952.0,0.1797683736338228,-2.366707132254178,0
TX001176,AC00267,0.3546812521705566,19332.0,0.7027616016280585,1.1637572413165138,0
TX001177,AC00363,0.6889123984267976,21226.0,0.7702197719811757,2.3946930541778095,0
TX001178,AC00211,-0.13446457250080301,12921.0,0.46950665870508407,-0.41878177576504405,0
TX001179,AC00204,0.15346378231507812,18291.0,0.6650265690095158,0.526660711336688,0
TX001180,AC00456,0.9072925457745461,22895.0,0.8313847826097439,3.1086894788171766,0
TX001181,AC00016,-0.15689639663359814,14617.0,0.5295555973669887,-0.5357738747339957,0
TX001182,AC00093,0.34137868078631184,14862.0,0.5415876173445502,0.6655235385670242,0
TX001183,AC00401,0.024607375523415458,16614.5,0.6031211113157487,0.12231263332962136,0
TX001184,AC00366,-0.03242198303572825,14531.5,0.5292522920486546,-0.16257689470879452,0
TX001185,AC00107,0.1483973506501447,17459.5,0.634434134819131,0.5273864214129331,0
TX001186,AC00060,-0.15686791644789322,13876.5,0.5033867411445876,-0.501298010347277,0
TX001187,AC00384,0.477396990839597,20216.0,0.734945744643409,1.6143512912243339,0
TX001188,AC00483,-0.34643807880434957,11367.0,0.4129625681069674,-1.1775956660077471,0
TX001189,AC00126,0.08519598425357224,17543.0,0.6378670098311241,0.28828760918137425,0
TX001190,AC00437,0.19622754882070298,16996.0,0.6174562538841643,0.7030905048866428,0
TX001191,AC00382,-0.011382121642379032,14380.0,0.5224121702769405,0.00903567576251622,0
TX001192,AC00339,-0.021531492431827205,13851.0,0.5021191747178452,-0.04330028173714899,0
TX001193,AC00498,1.7985463978835512,24731.0,0.8984692113838737,6.1849589290272435,1
TX001194,AC00178,-0.30294927692346213,10120.0,0.3676249091786568,-0.98911299920039,0
TX001195,AC00201,-0.41329477643965395,10466.0,0.3800985607438696,-1.3730821178982207,0
TX001196,AC00124,-0.6792863106695528,5956.0,0.21620415480826394,-2.273042132783952,0
TX001197,AC00404,1.228817900656261,23641.0,0.8588614330270037,4.141953368840129,1
TX001198,AC00347,-0.5218218790428686,9065.0,0.3286738830360918,-1.7677664962673534,0
TX001199,AC00480,0.38744149225558505,19851.0,0.7210734926067691,1.330106448715125,0
TX001200,AC00303,-0.7920734101963429,3649.5,0.13235588093207407,-2.6626577892438563,0
TX001201,AC00249,-0.20465447767540343,13587.0,0.49353954097314195,-0.6797292985727614,0
TX001202,AC00263,-0.24813051889452073,13110.0,0.4758195255160364,-0.8103348634416965,0
TX001203,AC00108,-0.3279695592717012,11085.0,0.4047540844895226,-1.2845420073225384,0
TX001204,AC00490,-0.6908806536094086,5657.0,0.20490274341927953,-2.321904069937088,0
TX001205,AC00411,-0.18851839341600887,14682.0,0.5332205429079319,-0.6578946151515412,0
TX001206,AC00087,0.3688398769805328,19250.5,0.6993596733710135,1.2699790982694188,0
TX001207,AC00196,-0.06023511854591525,14345.0,0.521080887284144,-0.18350428489564505,0
TX001208,AC00267,0.2747812330391481,18145.0,0.6589141781096335,0.971203931113216,0
TX001209,AC00267,-0.6069467981687284,6219.0,0.2261728970791084,-2.044128522479445,0
TX001210,AC00125,-0.6246997222021653,6590.0,0.23928778228141284,-2.0516017494230816,0
TX001211,AC00428,-0.22904136077655465,10076.0,0.36538288156896853,-0.7447533109245774,0
TX001212,AC00477,0.07344885820474417,15099.0,0.5482040154725336,0.26561876746887825,0
TX001213,AC00417,-0.044039319591564596,16038.5,0.5816011838956824,-0.10530487220683692,0
TX001214,AC00170,4.89681883682735,23861.5,0.8672490130787556,5.773252881711796,1
TX001215,AC00147,-0.7647949306198176,4965.0,0.17950630554445315,-2.5860728204169905,0
TX001216,AC00097,-0.5869150870021269,6220.0,0.2259472298465812,-1.9655261886704356,0
TX001217,AC00433,1.0791037262057617,24371.5,0.8853628086660076,3.6157673631684473,1
TX001218,AC00381,-0.2630194693948351,13433.5,0.4869303296037321,-0.8510972278909644,0
TX001219,AC00398,-0.4847013162503376,8343.0,0.30431809382935565,-1.8333212773925112,0
TX001220,AC00029,-0.09187172222524645,15215.0,0.5538306598390551,-0.3529249913418645,0
TX001221,AC00291,-0.4674373350078583,10096.0,0.3674441403539898,-1.5991035491627523,0
TX001222,AC00431,-0.15453390048813218,13526.0,0.49287989597551163,-0.577637122380501,0
TX001223,AC00275,-0.08515437027661191,15185.0,0.5512135949245153,-0.2879392853735812,0
TX001224,AC00093,0.2830094232405896,12821.5,0.4677685931237576,0.06689463686687261,0
TX001225,AC00442,0.1411947519551297,17564.0,0.6375978001829203,0.4800167538335267,0
TX001226,AC00465,-0.6056179229542998,6521.0,0.2362719351322267,-2.034367680261884,0
TX001227,AC00158,-0.08425075519473979,13482.0,0.48924074441921833,-0.2338044412707898,0
TX001228,AC00334,0.0913304860622018,14689.0,0.533440725905405,0.33193674005265794,0
TX001229,AC00093,1.2363588834756682,21287.5,0.7741458665501196,3.357605946586025,1
TX001230,AC00229,0.058042725220503424,16295.5,0.5923985579234059,0.2141139038963856,0
TX001231,AC00373,0.4415752998920313,19500.0,0.7079200369601283,1.5285149223909376,0
TX001232,AC00328,-1.155918360030614,3604.0,0.13024187405110677,-3.9076435838314922,0
TX001233,AC00160,0.1909938449973709,17788.5,0.6601114649681529,0.5726634182279197,0
TX001234,AC00014,0.041175760757537136,13156.5,0.4793585596494332,-0.04327361307022617,0
TX001235,AC00090,-0.16923264979733424,13982.0,0.5069909834354406,-0.5668324514426382,0
TX001236,AC00053,-0.03280912439312003,16951.5,0.6148596945847579,-0.08349548970488221,0
TX001237,AC00478,-0.18437728732821723,12130.0,0.44034014069533833,-0.565658178886652,0
TX001238,AC00356,-0.5580005663189446,8125.0,0.29533817119202443,-1.889865465336368,0
TX001239,AC00244,2.8872475853112776,26457.0,0.9610639500377748,9.80042396561482,2
TX001240,AC00103,-0.8445884177239973,4687.0,0.1711144315174529,-2.861934610233654,0
TX001241,AC00053,-0.8135327655848608,6023.0,0.2180405298229086,-2.7729943839688254,0
TX001242,AC00151,-0.062277302516200464,14936.0,0.5422685966192041,-0.18149489961342133,0
TX001243,AC00494,-0.21077488736043576,11341.0,0.4107819518766208,-0.7129926405090985,0
TX001244,AC00219,1.2213239641397045,22585.0,0.8204575949303009,4.190468536750437,3
TX001245,AC00202,1.2430624034388706,24670.5,0.8954560310193156,4.259259653662045,2
TX001246,AC00254,-0.07367079064656883,15502.5,0.5622663625467486,-0.24539762492447278,0
TX001247,AC00285,-0.8834235478717283,5175.0,0.18736473224638608,-2.983603392734068,0
TX001248,AC00071,1.1695735348292828,24604.0,0.8931620990421514,4.286302023066069,1
TX001249,AC00073,-0.15824121025195687,12682.0,0.4606898769940317,-0.5211572639590825,0
TX001250,AC00383,-0.22657274311710066,12322.0,0.4481272120752491,-0.7722735630566371,0
TX001251,AC00326,-0.4826335789695499,9475.0,0.3459447034824772,-1.6369090433569067,0
TX001252,AC00153,-0.24634293188030532,11311.0,0.4104387351883468,-0.8219093575242852,0
TX001253,AC00460,0.3000508495318215,19360.0,0.7032860090052344,1.0410889836857118,0
TX001254,AC00439,0.8476785096186646,23139.0,0.8404852680187858,2.8844692419754514,1
TX001255,AC00070,1.7694507815026232,25960.0,0.9431223051915336,6.269449552129737,2
TX001256,AC00086,0.4372651350114772,16410.0,0.5971969471975439,1.2287465516491407,0
TX001257,AC00330,0.7631308350490111,22281.0,0.8092619509316449,2.6196051614980393,0
TX001258,AC00027,0.7288126469533537,21005.0,0.7630935509252809,2.496601957921751,0
TX001259,AC00020,3.4295440468876652,23812.0,0.865384689558547,11.491051672705824,2
TX001260,AC00232,-0.08423408156956642,13564.0,0.4922016889515444,-0.2405510509662184,0
TX001261,AC00247,0.10416582787878698,17814.0,0.6475998998614838,0.3081592898743101,0
TX001262,AC00136,-0.14402909663670457,14364.0,0.5210492173333648,-0.4470771179141279,0
TX001263,AC00322,-0.3817329455365375,10957.5,0.39692963292508127,-1.2830714506270209,0
TX001264,AC00461,0.31678717196523315,18093.0,0.6566859213538997,1.1119185540204506,0
TX001265,AC00079,-0.36644953829971594,9540.0,0.34622870851206317,-1.210520651152388,0
TX001266,AC00176,1.7037154089526672,23563.5,0.8561942717345659,5.751708228475238,1
TX001267,AC00417,0.08229178938594622,15747.0,0.5719086572326574,0.32468642634945083,0
TX001268,AC00260,-0.011064317707859142,16005.0,0.5816616460804955,-0.04109139863217217,0
TX001269,AC00471,-0.46734132418712593,8964.0,0.32575455239722545,-1.6336956079194795,0
TX001270,AC00231,-0.8522863020987336,4089.0,0.1480293275194817,-2.8721770984099755,0
TX001271,AC00184,0.20981141674176104,17305.0,0.6289140563716686,0.7299571009362927,0
TX001272,AC00475,-0.1599777320025761,12045.0,0.4370419157071867,-0.49060787588399074,0
TX001273,AC00329,-0.0025421870266800276,16239.0,0.5898301128619413,-0.003727752828880759,0
TX001274,AC00431,1.5708598182562306,21932.0,0.7971852133451809,5.324016078582499,1
TX001275,AC00398,1.027683258367474,23044.0,0.8376852948252448,3.1161533806659705,0
TX001276,AC00221,-0.26792707802730453,10767.5,0.38061305732484074,-0.8437981475139941,0
TX001277,AC00299,-0.26392270848421284,13450.5,0.4882051731885271,-0.8813913596810679,0
TX001278,AC00266,-0.5194622159203363,9541.5,0.3463658595881544,-1.7669864044782881,0
TX001279,AC00297,0.11681074934498793,15030.0,0.5471935300972409,0.2767308699296463,0
TX001280,AC00373,-0.4771377429923058,8638.5,0.31292896059402336,-1.5944953218135816,0
TX001281,AC00489,0.019211201518323427,14851.0,0.5383704204226646,0.1253863193243227,0
TX001282,AC00128,0.16444195754157828,16328.0,0.5910920594544113,0.5526398892189759,1
TX001283,AC00409,0.5866269011360519,21315.5,0.7743835569133423,2.0052520514981724,0
TX001284,AC00410,1.298495786372118,23632.0,0.8589417680305981,4.328146535180437,1
TX001285,AC00360,-0.7574951257902017,6413.0,0.2323932550899728,-2.572427010178211,0
TX001286,AC00422,-0.46493618671737424,7791.0,0.2827949722943677,-1.546829008078346,0
TX001287,AC00225,0.1290550462627636,15570.0,0.564124147171316,0.49319723518776254,0
TX001288,AC00261,0.12922373330088535,17464.0,0.6342721540194984,0.46275507710447666,0
TX001289,AC00468,-0.1322010461272198,14033.0,0.5089908007079605,-0.4006314979490352,0
TX001290,AC00138,1.3153749628211717,22084.5,0.8311305732484076,4.189073158459505,1
TX001291,AC00013,-0.5182761681234296,9167.0,0.33217632044710854,-1.754781303707859,0
TX001292,AC00275,-0.0949308234200841,15625.5,0.5686120443685464,-0.33212647399713113,0
TX001293,AC00125,-0.1338747145660841,14395.0,0.5224362768046508,-0.44713717835347827,0
TX001294,AC00200,0.2938344505224682,18743.0,0.6809617974212765,0.9887801509577148,0
TX001295,AC00213,-0.857398002778061,3533.0,0.1283734373546075,-2.8982971901634462,0
TX001296,AC00035,0.07150570537307796,15341.0,0.5566918334798207,0.3064321142663791,0
TX001297,AC00070,-0.3608439043582658,9810.0,0.3562966491444352,-1.1974730432976128,0
TX001298,AC00275,-0.16240646959244806,12811.0,0.46708696598617155,-0.643872423253322,0
TX001299,AC00060,-0.7151083633561511,4515.0,0.16326227251272465,-2.40535524515386,0
TX001300,AC00304,1.4548115220882276,25227.0,0.9159735939506114,5.331452881026245,2
TX001301,AC00372,0.06013871880515288,18115.5,0.6567892027585582,0.22880347534640572,0
TX001302,AC00498,0.49135887762776453,20977.0,0.761261515085624,1.7006390110197047,0
TX001303,AC00465,-0.44815552125922675,9050.0,0.327991818967691,-1.492598560146708,0
TX001304,AC00396,0.15914757959582104,16338.0,0.5935289280743176,0.5836194215343187,0
TX001305,AC00083,-0.3258961759613368,11553.0,0.42039162741722186,-1.0913662868251068,0
TX001306,AC00479,1.7140044698823784,26343.0,0.9566482669576165,6.1884094841160175,2
TX001307,AC00091,-0.6560521251808454,6158.0,0.22296926007905984,-2.215315511133994,0
TX001308,AC00024,-0.12376296091689612,15184.0,0.5511276852863879,-0.4108595945832724,0
TX001309,AC00366,-0.6903621995829583,6852.0,0.25159362228060284,-2.5730263595680074,0
TX001310,AC00470,0.6321721223917967,21298.0,0.773455229597802,2.165967346939846,1
TX001311,AC00032,0.056956951881746966,15288.0,0.553935161636679,0.2389863450909678,0
TX001312,AC00136,-0.042835873562761535,16408.0,0.5965958810622493,-0.16798330080331714,0
TX001313,AC00001,0.6410987208955987,18918.5,0.7050955414012738,2.012367871038351,0
TX001314,AC00187,-1.020092211283331,3484.0,0.12596371871153503,-3.46060187096185,0
TX001315,AC00452,0.22074038827925793,19899.5,0.7225320429992956,0.740604312608423,0
TX001316,AC00036,-0.7741422696377039,4738.5,0.17270641154085553,-2.6034614812158177,0
TX001317,AC00125,-0.35607065125998766,11973.5,0.43421568146502115,-1.200723020758624,0
TX001318,AC00403,-0.6586716049421678,7464.5,0.27062429458273285,-2.241222306146237,0
TX001319,AC00264,-0.6332240353263711,6414.0,0.2325570589457637,-2.1364185384993943,0
TX001320,AC00123,-0.7042966149713972,6487.0,0.23476967659164555,-2.3781930695075646,0
TX001321,AC00298,-0.09107240796931854,13945.5,0.5064837971589976,-0.2827949057850318,0
TX001322,AC00235,-0.43290201303589165,9870.0,0.3581630970523984,-1.462949742901613,0
TX001323,AC00259,-0.7057371877401626,4824.0,0.1752156148104721,-2.366126460823955,0
TX001324,AC00329,-0.3870043778865235,12156.0,0.4416390606746839,-1.3258056135469607,0
TX001325,AC00482,0.05209553593306966,15726.0,0.5714917348359092,0.17854009753859046,0
TX001326,AC00020,1.199291110853544,22631.0,0.8226493604297134,4.027481341421404,0
TX001327,AC00453,-0.13440265957619718,14303.0,0.5203613978314732,-0.4796027785345355,0
TX001328,AC00367,-0.1888476350389247,13310.0,0.48337240197924225,-0.6087719936351528,0
TX001329,AC00167,-0.8166112418895144,3739.5,0.13578699315422826,-2.7432597685717295,0
TX001330,AC00110,-0.7264841768460429,4555.5,0.16515721132312536,-2.4279263293714157,0
TX001331,AC00078,-0.3119737909105748,11028.0,0.4005665696941412,-1.0421201468115968,0
TX001332,AC00212,0.14120953318418,17853.5,0.6482272571785623,0.488199705494131,0
TX001333,AC00051,1.29985221950447,25294.0,0.9181596642828525,4.743842083581785,0
TX001334,AC00250,0.8198027517629678,20729.5,0.77718949044586,2.5698652906545036,1
TX001335,AC00304,-0.23650558025554774,12243.0,0.4432943353999056,-0.7664020613929701,0
TX001336,AC00007,-0.20824649629977948,14354.0,0.5207353804757374,-0.6946108065403783,0
TX001337,AC00017,0.49116370778002355,21119.5,0.7673947430653957,1.686139282553432,0
TX001338,AC00158,-0.49294672551765645,8283.0,0.30129317659911853,-1.6428818660766569,0
TX001339,AC00110,-0.6947413909315682,7376.0,0.26703698712759627,-2.350447402575843,0
TX001340,AC00175,0.14626027133010822,16608.0,0.6032040829708113,0.549960293283517,0
TX001341,AC00079,-0.39151655078127656,10344.0,0.3746624784788974,-1.3006989812671217,0
TX001342,AC00403,-0.3525184901837156,9569.0,0.3478549650045537,-1.1566819023882786,0
TX001343,AC00228,-0.9578633047885442,2413.0,0.08746616648835871,-3.2264552056578717,0
TX001344,AC00344,-0.5765604171816547,8350.0,0.30271024869740376,-1.9516905661486341,0
TX001345,AC00466,-0.89691848254561,4017.5,0.14569034646865886,-3.0213508096783217,0
TX001346,AC00204,-0.21918916711684042,10901.0,0.3977769321743558,-0.9096556356973924,0
TX001347,AC00030,0.4198503961370596,19928.0,0.7236761538710021,1.4616335667376257,0
TX001348,AC00455,1.2943801335549285,20307.0,0.7385572339591548,4.105695029081621,0
TX001349,AC00094,-0.13150488278232353,14252.0,0.5171865379988786,-0.4521904809072317,0
TX001350,AC00185,-0.16072820169924926,12270.0,0.44690660817780203,-0.5573104325473657,0
TX001351,AC00351,-0.4023673290307026,10913.0,0.3864052547770701,-1.2661336350008237,0
TX001352,AC00335,-0.16543024934155437,14004.5,0.5094745222929937,-0.5319718013997221,0
TX001353,AC00409,1.2435516239148658,25168.0,0.9143024390502607,4.57170869297104,0
TX001354,AC00312,1.48691514431341,25797.0,0.9366068230151771,5.347784668869523,2
TX001355,AC00097,1.6455892723726229,23635.0,0.8587453902292386,5.565503627558384,2
TX001356,AC00447,-0.7592155423953312,3592.0,0.12995343944705412,-2.545402477932157,0
TX001357,AC00280,-0.9909548191959632,3059.0,0.1107619916716768,-3.3555218860343983,0
TX001358,AC00023,-0.16771590610121992,13393.0,0.4870357805958845,-0.5658450974318393,0
TX001359,AC00077,0.21790697763502437,18808.0,0.6828418052510767,0.7571984442357061,0
TX001360,AC00113,-0.76462848293316,4253.5,0.15466373021034874,-2.5823464255988715,0
TX001361,AC00391,0.6619118113275214,20461.0,0.7427963367238362,2.31923857450792,1
TX001362,AC00136,-0.6028923008094158,7406.0,0.271518541294723,-2.1576925640610334,0
TX001363,AC00204,-0.07962946077397917,13878.0,0.504856380539861,-0.2543283259558265,0
TX001364,AC00089,-0.043136621669623426,13956.0,0.508744853858997,-0.5393848254786038,0
TX001365,AC00305,-0.20652256217586967,13285.0,0.48221905529410697,-0.6647337103866889,0
TX001366,AC00338,-0.2540800491749236,12644.0,0.45979196910314557,-0.8689201843455365,0
TX001367,AC00268,-0.43251003181095704,9840.0,0.35726467689779845,-1.4758874969961326,0
TX001368,AC00363,1.0738370576664433,23156.0,0.8414352761426855,3.609302648799922,2
TX001369,AC00316,0.6074871087663749,18725.0,0.6797402593958807,1.9751395135371355,0
TX001370,AC00167,0.10329850512695964,16623.0,0.6041132003970827,0.36246526492027,0
TX001371,AC00405,-0.5366206859396033,8261.0,0.3000395768918682,-1.8079511006572295,0
TX001372,AC00098,-0.1856457800604187,14286.0,0.5195406609624192,-0.6705907810291739,0
TX001373,AC00116,-0.7307672953047648,6757.5,0.24617825656288161,-2.486613413873165,0
TX001374,AC00267,0.877463115759567,22546.0,0.8187064364911116,3.0013680190212813,1
TX001375,AC00447,-0.4061507463914166,11200.0,0.40675311829989197,-1.3927291074682469,0
TX001376,AC00042,0.301763501409778,17736.0,0.6439533958142389,1.0763065967588075,0
TX001377,AC00074,-0.7591573337144454,5414.0,0.19579535751668048,-2.544549763628559,0
TX001378,AC00063,1.2127062529870056,23296.0,0.8463046440743504,4.0885746112307775,1
TX001379,AC00085,-0.2074298028052275,13608.0,0.49410562251009704,-0.6980702735453796,0
TX001380,AC00126,-0.6570532255084545,5083.0,0.18423910999663953,-2.2037086327035342,0
TX001381,AC00471,-0.7337918624950404,5920.5,0.21486803544334557,-2.4821214375876903,0
TX001382,AC00304,0.4962473453891892,18811.0,0.6825095268997511,1.7436807857837864,0
TX001383,AC00242,0.7578054627568016,21251.0,0.7727868158507171,2.218523668267105,0
TX001384,AC00261,-0.4354828303090955,8616.0,0.3132317235154839,-1.4527777753241138,0
TX001385,AC00338,-0.9527187219510119,3746.0,0.13599902513201936,-3.220908252279496,0
TX001386,AC00292,-0.5948289846016892,7219.5,0.2614793326300656,-1.9742078367115623,0
TX001387,AC00024,-0.3868027961652362,9799.5,0.3559730039433458,-1.2876601927996512,0
TX001388,AC00441,-0.20860247105663046,12715.0,0.4625487313457662,-0.6827973944453081,0
TX001389,AC00412,0.4272856027224874,17068.0,0.6193260767060069,1.3073991576567916,0
TX001390,AC00315,2.028480206708874,21279.0,0.7736377160125681,6.725228257693262,0
TX001391,AC00120,-1.1853134736614732,2020.0,0.07294023581969668,-4.015389227696546,0
TX001392,AC00462,-0.6294126125316751,8322.0,0.30149142265637546,-2.1329867098624278,0
TX001393,AC00481,0.7529277659117874,22590.0,0.8203485128924121,2.5846519580925564,0
TX001394,AC00166,0.5045826821382701,20561.0,0.7470384829376407,1.7209298320033504,0
TX001395,AC00438,-0.5826151424909312,7189.0,0.2613235291281585,-1.9575117028528812,0
TX001396,AC00090,-0.2095650771755067,12806.0,0.46445814913937283,-0.6921388182212732,0
TX001397,AC00041,-0.20918132850087545,12268.0,0.4470529950673223,-0.72735011463241,0
TX001398,AC00141,0.6501358798892991,21682.0,0.7872958116836625,2.2526832630976834,0
TX001399,AC00410,0.10281136797610027,16885.0,0.6135916460274612,0.3390480172925306,0
TX001400,AC00362,0.18534775559981698,18285.5,0.6620167032925178,0.6752243190705676,0
TX001401,AC00315,-0.9206277357846777,4717.5,0.17060896283110918,-3.1160529063155016,0
TX001402,AC00092,-0.5684636853754307,6991.0,0.25340052706512184,-1.909545440763413,0
TX001403,AC00133,-0.6148750449682496,7151.0,0.25960524596613416,-2.0607487560465434,0
TX001404,AC00069,0.604839635893158,19797.0,0.7193214301727907,2.065049131756843,0
TX001405,AC00498,-0.2245829211046693,13504.0,0.4903634155478425,-0.7586506206952337,0
TX001406,AC00006,-0.601911652072601,6802.0,0.2459656520550574,-2.038019082167858,0
TX001407,AC00104,0.012413163958285386,16274.5,0.5998407643312101,0.0265846696995086,0
TX001408,AC00311,-0.7536384070127373,5218.5,0.18900031495178454,-2.520260505505223,0
TX001409,AC00144,-0.42278912510621647,11545.0,0.41846467212470595,-1.440335168540103,0
TX001410,AC00157,-0.8411616215187476,3551.0,0.12883592108872796,-2.817733035960711,0
TX001411,AC00171,-0.6711025222442905,6007.0,0.21843599740999464,-2.246446429335735,0
TX001412,AC00374,0.14046683864240053,18066.5,0.6565721234765276,0.48360681371004294,0
TX001413,AC00219,0.8352227439164218,22216.0,0.8072029521335966,2.8315897871904747,0
TX001414,AC00405,-0.03665844431209589,14657.0,0.5327665868579889,-0.0914527352337049,0
TX001415,AC00075,-0.3765519106731422,10203.5,0.3712036286832966,-1.269489297572526,0
TX001416,AC00136,2.3884012839208544,21589.0,0.7849013404193667,7.919344210018601,1
TX001417,AC00056,-0.11184224742390193,14240.0,0.516879872833245,-0.3410325651826622,0
TX001418,AC00368,-0.20492501753339773,13683.5,0.4973832213504766,-0.7025360876476516,0
TX001419,AC00261,0.28767230614832995,17884.0,0.6494321466332583,1.0244548862374314,0
TX001420,AC00090,-0.36140838507817025,9109.0,0.33036236450323436,-1.1932937189159694,0
TX001421,AC00297,-0.4464778625238821,11452.5,0.41445748922317677,-1.5101441375833387,0
TX001422,AC00144,-0.5004640922422632,8661.0,0.31421722850143696,-1.6731859953164467,0
TX001423,AC00207,2.7168913705964775,25223.5,0.9560907643312102,8.848391420684361,3
TX001424,AC00443,0.9453057887174333,23397.0,0.8500592658983757,3.1849411218106862,0
TX001425,AC00179,0.6379485289641106,20075.0,0.7297700430108667,2.1338156168777784,0
TX001426,AC00175,-0.28313982993590725,11817.0,0.4291038470643312,-0.9392205708229653,0
TX001427,AC00386,-0.5026512447879712,9035.5,0.3286023318485319,-1.7040340162914833,0
TX001428,AC00067,-0.6111969333649278,6224.5,0.22697686484482385,-2.067644288202848,0
TX001429,AC00369,0.632657278145323,19896.5,0.723096346679832,2.170058021886998,1
TX001430,AC00257,-0.15392563152013086,13807.5,0.5011581227909381,-0.4860428199337918,0
TX001431,AC00059,-0.43213495818574904,10963.0,0.3982904614809026,-1.4878100366443228,0
TX001432,AC00341,0.10139326811968875,16951.0,0.6159238320507856,0.34048455919024606,0
TX001433,AC00357,-0.26037902904462545,11055.0,0.40364849886241294,-1.0267340445764048,0
TX001434,AC00455,-0.5715392570487184,6545.0,0.23699630615675896,-1.9201700131146406,0
TX001435,AC00346,0.38370324514502285,16928.5,0.625875796178344,1.191421329182146,0
TX001436,AC00118,-0.21359313848329609,12078.0,0.437263334164205,-0.6867161097661276,0
TX001437,AC00275,-0.12458568441417853,14213.0,0.5150989428323337,-0.37783605843722995,0
TX001438,AC00028,-0.007760373837861148,13991.0,0.509159636801411,-0.016109795189699582,0
TX001439,AC00179,0.680042445887951,22518.0,0.817802501968298,2.340197652947956,1
TX001440,AC00090,-0.3836876751449747,9063.0,0.32919813974746964,-1.2825294696363256,0
TX001441,AC00367,0.25077239464670537,17385.0,0.6315705957253341,0.9047288484810238,0
TX001442,AC00441,-0.5519217659107148,8351.0,0.3037922099273574,-1.8408078106880361,0
TX001443,AC00266,0.05916448920265176,14951.0,0.5430733026473307,0.2493119485962538,0
TX001444,AC00072,-0.20808801871741067,11716.0,0.42514703173913654,-0.6676114429721701,0
TX001445,AC00245,-1.0498007296393324,3095.0,0.11203499713373385,-3.5610119291788163,0
TX001446,AC00119,-0.3448444075691424,12277.0,0.44723948919232037,-1.217799629368962,0
TX001447,AC00061,-0.6001316327845029,7499.0,0.2720833271058137,-2.035591732304376,0
TX001448,AC00080,0.7053974428523712,23470.5,0.8521706511944541,2.410715216797542,0
TX001449,AC00254,-0.005535772887254313,15160.0,0.551548524993889,-0.023999140432799115,0
TX001450,AC00218,0.010479311355575317,16428.0,0.5979063721748957,-0.04781443642168517,0
TX001451,AC00268,-0.3504488825498026,11677.0,0.42567800814511353,-1.2082326320853627,0
TX001452,AC00460,0.8738433335375954,23859.5,0.8670208447939785,2.8621896409357097,0
TX001453,AC00257,1.1611618013949572,23228.0,0.8440740971984841,3.8952338176446517,1
TX001454,AC00398,-0.18501619723230156,7672.0,0.28140028913369336,-1.5064388761747645,0
TX001455,AC00162,0.4769128067757002,19946.5,0.7460191082802548,1.4468588183742208,0
TX001456,AC00015,0.12289211022770907,17172.0,0.6234776426419404,0.43021129630484284,0
TX001457,AC00462,-0.9851177197879707,2279.0,0.0824891026441486,-3.3306755418058933,0
TX001458,AC00218,-0.01496220753321049,16053.5,0.5833870256016146,-0.04346023601960348,0
TX001459,AC00217,0.40244215119678434,19129.5,0.6956403073437644,1.3176794409335526,0
TX001460,AC00460,4.698590580040623,25601.0,0.9302428202323193,15.346531768510669,2
TX001461,AC00068,-0.14993946791684998,13167.0,0.4790457925189731,-0.5003377813875006,0
TX001462,AC00214,0.11206757835247451,16193.0,0.5965963375796177,0.3603951885036745,0
TX001463,AC00266,0.32332270903342514,18468.0,0.6705239722543509,1.1570703525802135,0
TX001464,AC00193,0.3008961895312181,16776.5,0.6198248407643312,0.9542394082550055,0
TX001465,AC00132,-0.4421480710826554,10680.5,0.3874105075291918,-1.4668022842851405,0
TX001466,AC00241,-0.23719387384017543,11226.0,0.4075647850878949,-0.7702155529143904,0
TX001467,AC00015,0.071435211765188,14802.0,0.538537840257612,0.23210730317798026,0
TX001468,AC00352,-0.23762326003625361,12981.0,0.472118902314082,-0.8181690358195214,0
TX001469,AC00396,0.06838905377607557,16884.5,0.613495656847435,0.22092382533077262,0
TX001470,AC00174,-0.6609098433457524,7316.5,0.2663040130859875,-2.2233339036634905,0
TX001471,AC00024,0.9119572424397391,23073.0,0.8379939789125739,3.1301412727208926,0
TX001472,AC00250,-0.29938306327555336,11664.5,0.4163216560509554,-0.9599203685193323,0
TX001473,AC00373,-0.7732199592447858,5036.0,0.18217025765538947,-2.602468936214329,0
TX001474,AC00030,-0.5356108992738299,7749.0,0.28083083268285886,-1.8038405850838943,0
TX001475,AC00422,-0.7061704090427292,5172.0,0.1874086362599783,-2.3658767587674747,0
TX001476,AC00229,-0.4388640855745662,11866.5,0.43239346903540615,-1.5422684559506905,0
TX001477,AC00002,0.36031527845976097,19581.0,0.7111248792865624,1.2196706813268647,0
TX001478,AC00227,0.4521480706776402,19460.0,0.7061094860632932,1.5459590364740756,0
TX001479,AC00393,0.8501995531498203,22040.0,0.8008368400295643,2.8580271317499935,1
TX001480,AC00042,-1.0128307358602275,2361.0,0.0854019847868525,-3.41016884737852,0
TX001481,AC00111,-0.18441607965891976,13232.5,0.48226809701141726,-0.654924735136164,0
TX001482,AC00178,-1.1242925706934928,2889.0,0.10534058425544819,-3.8248640116184625,0
TX001483,AC00218,-0.9550240101903521,3005.0,0.10870166701460424,-3.240191949350099,0
TX001484,AC00198,0.8411768972906334,22653.0,0.8537619426751594,2.619415747971547,0
TX001485,AC00060,-0.6477078073739865,6646.0,0.24059513954545697,-2.1902165653215864,0
TX001486,AC00397,-0.08914417595219085,16351.5,0.5940638971239466,-0.2994317253018967,0
TX001487,AC00338,0.0009644850606715678,15122.0,0.5497805221184624,0.02730239057294612,0
TX001488,AC00101,-0.012446331430816235,15554.0,0.5642146671828677,-0.0027323767536400574,0
TX001489,AC00384,1.413635951887586,24032.0,0.8731641673822288,4.777631280393905,0
TX001490,AC00368,-0.6906454604267906,6856.0,0.24805415121639127,-2.334696205176557,0
TX001491,AC00233,0.6726980084325291,21616.0,0.785285146473673,2.289167711881582,1
TX001492,AC00375,2.1622232552743643,25979.0,0.9436905864491423,7.590868789087658,2
TX001493,AC00277,0.27508122136356344,18823.0,0.6835586731188591,0.9378578991952115,0
TX001494,AC00202,0.5461504163479459,20538.0,0.7452465242003021,1.9003022287903992,0
TX001495,AC00142,-0.25890211859360507,13748.0,0.4992635350318471,-0.811974516646421,0
TX001496,AC00178,-0.4169811391740114,8944.0,0.3244738931126205,-1.4146508628236425,0
TX001497,AC00130,-0.053761629133180666,15171.5,0.5523359496549634,-0.1934199982665272,0
TX001498,AC00018,0.23207092040379504,17992.0,0.6521705879148191,0.825132527653382,0
TX001499,AC00293,0.2076784044093864,18404.5,0.6678480422124585,0.7493626928070236,0
TX001500,AC00449,-0.34390805914719796,11067.0,0.4019166557785516,-1.1529143356378704,0
TX001501,AC00496,0.1607440523207979,15110.0,0.5478612809148138,0.5188713235885114,0
TX001502,AC00370,-0.391230789347414,10358.0,0.3758453255273183,-1.3052747827013897,0
TX001503,AC00341,-0.04090368823994443,14109.0,0.5132427703318071,-0.11355130132236259,0
TX001504,AC00400,-0.2946736391375109,10669.0,0.3873241308270901,-0.9768915244374747,0
TX001505,AC00301,0.06550580202978896,15613.0,0.5672879180011638,0.27370267323005026,0
TX001506,AC00249,-0.5844158177203613,6475.0,0.2348044201247079,-1.9243786057690275,0
TX001507,AC00239,0.30693122767075026,18029.0,0.6539106874844213,1.0254454659204497,1
TX001508,AC00419,-0.34532976736561954,12051.5,0.43642694311871943,-1.1425228204456455,0
TX001509,AC00435,0.06348788433025083,14718.5,0.5378980891719746,0.18911865072022063,0
TX001510,AC00012,-0.9104897191296045,3429.0,0.12464283165881355,-3.0806064350086118,0
TX001511,AC00438,-0.7937725581398767,5832.0,0.21297617021522788,-2.6854955026635703,0
TX001512,AC00345,-0.3928802758981872,8314.0,0.30125659494331836,-1.2886828892585007,0
TX001513,AC00026,0.2277153917544141,18304.5,0.6649135244611346,0.783017663179907,0
TX001514,AC00416,-0.2129704933945729,12880.0,0.4682250652925303,-0.711626548691326,0
TX001515,AC00272,-0.4017412401189045,14072.0,0.5123860243369861,-1.3945762066589056,0
TX001516,AC00468,-0.7718765386001889,7624.0,0.2775417983083967,-2.6601817652919184,0
TX001517,AC00040,0.41608629845043443,18764.0,0.6815908572618746,1.328497879968922,0
TX001518,AC00302,0.20451478402120934,18292.0,0.664466122373413,0.7075280544338463,0
TX001519,AC00271,-0.9469487348404481,3368.0,0.12182866574708298,-3.1990395688200146,0
TX001520,AC00495,-0.5230219904390818,6853.0,0.24888362670174002,-1.7386722047826175,0
TX001521,AC00246,-1.097829750125861,1552.0,0.056024896257558014,-3.70166614615442,0
TX001522,AC00139,-0.039423075631149024,14506.0,0.5267467047581946,-0.10243756630573372,0
TX001523,AC00298,-0.15021977962149663,13663.0,0.49607783780838877,-0.488798855944546,0
TX001524,AC00246,0.08527122989232784,18454.0,0.6699129019100566,0.30313416802013254,0
TX001525,AC00323,0.8486946664836099,22330.0,0.8113153449620009,2.900720205809339,0
TX001526,AC00310,0.9749921834921005,22695.0,0.8241368537220719,3.499627597300047,0
TX001527,AC00083,-0.5144272045761988,7596.0,0.2753004034950608,-1.7207436124137379,0
TX001528,AC00222,-0.044269575562929146,15048.0,0.5477455093154855,-0.1776434546383263,0
TX001529,AC00459,-0.666090231366218,6138.0,0.22275425998504436,-2.247563352140096,0
TX001530,AC00091,0.27461125398463093,19136.0,0.6943077135585237,0.9699911235819161,0
TX001531,AC00122,0.48058945681292403,20227.5,0.7356403591727989,1.5126445392391157,0
TX001532,AC00432,1.6573338753135587,26131.0,0.9491384206463731,6.011060890669134,1
TX001533,AC00218,1.040246716771566,24519.5,0.890546555852173,3.5175023204177007,1
TX001534,AC00294,-0.5436703295992172,6276.0,0.22809485026712445,-1.8288321883161436,0
TX001535,AC00407,1.0482171714717141,23231.0,0.8440500810702527,3.6232105929494205,0
TX001536,AC00480,0.29110870851681525,17769.0,0.6433196352007375,1.0352131514999772,0
TX001537,AC00367,-0.39038459777803447,10806.5,0.3926433114992477,-1.3040949143195455,0
TX001538,AC00324,0.2349682533360523,15855.5,0.574905505424692,0.7282852865266749,0
TX001539,AC00253,-0.6527331597538301,7273.5,0.2645473101454251,-2.1991135170164267,0
TX001540,AC00344,-0.015284182481054795,14164.0,0.5149829603008881,-0.0382568223685466,0
TX001541,AC00153,0.10015273300957386,17167.0,0.6243043458766026,0.3242075787894263,0
TX001542,AC00016,-0.10209819828025639,14060.0,0.5101883527382846,-0.33269037416095437,0
TX001543,AC00291,0.49517690912253126,20395.0,0.74129115526677,1.653092542434756,0
TX001544,AC00362,0.812242632759587,21811.0,0.7927432541498182,2.7402588305760807,0
TX001545,AC00202,0.2504734807847091,17534.0,0.6378628213219345,0.857024399661819,0
TX001546,AC00163,0.8763018798124204,20334.5,0.7614649681528662,2.7636817621352074,1
TX001547,AC00123,-0.16567429614642382,14807.0,0.5368178395054882,-0.5343710914336848,0
TX001548,AC00054,-0.44152358485185644,9210.5,0.3336146816226779,-1.469883452652237,0
TX001549,AC00172,0.2705535670981462,18138.0,0.6592110801315445,0.9069775206966891,0
TX001550,AC00176,-0.541055434760683,8947.5,0.32414147916207636,-1.8102418734235781,0
TX001551,AC00093,1.0226512192408432,21905.0,0.796425194792797,3.145299529319006,0
TX001552,AC00310,-0.1684693661351226,14451.5,0.5241462281480352,-0.5537183484183525,0
TX001553,AC00127,0.795436201735051,22865.0,0.8622014331210192,2.455458615162829,0
TX001554,AC00286,-0.4342994269250982,8340.0,0.3025074525330416,-1.4184846689701887,0
TX001555,AC00497,-0.3662789781331899,11317.0,0.41075034219216083,-1.2316329446367742,0
TX001556,AC00475,0.15623646603502073,18103.0,0.6575301018211518,0.5380399173317649,0
TX001557,AC00470,0.1419728408914746,16524.0,0.600724304731581,0.4841838440193273,0
TX001558,AC00245,1.5790081374998515,24982.0,0.9078163969708701,5.34903748207191,1
TX001559,AC00480,0.19546778372146847,17460.0,0.6346593952540033,0.647115560092049,0
TX001560,AC00011,0.32647089232918486,18549.5,0.6749335533696827,0.9195173594840964,0
TX001561,AC00362,0.7522650801485826,21412.0,0.7767306739172675,2.612942712683034,0
TX001562,AC00015,-0.9460066227563214,2485.0,0.08985141700580533,-3.1937772308467753,0
TX001563,AC00112,0.8553911632109846,21071.5,0.7908041401273886,2.654374332113308,0
TX001564,AC00057,0.37820977714876586,20275.0,0.736941735004655,1.2902481157736532,0
TX001565,AC00393,-0.08008414415487645,15746.0,0.5710835811886157,-0.28608701567425754,0
TX001566,AC00233,-0.6308681179779593,8768.5,0.3182965803202986,-2.1490922358619455,0
TX001567,AC00466,0.3411284695726963,19768.0,0.7176123074912963,1.1640742063331253,0
TX001568,AC00453,-0.2775342576487126,13598.0,0.4940039230963195,-0.961263910974578,0
TX001569,AC00203,-0.14135009761550787,12698.0,0.46137995648289626,-0.43503544174957504,0
TX001570,AC00228,-0.566312666839216,7072.0,0.25638328800502574,-1.8840212388738307,0
TX001571,AC00131,-0.05112822476054576,15809.0,0.5750987644440287,-0.2240871725779997,0
TX001572,AC00247,0.14667663840493467,17286.0,0.6272867452185907,0.5334001702000494,0
TX001573,AC00425,-0.8167086796464718,3616.5,0.13111852299786853,-2.7580889054485027,0
TX001574,AC00123,-0.4436241692278173,9171.5,0.33291260913627757,-1.4695121630675385,0
TX001575,AC00139,-0.30936222707833255,11181.5,0.406226134537567,-1.0087689283826697,0
TX001576,AC00379,0.7105934416296841,18759.5,0.698765923566879,2.050290696853543,0
TX001577,AC00059,0.8192210780897811,21872.5,0.7945778061083048,2.765234900036071,1
TX001578,AC00233,-0.16581900047176273,13598.5,0.49326793573874694,-0.5109544349808212,0
TX001579,AC00007,-0.6125845395063219,7027.0,0.25489892856126933,-2.0638190087417727,0
TX001580,AC00028,0.6945064638937828,20356.0,0.7400222780475834,2.3359795200408424,0
TX001581,AC00428,-0.11426658181568655,14242.0,0.5177444534495718,-0.3889710220371178,0
TX001582,AC00242,0.09648844402306167,13798.0,0.5030914813798769,-0.35409424864110833,0
TX001583,AC00447,-0.31133051524398087,11455.0,0.415704776033483,-1.0520807338296971,0
TX001584,AC00081,-0.19247974722849118,11951.0,0.4347687002772732,-0.61783316716024,0
TX001585,AC00358,0.7270392163439994,19527.0,0.710377155063311,2.332715587177901,0
TX001586,AC00254,-0.46398564954990534,8650.0,0.3157118030863105,-1.6028097212324033,0
TX001587,AC00241,-0.31321987827010683,11420.0,0.41472650300584296,-1.0412108916473408,0
TX001588,AC00140,2.091041904369604,25440.0,0.924194160965071,7.3813923288276335,2
TX001589,AC00132,-0.1820100398320758,15034.5,0.5450841938560175,-0.590980660833482,0
TX001590,AC00035,0.4374256036660492,18920.0,0.6868088959837079,1.544437378323477,0
TX001591,AC00172,-0.15360079669577,15158.0,0.5518357844047158,-0.5428565680733989,0
TX001592,AC00016,-0.22715875001891456,11963.0,0.43496266742586154,-0.7403478199615199,0
TX001593,AC00382,1.3392483455948876,24073.0,0.8746313810581512,4.529608770308009,2
TX001594,AC00413,0.17691363651768377,17021.0,0.6175257108171293,0.6349994511480881,0
TX001595,AC00297,-0.2627681531927946,10284.0,0.3727545974764323,-0.8563660136636545,0
TX001596,AC00207,0.1132070487453698,15226.5,0.5581210191082803,0.3745788916557694,0
TX001597,AC00411,-0.5035125526348887,10024.5,0.36341137439992827,-1.6797533335224348,0
TX001598,AC00105,0.2893075911096329,17429.0,0.6336750654612759,0.9898622169826576,0
TX001599,AC00002,-0.29112971544003713,11979.5,0.4354288726051973,-0.9657067572215287,0
TX001600,AC00410,0.03055059515162101,15610.0,0.5664965308295972,0.13177102228576099,0
TX001601,AC00492,-0.7692373480966704,4952.0,0.17987112770818758,-2.5947979944159436,0
TX001602,AC00095,0.1667466118937375,16943.0,0.6149912710263161,0.5888879387205366,0
TX001603,AC00058,-0.6388316061357872,6408.0,0.23252719698456262,-2.155070817847828,0
TX001604,AC00405,-0.33483383461297556,10186.0,0.3707244361121571,-1.1263010685898232,0
TX001605,AC00258,0.6827085229276246,20970.0,0.7623042128085696,2.2850524559374596,0
TX001606,AC00257,1.9670572302480636,23786.0,0.8644603247534985,6.476305120355069,1
TX001607,AC00317,-0.33462241591645614,10476.0,0.3807090585581307,-1.1237597711836127,0
TX001608,AC00409,-0.5764457149091672,7334.5,0.26626432771474456,-1.9502925730504328,0
TX001609,AC00337,-0.8205529135678323,3301.0,0.11952161077889635,-2.7554671442535827,0
TX001610,AC00273,0.6007293732288654,21365.0,0.7751026697015178,2.0672317158736897,0
TX001611,AC00056,-0.8276429825049655,6640.0,0.24029513380810338,-2.8190286617223954,0
TX001612,AC00259,-0.038256496151428766,14153.0,0.5136203086889086,-0.07985025681153535,0
TX001613,AC00102,0.3366193419803967,19545.0,0.7098999362141277,1.1627515611814334,0
TX001614,AC00165,-0.7316662488852873,5861.0,0.21302133982152488,-2.486598302610986,0
TX001615,AC00455,-0.2069349067808109,13381.0,0.48618717055416577,-0.697001327899133,0
TX001616,AC00030,0.5207856712977343,20804.0,0.7562486229146046,2.094387107079297,0
TX001617,AC00114,0.9838151686877679,22810.0,0.8287577737525234,3.360150915030406,1
TX001618,AC00331,0.11535987689577983,16079.0,0.5840065784303469,0.43100646239466645,0
TX001619,AC00305,0.3099921224113305,18749.0,0.6820987516675691,0.8473659779481881,0
TX001620,AC00015,-0.4248554403512138,10281.0,0.3732542655295457,-1.3872362042161752,0
TX001621,AC00270,0.46926359046805477,18636.5,0.6938694267515924,1.4872708371445857,0
TX001622,AC00063,-0.3231593437839332,10995.0,0.39893476870027733,-1.0602229159803918,0
TX001623,AC00087,-0.59577888363382,6691.0,0.24298771242069558,-1.9989207966009601,0
TX001624,AC00130,-0.2737178113612792,10764.5,0.3930309143316682,-1.0118304722286122,0
TX001625,AC00324,-0.6350642821758224,6760.5,0.24475380184048517,-2.105997516115364,0
TX001626,AC00220,0.6358462895449158,21160.0,0.7684494187192974,2.203077535846826,1
TX001627,AC00257,0.275255937665632,18110.0,0.6561741699037715,0.9725989590760672,0
TX001628,AC00141,0.817071399155419,22903.5,0.8320719241155434,2.744937361687744,1
TX001629,AC00422,-0.6280285772749925,5812.0,0.21029672966023777,-2.099141756623768,0
TX001630,AC00334,-0.39084021961663157,9590.0,0.347908933493465,-1.2970587987043707,0
TX001631,AC00175,-0.44831615250907714,8758.0,0.31805082933687284,-1.5068928207811012,0
TX001632,AC00380,0.7607555408349463,21482.0,0.7806030862623167,2.5690578210114263,0
TX001633,AC00118,-0.5070248022545822,7545.0,0.2749910564782195,-1.7394068793044877,0
TX001634,AC00196,-0.5857469840943109,8181.0,0.2965626622670647,-1.9683716250418912,0
TX001635,AC00358,0.24905734048060119,17066.0,0.6203292999898271,0.7790357802945971,0
TX001636,AC00465,1.2274145547222548,23663.0,0.8592300218356926,4.179816377161778,2
TX001637,AC00126,-0.6487475541177739,7530.5,0.2726581623256435,-2.1735995379106554,0
TX001638,AC00041,-0.6434170159917172,5433.0,0.19732157191917368,-2.1808375502629804,0
TX001639,AC00403,-0.3097938327210784,9903.0,0.3596490535536156,-1.0243035273020242,0
TX001640,AC00155,0.5517800815184849,22036.0,0.8004103352880514,1.856356336987124,0
TX001641,AC00261,1.1333669287697046,23202.0,0.8427834638380389,3.8529291720401995,2
TX001642,AC00480,1.100927103987574,23246.0,0.8441239073113652,3.7687617075395856,2
TX001643,AC00291,-0.2688648863261431,12167.0,0.4415018342656935,-0.8759903101580261,0
TX001644,AC00154,0.16706060640674258,16075.0,0.5846937952690457,0.5845189335250727,0
TX001645,AC00106,-0.6941849399459892,5168.0,0.1878654850932465,-2.336875044866613,0
TX001646,AC00378,0.6744090654398435,20738.0,0.7539462687193215,2.053051043278928,0
TX001647,AC00303,-0.8047142052786492,4035.5,0.14665831395570278,-2.7010699103942306,0
TX001648,AC00004,-0.14711988577128252,12356.0,0.44853066494963917,-0.44081902039005183,0
TX001649,AC00157,-0.7018607223510678,5156.0,0.1882399800012246,-2.3667326538293727,0
TX001650,AC00434,0.09943241127100624,15897.0,0.577125008497551,0.38049667075776933,0
TX001651,AC00438,0.3226876722500626,19063.0,0.6933927804324421,0.9842333912155212,0
TX001652,AC00279,0.016205111646068776,17297.5,0.6272421933420664,0.07274387294515533,0
TX001653,AC00458,-0.23315820409359045,10765.0,0.3931037009787733,-1.1144740655131984,0
TX001654,AC00166,-1.030477132421736,2268.0,0.08206449629169285,-3.4704339794345778,0
TX001655,AC00129,-0.4870724557671371,7829.0,0.28390998960044395,-1.6221588178833741,0
TX001656,AC00292,-0.6611876537086794,6251.0,0.22704591498013382,-2.215315935908111,0
TX001657,AC00185,-0.3989584471232039,10464.0,0.3798737071066526,-1.360493816236122,0
TX001658,AC00498,-0.731911116454941,5006.0,0.18115748215996416,-2.476662530671298,0
TX001659,AC00171,-0.6141365709822741,5768.0,0.20918499686856204,-2.0617769269709387,0
TX001660,AC00456,1.5520596607869002,26024.0,0.9452975878526243,5.520697236513079,1
TX001661,AC00459,-0.5767768921962309,6685.0,0.24317330255090452,-1.9382921902188244,0
TX001662,AC00090,-0.5503027224332099,7938.0,0.28940594645361634,-1.8788134471465587,0
TX001663,AC00289,0.20978150426219966,16909.0,0.6145629582952249,0.728453713280083,0
TX001664,AC00063,0.05693999957921718,14933.0,0.5415435023988405,0.2535447890473036,0
TX001665,AC00394,-0.2768797994364011,10723.5,0.3899594112366311,-0.9255217110316551,0
TX001666,AC00241,1.0150508388656665,24405.0,0.8866381494479364,3.6972703764770967,0
TX001667,AC00296,-0.2850756543414285,12650.0,0.46103830671892326,-0.9949114006217605,0
TX001668,AC00495,-0.6770992821876032,5598.5,0.2038728372226002,-2.2676742740754925,0
TX001669,AC00368,-0.33111122687389355,9974.5,0.3624338547012792,-1.0933038944817473,0
TX001670,AC00017,-0.06783843689087647,13980.0,0.5076511406967846,-0.23391771240287132,0
TX001671,AC00458,-0.6964682621220112,6378.0,0.23162711950618256,-2.371121463939692,0
TX001672,AC00335,1.9146273593389795,24093.5,0.9111066878980891,6.348565066954437,1
TX001673,AC00344,0.8043565525526987,22360.0,0.8118027488191418,2.777223606117885,2
TX001674,AC00002,-0.6014936477740049,7742.5,0.2818535069212252,-2.0424101850913905,0
TX001675,AC00285,0.6221033444439076,21540.0,0.7822098767336811,2.143217931788677,0
TX001676,AC00091,-0.0527161703723351,14523.0,0.5276171613406508,-0.18091875059120432,0
TX001677,AC00399,0.19459825577402376,16630.0,0.6044179069073399,0.6949918334013275,0
TX001678,AC00133,0.4409667796619405,19778.0,0.7187349183536014,1.5146494944436955,0
TX001679,AC00322,-0.20502780887880898,12782.0,0.4639641461202713,-0.6835237737294225,0
TX001680,AC00247,-0.167030337843386,12254.0,0.44525362357271275,-0.5313967295402616,0
TX001681,AC00332,-0.5567780270625543,8571.5,0.31155497891402023,-1.8932530064802353,0
TX001682,AC00230,-0.5914821565569612,5705.5,0.20706234177077876,-1.9780342902063963,0
TX001683,AC00019,-0.1550941815174725,11983.0,0.43458600293038946,-0.44938640639898947,0
TX001684,AC00446,-0.08025576252635395,13338.0,0.4842663925593756,-0.2214933013847145,0
TX001685,AC00219,-0.5400175084879222,7259.0,0.26289060409512055,-1.7764705770648863,0
TX001686,AC00050,-0.48027811935447207,9294.5,0.339594727685431,-1.6894424176971432,0
TX001687,AC00449,1.4828818161164437,24856.0,0.9029051138141494,5.304578568982395,2
TX001688,AC00426,-0.6368456253240882,6160.0,0.22618061116797572,-2.214513526326424,0
TX001689,AC00354,-0.2608421811659585,13042.0,0.47555953661468175,-1.0507511853497646,0
TX001690,AC00313,0.12668966942660576,18055.5,0.655784563216235,0.4544058035532442,0
TX001691,AC00442,0.25016015085164933,17613.0,0.6397870947632426,0.8883738200712202,0
TX001692,AC00318,-0.0759284926509164,14027.0,0.5100630590605107,-0.2422517815073212,0
TX001693,AC00232,0.2710204010613851,19459.0,0.706928475209088,0.9404853963501315,0
TX001694,AC00424,-1.107884406981051,1578.0,0.05694760373882602,-3.735015543535315,0
TX001695,AC00393,-0.8917020436364443,3934.0,0.14224255554264517,-3.0152957661410102,0
TX001696,AC00175,-0.3444445700447869,11046.0,0.4005964919216616,-1.1333242707811635,0
TX001697,AC00108,0.915155752357065,19264.0,0.6986218177575432,2.863038585930416,0
TX001698,AC00067,-0.6476900064243749,7299.0,0.26454370923284837,-2.1884648105989895,0
TX001699,AC00356,-0.4880379115861891,8374.0,0.30339981592255444,-1.6373376457440454,0
TX001700,AC00244,-1.0885284623732046,2524.0,0.09131751575482118,-3.6853377825732876,0
TX001701,AC00244,-0.23222499409646652,11478.5,0.41709552681682466,-0.7636003647476225,0
TX001702,AC00411,-0.37252116890539555,10854.0,0.39490262047598823,-1.2716981923563995,0
TX001703,AC00294,-0.5812570379391574,7756.0,0.2810576449754523,-1.9236142992201577,0
TX001704,AC00205,2.5470681830908206,26888.0,0.9765408229582856,8.991609962138126,3
TX001705,AC00155,-0.8003229714082212,3796.5,0.13791113984341363,-2.6930562495859154,0
TX001706,AC00305,0.3392263361032995,19948.5,0.7249268457283474,1.1531524020526884,0
TX001707,AC00048,0.1568474389768796,18713.0,0.6801479007794605,0.5112012492085932,0
TX001708,AC00366,0.2560393225509585,14794.5,0.5375355360351608,0.7758101326508127,0
TX001709,AC00185,-0.2004368577595474,12864.0,0.4681051051840124,-0.7002860715398822,0
TX001710,AC00215,0.12665986758992245,16280.0,0.5921276457516825,0.43458627956639634,0
TX001711,AC00283,0.6314505835273053,18552.5,0.6905254777070063,1.9686268382377408,0
TX001712,AC00197,0.09218420984520792,15732.0,0.5718663201433662,0.344688088082168,0
TX001713,AC00390,-0.5108168204066771,8825.0,0.3205534485111085,-1.710359381393606,0
TX001714,AC00320,-0.2231478793073443,11549.0,0.419625371300793,-0.7254150708581386,0
TX001715,AC00020,0.3952318935610375,19513.0,0.7089639400094594,1.3508310107735813,0
TX001716,AC00500,0.49656041658659417,19620.0,0.7129091842013532,1.7255341920887841,0
TX001717,AC00289,-0.21760536310830947,13214.0,0.4785839114480453,-0.6937792637438356,0
TX001718,AC00121,1.061330866181917,22968.0,0.8663017515923567,3.264695997016591,1
TX001719,AC00023,-0.37548915144124545,9353.0,0.33894079292155205,-1.2354857162873998,0
TX001720,AC00490,-0.07849108080517388,13541.0,0.4916079753072015,-0.21920599992611114,0
TX001721,AC00197,0.18545000469773038,17033.0,0.6190670821989204,0.6473276777741606,0
TX001722,AC00494,0.9880349364730642,21866.0,0.7948397687316159,3.2833669836116535,0
TX001723,AC00193,-0.6148881797241854,8698.5,0.2982484076433122,-1.9096798083003,0
TX001724,AC00451,-0.2705810515988737,10702.0,0.38782397967916143,-0.8875488585544729,0
TX001725,AC00261,0.058920269754360446,17018.0,0.6176077332776634,0.21202219558097982,0
TX001726,AC00246,-0.32505525757783305,11885.0,0.43174043826631636,-1.0950876368251925,0
TX001727,AC00120,0.043329783565089076,16902.0,0.6142681957276483,0.12017722168153154,0
TX001728,AC00189,0.34972185040398146,19777.0,0.7180523721546463,1.2077931115021208,0
TX001729,AC00499,-0.2325505274314166,10946.0,0.3969476676211245,-0.7465424993018797,0
TX001730,AC00287,0.6863431779904278,20020.5,0.7489649681528664,2.1722186523679343,0
TX001731,AC00087,-0.3185799261638457,11859.0,0.4319016205372188,-1.090556154297748,0
TX001732,AC00333,1.6524512225123429,25724.0,0.9346610344978875,5.629756988968671,1
TX001733,AC00423,0.32226502559641307,18151.0,0.6598224216742755,1.0917827334753591,0
TX001734,AC00108,1.3454798190719157,24773.0,0.9001582352478898,4.7808962513580315,0
TX001735,AC00099,0.5964019929431,21323.0,0.7739854225416282,2.077948613024815,1
TX001736,AC00387,-0.5278867073409544,8260.0,0.29885983355889006,-1.7658954705762813,0
TX001737,AC00010,0.017019534102335893,15300.0,0.5573592528326375,-0.2409296337212349,0
TX001738,AC00087,1.763787893526579,26222.0,0.9525145699853481,6.101933282951317,2
TX001739,AC00294,-0.6293314129735779,7299.0,0.2645055907859066,-2.1462931559795493,0
TX001740,AC00408,-0.24312306012875382,11347.5,0.40370222929936306,-0.7539965903891597,0
TX001741,AC00495,-0.8490244134333169,4197.0,0.15176547771664897,-2.845888442235691,0
TX001742,AC00304,0.5552817410454595,20201.0,0.7330256597112906,1.9118906755791183,0
TX001743,AC00053,-0.7570337653227334,5651.0,0.20452484346426233,-2.5534418986372818,0
TX001744,AC00432,0.05462931543726124,16793.0,0.6095462090797719,0.19842779119588944,0
TX001745,AC00200,-0.5224819561122008,7544.0,0.274341656754866,-1.766803649733963,0
TX001746,AC00438,0.10303190645433546,16371.0,0.5955137390333379,0.30803900557734226,0
TX001747,AC00151,-0.3470901704220518,10324.0,0.37511206522069285,-1.1521988035234019,0
TX001748,AC00305,-0.2740424278687396,13626.5,0.4946723820431439,-0.8957193812439525,0
TX001749,AC00142,0.34744748346877474,17670.5,0.6554140127388535,1.0998573943635128,0
TX001750,AC00356,-0.8481731942567182,3879.0,0.14024050841631203,-2.841319515178257,0
TX001751,AC00155,-0.5613949433635175,9009.5,0.32713933681495877,-1.9254076960927746,0
TX001752,AC00265,-0.5456822850621816,8019.0,0.2909170038768118,-1.8082267271015544,0
TX001753,AC00122,1.6888733337996302,23658.0,0.8599158525490483,5.522824921461577,1
TX001754,AC00426,-0.7936980095247939,6501.0,0.23517689611099027,-2.7010644460109416,0
TX001755,AC00111,0.5952191046674162,19821.5,0.7197191728134295,1.9940873062602367,0
TX001756,AC00405,-0.5070751864314857,8391.0,0.3052712960681771,-1.713689015449299,0
TX001757,AC00128,0.5291527405093337,19215.0,0.6985638415584003,1.7998250225390848,0
TX001758,AC00050,0.21268984525468965,15788.0,0.5731537895220495,0.67822256088247,0
TX001759,AC00141,-0.9308884794227685,2478.0,0.08971078554977589,-3.1386429881930624,0
TX001760,AC00010,0.262069092537791,19597.0,0.712827583605054,0.7061262920134174,0
TX001761,AC00259,-0.696806033521799,6065.0,0.2197660148100863,-2.3733005686309405,0
TX001762,AC00302,-0.44645305127218715,9691.5,0.35216393149985514,-1.5102193309250778,0
TX001763,AC00124,-0.3289810661395049,9981.0,0.3621188577170058,-1.1075786469689257,0
TX001764,AC00464,0.3896278828118528,19316.0,0.7014201938936236,1.3402999540136646,0
TX001765,AC00473,0.9903106611554413,22073.5,0.8306926751592357,3.0788613224995127,1
TX001766,AC00486,0.7390227329575016,20771.5,0.7788614649681529,2.3000184577387275,0
TX001767,AC00348,-0.2844960093551296,13065.5,0.47444441384254676,-0.9531564152101508,0
TX001768,AC00398,0.22023349603118694,15937.0,0.5799581281666938,0.46178642567147216,0
TX001769,AC00267,-0.48765156538275833,7318.0,0.26497277529293045,-1.6325161212428132,0
TX001770,AC00076,-0.19869767157788673,11491.0,0.41723632400523214,-0.6632556220053863,0
TX001771,AC00022,0.8617659996157901,22364.0,0.8122740013027167,2.9664083473267504,1
TX001772,AC00181,-0.36967270712990724,11435.0,0.41500418007190487,-1.2575437048979345,0
TX001773,AC00071,-0.22747556382056275,13887.0,0.5048257652496688,-0.8057579113696811,0
TX001774,AC00369,-0.22649490133804667,12866.0,0.4660859424230049,-0.7208992676392056,0
TX001775,AC00358,1.1027253655093265,22981.0,0.8353522952066098,3.7487265135944345,1
TX001776,AC00021,0.33258009764158686,19709.0,0.7160024735708084,1.1399965412291129,0
TX001777,AC00156,-0.3864527311071287,9311.5,0.3380372049300742,-1.291838356930936,0
TX001778,AC00212,-0.6637966810736883,6543.0,0.23708302939019646,-2.246060710304083,0
TX001779,AC00327,-0.7166861724402803,7018.0,0.25381416494746945,-2.5530211660786994,0
TX001780,AC00349,-0.7436243918519433,5461.0,0.19890169454425885,-2.5203205010191874,0
TX001781,AC00183,-0.3541595203814299,10817.0,0.3937657867623342,-1.2142725402544001,0
TX001782,AC00478,-0.3256618747888785,12366.0,0.44852629564149155,-1.078275493775476,0
TX001783,AC00398,-0.0663286093744464,8194.0,0.30028977251634065,-1.0534892871306984,0
TX001784,AC00380,-0.3401582422077198,11866.0,0.4296689643401778,-1.1305916517057744,0
TX001785,AC00030,-0.19251175848304597,11598.5,0.42060965589378085,-0.6214907190838909,0
TX001786,AC00341,-0.711953085786875,4538.0,0.1648951281671759,-2.40316181055672,0
TX001787,AC00162,0.44500919584182735,19473.5,0.7271894904458599,1.391127255936331,0
TX001788,AC00319,-0.7516301082730241,6363.5,0.23100624081842627,-2.550992615898362,0
TX001789,AC00338,0.6178761005352965,21565.0,0.7827234964397068,2.1344505959846902,0
TX001790,AC00374,0.7758215093121194,21302.0,0.7735817587351209,2.6416670213260516,0
TX001791,AC00451,-0.2575968508421759,11019.0,0.4007877772190421,-0.8669809746671541,0
TX001792,AC00005,-0.0050086461788444725,13154.0,0.4795697177655949,-0.22504758100318287,0
TX001793,AC00263,-0.5065495544151659,8021.5,0.2910953168489682,-1.7012666499011686,0
TX001794,AC00432,-0.24962918468602346,12906.0,0.46918920586830026,-0.8293652060458567,0
TX001795,AC00274,-0.6387421122411511,5125.0,0.18568284994120418,-2.1335493461618227,0
TX001796,AC00103,0.6725026217575211,22112.0,0.8027795850977303,2.314196274446514,0
TX001797,AC00146,1.0224381137610599,22811.5,0.8600716560509554,3.1867297562903216,0
TX001798,AC00359,-0.8591879601061726,7488.0,0.27082508689197915,-2.936135501977685,0
TX001799,AC00164,-0.8663431692861273,7378.0,0.26965170165568453,-2.9825341241795282,0
TX001800,AC00079,-0.5695184901287464,8578.0,0.3105969403030769,-1.8760570095299922,0
TX001801,AC00209,-0.8618002254880875,3727.0,0.13515231347935783,-2.8832484713616773,0
TX001802,AC00018,1.0791728989145586,22523.0,0.8187971975679406,3.566762420471817,0
TX001803,AC00401,-0.06274912326010379,13941.5,0.5066738168636733,-0.1650695608357999,0
TX001804,AC00179,-0.31900857496950735,11965.0,0.4347184984333168,-1.1031300679888627,0
TX001805,AC00274,0.33710164675879767,18333.0,0.6657990928231492,1.1769845093513749,0
TX001806,AC00354,-0.3125977462588341,12365.5,0.44952082550875616,-1.0391003127649503,0
TX001807,AC00025,0.46573759706443535,18434.5,0.6858280254777069,1.484547166920216,0
TX001808,AC00493,0.452294987057806,19200.0,0.6980889429625091,1.4954936481743066,0
TX001809,AC00339,0.8721913740372274,22121.0,0.8038908658920114,2.9270853572704802,0
TX001810,AC00454,1.023891199475189,22469.0,0.8165330220859185,3.473535445162655,1
TX001811,AC00152,-0.35854421312910983,9805.0,0.3565333451133899,-1.2054498504832738,0
TX001812,AC00314,-0.7077928003680907,6278.0,0.22734851216921623,-2.393793500395301,0
TX001813,AC00054,0.03710784531133562,16221.0,0.5894388940503643,0.13709892416190866,0
TX001814,AC00036,-0.27428363436334713,11465.0,0.41744722598953676,-0.9259586672326999,0
TX001815,AC00397,-0.0690537313821854,15094.0,0.5482401752640991,-0.2093642890950467,0
TX001816,AC00355,-0.25534946502568456,12531.0,0.4549799144411118,-0.8497704791376416,0
TX001817,AC00188,-0.6387014949938102,6484.0,0.23484175510949912,-2.158988278567161,0
TX001818,AC00222,1.666893569117132,26104.0,0.9482226136586622,5.915924609134706,2
TX001819,AC00094,0.2112123349158259,19569.5,0.7107302403613666,0.7233733903442361,0
TX001820,AC00004,0.8601479010952494,21195.0,0.7703955688345026,2.8815967599323056,1
TX001821,AC00021,-0.032666623254514054,15082.5,0.5493354704171924,-0.19771683560797795,0
TX001822,AC00102,0.04081294680235724,16176.0,0.5883009152766442,0.12301342277499858,0
TX001823,AC00367,-0.5640939581725779,6519.0,0.2369884414020935,-1.8966301503674332,0
TX001824,AC00137,0.6046430711125896,19831.0,0.7206828161920654,2.0756137242082793,0
TX001825,AC00289,-0.08164643458119737,13986.0,0.5073909709964722,-0.25166893908336513,0
TX001826,AC00458,0.1533890269152583,17322.5,0.6294081648568289,0.5527884411140657,0
TX001827,AC00493,-0.18816348160214033,13136.0,0.4775775241824633,-0.6254214506337664,0
TX001828,AC00059,-0.8395583634565251,3160.5,0.11487943180432057,-2.8408026001392406,0
TX001829,AC00281,0.3993216236317064,19674.0,0.7147540567670158,1.3552628543860255,0
TX001830,AC00020,-0.6137994653514561,6618.0,0.2396199401001,-2.058913326945582,0
TX001831,AC00396,-0.7227817528443132,5944.0,0.21504728254345082,-2.4333762733739217,0
TX001832,AC00402,-0.5405304726052382,8003.0,0.28994849399289435,-1.8006648848950555,0
TX001833,AC00385,-0.3529444081266375,12465.0,0.4544989590801334,-1.2417061518533463,0
TX001834,AC00167,-0.35894014461445,10632.5,0.38630648882638335,-1.2169513984308407,0
TX001835,AC00349,0.4231159281409579,20243.0,0.7352947468983335,1.4276213419282107,0
TX001836,AC00153,-1.021329828568885,2192.0,0.07966707197775257,-3.445624970704331,0
TX001837,AC00197,-0.4729225440941255,10050.0,0.365674992418497,-1.6242735542031481,0
TX001838,AC00219,-0.09917406843095221,13417.0,0.48629839204638864,-0.31277039500724585,0
TX001839,AC00255,-0.47060277174942555,8946.0,0.32367120600618954,-1.5581319724944325,0
TX001840,AC00035,0.6742665340119275,21900.0,0.795395695393773,2.3057447727982967,0
TX001841,AC00003,-0.4610399392846089,9528.0,0.34591044207996907,-1.5615596169599162,0
TX001842,AC00136,-0.21783600714785917,11579.0,0.4225739009713484,-0.9546061349676742,0
TX001843,AC00337,0.15097638560882226,17703.0,0.6415625405290998,0.539510105240639,0
TX001844,AC00265,-0.08955061640985701,16315.5,0.5931803627502077,-0.31289824269243777,0
TX001845,AC00356,0.2761887150773818,18057.0,0.6560161817477907,0.9707824583375109,0
TX001846,AC00305,-0.3410267306839278,9699.0,0.3522397917292432,-1.1387973885747562,0
TX001847,AC00300,-0.6619868134123097,6050.0,0.21933420663247716,-2.242974495093804,0
TX001848,AC00301,-0.20466715375454483,13836.5,0.5031655637528464,-0.6796210960889661,0
TX001849,AC00154,-0.7323044112943855,7888.0,0.2852911128392813,-2.499371205339636,0
TX001850,AC00201,-0.26830572699953015,12380.5,0.44971563638581435,-0.9018189491920662,0
TX001851,AC00004,-0.3547669601085892,11184.0,0.4054929194306809,-1.1706440278895172,0
TX001852,AC00237,-0.02186761559717895,14654.0,0.5319553118010613,-0.08438472154484314,0
TX001853,AC00304,-0.17329494109959184,11825.0,0.4281884920740148,-0.5461679844456137,0
TX001854,AC00086,-0.07790129302451242,15445.0,0.5612941914839351,-0.2564936765842415,0
TX001855,AC00483,0.5805139626406678,22273.5,0.8093683963180655,1.9360181183967302,0
TX001856,AC00288,0.2418310819646507,18816.0,0.6836119485450988,0.8183937222059352,0
TX001857,AC00134,0.351081124504843,18285.5,0.6798964968152866,1.097671846070468,0
TX001858,AC00130,0.35194568435393575,15972.0,0.5793652582508207,1.0505039075268867,0
TX001859,AC00393,-0.4902798618847859,7140.0,0.25921378608928,-1.629513627259399,0
TX001860,AC00029,0.26035602699594557,18396.5,0.6693020274313001,0.7633335040387638,0
TX001861,AC00228,0.7537524771134485,23208.5,0.8433021007151442,2.8291635056446265,0
TX001862,AC00131,0.2416200334132508,18670.0,0.6784210296669394,0.8463899480644322,0
TX001863,AC00233,0.06434885065593665,15588.0,0.5668008154756193,0.22376996094815266,0
TX001864,AC00017,-0.5130351793638862,8969.0,0.326187415235422,-1.7489840145901367,0
TX001865,AC00071,-0.14235322862512226,12661.5,0.46021812731332273,-0.4631201774959936,0
TX001866,AC00128,0.045105073857683184,15418.0,0.5606717308052978,0.14692387653075217,0
TX001867,AC00073,-0.21794698412001956,13094.0,0.4756316151325351,-0.7333749972520519,0
TX001868,AC00353,0.08703657824721049,17212.0,0.624973302020561,0.3012321984011513,0
TX001869,AC00209,0.6604259686949365,20920.0,0.760090329569983,2.244472060757041,1
TX001870,AC00396,-0.6913582491347483,4585.0,0.16615354917996825,-2.3162469443591385,0
TX001871,AC00439,0.03709811764773648,17187.5,0.6243650792598525,0.14882599165435695,0
TX001872,AC00063,-0.6632469300520553,7099.0,0.25678698194469285,-2.2402367852883787,0
TX001873,AC00203,-0.52527435761424,7895.0,0.2865786123511241,-1.7844298611796654,0
TX001874,AC00394,-0.3678146410305476,10972.0,0.3977908235609488,-1.238128934951068,0
TX001875,AC00258,0.5096272971072131,20050.0,0.7286266402684117,1.751975316091032,0
TX001876,AC00144,-0.7487846991390794,5189.0,0.18804043821810332,-2.510874989042223,0
TX001877,AC00169,0.9310634636164881,22379.5,0.842874203821656,3.135609991256916,1
TX001878,AC00285,-0.6691004763487465,5159.0,0.18747348281951873,-2.257336806133984,0
TX001879,AC00047,-0.07409632861368107,13594.0,0.49392711367240294,-0.212890973695592,0
TX001880,AC00460,1.3715611321593033,24240.0,0.8804248425964274,4.655023412837521,1
TX001881,AC00073,0.10935136666174636,17207.0,0.6251834808090344,0.3919923805081286,0
TX001882,AC00253,-0.3051964463935384,13234.0,0.480996522874443,-1.0711174073752607,0
TX001883,AC00320,-0.4685148124464574,10622.0,0.38460726488782987,-1.6074009146076595,0
TX001884,AC00462,-0.12971479339359568,14637.0,0.5318455668336606,-0.42683905123772276,0
TX001885,AC00071,1.051932160156308,22211.0,0.8074893678159534,3.570176845961837,1
TX001886,AC00363,1.2023743501012245,23404.0,0.850675549279287,3.798866337961051,0
TX001887,AC00448,-0.2980304000874249,11547.0,0.41913534585876366,-1.0033705010001062,0
TX001888,AC00206,1.9373612175597321,25496.5,0.9669585987261146,6.438506367399467,1
TX001889,AC00181,-0.492909498623018,10389.5,0.37695050435677274,-1.6535246616345185,0
TX001890,AC00213,-0.48870008858435365,10895.0,0.39610134769953814,-1.659803814151361,0
TX001891,AC00470,-0.26291752731984724,10756.0,0.3892031442626223,-0.8920922904115733,0
TX001892,AC00451,-0.38096895309780826,11435.5,0.41487145857028035,-1.2535108739299432,0
TX001893,AC00192,0.018576167485642572,15529.0,0.564450157825437,0.07015712677341479,0
TX001894,AC00378,0.236084548250742,18727.0,0.6802170262476694,0.8347895583789144,0
TX001895,AC00143,-0.3714201596933482,10369.0,0.3761920376621104,-1.2251402026184868,0
TX001896,AC00499,-0.5678933300468822,7162.0,0.26060660099405675,-1.898394845754976,0
TX001897,AC00168,0.07905139256051819,16471.5,0.6076831210191082,0.24435543730241885,0
TX001898,AC00085,0.07795565860189335,17430.0,0.6330963882635923,0.2508445667936062,0
TX001899,AC00144,-0.9386403524021515,3583.0,0.13170435682096612,-3.18525336142146,0
TX001900,AC00185,0.17856762804126686,19193.5,0.6968377689746097,0.6352693179284714,0
TX001901,AC00338,-0.4010077346073493,10464.5,0.3808464205663395,-1.3374585337322655,0
TX001902,AC00384,-0.2686952060937197,12212.5,0.44454062781594383,-0.9010089560292504,0
TX001903,AC00336,2.085651319087148,26624.0,0.9667032804645039,7.48255180518904,3
TX001904,AC00003,-0.22410000623760631,11643.0,0.4226742142597825,-0.7234086337916443,0
TX001905,AC00378,-0.6485551549302694,5157.0,0.1873895017036083,-2.170524644640702,0
TX001906,AC00217,-0.6257717223478463,6171.0,0.22392532496804682,-2.1180808651981904,0
TX001907,AC00280,0.23934026788164023,17071.0,0.6207803933896043,0.7948355461777947,0
TX001908,AC00184,-0.7735330386406731,5217.5,0.18869066660334682,-2.60044003714603,0
TX001909,AC00456,0.2846011272997078,19294.0,0.7008328383459643,0.9525359897508578,0
TX001910,AC00151,-0.08453749044845148,13740.0,0.49831754516478494,-0.2651736778826512,0
TX001911,AC00366,-0.00997917492758632,16412.0,0.5975394708231463,-0.2201949570778726,0
TX001912,AC00383,0.08336880511931309,16892.0,0.6131870179598453,0.31278260692012044,0
TX001913,AC00076,-0.5877023559713136,10970.0,0.39939068340559664,-2.0332399237527445,0
TX001914,AC00290,-0.7386649789765748,4871.5,0.17652859190878864,-2.497240300466883,0
TX001915,AC00347,-0.048368935045002656,13318.0,0.48361883095875996,-0.1428643132640111,0
TX001916,AC00034,-0.8581315143993401,3523.0,0.1277380796836452,-2.8762775350516057,0
TX001917,AC00373,-0.6230510345954977,5435.5,0.19686512988356067,-2.0650066416674275,0
TX001918,AC00382,0.43496459745405447,19174.0,0.6947216829056273,1.4713804565250508,0
TX001919,AC00463,1.4119895011106776,24382.0,0.8856997124573375,4.788851433668814,2
TX001920,AC00030,-0.9040238507966666,4005.0,0.1447606631609347,-3.071589545856638,0
TX001921,AC00431,0.19993767044361485,16916.0,0.6148477769201212,0.6767333592611895,0
TX001922,AC00243,-0.3985187789097563,11044.0,0.4011770976415619,-1.3181809409787313,0
TX001923,AC00499,-0.4790157365166087,11204.0,0.4056615144588543,-1.6596160361520678,0
TX001924,AC00065,-0.11841617852557484,13571.0,0.4937576749157598,-0.38395736118353696,0
TX001925,AC00492,-1.1316839421446918,2202.0,0.07950194226293761,-3.826192727043157,0
TX001926,AC00062,0.02188623872709932,14561.5,0.5276332373813175,0.09252540037245788,0
TX001927,AC00026,0.7460344333897854,20560.0,0.7469641745659742,2.549687427246827,0
TX001928,AC00201,-0.8831357985251495,4336.0,0.15892719563459712,-2.997782997809759,0
TX001929,AC00377,-0.590011461414961,8427.0,0.30511900307936785,-1.980263464500385,0
TX001930,AC00269,0.108075888449902,16780.5,0.6097020728479983,0.3649350684962183,0
TX001931,AC00239,-0.004017913907992339,16263.0,0.5904898482590507,0.021736714111662978,0
TX001932,AC00070,-0.3293757124414466,10685.0,0.3876098233136158,-1.0931370821572868,0
TX001933,AC00284,0.0987871155914105,16857.0,0.6118822521475301,0.3901601243909869,0
TX001934,AC00337,-0.4839000963141858,9461.0,0.34295868816133246,-1.6146507772596854,0
TX001935,AC00051,-0.0377299299533678,13981.0,0.507500053034361,-0.10013232377603543,0
TX001936,AC00328,0.18359755688277854,17644.0,0.6411343784638067,0.6106874397726392,0
TX001937,AC00064,-0.06700631527488811,14069.0,0.5108438694930446,-0.21167109352187485,0
TX001938,AC00231,0.03339128579467829,15083.0,0.5468907822423603,0.18092071713423116,0
TX001939,AC00362,1.033872758535235,21830.0,0.7929684693849509,3.5379108009513693,1
TX001940,AC00363,0.5698764037514696,19574.0,0.7121095706772054,1.5272801327400838,0
TX001941,AC00196,-0.7563501030937847,4371.0,0.15833929769006427,-2.543692929679805,0
TX001942,AC00360,-0.07085223214215643,15348.5,0.558451534669767,-0.2602851130964749,0
TX001943,AC00499,-0.051567128293867975,14036.0,0.5092203551180811,-0.14299850521234933,0
TX001944,AC00213,0.15199252714658457,18930.5,0.6886390485008874,0.40410469902263996,0
TX001945,AC00165,-0.718497102625367,7761.0,0.28320418060224856,-2.4846356238704255,0
TX001946,AC00299,0.6333527099892367,21662.5,0.7867972736240355,2.1710826282676905,0
TX001947,AC00119,-0.2941132450303472,11062.0,0.40389188439280715,-1.1529981225420116,0
TX001948,AC00409,-0.19040511657763784,13702.0,0.49746769966352106,-0.6440745535432402,0
TX001949,AC00100,-0.5196714288372136,8022.0,0.29098248323270465,-1.7558413262881059,0
TX001950,AC00244,-0.5674233663870341,7035.0,0.25553317130532505,-1.915674812323305,0
TX001951,AC00382,-0.573392634224432,7253.0,0.2640009808946125,-1.9376787891629066,0
TX001952,AC00389,-0.4261036585901679,11093.0,0.4022261534611911,-1.4480653201945584,0
TX001953,AC00350,1.2457696508253429,23640.5,0.8930732484076433,4.097808388387756,1
TX001954,AC00275,0.08559780266570982,15686.0,0.5692718249653951,0.32732023253386033,0
TX001955,AC00231,-0.9281205158468587,4890.0,0.1770356877857528,-3.1413753348679374,0
TX001956,AC00449,-0.9257790348123888,3325.0,0.12027747095525008,-3.1291548692982984,0
TX001957,AC00248,-0.37364985419653,12099.0,0.44070652978337393,-1.2835085839678197,0
TX001958,AC00301,2.0265707790567418,26472.0,0.9613830601983387,7.328290064975116,3
TX001959,AC00023,-0.7575441038074805,4614.5,0.1676802306464358,-2.548311564808714,0
TX001960,AC00272,-0.4968232956691907,9441.0,0.34312321521295464,-1.678410877070311,0
TX001961,AC00377,0.2451882998394256,17194.0,0.6244577839254781,0.8481310004020168,0
TX001962,AC00276,-0.825935853964658,4230.5,0.15327284382778875,-2.796183093526497,0
TX001963,AC00427,0.663768083587376,21424.0,0.7773489159535555,2.298726883781219,0
TX001964,AC00220,-0.6102644135277356,6055.0,0.2203869085644225,-2.0603726180612787,0
TX001965,AC00370,-0.7417568830371006,5770.0,0.2090319806839215,-2.5264009426086145,0
TX001966,AC00187,0.1242332916346473,17794.5,0.6459992414881056,0.46187971635256325,0
TX001967,AC00293,-0.691772058757343,5194.0,0.18793632815155484,-2.321157089951342,0
TX001968,AC00203,0.06379484589458068,17216.0,0.6247998555536859,0.2363716287327362,0
TX001969,AC00016,1.4536063812222866,25117.0,0.9123307962820021,5.259565529146714,2
TX001970,AC00189,0.7068174849155755,18869.0,0.686529380794908,2.043795955298421,1
TX001971,AC00005,0.4400765260603611,12505.0,0.45631282462452877,0.6088539363609398,0
TX001972,AC00190,-0.306442065620165,10132.0,0.3677791005565233,-1.0079274044851219,0
TX001973,AC00480,0.8861821615539263,22673.0,0.8227108923416936,3.059021424132198,1
TX001974,AC00407,-0.4828680724234524,8458.5,0.3066882325672439,-1.6226050797185485,0
TX001975,AC00195,-0.1387756667850448,12984.5,0.4688694267515923,-0.41820881592252235,0
TX001976,AC00260,-0.4963676239695085,8054.0,0.2928101196310544,-1.6599671623336807,0
TX001977,AC00006,0.21617043706710054,17175.0,0.6236641066337789,0.7753440066927659,0
TX001978,AC00294,0.4699658504868976,19021.0,0.6911618116923409,1.6183805117784618,0
TX001979,AC00327,0.2678558494965715,19049.0,0.6915287733104096,0.9327970755194669,0
TX001980,AC00013,-0.389402159534557,8722.0,0.3162325643511703,-1.2842773126106428,0
TX001981,AC00386,-0.38718261228695483,9198.0,0.3335468066805938,-1.2897513985667775,0
TX001982,AC00256,0.4274907194230651,17862.5,0.6482016138597106,1.4118275937946332,0
TX001983,AC00439,0.4542624948431527,18145.0,0.6598704539307382,1.5389444254096303,1
TX001984,AC00088,-0.4991668840910455,11362.5,0.4042993630573249,-1.59424908193908,0
TX001985,AC00303,0.6751835740803533,22280.0,0.8089058975173651,2.323700662117517,0
TX001986,AC00245,-0.004337394089811637,14950.0,0.5431846145390327,-0.0023738965197696816,0
TX001987,AC00188,0.03120845548815228,16142.0,0.586347864667882,0.14901565894751057,0
TX001988,AC00225,0.3401970997238217,18577.0,0.6733880989447609,1.2190029932136912,0
TX001989,AC00278,-0.5167655910779511,6649.0,0.24071365326231228,-1.722014639310112,0
TX001990,AC00311,-0.0037500559140409475,13908.0,0.506079636155356,-0.02577327239281443,0
TX001991,AC00206,-0.10386025756666441,13115.5,0.47408439490445853,-0.31871309342200926,0
TX001992,AC00329,0.3167755649651516,18403.0,0.6685594409117667,1.1113852022156443,0
TX001993,AC00338,-0.0876725381327818,14775.5,0.5363457583600234,-0.2839421539177826,0
TX001994,AC00409,-0.5376951442385631,7124.0,0.25869772559732357,-1.7988002789181408,0
TX001995,AC00114,-0.180050329872521,14336.5,0.5220460975870812,-0.6522042568863072,0
TX001996,AC00460,1.0441326535824562,22332.0,0.808838760837692,3.6255574368708414,1
TX001997,AC00373,1.470224784478605,25374.0,0.9215835445466937,5.024349872183894,3
TX001998,AC00021,1.6676193089108473,25879.0,0.9401511455180902,5.879671847815267,3
TX001999,AC00235,-0.9279735489996834,3291.0,0.11910170519934411,-3.1434068781091202,0
TX002000,AC00261,0.5430669463438099,20848.0,0.7574034461245623,1.8681705133722657,0
TX002001,AC00456,0.7512328411065601,22168.0,0.8050531621255593,2.544891697728672,0
TX002002,AC00332,-0.21874777964565956,11308.0,0.4106003091903245,-0.694971918004317,0
TX002003,AC00245,-0.9504998626429189,4196.0,0.15190330678883213,-3.2001517540470554,0
TX002004,AC00388,-0.058139680056504106,15404.5,0.5652070063694268,-0.18458620015177338,0
TX002005,AC00008,0.16463182423271275,15134.5,0.5544585987261146,0.5018182612574289,0
TX002006,AC00066,-0.579678979346098,8360.0,0.3029627645751683,-1.9722216715712273,0
TX002007,AC00227,1.1492221990649714,22843.0,0.8303597429183458,3.890170468245692,1
TX002008,AC00352,0.923634719268055,21440.0,0.7790118445013252,3.119494036012294,1
TX002009,AC00481,-0.006724717385603957,14657.0,0.5328030479811505,0.007932056492779954,0
TX002010,AC00341,0.5504132144188698,22125.5,0.8037089972070177,1.8478197580396987,0
TX002011,AC00065,0.02394753835812606,15134.0,0.5483602559052555,0.09545768244502353,0
TX002012,AC00248,-0.2989015707873996,11295.5,0.4116047227339503,-1.0110422286168708,0
TX002013,AC00177,0.5424937275871071,15819.5,0.5762527288589369,1.2002500627516284,0
TX002014,AC00139,0.37449486471549187,20985.5,0.7618691050499801,1.3073149892102454,0
TX002015,AC00252,-0.2316898706195212,11624.5,0.41472929936305736,-0.7103137651312585,0
TX002016,AC00286,0.5459989879579289,20350.0,0.7394852750096788,1.8410823951990145,0
TX002017,AC00001,-0.02036454146466845,15498.5,0.5689490445859873,-0.06829860477535885,0
TX002018,AC00453,0.15598191057336006,16592.0,0.603097381452534,0.5410004000187741,0
TX002019,AC00291,-0.6111324717301709,7681.0,0.27910245491235586,-2.0729052010029214,0
TX002020,AC00113,-0.3115622840483224,11897.0,0.4315001865845245,-1.030200389211944,0
TX002021,AC00390,-0.460115394631574,8411.5,0.3053452880416676,-1.5409244285318662,0
TX002022,AC00345,-0.07443172896034081,17231.5,0.6258314793404647,-0.23667553043163353,0
TX002023,AC00011,-0.349345401595165,8844.0,0.3208267261358635,-1.3535339891072236,0
TX002024,AC00106,-0.6256385484808713,6417.0,0.2351151532668925,-2.1658242219749697,0
TX002025,AC00087,-0.2581022366767301,12487.0,0.45425102344263396,-0.9029460405668661,0
TX002026,AC00441,0.5549121714462396,19803.0,0.7200258229124832,1.799907382901706,0
TX002027,AC00069,0.42373912102761924,20638.0,0.7498317364365827,1.4147862180696924,0
TX002028,AC00020,-0.6121891695465879,6728.5,0.24463983823073512,-2.0546097656901514,0
TX002029,AC00172,0.1398014321841326,15327.0,0.5555819086777233,0.4264994145568704,0
TX002030,AC00237,0.523909039695598,21039.0,0.7639892289623539,1.8156607016804587,1
TX002031,AC00186,-0.17419085657968073,13315.5,0.4820461783439491,-0.5586251882918468,0
TX002032,AC00165,-0.16282817154202933,14709.0,0.5337634520451254,-0.5683166712736814,0
TX002033,AC00438,-0.593941419145278,7846.0,0.28747525464930546,-2.1527460084587173,0
TX002034,AC00435,0.6711026868868031,19820.5,0.7410031847133759,2.1013252366850663,0
TX002035,AC00472,1.6710879025997771,24140.5,0.9129777070063696,5.556700787068023,2
TX002036,AC00446,-0.47565923528538917,9299.0,0.3373312603326604,-1.6071600650811768,0
TX002037,AC00427,0.712840032707884,21430.0,0.7780897698164094,2.4560899517164656,0
TX002038,AC00230,-0.3335562845105123,10629.0,0.3850064388535514,-1.0948104859275642,0
TX002039,AC00172,0.42991669624507484,19040.0,0.6925504682210878,1.410317834605648,0
TX002040,AC00103,-0.4071384302588063,8425.0,0.3053449415103318,-1.3389178085290305,0
TX002041,AC00467,0.2555873544135693,18464.0,0.6705217424005377,0.897035633871369,0
TX002042,AC00094,0.17258643333905777,17329.0,0.6287733043830006,0.6104798002684203,0
TX002043,AC00231,-0.24141836208917689,11315.0,0.4108867851390006,-0.755007005717629,0
TX002044,AC00032,0.7948918048457083,21163.0,0.7690352977421344,2.7084787911597132,0
TX002045,AC00241,0.22430033657846873,17307.0,0.6285754199236594,0.8075796720195381,0
TX002046,AC00263,-0.11402569267197891,13241.0,0.480349925534936,-0.3261535404669155,0
TX002047,AC00012,-0.3885583832798025,9314.0,0.3386248768759097,-1.27808548392123,0
TX002048,AC00009,-0.7404620660325664,6968.5,0.25542027742274215,-2.5500365634167395,0
TX002049,AC00041,-0.6070605155999586,8113.0,0.2966871724826879,-2.08878571214352,0
TX002050,AC00317,-0.4259255071279624,9999.0,0.36317632068817385,-1.3959989711904688,0
TX002051,AC00475,-0.0934281477504833,13176.0,0.4793234394518755,-0.31554167576286335,0
TX002052,AC00181,-0.40597827814281484,9007.0,0.326611328525206,-1.3558624282893528,0
TX002053,AC00120,-0.6831497046575881,6807.0,0.24703492722480347,-2.3106126753440894,0
TX002054,AC00331,1.0513457950892449,23787.0,0.864460053555062,3.7814140979703255,0
TX002055,AC00500,-0.4101096192346573,9424.0,0.3414870750441029,-1.3778747001968814,0
TX002056,AC00292,-0.992235543307445,3714.0,0.1343172332263164,-3.385830876162617,0
TX002057,AC00436,-0.5411167931758871,7966.0,0.28898899392370864,-1.809184497403585,0
TX002058,AC00476,0.5935004520199954,21613.0,0.812360668789809,1.8339576282128223,0
TX002059,AC00391,-0.4981614694039742,8795.0,0.31818166751601995,-1.6688604592902905,0
TX002060,AC00267,0.29545476937398046,19734.0,0.7175486059918221,0.9426753472937394,0
TX002061,AC00034,-0.6691490391389623,7401.0,0.26786549835183665,-2.2779069414591184,0
TX002062,AC00425,-0.4943079021459691,8217.0,0.2988864110056906,-1.6570269526967838,0
TX002063,AC00048,-0.024950882693455467,13327.5,0.48252076355498,-0.06505751140871605,0
TX002064,AC00110,1.237010511459642,24586.5,0.8930856361495704,4.181679789369626,2
TX002065,AC00427,0.9926241155374707,23172.0,0.8417325698956719,3.3525617415520963,1
TX002066,AC00483,0.5809410074376072,19383.0,0.7032880580600898,1.934130903003297,0
TX002067,AC00310,-0.8446209395430536,3279.0,0.11905689719096277,-2.844849216012017,0
TX002068,AC00179,0.5795760693938342,21757.0,0.790669670902505,1.9395844022168494,0
TX002069,AC00363,1.9653362548655764,23824.0,0.8659581838527728,5.751466823553294,3
TX002070,AC00080,-0.6510106121543587,6400.0,0.23430601766429923,-2.234318312326375,0
TX002071,AC00158,-0.24805903709542085,11924.0,0.43256349538866234,-0.7929998001175622,0
TX002072,AC00033,-0.29328040570926023,12266.0,0.44540450030301904,-0.9924126924918988,0
TX002073,AC00492,-0.6505626949008172,7065.0,0.2563785570989626,-2.1909370786814293,0
TX002074,AC00228,1.0949343165461163,22471.0,0.8169236081011433,3.6436924818754735,1
TX002075,AC00058,-0.1266387185954379,14452.0,0.5250957390748011,-0.4198013188197253,0
TX002076,AC00427,-0.3853535570975212,8871.0,0.32164972299189004,-1.260992879453217,0
TX002077,AC00236,-0.2832748988062655,11883.0,0.43188019586071635,-0.9490690060476106,0
TX002078,AC00144,-0.5133096346835719,7512.0,0.2727095845625654,-1.7234505569860659,0
TX002079,AC00256,-0.5457424141507354,7992.0,0.28956366341116047,-1.8176787246010684,0
TX002080,AC00054,-0.14259048984462752,14639.5,0.5313874674742675,-0.4663251866736303,0
TX002081,AC00492,0.5175755029390258,20743.0,0.7532753539199866,1.7983200269600645,0
TX002082,AC00498,-0.1340731376635469,12679.0,0.46070229185580247,-0.4344490499665541,0
TX002083,AC00005,0.8792540597696397,16264.0,0.5923706395510014,1.9121302024264164,0
TX002084,AC00204,0.2660189182749291,19597.5,0.7122440700352485,0.906185463705139,0
TX002085,AC00428,0.7652520283968485,22007.0,0.7984940471340473,2.6019147275608785,1
TX002086,AC00019,-0.7900249526598705,3657.0,0.13246820228462386,-2.65695327608188,0
TX002087,AC00029,2.2462247825104145,23172.0,0.8420855798608282,7.659937892774799,1
TX002088,AC00449,-0.5920843751666932,5966.0,0.21711297090293893,-2.000256203533107,0
TX002089,AC00213,0.2010480258541386,15392.5,0.5607930017062599,0.11178689710183368,0
TX002090,AC00076,-0.08777449330586723,14754.0,0.5356455691961003,-0.2869097197435778,0
TX002091,AC00442,-0.424710710245774,9688.0,0.35116219980743707,-1.4361656901221467,0
TX002092,AC00228,1.211447825891156,25169.0,0.9139325846488667,4.503840606306484,1
TX002093,AC00081,1.0672505867282711,23059.0,0.8379149095016842,3.697553279657124,0
TX002094,AC00072,-0.41160877767420617,11600.0,0.4204816351650598,-1.3420851192147385,0
TX002095,AC00261,-0.39755029362018546,10041.5,0.3647276510792251,-1.3288741326773583,0
TX002096,AC00082,-0.30837321833082637,10252.0,0.37160812115169417,-1.0215435965757662,0
TX002097,AC00334,-0.16037605188702705,14300.0,0.5189070811478756,-0.5538331889218048,0
TX002098,AC00251,0.3862246784596946,19266.0,0.6985864715612883,1.3657166060919388,1
TX002099,AC00481,-0.3728609443801156,10289.5,0.373308309351356,-1.233166400624628,0
TX002100,AC00239,-0.12401808449670472,14681.0,0.5325711431845783,-0.3971564743205066,0
TX002101,AC00394,0.5286410738595707,19136.0,0.6955672796313823,1.7871495426620383,0
TX002102,AC00374,-0.2830451097558316,10307.0,0.3748614477319855,-0.9278091396990195,0
TX002103,AC00054,0.9750922298555562,24070.0,0.8745095526937358,3.6472019988940896,1
TX002104,AC00281,-0.47181090427210987,8250.0,0.29871835837439076,-1.557236360049432,0
TX002105,AC00140,0.4212137273674026,20761.5,0.754133802438327,1.4538777830002216,0
TX002106,AC00058,-0.4873978281936669,9331.0,0.3381313559873624,-1.6452146864352402,0
TX002107,AC00066,-0.7134276123764889,4547.0,0.16484628231540308,-2.393829179086979,0
TX002108,AC00190,-0.6724808254000962,8289.0,0.30008833234416216,-2.286976328023661,0
TX002109,AC00452,-0.29667817215826037,12034.0,0.43770948572580176,-1.004782424743013,0
TX002110,AC00099,-0.31034507096178454,10093.0,0.3660842911258568,-0.9961498256040822,0
TX002111,AC00126,-0.4514883346334706,10208.0,0.3711129128062071,-1.5332050651235611,0
TX002112,AC00021,2.9575437697119633,26262.0,0.9539704535932466,9.837851431753002,2
TX002113,AC00353,0.3987379683333702,19761.0,0.7181230042808372,1.3540560068823546,0
TX002114,AC00482,-0.46753346576407256,7686.0,0.279246943412819,-1.5555826116524047,0
TX002115,AC00427,-0.030451439172221977,17835.5,0.6483696966241701,-0.11487980403435197,0
TX002116,AC00430,-0.006506200228427503,15494.0,0.5625868738992357,0.012064337221484962,0
TX002117,AC00043,-0.626384916740926,7327.0,0.2663591718347045,-2.098573643105889,0
TX002118,AC00186,1.1954080509414853,22540.5,0.8492834394904459,3.756564038374597,2
TX002119,AC00248,0.5914069745321503,20428.0,0.7426196660088799,2.0044872420238584,0
TX002120,AC00069,-0.2583215110268192,11128.0,0.40359058292958916,-0.8362740791394947,0
TX002121,AC00002,-0.41488409966238793,9422.0,0.34224335708469156,-1.3832138485282937,0
TX002122,AC00090,-0.07373977405909178,13483.5,0.4898866938957933,-0.23230625843143812,0
TX002123,AC00210,-0.2706425988640323,12164.0,0.44159545799268796,-0.9056246879907757,0
TX002124,AC00014,0.07414742778213858,16803.0,0.6098467873471585,0.2680854096108777,0
TX002125,AC00039,4.547764439865839,27281.0,0.9909540556099027,15.871164626058338,3
TX002126,AC00021,0.1388072210782558,17814.0,0.6460420155082114,0.48303206764553447,0
TX002127,AC00242,0.2691356333708919,9284.0,0.339753363704344,-0.04155020439608,0
TX002128,AC00413,-0.7960923345505737,3482.0,0.1261018189821549,-2.6622167880630117,0
TX002129,AC00082,-0.01302374315574623,14895.0,0.540870990542045,-0.0005413232068544004,0
TX002130,AC00304,0.8535498541787508,22857.0,0.8296648421239393,2.9245933837206746,0
TX002131,AC00098,-0.7103626520407705,6084.0,0.22050997238838316,-2.388834758180363,0
TX002132,AC00372,-0.22819365604774494,12739.5,0.46196533830859915,-0.7322845571658154,0
TX002133,AC00274,-0.8936917355893418,4268.0,0.15502772371219314,-3.0267362838570997,0
TX002134,AC00080,-0.33532404272497174,10619.0,0.385960454687683,-1.132592849077066,0
TX002135,AC00064,-0.8087931752159534,5768.5,0.20879704750480566,-2.726363551500153,0
TX002136,AC00241,0.11459012438036748,15426.0,0.5597845503192428,0.43866078642331985,0
TX002137,AC00055,-0.6424810514295448,7700.0,0.2786431954263167,-2.1582272621604277,0
TX002138,AC00215,0.048887154845494746,18332.5,0.6658771226400313,0.14866976043283067,0
TX002139,AC00037,0.015574625648938759,15487.5,0.5685111464968153,0.03170322195681254,0
TX002140,AC00325,-0.04511420343841208,13349.0,0.4846064753990474,-0.12478959893494837,0
TX002141,AC00394,1.9627258145197943,26005.0,0.9444889946469046,7.045506024335372,2
TX002142,AC00164,-0.2672725988478739,10670.0,0.38979658670852846,-1.1879269182741918,0
TX002143,AC00096,0.6130957278998476,20554.0,0.7471033596303408,2.0722600592643357,0
TX002144,AC00402,-0.384249656478313,9516.0,0.345162928788835,-1.2808434967340776,0
TX002145,AC00077,1.3889057315282038,24087.0,0.8751264387378401,4.668792662158533,2
TX002146,AC00116,0.1652835308901525,18220.0,0.6616201358451049,0.5628819743744364,0
TX002147,AC00145,0.10576406434586168,17392.0,0.6320658944703001,0.37101522004299275,0
TX002148,AC00457,-0.4584868486161295,9416.0,0.34147101407001595,-1.5303956965442926,0
TX002149,AC00021,0.43928761461694044,20326.0,0.7380333388456927,1.521292605215091,0
TX002150,AC00110,0.847095207568577,22300.0,0.8097274781148888,2.88090567969045,1
TX002151,AC00284,0.02108834833966857,16313.5,0.5926969666032987,0.07893606053674371,0
TX002152,AC00012,-0.3476998248686846,12634.0,0.4585019685390528,-1.1562563814537155,0
TX002153,AC00065,-0.7589684510645501,6059.0,0.21927044486668368,-2.544632412018365,0
TX002154,AC00439,-0.46917965797527594,8000.0,0.2914027805433322,-1.5791055417994029,0
TX002155,AC00157,0.45277066169625146,19586.0,0.7122107276941093,1.4967565100406486,0
TX002156,AC00013,0.19635139891160924,17327.0,0.6298511072369242,0.6609492668078544,0
TX002157,AC00355,0.2770943863039328,18057.0,0.6555952215076513,0.9846930257005615,0
TX002158,AC00155,-0.7308267892491136,5127.0,0.18570385275347168,-2.4661039262257813,0
TX002159,AC00105,0.9485908935094769,23549.5,0.8556378930750143,3.185640343995812,1
TX002160,AC00216,0.7589796787548416,20001.5,0.7275210998410415,2.2053657172467624,1
TX002161,AC00297,-0.444711224782015,9321.0,0.33731535002437174,-1.4586204976516857,0
TX002162,AC00139,1.6971473622767699,25916.0,0.9416028707499589,5.830381956939853,1
TX002163,AC00205,-0.6642372948114914,6853.0,0.2484908409658618,-2.2530871944336757,0
TX002164,AC00148,-0.5298556619538479,10483.5,0.379778923253012,-1.756049742496643,0
TX002165,AC00064,-0.543653931995747,7125.0,0.258356045700191,-1.820731893244722,0
TX002166,AC00344,-0.4714817513784247,10675.0,0.3868236491786666,-1.6050424871498088,0
TX002167,AC00448,-0.8411273052379578,5186.0,0.1878490022549246,-2.841620458252254,0
TX002168,AC00446,-0.6917904618378466,4916.0,0.17823351101451357,-2.320265851836318,0
TX002169,AC00460,1.2645863852555073,24442.5,0.8874118936545353,4.345600316542932,2
TX002170,AC00020,-0.4429132187711661,9111.0,0.33052921180814865,-1.500395174272599,0
TX002171,AC00202,0.3627710600061782,18059.0,0.6571873672634317,1.0456562189618797,0
TX002172,AC00458,-0.729562990789547,6319.5,0.2292448371049603,-2.427161056727206,0
TX002173,AC00139,0.25311180526766575,18971.5,0.6887920044192086,0.8749453850512076,0
TX002174,AC00210,-0.768177858062814,5300.0,0.19191001804614663,-2.567609110462604,0
TX002175,AC00399,-0.2223404886306163,12371.0,0.44933205633020545,-0.7115503282769576,0
TX002176,AC00267,-0.5897216082712395,7141.0,0.2582738123075395,-1.9563326966771264,0
TX002177,AC00414,0.008679205099121443,14278.5,0.5185168115308272,0.06155931221532341,0
TX002178,AC00272,-0.6838403168070729,4978.0,0.18061152957364712,-2.2922703511428573,0
TX002179,AC00220,-0.9741587274415009,3340.0,0.12088827010110759,-3.307458330084143,0
TX002180,AC00276,-0.00997063594513356,15315.0,0.5561934008862524,-0.017177985321915872,0
TX002181,AC00084,0.47380083027572445,18622.0,0.6932921974522291,1.4707038474241896,0
TX002182,AC00189,-0.47621226820035895,8410.0,0.30568876086179875,-1.5831893597394036,0
TX002183,AC00209,-0.14354043849094075,12867.0,0.4665215473787285,-0.45922413164854753,0
TX002184,AC00324,-0.09239069879893047,13637.0,0.4953158907337882,-0.2765151587275996,0
TX002185,AC00159,-0.6099223616566999,7548.0,0.2738367455319756,-2.0284576842223556,0
TX002186,AC00497,-0.016094881940563355,15446.0,0.5614430794257054,-0.056674975295074016,0
TX002187,AC00257,0.07373449831295426,16364.0,0.5927296761480855,0.2709673481612422,0
TX002188,AC00353,-0.5720772596345224,7716.0,0.2805398066270773,-1.9463639369124266,0
TX002189,AC00115,0.6837216206624833,20937.0,0.7606425799866643,2.3312439771156646,1
TX002190,AC00478,-0.7899974610319358,4201.5,0.15239404036011298,-2.6527471245598226,0
TX002191,AC00497,-0.7426158106648834,4915.0,0.17828350192635262,-2.5006429490092525,0
TX002192,AC00131,5.788138133635592,25147.0,0.9138490555303509,18.39533890679029,2
TX002193,AC00059,-0.0681421444659858,15213.0,0.5514595719066383,-0.17839731426399585,0
TX002194,AC00101,0.3933264880864908,20096.0,0.7297510892534546,1.361250780251005,0
TX002195,AC00418,-0.3793584673475673,10815.0,0.3914112720677181,-1.2500495038675206,0
TX002196,AC00384,-0.4842804521191898,7424.0,0.26920003572587414,-1.6159293304750448,0
TX002197,AC00496,-0.29467170192127995,11098.0,0.4026639882707279,-0.9710046944738633,0
TX002198,AC00145,-0.4559138244883894,9595.0,0.3482224690194959,-1.5411129711904026,0
TX002199,AC00131,-0.5613751690777306,7889.5,0.28598843935303864,-1.9137147899507747,0
TX002200,AC00224,0.36457684342369445,15696.5,0.5768312101910829,0.9679075990880164,0
TX002201,AC00219,-0.439452315704978,9794.5,0.3543634412212946,-1.4526887038637846,0
TX002202,AC00385,1.213297581980799,25010.0,0.9078701243945043,4.445335024605117,1
TX002203,AC00133,0.4275453461960583,19786.0,0.7187957270697503,1.459656651723285,0
TX002204,AC00056,-0.34420691211441423,9791.0,0.35537204327411004,-1.155413892671512,0
TX002205,AC00358,0.19345071354354904,19153.5,0.6958741105293939,0.6562589369864645,0
TX002206,AC00419,-0.6263164639952911,6944.0,0.2515620427293025,-2.0929318406374025,0
TX002207,AC00464,-0.39254259590945123,10957.0,0.3985158273818334,-1.3127564169316024,0
TX002208,AC00430,-0.1694147777135059,14388.5,0.5224280956518093,-0.5568038457201417,0
TX002209,AC00071,0.11281367256674202,17886.0,0.6505270952550158,0.3490629993081511,0
TX002210,AC00404,-0.28026005384668956,10141.0,0.3680517755180855,-0.9234087141463789,0
TX002211,AC00349,0.32405155860756335,19630.0,0.7132230210589804,1.1131936818141073,0
TX002212,AC00235,1.1740375360152941,23553.0,0.855643573175606,3.9720083567535065,2
TX002213,AC00228,0.014254511952946691,17263.5,0.6262769077062301,0.07166664836450735,0
TX002214,AC00024,-0.7350242993081282,6730.0,0.24413063303259638,-2.4897886161927585,0
TX002215,AC00330,-0.5555085953466475,6810.0,0.24682031886186337,-1.829953232461432,0
TX002216,AC00290,0.8503336932366999,22820.0,0.8287401458541352,2.9087707197042354,1
TX002217,AC00042,-0.37559456559096427,9445.5,0.34388933573016506,-1.2825121731852038,0
TX002218,AC00203,0.1284341167921562,16096.0,0.584875377689023,0.47915035677082746,0
TX002219,AC00248,0.02423721138825871,15635.0,0.5683277229407843,0.06712378965319327,0
TX002220,AC00140,-0.8521999692294526,5278.5,0.19137887590779157,-2.9016509488182796,0
TX002221,AC00095,0.15234126560758948,18163.0,0.6602683020374355,0.5039882262518168,0
TX002222,AC00225,2.4328317412551494,22676.0,0.8244187795636428,7.18434654321898,1
TX002223,AC00445,0.1996838316313759,17132.0,0.6220665067761039,0.6663664644994154,0
TX002224,AC00385,-0.6109158382332153,7674.5,0.2791290775588958,-2.0759801714426027,0
TX002225,AC00143,-0.8129112092625088,5038.0,0.18283595941810696,-2.7417705768056635,0
TX002226,AC00448,0.5705737561733285,20856.0,0.7573316689383052,1.9573226410434612,0
TX002227,AC00273,0.017944168841726563,16643.0,0.60501267521227,0.05605830419031744,0
TX002228,AC00291,0.004852068674218498,16276.0,0.5906702856189616,0.05468952273686117,0
TX002229,AC00337,-0.9524783610681121,3746.0,0.1356377285479626,-3.229411826299186,0
TX002230,AC00332,-0.23489675907497104,11166.0,0.40496082809779727,-0.7705048571143591,0
TX002231,AC00040,0.02288506850956618,16341.0,0.5934667934991447,0.08543052801853482,0
TX002232,AC00089,-0.012460474024608668,16350.0,0.5948067849750762,-0.06937233081194007,0
TX002233,AC00231,-1.0409733462630104,2554.5,0.09230861044188711,-3.524386103280022,0
TX002234,AC00277,0.5449114262876746,21491.0,0.7806520225135682,1.8207080545831642,0
TX002235,AC00465,0.5767283760636199,19166.0,0.6966579493444712,1.9408233514220183,1
TX002236,AC00205,-0.5722780698594426,7616.5,0.2758981097830557,-1.9058822567341147,0
TX002237,AC00036,-0.10915586576842845,13972.5,0.5070847126284939,-0.3211088494324042,0
TX002238,AC00227,-0.04417979297888745,16559.5,0.6016692956844012,-0.15957431853141352,0
TX002239,AC00251,0.5773695476059815,21273.0,0.772981385662498,1.9362237815210726,0
TX002240,AC00298,0.09643350728501622,15418.0,0.5605507461693523,0.33933168938194497,0
TX002241,AC00315,-0.5845526057961412,7368.0,0.2675363538491134,-1.9809903058012124,0
TX002242,AC00292,-0.0701997759543182,14586.0,0.5302203047354381,-0.23841579287939954,0
TX002243,AC00252,0.6656311524859827,21341.5,0.8015525477707006,2.0658599065196337,0
TX002244,AC00400,0.7877364170596599,20910.0,0.7598427856635588,2.6865697341625765,1
TX002245,AC00384,0.025625573062136576,16325.0,0.5936832701179822,0.0678761988359115,0
TX002246,AC00329,0.013900603034537093,17279.5,0.6258317204057419,0.05598698069225375,0
TX002247,AC00033,-0.5743027684354537,6944.0,0.25179406805851323,-1.9323320138234004,0
TX002248,AC00003,-0.5456276581187072,9408.0,0.3409130082198439,-1.8581059223537053,0
TX002249,AC00429,-0.15755395369163896,14294.5,0.51852738826986,-0.5172806031529696,0
TX002250,AC00488,-0.32459423626027356,11098.5,0.4029654855994835,-1.0508321955780622,0
TX002251,AC00325,0.5699362015369053,21965.0,0.798328103823922,2.1579564661429047,0
TX002252,AC00359,-0.2532409711217458,10600.0,0.3854336065245763,-0.8514469183146176,0
TX002253,AC00478,0.40440825783362255,18735.0,0.681128042062998,1.3588927311491295,0
TX002254,AC00236,1.488559874807048,25573.0,0.9289262120882665,5.3134684650287936,1
TX002255,AC00085,1.173369873218218,20544.0,0.7470116041592437,3.858811048439266,0
TX002256,AC00349,-0.8772779482912079,4417.0,0.1598598470585456,-2.9358926860541614,0
TX002257,AC00314,-0.7944976960373034,4185.0,0.15161791563390284,-2.6734716669186933,0
TX002258,AC00056,-0.513894769087542,8621.5,0.31300980786133153,-1.7341355936747749,0
TX002259,AC00399,0.45176210585675525,20440.0,0.7418043229754012,1.571078396367901,0
TX002260,AC00324,0.7397060389056589,22397.0,0.8138577399069585,2.470673105386235,1
TX002261,AC00095,-0.24014571235544044,12626.0,0.45864501064785324,-0.8114127951349874,0
TX002262,AC00086,1.344769511939053,24345.5,0.8843804375286566,4.9487476745266505,0
TX002263,AC00279,1.093942564206819,24173.0,0.8784227352037749,3.8831665672418794,0
TX002264,AC00431,-0.2708942090506036,13844.5,0.5033092386579991,-0.9221775344196977,0
TX002265,AC00369,-0.8147057341120965,4547.0,0.16487279949588426,-2.7427321987431506,0
TX002266,AC00089,-0.5019205439506579,9483.0,0.344560325862399,-1.7044233614757107,0
TX002267,AC00035,0.28303429401311764,18011.0,0.6546547354621969,0.9720795547409364,0
TX002268,AC00416,0.05644649609208097,15632.0,0.5665303402347107,0.23532093022313164,0
TX002269,AC00056,-0.2645243549694868,11675.0,0.4247637078153845,-0.8664153965674213,0
TX002270,AC00197,-0.05776222165022624,13357.5,0.48534830858958977,-0.14163414472605376,0
TX002271,AC00396,-0.40953565368750505,10120.0,0.36774755113838253,-1.3906329433705056,0
TX002272,AC00295,1.1192293335070576,24303.0,0.8821313738261928,4.162196665573736,1
TX002273,AC00268,0.2545002160754859,17174.0,0.623498645454208,0.8249219138330205,0
TX002274,AC00357,5.79197898393221,25180.0,0.9150035472755526,19.062266640132403,2
TX002275,AC00490,-0.11972407154514536,12509.0,0.45412241511729995,-0.38311116345341584,0
TX002276,AC00367,-0.7547135013752291,6405.0,0.23220483244275786,-2.5417541999073068,0
TX002277,AC00093,1.0569250804948038,21733.5,0.7902965169201308,2.6736635376926627,0
TX002278,AC00177,1.169945551248068,22744.0,0.8261256121250049,3.945941333034066,0
TX002279,AC00118,-0.8119112269530352,3584.0,0.1297086677913165,-2.7246349620089916,0
TX002280,AC00183,-0.30284322449517453,13891.0,0.5052605566100822,-1.062911738970251,0
TX002281,AC00137,0.1988002987400134,18603.5,0.6757508851916976,0.6939309396344902,0
TX002282,AC00225,1.5442803105760377,26260.0,0.9538201795261331,5.623670290535581,1
TX002283,AC00191,0.3882038644356104,19192.0,0.6969575030844303,1.3311873024623189,0
TX002284,AC00373,0.31408588344243515,14271.0,0.5201297642333377,0.6612241807775545,0
TX002285,AC00167,-0.7088735052213561,6849.5,0.2493353679644496,-2.41209930575563,0
TX002286,AC00149,-0.6558550862166351,6369.0,0.23136438848730087,-2.2262206150573416,0
TX002287,AC00453,-0.5778073540852876,7513.5,0.27216557556504495,-1.9385424870476629,0
TX002288,AC00253,-0.24999999923115046,12860.0,0.46694772065548534,-0.8074494324341629,0
TX002289,AC00149,-0.5085329696485222,10922.0,0.3988153509886328,-1.900795734375778,0
TX002290,AC00359,-1.0034719135067949,2960.5,0.10712436183994517,-3.4032266708172343,0
TX002291,AC00050,-0.7236851942188288,5949.0,0.2188494846265441,-2.626490565780365,0
TX002292,AC00054,-0.10415675697903416,12985.0,0.4725404350842547,-0.3459343265455563,0
TX002293,AC00388,0.7497056697460294,21697.5,0.8157245222929935,2.3416552658358607,0
TX002294,AC00322,1.2121552498465828,25025.5,0.9089746704276063,4.095752270736134,1
TX002295,AC00140,-0.4111595738423401,11083.5,0.4019038943854451,-1.366164392924529,0
TX002296,AC00138,0.5199515396455971,19212.5,0.7167993630573248,1.6086276785698048,1
TX002297,AC00408,-0.327306938685224,10463.5,0.36851114649681527,-1.02582847819527,0
TX002298,AC00219,0.5681550086612839,18842.0,0.684133583671588,1.953680121939629,0
TX002299,AC00339,0.4406143883730984,19838.0,0.7200610787092594,1.5049212820105538,0
TX002300,AC00446,-0.7363014242350376,5059.5,0.18411455458127685,-2.4735617437948774,0
TX002301,AC00038,0.7931079163246688,22838.0,0.861126592356688,2.4452290299734702,0
TX002302,AC00387,-0.23384530409514565,11314.0,0.4104677534210779,-0.7552841956073558,0
TX002303,AC00126,-0.3812715414850834,10856.0,0.39408004548419645,-1.270075444878544,0
TX002304,AC00155,-0.6802098502709979,6595.0,0.2388638087253095,-2.294452593672921,0
TX002305,AC00494,0.23370245695485406,16258.0,0.5885123596578222,0.8639667410969386,1
TX002306,AC00202,1.76750246689598,24137.0,0.8772707143776635,5.172659529690481,0
TX002307,AC00489,-0.7153871349696503,6478.0,0.23440584882217916,-2.417891651750155,0
TX002308,AC00378,-0.7775566376558611,5354.5,0.1939967242844821,-2.6216293423744976,0
TX002309,AC00255,-0.2345556026505085,12334.0,0.4473798193167535,-0.7656823037111408,0
TX002310,AC00331,0.9471304852571809,22485.5,0.8171947914713034,3.1586608803696885,1
TX002311,AC00243,1.0887534064642044,21509.0,0.782130445724876,3.590588401457401,1
TX002312,AC00066,0.05964877308641304,15233.0,0.5536733044794268,0.22413702935074178,0
TX002313,AC00166,-0.12042955905717975,14744.5,0.5356431736099091,-0.370734471581969,0
TX002314,AC00288,1.48133416928144,25662.0,0.9317758748620503,5.376593371138234,1
TX002315,AC00005,0.5474021128029225,11971.5,0.4370270449929054,0.6876262963989661,0
TX002316,AC00191,-0.041508886355007366,15674.0,0.5688574337540566,-0.11608352604811548,0
TX002317,AC00443,-0.49033930781780294,10148.0,0.3684294042746659,-1.6819273447779848,0
TX002318,AC00096,0.7480138211625105,20830.5,0.7562000030615291,2.5427713274903727,0
TX002319,AC00225,-0.05134840202126878,14088.0,0.5102835132564206,-0.1367368350542508,0
TX002320,AC00042,-0.3371478625800221,9788.0,0.35562808473155205,-1.112515042278136,0
TX002321,AC00460,0.5103617863898308,19846.0,0.7189170130372923,1.7919796913353139,0
TX002322,AC00378,0.9096251682183112,23032.0,0.8367289587378207,3.0947051479193144,1
TX002323,AC00322,-0.015255017748891476,16109.5,0.5851932373234618,-0.040588353326221946,0
TX002324,AC00328,-0.43036116742419145,8109.0,0.2945469949525752,-1.444448345650969,0
TX002325,AC00337,-0.4944451287436281,8631.0,0.3129144213444982,-1.6377987092743198,0
TX002326,AC00003,-0.5795404741590574,6729.0,0.2441458201450538,-1.9278169848408984,0
TX002327,AC00146,0.7830563461628502,21497.5,0.8077627388535034,2.4621088166225,0
TX002328,AC00004,-0.16388459497181057,12351.0,0.44747630569391367,-0.5248144666387744,0
TX002329,AC00386,0.2007810406253967,16800.0,0.6108105060586936,0.6801363837411002,0
TX002330,AC00187,-0.5631796430252606,8120.0,0.29510252988365704,-1.9003071756839487,0
TX002331,AC00415,0.9935274303410069,23184.0,0.8420922694222678,3.3656085740570063,1
TX002332,AC00315,0.11064188433737376,17494.5,0.6353776040473895,0.3968178128858431,0
TX002333,AC00297,-0.5198057309287105,8436.0,0.30534527297508784,-1.741824396789675,0
TX002334,AC00304,0.21219408244430235,17549.0,0.6364003084189155,0.7462193071570986,0
TX002335,AC00016,0.19217127628352174,18741.0,0.680983885027291,0.6621754033035772,0
TX002336,AC00048,0.08606031734977512,17277.5,0.6281889772178849,0.2953026875390335,0
TX002337,AC00485,0.6755670931984242,19868.5,0.7429140127388536,2.127352958791589,0
TX002338,AC00064,0.4492933854422074,19468.0,0.7073237921303758,1.5127305888071547,0
TX002339,AC00081,0.49820273774749085,19404.0,0.7050871884894223,1.7181796635761841,0
TX002340,AC00228,-0.6978193908218578,4724.5,0.1711572959370376,-2.3318881055885283,0
TX002341,AC00204,0.9584262895286426,23051.5,0.837683260836969,3.1882905736527345,2
TX002342,AC00144,-0.6396792112989246,7179.0,0.25997386490798297,-2.1685074943810205,0
TX002343,AC00420,0.7528161771802809,22653.0,0.8226748832159264,2.5717120432174108,0
TX002344,AC00448,0.2846831357611671,18115.5,0.6579145256052304,1.0140338474980293,0
TX002345,AC00363,1.1189865369339045,19871.0,0.7228944394436793,2.9017029356163717,0
TX002346,AC00396,-0.19051245280153783,11368.0,0.413570534735819,-0.6145619206196884,0
TX002347,AC00456,1.4193381982953504,25804.0,0.9370341714851599,5.192218147319088,0
TX002348,AC00363,1.7949750172780385,23294.0,0.8467642651583052,5.281335521654848,2
TX002349,AC00326,-0.5555241371931462,7587.0,0.2749995540292374,-1.8704504050174808,0
TX002350,AC00500,0.8541207205616483,22264.5,0.8088172909614503,2.8810338794977888,1
TX002351,AC00076,-0.43644169723900517,8164.0,0.29608333409670673,-1.4641475170503657,0
TX002352,AC00063,0.2747535078568715,17084.0,0.6203426489795466,0.978903875981958,0
TX002353,AC00376,-0.19589139680901263,11273.0,0.4087552558257041,-0.6212246337019283,0
TX002354,AC00392,-0.282097811178847,11756.0,0.4262548773532189,-0.9207696226945651,0
TX002355,AC00282,0.4352697516037977,21966.5,0.7973432467009012,1.5113285020074105,0
TX002356,AC00238,0.17609965105478217,16035.5,0.590326433121019,0.5580738234979115,0
TX002357,AC00130,-0.3973171935150597,11718.5,0.4259650716904028,-1.3711313824655689,0
TX002358,AC00194,0.8176011674543948,23207.0,0.8432577597707372,3.1000018325533034,1
TX002359,AC00132,-0.5531734739318372,7712.0,0.2798182982527107,-1.8533904867750264,0
TX002360,AC00071,-0.17354972695847012,11532.0,0.4205547683435007,-0.7207912079316022,0
TX002361,AC00457,-0.7150163641084121,5501.0,0.1991411024975809,-2.417477250200136,0
TX002362,AC00153,-0.3282711267213105,12894.5,0.4676427269159507,-1.1072108389156787,0
TX002363,AC00003,0.18185948564996923,18649.0,0.6768191207674361,0.6514668239487372,0
TX002364,AC00327,-0.28205919877743896,12061.0,0.4391423777328968,-0.9662545838813639,0
TX002365,AC00362,0.5973298948844273,20479.0,0.7423323764648934,2.0933057581518595,0
TX002366,AC00195,-0.7929300698728518,6070.5,0.19363057324840766,-2.509186744317088,0
TX002367,AC00010,0.6549190152716552,21642.0,0.7866304715188608,2.0724660577688194,0
TX002368,AC00032,-0.017826305506801744,14027.0,0.5094747091185834,-0.04066557830227684,0
TX002369,AC00202,1.310684604679648,22401.5,0.8144796732553021,3.486608697593512,0
TX002370,AC00262,0.26044380429636244,20890.0,0.7586947122813598,0.9094385221658452,0
TX002371,AC00158,-0.004440636740074673,15062.0,0.5473124656783313,0.0004901491024916157,0
TX002372,AC00465,0.724110383492776,21340.5,0.7758882562398542,2.705817850283355,0
TX002373,AC00260,0.7488197542771873,22945.5,0.833832212902103,2.865805216348722,0
TX002374,AC00130,-0.5809064969218288,6727.0,0.2439938887541602,-1.9272425628111682,0
TX002375,AC00500,-0.5061945537215183,7382.0,0.2678573925318941,-1.6924570991150647,0
TX002376,AC00384,-0.18950193122020034,12302.0,0.4481873277287264,-0.6639650725648792,0
TX002377,AC00027,-0.015229471922944961,15842.0,0.575296980368126,-0.03874216142694996,0
TX002378,AC00176,0.19118583610441822,18708.0,0.6802602974649093,0.6161896594843908,0
TX002379,AC00150,-0.9790378922449288,2157.5,0.07828096170099516,-3.31087816053297,0
TX002380,AC00443,-0.08807796738843021,14741.0,0.5343431236370773,-0.27588006331095255,0
TX002381,AC00098,0.3459384716677163,20364.0,0.7396090921626303,1.2026832536162058,0
TX002382,AC00452,-0.5524063797663175,6790.0,0.24726327630853848,-1.8687728387186266,0
TX002383,AC00119,3.3572419745801634,23542.0,0.8556200391779286,11.199609353595184,2
TX002384,AC00342,-0.41919007041950435,10507.0,0.3800990428744237,-1.401474170929198,0
TX002385,AC00190,-0.5669475571405908,6440.0,0.23364881345259958,-1.9107684000668999,0
TX002386,AC00075,-0.3844135279159071,11560.0,0.41880698481819106,-1.3106875327883278,0
TX002387,AC00450,-0.4629570207016431,7902.0,0.2869363532223436,-1.5414823435615173,0
TX002388,AC00300,-0.3547629039692346,9963.0,0.3610597374220576,-1.155757525884306,0
TX002389,AC00183,0.3663990872239174,16793.0,0.6101826214113215,1.1744105497265276,0
TX002390,AC00079,-0.5469119432524138,7789.0,0.28244084740230474,-1.825702303097679,0
TX002391,AC00004,-0.5537946090715626,6108.0,0.22140670508604343,-1.832392052359703,0
TX002392,AC00063,0.7791962209172157,20990.0,0.7626020790915888,2.654671340325973,1
TX002393,AC00345,-0.7277258528699387,5516.5,0.20022907529288225,-2.451171831228093,0
TX002394,AC00177,0.38231780616329136,12114.0,0.44217913729487157,0.2957995994815659,0
TX002395,AC00165,-0.12360148509592568,12898.5,0.4693652588534839,-0.4071685130770766,0
TX002396,AC00097,-0.4191561504336258,10844.0,0.39353306837045177,-1.4132304291533548,0
TX002397,AC00241,0.704015878215112,20471.0,0.744089651935489,2.3743129746791825,0
TX002398,AC00308,-0.07135609046679951,15432.0,0.5663017515923567,-0.24046009422352405,0
TX002399,AC00308,-0.3753997452658074,11204.5,0.39800955414012734,-1.1976532779194302,0
TX002400,AC00088,-0.2606580436364443,11259.5,0.40019904458598726,-0.8018600359685266,0
TX002401,AC00370,-0.6178142069097492,6741.0,0.24425526378085813,-2.0640032487584854,0
TX002402,AC00073,0.6485851930872064,22062.0,0.8014208809296633,2.227333529548252,1
TX002403,AC00452,-0.4012923835535053,10051.5,0.365288429180084,-1.3391642225668874,0
TX002404,AC00111,0.4511839795272981,20260.0,0.736103882500927,1.4831492706683376,0
TX002405,AC00150,-0.5663732684857495,7806.5,0.28363103187509736,-1.9149904229424153,0
TX002406,AC00103,-0.15172402461083584,14635.0,0.531690320795207,-0.5344055603332958,0
TX002407,AC00176,-0.07926625507335265,14498.0,0.5266162884432825,-0.26259338667810755,0
TX002408,AC00194,0.024739968075497137,15894.0,0.5768855101447502,0.11436862600679795,0
TX002409,AC00225,-0.46436008000357376,7225.0,0.2615673365227877,-1.5493575894938856,0
TX002410,AC00267,-0.40634788703492575,8483.0,0.306921900153655,-1.3237507779585427,0
TX002411,AC00129,-0.696507529439119,5938.5,0.2152857714354039,-2.337394758739801,0
TX002412,AC00362,0.14110060905426902,16094.0,0.5827943214181196,0.5216847090425332,0
TX002413,AC00155,-0.19314690174310378,14553.0,0.5283664223550438,-0.6802961898242434,0
TX002414,AC00019,0.06159306267454086,16374.0,0.5950770492838674,0.22120045971052793,0
TX002415,AC00028,0.32998422387647514,17629.0,0.6395557022303842,1.1227621240667944,1
TX002416,AC00459,-0.430054677209431,9261.0,0.33565938223647823,-1.434938781715858,0
TX002417,AC00069,-0.5427304440826944,7595.0,0.2756404260684134,-1.8150801197328668,0
TX002418,AC00046,0.3895888363011398,19860.0,0.7214969840323181,1.3364475554834447,0
TX002419,AC00067,-0.4001908240159791,10811.0,0.3927763343324685,-1.33835799719262,0
TX002420,AC00257,0.35987160226801634,20407.0,0.7404973574424325,1.2525217583111887,0
TX002421,AC00215,-0.7826648752483673,4412.0,0.16027719131952867,-2.639923883088059,0
TX002422,AC00152,-0.17324760191048694,13616.0,0.49388800083119305,-0.5432268653134242,0
TX002423,AC00306,-0.0057323952954783635,15525.0,0.5642888248887364,-0.016423251924441908,0
TX002424,AC00340,0.5723851172040485,20027.5,0.7283940876089073,2.0552073347327844,0
TX002425,AC00116,0.2492158900579169,17752.5,0.6443698812801723,0.9009867022493188,0
TX002426,AC00306,-0.5967035875519134,6231.0,0.22665192391787004,-2.0007367384795267,0
TX002427,AC00032,0.08220996343989456,16550.0,0.6006194714692014,0.30691465797360035,0
TX002428,AC00374,-1.2037809805736293,1448.0,0.05247825350135261,-4.067828220092281,0
TX002429,AC00303,0.034328668819563056,17153.0,0.6230369753153977,0.135309056574727,0
TX002430,AC00464,-0.6903355474340084,6343.0,0.2295749006690526,-2.33890223057497,0
TX002431,AC00245,0.3660584383346393,19816.0,0.7201250514071705,1.2466230419027606,0
TX002432,AC00373,0.1557922143585654,16764.0,0.6090237302248126,0.5687152415396188,0
TX002433,AC00386,-0.2820452485179331,11493.0,0.41743134581440766,-0.9504229980606855,0
TX002434,AC00078,-0.858476036226385,3819.0,0.13822821601570204,-2.9119793955025015,0
TX002435,AC00424,0.05558337164640833,15431.0,0.5605389339707743,0.20413349386243382,0
TX002436,AC00033,0.20174561596827492,16643.0,0.604926494375706,0.6808269781607336,0
TX002437,AC00046,0.5017098987968391,20826.0,0.7556791664637701,1.7333925649429327,0
TX002438,AC00298,-0.3295093735799306,10548.0,0.384463258517921,-1.1339262218694655,0
TX002439,AC00432,-0.05078388693923166,14955.5,0.5429610415611003,-0.13045110536456064,0
TX002440,AC00439,0.5926486976590929,21343.0,0.7752428792933123,2.040111517929623,0
TX002441,AC00407,-0.4288863208724888,10008.0,0.36395613672643967,-1.4601114814962564,0
TX002442,AC00004,-0.12957557149939047,15435.5,0.5602708844492165,-0.41054932916075276,0
TX002443,AC00079,-0.5998306562750907,6750.0,0.24441026875403482,-2.0042960387373654,0
TX002444,AC00356,-0.4452301313403092,8025.0,0.29148549606653784,-1.4904506719291266,0
TX002445,AC00269,0.004603204521184397,14279.0,0.5181504073762118,0.06037040126454588,0
TX002446,AC00439,1.0427423403718605,24393.0,0.8862419887981786,3.8466845717719655,0
TX002447,AC00014,0.6268904318226415,19872.0,0.7227781555806371,1.9143093743318282,0
TX002448,AC00140,-0.47010970892801957,7754.0,0.28164653731425315,-1.5833213887432829,0
TX002449,AC00460,0.03708072005457752,14915.0,0.539659034861414,0.18915051818503717,0
TX002450,AC00494,-0.1655439217532442,14913.5,0.5413283667056067,-0.528184595170068,0
TX002451,AC00325,-0.35408073911111093,10904.5,0.397943372681615,-1.2440709604247422,0
TX002452,AC00150,-0.8289357328374719,4297.5,0.155700883431921,-2.806151218946755,0
TX002453,AC00242,0.9773791007503622,21487.0,0.7813607845614082,2.598048190536889,0
TX002454,AC00222,0.3447159910609051,15395.0,0.5599106274591672,0.9338134687216747,0
TX002455,AC00170,-1.0080294531876326,2726.0,0.09862622322548234,-3.3944214801410864,0
TX002456,AC00043,0.21839791139457065,17906.5,0.6507916794632151,0.7408184040841777,1
TX002457,AC00487,0.18335836067889583,16412.0,0.5958970629570899,0.6618427246081359,0
TX002458,AC00315,0.32332361087365136,18939.0,0.6884295778416654,1.0712482382698711,0
TX002459,AC00312,1.1192007511072775,24410.0,0.8864312853070231,3.8339476768109426,1
TX002460,AC00483,-0.3409814182679865,10653.5,0.38735319425956083,-1.1530811404904617,0
TX002461,AC00430,1.7846792315880302,25903.0,0.9407926503536185,6.408680747042322,2
TX002462,AC00320,-0.39987724580888395,11203.0,0.40702410580451437,-1.3714963031695804,0
TX002463,AC00464,-0.4483304405195281,10260.5,0.37341727085660614,-1.489761608031684,0
TX002464,AC00436,-0.7835462725460259,4456.5,0.16172688256312176,-2.628193319597436,0
TX002465,AC00279,-0.6219216751051864,7365.0,0.2664814521965145,-2.096354242616567,0
TX002466,AC00436,-1.0166500408797237,3545.0,0.12812489905391525,-3.4486571234828802,0
TX002467,AC00251,0.9510948799966145,23280.0,0.8452284081447279,3.288856315193333,1
TX002468,AC00412,-0.09815068013824291,13999.0,0.5091176914431952,-0.32868099197571793,0
TX002469,AC00284,-0.04923696372434856,14020.0,0.5093324203387738,-0.14060670234644312,0
TX002470,AC00054,0.028132150862941335,15260.0,0.5540587678575131,0.115986603190162,0
TX002471,AC00128,-0.4810850285159197,10650.0,0.38890705583602164,-1.7951795575929916,0
TX002472,AC00236,-0.687688298122588,5414.0,0.19768967859730865,-2.3319669243442593,0
TX002473,AC00275,0.21214282272778062,18496.0,0.671590324507612,0.7593373352775002,0
TX002474,AC00122,0.5177396740715775,14538.0,0.5299018575043862,0.73150604374323,0
TX002475,AC00302,0.02423533546166607,15054.0,0.546045125250286,0.11820828390397094,0
TX002476,AC00058,0.09819059544350241,17913.5,0.6509638000710661,0.3258195963425008,0
TX002477,AC00058,0.13194161820725522,15994.0,0.5810530767884512,0.46897527189395355,0
TX002478,AC00042,-0.5101509954580509,7379.0,0.26727317083283714,-1.697462304682094,0
TX002479,AC00276,-0.5029220091034162,7613.0,0.2766382253834987,-1.7107110273121064,0
TX002480,AC00275,-0.0845016425852522,13908.0,0.5048084688160369,-0.24448674416890875,0
TX002481,AC00070,0.3491364128341727,18119.0,0.6581605176539335,1.2281385688487425,0
TX002482,AC00317,-0.25379827972639485,12981.0,0.4718305279763486,-0.8522643231928628,0
TX002483,AC00347,0.0034768232554209626,14903.0,0.5411953137392262,0.032687293589422885,0
TX002484,AC00179,-0.7120032351677348,5052.0,0.18302441219848156,-2.393998601642644,0
TX002485,AC00172,-0.7262177172477319,5348.0,0.19719877929364982,-2.755372204669069,0
TX002486,AC00051,0.9306642520043736,21610.0,0.7851160693149454,3.1767318458749463,1
TX002487,AC00202,1.005343114458355,19528.0,0.7104846099105792,2.4514217597643766,0
TX002488,AC00125,-0.305032042306701,12000.0,0.4350620164531872,-0.9944147362108993,0
TX002489,AC00311,0.14183329244272455,16743.0,0.6092034443888923,0.442536264734447,0
TX002490,AC00116,-0.186090816034058,13789.0,0.5008117873206414,-0.6032566471996683,0
TX002491,AC00265,-0.3194923309844476,12264.0,0.4468883474830616,-1.1217009219267695,0
TX002492,AC00493,-0.974647705089115,4185.0,0.15136931706689125,-3.3134080841244,0
TX002493,AC00057,1.202097301137177,24682.0,0.8967754566137945,4.274625872150444,1
TX002494,AC00279,-0.3630696196697141,11004.0,0.39984717064094916,-1.216312143231305,0
TX002495,AC00322,0.9849076755753562,22896.0,0.8318651353075294,3.319528893923292,1
TX002496,AC00182,-0.6674690277497665,7008.5,0.2538730903411411,-2.2536111959634244,0
TX002497,AC00432,0.23105856865928617,17565.0,0.6379107631789181,0.8347062411546018,0
TX002498,AC00030,0.5225443646808157,19407.0,0.7052686805099206,1.7657491470922746,0
TX002499,AC00407,-0.11706253867460087,13078.0,0.4749929126808532,-0.36297340572127995,0
TX002500,AC00089,0.29395323838910176,17985.0,0.6530889863542589,1.0383366240733578,0
TX002501,AC00375,1.2014682902713667,23016.0,0.836161521208682,4.044083715899623,2
TX002502,AC00216,-0.5317132049479039,9237.5,0.3348321215383629,-1.7664907517304447,0
TX002503,AC00069,0.3007897765718276,18548.0,0.6742097096754441,1.0070318270495358,0
TX002504,AC00427,0.036307540588194465,15973.0,0.5803626959679904,0.12914239582909123,0
TX002505,AC00047,-0.43820316310173657,9469.0,0.3437072862462135,-1.4777277192877287,0
TX002506,AC00377,-0.22814388112111958,13851.5,0.5028333456678401,-0.7671481594165476,0
TX002507,AC00258,-0.1184569288848551,14077.5,0.5109194585239959,-0.37770528754002364,0
TX002508,AC00297,1.4349602557538303,24114.0,0.8759046878518046,4.8968884069287775,2
TX002509,AC00322,0.28813310477386705,18248.0,0.6638913624864823,0.7793927709867197,0
TX002510,AC00095,-0.7828757350088462,4040.0,0.1463156848640416,-2.6199882493406195,0
TX002511,AC00118,-0.13669193467442706,12952.5,0.4697351132548778,-0.4258911341865802,0
TX002512,AC00009,0.22818757690670216,13616.0,0.494640425827348,0.5909873446719933,0
