TransactionID,AccountID,score_isolation_forest,score_lof,score_ocsvm,score_elliptic_envelope,score_dbscan,score_hdbscan,score_kmeans,score_gmm,score_autoencoder,score_vae,score_lstm_ae,lstm_ae_applicable,hybrid_vote_count,flag_isolation_forest,flag_lof,flag_ocsvm,flag_elliptic_envelope,flag_dbscan,flag_hdbscan,flag_kmeans,flag_gmm,flag_autoencoder,flag_vae,flag_lstm_ae,flag_hybrid_ensemble
TX000001,AC00128,-0.104170344699668,-0.179812377388993,-2.931854958852367,-88.18917805675943,0.0,0.2138296853920761,1.7385351833068283,-6.218068838854906,0.25224873,0.26736394,0.4663926362991333,1,0,0,0,0,0,0,0,0,0,0,0,0,0
TX000002,AC00455,-0.1251201498869405,-0.2561954054083535,-2.946103857849807,-98.16991422249752,0.0,0.052732563189858,1.5298295010706848,-8.364599184156825,0.16353396,0.21920033,0.2189798653125763,1,0,0,0,0,0,0,0,0,0,0,0,0,0
TX000003,AC00019,-0.0946114983204508,-0.2498393570368955,-3.522535197566006,-101.06324343710524,4.214684851089404e-08,0.0153722963112688,1.88131605689394,-15.233148475142457,0.3727728,0.2454007,0.26683545112609863,1,0,0,0,0,0,0,0,0,0,0,0,0,0
TX000004,AC00070,-0.0718895826121633,-0.1706252953443618,-2.6741889158726293,-90.421143599111,4.214684851089404e-08,0.3443091239630959,2.0001714679257043,-10.960524185606134,0.2431503,0.42734602,0.3497542142868042,1,0,0,0,0,0,0,0,0,0,0,0,0,0
TX000005,AC00411,-0.0208849158304978,-0.1760100854898669,-2.357148425768366,-86.56354017513867,0.0,0.3151374151907459,2.1762501056146246,7.541764352422647,0.346187,0.3447836,0.3590599596500397,1,0,0,0,0,0,0,0,0,1,0,0,0,0
TX000006,AC00393,-0.0970597438998095,-0.2562969851885425,-3.0038282780937378,-101.22622045983444,0.0,0.0355948554440031,1.4650383719414917,-15.150771436570444,0.2449486,0.24817617,0.22917138040065765,1,0,0,0,0,0,0,0,0,0,0,0,0,0
TX000007,AC00199,-0.0213309396150058,-0.0705052603723952,-0.451273122167434,-68.68988104726498,0.0,0.4279187901769087,2.3821051367549595,-2.737362658160006,0.4871963,0.4858869,,0,0,0,0,0,0,0,0,0,0,0,0,0,0
TX000008,AC00069,-0.0310826324258159,-0.130801061189675,-1.655030250852202,-91.64411756787644,0.0,0.3731508088503856,2.6655801172114995,-9.668073892614784,0.38806552,0.4200475,0.4332669675350189,1,0,0,0,0,0,0,0,0,0,0,0,0,0
TX000009,AC00135,-0.0659681032580195,-0.1907440074951887,-1.8969405862319109,-94.92251484042856,0.0,0.2309479071624567,2.1343151955066366,-6.92891602515437,0.26516646,0.25978112,,0,0,0,0,0,0,0,0,0,0,0,0,0,0
TX000010,AC00385,-0.1094456000854829,-0.23696568986869,-3.0694743572947933,-45.93725348680925,0.0,0.3798033689137019,2.2054685880259117,-3.7883409187051127,0.11680147,0.21902585,0.4898477792739868,1,0,0,0,0,0,0,0,0,0,0,0,0,0
TX000011,AC00150,-0.0298320437690152,-0.1355239660549707,-0.6397769601469756,-84.83612300138118,0.0,0.411856168606516,2.3277320886849893,-2.958947259887544,0.51155084,0.49103653,0.5174881815910339,1,0,0,0,0,0,0,0,0,0,0,0,0,0
TX000012,AC00459,-0.1045123230335225,-0.2473490499268423,-3.437235125383448,-101.36640124014744,0.0,0.1272641389721736,1.4381577768629483,-15.28181935467848,0.178235,0.20946755,0.23192119598388672,1,0,0,0,0,0,0,0,0,0,0,0,0,0
TX000013,AC00392,-0.0552660323871277,-0.2306152295489811,-2.7318660478812467,-97.46834085293511,0.0,0.2378155698061236,2.062653918323788,-13.372344821914172,0.19861254,0.17437138,0.18678775429725647,1,0,0,0,0,0,0,0,0,0,0,0,0,0
TX000014,AC00264,-0.0417221759372965,-0.0146945390155985,-0.1035072666554786,493.1157344305336,4.019818443538672,0.5208320903382391,6.593574944792796,-9.505535954637915,0.10817838,0.079106264,1.4261764287948608,1,0,0,0,0,1,1,1,1,0,0,0,0,0
TX000015,AC00085,-0.085317298354712,-0.2419861762328536,-2.284246131007049,-81.15459009436572,0.0,0.2736576923891357,1.805468074228742,-12.574325859621029,0.18369633,0.30120236,0.2625025510787964,1,0,0,0,0,0,0,0,0,0,0,0,0,0
TX000016,AC00270,-0.096716051260851,-0.2007037318133477,-3.175054356941444,-98.71196119660446,4.214684851089404e-08,0.2650956052895432,2.2172794779390275,-4.4146034116963495,0.37383583,0.25721082,,0,0,0,0,0,0,0,0,0,0,0,0,0,0
TX000017,AC00317,-0.0512805232749399,-0.2353807748342105,-3.226700745637838,-90.42123560891298,0.0,0.3153158479456257,1.586959251613785,-13.55792352380676,0.15117471,0.1467281,0.3321909010410309,1,0,0,0,0,0,0,0,0,0,0,0,0,0
TX000018,AC00359,-0.0932902473541345,-0.2096550785356714,-2.4583966497549605,-98.39913046323134,0.0,0.1756736160426593,2.252119270838796,-6.076719290362899,0.24087088,0.3342008,0.6011477708816528,1,0,0,0,0,0,0,0,0,0,0,0,0,0
TX000019,AC00242,-0.0132339474769276,-0.088771149813086,-0.715928660263593,-82.22729342276381,0.0,0.4269638217457704,2.487951824710876,-6.502182037327307,0.53366494,0.5064376,0.5846037864685059,1,0,0,0,0,0,0,0,0,0,0,0,0,0
TX000020,AC00285,-0.0422377974061616,-0.19862774179245,-3.3886687246983103,-94.72967155326464,0.0,0.3048173202564904,2.204802223218729,-0.7694644260525842,0.2405168,0.28010276,2.45786452293396,1,0,0,0,0,0,0,0,0,0,0,0,1,0
TX000021,AC00002,-0.0691678509684297,-0.1733318869387139,-1.5435578787914848,-97.35215255353036,0.0,0.264470658408866,2.2884872547145263,-12.076847634218597,0.31439093,0.29365173,0.3308817744255066,1,0,0,0,0,0,0,0,0,0,0,0,0,0
TX000022,AC00014,-0.1130341773480337,-0.2276289803663431,-3.87371784440161,-98.6569990891675,0.0,0.1762574208207091,1.975898668847122,-8.829926946486603,0.18754327,0.19553775,0.17393329739570618,1,0,0,0,0,0,0,0,0,0,0,0,0,0
TX000023,AC00095,-0.0449417947049471,-0.0827352554142282,-0.7794822561870172,-87.81317309649478,0.0,0.4319652145909058,2.6072882367182157,-3.609206990660524,0.32648712,0.5491789,0.576483964920044,1,0,0,0,0,0,0,0,0,0,0,0,0,0
TX000024,AC00453,-0.0276389172618682,-0.1397430235337096,-0.8614835898752631,-69.07407963044841,2.673014337579656,0.5458551635068084,3.113806335339339,0.3008771453750953,0.28763983,0.6554291,0.96906977891922,1,0,0,0,0,0,0,1,0,0,0,1,0,0
TX000025,AC00241,-0.0534309401301127,-0.1154789366455941,-0.7353835299345048,-93.47606839553586,0.0,0.3486857868559788,2.5487928069556207,-13.176157793064853,0.39847958,0.5303009,0.47975173592567444,1,0,0,0,0,0,0,0,0,0,0,0,0,0
TX000026,AC00041,-0.0054194378195941,-0.0922230107737593,-1.0716103628685554,-85.87223865828466,5.960464477539064e-08,0.3985493918721823,2.8165815566245853,-7.5917457566773,0.41628104,0.47795063,0.5817655920982361,1,0,0,0,0,0,0,0,0,0,0,0,0,0
TX000027,AC00441,-0.006373326474965,-0.1949658979513315,-0.0004786429495249,27.86104171815343,2.8143283400661,0.5430443139430519,3.090222860993265,0.7125439383380283,0.15259705,0.79503787,2.42733097076416,1,0,0,0,0,1,1,1,0,0,0,1,1,0
TX000028,AC00057,-0.0969472840615597,-0.2335850498821872,-3.1663717663299886,-99.24273822652376,0.0,0.1638937262124331,1.844686762238441,-7.613984237467172,0.21331507,0.23749791,0.25421223044395447,1,0,0,0,0,0,0,0,0,0,0,0,0,0
TX000029,AC00390,-0.116197002372654,-0.2136799468625663,-4.007460776196019,-86.20701732372297,0.0,0.2529786315373674,2.0080289984564743,-6.974286650528659,0.20262663,0.21564901,0.24401600658893585,1,0,0,0,0,0,0,0,0,0,0,0,0,0
TX000030,AC00313,-0.0589557084269464,-0.1751816005271929,-1.6665974231670022,-93.38539999351003,0.0,0.2500839072953952,2.290693623949234,-12.349737496108498,0.39679658,0.40524668,0.6635572910308838,1,0,0,0,0,0,0,0,0,0,0,0,0,0
TX000031,AC00367,-0.0405297679197409,-0.1786790089687342,-2.322935586613293,-90.39302786341878,0.0,0.3051710472222313,2.1883680380013155,-4.912763090198824,0.22384106,0.3648343,0.4051980972290039,1,0,0,0,0,0,0,0,0,0,0,0,0,0
TX000032,AC00291,-0.1202408274066868,-0.2159163660016925,-3.11639544865256,-92.28616158865955,0.0,0.2622352185903506,1.9304487946618047,-7.497696940573473,0.2455759,0.24557969,0.23388484120368958,1,0,0,0,0,0,0,0,0,0,0,0,0,0
TX000033,AC00060,-0.0758729732702676,-0.2218514863496301,-2.6050546894514115,-71.13267803135179,5.960464477539064e-08,0.0,2.456077355018171,5.25037553063925,0.14653465,0.16791552,0.6413211822509766,1,0,0,0,0,0,0,0,0,1,0,0,0,0
TX000034,AC00359,-0.0382376116600334,-0.2163734610038616,-0.8658533989679551,160.7194163571598,1.6858739404357617e-07,0.3139680962193403,3.0364743007682837,-11.125257704389462,0.1428542,0.17793395,0.5748904347419739,1,0,0,0,0,1,0,0,0,0,0,0,0,0
TX000035,AC00365,-0.0628438337126661,-0.187598203058507,-2.347333513585334,-93.23769986487986,0.0,0.2599138007610552,2.339587352841097,-5.945938671704666,0.27531803,0.30573416,0.285516619682312,1,0,0,0,0,0,0,0,0,0,0,0,0,0
TX000036,AC00267,-0.0732399979660423,-0.1697610187997125,-1.756340362498471,-97.96591917992608,4.214684851089404e-08,0.2524481116449564,2.2525053341194403,-7.25127588393209,0.28228015,0.36641672,0.30462729930877686,1,0,0,0,0,0,0,0,0,0,0,0,0,0
TX000037,AC00404,-0.0894357209623369,-0.2498501548651336,-3.7259358842009176,-100.55790023084472,0.0,0.1790489569859997,1.6246273118104222,-15.741580645885891,0.22559041,0.23590285,0.2953932583332062,1,0,0,0,0,0,0,0,0,0,0,0,0,0
TX000038,AC00202,-0.0460347866921456,-0.1475499773528712,-1.6791197342005804,-95.12050671820724,0.0,0.2883140523623799,2.3857782908748844,-11.141471540074807,0.40446505,0.4149775,0.309931218624115,1,0,0,0,0,0,0,0,0,0,0,0,0,0
TX000039,AC00478,-0.090534547208861,-0.0525319037403904,-2.9227648268972635,-88.75075253477705,0.0,0.4473176076323966,2.2385307144607807,-3.793477089186524,0.209033,0.4457381,0.45868539810180664,1,0,0,0,0,0,0,0,0,0,0,0,0,0
TX000040,AC00405,-0.0480812553139541,-0.1204412249438073,-1.304715081491007,-86.85263465876092,5.960464477539064e-08,0.3982383592176266,2.937158388460789,-2.0890565995757906,0.50984126,0.4798404,0.5934803485870361,1,0,0,0,0,0,0,0,0,0,0,0,0,0
TX000041,AC00421,-0.0826960152770881,-0.2043363672315299,-2.7403063090460416,-97.2308496759888,0.0,0.1681574377416535,2.030279139776846,-13.251370848864772,0.2686564,0.30664477,0.25362563133239746,1,0,0,0,0,0,0,0,0,0,0,0,0,0
TX000042,AC00480,-0.0298263856601754,-0.0981190930601783,-0.0002588104391989,-81.98092473382756,0.0,0.3904608932925995,2.784222168047432,-3.468543947069402,0.4823855,0.46352354,0.45915794372558594,1,0,0,0,0,0,0,0,0,0,0,0,0,0
TX000043,AC00120,-0.0675140370584523,-0.1932961180172097,-2.058101188244481,-95.933488313683,0.0,0.2407211452085588,2.1857402525059584,-6.527701361279877,0.22822571,0.27527827,0.2775033414363861,1,0,0,0,0,0,0,0,0,0,0,0,0,0
TX000044,AC00117,-0.0318851444471902,0.0266536469929408,-0.2417252827469305,-87.89012920990717,0.0,0.5052414086047377,3.13586617505285,-7.436448227996829,0.612307,0.68387496,,0,2,0,1,0,0,0,1,0,0,1,1,0,1
TX000045,AC00011,-0.0695013688413905,-0.1422766891637517,-2.913485868107915,-94.67643002224608,0.0,0.3781685555519238,2.464334740362272,-11.615758605530244,0.352694,0.30573145,0.3499816060066223,1,0,0,0,0,0,0,0,0,0,0,0,0,0
TX000046,AC00401,-0.0950868007586736,-0.2552526568657999,-3.880268735520589,-103.23688974113117,2.9802322387695312e-08,0.0277518439969394,1.250576341186181,-15.534361115451349,0.19239776,0.17765862,0.18849033117294312,1,0,0,0,0,0,0,0,0,0,0,0,0,0
TX000047,AC00282,-0.1094098907999467,-0.2577244029481682,-4.339706246347361,-101.05932269580478,0.0,0.1729908309711649,1.8816877555804656,-15.875828747517495,0.24235338,0.20409785,0.32655149698257446,1,0,0,0,0,0,0,0,0,0,0,0,0,0
TX000048,AC00439,-0.0690933674278935,-0.2123866875481364,-1.3019069272570158,-73.38539708219365,0.0,0.3208159405344049,2.3311935154740766,-11.930105976080233,0.24376816,0.23937726,0.6998946070671082,1,0,0,0,0,0,0,0,0,0,0,0,0,0
TX000049,AC00296,-0.0412090745071582,-0.2107693060575681,-0.874491553345754,190.648053183115,0.0,0.3752196467686099,3.3624033104644244,-11.106594789430073,0.17349218,0.19053608,0.3785463571548462,1,0,0,0,0,1,0,0,1,0,0,0,0,0
TX000050,AC00471,-0.0511967528557867,-0.1784716102832424,-3.1245538658698626,-94.7009136749214,0.0,0.3189456696117752,2.0011451274860854,-5.92720093726674,0.26705122,0.2693256,0.26289403438568115,1,0,0,0,0,0,0,0,0,0,0,0,0,0
TX000051,AC00159,-0.0480418443590531,-0.208146436298662,-2.837095471450433,-98.3546926086975,0.0,0.206670151885269,1.8138960796128984,-12.546187188193874,0.23320587,0.41591823,0.36311075091362,1,0,0,0,0,0,0,0,0,0,0,0,0,0
TX000052,AC00482,-0.0819036020633281,-0.1800189180279217,-2.6208713777300536,-96.20546734382997,0.0,0.3059074228920067,2.225030070073318,-6.260939264018006,0.32870832,0.29858822,0.2958287298679352,1,0,0,0,0,0,0,0,0,0,0,0,0,0
TX000053,AC00115,-0.0908529126719779,-0.2082884585587994,-1.7469860386239366,-91.69034306676024,0.0,0.2004146233083413,2.207467174771385,-5.793050083691679,0.2613931,0.25806674,0.6546961069107056,1,0,0,0,0,0,0,0,0,0,0,0,0,0
TX000054,AC00055,-0.1150453706055352,-0.2688220894832756,-4.991879862646594,-104.83429939124196,0.0,0.0,1.3976916933292904,-14.7986234688307,0.13084449,0.089472756,0.13637064397335052,1,0,0,0,0,0,0,0,0,0,0,0,0,0
TX000055,AC00419,-0.1042114622676852,-0.2272749802587699,-2.834915552187668,-101.12534443478012,0.0,0.1671361450523075,2.064688719840752,-14.708078878959489,0.18862979,0.25768653,0.13950543105602264,1,0,0,0,0,0,0,0,0,0,0,0,0,0
TX000056,AC00374,-0.1185885441025447,-0.2635773159158245,-4.584945515548744,-104.63610365672588,0.0,0.0,1.5057850109769284,-15.421240185587813,0.0974652,0.10065601,0.09579268842935562,1,0,0,0,0,0,0,0,0,0,0,0,0,0
TX000057,AC00271,-0.0535614002293898,-0.1541807936038901,-2.545258378608064,-95.37728573783586,0.0,0.2762002897268493,2.171698467570547,-11.576010432041777,0.21102685,0.34481657,0.32567712664604187,1,0,0,0,0,0,0,0,0,0,0,0,0,0
TX000058,AC00456,-0.0237945607242993,-0.1152320891540246,-1.243789482776985,-91.54048197390613,0.0,0.3376939528068322,2.67542982405664,-9.93116200264472,0.46700493,0.46829998,0.4581332802772522,1,0,0,0,0,0,0,0,0,0,0,0,0,0
TX000059,AC00143,-0.1103437715447843,-0.2518343568698318,-3.790037061418155,-101.68502757310156,0.0,0.0,1.8151951762093128,-8.981220179123211,0.15913087,0.22952874,0.21111814677715302,1,0,0,0,0,0,0,0,0,0,0,0,0,0
TX000060,AC00427,-0.0813343737245157,-0.244588374573007,-3.135642313571295,-100.3610678414696,4.214684851089404e-08,0.2045467287383172,1.7453989255551392,-15.215542526799704,0.26280057,0.24140829,0.38472211360931396,1,0,0,0,0,0,0,0,0,0,0,0,0,0
TX000061,AC00438,-0.102724806174782,-0.2232924646422467,-2.6012544327105074,-99.7677030685333,4.214684851089404e-08,0.1783161007996628,1.8871760034823195,-6.903244965032974,0.19943434,0.29846114,0.250137597322464,1,0,0,0,0,0,0,0,0,0,0,0,0,0
TX000062,AC00002,-0.0387688657282341,0.005865354469881,-2.604735468696071,-89.70923866517862,0.0,0.413385254190373,2.59915991936067,10.795018465235486,0.30033505,0.4606977,0.40576666593551636,1,1,0,1,0,0,0,0,0,1,0,0,0,0
TX000063,AC00425,-0.0878681369295678,-0.1957090385510584,-2.1540167374019505,-96.09511797624774,5.960464477539064e-08,0.2612721100898163,1.954823341495596,-6.446504058774922,0.24628401,0.48211282,0.5549733638763428,1,0,0,0,0,0,0,0,0,0,0,0,0,0
TX000064,AC00325,-0.0420388296232752,-0.1629326626316862,-1.1996882625456058,-90.02385753925351,0.0,0.2696662913543684,2.267410420719499,-3.961789739749832,0.387967,0.37130907,0.3720133900642395,1,0,0,0,0,0,0,0,0,0,0,0,0,0
TX000065,AC00434,-0.0608773874875601,-0.1309309251680945,-0.3048880849559268,-74.59067136474508,0.0,0.3791468111965913,2.293337516165387,-3.943266371113729,0.47832075,0.47026178,0.5207831263542175,1,0,0,0,0,0,0,0,0,0,0,0,0,0
TX000066,AC00242,-0.0662955515867691,-0.2273016544011052,-4.135462322880357,-97.99068693403306,0.0,0.1756913683530095,2.155436807270773,-6.585750640111387,0.29521683,0.23451522,0.17298896610736847,1,0,0,0,0,0,0,0,0,0,0,0,0,0
TX000067,AC00319,-0.0779818323065321,-0.2307431209094395,-3.90950567104849,-98.00114095567204,0.0,0.2060354749990224,2.141389966782861,-12.522865320934873,0.2572488,0.26469037,0.24697086215019226,1,0,0,0,0,0,0,0,0,0,0,0,0,0
TX000068,AC00460,-0.0134533255111197,0.086223569433772,0.2570041517184176,-85.70076817323493,2.3944261075427105,0.5295980258593297,3.5052576059311464,-5.713738923465738,0.65170467,0.68161064,0.5625863671302795,1,2,0,1,1,0,0,1,1,0,1,1,0,1
TX000069,AC00461,-0.0441172982972035,-0.1873138025331795,-2.2051619723128857,-94.50663519096246,5.960464477539064e-08,0.2725779517831316,2.18955073788435,-6.026776266514041,0.2509386,0.26945978,0.24494048953056335,1,0,0,0,0,0,0,0,0,0,0,0,0,0
TX000070,AC00395,-0.0588372303639352,-0.2033837283358499,-3.6880969276899256,-95.5692576621743,0.0,0.1972777283817207,2.3354292554114515,0.6610535457000857,0.22901055,0.19682099,0.15773910284042358,1,0,0,0,0,0,0,0,0,0,0,0,0,0
TX000071,AC00217,-0.1137895866309057,-0.2362421343459291,-3.33834176477668,-100.37196981055864,0.0,0.1743320981652068,1.80005135579341,-9.210028311624685,0.16749507,0.2295444,0.24894613027572632,1,0,0,0,0,0,0,0,0,0,0,0,0,0
TX000072,AC00053,-0.1063798814650464,-0.2144455854457452,-3.543179925814278,-99.71383053743592,0.0,0.1809859754350841,1.7218266613230109,-8.231183460146674,0.23102576,0.27393904,0.22862288355827332,1,0,0,0,0,0,0,0,0,0,0,0,0,0
TX000073,AC00282,-0.0698374375900244,-0.1941525525673664,-2.3486471350688047,-93.1171810316038,0.0,0.2444858226858993,2.0363656687610825,-11.460227525511932,0.14333247,0.5158601,0.4752737581729889,1,0,0,0,0,0,0,0,0,0,0,0,0,0
TX000074,AC00110,-0.0199362199146171,-0.1053181379987828,-1.1547543259838164,-86.28683043926587,5.960464477539064e-08,0.4024006400082423,2.514109524726264,0.5077250600909191,0.39118955,0.5753189,0.5716865062713623,1,0,0,0,0,0,0,0,0,0,0,0,0,0
TX000075,AC00265,0.0237568385289903,-0.2133774420653207,-0.2541770991640542,120.40394855611554,0.0,0.4818577358856025,2.8426023341444786,0.9332893127939016,0.20506865,0.22826096,0.24726925790309906,1,1,1,0,0,1,0,1,0,0,0,0,0,0
TX000076,AC00239,-0.1089150612675473,-0.2291775983115063,-2.739291691612137,-99.14027784254552,0.0,0.172581832702617,1.811347166821463,-8.784912785505869,0.22543018,0.239836,0.24210241436958313,1,0,0,0,0,0,0,0,0,0,0,0,0,0
TX000077,AC00007,-0.1086324298321388,-0.2593154274603108,-4.364747972377995,-102.90673778481523,0.0,0.139639776842563,1.576540817082866,-15.050486627185656,0.13301504,0.103252925,0.23214536905288696,1,0,0,0,0,0,0,0,0,0,0,0,0,0
TX000078,AC00022,-0.092963819185118,-0.237223309414537,-2.0713561227401582,-95.1983010245132,4.214684851089404e-08,0.1409646275747501,2.1408850508311086,-7.322211209996704,0.24767739,0.29834643,0.27326592803001404,1,0,0,0,0,0,0,0,0,0,0,0,0,0
TX000079,AC00464,-0.0784925347792062,-0.2441205026785438,-2.5412953523331216,-100.01363699780656,0.0,0.1270689101219347,1.5815767428017151,-15.212380861325055,0.2396276,0.30539447,0.2674811780452728,1,0,0,0,0,0,0,0,0,0,0,0,0,0
TX000080,AC00014,-0.10366356311293,-0.2445503932683738,-2.7238043923350395,-99.97611984332566,4.214684851089404e-08,0.2072592328688716,1.835811220890469,-8.570668601004586,0.19456047,0.20345485,0.24217507243156433,1,0,0,0,0,0,0,0,0,0,0,0,0,0
TX000081,AC00406,-0.0882765668109675,-0.1513068007554863,-2.010430915056207,-89.10619491959181,0.0,0.277996853749429,2.5244965712896854,-0.4668966771001456,0.25862998,0.28949618,,0,0,0,0,0,0,0,0,0,0,0,0,0,0
TX000082,AC00445,-0.0713284194970852,-0.2411492773277737,-3.453660140179156,-98.4156403295514,4.214684851089404e-08,0.1868240003480639,1.9323807415742855,-7.752045164651776,0.18965983,0.21253535,0.2048363834619522,1,0,0,0,0,0,0,0,0,0,0,0,0,0
TX000083,AC00236,-0.0295665097993391,-0.1900107594821587,-3.299152004100704,-77.53887876410646,0.0,0.2655614843407992,1.9486090772061049,-2.5289594428165936,0.24218538,0.25290823,0.24698202311992645,1,0,0,0,0,0,0,0,0,0,0,0,0,0
TX000084,AC00220,-0.1340106422589652,-0.2587900816396749,-4.337934551521218,-99.6030727693372,0.0,0.106381433279791,1.4711710940317433,-9.941023599267186,0.12658045,0.15795268,0.1376856565475464,1,0,0,0,0,0,0,0,0,0,0,0,0,0
TX000085,AC00140,-0.1434652928015637,-0.2677506316860512,-5.357429432061765,-88.7482795805428,0.0,0.0807513537384517,1.446855696539171,-7.611798624550265,0.095033824,0.0820915,0.1038171574473381,1,0,0,0,0,0,0,0,0,0,0,0,0,0
TX000086,AC00098,0.0039617463959906,-0.1185976120333531,-0.9718195350285505,-70.60354824635661,0.0,0.3791658447674298,2.5821177364443773,3.032185984942136,0.37003624,0.39365426,0.43512871861457825,1,1,1,0,0,0,0,0,0,0,0,0,0,0
TX000087,AC00303,-0.1043071624482072,-0.2427117445933251,-3.6012413923705138,-96.81460669996208,0.0,0.1275585376702706,1.3218095984915474,-8.140297545376296,0.17231435,0.13375719,0.27375349402427673,1,0,0,0,0,0,0,0,0,0,0,0,0,0
TX000088,AC00373,-0.1227955060153525,-0.1935841549655572,-2.3926786101236432,-97.28464422420228,0.0,0.2424241992424197,1.856009371877721,-7.803913462170303,0.26273,0.34601107,0.27304136753082275,1,0,0,0,0,0,0,0,0,0,0,0,0,0
TX000089,AC00438,-0.0404046576095893,-0.1648154864832287,-1.300973922652184,-78.54703171403834,0.0,0.3791468111965913,2.1691291442346894,-3.3729022611975434,0.39600772,0.36900407,0.3576643764972687,1,0,0,0,0,0,0,0,0,0,0,0,0,0
TX000090,AC00437,-0.0834804693072584,-0.2356780700337595,-1.878494321297528,-88.61325568137411,0.0,0.3251508068030526,1.9402054598298288,-13.590432880424832,0.23722929,0.21984284,0.20382331311702728,1,0,0,0,0,0,0,0,0,0,0,0,0,0
TX000091,AC00106,-0.0386291118483442,-0.177335286359781,-2.2838472401112844,-94.19840130768574,0.0,0.3410884966250005,2.2924543475094628,-9.499593708980036,0.5247182,0.4290586,0.49907398223876953,1,0,0,0,0,0,0,0,0,0,0,0,0,0
TX000092,AC00310,-0.0400432310986962,-0.2453435702073816,-1.6970741909266058,-33.14316225290027,2.3672935558067327,0.4802345103995124,1.8520778887929368,5.893055557932147,0.21282758,0.20177853,2.000347137451172,1,0,0,0,0,0,0,1,0,1,0,0,1,0
TX000093,AC00149,-0.0992766208242253,-0.2520368953480293,-3.26140423846542,-99.24822040416414,0.0,0.1123317361044324,1.7620698816285658,-14.75252979651892,0.14237887,0.15613791,0.21599242091178894,1,0,0,0,0,0,0,0,0,0,0,0,0,0
TX000094,AC00373,-0.072062874114099,-0.0610625835443299,-0.3126152233632933,-90.88016571119644,0.0,0.4311824313364415,3.085451857956861,-9.522054165324567,0.44550404,0.5123599,0.7287319302558899,1,0,0,0,0,0,0,0,0,0,0,0,0,0
TX000095,AC00425,-0.0725023575206442,-0.1458824530347089,-0.9421717912402618,-72.08600818439866,0.0,0.4357823399772302,2.5681388087290227,0.3436810183085632,0.26767433,0.36391252,0.3362361788749695,1,0,0,0,0,0,0,0,0,0,0,0,0,0
TX000096,AC00010,-0.0816702966352969,-0.2557233436803492,-3.8547491180628937,-100.4905294571712,0.0,0.0743912602878171,1.3524591820838476,-8.565053111737722,0.1671971,0.24093658,0.1602824181318283,1,0,0,0,0,0,0,0,0,0,0,0,0,0
TX000097,AC00348,-0.0305327837520938,-0.2085534069895274,-3.1324593004540207,-90.87312487570368,0.0,0.2894613450386355,1.7081195911655669,-12.259966684049727,0.17337766,0.21720353,0.1957734078168869,1,0,0,0,0,0,0,0,0,0,0,0,0,0
TX000098,AC00011,-0.0582055865652518,-0.0380997986243007,-2.7036577479586823,-87.96788662008109,0.0,0.3811627394828168,2.6011080620183518,-2.1511405553549574,0.3554345,0.39519787,0.3806624710559845,1,0,0,0,0,0,0,0,0,0,0,0,0,0
TX000099,AC00453,-0.0450941142097631,-0.1685597120482731,-2.1150785263624767,-96.20984029213292,4.214684851089404e-08,0.3128045683017639,2.489551795314703,-11.631746148428284,0.3293718,0.38033792,0.4017351567745209,1,0,0,0,0,0,0,0,0,0,0,0,0,0
TX000100,AC00178,-0.1257979811748691,-0.235550375135811,-4.279003402053177,-97.80759589619244,0.0,0.1589055784938712,1.501351756235239,-8.870577114082991,0.12397185,0.23791784,0.21096377074718475,1,0,0,0,0,0,0,0,0,0,0,0,0,0
TX000101,AC00265,-0.0526963680775477,-0.1210943703579534,-0.7759278868428261,-91.00299330549292,0.0,0.3374776516819701,2.449731599662371,-4.966209625127906,0.42837647,0.42100757,0.44296473264694214,1,0,0,0,0,0,0,0,0,0,0,0,0,0
TX000102,AC00018,-0.024453123585608,-0.1117543308071962,-1.2028560801966437,-84.15432893677422,0.0,0.4033181413729716,2.241942841468365,13.931613713076546,0.44925717,0.45552668,0.5088532567024231,1,0,0,0,0,0,0,0,0,1,0,0,0,0
TX000103,AC00075,-0.0515116968103224,-0.117813119546557,-1.9954465252303324,-79.29434974466983,0.0,0.3473861995008751,2.4898358805578,-3.496752085207666,0.3545817,0.37243593,0.35434040427207947,1,0,0,0,0,0,0,0,0,0,0,0,0,0
TX000104,AC00464,-0.0865268292912818,-0.2315956852282596,-2.419388917027791,-97.7602070127615,5.960464477539064e-08,0.0,1.949353498796464,-8.135041880112096,0.18671572,0.2869748,0.24104897677898407,1,0,0,0,0,0,0,0,0,0,0,0,0,0
TX000105,AC00170,-0.1062726808929814,-0.2085276253778982,-2.9525288040568034,-97.59522143628118,0.0,0.2118116969535488,2.000895698921134,-8.105144934293751,0.21601366,0.32204643,0.3031385540962219,1,0,0,0,0,0,0,0,0,0,0,0,0,0
TX000106,AC00235,-0.1209900503950056,-0.2665924014298109,-3.7592772201419047,-101.80100178353496,0.0,0.0989445241674432,1.3127380664080863,-10.47530031617736,0.13586476,0.16646345,0.11924878507852554,1,0,0,0,0,0,0,0,0,0,0,0,0,0
TX000107,AC00013,-0.0790507095835598,-0.2021451702274614,-1.775742458688856,-99.49904731164514,0.0,0.2260849678240369,2.2274381244625583,-13.16311072295296,0.23489833,0.37775838,0.33383089303970337,1,0,0,0,0,0,0,0,0,0,0,0,0,0
TX000108,AC00397,-0.0382260573377918,-0.2172898448407625,-0.83424470040024,89.21010063095248,0.0,0.4422170429621732,2.4256820905905103,-10.695374749473162,0.17684288,0.25257882,1.2495372295379639,1,0,0,0,0,1,0,0,0,0,0,0,0,0
TX000109,AC00423,-0.0668915376347639,-0.2463886099348542,-0.6008870203960495,-12.357265376357262,1.1920928955078125e-07,0.4112934774021459,2.0481930603707994,-12.368052567598976,0.20544727,0.22644514,0.21414406597614288,1,0,0,0,0,0,0,0,0,0,0,0,0,0
TX000110,AC00154,-0.1107313280356566,-0.2555401352055655,-4.018520701767955,-101.42878566103576,0.0,0.1044421386630132,1.5795015436138518,-14.60359701741072,0.12384102,0.20127113,0.13276831805706024,1,0,0,0,0,0,0,0,0,0,0,0,0,0
TX000111,AC00068,0.0185819675959518,-0.0064570643992107,-0.0003155445615998,-55.00753524238215,2.4633142609374543,0.5363113743266066,3.1500010822682905,1.408854280595516,0.55833507,0.57150185,0.4921201467514038,1,2,1,0,0,0,0,1,0,0,1,0,0,1
TX000112,AC00318,-0.1281646321036553,-0.2669557339851335,-4.519503410405226,-103.57247312685276,0.0,0.0793463967446214,1.829215457337396,-15.620528797774323,0.13610257,0.1342677,0.1345442235469818,1,0,0,0,0,0,0,0,0,0,0,0,0,0
TX000113,AC00396,-0.0365224108794119,-0.1217893746155847,-1.3615448016871747,-92.08383659673989,0.0,0.3575535365299748,2.4096247195421925,-4.873531293319948,0.34655648,0.52583957,0.4948427379131317,1,0,0,0,0,0,0,0,0,0,0,0,0,0
TX000114,AC00121,-0.0007049997302029,0.0201377104027478,-0.037798526760751,-83.58311452084097,0.0,0.4105675469801291,2.993730645929668,-6.8169468366464105,0.5331381,0.6250593,,0,1,0,1,0,0,0,0,0,0,0,0,0,0
TX000115,AC00336,-0.0909807600493639,-0.2280179930103136,-2.43177835536726,-60.03774677189877,0.0,0.3809837566013124,1.9701157824460984,-2.15402022865793,0.14119482,0.19901216,0.16542713344097137,1,0,0,0,0,0,0,0,0,0,0,0,0,0
TX000116,AC00468,-0.0805176226136532,-0.165739023847113,-1.581690501649116,-74.48813628783262,0.0,0.3343894488075156,1.9933792108460369,-4.632551048577408,0.40048057,0.39050758,0.400396466255188,1,0,0,0,0,0,0,0,0,0,0,0,0,0
TX000117,AC00282,-0.0700105676306085,-0.2303751143466685,-2.3847706198369965,-94.8400363065324,4.214684851089404e-08,0.1720858485087827,1.9478067593918829,-5.976432132967439,0.2187098,0.21721397,0.2553424835205078,1,0,0,0,0,0,0,0,0,0,0,0,0,0
TX000118,AC00498,-0.0242963971441069,-0.0090634444161425,-2.148653680970365,-85.94786613422096,0.0,0.4767448346048857,2.6112133207431887,8.455455864184671,0.17784278,0.42670876,0.5829324722290039,1,0,0,0,0,0,0,1,0,1,0,0,0,0
TX000119,AC00085,-0.1061631808590963,-0.2468180352523435,-2.5796975680874725,-97.47353464177422,0.0,0.1102380896088649,1.745974282667352,-8.074430155730271,0.21709105,0.2180498,0.20772071182727814,1,0,0,0,0,0,0,0,0,0,0,0,0,0
TX000120,AC00092,-0.0927464652443312,-0.1961929374461555,-2.6262334761981068,-97.94818386924496,0.0,0.2579597992640515,2.227394175200969,-7.092201299287799,0.25517333,0.26492062,0.25293663144111633,1,0,0,0,0,0,0,0,0,0,0,0,0,0
TX000121,AC00295,-0.1035744853509602,-0.2366371585400815,-4.041992123753865,-101.54219798674558,0.0,0.0216144688465193,1.8449734640672109,-14.781962557732824,0.14687568,0.21532883,0.21718472242355347,1,0,0,0,0,0,0,0,0,0,0,0,0,0
TX000122,AC00358,-0.0781205129291637,-0.2192747082439392,-3.0103870633678733,-94.72509932990224,4.214684851089404e-08,0.2169541613285385,2.108234241728471,-6.872935123296486,0.23814014,0.21864615,0.23709771037101746,1,0,0,0,0,0,0,0,0,0,0,0,0,0
TX000123,AC00311,-0.0423564344153074,-0.2292878783382772,-1.23883922008143,176.26965377971936,0.0,0.3058970569611484,2.876661485055732,-11.889164265802023,0.119984776,0.13426328,0.34286805987358093,1,0,0,0,0,1,0,0,0,0,0,0,0,0
TX000124,AC00066,-0.0449601101425565,-0.0215089877276721,0.0341598235836544,-86.63864353124691,5.960464477539064e-08,0.4612451911824724,2.6924091644151376,-1.0442446991312686,0.5616346,0.64295655,0.6511796116828918,1,1,0,0,1,0,0,0,0,0,1,1,0,0
TX000125,AC00340,-0.0474712603698694,-0.0291300870976249,-0.4868855438144441,-80.22170600063941,0.0,0.3728404146496705,2.7615547311549102,-7.471390023837872,0.5219122,0.4829038,0.4957547187805176,1,0,0,0,0,0,0,0,0,0,0,0,0,0
TX000126,AC00284,-0.0322043875477028,-0.046412716417705,-8.924130878718017e-06,-77.50571701487368,0.0,0.4255304141040698,3.386949007376617,1.5737909316990726,0.6730368,0.67171663,0.9731317162513733,1,1,0,0,0,0,0,0,1,0,1,1,0,0
TX000127,AC00208,-0.0800445780063348,-0.1715233168490384,-2.581880869645201,-79.1255390588253,0.0,0.3567498024039556,2.104282716329509,3.5873219752774994,0.28082424,0.26376465,0.3351641893386841,1,0,0,0,0,0,0,0,0,0,0,0,0,0
TX000128,AC00176,-0.0481978978912635,-0.1704278597716,-0.3760591629533021,-61.04916201751763,0.0,0.4269958733018784,2.999768405137184,-10.73768400474851,0.34623188,0.44391677,0.39240458607673645,1,0,0,0,0,0,0,0,0,0,0,0,0,0
TX000129,AC00053,-0.081464133537761,-0.2430410187190282,-3.9789578090111286,-100.95630930465332,0.0,0.2074540761272608,1.8781153431636588,-15.425126153380532,0.3079244,0.2640332,0.3366592824459076,1,0,0,0,0,0,0,0,0,0,0,0,0,0
TX000130,AC00320,-0.0532485046872687,-0.1723995354960348,-3.8267034206412553,-71.94701464734302,0.0,0.2764634729291056,2.255503857548299,-4.2701832193534335,0.2685369,0.26648113,0.22093932330608368,1,0,0,0,0,0,0,0,0,0,0,0,0,0
TX000131,AC00382,-0.0984497740649036,-0.2496202361330608,-2.868939416896878,-100.58039061023877,0.0,0.0860954084087576,1.879513541574585,-8.335299832290408,0.20434085,0.23659441,0.23026514053344727,1,0,0,0,0,0,0,0,0,0,0,0,0,0
TX000132,AC00384,-0.0534816806468455,-0.2459948824480475,-3.376550168600708,-100.0512619395198,0.0,0.1130656227467217,1.4919422465003624,-13.507662972248347,0.22439009,0.20814547,0.33230510354042053,1,0,0,0,0,0,0,0,0,0,0,0,0,0
TX000133,AC00203,-0.0893289620075957,-0.2029899830078632,-1.832685483550784,-95.51421441629611,0.0,0.2669519726412994,2.205649948778902,-7.151291636357506,0.2889265,0.3948379,0.42109939455986023,1,0,0,0,0,0,0,0,0,0,0,0,0,0
TX000134,AC00498,-0.0024974984619254,-0.0727583462919765,-0.1280909368540594,-85.00803437056351,0.0,0.3843849543032883,2.923040310786735,-0.4354997648491051,0.62983555,0.6233746,0.6749688386917114,1,1,0,0,0,0,0,0,0,0,1,0,0,0
TX000135,AC00349,-0.1058390932760481,-0.2039744392113276,-0.8741136375482217,-92.96514943902471,0.0,0.2538805753377103,1.9389930650037015,-5.477823429603531,0.40568522,0.48259592,0.47431680560112,1,0,0,0,0,0,0,0,0,0,0,0,0,0
TX000136,AC00177,-0.0785347322378129,-0.1216972727244607,-2.0162666666850635,-81.91516588817467,0.0,0.3217739827774363,2.549029465337665,-5.563284181013056,0.35676384,0.36225313,0.5300367474555969,1,0,0,0,0,0,0,0,0,0,0,0,0,0
TX000137,AC00284,-0.0830386217786717,-0.2031353395328345,-2.108148618253307,-97.52213323588268,0.0,0.2458795712640481,2.333196969566964,-11.447120674033552,0.24538165,0.30700833,1.2326195240020752,1,0,0,0,0,0,0,0,0,0,0,0,0,0
TX000138,AC00272,-0.0848488612320211,-0.2392862287770082,-3.080969745055662,-99.14669629393616,0.0,0.0187453208566455,1.9213095528450372,-13.63463139353584,0.17862137,0.19419678,0.30934756994247437,1,0,0,0,0,0,0,0,0,0,0,0,0,0
TX000139,AC00405,-0.0541969296416016,-0.1936273768707594,-3.298648360382587,-71.62957734251844,0.0,0.2480450356851126,2.064343659378352,-4.192367555737448,0.2339907,0.21103823,0.2687108516693115,1,0,0,0,0,0,0,0,0,0,0,0,0,0
TX000140,AC00385,-0.1037537053598144,-0.2454864194201993,-2.3364901408125247,-44.8123483259798,0.0,0.3180357706102621,2.264697558894428,-15.103053701160134,0.09238528,0.10220939,0.15636028349399567,1,0,0,0,0,0,0,0,0,0,0,0,0,0
TX000141,AC00403,-0.0635981303533264,-0.1574767004467274,-2.0480006007340608,-80.95715724426279,0.0,0.3611789122769999,2.334886448497733,-4.262158075327744,0.35771728,0.3861037,0.37651124596595764,1,0,0,0,0,0,0,0,0,0,0,0,0,0
TX000142,AC00114,0.012212288757526,-0.0958898276020463,-0.799644881546377,-59.57444148157559,0.0,0.4409790352452777,2.953491032197995,1.3354826873422097,0.47699982,0.48753467,0.9356610774993896,1,1,1,0,0,0,0,0,0,0,0,0,0,0
TX000143,AC00163,-0.0356565989164608,-0.1490172914110217,-0.2351073367573262,-63.064927132436246,0.0,0.4503107040071503,2.8297363233607484,-9.501015640808207,0.43353584,0.38683993,,0,0,0,0,0,0,0,0,0,0,0,0,0,0
TX000144,AC00108,-0.0212258676399539,-0.103622613663435,-2.096952536947444,-94.95925989202988,0.0,0.3075870306138104,2.2290481188182705,-8.426124691428452,0.31303075,0.32082933,0.30267125368118286,1,0,0,0,0,0,0,0,0,0,0,0,0,0
TX000145,AC00397,-0.0605026177286848,-0.2071917073802116,-2.7672700148125395,-98.81414672295702,0.0,0.2010875320560369,2.004427777725312,-12.987131550112933,0.21266977,0.27777517,0.3275696337223053,1,0,0,0,0,0,0,0,0,0,0,0,0,0
TX000146,AC00434,-0.0919233895060436,-0.2457443703728928,-2.8407309711021744,-99.88932300623004,4.214684851089404e-08,0.0603040521836356,1.716865312729709,-16.385097889879763,0.24513753,0.2852521,0.27389341592788696,1,0,0,0,0,0,0,0,0,0,0,0,0,0
TX000147,AC00385,0.0480882439002866,0.2908211527858004,1.0675962636207863,-38.64945383403615,3.4064674299211157,0.6473408260503078,4.1658279167842185,1.4271376885890623,0.8876218,0.9925597,1.0219258069992065,1,3,1,1,1,0,1,1,1,0,1,1,0,1
TX000148,AC00161,0.0135688198357486,0.2898923844330465,3.6125393404827295,156.85449874518804,5.669739933527,0.7335857488115196,6.383852604748806,0.5304990454540959,0.44680294,2.4500568,2.7376394271850586,1,2,1,1,1,1,1,1,1,0,0,1,1,1
TX000149,AC00333,-0.1065800656284267,-0.2103536079108354,-1.5179039432301815,-94.34738096160308,0.0,0.1229722161719158,2.343227236382593,-6.540148058934418,0.29268292,0.32104343,0.2594793438911438,1,0,0,0,0,0,0,0,0,0,0,0,0,0
TX000150,AC00279,-0.0674658271537058,-0.1690868690449465,-0.9712471460539742,-96.13435990370876,0.0,0.2804745196711833,2.392599575216127,-11.850859781520942,0.32990816,0.45834148,0.40137267112731934,1,0,0,0,0,0,0,0,0,0,0,0,0,0
TX000151,AC00072,-0.058555192103101,-0.2097345655568125,-2.5851713363135653,-97.2477534842776,0.0,0.226896850736623,2.0342962927517707,-12.09972553102344,0.24958818,0.23377721,0.23322425782680511,1,0,0,0,0,0,0,0,0,0,0,0,0,0
TX000152,AC00242,-0.0034519054840296,0.0944063579223726,0.3880538493279521,-77.44233582650148,1.4705458587750564,0.534260696956212,3.1312758802073857,5.320091153370547,0.75415397,0.75000656,0.7093733549118042,1,2,0,1,1,0,0,1,0,1,1,1,0,1
TX000153,AC00303,-0.0989152249700279,-0.2507424827840405,-3.7901941641178647,-93.95843510909518,0.0,0.2040040478832623,1.2832968368217947,-14.855573259168398,0.11119464,0.085887656,0.11691130697727203,1,0,0,0,0,0,0,0,0,0,0,0,0,0
TX000154,AC00442,-0.084795953213296,-0.1656079735372568,-1.793400238982053,-94.42550547236242,5.960464477539064e-08,0.2528292496136102,2.318919115780464,-5.766947780755658,0.3435228,0.3585031,0.3210717439651489,1,0,0,0,0,0,0,0,0,0,0,0,0,0
TX000155,AC00087,-0.1012397382031679,-0.1965485402281359,-1.638008547296569,-96.47054116575327,0.0,0.2193405654699867,1.9550554808296297,-7.90186394007785,0.30127165,0.32882106,0.25831499695777893,1,0,0,0,0,0,0,0,0,0,0,0,0,0
TX000156,AC00174,-0.0669408473089381,-0.2096412221713075,-2.601578556550621,-96.27729781355094,0.0,0.2275789324288263,1.9121826873880283,-7.3919777544455485,0.19999355,0.31937444,0.2634275257587433,1,0,0,0,0,0,0,0,0,0,0,0,0,0
TX000157,AC00421,-0.044080766921636,-0.2306602656268115,-2.0166175163172038,-96.46779061613732,0.0,0.1894930164086097,1.875141297837638,-11.502869751783184,0.2758949,0.30857727,0.29795128107070923,1,0,0,0,0,0,0,0,0,0,0,0,0,0
TX000158,AC00111,-0.0674916301516946,-0.2310247426008296,-2.5476878811119184,-95.61239745587712,0.0,0.1567778168950484,1.7111933853554226,-5.796117405493707,0.23560283,0.2571958,0.25411781668663025,1,0,0,0,0,0,0,0,0,0,0,0,0,0
TX000159,AC00275,-0.0666571566046414,-0.2400238518381798,-2.42642774922193,-99.45236165925142,0.0,0.0732526110377163,1.7583239921619007,-15.681313466495812,0.35027996,0.32688227,0.28799736499786377,1,0,0,0,0,0,0,0,0,0,0,0,0,0
TX000160,AC00492,-0.087184160972366,-0.1906584973382354,-2.5870208576199607,-92.47953373369268,0.0,0.3229297288107751,2.147524427781018,-5.9261543681917,0.28167355,0.3049417,0.3375212252140045,1,0,0,0,0,0,0,0,0,0,0,0,0,0
TX000161,AC00380,-0.0612290593585791,-0.1902055451504258,-2.9516246131356505,-94.36220069015002,0.0,0.3024598452207473,1.9650726249818329,-5.893804413090457,0.2815534,0.278262,0.2625928819179535,1,0,0,0,0,0,0,0,0,0,0,0,0,0
TX000162,AC00227,-0.0982960638348828,-0.157658716778853,-1.6491583933880731,-87.01658167099411,0.0,0.2747010400541165,2.4136370056674488,-5.866774545708905,0.29461515,0.3905655,0.42096424102783203,1,0,0,0,0,0,0,0,0,0,0,0,0,0
TX000163,AC00257,-0.019035378812668,-0.094599813082691,-1.2523062188300988,-91.461008007652,0.0,0.336520672813369,2.597276803264004,-8.89446403701261,0.4213447,0.44710854,0.40429437160491943,1,0,0,0,0,0,0,0,0,0,0,0,0,0
TX000164,AC00062,-0.101131585919755,-0.2362315325429398,-3.511348619478849,-93.43654890102218,0.0,0.2193613203271826,2.1116897312206837,-6.888909846005098,0.20885238,0.29170832,0.21286147832870483,1,0,0,0,0,0,0,0,0,0,0,0,0,0
TX000165,AC00383,-0.1015504535090671,-0.2317456689002919,-4.068331536543703,-99.29085323875398,0.0,0.1787848301276372,1.6333037611122576,-12.85891730724989,0.19170292,0.1774855,0.15536412596702576,1,0,0,0,0,0,0,0,0,0,0,0,0,0
TX000166,AC00182,-0.0586071595895862,-0.2260153628195242,-0.8578386247190259,186.71773580238056,0.0,0.4106001309014975,2.7387900385459805,0.3049643536366828,0.17068128,0.29850182,0.2023327648639679,1,0,0,0,0,1,0,0,0,0,0,0,0,0
TX000167,AC00478,-0.0646484156261121,-0.1855410798809391,-2.58208828232807,-96.15097641603433,0.0,0.1517001363345429,2.410030232929929,-11.227531498368831,0.34197128,0.37774235,0.33593353629112244,1,0,0,0,0,0,0,0,0,0,0,0,0,0
TX000168,AC00332,-0.0040148799600449,0.0380464982530985,-2.4490189687633857,-80.02162632945485,0.0,0.4970223941628195,2.7331430293047965,18.372648531011595,0.18512894,0.4083384,0.573001503944397,1,1,0,1,0,0,0,1,0,1,0,0,0,0
TX000169,AC00202,-0.0220344540331935,-0.0726691755661497,-0.2877204378507239,-90.89572247975173,0.0,0.3609486156617452,2.7459967369607203,-2.8257216366615463,0.4643045,0.54933316,0.41623958945274353,1,0,0,0,0,0,0,0,0,0,0,0,0,0
TX000170,AC00331,-0.0894014115960861,-0.2301899832516822,-2.971422844419748,-98.4282313147963,0.0,0.2500613325660545,1.9468384462991808,-13.682142749016812,0.23797587,0.2484321,0.277474582195282,1,0,0,0,0,0,0,0,0,0,0,0,0,0
TX000171,AC00474,-0.0475042041784164,-0.1143740399561905,-1.430087439535728,-93.5843550715495,0.0,0.355432587931998,2.2679927135557567,-3.2123299794719657,0.33547556,0.47325408,0.34731802344322205,1,0,0,0,0,0,0,0,0,0,0,0,0,0
TX000172,AC00268,-0.0917957674576204,-0.2271897646045177,-2.408998023434653,-99.54049750848802,0.0,0.1113992569069806,1.9134334838185565,-13.272323745122304,0.2350469,0.25199986,0.20386113226413727,1,0,0,0,0,0,0,0,0,0,0,0,0,0
TX000173,AC00247,-0.0840523058702455,-0.2462029066861619,-2.8531554934383108,-100.2603683917924,4.214684851089404e-08,0.0546788607098938,1.7065006967887355,-13.67617032688308,0.21665011,0.22568782,0.23757155239582062,1,0,0,0,0,0,0,0,0,0,0,0,0,0
TX000174,AC00298,-0.1008356570151768,-0.2590680358492396,-3.43700708159935,-102.0993784039635,0.0,0.0262826550841564,1.8659070518365264,-14.51756844413019,0.14927751,0.14552277,0.32696816325187683,1,0,0,0,0,0,0,0,0,0,0,0,0,0
TX000175,AC00106,-0.0899299236985073,-0.2532736345082286,-3.382594996985808,-99.98687840763417,0.0,0.1162840930831605,1.9313707709001875,-16.03502588628573,0.3415379,0.2590271,0.2831105887889862,1,0,0,0,0,0,0,0,0,0,0,0,0,0
TX000176,AC00035,-0.0361545278331012,-0.0623747345446761,-0.3869697420326208,-89.03893541203715,0.0,0.3982111685947727,2.8865043506506733,-11.424745576603376,0.6262438,0.58709216,0.6608359813690186,1,1,0,0,0,0,0,0,0,0,1,0,0,0
TX000177,AC00363,0.0270937616622299,0.0617437543681518,4.173313883004681e-05,-48.73178901717762,2.417861659152101,0.5722478470816061,3.2820203856318835,4.712170588413085,0.5587206,0.5987238,0.7726145386695862,1,3,1,1,1,0,0,1,1,1,1,0,0,1
TX000178,AC00273,-0.0850844805087121,-0.2311499372221628,-1.5187767327384387,-34.24445687949894,0.0,0.358423154306597,2.247744059641604,-12.338906151093662,0.20513643,0.26815736,0.38819190859794617,1,0,0,0,0,0,0,0,0,0,0,0,0,0
TX000179,AC00156,-0.0757252172100769,-0.2316845523442996,-3.4865663258494743,-99.7433690924408,0.0,0.1905221130540937,1.7992373534733412,-11.510122610528349,0.21506909,0.21957645,0.31079167127609253,1,0,0,0,0,0,0,0,0,0,0,0,0,0
TX000180,AC00010,-0.0235759747966035,-0.1729069138399672,-2.0339503239679777,-91.0889188891774,0.0,0.2973312305589699,2.4864752316951253,-4.3533295715386044,0.31456727,0.34526578,0.3518877625465393,1,0,0,0,0,0,0,0,0,0,0,0,0,0
TX000181,AC00036,-0.0790386156499705,-0.1657296783297914,-0.4819140943785198,-91.3348254384638,0.0,0.2924722193443311,2.487105421090205,-5.255208355452757,0.3717325,0.47049406,0.4233870208263397,1,0,0,0,0,0,0,0,0,0,0,0,0,0
TX000182,AC00149,-0.1162862373566003,-0.2049351210758632,-1.4559324936059117,-93.52961797226244,0.0,0.1660431181485628,1.663109908343764,-5.8202553067238005,0.42075437,0.4316385,0.4471214711666107,1,0,0,0,0,0,0,0,0,0,0,0,0,0
TX000183,AC00225,-0.0476722956045215,-0.1879686434710308,-2.309005048699926,-96.38974223062166,4.214684851089404e-08,0.2279424900635415,2.293980687153425,-11.046241393450456,0.34408572,0.3327761,0.299348384141922,1,0,0,0,0,0,0,0,0,0,0,0,0,0
TX000184,AC00077,-0.0165280769971071,-0.108701581574101,-1.5857359884924491,-89.27147520135962,0.0,0.3366898018620005,2.5748342168231586,-8.36684687926388,0.37873745,0.51576054,0.5553263425827026,1,0,0,0,0,0,0,0,0,0,0,0,0,0
TX000185,AC00440,-0.0771498218839679,-0.0840753777496441,-0.692604701645851,-86.21435095818235,0.0,0.376652822315044,2.9750548011837776,-3.408051452013822,0.46627796,0.48967853,,0,0,0,0,0,0,0,0,0,0,0,0,0,0
TX000186,AC00321,-0.0825802835440303,-0.0958577980781998,-1.4310261993489766,-89.90613775964827,0.0,0.377035754500677,2.170063225375726,-1.8640079328219936,0.4227062,0.50967693,,0,0,0,0,0,0,0,0,0,0,0,0,0,0
TX000187,AC00099,-0.004896987485472,-0.1571782095951959,-1.7376522071776384,-75.49466900702885,0.0,0.2314631864483519,2.098279839221768,-0.807564598754675,0.31396222,0.43159765,0.33357858657836914,1,0,0,0,0,0,0,0,0,0,0,0,0,0
TX000188,AC00258,-0.0931684959657759,-0.14673951907644,-2.574555998575973,-87.08266928732512,5.960464477539064e-08,0.3311078787603978,2.2544803197661114,-2.504944764919633,0.19192314,0.37842977,0.35060498118400574,1,0,0,0,0,0,0,0,0,0,0,0,0,0
TX000189,AC00132,-0.0276530233128802,-0.0842669312369324,-0.9575616705568244,-81.49580717982133,0.0,0.3851361346926342,2.38566095374399,-2.521607658374954,0.44081917,0.4461292,0.43324336409568787,1,0,0,0,0,0,0,0,0,0,0,0,0,0
TX000190,AC00113,-0.0986702160920562,-0.1542630235377091,-1.120269936194477,-90.57823517646928,0.0,0.3526625660354159,2.2527274961683186,-5.472595915749382,0.27220625,0.5874661,0.5277819037437439,1,0,0,0,0,0,0,0,0,0,0,0,0,0
TX000191,AC00396,0.0392548897852185,-0.008701950957163,-0.0080100864646173,-67.43502361619583,0.0,0.4051663713870367,3.141116196136206,0.4778707292023361,0.53854287,0.7259831,0.598770260810852,1,2,1,0,0,0,0,0,0,0,1,1,0,1
TX000192,AC00099,-0.0700898856126146,-0.0943912378669933,-0.7930422722022348,-92.73549240916458,0.0,0.3695885357179381,2.66672728182048,-5.136800867530609,0.33771896,0.47204366,0.49999892711639404,1,0,0,0,0,0,0,0,0,0,0,0,0,0
TX000193,AC00265,-0.0697530164947456,-0.222041980684033,-2.6268386135788253,-94.27714736809868,0.0,0.2341799851920985,2.152646689981417,-6.043651147579344,0.3040551,0.29228804,0.26462826132774353,1,0,0,0,0,0,0,0,0,0,0,0,0,0
TX000194,AC00047,-0.0135668019675303,-0.2171502015987234,-0.8447079825957804,-27.929695513693574,0.0,0.3871028816920231,2.663125384668345,-11.966338597558044,0.23490265,0.24689065,0.26010194420814514,1,0,0,0,0,0,0,0,0,0,0,0,0,0
TX000195,AC00005,-0.1091228140428023,-0.2597100578465514,-3.823307672557021,-101.99228180359825,0.0,0.0,1.358982691081989,-9.641384126432882,0.18398924,0.15790129,0.13341020047664642,1,0,0,0,0,0,0,0,0,0,0,0,0,0
TX000196,AC00363,-0.0019149985423333,0.0809636256275694,0.0011722668956348,-67.16263738753793,2.36686406041662,0.5003845513946004,3.051040588777456,0.1827890805156045,0.6512078,0.69912744,0.48697417974472046,1,2,0,1,1,0,0,1,0,0,1,1,0,1
TX000197,AC00426,-0.0859029356873913,-0.2359283880645346,-3.189558650911782,-101.20516560036572,0.0,0.1373157372927802,1.70217397935931,-13.933948905812644,0.19355983,0.206316,0.1926913559436798,1,0,0,0,0,0,0,0,0,0,0,0,0,0
TX000198,AC00107,-0.0449202547295092,-0.1799493446427977,-1.2304878118775229,-95.13728168976807,0.0,0.3029822873402931,2.3239851810957264,-10.49514651523869,0.3927677,0.38419735,0.7530516982078552,1,0,0,0,0,0,0,0,0,0,0,0,0,0
TX000199,AC00237,-0.0858195027161453,-0.2518666357956307,-3.4852826639377943,-100.92710642554974,0.0,0.0546788607098938,1.8859548858198787,-13.917681736392035,0.17054193,0.18143933,0.17725324630737305,1,0,0,0,0,0,0,0,0,0,0,0,0,0
TX000200,AC00358,-0.0568421328163765,-0.0886587101399956,-1.3448041579020478,-92.04217170368533,0.0,0.3174156985873124,2.362154081309036,-9.1269610316295,0.3438058,0.43072227,0.37806087732315063,1,0,0,0,0,0,0,0,0,0,0,0,0,0
TX000201,AC00113,-0.0758834535844567,-0.1995760908299779,-0.5948706846372458,-95.72218984988078,0.0,0.2940191797873518,2.6093023934911286,-11.447454220492924,0.35178137,0.38079008,0.39700761437416077,1,0,0,0,0,0,0,0,0,0,0,0,0,0
TX000202,AC00010,-0.0840116049166324,-0.192153459646428,-2.7794303005389667,-90.76190506215896,0.0,0.2895061976537894,1.7039660354467865,-6.362483645121094,0.27357674,0.259946,0.3192102015018463,1,0,0,0,0,0,0,0,0,0,0,0,0,0
TX000203,AC00499,-0.1083440940287691,-0.2649603793541386,-3.282670780713677,-99.66590044206411,0.0,0.042264621726463,1.5523115329686905,-9.36370037365983,0.1741413,0.18064176,0.17830109596252441,1,0,0,0,0,0,0,0,0,0,0,0,0,0
TX000204,AC00380,-0.0946587876249859,-0.2482243717988299,-3.8091625594329352,-103.05380288779604,0.0,0.1210521254909554,1.8774963551232025,-15.105824517989614,0.12755215,0.18318245,0.23507878184318542,1,0,0,0,0,0,0,0,0,0,0,0,0,0
TX000205,AC00452,-0.1166936028393014,-0.2841435777882903,-4.191213331781182,-101.43653487234528,0.0,0.0,1.2047474271196492,-10.441998229475868,0.10140826,0.113008976,0.09737074375152588,1,0,0,0,0,0,0,0,0,0,0,0,0,0
TX000206,AC00020,-0.0918335187071593,-0.193912907245598,-3.163753323985637,-99.8991504311256,0.0,0.250240761265133,1.752101652671881,-12.842244217225334,0.25064263,0.2892352,0.6829547882080078,1,0,0,0,0,0,0,0,0,0,0,0,0,0
TX000207,AC00181,-0.104853342888243,-0.2321541174289829,-2.4655476253858337,-97.4569474290464,0.0,0.1893703068229464,1.4944871604543224,-8.089948777074776,0.24647824,0.22754458,0.2412446141242981,1,0,0,0,0,0,0,0,0,0,0,0,0,0
TX000208,AC00370,-0.1261661757552048,-0.2613916253276702,-3.575800205686318,-102.21408177712937,0.0,0.0,1.3216900898016517,-9.493375179124426,0.13930264,0.1935344,0.146017923951149,1,0,0,0,0,0,0,0,0,0,0,0,0,0
TX000209,AC00453,-0.139068279778796,-0.2288094217922271,-2.921438763103363,-99.1345757610795,0.0,0.153485259471552,1.748142963464091,-8.792645227601813,0.19494416,0.251233,0.21002882719039917,1,0,0,0,0,0,0,0,0,0,0,0,0,0
TX000210,AC00339,-0.0639200678325108,-0.2286687556464826,-2.8596893278069624,-96.26494527124552,0.0,0.1856284851744581,1.6973010667412909,-13.71206138354095,0.21658546,0.2549098,0.23335888981819153,1,0,0,0,0,0,0,0,0,0,0,0,0,0
TX000211,AC00249,-0.1064428510458591,-0.1688543464745426,-1.287757357660099,-91.94307382453356,0.0,0.2040010372814156,1.815991158058655,-5.059140956497827,0.4295493,0.42555246,0.4138253927230835,1,0,0,0,0,0,0,0,0,0,0,0,0,0
TX000212,AC00479,-0.1296266768556873,-0.1889516415817982,-2.38785748920167,-95.6129866734818,0.0,0.1660431181485628,1.6657045487629096,-7.346701072430001,0.32582298,0.33166787,0.3202880918979645,1,0,0,0,0,0,0,0,0,0,0,0,0,0
TX000213,AC00301,-0.0811065307867368,-0.1253538323561898,-1.7382311064116456,-83.8492968176798,0.0,0.3265779327534335,2.475316295468465,-2.375075575431276,0.24354193,0.4279728,0.46180105209350586,1,0,0,0,0,0,0,0,0,0,0,0,0,0
TX000214,AC00380,-0.1131165482669563,-0.2019322472540012,-3.64911946161103,-97.98328957055512,0.0,0.2355596193605353,1.7462296222287557,-8.63806306885426,0.20422941,0.2155827,0.29697510600090027,1,0,0,0,0,0,0,0,0,0,0,0,0,0
TX000215,AC00130,-0.0780862890307464,-0.2318516646917323,-3.402946879442207,-96.186058703923,0.0,0.2123504722228739,1.6590979545196596,-7.70880325525899,0.17890066,0.19446105,0.15701696276664734,1,0,0,0,0,0,0,0,0,0,0,0,0,0
TX000216,AC00006,-0.0741004999848607,0.0289627516577197,-1.1651008304507269,-86.5821533453655,0.0,0.4596029967247859,3.0488633050502165,-9.027175174589068,0.598884,0.5778586,0.5922808051109314,1,2,0,1,0,0,0,0,0,0,1,0,0,1
TX000217,AC00096,-0.0796129401165104,-0.2466463544393169,-2.1188697207325378,-99.1276422546375,0.0,0.1131318513282769,1.803941287472808,-12.93223367324892,0.25215706,0.24753115,0.2182481586933136,1,0,0,0,0,0,0,0,0,0,0,0,0,0
TX000218,AC00108,-0.1381715665135015,-0.2607123606918369,-3.344407256902419,-102.36068963138506,0.0,0.052732563189858,1.4672950793297306,-10.35391181295152,0.13901752,0.15144438,0.41349613666534424,1,0,0,0,0,0,0,0,0,0,0,0,0,0
TX000219,AC00070,0.0064826358274703,-0.1383636993004073,-2.358405641171186,-72.26653752873126,0.0,0.4005827580406339,2.671085920887558,0.8707167679384549,0.35520416,0.3546247,0.40139782428741455,1,1,1,0,0,0,0,0,0,0,0,0,0,0
TX000220,AC00417,-0.1108604078275834,-0.233846788413635,-2.4857610375907475,-96.37536213838388,0.0,0.1719865004499298,1.880997552469007,-8.166960087412917,0.19308358,0.31663334,0.28382638096809387,1,0,0,0,0,0,0,0,0,0,0,0,0,0
TX000221,AC00391,-0.0716964761412903,-0.1250873890502262,-1.0311017762580177,-89.6144368296124,0.0,0.3329744675946371,2.623934947497036,-5.015856322312194,0.37196106,0.38161483,0.333196759223938,1,0,0,0,0,0,0,0,0,0,0,0,0,0
TX000222,AC00414,-0.0110031310259187,-0.1223122314024298,-1.521306874974969,-93.30123493857272,0.0,0.2990742942236066,2.632317467300803,-8.872827718054264,0.5151066,0.47520903,0.324575275182724,1,0,0,0,0,0,0,0,0,0,0,0,0,0
TX000223,AC00004,-0.098237630799205,-0.2384643936872703,-4.107116631069725,-101.0021217780004,0.0,0.0699372653396911,1.7731454911218527,-14.846782707529863,0.28360435,0.22679514,0.20672908425331116,1,0,0,0,0,0,0,0,0,0,0,0,0,0
TX000224,AC00047,-0.0694515501823576,-0.1454092512064808,-1.818982969762,-92.39474142968513,0.0,0.3134769292659199,2.4724794640563097,-5.5034397940238415,0.33521888,0.39283258,0.3100503385066986,1,0,0,0,0,0,0,0,0,0,0,0,0,0
TX000225,AC00198,0.0147310723006073,-0.012576931239401,1.8353252447705009,204.8491408742737,2.8926070927907284,0.6027725418064219,4.023123653753041,6.121229978103285,0.5631019,0.58562833,,0,2,1,0,1,1,1,1,1,1,1,0,0,1
TX000226,AC00314,-0.0944302449100214,-0.240094855227385,-3.326064871956956,-100.50771627549686,0.0,0.1504867843833414,1.7440937607921383,-11.994449786160756,0.17594333,0.26068884,0.32609155774116516,1,0,0,0,0,0,0,0,0,0,0,0,0,0
TX000227,AC00212,-0.0954232889007573,-0.1763774852333031,-1.8715791540938505,-94.01321006206668,0.0,0.2599472162016006,2.401158895360356,-5.966209324816619,0.31818455,0.43660933,0.323813796043396,1,0,0,0,0,0,0,0,0,0,0,0,0,0
TX000228,AC00115,-0.0714838110905324,-0.2475362811604676,-1.4443574559146173,-2.467382236357168,0.0,0.3671242679982008,1.7952107198758025,-13.070015034221102,0.17769617,0.213566,0.24078530073165894,1,0,0,0,0,0,0,0,0,0,0,0,0,0
TX000229,AC00055,-0.1221013346346293,-0.203710317662169,-3.0872802474470413,-86.13948844703171,0.0,0.2391554438228375,1.980590751313926,-7.286536228644189,0.20013471,0.26246417,0.23976415395736694,1,0,0,0,0,0,0,0,0,0,0,0,0,0
TX000230,AC00427,-0.0460351829622296,-0.2263159393546012,0.4679703351030708,78.61751919424229,0.0,0.4439934615940507,2.4722864867153747,-10.273073266891574,0.3025962,0.35347304,0.8390000462532043,1,0,0,0,1,1,0,0,0,0,0,0,0,0
TX000231,AC00401,-0.1261573656416215,-0.2376131817878517,-2.2468139569487877,-99.20442972781196,0.0,0.0625054649525113,1.7020997914312896,-8.84216050921927,0.22861058,0.27304143,0.26942718029022217,1,0,0,0,0,0,0,0,0,0,0,0,0,0
TX000232,AC00430,-0.0460768325273643,-0.1740537578328023,-0.8872323934401205,-62.73754152780338,2.166777877987497,0.4977272096313886,3.2110983273468725,10.482608433737315,0.2892892,0.4315909,0.8905749917030334,1,0,0,0,0,0,0,1,1,1,0,0,0,0
TX000233,AC00299,-0.0590207517783277,-0.1248128157763266,-2.026842967418476,-93.44678345005366,0.0,0.3556418331497458,2.074316118076231,-4.403834767330939,0.24048185,0.4168288,0.4108620882034302,1,0,0,0,0,0,0,0,0,0,0,0,0,0
TX000234,AC00345,-0.0947386894745539,-0.1073415564196338,-0.1850344834015116,-89.03591795845445,0.0,0.3640780246971234,2.6442869132742004,-5.0773154324764125,0.39313328,0.4458054,0.4432961046695709,1,0,0,0,0,0,0,0,0,0,0,0,0,0
TX000235,AC00430,-0.0597577409725928,-0.0733996470980196,-0.0002855095093927,-69.52651137142605,0.0,0.4013589129310503,2.4859609207632807,-2.606092962785324,0.52670413,0.4726645,0.6154705882072449,1,0,0,0,0,0,0,0,0,0,0,0,0,0
TX000236,AC00175,-0.0631542858223855,-0.2273849437282256,-4.245276907446908,-95.32399199181005,0.0,0.1952008593327563,1.7780635375547542,-13.433896231224756,0.15190387,0.16259655,0.17013946175575256,1,0,0,0,0,0,0,0,0,0,0,0,0,0
TX000237,AC00177,-0.065974568467242,-0.1550537148441333,-2.2518125041953274,-96.65790715809317,0.0,0.2829873412089203,2.376329064869114,-0.2937054272030971,0.2790015,0.2879364,0.603631317615509,1,0,0,0,0,0,0,0,0,0,0,0,0,0
TX000238,AC00225,-0.0301056015974836,-0.0660303900335632,-0.9821165879967628,-68.24757095325671,0.0,0.4435943215848683,2.72513579725529,6.441396997320772,0.40687352,0.5187757,0.3655931353569031,1,0,0,0,0,0,0,0,0,1,0,0,0,0
TX000239,AC00394,-0.033139270155902,-0.1802281410658384,-1.9892282889774464,-93.19610716490854,0.0,0.2801023867570027,2.27576817529015,-9.601793950085852,0.33193335,0.32781294,0.3552320599555969,1,0,0,0,0,0,0,0,0,0,0,0,0,0
TX000240,AC00026,-0.0611304795607188,-0.2151047152587728,-3.129776064627346,-97.3518965836311,0.0,0.2618330871764747,1.8177692417538585,-7.007528583537111,0.2188195,0.23133522,0.23228907585144043,1,0,0,0,0,0,0,0,0,0,0,0,0,0
TX000241,AC00076,-0.1058375361513435,-0.2382996386362328,-3.146776503174885,-96.1625983314562,0.0,0.0946770653841054,1.954814761064776,-8.116487945036607,0.20400766,0.23295331,0.2336166501045227,1,0,0,0,0,0,0,0,0,0,0,0,0,0
TX000242,AC00215,-0.0522390804721119,-0.1114181039514852,-0.0920456665599909,-37.95137782611605,0.0,0.4890998540919026,3.18623653532277,5.172863209765707,0.41540417,0.43438452,1.3871431350708008,1,0,0,0,0,0,0,1,0,1,0,0,0,0
TX000243,AC00202,-0.0649714087938271,-0.0494443769590466,-1.0175021490668108,-91.56964641323928,0.0,0.4068578238778839,2.7860041840760283,-11.3314863069568,0.45962322,0.5008139,0.5178624391555786,1,0,0,0,0,0,0,0,0,0,0,0,0,0
TX000244,AC00400,-0.0571008342618278,-0.1769613091849617,-1.6712138352890955,-93.3657597940256,0.0,0.3294762583040449,2.195567666298778,-5.810633658300717,0.3093446,0.3139838,0.3220669627189636,1,0,0,0,0,0,0,0,0,0,0,0,0,0
TX000245,AC00004,-0.0569372569876475,-0.1627906530411405,-2.1254389319804963,-93.8301775006977,0.0,0.2609286111169467,2.5382043148757627,-10.564958366276857,0.35149726,0.3958566,0.3549119234085083,1,0,0,0,0,0,0,0,0,0,0,0,0,0
TX000246,AC00260,-0.0473882980725169,-0.2272996372234079,-2.50879240211263,-97.9299864242724,0.0,0.1448341462213676,1.9785076168759028,-12.14878769238184,0.23107311,0.2356121,0.18031996488571167,1,0,0,0,0,0,0,0,0,0,0,0,0,0
TX000247,AC00415,-0.0332242804018397,-0.1576412549508428,-1.2773552011372145,-88.94036777781629,0.0,0.3239013862979547,2.2557402827342274,-10.487965302666671,0.36092076,0.36781842,0.33889448642730713,1,0,0,0,0,0,0,0,0,0,0,0,0,0
TX000248,AC00337,-0.095456951300636,-0.2526436746933217,-2.359825664494404,-84.82380531522875,0.0,0.2173518825866447,1.719139839269986,-14.3370851327246,0.13301206,0.15784481,0.5887053608894348,1,0,0,0,0,0,0,0,0,0,0,0,0,0
TX000249,AC00253,-0.0074761641502546,-0.1633438136156428,-0.1418691053485581,101.54474749557444,2.032146692369078,0.5196483647540819,2.619580149753777,11.969421258292025,0.30077034,0.40487143,0.3429427146911621,1,0,0,0,0,1,0,1,0,1,0,0,0,0
TX000250,AC00126,-0.1273742540300983,-0.2715402672984877,-4.086495991816785,-101.64905132533138,0.0,0.0,1.5578201140439485,-10.045864081840808,0.12530771,0.14208376,0.11867967993021011,1,0,0,0,0,0,0,0,0,0,0,0,0,0
TX000251,AC00304,-0.0659669949928896,-0.1563178219243437,-2.5429048592837638,-94.44830894955972,5.960464477539064e-08,0.3119717570010015,2.471409758883375,-3.489688760596216,0.37913796,0.37327698,0.30868908762931824,1,0,0,0,0,0,0,0,0,0,0,0,0,0
TX000252,AC00470,-0.0650736765895382,-0.2355056656435172,-3.440792406027847,-97.80679980632796,0.0,0.1121972538916977,1.7622492094727196,-7.479489578903291,0.18833238,0.20597313,0.17027266323566437,1,0,0,0,0,0,0,0,0,0,0,0,0,0
TX000253,AC00041,-0.0963726111976049,-0.2479887557520702,-3.623299479785808,-102.67595038726157,0.0,0.0617250487978771,1.3555007073204912,-15.102243203266111,0.15915367,0.2493195,0.48440176248550415,1,0,0,0,0,0,0,0,0,0,0,0,0,0
TX000254,AC00442,-0.0815869551473052,-0.2010803977423763,-1.314968777134367,-96.7888967518444,0.0,0.30226829454174,2.4506795329108546,-11.256759341320764,0.30047256,0.36396962,0.4397555887699127,1,0,0,0,0,0,0,0,0,0,0,0,0,0
TX000255,AC00430,-0.0846564781693217,-0.2331152382890613,-2.724435563640882,-99.23971596695615,0.0,0.2058568836432475,2.0639417439953798,-12.685642580933742,0.18741696,0.16916464,0.19488687813282013,1,0,0,0,0,0,0,0,0,0,0,0,0,0
TX000256,AC00258,-0.109735797146077,-0.2476424733055086,-3.9488960730610776,-98.76181898838944,2.9802322387695312e-08,0.0886656746854052,1.3683342000280885,-9.19169742913692,0.11989085,0.13427098,0.13254812359809875,1,0,0,0,0,0,0,0,0,0,0,0,0,0
TX000257,AC00073,-0.1030263959301526,-0.1525469873748777,-2.9568978190105915,-83.94600272936677,0.0,0.3244714159004959,2.1477677284992085,-3.153129662087042,0.40852702,0.36932105,0.29647529125213623,1,0,0,0,0,0,0,0,0,0,0,0,0,0
TX000258,AC00430,-0.0811756800890243,-0.2473111114084918,-2.264079998248678,-72.79923394518596,0.0,0.3026412874115534,1.9527102513194556,-13.237784706886847,0.16438732,0.21168953,0.6665675640106201,1,0,0,0,0,0,0,0,0,0,0,0,0,0
TX000259,AC00363,-0.0717618971522519,-0.159320747290516,-0.7297289991996383,-91.92845085178338,5.960464477539064e-08,0.29169611924713,2.5433706961201388,-4.818252305514335,0.44328243,0.45661375,0.42979952692985535,1,0,0,0,0,0,0,0,0,0,0,0,0,0
TX000260,AC00307,0.0069740960526474,0.0107575353994771,1.6184052033171623,61.32892442724342,2.711154877268931,0.5724969906700883,3.306081372387688,4.125547739164201,0.5552314,0.6386751,0.8055533766746521,1,3,1,1,1,1,1,1,1,0,1,1,0,1
TX000261,AC00085,-0.134881340356318,-0.281241857977563,-4.398708077807057,-103.32771730089208,0.0,0.0,0.786483230881175,-18.1612917427384,0.13885644,0.1736667,0.13339680433273315,1,0,0,0,0,0,0,0,0,0,0,0,0,0
TX000262,AC00448,-0.0782704136611732,-0.1630008234110314,-2.0529069487358944,-92.365951567303,0.0,0.3007313971192187,2.24533968638746,-6.571070420757116,0.22349975,0.35244095,0.8686607480049133,1,0,0,0,0,0,0,0,0,0,0,0,0,0
TX000263,AC00194,-0.054367254499469,-0.2476529092003841,-3.4022749365913567,-99.96983513102974,0.0,0.0595066111140158,1.6127308827352,-11.683716120853855,0.2820628,0.21420854,0.27464550733566284,1,0,0,0,0,0,0,0,0,0,0,0,0,0
TX000264,AC00319,-0.05285063340518,-0.1749272168206668,-2.4285432847385264,-96.4030497583154,0.0,0.2830030534311569,2.188116789049314,-11.31570560485164,0.3236206,0.32485807,0.29217028617858887,1,0,0,0,0,0,0,0,0,0,0,0,0,0
TX000265,AC00366,-0.0935871151067638,-0.209865544255668,-2.97314041227665,-99.30994130595474,0.0,0.2124381103670579,1.917045684223791,-7.7904127559733425,0.25091952,0.25871953,0.2233952432870865,1,0,0,0,0,0,0,0,0,0,0,0,0,0
TX000266,AC00338,-0.0853669286315436,-0.1903502927880225,-2.0480521132193994,-89.38385179543313,0.0,0.2588917626964292,2.262419085331675,-7.152832601263491,0.2722809,0.33388314,0.36698782444000244,1,0,0,0,0,0,0,0,0,0,0,0,0,0
TX000267,AC00178,0.0267624511470013,-0.2499337598490091,-1.0015055090546854,-26.21628132310147,2.310045427213606,0.5037574507298074,2.2452758667724013,8.768800557577531,0.21713907,0.27764437,1.4887092113494873,1,1,1,0,0,0,0,1,0,1,0,0,1,0
TX000268,AC00424,-0.0960489907774401,-0.2195792459580774,-1.9140797654824453,-96.62772007033055,0.0,0.2337336074649617,2.0465823109882666,-7.606838632098498,0.24310946,0.30934045,0.28864187002182007,1,0,0,0,0,0,0,0,0,0,0,0,0,0
TX000269,AC00147,-0.0284483765325763,-0.1096414874672904,-1.1285453999726416,-90.05611180448606,0.0,0.3319558026975965,2.315001943445626,-3.692953246877016,0.35547853,0.4430984,0.4176797866821289,1,0,0,0,0,0,0,0,0,0,0,0,0,0
TX000270,AC00171,-0.0905338856129044,-0.2511772933301746,-2.919494045810373,-101.00153964355464,0.0,0.0580294538471082,1.673788718326908,-13.620914941715265,0.18355213,0.19785397,0.19269239902496338,1,0,0,0,0,0,0,0,0,0,0,0,0,0
TX000271,AC00023,-0.1000102285896193,-0.2469893304708168,-4.255015456828763,-102.38228680804578,0.0,0.0546788607098938,1.5023753320171789,-15.20334553730152,0.15423104,0.1680979,0.15552754700183868,1,0,0,0,0,0,0,0,0,0,0,0,0,0
TX000272,AC00263,-0.1129761624780407,-0.2355776863336487,-3.271550526369908,-99.74801457948998,0.0,0.1074578862764737,1.774592927312377,-9.154136735582778,0.19185796,0.277403,0.26395681500434875,1,0,0,0,0,0,0,0,0,0,0,0,0,0
TX000273,AC00423,-0.0680264692610475,-0.1224736962993746,-1.44729906036864,-95.14032815733836,0.0,0.3644331873000221,2.560175604287058,-11.727102944531277,0.41310424,0.50310063,0.5162184238433838,1,0,0,0,0,0,0,0,0,0,0,0,0,0
TX000274,AC00455,-0.092372470510464,-0.1587011665050122,-2.2887631503026897,-86.58234445126716,0.0,0.3375595941413633,2.284253961705065,-5.365868898709793,0.29529035,0.36612955,0.39593279361724854,1,0,0,0,0,0,0,0,0,0,0,0,0,0
TX000275,AC00454,0.1146454949083871,0.5630549587597908,5.557549285792527,578.2215410156373,7.621565342290447,0.8211569377863938,8.906144561781252,6.269882944752121,1.8405135,2.5481594,3.4849424362182617,1,3,1,1,1,1,1,1,1,1,1,1,1,1
TX000276,AC00055,-0.124599203655988,-0.2372554001371272,-4.107892605398235,-97.26255712244206,0.0,0.2223976145376309,1.51375092848337,-8.685185324893755,0.15672898,0.24474958,0.22803115844726562,1,0,0,0,0,0,0,0,0,0,0,0,0,0
TX000277,AC00403,-0.0703482854958819,-0.2438445939072779,-2.614123678629672,-100.34046719902916,0.0,0.1034349975489005,1.8086155684409864,-13.845865783960244,0.23102368,0.24868281,0.2259223759174347,1,0,0,0,0,0,0,0,0,0,0,0,0,0
TX000278,AC00220,-0.0839614775889291,-0.2177125871027119,-3.559956188548413,-99.55349936785043,0.0,0.1948384412336866,1.9202268617503817,-13.519834242267583,0.27143958,0.25932488,0.2699032723903656,1,0,0,0,0,0,0,0,0,0,0,0,0,0
TX000279,AC00009,-0.1087672985687931,-0.2599055041630451,-3.5615664921283754,-101.80577844599529,2.9802322387695312e-08,0.074937569633522,1.5834212606654474,-15.152157284202447,0.15683241,0.20905353,0.21478046476840973,1,0,0,0,0,0,0,0,0,0,0,0,0,0
TX000280,AC00445,-0.0829789250970187,-0.2029997083994406,-3.2524667042203985,-97.34941432532187,0.0,0.1796719070842534,1.8079366371944687,-4.624648196385319,0.25009978,0.24922258,0.28928342461586,1,0,0,0,0,0,0,0,0,0,0,0,0,0
TX000281,AC00133,-0.1336772610139692,-0.2704471802086645,-4.709185049416775,-104.91888855095382,0.0,0.0,1.2819403475850577,-11.296713294265873,0.09303042,0.1289827,0.08885149657726288,1,0,0,0,0,0,0,0,0,0,0,0,0,0
TX000282,AC00362,-0.0183613571273325,-0.027552707699328,2.9754361393408143e-05,-87.01114822933079,0.0,0.4418487416382919,2.9996852052006058,-9.249998233554082,0.5447711,0.5751525,0.47888442873954773,1,1,0,0,1,0,0,0,0,0,1,0,0,0
TX000283,AC00026,-0.0336599552765833,-0.1960944981290435,-3.2502919259252847,-96.73585144960047,0.0,0.2498318012186685,2.324378995453255,-12.04263461109224,0.33896428,0.28033027,0.3799598515033722,1,0,0,0,0,0,0,0,0,0,0,0,0,0
TX000284,AC00387,-0.0562066878706194,0.075496884351988,-2.360790000018711,-86.36823413991765,0.0,0.4573472709203169,2.7711811721523696,8.117488903070935,0.26173213,0.48525375,0.3029589056968689,1,1,0,1,0,0,0,0,0,1,0,0,0,0
TX000285,AC00451,-0.0773266105619797,-0.211398845362827,-1.8684294511167083,-83.7396881443096,4.214684851089404e-08,0.2397088163856124,1.886916914004534,-6.014870640585301,0.3159786,0.29978094,1.487294316291809,1,0,0,0,0,0,0,0,0,0,0,0,0,0
TX000286,AC00033,-0.1236992344588296,-0.2517586320477883,-3.285076702846156,-98.190323458928,0.0,0.1238896330226057,1.529086060541292,-8.506561237353273,0.16319731,0.15991968,0.21359601616859436,1,0,0,0,0,0,0,0,0,0,0,0,0,0
TX000287,AC00087,-0.0556924010986119,-0.1926713415257854,-2.158866013780533,-98.44140830011852,0.0,0.250062135009732,2.1953269121096963,-12.64812254660024,0.30449367,0.3217828,0.2790725529193878,1,0,0,0,0,0,0,0,0,0,0,0,0,0
TX000288,AC00159,-0.0997048881126068,-0.2546553834231386,-3.739030854777487,-98.1107676316896,0.0,0.0886656746854052,1.890883522190201,-8.426992111063095,0.14779192,0.15076295,0.1435766965150833,1,0,0,0,0,0,0,0,0,0,0,0,0,0
TX000289,AC00177,-0.0447610368042125,-0.1996050730933862,-2.266732489884787,-83.27728401766504,0.0,0.3978013433421821,2.070237276448005,-13.061354169645517,0.21909359,0.24174325,0.6079922318458557,1,0,0,0,0,0,0,0,0,0,0,0,0,0
TX000290,AC00093,-0.0580264922768644,-0.2337005206802473,-2.091409050545562,-97.29420286490392,4.214684851089404e-08,0.1308598294811836,2.0217694438715763,-14.651944810946716,0.34417692,0.3733722,0.37903791666030884,1,0,0,0,0,0,0,0,0,0,0,0,0,0
TX000291,AC00427,-0.0974638814816445,-0.2500789442790916,-3.33036407344022,-100.36041322781688,0.0,0.0639396060696011,1.7111267111740185,-16.49520619937532,0.25814176,0.26596272,0.23525863885879517,1,0,0,0,0,0,0,0,0,0,0,0,0,0
TX000292,AC00284,0.0142085448014077,-0.218593721868632,-0.0703906526708229,152.37174298171203,0.0,0.4355372314092555,3.1379109311255737,1.578409016474295,0.2544399,0.2076186,0.2347334772348404,1,1,1,0,0,1,0,0,0,0,0,0,0,0
TX000293,AC00189,-0.1200022498848208,-0.2581404293447139,-4.87902221746056,-102.39133675109598,0.0,0.0,1.2392199699486726,-14.674032213605724,0.111750335,0.10628402,0.16254985332489014,1,0,0,0,0,0,0,0,0,0,0,0,0,0
TX000294,AC00495,-0.0885437585327605,-0.217518990299558,-3.3348062802699774,-99.62871357302116,0.0,0.1968457898307035,1.838027153945266,-13.48257048222726,0.27529716,0.27029598,0.44434934854507446,1,0,0,0,0,0,0,0,0,0,0,0,0,0
TX000295,AC00148,-0.0754744693378544,-0.1922639970078143,-1.4751122756594155,-86.66313601775872,0.0,0.2871651656650114,2.2845682407335843,-10.347859237973148,0.40696782,0.29805517,0.31900444626808167,1,0,0,0,0,0,0,0,0,0,0,0,0,0
TX000296,AC00272,-0.0653716739464743,-0.1770158444766016,-1.416469779694613,-95.75971355389191,0.0,0.1944856373919311,2.0739101302017686,-6.491598576286667,0.3472067,0.3823874,0.336987167596817,1,0,0,0,0,0,0,0,0,0,0,0,0,0
TX000297,AC00381,-0.1043171818763548,-0.2092459549839154,-3.2119183624399392,-98.08505212337684,0.0,0.1593623612130382,2.423218937900498,-2.819709363680296,0.16749449,0.21753581,0.25856176018714905,1,0,0,0,0,0,0,0,0,0,0,0,0,0
TX000298,AC00110,-0.0518089260171961,-0.1145384951933619,-1.8981035250215357,-92.84806149496708,0.0,0.3347187984175725,2.278688737958856,-10.602355383944827,0.33151415,0.32587984,0.32331570982933044,1,0,0,0,0,0,0,0,0,0,0,0,0,0
TX000299,AC00495,-0.0675929212431008,-0.2142261400134792,-2.7492016567898387,-94.15523851285649,0.0,0.2329551302469857,1.902896588581341,-12.329768305811807,0.20400609,0.18649131,0.3298673629760742,1,0,0,0,0,0,0,0,0,0,0,0,0,0
TX000300,AC00035,-0.0949064707570915,-0.1920618822726505,-2.638866042240765,-98.51629004411198,0.0,0.2067833621322113,2.0616154727154163,-13.803016248529705,0.272183,0.3360817,0.31167206168174744,1,0,0,0,0,0,0,0,0,0,0,0,0,0
TX000301,AC00119,-0.0566186449643922,-0.1197033073870335,-0.8038706806388412,-91.10618856748428,0.0,0.3592713732992153,2.5521668719948374,-4.787286724050083,0.41255638,0.4150351,0.3985953629016876,1,0,0,0,0,0,0,0,0,0,0,0,0,0
TX000302,AC00488,-0.0590048019820342,-0.2153863167498559,-1.5887045396836816,-95.36006176464016,0.0,0.2163610897983093,2.013372002721287,-5.661371757305135,0.2656058,0.3215593,0.3300599455833435,1,0,0,0,0,0,0,0,0,0,0,0,0,0
TX000303,AC00466,-0.0934661474059774,-0.2499666615975992,-3.148358132962602,-98.9917698154177,0.0,0.171888551856928,1.730418199153685,-15.643669403458857,0.23463695,0.28131762,0.8444579243659973,1,0,0,0,0,0,0,0,0,0,0,0,0,0
TX000304,AC00489,-0.1105666489536773,-0.2366598829801165,-2.273625604917332,-99.18022139006068,0.0,0.134147871538734,1.942768773162284,-8.382989817409403,0.18423986,0.25650093,0.19592958688735962,1,0,0,0,0,0,0,0,0,0,0,0,0,0
TX000305,AC00306,-0.0901506389338801,-0.2162083805439447,-2.686317953669413,-96.5631480812374,4.214684851089404e-08,0.1959535802905777,1.9373458439445563,-14.330719659094177,0.19602937,0.24024998,0.257915735244751,1,0,0,0,0,0,0,0,0,0,0,0,0,0
TX000306,AC00431,-0.0760677614087087,-0.2583818872060248,-3.85663370392039,-101.02467003166778,0.0,0.0757018153244089,1.4634690121217329,-13.046621647969603,0.19700728,0.22896343,0.2072804719209671,1,0,0,0,0,0,0,0,0,0,0,0,0,0
TX000307,AC00233,-0.117013758781203,-0.2086218771017964,-2.6262813690356497,-94.78313211768838,0.0,0.2344501303432483,2.1405121200489727,-7.3680707494521025,0.23809072,0.24445891,0.263940691947937,1,0,0,0,0,0,0,0,0,0,0,0,0,0
TX000308,AC00389,-0.0317037578683612,-0.1516790393503402,-1.001771541198382,-93.6062864093058,0.0,0.2427922675712707,2.527804098911174,-4.981146764725625,0.3370828,0.3667813,0.29361772537231445,1,0,0,0,0,0,0,0,0,0,0,0,0,0
TX000309,AC00067,-0.0709474085717652,-0.1965937113160325,-2.227308663776701,-95.47058166309426,0.0,0.27135835874361,2.272534047995398,-5.916466214664452,0.2992865,0.32540968,0.3312676250934601,1,0,0,0,0,0,0,0,0,0,0,0,0,0
TX000310,AC00300,-0.0972454690228044,-0.2137032224820145,-2.6820404028757325,-93.59804173273946,0.0,0.1947481188085253,1.862941681249182,-5.785407128992154,0.22998124,0.3971884,0.3468901515007019,1,0,0,0,0,0,0,0,0,0,0,0,0,0
TX000311,AC00386,-0.103435845104957,-0.2490132971503106,-4.067631405838884,-102.2219490400162,0.0,0.0216144688465193,1.799518867956867,-15.097011654726382,0.15717122,0.17628294,0.18429701030254364,1,0,0,0,0,0,0,0,0,0,0,0,0,0
TX000312,AC00285,0.0318673791545579,0.0811376236196903,0.8322000975385464,613.8512793237317,5.16926247354348,0.5506749384560847,8.004979564534429,4.001176007346627,0.22787854,0.09324934,1.394148349761963,1,2,1,1,1,1,1,1,1,0,0,0,0,1
TX000313,AC00219,-0.073621466927334,-0.0800102107177942,-1.145779564626796,-90.46547922095893,0.0,0.3483986505367054,2.553358270280348,-5.02576139097416,0.39682743,0.41654697,0.4131602644920349,1,0,0,0,0,0,0,0,0,0,0,0,0,0
TX000314,AC00445,-0.0582180980167056,-0.1736109263321252,-1.9639393580854247,-94.35667945855792,0.0,0.3464835382879332,2.5534084820446616,-10.910283860962616,0.35671902,0.32093513,0.3686937093734741,1,0,0,0,0,0,0,0,0,0,0,0,0,0
TX000315,AC00371,-0.0990258048008415,-0.2009480187025734,-1.901909014123944,-94.75812265958145,0.0,0.2224243258119299,2.22345508070745,-7.44736764855215,0.29852322,0.30842924,,0,0,0,0,0,0,0,0,0,0,0,0,0,0
TX000316,AC00164,-0.0734610730577073,-0.2270839234020893,-1.895714522772944,-69.10022384857518,0.0,0.2358510484699419,2.159313714654871,-12.98779331941029,0.15505728,0.17718212,0.14885848760604858,1,0,0,0,0,0,0,0,0,0,0,0,0,0
TX000317,AC00200,-0.090302089113733,-0.224937477231317,-2.7900696291620912,-91.73573957101476,0.0,0.2062334635831046,1.88651691807878,-7.694036224783714,0.27311814,0.25855425,0.29975128173828125,1,0,0,0,0,0,0,0,0,0,0,0,0,0
TX000318,AC00310,-0.0748757573474774,-0.2671574685739988,-1.141542036422086,67.32497024319129,0.0,0.0,1.6535396909060762,-13.241415637380742,0.11302003,0.13695626,0.15837140381336212,1,0,0,0,0,1,0,0,0,0,0,0,0,0
TX000319,AC00106,-0.1037132710345167,-0.2409048077774801,-3.283608657400314,-99.58218010723895,0.0,0.0876568954239113,1.9305709611020991,-8.583833669664507,0.21911049,0.23165025,0.22164814174175262,1,0,0,0,0,0,0,0,0,0,0,0,0,0
TX000320,AC00444,-0.053119763284419,-0.19017892982201,-1.953880275887584,-97.7597310226454,0.0,0.2034927710994256,2.1927414236241445,-12.318432063861524,0.2958003,0.33472177,0.3582630157470703,1,0,0,0,0,0,0,0,0,0,0,0,0,0
TX000321,AC00441,-0.0870373341342282,-0.2358215675394039,-3.0625189750020985,-98.89039344697822,0.0,0.2318069891104237,1.9849894843903528,-12.141010647651315,0.22592142,0.23961738,0.2858394384384155,1,0,0,0,0,0,0,0,0,0,0,0,0,0
TX000322,AC00300,-0.0899971910819298,-0.2065427295056052,-2.7860305024624887,-97.55943128454538,0.0,0.154277015286764,1.9854834492287965,-12.764843178135475,0.28240883,0.3039598,0.30432239174842834,1,0,0,0,0,0,0,0,0,0,0,0,0,0
TX000323,AC00194,-0.1183416076821104,-0.2388006554930379,-3.1616217496314443,-98.23241174122356,0.0,0.1521894144027201,1.5163738567965102,-8.594255074842089,0.17568094,0.20698899,0.20799027383327484,1,0,0,0,0,0,0,0,0,0,0,0,0,0
TX000324,AC00248,-0.0720162955308498,-0.1337228662542995,-2.2709607603259494,-80.34716396094711,5.960464477539064e-08,0.3184559318237664,2.5334730134357724,-3.5762570784857237,0.3672819,0.37198818,0.34571418166160583,1,0,0,0,0,0,0,0,0,0,0,0,0,0
TX000325,AC00286,-0.1221012512284586,-0.2316866763351999,-3.9766280993625793,-100.54929195912558,0.0,0.0774891945230377,1.6075169527187825,-9.497163575218444,0.1761848,0.20866771,0.17583566904067993,1,0,0,0,0,0,0,0,0,0,0,0,0,0
TX000326,AC00049,-0.090034904470084,-0.1750650628366266,-1.3408587194251664,-95.28235814069616,4.214684851089404e-08,0.2397147850649049,2.335366318506809,-7.012637899363373,0.3538867,0.41189978,,0,0,0,0,0,0,0,0,0,0,0,0,0,0
TX000327,AC00471,-0.0461101785867361,-0.1222572669912032,-0.6613464185538565,-89.27589030976715,5.960464477539064e-08,0.3358780156974517,2.466979452698816,-4.476286653422806,0.35735103,0.47154433,0.48710256814956665,1,0,0,0,0,0,0,0,0,0,0,0,0,0
TX000328,AC00434,-0.0787576247234034,-0.1839425916468369,-1.0336009669640918,-92.571346201774,0.0,0.2400876212219569,1.9974540920421928,-5.398396907492122,0.30993277,0.36814246,0.3609730005264282,1,0,0,0,0,0,0,0,0,0,0,0,0,0
TX000329,AC00264,-0.1150930353165057,-0.2732029950510417,-3.6061412338012593,-102.46437522799296,2.9802322387695312e-08,0.0209732851451104,1.1389581703779903,-15.241515040175678,0.12063987,0.17886809,0.29433801770210266,1,0,0,0,0,0,0,0,0,0,0,0,0,0
TX000330,AC00316,-0.0904900801477682,-0.2467666621598782,-3.9182676954375752,-100.61214530439932,0.0,0.0989445241674432,1.305200691463799,-8.988289620498765,0.15505277,0.1466895,0.19476649165153503,1,0,0,0,0,0,0,0,0,0,0,0,0,0
TX000331,AC00087,-0.0969064019430145,-0.2510870082512363,-3.017906017841555,-100.77877072669314,0.0,0.1313315017072232,1.7467989719507937,-14.250115885788908,0.22349994,0.27844045,0.2512105703353882,1,0,0,0,0,0,0,0,0,0,0,0,0,0
TX000332,AC00140,-0.0709161030830254,-0.1829742141407562,-1.650282266845351,-95.04292945997712,0.0,0.2652716989209044,2.26804029261427,-5.876640120298124,0.3269063,0.3439884,0.32197636365890503,1,0,0,0,0,0,0,0,0,0,0,0,0,0
TX000333,AC00418,-0.0981938174178596,-0.1965227847378934,-2.692195237859232,-97.46654139090928,4.214684851089404e-08,0.2544277685686102,1.8248965801077237,-6.398079111495756,0.20894077,0.34277806,0.38479185104370117,1,0,0,0,0,0,0,0,0,0,0,0,0,0
TX000334,AC00187,-0.0980431982244318,-0.1870390295210751,-2.880342059394663,-96.0659912444272,0.0,0.2473496049685887,2.080385659838716,-7.183846542142759,0.22111216,0.26958948,0.3030531406402588,1,0,0,0,0,0,0,0,0,0,0,0,0,0
TX000335,AC00077,-0.0940541243658975,-0.2172177035344316,-1.947875281855544,-96.31084850560336,0.0,0.345452605036809,2.3190596523552505,-12.908245604222913,0.24588881,0.27623934,0.33646759390830994,1,0,0,0,0,0,0,0,0,0,0,0,0,0
TX000336,AC00141,-0.1110862151276822,-0.2355128992276633,-3.4909310064597543,-100.906499135664,0.0,0.2064466911145116,1.8488162900246392,-8.946143088282032,0.14075828,0.21346849,0.214226633310318,1,0,0,0,0,0,0,0,0,0,0,0,0,0
TX000337,AC00332,-0.1070777193889791,-0.2627618295092118,-4.123051221301783,-103.8388947837672,2.9802322387695312e-08,0.0759061277934333,1.3745783954482584,-15.750044885631382,0.15464658,0.21023287,0.14468640089035034,1,0,0,0,0,0,0,0,0,0,0,0,0,0
TX000338,AC00439,-0.0460785762647499,-0.0967389502326645,-0.765447440570096,-92.84082097883577,0.0,0.3694335488351492,2.7384996068552514,-9.562139419092096,0.39985478,0.4998231,0.515704333782196,1,0,0,0,0,0,0,0,0,0,0,0,0,0
TX000339,AC00055,-0.0377812850894225,-0.0222614853602702,0.1145342064250227,-88.02172891469559,0.0,0.3945889022264939,3.009602360678263,-10.519402887385242,0.54928714,0.68528724,0.6863647103309631,1,1,0,0,1,0,0,0,0,0,1,1,0,0
TX000340,AC00299,-0.0709344145975718,-0.1144407865476708,-1.0339916225161057,-91.1871009017354,0.0,0.3588030803556685,2.333030245680058,-5.789358005070759,0.3393106,0.3980329,0.41410568356513977,1,0,0,0,0,0,0,0,0,0,0,0,0,0
TX000341,AC00107,0.0004970531466006,-0.0799096798064584,-0.0966772808503897,-33.86364550338831,2.230744536050937,0.5029777918241205,3.188752918764385,4.322050623189544,0.4031545,0.4501987,0.3783048987388611,1,1,1,0,0,0,0,1,0,1,0,0,0,0
TX000342,AC00171,-0.0796269259921137,-0.1549502698501481,-1.5340706125661692,-85.19921064744608,4.214684851089404e-08,0.2445658315099702,2.3307675486426875,-4.592742423929831,0.360516,0.3047995,0.33021682500839233,1,0,0,0,0,0,0,0,0,0,0,0,0,0
TX000343,AC00493,-0.0364828774865731,-0.1238803499571503,-0.6487165252066678,-89.92539791822996,0.0,0.3621178396414613,2.780678217482566,-2.95609978780768,0.34616196,0.52542067,0.518363893032074,1,0,0,0,0,0,0,0,0,0,0,0,0,0
TX000344,AC00232,-0.1020684329135623,-0.2242768556639691,-3.1702209295263915,-99.85236832129132,0.0,0.1593623612130382,2.0281298822905542,-2.9611530459907978,0.16573319,0.22400557,0.31098031997680664,1,0,0,0,0,0,0,0,0,0,0,0,0,0
TX000345,AC00156,-0.0349571665787015,-0.2023614864640293,-2.4506870302047714,-61.04455622507213,0.0,0.3766655993833875,1.9786017272110887,-2.01586182829774,0.18883878,0.2381072,0.17167359590530396,1,0,0,0,0,0,0,0,0,0,0,0,0,0
TX000346,AC00442,-0.0432329693671839,-0.1750009764915168,-1.9404221024464272,-94.4174634686284,0.0,0.2720121283328782,2.445257515046308,-11.216988474365008,0.2778385,0.43662575,0.3831947445869446,1,0,0,0,0,0,0,0,0,0,0,0,0,0
TX000347,AC00375,-0.0921467921333826,-0.2267184389555208,-2.6775779972410456,-98.97782567527145,0.0,0.148406345081398,2.2769686345721123,-7.890536944465336,0.25058633,0.31831515,0.21918147802352905,1,0,0,0,0,0,0,0,0,0,0,0,0,0
TX000348,AC00034,-0.1045651576583777,-0.218992489876002,-2.58521467016664,-98.7753733969242,4.214684851089404e-08,0.0789559447722384,2.0722976847962635,-12.939234093403558,0.22875047,0.28554216,0.2580951154232025,1,0,0,0,0,0,0,0,0,0,0,0,0,0
TX000349,AC00376,-0.0530115821622458,-0.1730428139667816,-1.1893255078828942,-95.6342262043176,4.214684851089404e-08,0.3002579497646728,2.3484155653218566,-11.383408948575246,0.36721316,0.38300517,0.2782047688961029,1,0,0,0,0,0,0,0,0,0,0,0,0,0
TX000350,AC00029,-0.0970606350911169,-0.2272202541769863,-3.011651168224275,-93.8160442592758,0.0,0.1597334256940658,1.2567062405298135,-8.64070070908136,0.22942188,0.18905288,0.23689082264900208,1,0,0,0,0,0,0,0,0,0,0,0,0,0
TX000351,AC00040,-0.1072174387198355,-0.2556202717638327,-3.631501911023444,-102.22468038788266,0.0,0.0615606960881275,1.8161856127424496,-9.384224582770976,0.1618521,0.17845613,0.2654499113559723,1,0,0,0,0,0,0,0,0,0,0,0,0,0
TX000352,AC00482,-0.0770173777593223,-0.2084004169586724,-2.9305140610598057,-94.77209068331275,0.0,0.1804929813920202,1.883599247104763,-7.916789120131423,0.23517823,0.21326135,0.2234325110912323,1,0,0,0,0,0,0,0,0,0,0,0,0,0
TX000353,AC00365,-0.0841775508788157,-0.2162230498996211,-2.9294246124658416,-97.41434102999544,5.960464477539064e-08,0.2235170906188378,1.9653635983464397,-14.114519773134656,0.22819294,0.36094078,0.4680662751197815,1,0,0,0,0,0,0,0,0,0,0,0,0,0
TX000354,AC00340,-0.1109642158432527,-0.200113902591364,-1.4747080207435497,-92.33428085380292,4.214684851089404e-08,0.2391076980555611,2.2580974519438097,-6.584800274410483,0.27924603,0.3157244,0.2782564163208008,1,0,0,0,0,0,0,0,0,0,0,0,0,0
TX000355,AC00349,-0.0996873109933602,-0.1789008384577235,-2.5761812015533296,-84.80684856396806,0.0,0.3309539681178759,1.7929658700890578,-4.791188227784794,0.19088802,0.362154,0.4610039293766022,1,0,0,0,0,0,0,0,0,0,0,0,0,0
TX000356,AC00374,-0.1232629708612925,-0.231494021169778,-4.840209133696969,-100.8532597956976,4.214684851089404e-08,0.2151604149944981,2.0196354720059766,-4.190692699082743,0.11729443,0.15029839,0.12874256074428558,1,0,0,0,0,0,0,0,0,0,0,0,0,0
TX000357,AC00261,-0.0725106737206722,-0.2246545847746743,-2.9434139760304765,-68.07230040291705,0.0,0.0250210848884025,2.5339366220554163,-3.271693801226764,0.09362193,0.1666465,0.790702223777771,1,0,0,0,0,0,0,0,0,0,0,0,0,0
TX000358,AC00459,-0.0322975911630607,-0.1580052574187143,-2.843020659705089,-94.51883226296458,0.0,0.3731189220228265,2.4926911640265965,-11.1955495610419,0.53329146,0.45685354,0.6862726211547852,1,0,0,0,0,0,0,0,0,0,0,0,0,0
TX000359,AC00331,-0.1103763708675246,-0.1995776092800876,-2.4954702127504307,-94.83179611194684,4.214684851089404e-08,0.2406534853266479,2.0458617820498493,-6.779621573018409,0.25562432,0.2574639,0.9486327767372131,1,0,0,0,0,0,0,0,0,0,0,0,0,0
TX000360,AC00165,-0.1160343676593951,-0.2422672777763352,-2.103284397776272,-31.03774062998208,0.0,0.0,1.713472011203034,-14.918989635104555,0.11729124,0.13131,0.3258031904697418,1,0,0,0,0,0,0,0,0,0,0,0,0,0
TX000361,AC00397,-0.0916284275953112,-0.2604794206179599,-4.353875124910721,-101.88966437641275,0.0,0.1533319549531943,1.3372521669931234,-14.675459938037893,0.13534154,0.16018379,0.22349640727043152,1,0,0,0,0,0,0,0,0,0,0,0,0,0
TX000362,AC00192,-0.0548619830325823,-0.1134079788178714,-2.474121569980942,-87.8956079951067,0.0,0.3681859029573156,2.297451707012653,-2.3757105157942204,0.24992985,0.30496278,0.3499402403831482,1,0,0,0,0,0,0,0,0,0,0,0,0,0
TX000363,AC00063,-0.0369162768862545,-0.1615295138082844,-0.5333042415117637,-89.98222003879206,0.0,0.292060745573816,2.27838130850792,-4.058255460093326,0.40131986,0.42090714,0.3630443513393402,1,0,0,0,0,0,0,0,0,0,0,0,0,0
TX000364,AC00478,-0.1170534674938744,-0.266217054050664,-4.630063256161358,-104.52654622693254,0.0,0.0,1.1363029442695598,-16.40354595065095,0.1817283,0.13271612,0.13422726094722748,1,0,0,0,0,0,0,0,0,0,0,0,0,0
TX000365,AC00272,-0.0763625087340829,-0.1242232331239696,-2.426643432959122,-91.80163912973222,0.0,0.3618710187112936,2.464332740292116,2.4325790257229003,0.2610041,0.3802222,0.5339227318763733,1,0,0,0,0,0,0,0,0,0,0,0,0,0
TX000366,AC00092,-0.0735285465297441,-0.2511195287010062,-3.403171628551497,-100.38516141847482,0.0,0.1584419606684008,1.4760335630965546,-13.535305120530335,0.22950411,0.24873894,0.27788859605789185,1,0,0,0,0,0,0,0,0,0,0,0,0,0
TX000367,AC00332,-0.0838245534615779,-0.1800859673122452,-1.983137343675508,-96.68560454768738,0.0,0.1768239852046425,2.028685577836336,-12.662722319599933,0.22669758,0.45452887,0.4134185016155243,1,0,0,0,0,0,0,0,0,0,0,0,0,0
TX000368,AC00087,-0.0889803935538879,-0.2309801600235188,-3.680731215257716,-100.5799800774559,0.0,0.1976410512083199,1.98361160396768,-14.466070719811876,0.2049846,0.20163924,0.17115838825702667,1,0,0,0,0,0,0,0,0,0,0,0,0,0
TX000369,AC00327,-0.0957182619080468,-0.2589901056105282,-3.620198316247676,-102.16153318137528,0.0,0.0374756350240421,1.5875832611046683,-13.55337226970723,0.14754686,0.13832834,0.1919497400522232,1,0,0,0,0,0,0,0,0,0,0,0,0,0
TX000370,AC00269,-0.0900870189057183,-0.2135850372908279,-2.2964735020078804,-98.38054023302168,0.0,0.2296866493719715,1.9663125907364447,-13.673583788164828,0.2246259,0.31683016,0.257843941450119,1,0,0,0,0,0,0,0,0,0,0,0,0,0
TX000371,AC00177,-0.0726046656593682,-0.2371084343038398,-3.701059297457776,-100.04619442902288,0.0,0.1724841966201477,1.918329946476536,-8.113920333776948,0.1872385,0.24509788,4.003389358520508,1,0,0,0,0,0,0,0,0,0,0,0,1,0
TX000372,AC00322,-0.0905542629287443,-0.2072734504615796,-2.798361691281335,-99.55556089717132,0.0,0.2784460983682813,2.2915027213777326,-14.464031044429786,0.44600263,0.33312476,0.37502551078796387,1,0,0,0,0,0,0,0,0,0,0,0,0,0
TX000373,AC00069,-0.0277651648755128,-0.0372952837289417,0.000305218371527,-83.82963144737644,5.960464477539064e-08,0.4390045221886918,2.9429178224827943,-1.8505294948970432,0.51913685,0.60367453,0.5864141583442688,1,0,0,0,1,0,0,0,0,0,0,0,0,0
TX000374,AC00264,-0.0655628138914883,-0.1412469442053274,-1.894978222825896,-94.12378503180524,0.0,0.3042920379797971,2.3769767574260627,-11.535039558318717,0.43095857,0.41440594,0.4841315448284149,1,0,0,0,0,0,0,0,0,0,0,0,0,0
TX000375,AC00014,-0.112734924129254,-0.211855076100786,-2.7683864519063084,-63.05368239512841,0.0,0.3576419491266057,1.938175001556253,-3.446163320212287,0.15288973,0.18816261,0.24855828285217285,1,0,0,0,0,0,0,0,0,0,0,0,0,0
TX000376,AC00316,-0.0034801816118252,-0.0334639878630915,-0.0005029058668997,-65.691795606022,5.960464477539064e-08,0.4754274548015478,2.919570361803264,6.361869456549286,0.64608574,0.67157495,0.7806813716888428,1,1,0,0,0,0,0,1,0,1,1,1,0,0
TX000377,AC00131,-0.094234391699393,-0.2054874112263984,-1.5624030509400797,-93.64141216593455,4.214684851089404e-08,0.1784308829714379,2.0217528584042306,-7.101028822602499,0.2753781,0.3141252,0.29170480370521545,1,0,0,0,0,0,0,0,0,0,0,0,0,0
TX000378,AC00232,-0.1273562335974399,-0.2472491084427651,-3.894079996442064,-101.82974009929694,2.9802322387695312e-08,0.0960026835887203,1.8582737965448803,-9.19219941344994,0.14459616,0.12844925,0.1393526941537857,1,0,0,0,0,0,0,0,0,0,0,0,0,0
TX000379,AC00410,-0.1121826958203442,-0.2590392507938872,-2.7313667884816395,-100.29566153689052,0.0,0.0626419862243147,1.5720959907920715,-14.455425287684928,0.17250687,0.23763731,0.264719694852829,1,0,0,0,0,0,0,0,0,0,0,0,0,0
TX000380,AC00488,-0.1100715880182641,-0.2208951755127792,-3.601511054887683,-86.39443017029241,0.0,0.2199122888133476,1.6429823357610776,-7.934334835051283,0.17827123,0.22630048,0.21435794234275818,1,0,0,0,0,0,0,0,0,0,0,0,0,0
TX000381,AC00329,-0.0637883418630358,-0.2324864068984125,-3.822138160266824,-95.86298353816974,4.214684851089404e-08,0.2502721640838979,1.718850539122067,-12.950881285420191,0.21753116,0.24687038,0.21578489243984222,1,0,0,0,0,0,0,0,0,0,0,0,0,0
TX000382,AC00021,-0.1052267260492724,-0.2487950949122216,-3.4897516551743086,-99.767895605775,0.0,0.1027999858694518,1.7059584165943866,-9.476408501658266,0.15465236,0.16956902,0.17201322317123413,1,0,0,0,0,0,0,0,0,0,0,0,0,0
TX000383,AC00188,-0.0499944680711016,-0.2138065826902508,-3.1899712698385168,-91.3434470584298,0.0,0.2020668427976897,1.7008573005599288,-6.989029327349527,0.2215892,0.23455821,0.24797017872333527,1,0,0,0,0,0,0,0,0,0,0,0,0,0
TX000384,AC00341,-0.078649600479198,-0.2167119304123388,-1.708613825611164,-98.36790258957612,0.0,0.2056207561522483,2.2999718880951967,-12.390268928016988,0.22645108,0.37558928,0.3491852283477783,1,0,0,0,0,0,0,0,0,0,0,0,0,0
TX000385,AC00090,-0.0720310128593026,-0.2294725125896219,-2.189540414765129,-99.29758001390466,0.0,0.1415595452309324,2.0054643151513143,-12.981128358984606,0.29428834,0.29636663,0.2791959047317505,1,0,0,0,0,0,0,0,0,0,0,0,0,0
TX000386,AC00456,-0.0624299127996132,-0.1433767324386423,-1.764827776803501,-93.02044804199572,0.0,0.354544614555795,2.3795191956137414,-13.037332300035386,0.31423485,0.49700153,0.6786403656005859,1,0,0,0,0,0,0,0,0,0,0,0,0,0
TX000387,AC00322,-0.1001892762045693,-0.1879385375810263,-2.9169140385431023,-98.50993517051946,0.0,0.1919040112291423,1.7141652719406466,-7.709728739619772,0.29063424,0.28934532,0.23076272010803223,1,0,0,0,0,0,0,0,0,0,0,0,0,0
TX000388,AC00135,-0.0484596759923537,0.0152075205121311,0.7549772016712941,-80.10266121281177,2.689711846022504,0.5306101076596159,3.319312867022482,0.4920354566369467,0.3028787,1.1415842,,0,1,0,1,1,0,1,1,1,0,0,1,0,0
TX000389,AC00279,-0.1117284152633661,-0.1967390256255303,-2.695731649362018,-85.46675949184453,4.214684851089404e-08,0.2820152315483215,2.1937340597413213,-6.681387142623988,0.22861677,0.34819162,0.3031409680843353,1,0,0,0,0,0,0,0,0,0,0,0,0,0
TX000390,AC00210,-0.0745034088992608,-0.2117995452792687,-2.1238760124910234,-95.4068828474124,4.214684851089404e-08,0.2006600601708368,2.461704215731829,-6.976954970717314,0.2510342,0.4303386,0.3220289945602417,1,0,0,0,0,0,0,0,0,0,0,0,0,0
TX000391,AC00251,-0.0650551313235829,-0.1531268667789584,0.0001116355925958,-42.914166928530136,0.0,0.4242946366873052,3.116008943520038,-10.68383668241936,0.38526884,0.39326438,0.41579750180244446,1,0,0,0,1,0,0,0,0,0,0,0,0,0
TX000392,AC00116,-0.0551019255095795,-0.229458090236885,-3.766658835810087,-97.25441423690675,0.0,0.2193713989593066,1.9070027564411764,-12.399437851963796,0.26765987,0.21219821,0.28269702196121216,1,0,0,0,0,0,0,0,0,0,0,0,0,0
TX000393,AC00131,-0.0941856361809928,-0.2341968579028102,-4.144750493351183,-100.03214207664016,0.0,0.1865560445830729,2.070061973462536,-8.111410131196957,0.2096298,0.21249922,0.291228324174881,1,0,0,0,0,0,0,0,0,0,0,0,0,0
TX000394,AC00265,-0.0332845739881979,-0.1571607200216704,-2.752859425339401,-95.28187020907514,0.0,0.3082670206707269,2.4355715701067764,-11.77724654179379,0.35713652,0.30899346,0.36191365122795105,1,0,0,0,0,0,0,0,0,0,0,0,0,0
TX000395,AC00326,0.0684125125550526,-0.1395613149557146,1.0624732143735771,54.019394004193785,3.40070799446404,0.5926735721482053,3.60849885759446,15.11490482381791,0.4610459,0.545186,2.7782766819000244,1,1,1,0,1,1,1,1,1,1,0,0,1,0
TX000396,AC00411,-0.1216305718865796,-0.2066993007159692,-2.692555850779324,-92.8861205517309,0.0,0.236329947411602,1.9579862884605437,-5.910650930642248,0.20840475,0.32139826,0.2407904714345932,1,0,0,0,0,0,0,0,0,0,0,0,0,0
TX000397,AC00039,-0.1134841328834075,-0.2471744680081055,-3.758725186768911,-100.23094481702476,0.0,0.1156931345959103,1.7750805988712823,-8.898613066785884,0.20446229,0.1998135,0.4685312807559967,1,0,0,0,0,0,0,0,0,0,0,0,0,0
TX000398,AC00293,-0.0363480875312344,-0.0657435925121279,-0.2536933159351209,-91.22338139222266,5.960464477539064e-08,0.4109959422752922,2.8466783188260374,-8.607816698564736,0.41845912,0.542847,0.47394996881484985,1,0,0,0,0,0,0,0,0,0,0,0,0,0
TX000399,AC00306,-0.0842434423829076,-0.2337594289950177,-3.686368041626918,-96.60849456678451,0.0,0.1533287556449802,1.6718097670620438,-7.649857193859867,0.16120605,0.18369253,0.23154030740261078,1,0,0,0,0,0,0,0,0,0,0,0,0,0
TX000400,AC00285,-0.0758334509378217,-0.249224285682967,-1.6538882274910849,133.67557594906094,0.0,0.0,2.218107996077181,-13.575560452641012,0.1101698,0.09696922,1.5559096336364746,1,0,0,0,0,1,0,0,0,0,0,0,1,0
TX000401,AC00145,-0.010449952299541,-0.06868428784142,0.3125928991029649,-3.2559293989705083,3.7454907091107215,0.615852836446752,3.829865072997488,0.5938042005727469,0.32890713,1.7188687,1.4417446851730347,1,0,0,0,1,0,1,1,1,0,0,1,0,0
TX000402,AC00128,-0.0707403279681583,-0.1809928146743795,-2.22003357442663,-91.92474058545402,0.0,0.2755963334461612,2.3302071148965102,-5.610433339495505,0.2903548,0.3836187,1.552860140800476,1,0,0,0,0,0,0,0,0,0,0,0,1,0
TX000403,AC00292,-0.0840746774268811,-0.204336318604283,-1.983723420405922,-95.15728400449076,0.0,0.2748977773693961,2.0080682964370244,-6.076792103027046,0.31241596,0.27974054,0.3163186013698578,1,0,0,0,0,0,0,0,0,0,0,0,0,0
TX000404,AC00020,-0.1175537565824941,-0.2303610759347425,-3.487280446775732,-72.07563229593491,0.0,0.3184894359516912,1.69245417908965,-3.3649384377131413,0.12995204,0.3024748,0.5484620928764343,1,0,0,0,0,0,0,0,0,0,0,0,0,0
TX000405,AC00229,-0.0773244717376486,-0.2241536504430672,-2.7762823088749764,-99.20150136577696,0.0,0.1336539013633803,1.9503338778509784,-13.264159787944264,0.318823,0.29837382,0.2823127508163452,1,0,0,0,0,0,0,0,0,0,0,0,0,0
TX000406,AC00053,-0.1042260487023832,-0.2515196047905197,-2.9372395437877854,-99.9422339113312,0.0,0.0,1.5951716212416742,-8.526713404015922,0.15589228,0.22036953,0.20146791636943817,1,0,0,0,0,0,0,0,0,0,0,0,0,0
TX000407,AC00401,-0.1337494789417166,-0.260673102999529,-3.3346424956235543,-101.02869583999146,0.0,0.0,1.4151394367514265,-10.18743920082444,0.120438494,0.18214233,0.23996774852275848,1,0,0,0,0,0,0,0,0,0,0,0,0,0
TX000408,AC00208,-0.144742276931599,-0.2450751662609617,-4.546348185137785,-97.93929420621537,0.0,0.1332500174698797,1.5320854791991807,-10.15727685989749,0.13895069,0.21230826,1.067899227142334,1,0,0,0,0,0,0,0,0,0,0,0,0,0
TX000409,AC00177,-0.0710473105807175,-0.2260589031747659,-2.738906662543221,-97.4624426059838,0.0,0.1146458195649542,1.742523210271407,-12.431809959090948,0.27277815,0.3098861,6.310738563537598,1,0,0,0,0,0,0,0,0,0,0,0,1,0
TX000410,AC00136,-0.0261487781400238,0.0872068148883205,0.2962361127144772,-80.52606542165049,5.960464477539064e-08,0.4931108635950053,3.275246267965997,1.4016608594692723,0.7451451,0.72881603,0.7281976938247681,1,2,0,1,1,0,0,1,1,0,1,1,0,1
TX000411,AC00029,-0.0671564888197785,-0.2187366113001456,-2.8265933882897647,-90.62098784662231,0.0,0.2821047731366246,1.646466940390568,-6.126121065820424,0.18653667,0.36055553,0.354568749666214,1,0,0,0,0,0,0,0,0,0,0,0,0,0
TX000412,AC00210,-0.0790157161126089,-0.1443744717038819,-2.442726619006957,-92.84946564688396,0.0,0.35651924536745,2.2338090239479587,-5.440634028543956,0.30677137,0.5055692,0.4515109658241272,1,0,0,0,0,0,0,0,0,0,0,0,0,0
TX000413,AC00421,-0.0233693029185507,-0.0962308991323412,-0.552471952520202,-87.00420090607376,0.0,0.4041204294339849,2.794179687042241,-8.744006076095674,0.43867344,0.42669466,0.403434157371521,1,0,0,0,0,0,0,0,0,0,0,0,0,0
TX000414,AC00400,-0.129982875077224,-0.2696386232617449,-4.347682692799215,-102.8330744562906,0.0,0.0097819247502668,1.1328302919304187,-17.294256328645847,0.13682273,0.1389696,0.2133873999118805,1,0,0,0,0,0,0,0,0,0,0,0,0,0
TX000415,AC00495,0.0050765414619479,-0.1970032967638046,0.7193692073130658,32.82323918082791,2.5145618354893715,0.5379023357516776,3.0355533442936977,10.538773713813445,0.42173538,0.39484692,3.351623058319092,1,1,1,0,1,1,0,1,0,1,0,0,1,0
TX000416,AC00301,-0.0488581070694575,-0.1611445667255884,-1.856796408478064,-93.89689856704877,0.0,0.2921304666663781,2.186529670975883,-10.725541683639213,0.3712157,0.3747916,0.3726435601711273,1,0,0,0,0,0,0,0,0,0,0,0,0,0
TX000417,AC00434,-0.0930784973301438,-0.2478861661297343,-2.8767218152619547,-98.11402494023498,0.0,0.1107438758465838,1.747313001980468,-8.072586165847937,0.22389476,0.20597646,0.2501032054424286,1,0,0,0,0,0,0,0,0,0,0,0,0,0
TX000418,AC00274,-0.0511877774575594,-0.1257898550906961,-0.8385190848433375,-84.73980197169006,5.960464477539064e-08,0.3888186667215917,2.241515509441202,0.5819790522401943,0.45057344,0.5461526,0.5789355635643005,1,0,0,0,0,0,0,0,0,0,0,0,0,0
TX000419,AC00365,-0.0771899017105022,-0.139297966029388,-1.1341200845943795,-93.79915750438664,0.0,0.303455300128167,2.479825574998612,-10.419104488616956,0.38485882,0.47631523,0.4912649691104889,1,0,0,0,0,0,0,0,0,0,0,0,0,0
TX000420,AC00480,-0.1029618462291236,-0.2207773277721476,-3.1379393291138387,-100.23234926110082,0.0,0.2366738962326183,1.8996649326559785,-8.881059878867367,0.22327866,0.23444587,0.11462417244911194,1,0,0,0,0,0,0,0,0,0,0,0,0,0
TX000421,AC00318,-8.527878336228589e-05,-0.0711389351899998,-1.3116526595978852,-69.8561408086913,0.0,0.3938861250243929,2.5218422203277604,-1.8595255133256936,0.37729064,0.44331136,0.4300324618816376,1,0,0,0,0,0,0,0,0,0,0,0,0,0
TX000422,AC00235,-0.0691162706510883,-0.2024582738328701,-2.782790237673056,-92.13564736601704,5.960464477539064e-08,0.2285540561116089,2.120121240003972,-5.744594203528292,0.29731485,0.31924888,0.32869410514831543,1,0,0,0,0,0,0,0,0,0,0,0,0,0
TX000423,AC00333,-0.1004033151385746,-0.2327456630107012,-3.166465160180146,-97.1916269148494,0.0,0.2225805170845701,1.7736425590992346,-8.779723553675147,0.17182748,0.34878767,0.21622280776500702,1,0,0,0,0,0,0,0,0,0,0,0,0,0
TX000424,AC00262,-0.0148304138539476,-0.2312008709963404,-1.5481164178547049,-23.945591958213583,0.0,0.3777143088051357,2.224145934700981,-0.1554738998820837,0.18291366,0.19649209,0.27417266368865967,1,0,0,0,0,0,0,0,0,0,0,0,0,0
TX000425,AC00267,-0.078953769215635,-0.2439122814953627,-2.818682707465213,-98.50922772823128,0.0,0.1892768501701961,2.126105497140281,-7.287910704607009,0.25245178,0.26867723,0.2013431191444397,1,0,0,0,0,0,0,0,0,0,0,0,0,0
TX000426,AC00490,-0.0674846802057151,-0.0540795309040638,-0.8778819293120836,-71.65583372372818,0.0,0.470779540312053,3.154303178697793,1.4773453703309638,0.52529013,0.48578432,0.45144122838974,1,0,0,0,0,0,0,1,0,0,0,0,0,0
TX000427,AC00229,-0.1138437143739248,-0.2548419403919988,-3.130542641142923,-100.75723932260404,0.0,0.0244524695960192,1.7233891409031443,-14.610459496259844,0.13381535,0.22812046,0.23982805013656616,1,0,0,0,0,0,0,0,0,0,0,0,0,0
TX000428,AC00196,-0.0580767523384651,-0.162362664034263,-1.8676443156066496,-94.60642329108812,0.0,0.2403507383756829,2.2478573520688365,-11.600289410296178,0.3534752,0.3755108,0.36357346177101135,1,0,0,0,0,0,0,0,0,0,0,0,0,0
TX000429,AC00182,-0.0355210324404918,-0.1558468476461896,0.0001590856355635,4.6489836734384085,2.224856124748444,0.5013993541683616,2.865558849862789,6.395203825553495,0.40444338,0.44774517,0.6080369353294373,1,0,0,0,1,1,0,1,0,1,0,0,0,0
TX000430,AC00357,-0.108306139418861,-0.2246253434009224,-3.278577962324536,-93.17138766468643,0.0,0.2360148664818151,2.1490956896223525,-7.596934947223447,0.2379103,0.2719335,0.25925371050834656,1,0,0,0,0,0,0,0,0,0,0,0,0,0
TX000431,AC00443,-0.0804875098285992,-0.2372930624597553,-3.1271421910277803,-99.48790008939348,0.0,0.0325246534564702,1.9221367091098909,-7.860941118088592,0.19192055,0.19843432,0.1663782298564911,1,0,0,0,0,0,0,0,0,0,0,0,0,0
TX000432,AC00499,-0.0481504070558721,-0.1953411304770786,-2.526445934192121,-95.44132171383733,0.0,0.2687519090833539,2.376014548560845,-11.791818916038943,0.26277712,0.25002232,0.3599458634853363,1,0,0,0,0,0,0,0,0,0,0,0,0,0
TX000433,AC00285,-0.1040775435055526,-0.1966754488980071,-5.170069477739346,-96.78381829735,4.214684851089404e-08,0.2361181228917934,2.2496054278172144,-0.4382692409912428,0.18757664,0.16484338,0.25756579637527466,1,0,0,0,0,0,0,0,0,0,0,0,0,0
TX000434,AC00475,-0.1058156192279168,-0.1988214399934751,-3.7311318038245593,-99.8729134641524,0.0,0.2398614756000543,1.7975922995105027,-14.302184116417276,0.24282366,0.2564441,0.2513734996318817,1,0,0,0,0,0,0,0,0,0,0,0,0,0
TX000435,AC00217,-0.120511881340339,-0.257695261435098,-3.68883033009178,-103.80692172610696,0.0,0.0,1.603910606005108,-9.937203209764698,0.11513623,0.16644937,0.6703989505767822,1,0,0,0,0,0,0,0,0,0,0,0,0,0
TX000436,AC00452,-0.039616688367152,-0.2204394063689794,-2.7977560473623315,-97.77855228444182,0.0,0.2123504722228739,1.6556396938370057,-11.777262970966987,0.2574805,0.26040453,0.30699703097343445,1,0,0,0,0,0,0,0,0,0,0,0,0,0
TX000437,AC00357,-0.1164803023923768,-0.2544647992482232,-4.008593767677355,-103.42300799411082,0.0,0.1052185785723645,1.5298159535487583,-9.513430536073882,0.11001281,0.17395084,0.21500666439533234,1,0,0,0,0,0,0,0,0,0,0,0,0,0
TX000438,AC00080,-0.1236175964556114,-0.2454678864342987,-4.4419785338135,-99.1940683724891,2.9802322387695312e-08,0.0946770653841054,1.6165155187353095,-9.35671154535963,0.15338455,0.16006844,0.15551409125328064,1,0,0,0,0,0,0,0,0,0,0,0,0,0
TX000439,AC00493,-0.0793983849141856,-0.1743901446860172,-2.448353379445316,-92.80319326642837,0.0,0.2728626930713602,2.281508316172766,-7.0747346879292206,0.25676906,0.35024595,0.3446478843688965,1,0,0,0,0,0,0,0,0,0,0,0,0,0
TX000440,AC00420,-0.0656605962386289,-0.2238897860388895,-4.10889368410716,-98.75567896164642,0.0,0.1575225339988036,1.5847472439357309,-13.125243224816716,0.16331281,0.2062146,0.17812597751617432,1,0,0,0,0,0,0,0,0,0,0,0,0,0
TX000441,AC00040,0.0165439266684052,-0.002056289103882,-0.3609592040101779,-64.72392547847379,0.0,0.4418966797352363,2.6600442443733274,5.723781328195163,0.4233411,0.686485,0.9652819037437439,1,1,1,0,0,0,0,0,0,1,0,1,0,0
TX000442,AC00351,-0.0596640341495405,-0.0208067976558277,-0.6594003223689526,-86.31545786831217,0.0,0.4296735656672663,2.4595461975484407,-2.719440421041806,0.53319085,0.5624746,,0,0,0,0,0,0,0,0,0,0,0,0,0,0
TX000443,AC00070,-0.0949567210159954,-0.2512293824844303,-3.8967322500535753,-101.1409473909377,0.0,0.0552420875226931,1.6204767583296171,-14.16202243162317,0.19063228,0.19738548,0.17602741718292236,1,0,0,0,0,0,0,0,0,0,0,0,0,0
TX000444,AC00273,-0.0520746355281149,-0.1749860528793332,-1.0484533242364975,-79.04859480591026,0.0,0.3587807696124159,2.269960762449326,-11.056284582521045,0.30873904,0.27277046,0.43143320083618164,1,0,0,0,0,0,0,0,0,0,0,0,0,0
TX000445,AC00280,-0.1258348892835336,-0.2583776799436309,-3.744967456387696,-100.30553018148656,2.9802322387695312e-08,0.1001111570230725,1.7505526846761066,-9.728001436343137,0.13637532,0.14363624,0.14117330312728882,1,0,0,0,0,0,0,0,0,0,0,0,0,0
TX000446,AC00480,-0.0118099851160741,-0.1431359560711422,-1.1825654466253814,-86.63626753012153,0.0,0.3753839470858235,2.7345010460813137,-8.778791119835725,0.40779272,0.41779846,0.31536489725112915,1,0,0,0,0,0,0,0,0,0,0,0,0,0
TX000447,AC00122,-0.0700731946283191,-0.1671709695952294,-1.783497635935702,-89.58955696193452,4.214684851089404e-08,0.3213865307195637,2.209663311840906,-5.9965296438521785,0.34387013,0.33043355,0.4754370152950287,1,0,0,0,0,0,0,0,0,0,0,0,0,0
TX000448,AC00072,-0.0911144307060054,-0.2175050819930148,-1.5004825360866765,-97.73141709328996,0.0,0.2016403158210253,1.9544656393977484,-14.82422663360639,0.306796,0.41108745,0.4490799307823181,1,0,0,0,0,0,0,0,0,0,0,0,0,0
TX000449,AC00093,-0.0865748620103815,-0.1597780439212506,-0.8323522355099362,-89.57839064712536,5.960464477539064e-08,0.3421888787972708,2.714372162709117,-5.220737452262516,0.39546964,0.4606535,1.4045443534851074,1,0,0,0,0,0,0,0,0,0,0,0,0,0
TX000450,AC00407,-0.0039797852402357,0.0665773825390352,1.68251810115276,492.6848368197107,4.738931355198133,0.6077288165219024,7.067535797388194,-6.102322391303495,0.35441303,0.47406754,1.6888787746429443,1,1,0,1,1,1,1,1,1,0,0,0,1,0
TX000451,AC00495,0.0002622028577459,0.0931383364622646,2.370698506443161,584.9004039454225,4.517568111230104,0.6158205441409241,7.683376437468809,-3.4132140824263417,0.50240546,0.2824322,2.1437413692474365,1,2,1,1,1,1,1,1,1,0,0,0,1,1
TX000452,AC00119,-0.1189047903594128,-0.259833921039759,-4.251674120157715,-100.28625784837789,0.0,0.0739048050792629,1.381026984332056,-10.164928347432138,0.1104893,0.123463646,0.13474871218204498,1,0,0,0,0,0,0,0,0,0,0,0,0,0
TX000453,AC00271,-0.0901514112133119,-0.240504093165315,-3.478366301144937,-100.66859796761835,0.0,0.1639527543126429,1.7877931525487794,-14.903995238369909,0.2597164,0.24080712,0.25130337476730347,1,0,0,0,0,0,0,0,0,0,0,0,0,0
TX000454,AC00235,-0.1013976123317418,-0.268300465356852,-4.01714447588262,-103.16114372110268,0.0,0.0769457654710119,1.35379681946875,-14.81437474699471,0.118094355,0.14708363,0.11710899323225021,1,0,0,0,0,0,0,0,0,0,0,0,0,0
TX000455,AC00264,-0.0137402342252447,0.005232041016203,0.998201317967708,-4.535558386856309,4.418085523777761,0.665313970717797,4.230396682553026,0.9970039111940124,0.2121751,1.5445333,2.00423526763916,1,1,0,1,1,0,1,1,1,0,0,1,1,0
TX000456,AC00307,-0.1081116733292402,-0.1962969058288894,-1.2665718130014598,-96.74128191854182,0.0,0.2331792493339267,2.219591445573556,-7.91464422903767,0.26548564,0.40446344,0.376816064119339,1,0,0,0,0,0,0,0,0,0,0,0,0,0
TX000457,AC00434,-0.1042142452282146,-0.2396881948278335,-3.070253547954789,-100.29939650487266,4.214684851089404e-08,0.1357909567314482,1.7811417283442514,-13.95627460799723,0.16389391,0.26209435,0.2666856050491333,1,0,0,0,0,0,0,0,0,0,0,0,0,0
TX000458,AC00290,-0.0896499410747894,-0.22534583859997,-2.5706228419234654,-98.9622162259503,0.0,0.1347241726864917,1.9173214613948264,-8.040013457359393,0.2133112,0.22631142,0.31626075506210327,1,0,0,0,0,0,0,0,0,0,0,0,0,0
TX000459,AC00021,-0.0229347677048611,-0.128361739867868,-3.080927345250907,-94.13764742897932,0.0,0.2902198155879961,2.3200686115874043,-10.01733004814126,0.33186683,0.32999003,0.3609732985496521,1,0,0,0,0,0,0,0,0,0,0,0,0,0
TX000460,AC00499,-0.0641028433417701,-0.1826376813303363,-1.8011614068268704,-94.8437914570152,0.0,0.325760275024792,2.239875403923464,-10.418988093095102,0.31030717,0.4798789,0.4531654715538025,1,0,0,0,0,0,0,0,0,0,0,0,0,0
TX000461,AC00148,-0.0548592214057735,-0.1778243874979503,-1.6631662636661426,-93.31436159565575,4.214684851089404e-08,0.2854494709380935,1.9734360060537488,-11.327874018245309,0.34633115,0.33458552,0.3459450602531433,1,0,0,0,0,0,0,0,0,0,0,0,0,0
TX000462,AC00200,-0.0784351457621765,-0.166864008406945,-2.512333910407027,-94.72256383108052,0.0,0.3045145998387508,2.400685714547248,-5.395853581434056,0.22250316,0.30560657,0.27154114842414856,1,0,0,0,0,0,0,0,0,0,0,0,0,0
TX000463,AC00074,-0.0763173293757635,-0.230749455724067,-2.2867007124968497,-97.3094181653226,0.0,0.199606915446847,2.2743779141948965,-13.822814696383942,0.28427765,0.39365458,0.3355698585510254,1,0,0,0,0,0,0,0,0,0,0,0,0,0
TX000464,AC00417,0.0268458980019697,-0.242392525626365,0.1865757617768979,28.21123725540592,1.6241818002748627,0.5209287908118373,2.710982060680609,0.8261986740478525,0.29060793,0.414704,2.5245766639709473,1,1,1,0,1,1,0,1,0,0,0,0,1,0
TX000465,AC00182,-0.0769292736346218,-0.1855980728262991,-3.5576706259220794,-99.33201760514608,0.0,0.3244288226270398,2.342316156084705,-13.124478610468376,0.37136734,0.32590848,0.4214649796485901,1,0,0,0,0,0,0,0,0,0,0,0,0,0
TX000466,AC00177,-0.0896052674047543,-0.2031658518169057,-0.6702081492116241,-47.038580011169714,0.0,0.4219734260600683,3.043100734186489,-11.105274911175425,0.33387887,0.35882863,2.6014885902404785,1,0,0,0,0,0,0,0,0,0,0,0,1,0
TX000467,AC00063,-0.0482276157340603,-0.1340228577729334,-0.0004035435973355,-61.13655156722575,2.795479249298477,0.5568126770543886,3.345392048051276,1.699823777636898,0.3938096,0.47341353,0.9415185451507568,1,0,0,0,0,0,1,1,1,0,0,0,0,0
TX000468,AC00300,-0.0735062784614226,-0.1811836000158273,-1.405133682343371,-94.1864701647074,0.0,0.2920727666371984,2.311222708154077,-14.296212365805092,0.2614269,0.4908903,0.48392254114151,1,0,0,0,0,0,0,0,0,0,0,0,0,0
TX000469,AC00218,-0.153243318704882,-0.2650569623040606,-4.546877535212516,-100.80685966555978,0.0,0.0780984829609442,1.173848457541289,-10.784644982625926,0.092840016,0.11683014,0.10741020739078522,1,0,0,0,0,0,0,0,0,0,0,0,0,0
TX000470,AC00036,-0.0683897032001798,-0.2350170154794861,-2.630050398780644,-94.07705165442393,0.0,0.2625882580699451,1.7657366747877778,-7.475204991067606,0.20710064,0.21145783,0.2091311365365982,1,0,0,0,0,0,0,0,0,0,0,0,0,0
TX000471,AC00371,-0.0251904245467904,-0.1049451110521335,-0.2706767667791965,-84.68034039354148,0.0,0.2809638021592508,2.5779628636121066,-8.183014741272924,0.50121486,0.5125044,,0,0,0,0,0,0,0,0,0,0,0,0,0,0
TX000472,AC00398,-0.0805499600678881,-0.1906533516076483,-2.713268381682433,-95.46869807476703,4.214684851089404e-08,0.2480448905267945,2.347771891142071,-11.901637918583091,0.3397313,0.3360021,0.8280531167984009,1,0,0,0,0,0,0,0,0,0,0,0,0,0
TX000473,AC00213,-0.0759384808111421,-0.20512267367834,-1.1428674961304948,-9.004889316197847,0.0,0.4345658138293063,2.506610476626801,-0.2287162209915478,0.1832606,0.2866983,0.379393994808197,1,0,0,0,0,0,0,0,0,0,0,0,0,0
TX000474,AC00464,-0.034992106685219,-0.1773034488227669,-2.4805613928114534,-93.10439067279847,0.0,0.30618880184176,2.2958592180722266,-10.232911699058503,0.2947496,0.3125981,0.2940981090068817,1,0,0,0,0,0,0,0,0,0,0,0,0,0
TX000475,AC00219,-0.0227859600768682,-0.1313586195362939,-1.9043205430190708,-88.0640679361719,5.960464477539064e-08,0.3574058486995243,2.596539423701213,-9.544458380304675,0.30268896,0.3495579,0.3619910180568695,1,0,0,0,0,0,0,0,0,0,0,0,0,0
TX000476,AC00464,0.0009970508929528,-0.220223718471433,-0.3949977817619228,15.713044712100569,0.0,0.432148496331836,2.062164731213768,0.0447306431087484,0.238566,0.2444801,1.9544187784194946,1,1,1,0,0,1,0,0,0,0,0,0,1,0
TX000477,AC00442,0.0042597017697127,0.2139952272998033,-0.1752682499679743,-73.75146468977286,2.617691823402429,0.5538435679959207,3.545532863348556,13.298198159476245,0.5151117,0.54984576,0.5793731212615967,1,2,1,1,0,0,0,1,1,1,0,0,0,1
TX000478,AC00054,-0.0316313579369721,-0.1346953124737835,-1.379789238294344,-86.79332493057265,0.0,0.4079708384068745,2.4420424805911902,-8.259379640860478,0.23554945,0.59217167,0.6782535314559937,1,0,0,0,0,0,0,0,0,0,0,0,0,0
TX000479,AC00392,-0.0427190279519698,-0.0841043721090379,0.0318952286917717,-89.73878802990144,5.960464477539064e-08,0.3926214914652042,2.9297125483071667,-8.783097761347378,0.4916296,0.49257073,0.4876102805137634,1,0,0,0,1,0,0,0,0,0,0,0,0,0
TX000480,AC00350,-0.0062244096858264,-0.076288476552117,-0.9945223719669452,-88.42683751931844,0.0,0.3628081842835294,2.4723897320631534,-7.991276794726322,0.36683974,0.59596837,,0,0,0,0,0,0,0,0,0,0,0,0,0,0
TX000481,AC00306,-0.0961240541811852,-0.2442715580030858,-1.9990427969554585,-90.25746187941228,0.0,0.2299189574283019,2.0200027526452837,-13.042102297132928,0.20189421,0.24035014,0.2803081274032593,1,0,0,0,0,0,0,0,0,0,0,0,0,0
TX000482,AC00229,-0.0602710268691012,-0.2304368806968597,-3.4228900092894934,-100.2076991345309,4.214684851089404e-08,0.0339926744737721,1.5388570533381023,-13.03141035472966,0.18462202,0.33598626,0.24788668751716614,1,0,0,0,0,0,0,0,0,0,0,0,0,0
TX000483,AC00148,-0.1323391318451153,-0.2549111179003125,-2.8283579577670404,-100.14080927445904,0.0,0.0720164499178957,1.585966560685056,-9.010521693258134,0.1812139,0.20416673,0.29414230585098267,1,0,0,0,0,0,0,0,0,0,0,0,0,0
TX000484,AC00305,-0.0632946469871595,-0.2051077611570748,-2.306222795925737,-96.51268116954456,0.0,0.2160821767908417,2.302209311851836,-11.812803311020824,0.2612946,0.27921975,0.31087473034858704,1,0,0,0,0,0,0,0,0,0,0,0,0,0
TX000485,AC00329,-0.1006287563183523,-0.2253321631623839,-4.640093109530402,-100.2936783765038,4.214684851089404e-08,0.0647366837289927,1.8336784308619605,-13.81630663888826,0.21519552,0.19121702,0.2190532237291336,1,0,0,0,0,0,0,0,0,0,0,0,0,0
TX000486,AC00400,-0.0644442874642912,0.0233987250990441,0.5160654431942753,-82.39126675293643,1.7163895854402178,0.4938085975282545,2.9849060295377905,-0.7908837094441519,0.2441695,1.0934479,1.0923161506652832,1,1,0,1,1,0,0,1,0,0,0,1,0,0
TX000487,AC00148,-0.0006521377973898,-0.0547533141621907,-1.5578933347844923,-69.65857601513733,0.0,0.4819522555369206,2.9854066200442086,0.8000039009653337,0.5180322,0.49194744,0.45311784744262695,1,0,0,0,0,0,0,1,0,0,0,0,0,0
TX000488,AC00128,-0.0856431890507094,-0.2005566925104358,-1.0256765046858902,45.258816849206895,1.1920928955078125e-07,0.4183301004795822,2.1916806655892795,-11.25297088030334,0.24316886,0.2750989,0.4384087920188904,1,0,0,0,0,1,0,0,0,0,0,0,0,0
TX000489,AC00463,-0.1218099669868871,-0.2481434529373721,-3.951386345920459,-100.62728177002556,0.0,0.1416124965573109,1.8715952907459283,-9.066397746890022,0.17629975,0.21929665,0.17878299951553345,1,0,0,0,0,0,0,0,0,0,0,0,0,0
TX000490,AC00256,-0.0884946256655621,-0.1960742625943592,-2.6542528479957186,-98.06277780720131,0.0,0.1991426271701112,2.037763933789835,-13.480286261270246,0.23223175,0.24762736,0.46567535400390625,1,0,0,0,0,0,0,0,0,0,0,0,0,0
TX000491,AC00166,-0.0743865208348721,-0.1370656010140449,-0.8899542535963869,-80.12685197576229,0.0,0.3247926718593905,2.2688161323418274,-3.472164909841431,0.50514007,0.49936336,0.5467185378074646,1,0,0,0,0,0,0,0,0,0,0,0,0,0
TX000492,AC00318,-0.0155095806106472,-0.2434432210634831,-0.5475970654216749,35.92010154895648,1.1920928955078125e-07,0.0,2.4916982891233284,-0.8029323441647265,0.17066413,0.2085058,2.3164918422698975,1,0,0,0,0,1,0,0,0,0,0,0,1,0
TX000493,AC00213,-0.1051491929952619,-0.2674796661007455,-4.190170021221607,-102.63909007301336,0.0,0.0,1.1455540313103676,-17.248588235398202,0.17353839,0.1877268,0.15804779529571533,1,0,0,0,0,0,0,0,0,0,0,0,0,0
TX000494,AC00075,-0.0773941383541276,-0.2141260270680076,-3.1721660094320034,-98.16831854388276,4.214684851089404e-08,0.1663025460576849,1.8347144217473084,-11.88939257809728,0.2628435,0.2620176,0.25618287920951843,1,0,0,0,0,0,0,0,0,0,0,0,0,0
TX000495,AC00498,-0.0853973900633192,-0.2113161252445001,-2.1263941067622403,-95.49563291815028,0.0,0.174296109329091,2.1401562993394143,-1.4000479921030795,0.24114959,0.37191978,0.8441655039787292,1,0,0,0,0,0,0,0,0,0,0,0,0,0
TX000496,AC00039,-0.0858046207824589,-0.2512229008033535,-1.361190941209066,-24.09514155743267,0.0,0.0,1.91509907954377,-12.94885195504091,0.14850505,0.19503228,0.1470363438129425,1,0,0,0,0,0,0,0,0,0,0,0,0,0
TX000497,AC00114,-0.0592482931770032,-0.2169079326872947,-2.6876685314307744,-94.9327531112499,0.0,0.1459188304712989,1.9971046144196596,-6.552545796769321,0.24006134,0.24272858,0.275520920753479,1,0,0,0,0,0,0,0,0,0,0,0,0,0
TX000498,AC00326,-0.0285104647643308,-0.1854464778370987,-2.782609536603597,-97.2862502423703,0.0,0.1569050389560695,1.7607266570013604,-11.60781983881999,0.2690163,0.31603196,0.2638965845108032,1,0,0,0,0,0,0,0,0,0,0,0,0,0
TX000499,AC00450,-0.0694194151358248,-0.1837380624780606,-2.9005722302542525,-95.46019427979137,0.0,0.2805291161641528,2.1521737507986027,-12.308961136475055,0.21376485,0.24754746,0.25137823820114136,1,0,0,0,0,0,0,0,0,0,0,0,0,0
TX000500,AC00325,-0.1332739350482883,-0.2537333845595169,-4.2273612004557615,-98.89166082641178,0.0,0.0,1.4701571592849596,-10.162739052663294,0.12651639,0.13641629,0.164077490568161,1,0,0,0,0,0,0,0,0,0,0,0,0,0
TX000501,AC00433,-0.0663781123886532,-0.0179384449600574,0.3508253218227217,-82.57112207270738,0.0,0.4591143835799852,3.065893964531932,-0.1495692468568122,0.24858485,1.1147809,1.0748639106750488,1,0,0,0,1,0,0,0,0,0,0,1,0,0
TX000502,AC00284,-0.1026951036526719,-0.2539631020900461,-3.0584502737335866,-99.10205221120042,0.0,0.0,1.9132044755376567,-8.93613189568436,0.19443727,0.19614181,0.7722712159156799,1,0,0,0,0,0,0,0,0,0,0,0,0,0
TX000503,AC00103,-0.0842634407188363,-0.233470460946721,-4.054079362732955,-100.1885587787928,0.0,0.1955187958908806,1.8429521295131692,-13.35868516145396,0.24176084,0.27132273,0.21193839609622955,1,0,0,0,0,0,0,0,0,0,0,0,0,0
TX000504,AC00080,-0.1339621372729676,-0.28000193086212,-4.055198061119167,-104.967635732226,2.1073424255447017e-08,0.0,1.127138545390303,-11.131971291033288,0.09126988,0.11003264,0.10797208547592163,1,0,0,0,0,0,0,0,0,0,0,0,0,0
TX000505,AC00052,-0.012817925675297,-0.0976906473370664,-0.3044929271081971,-63.40204947318004,0.0,0.4183751811700151,2.742939079330011,-0.8376987396414595,0.4942037,0.5827593,0.5207762122154236,1,0,0,0,0,0,0,0,0,0,0,0,0,0
TX000506,AC00095,-0.0479776644323529,-0.0992808210700715,-0.7610532944981321,-80.42669053214357,0.0,0.4368991682185634,3.378996761893171,-0.8208276412543877,0.5778888,0.603651,0.5662117600440979,1,1,0,0,0,0,0,0,1,0,1,0,0,0
TX000507,AC00327,-0.0911843869404929,-0.1772945344824807,-4.267859640728124,-99.34363551815002,0.0,0.2329913459460753,2.31502334070716,-1.6839881333337543,0.2347656,0.20488484,0.26724252104759216,1,0,0,0,0,0,0,0,0,0,0,0,0,0
TX000508,AC00491,-0.0292200932434152,0.0849698516451067,0.3860351736383185,-81.53597084225322,0.0,0.4910275223214059,3.148261059822967,-5.461867526210715,0.49227545,0.7902286,,0,1,0,1,1,0,0,1,0,0,0,1,0,0
TX000509,AC00353,0.026577350100633,-0.1946450317106125,0.5392961197759343,35.91740377672265,2.413894578136861,0.5510514922474501,3.187122618535763,6.24086247204829,0.36763293,0.929506,2.6576051712036133,1,1,1,0,1,1,0,1,0,1,0,1,1,0
TX000510,AC00266,-0.102874870914956,-0.2029173393306715,-2.672344948207068,-97.75488410405045,4.214684851089404e-08,0.2073495108589152,2.175030571561337,-13.12895730042047,0.21696506,0.29197857,0.2862228453159332,1,0,0,0,0,0,0,0,0,0,0,0,0,0
TX000511,AC00167,-0.119410363512124,-0.2612176144949161,-2.9741851052061383,-93.15575638743346,0.0,0.0664509759607627,1.4546062777406594,-15.026438041403038,0.131921,0.16185078,0.19212706387043,1,0,0,0,0,0,0,0,0,0,0,0,0,0
TX000512,AC00153,0.0368114315787063,-0.1396575396013555,-0.0002015497972118,235.82593416733133,2.39531478735933,0.5305764357081877,3.919017957190719,2.804043055239014,0.23140603,0.24678715,0.9036716818809509,1,1,1,0,0,1,0,1,1,0,0,0,0,0
TX000513,AC00012,-0.0331160020529209,0.1015256394638142,1.196257887787718,-68.1114266123885,2.755121356547463,0.5770799932036966,3.6655714679892912,3.4973553465937286,0.3761654,1.4445032,1.255582571029663,1,1,0,1,1,0,1,1,1,0,0,1,0,0
TX000514,AC00469,-0.0598411464455412,-0.0842087998660152,-0.9423616114566392,-92.80209804019444,0.0,0.362304379338821,2.5588249946923645,-4.89655542241657,0.33722112,0.46249253,,0,0,0,0,0,0,0,0,0,0,0,0,0,0
TX000515,AC00127,-0.0811434949107999,-0.1840715584430541,-3.1019757090011693,-94.69101377896412,0.0,0.3233123859674152,2.5614951938375987,-2.106592053769432,0.2512968,0.25333685,,0,0,0,0,0,0,0,0,0,0,0,0,0,0
TX000516,AC00480,-0.030709649848236,-0.0863439820325038,-2.047570497607059,-86.25975932895443,5.960464477539064e-08,0.4305604738207602,2.917484480833933,-2.1490171763443926,0.40839112,0.44285685,0.4633798599243164,1,0,0,0,0,0,0,0,0,0,0,0,0,0
TX000517,AC00092,-0.0447098819692394,-0.1559256060722982,-1.4888175454293815,-92.81320944009258,0.0,0.2641269577404303,2.4411059577359664,-10.009280785161016,0.29113552,0.39989862,0.3824400305747986,1,0,0,0,0,0,0,0,0,0,0,0,0,0
TX000518,AC00122,-0.0980928560693056,-0.2412498302493397,-2.9820933703149963,-82.77664477853799,0.0,0.2702634150151634,1.7229604468193351,-13.72103053859196,0.14166813,0.14267531,0.17962095141410828,1,0,0,0,0,0,0,0,0,0,0,0,0,0
TX000519,AC00067,-0.1128516101441279,-0.2098313617057381,-1.6902460983263508,-96.27400958832018,0.0,0.1689731122414296,2.1955013262230976,-7.58750227065816,0.21726818,0.35314977,0.6043720245361328,1,0,0,0,0,0,0,0,0,0,0,0,0,0
TX000520,AC00014,-0.1008474869567558,-0.2117215090921906,-2.309044698881798,-93.70872823260105,4.214684851089404e-08,0.2342356514276253,2.1710395382377814,-6.3742453517498285,0.27328074,0.31118366,0.25162985920906067,1,0,0,0,0,0,0,0,0,0,0,0,0,0
TX000521,AC00098,-0.1095784619169642,-0.2621314637643175,-4.121394667770729,-101.96051070995806,0.0,0.1290165309373652,1.413715897123952,-9.673024462340832,0.14836617,0.16044094,0.16906042397022247,1,0,0,0,0,0,0,0,0,0,0,0,0,0
TX000522,AC00345,-0.0843523197000599,-0.1901052377425167,-0.7093701612945011,-94.30978613337923,0.0,0.2379933962698339,2.156743307607378,-6.062248900638382,0.3484254,0.38683054,0.346774697303772,1,0,0,0,0,0,0,0,0,0,0,0,0,0
TX000523,AC00360,-0.085898934732244,-0.1526316320347944,-2.627883524312389,-95.41311252573388,4.214684851089404e-08,0.3370522444626697,2.506690329191265,-0.4027461258816278,0.32062244,0.28657216,0.3399851322174072,1,0,0,0,0,0,0,0,0,0,0,0,0,0
TX000524,AC00043,-0.0994139879137857,-0.2441189945577322,-3.6059468531333456,-101.9044336297101,0.0,0.1271671685522948,1.5286876553314588,-14.550918350099463,0.15519606,0.25030893,0.21947237849235535,1,0,0,0,0,0,0,0,0,0,0,0,0,0
TX000525,AC00295,-0.0641796822209608,-0.1525281930816231,-1.4277167709521654,-86.98348565535623,0.0,0.4055654872276669,2.033289376287149,-8.780903823180227,0.4740181,0.48384672,0.5221148729324341,1,0,0,0,0,0,0,0,0,0,0,0,0,0
TX000526,AC00313,-0.0343894394708155,-0.1331248028393763,0.0474741623490064,59.01618445395816,2.1098375052240104,0.5386126868481292,2.825665553974308,-10.48020581255592,0.30142912,0.40666252,0.5422806739807129,1,0,0,0,1,1,0,1,0,0,0,0,0,0
TX000527,AC00173,-0.117162385416296,-0.2632810650825483,-3.416841494189506,-103.25078436996245,0.0,0.0,1.480954834190047,-9.743301392916724,0.122598186,0.24814913,0.18720246851444244,1,0,0,0,0,0,0,0,0,0,0,0,0,0
TX000528,AC00364,-0.0872656619983777,-0.197498430081159,-1.7076635345864242,-97.77911323980872,0.0,0.2172652232635864,2.170579145425692,-13.071925939141272,0.30416706,0.32168272,,0,0,0,0,0,0,0,0,0,0,0,0,0,0
TX000529,AC00339,-0.077405929036995,-0.2198601218757181,-3.1859222819918798,-96.99049624203026,0.0,0.2211701594302226,2.2893167051041026,-7.945429698525218,0.23526303,0.23964208,0.22681225836277008,1,0,0,0,0,0,0,0,0,0,0,0,0,0
TX000530,AC00265,0.028675898696056,-0.1839818687628922,-0.7288792004944717,-35.99075671304726,0.0,0.4580527501772631,2.9050307982022403,3.284393345398682,0.2464727,0.33462456,0.47312217950820923,1,1,1,0,0,0,0,0,0,0,0,0,0,0
TX000531,AC00369,-0.1245777048465329,-0.2540109503021326,-3.534876360814056,-100.04114256329048,0.0,0.0467381359723245,1.4392954437955334,-15.295690916012616,0.10497561,0.099618636,0.16121461987495422,1,0,0,0,0,0,0,0,0,0,0,0,0,0
TX000532,AC00033,-0.0916661464178814,-0.2484076784834735,-3.5553425054306134,-100.76110503208773,0.0,0.0,1.541917860091615,-15.894832913411497,0.22424068,0.2509061,0.2816309630870819,1,0,0,0,0,0,0,0,0,0,0,0,0,0
TX000533,AC00077,-0.0342126293094752,0.0497303838348506,-2.194984246914312,-87.58828139749345,0.0,0.488558162290084,2.691901777455188,5.933043181757936,0.39885017,0.6281109,0.5708730220794678,1,1,0,1,0,0,0,1,0,1,0,0,0,0
TX000534,AC00437,-0.0915402395515102,-0.226886763873644,-2.7988893206131378,-97.39242485914312,0.0,0.2874925918987492,2.1751608505405864,-12.111765873959868,0.21483651,0.19850282,0.3213249146938324,1,0,0,0,0,0,0,0,0,0,0,0,0,0
TX000535,AC00152,-0.1117399866800254,-0.0801550947882525,-3.1724007268798635,-80.06304733289872,4.214684851089404e-08,0.4088883971152899,2.411483008909635,-0.8628393706957525,0.29226196,0.29164413,0.363436222076416,1,0,0,0,0,0,0,0,0,0,0,0,0,0
TX000536,AC00161,-0.0321221227111216,-0.1225546613644861,-0.3584612619859557,-72.92731398035144,0.0,0.3569743999194663,2.4665774188505374,2.339385764188408,0.37660924,0.42184404,0.3621053397655487,1,0,0,0,0,0,0,0,0,0,0,0,0,0
TX000537,AC00125,-0.0345955902449068,-0.1649870456254301,-1.7246177375286011,-94.70925975857487,5.960464477539064e-08,0.2933037042214382,2.141968912475994,-10.77923095242024,0.3044475,0.30059564,0.3039572536945343,1,0,0,0,0,0,0,0,0,0,0,0,0,0
TX000538,AC00311,-0.1114613216994093,-0.2490165756755716,-3.320963717645673,-101.92211367791796,0.0,0.0804575414619221,1.30936139888009,-15.066599741460088,0.1602821,0.22137849,0.22534269094467163,1,0,0,0,0,0,0,0,0,0,0,0,0,0
TX000539,AC00183,-0.1017394145243688,-0.2391656025009767,-3.9425942673907697,-101.0209215477211,0.0,0.1925649236115053,1.6120219143207914,-8.49621068133541,0.1357544,0.2639655,0.2588616907596588,1,0,0,0,0,0,0,0,0,0,0,0,0,0
TX000540,AC00407,-0.1040789658358145,-0.2467928144299059,-3.3070937017031765,-99.95414068385048,0.0,0.1680182483720362,1.578679271767215,-8.902058933728014,0.16911064,0.1983555,0.4403846561908722,1,0,0,0,0,0,0,0,0,0,0,0,0,0
TX000541,AC00093,-0.0759137725793627,-0.2708125871149963,-1.3132240558196395,45.642006524044135,0.0,0.3440312305045367,1.5758055606303083,-12.370360552745131,0.17042619,0.19698161,0.2138206958770752,1,0,0,0,0,1,0,0,0,0,0,0,0,0
TX000542,AC00314,-0.0557096980745803,-0.2017102394486407,-3.101177112618786,-94.4149088100438,0.0,0.2865094268394743,2.2204679480371774,-7.09961373552537,0.23888844,0.2538931,0.234169140458107,1,0,0,0,0,0,0,0,0,0,0,0,0,0
TX000543,AC00467,-0.0505050058226868,-0.2245671161542275,-2.373153203512428,-95.31566281536615,5.960464477539064e-08,0.2035303373786635,2.182946811259116,-6.466964422500306,0.27965912,0.28826246,0.2312707155942917,1,0,0,0,0,0,0,0,0,0,0,0,0,0
TX000544,AC00316,-0.0445033805658203,-0.2237594815516106,-1.9481994075474125,-6.649108210051011,0.0,0.404241608697687,2.1086066347151418,-0.5923117193164241,0.13665392,0.16354595,0.2308131903409958,1,0,0,0,0,0,0,0,0,0,0,0,0,0
TX000545,AC00145,-0.1019398336584187,-0.2165637846803427,-2.736116760313762,-86.2676632890105,0.0,0.3165355632793984,1.769255729928376,-2.2260760568244344,0.16433696,0.17103966,0.1391591727733612,1,0,0,0,0,0,0,0,0,0,0,0,0,0
TX000546,AC00045,-0.0183134346188021,-0.1973123901530842,-2.4532092080163936,-75.80336444117779,0.0,0.3417170395123891,2.038593420461141,-11.645883749511576,0.24316692,0.26002088,0.35870105028152466,1,0,0,0,0,0,0,0,0,0,0,0,0,0
TX000547,AC00005,-0.1084025130543624,-0.2179681125596364,-3.515881785477704,-94.76331755071789,0.0,0.2352762443108375,1.693150061075669,-7.784696378033737,0.27304167,0.30132434,0.39425650238990784,1,0,0,0,0,0,0,0,0,0,0,0,0,0
TX000548,AC00456,-4.033746674059202e-05,-0.2172415258816569,3.070288781792385e-05,-27.14212735913817,2.416260182799609,0.5518724862813866,2.568931042347719,4.0579539850805,0.37673923,0.39432898,2.2930896282196045,1,0,0,0,1,0,0,1,0,0,0,0,1,0
TX000549,AC00041,-0.0377965534118641,-0.141586712207888,-0.0929172316356234,-19.123212851363704,1.1920928955078125e-07,0.4162991316474106,2.877825826815794,-10.496918582130691,0.33158904,0.34523976,0.3984217345714569,1,0,0,0,0,0,0,0,0,0,0,0,0,0
TX000550,AC00257,-0.0597995519688741,-0.1471159514057378,-0.9518150639920462,-89.51704827089324,0.0,0.3384599147401267,2.599144678244657,-5.05326856052666,0.40739703,0.40468216,0.3014751672744751,1,0,0,0,0,0,0,0,0,0,0,0,0,0
TX000551,AC00356,-0.0917944066153937,-0.2450068251069646,-3.514802923945717,-99.85518546817448,0.0,0.1395956369080003,1.602258458467907,-15.77790445529263,0.23982403,0.21921211,0.20125144720077515,1,0,0,0,0,0,0,0,0,0,0,0,0,0
TX000552,AC00465,-0.0430727606291029,-0.2452122109040411,-1.1475627613044486,-24.67984011495216,2.145286880704563,0.4962821261024749,2.1899646534595534,0.4743282837752871,0.19672443,0.24916567,1.6688268184661865,1,0,0,0,0,0,0,1,0,0,0,0,1,0
TX000553,AC00158,-0.1051701645594694,-0.238265412353922,-3.369286817837291,-99.52399420158854,0.0,0.1904142228132884,1.4301896673311254,-8.905992949741442,0.12876269,0.30673987,0.3122369349002838,1,0,0,0,0,0,0,0,0,0,0,0,0,0
TX000554,AC00086,-0.1218530413507744,-0.2290098969101115,-4.147807052246146,-97.27117091962155,0.0,0.2025618923405225,1.4686160577768457,-7.835378483362152,0.16845106,0.24452502,0.2528745234012604,1,0,0,0,0,0,0,0,0,0,0,0,0,0
TX000555,AC00322,-0.1148559862301537,-0.2198745449373593,-3.73299577267037,-97.00164799856068,0.0,0.1046029674949465,1.92912417358759,-8.999357764702921,0.1533516,0.17305803,0.18827109038829803,1,0,0,0,0,0,0,0,0,0,0,0,0,0
TX000556,AC00433,-0.0022455498292224,-0.1748798197152801,-0.6066539608486297,-56.11230872530738,0.0,0.3681974759817845,2.653879445712686,1.9526443727154104,0.30013865,0.30909765,0.4734443426132202,1,0,0,0,0,0,0,0,0,0,0,0,0,0
TX000557,AC00083,-0.0317162393816424,-0.0851113898404511,-0.9596560459584538,-77.62018421335927,0.0,0.4332746144891167,2.4337935857378183,-1.9626164015775447,0.4669376,0.53076535,0.5866223573684692,1,0,0,0,0,0,0,0,0,0,0,0,0,0
TX000558,AC00402,-0.124085379692359,-0.2382412793745194,-3.704810002651621,-95.07014559721812,0.0,0.172823433233346,1.7853009052608286,-6.894345681752346,0.1590851,0.18079413,0.16455797851085663,1,0,0,0,0,0,0,0,0,0,0,0,0,0
TX000559,AC00317,-0.1071923310675498,-0.2338583550472555,-3.608378935590117,-99.69564142593578,0.0,0.098679089331771,1.7616152074943765,-8.166198842569933,0.19245611,0.18549751,0.21329639852046967,1,0,0,0,0,0,0,0,0,0,0,0,0,0
TX000560,AC00030,-0.0154013868965184,-0.1386388706714514,-1.2104973404937498,-87.91918551473286,0.0,0.3949886711558153,2.478387872010825,-10.613115549867228,0.3373011,0.34688026,0.5921053886413574,1,0,0,0,0,0,0,0,0,0,0,0,0,0
TX000561,AC00114,0.0117131673360432,-0.048410792792523,-0.0001850414375121,-87.28518034080213,0.0,0.420674360964665,3.000650695439573,-7.500275921078403,0.49137464,0.56481975,0.582453191280365,1,1,1,0,0,0,0,0,0,0,0,0,0,0
TX000562,AC00301,-0.1023042880078545,-0.1961079597228892,-2.276117757252256,-91.65613808573708,0.0,0.2128771768256609,1.754967954399565,-6.022337886326328,0.14210851,0.4788571,0.40626898407936096,1,0,0,0,0,0,0,0,0,0,0,0,0,0
TX000563,AC00216,-0.0969517411370964,-0.2226794968202687,-2.486103520312376,-94.49147300177304,4.214684851089404e-08,0.1932867083173469,2.313364309485275,-6.743618252702522,0.26367494,0.3235789,0.34365928173065186,1,0,0,0,0,0,0,0,0,0,0,0,0,0
TX000564,AC00223,-0.0653594141495328,-0.1576726919935465,-0.7714356949052767,-90.82950851051812,5.960464477539064e-08,0.353381281144658,2.31638035894162,-4.874384672440379,0.39929625,0.4131649,,0,0,0,0,0,0,0,0,0,0,0,0,0,0
TX000565,AC00413,-0.0344880694810443,-0.1331528772267245,-0.9330215037606592,-26.066959775809806,2.317468277343444,0.4887959164479363,2.798469796347674,-0.40861359572594,0.22879799,0.30093578,0.2868618667125702,1,0,0,0,0,0,0,1,0,0,0,0,0,0
TX000566,AC00086,-0.0224128388352016,-0.1254559001650259,-2.1987800379370706,-92.01959752265256,0.0,0.36169125491388,2.4396618299315964,-5.980304141948742,0.26410177,0.52095604,0.6575359106063843,1,0,0,0,0,0,0,0,0,0,0,0,0,0
TX000567,AC00216,-0.1233799763783858,-0.2042266468831732,-2.716295510594768,-76.02055014367592,0.0,0.336128725417444,2.033382122336173,-2.6301115417175924,0.1713931,0.25381,0.24987228214740753,1,0,0,0,0,0,0,0,0,0,0,0,0,0
TX000568,AC00240,-0.0232424381666448,-0.0421694470150499,-0.9500200344832512,-93.69542499360615,0.0,0.3638473002733439,2.3692305512341423,-9.229212814314332,0.41882634,0.44376448,,0,0,0,0,0,0,0,0,0,0,0,0,0,0
TX000569,AC00298,-0.0432241500180132,-0.1253822581948784,-1.212122851239612,-92.89984913088982,0.0,0.3113527440694147,2.508828996888448,-10.259710033086932,0.2958684,0.42287564,0.4389597773551941,1,0,0,0,0,0,0,0,0,0,0,0,0,0
TX000570,AC00460,-0.0477273878647916,-0.1880942970750512,-0.7826428399419196,-94.71422239793154,0.0,0.2957773597885437,2.6282408126961982,-10.456211257822224,0.43089408,0.44371736,0.24572637677192688,1,0,0,0,0,0,0,0,0,0,0,0,0,0
TX000571,AC00424,-0.0838230285602795,-0.219294926449072,-3.2785697667276894,-95.89783824747136,0.0,0.181191571753907,1.7871584589999323,-8.063346834274062,0.23926347,0.22987911,0.24980905652046204,1,0,0,0,0,0,0,0,0,0,0,0,0,0
TX000572,AC00434,-0.0400469248234337,-0.0580702250664462,-8.06042392822448e-05,-87.54215126350489,0.0,0.3926167850187511,2.931375052937504,-11.092143159271306,0.6238138,0.70526403,0.6457623839378357,1,1,0,0,0,0,0,0,0,0,1,1,0,0
TX000573,AC00471,-0.0626857935080792,-0.1861619984514038,-2.6954452055946776,-96.222192343467,0.0,0.1815214775426308,2.222335792202708,-6.989233103697636,0.23459527,0.28610966,0.2760511338710785,1,0,0,0,0,0,0,0,0,0,0,0,0,0
TX000574,AC00461,-0.067706416554151,-0.2043422721337917,-2.480141917799007,-95.74408193708508,4.214684851089404e-08,0.2238102101236669,2.342248466259976,-11.470975861444922,0.28712332,0.30709258,0.24729299545288086,1,0,0,0,0,0,0,0,0,0,0,0,0,0
TX000575,AC00188,-0.0526108212232528,-0.1460633822582078,-1.9239422495014145,-91.88131933426492,0.0,0.3435717425379888,1.9840653528955885,-4.256814359447328,0.31841063,0.39699695,0.3897784352302551,1,0,0,0,0,0,0,0,0,0,0,0,0,0
TX000576,AC00013,-0.0995432210216452,-0.2549061941006827,-3.8612070245618986,-102.6247491251608,0.0,0.0216144688465193,1.5957810263000831,-15.526163607335898,0.16514973,0.17780188,0.1549186110496521,1,0,0,0,0,0,0,0,0,0,0,0,0,0
TX000577,AC00345,-0.0851743497357504,-0.0563755833730947,-0.8360986888917212,-75.24436999760587,0.0,0.407047918976917,2.854005239798861,-2.050693875355421,0.4052192,0.5440636,0.4808623492717743,1,0,0,0,0,0,0,0,0,0,0,0,0,0
TX000578,AC00013,-0.1304214838017645,-0.2661884287348763,-4.664870986953086,-96.70606445665184,0.0,0.0946770653841054,1.5549689158857918,-9.811486466006007,0.10756154,0.12967297,0.09334757179021835,1,0,0,0,0,0,0,0,0,0,0,0,0,0
TX000579,AC00296,-0.0931942771890147,-0.2271784154467824,-3.030030796190865,-97.82153522853456,0.0,0.2490878718194071,2.1299392248334432,-15.064684666990363,0.31035024,0.31622759,0.40685945749282837,1,0,0,0,0,0,0,0,0,0,0,0,0,0
TX000580,AC00192,-0.0743972289590561,-0.2038375977958981,-1.892632814616916,-97.17334892784136,0.0,0.2234758650764995,2.3021589576431984,-13.050331655455675,0.28994906,0.3411702,0.2670959234237671,1,0,0,0,0,0,0,0,0,0,0,0,0,0
TX000581,AC00378,-0.0859047812846958,-0.153714032602982,-1.8980875679997176,-94.51767372613836,0.0,0.3143133224822428,2.4902208574094,-3.083688413568232,0.28603813,0.39686072,0.44823476672172546,1,0,0,0,0,0,0,0,0,0,0,0,0,0
TX000582,AC00205,-0.0329198984104767,-0.0674381421813521,-1.532836048185275,-83.23777941506192,0.0,0.3862647064294154,2.4131048324137585,-2.1513570456704065,0.30860212,0.5174607,0.4468364715576172,1,0,0,0,0,0,0,0,0,0,0,0,0,0
TX000583,AC00475,-0.1073401973725858,-0.2494630655146937,-4.008940671985775,-102.54093748329626,0.0,0.139639776842563,1.870712500724504,-14.938025505680518,0.13245323,0.113026485,0.2593417167663574,1,0,0,0,0,0,0,0,0,0,0,0,0,0
TX000584,AC00022,-0.0510868031845088,-0.1927073184267433,-2.1566382739394845,-95.2166855916418,0.0,0.2547695613983204,2.234834641173295,-11.858440958216562,0.2814404,0.22772749,0.3276102542877197,1,0,0,0,0,0,0,0,0,0,0,0,0,0
TX000585,AC00150,-0.0477743504224917,-0.1751345966152591,-3.9141330491699486,-73.51030678429615,0.0,0.3265417617608485,2.140778678609081,-3.583828390479365,0.26616332,0.25089836,0.24678945541381836,1,0,0,0,0,0,0,0,0,0,0,0,0,0
TX000586,AC00362,-0.0647286274938968,-0.1181893125333664,-1.1293181052060088,-85.15561966393159,0.0,0.417023303855486,2.809934110387051,-4.122807874832971,0.43518034,0.53533256,0.36108511686325073,1,0,0,0,0,0,0,0,0,0,0,0,0,0
TX000587,AC00170,-0.0939529107184438,-0.2306737002816499,-4.5111065493299725,-101.4288516832962,0.0,0.1222535320491939,2.007296897990936,-14.099922665399871,0.16816628,0.21597497,0.18197637796401978,1,0,0,0,0,0,0,0,0,0,0,0,0,0
TX000588,AC00429,-0.0620709024015628,-0.2007342168451751,-1.167507806258425,-86.172098543247,0.0,0.3181606608871392,2.331685053334102,-4.314953482439449,0.33120885,0.3201776,0.3419955372810364,1,0,0,0,0,0,0,0,0,0,0,0,0,0
TX000589,AC00418,0.0306412851196522,0.0364712509397027,1.932836720473976,-5.076140800126851,3.608885498450646,0.6802751690661879,4.045675776553477,14.943228739617602,0.8440696,0.89369965,1.9846878051757812,1,3,1,1,1,0,1,1,1,1,1,1,1,1
TX000590,AC00144,-0.0917245037833029,-0.1723755606480224,-2.2126161649033422,-98.20881380420218,0.0,0.3253553082900704,2.4286926672236584,-12.931501357813676,0.2374025,0.31469858,0.2885720133781433,1,0,0,0,0,0,0,0,0,0,0,0,0,0
TX000591,AC00449,-0.0582974802482855,-0.1356823255293917,-0.6528250529065618,-81.23460933999617,0.0,0.4010051703675897,2.3826548047396194,-4.008653978558617,0.42045522,0.43732437,0.49170318245887756,1,0,0,0,0,0,0,0,0,0,0,0,0,0
TX000592,AC00057,-0.0346968517404763,-0.0942934051664228,-0.7321721738914686,-91.3183926042532,0.0,0.3806546488991721,2.535898298650613,-9.633835450520944,0.39871693,0.4233026,0.4421551823616028,1,0,0,0,0,0,0,0,0,0,0,0,0,0
TX000593,AC00426,-0.0815482194068048,-0.2377626822596312,-3.502891120114385,-99.85742615877857,0.0,0.2519835281181616,1.7343022129496246,-15.253903989726856,0.23755108,0.22576295,0.22525760531425476,1,0,0,0,0,0,0,0,0,0,0,0,0,0
TX000594,AC00039,-0.0160097717808445,0.2438281338546633,-0.0004331814099982,-46.86071499450146,3.340238052106048,0.6365459178365653,4.1524874006058745,3.0568428810438197,0.43544132,0.959718,0.9917472004890442,1,1,0,1,0,0,1,1,1,0,0,1,0,0
TX000595,AC00051,-0.0397213863531382,-0.2504309819886541,-1.1532882048062811,-29.701394803762525,8.429369702178808e-08,0.0137573487724976,2.34556145402808,6.022127626214999,0.2105029,0.317448,1.57161545753479,1,0,0,0,0,0,0,0,0,1,0,0,1,0
TX000596,AC00471,-0.1006559687338258,-0.1958771224859163,-2.910436996382661,-98.13285078385448,0.0,0.2355596193605353,1.7558125031997291,-8.288979057869724,0.24554658,0.28540432,0.421523779630661,1,0,0,0,0,0,0,0,0,0,0,0,0,0
TX000597,AC00039,-0.065690158008778,-0.1324493100210004,-1.844980025924975,-96.07758649879916,0.0,0.3163654153357522,2.306238704490373,-3.184817606219269,0.28970447,0.3747894,0.33464086055755615,1,0,0,0,0,0,0,0,0,0,0,0,0,0
TX000598,AC00274,-0.099138792719639,-0.0772331982354128,-1.1856042721721982,-86.07794748990284,0.0,0.3668537461746113,2.936049137826237,-4.447259864847971,0.49675757,0.5058309,0.5172836184501648,1,0,0,0,0,0,0,0,0,0,0,0,0,0
TX000599,AC00095,-0.054736887596568,-0.2124630525648749,-3.4946075481376253,-99.1421770466698,0.0,0.1825667296403847,1.8460634366358355,-11.490032184367358,0.20929255,0.25379437,0.25789588689804077,1,0,0,0,0,0,0,0,0,0,0,0,0,0
TX000600,AC00211,-0.0997116859064188,-0.240465338140416,-2.684176515160142,-98.99912331869632,0.0,0.063357978592615,1.6346051780133326,-13.596682349673868,0.22203448,0.2208803,0.1746302992105484,1,0,0,0,0,0,0,0,0,0,0,0,0,0
TX000601,AC00184,-0.1126257830919919,-0.2575284664557127,-3.726195987794776,-100.3051824730523,0.0,0.1220433209004802,2.0590860979080747,-8.82204434218343,0.16642925,0.17187873,0.1496276557445526,1,0,0,0,0,0,0,0,0,0,0,0,0,0
TX000602,AC00436,-0.1101772619090643,-0.2263194827107819,-2.629899479137204,-95.70895536964952,0.0,0.1605201291096422,1.7612174317470954,-7.828394247116563,0.19135284,0.2872331,0.26952439546585083,1,0,0,0,0,0,0,0,0,0,0,0,0,0
TX000603,AC00107,-0.1354066221967207,-0.2300335809309455,-3.819796794243083,-76.95561140562347,5.960464477539064e-08,0.3021715374299276,1.483972916749337,-4.417798157482371,0.14713223,0.14904736,0.07859000563621521,1,0,0,0,0,0,0,0,0,0,0,0,0,0
TX000604,AC00203,-0.087909777184941,-0.2256401295877019,-1.6832616303607386,-81.32698338970168,0.0,0.2337336093498703,2.0902692976555413,-13.052140128400918,0.18840355,0.2070665,0.20155422389507294,1,0,0,0,0,0,0,0,0,0,0,0,0,0
TX000605,AC00398,-0.1029465222691434,-0.2541098152126083,-4.82133369185478,-103.60940244929964,0.0,0.0,1.411018382916271,-15.358244981438,0.14453459,0.15437646,2.262006998062134,1,0,0,0,0,0,0,0,0,0,0,0,1,0
TX000606,AC00312,0.0001377877994035,0.0274812971137359,-0.1356389006017231,-79.75053210677692,0.0,0.4066567623095339,2.89196278241192,-5.842883329991998,0.57593656,0.5554521,0.6074146628379822,1,3,1,1,0,0,0,0,0,0,1,0,0,1
TX000607,AC00225,-0.0632217135739416,-0.206223531723158,-1.1169001027156948,-93.22134715300234,0.0,0.2363880949701762,2.36638820173084,-12.366297212071292,0.3794814,0.4014448,0.30948176980018616,1,0,0,0,0,0,0,0,0,0,0,0,0,0
TX000608,AC00150,0.0179972788983977,-0.2350664371078783,-0.2286349262816713,-27.06826481302663,2.3493798558368333,0.5271680347848544,2.464008420974396,5.229279985454893,0.32671517,0.35684612,1.5800385475158691,1,1,1,0,0,0,0,1,0,1,0,0,1,0
TX000609,AC00413,-0.0944036460891871,-0.1917952127675626,-1.7533747383017184,-94.46581354912291,0.0,0.3000678428382277,2.061586707575524,-5.946914118962403,0.2845265,0.3264345,0.42693477869033813,1,0,0,0,0,0,0,0,0,0,0,0,0,0
TX000610,AC00479,-0.1301579064862256,-0.2225038573949815,-3.233554142412173,-93.24953820413194,0.0,0.1872517750407926,1.5465455651243345,-7.82444820660148,0.24936904,0.26114178,0.2590741813182831,1,0,0,0,0,0,0,0,0,0,0,0,0,0
TX000611,AC00078,-0.0628862787590537,-0.2378518070549542,-3.3953531579202485,-98.87666674112415,0.0,0.1500368779079832,1.5222504732513549,-12.978732746024264,0.17589635,0.20592415,0.20816905796527863,1,0,0,0,0,0,0,0,0,0,0,0,0,0
TX000612,AC00242,-0.0884822733375477,-0.2414518604466005,-3.8221961921545846,-98.72531364066036,0.0,0.0,1.9107751050120017,-8.823321706351805,0.1708792,0.20375295,0.38939642906188965,1,0,0,0,0,0,0,0,0,0,0,0,0,0
TX000613,AC00149,-0.101395954395612,-0.2479972811861269,-3.727542309319854,-97.15284552417592,0.0,0.1012576138771805,1.6945525125680967,-8.063612265943712,0.17883284,0.16473982,0.27041229605674744,1,0,0,0,0,0,0,0,0,0,0,0,0,0
TX000614,AC00084,-0.0087682517542382,-0.0151244456158032,-0.0004628115930023,-73.36469233734562,0.0,0.4278393765572931,2.9075760204541683,-5.915714906227961,0.5180353,0.60655856,,0,0,0,0,0,0,0,0,0,0,0,0,0,0
TX000615,AC00466,0.0706601755716743,-0.1284888858585713,0.2803971154098041,112.0907095993823,2.1441201811520383,0.531736337340775,3.2202178616268062,5.968128522006706,0.32488716,0.40015638,0.4697297513484955,1,1,1,0,1,1,0,1,1,1,0,0,0,0
TX000616,AC00359,-0.0690456087301881,-0.2177436724742605,-2.3927485886369864,-97.21517666309384,4.214684851089404e-08,0.1807593181772761,2.0886209192213334,-6.53787589122563,0.25987852,0.24734105,0.2446073740720749,1,0,0,0,0,0,0,0,0,0,0,0,0,0
TX000617,AC00023,-0.0836569116083637,-0.24277657639464,-4.608914055965314,-96.21026371813798,0.0,0.2208566956453753,1.6216306481260212,-6.878547437920553,0.139645,0.12596661,0.1593182384967804,1,0,0,0,0,0,0,0,0,0,0,0,0,0
TX000618,AC00366,-0.0791480204187281,-0.1331511240703264,-1.3420718558121072,-89.41871561725893,0.0,0.3701612446796559,2.0819452241065397,-4.628143298373101,0.45116907,0.48358753,0.47587287425994873,1,0,0,0,0,0,0,0,0,0,0,0,0,0
TX000619,AC00170,-0.1284604901683939,-0.2736154208520204,-4.959148576961447,-103.39873667920558,0.0,0.0,1.2278805379486433,-15.85215764514738,0.09113094,0.1171859,0.09226088225841522,1,0,0,0,0,0,0,0,0,0,0,0,0,0
TX000620,AC00130,-0.0520749054993174,0.1276166956609226,0.0001952457955782,-82.08689357011781,0.0,0.492815354845987,3.1520685238296906,1.503536682959567,0.41978425,0.489436,0.6037771701812744,1,1,0,1,1,0,0,1,0,0,0,0,0,0
TX000621,AC00183,-0.0868393265162757,-0.2487876137498929,-3.5448680331873854,-99.07789764692956,0.0,0.1676429285740286,1.6794367342321046,-13.170698063697296,0.17589124,0.17135254,0.16840055584907532,1,0,0,0,0,0,0,0,0,0,0,0,0,0
TX000622,AC00219,-0.0686607736031439,-0.2110938122376979,-3.1332573438058384,-99.09132431083304,0.0,0.1851427068029667,2.042024900076441,-12.991735640808551,0.30957243,0.30064443,0.28062963485717773,1,0,0,0,0,0,0,0,0,0,0,0,0,0
TX000623,AC00354,-0.0041219424203366,-0.143904497668529,-1.6999894046851454,-69.45040773043755,0.0,0.3681142706154241,2.527288646213827,7.137373251678253,0.42450574,0.4013937,0.3848913908004761,1,0,0,0,0,0,0,0,0,1,0,0,0,0
TX000624,AC00290,-0.0265123265523293,-0.1933439079528622,-1.3364290834445134,-59.83613233701936,8.429369702178808e-08,0.3829002555310983,2.6175920846367062,-12.425000451097429,0.29613784,0.29619235,0.42861440777778625,1,0,0,0,0,0,0,0,0,0,0,0,0,0
TX000625,AC00425,-0.090274763302573,-0.1937314220554067,-1.9100290882327495,-95.66681525690814,4.214684851089404e-08,0.1528578281384248,1.9640110897250809,-5.469361963837682,0.2758692,0.2855657,0.2889934480190277,1,0,0,0,0,0,0,0,0,0,0,0,0,0
TX000626,AC00370,-0.0001097454948055,-0.005504051202116,-0.2745629267046823,-89.13825194507119,0.0,0.3560132372947174,2.6754968029324497,-6.2819199702253465,0.45686328,0.5990567,0.5968867540359497,1,0,0,0,0,0,0,0,0,0,0,0,0,0
TX000627,AC00454,-0.0394886861084068,-0.136114347874992,-0.4222747180879089,-2.936440836613997,1.556620624346987,0.513271673814549,2.6236074436189987,-11.312266928181916,0.3129684,0.3490706,0.5908452272415161,1,0,0,0,0,0,0,1,0,0,0,0,0,0
TX000628,AC00403,-0.0700945837279274,-0.2252285994707155,-2.774636726717694,-98.8864388383018,0.0,0.1393466198931883,1.955602778015686,-13.118336732430484,0.251331,0.25192523,0.226546972990036,1,0,0,0,0,0,0,0,0,0,0,0,0,0
TX000629,AC00358,-0.0412882104705768,-0.0551879022855792,-0.3939036642138109,-85.75791807193815,5.960464477539064e-08,0.4045472692673646,3.007777533673025,-1.7806552856585085,0.5647358,0.61419064,0.5809072256088257,1,1,0,0,0,0,0,0,0,0,1,0,0,0
TX000630,AC00296,-0.0010680424953052,-0.0141459009492501,-0.3624293953345274,-89.05839361712248,0.0,0.3963758705591519,2.8100168106091528,-3.36795437450562,0.44873688,0.4881934,0.42949745059013367,1,0,0,0,0,0,0,0,0,0,0,0,0,0
TX000631,AC00393,-0.0499423533829461,-0.2339765867779182,-3.400728285196112,-97.35545190391176,0.0,0.1676316821028862,1.8244342943694405,-13.842170286818687,0.21058168,0.27068007,0.24221846461296082,1,0,0,0,0,0,0,0,0,0,0,0,0,0
TX000632,AC00223,-0.0511847947076496,-0.0470788207504868,-1.1238743616209117,-83.95476900463073,0.0,0.4365026605357565,2.5723868184284764,-8.260442590725928,0.44761243,0.53339505,,0,0,0,0,0,0,0,0,0,0,0,0,0,0
TX000633,AC00487,-0.0931093129381816,-0.2231903725471493,-2.3605233089835016,-96.84130732274086,0.0,0.0297502095706423,1.973994833121528,-14.945791295702666,0.33336765,0.3644142,0.39100033044815063,1,0,0,0,0,0,0,0,0,0,0,0,0,0
TX000634,AC00215,-0.0944287000970089,-0.183855065092372,-2.5017143035321565,-95.13771974406814,0.0,0.2425223546809526,1.795580440079081,-5.8969867555591975,0.14303948,0.4677686,0.529427170753479,1,0,0,0,0,0,0,0,0,0,0,0,0,0
TX000635,AC00275,-0.1107249555890502,-0.2446979318433718,-2.9789287381768377,-100.92287068985756,2.9802322387695312e-08,0.1519818983601638,1.506515773661408,-9.545636338434244,0.20358452,0.23655875,0.16817191243171692,1,0,0,0,0,0,0,0,0,0,0,0,0,0
TX000636,AC00482,-0.0898455437917702,-0.2354289495290875,-3.066501530672997,-98.84158407055602,0.0,0.1786236511102631,1.9527085564651203,-3.716713173094736,0.16533947,0.25459945,0.27786192297935486,1,0,0,0,0,0,0,0,0,0,0,0,0,0
TX000637,AC00357,-0.1458158544301525,-0.2781782005351508,-4.1524783782451005,-100.50729025009,0.0,0.052732563189858,1.441957004661257,-9.64382349423749,0.06816495,0.106162004,0.21291109919548035,1,0,0,0,0,0,0,0,0,0,0,0,0,0
TX000638,AC00026,-0.059539521773136,-0.2035465017558728,-1.9303122614282868,-93.83501625445253,0.0,0.2584189526654028,1.9821333866827335,-12.588254566805924,0.43399405,0.43855983,0.4374444782733917,1,0,0,0,0,0,0,0,0,0,0,0,0,0
TX000639,AC00416,-0.0871727104241751,-0.1380931572758985,-1.8270158468986724,-93.12087106605668,4.214684851089404e-08,0.3214813052735629,2.5451294263010635,-2.7878189212467555,0.3621807,0.3598744,0.3805595636367798,1,0,0,0,0,0,0,0,0,0,0,0,0,0
TX000640,AC00058,-0.0787759226532771,-0.2089910326533888,-1.8199405841509853,-51.55796389889336,0.0,0.3878232893039499,2.359392906615932,-0.6668203111833071,0.19064605,0.24494004,0.7951958179473877,1,0,0,0,0,0,0,0,0,0,0,0,0,0
TX000641,AC00170,-0.0746724227941901,-0.2493500943233904,-3.3803794205292244,-100.69911191591429,5.960464477539064e-08,0.0612189004093909,1.5223441502128547,-15.092912852231464,0.23297493,0.26534045,0.28060421347618103,1,0,0,0,0,0,0,0,0,0,0,0,0,0
TX000642,AC00262,-0.0698022451293569,-0.231728783628432,-3.1130177965459405,-99.9095043956129,0.0,0.0581309407518211,1.6974273255535983,-13.59766608391512,0.20321046,0.2093687,0.22463983297348022,1,0,0,0,0,0,0,0,0,0,0,0,0,0
TX000643,AC00032,-0.0451725571051694,-0.2230335412538744,-2.76843709556731,-95.59450688377726,0.0,0.2028663065940551,1.996791053360779,-11.179542910256783,0.25640893,0.3474884,0.3667508661746979,1,0,0,0,0,0,0,0,0,0,0,0,0,0
TX000644,AC00131,-0.0848876904675827,-0.2337685814297956,-3.722300438989227,-100.26033029950275,0.0,0.1251806443128836,2.093914469841159,-12.681670530479336,0.19103067,0.17804155,0.40496373176574707,1,0,0,0,0,0,0,0,0,0,0,0,0,0
TX000645,AC00176,-0.0786372386178688,-0.231086784313969,-2.427520527615221,-84.87956554276691,0.0,0.251845337051356,1.90621702366791,-12.697414074707275,0.17377779,0.21009816,0.3584558963775635,1,0,0,0,0,0,0,0,0,0,0,0,0,0
TX000646,AC00139,-0.0554053932225093,-0.1593323711772634,-2.062300538355646,-89.28082524725696,0.0,0.3306325275065632,2.3385891795154965,-5.543247606217759,0.2455004,0.30312923,0.3246302008628845,1,0,0,0,0,0,0,0,0,0,0,0,0,0
TX000647,AC00056,-0.062185480399491,-0.2094815350662902,-3.0598597476874234,-95.22683293680927,0.0,0.1349315579250561,2.1529023366751026,-6.4303902245123865,0.19640964,0.22533496,0.2497330754995346,1,0,0,0,0,0,0,0,0,0,0,0,0,0
TX000648,AC00276,-0.1086168186533152,-0.2398390921448721,-4.1956442607138245,-101.05064862590358,0.0,0.1260614627798214,1.4226802517114094,-9.725611174102072,0.13370934,0.14234366,0.15607531368732452,1,0,0,0,0,0,0,0,0,0,0,0,0,0
TX000649,AC00447,-0.0914987732327751,-0.156155686535812,-1.7529145804054602,-80.53094819961724,0.0,0.3414675072819023,2.554183101648896,-5.1115534195978185,0.3349315,0.36306065,0.33254510164260864,1,0,0,0,0,0,0,0,0,0,0,0,0,0
TX000650,AC00143,-0.0925128038876873,-0.2392652496236873,-3.411671408572549,-100.31420571306656,0.0,0.1754988972917266,1.9847019219596784,-13.507899396073688,0.18514954,0.2140903,0.19816476106643677,1,0,0,0,0,0,0,0,0,0,0,0,0,0
TX000651,AC00139,-0.144086104658011,-0.2503561105931027,-3.3673386369306817,-98.87322234099788,0.0,0.1453114601666134,1.72842412336011,-9.631389610573898,0.12575196,0.23749791,0.14476639032363892,1,0,0,0,0,0,0,0,0,0,0,0,0,0
TX000652,AC00208,0.0066712819855977,-0.2170486394818234,-1.237811160717226,56.53079291945578,0.0,0.4002093032241137,1.959276113288709,0.0018005397941736,0.16011114,0.21405834,0.12754438817501068,1,1,1,0,0,1,0,0,0,0,0,0,0,0
TX000653,AC00426,-0.0941572909174628,-0.2270689887874464,-3.8407234335187033,-99.43922905473109,0.0,0.1265724118443269,1.995340076662348,-8.384594887341676,0.20683357,0.20549156,0.24010170996189117,1,0,0,0,0,0,0,0,0,0,0,0,0,0
TX000654,AC00423,-0.0209521833100441,-0.02738578687642,-0.4942918794908806,-67.4980845396137,0.0,0.4455218583287685,2.8212290195784027,3.339064829549516,0.66743296,0.6605723,0.6792485117912292,1,1,0,0,0,0,0,0,0,0,1,1,0,0
TX000655,AC00381,-0.0946629239442243,-0.2179916240388182,-3.192928598659674,-99.61156224983604,0.0,0.1828030569816322,2.1720867719868706,-12.395109684564536,0.4901284,0.35773623,0.24402287602424622,1,0,0,0,0,0,0,0,0,0,0,0,0,0
TX000656,AC00458,-0.0859428782717191,-0.2442927763666419,-4.167407024610605,-101.11609496783748,4.214684851089404e-08,0.067340405482196,1.6534167588640325,-9.090873012849242,0.14722793,0.14776123,0.13794726133346558,1,0,0,0,0,0,0,0,0,0,0,0,0,0
TX000657,AC00014,-0.0179780939674066,-0.0337974412910107,-0.6386935250332257,-91.66888389839784,0.0,0.4115412343725553,2.355716531287167,-4.426994157281153,0.41170153,0.546214,0.47450172901153564,1,0,0,0,0,0,0,0,0,0,0,0,0,0
TX000658,AC00071,-0.0967605958875331,-0.2530373709283553,-2.346130090664176,-89.84200567175829,0.0,0.2160890230634312,1.7199469653426396,-13.098531919997448,0.17818514,0.17024447,0.28268617391586304,1,0,0,0,0,0,0,0,0,0,0,0,0,0
TX000659,AC00054,-0.10165075422103,-0.2281013880975115,-2.931995090591445,-93.85306022006124,0.0,0.1689191903838323,1.9353562003846048,-8.008668929797954,0.21920668,0.21601203,0.19997762143611908,1,0,0,0,0,0,0,0,0,0,0,0,0,0
TX000660,AC00182,-0.0955543160168379,-0.2467021275395031,-3.1673557763011297,-101.22966026329044,0.0,0.0889626064676369,1.9136156823903423,-8.543695631331106,0.20437747,0.20569278,0.184946671128273,1,0,0,0,0,0,0,0,0,0,0,0,0,0
TX000661,AC00257,-0.0765822987865414,-0.1718039753786115,-2.181447813405966,-95.3509631140783,0.0,0.3189666254891738,2.371768070481826,-7.139101079479096,0.30957988,0.3384022,0.20984813570976257,1,0,0,0,0,0,0,0,0,0,0,0,0,0
TX000662,AC00006,-0.1446738933617277,-0.2642438693518645,-4.6759259226403165,-94.84488534564125,0.0,0.1557280719731716,1.5219511779325992,-9.95946457488484,0.11562499,0.1288187,0.33163201808929443,1,0,0,0,0,0,0,0,0,0,0,0,0,0
TX000663,AC00424,-0.0830144228121241,-0.2591451456345772,-3.796938981925975,-100.19656733721794,0.0,0.1433256021945335,1.8950260516317297,-15.126123164103385,0.16565926,0.22502215,0.2500757575035095,1,0,0,0,0,0,0,0,0,0,0,0,0,0
TX000664,AC00131,-0.0386514481676953,-0.0825331876559236,1.002309598331844,118.12634268490056,2.723741846102512,0.5478000826914183,3.219664653052682,-6.886369398491473,0.50724435,0.49841255,1.2598137855529785,1,0,0,0,1,1,1,1,1,0,0,0,0,0
TX000665,AC00133,-0.0472660536935505,-0.1389418317553159,-1.7588090152337967,-91.46095437203108,0.0,0.4030752469338998,2.7594581778261364,-10.655793410913365,0.364061,0.41217345,0.5647299289703369,1,0,0,0,0,0,0,0,0,0,0,0,0,0
TX000666,AC00393,-0.0031379808433383,-0.2489343390189485,-1.0628321848088174,-28.438477885125124,8.429369702178808e-08,0.467762889700743,1.983770526232878,7.246520783955397,0.22090584,0.22767729,1.4880104064941406,1,0,0,0,0,0,0,1,0,1,0,0,1,0
TX000667,AC00361,-0.0087766831093862,0.001308602604001,-0.6914449843036419,-82.47475229884262,0.0,0.4489358645414284,3.0261178567164224,6.410258898517983,0.5068813,0.5594795,,0,1,0,1,0,0,0,0,0,1,0,0,0,0
TX000668,AC00092,-0.058336009900221,-0.1947605091513655,-2.22326266860894,-93.88390843062604,0.0,0.2956346123978366,1.936461606325268,-5.848519299579083,0.23245782,0.33225912,0.33608928322792053,1,0,0,0,0,0,0,0,0,0,0,0,0,0
TX000669,AC00049,-0.0428195762156368,0.0282048433114627,-0.3882360700293921,-83.3040522858094,0.0,0.4846940106941505,2.796202200752172,2.25921753449746,0.6694267,0.675896,,0,2,0,1,0,0,0,1,0,0,1,1,0,1
TX000670,AC00023,-0.0236351957533568,-0.1731511196724853,-3.5203381719917104e-05,-28.18722390575589,1.975697092480374,0.5733958188071729,3.0252781508062965,8.529635266000039,0.23179905,0.4764747,1.683302640914917,1,0,0,0,0,0,0,1,0,1,0,0,1,0
TX000671,AC00323,-0.1185172102536525,-0.2081051595321978,-2.3770089406334494,-97.6348947747488,0.0,0.2314680469760269,1.9916376583630413,-6.63037944910662,0.21989979,0.28223276,0.2956892251968384,1,0,0,0,0,0,0,0,0,0,0,0,0,0
TX000672,AC00372,0.0178948755881975,-0.1078176019457504,-0.3117799458464949,-66.52469609235445,0.0,0.382258224210174,2.6687109360373533,13.444070907515028,0.47445932,0.46386343,0.3981742858886719,1,1,1,0,0,0,0,0,0,1,0,0,0,0
TX000673,AC00497,-0.0495904011460929,-0.1220684194780832,-1.4205932937066406,-89.7170001241391,0.0,0.3541170304055612,2.54355597753126,-9.26491894920978,0.26728,0.54648995,0.5405318737030029,1,0,0,0,0,0,0,0,0,0,0,0,0,0
TX000674,AC00130,-0.0271251243790108,-0.183121045537008,-2.304066729508341,-93.77815414660073,0.0,0.2655542810967139,2.195475101043033,-10.679007936594036,0.29704574,0.31039625,0.2940963804721832,1,0,0,0,0,0,0,0,0,0,0,0,0,0
TX000675,AC00034,-0.0795406376748499,-0.1685370303566611,-2.046037843330173,-95.74161480063768,0.0,0.1913667747772613,2.238408176228736,-11.01915201509112,0.2730643,0.3857266,0.36074182391166687,1,0,0,0,0,0,0,0,0,0,0,0,0,0
TX000676,AC00286,-0.0781143326227527,-0.2261309556061916,-2.6118753897590947,-97.55772386632592,0.0,0.0297502095706423,1.7658740331641714,-15.23899649596042,0.32479146,0.3404365,0.36267101764678955,1,0,0,0,0,0,0,0,0,0,0,0,0,0
TX000677,AC00232,-0.1066757336052889,-0.1930169187618926,-3.500851440936807,-96.87036661006844,0.0,0.3291242271068859,2.432334932780455,-1.1773201257416124,0.2929374,0.24907357,0.424953818321228,1,0,0,0,0,0,0,0,0,0,0,0,0,0
TX000678,AC00182,-0.080941583273851,0.0092510730032582,-2.473947286636066,-93.79435514214626,4.214684851089404e-08,0.4121077708867326,2.4681052270723227,7.46377233811663,0.2491921,0.4103383,0.32053935527801514,1,1,0,1,0,0,0,0,0,1,0,0,0,0
TX000679,AC00136,-0.1234041230306279,-0.2450155749855415,-3.398915814714353,-99.68597870878328,0.0,0.1553923977771562,1.6007544870490231,-8.663466224162208,0.16219087,0.2537385,0.1780848205089569,1,0,0,0,0,0,0,0,0,0,0,0,0,0
TX000680,AC00101,-0.0083334198500859,-0.1147790014040979,-0.9265165408986452,-87.78382701019817,0.0,0.3543461619522071,2.761466539309796,-6.951144067346457,0.388406,0.465636,0.42270633578300476,1,0,0,0,0,0,0,0,0,0,0,0,0,0
TX000681,AC00328,-0.0996656241699126,-0.230440416602039,-3.1895152725007696,-99.73991244817164,0.0,0.1711066215788359,1.5686155064853762,-8.283244893455654,0.13674656,0.3494383,0.3419082760810852,1,0,0,0,0,0,0,0,0,0,0,0,0,0
TX000682,AC00356,-0.0596172038784972,-0.123182387050954,-0.536161163677269,-89.31149247464518,0.0,0.3675130644479124,2.558490839177945,-3.380728771022045,0.40010977,0.67874,0.7295947670936584,1,0,0,0,0,0,0,0,0,0,0,1,0,0
TX000683,AC00312,-0.0487298115978694,-0.1048149531043975,-0.1579183258133909,-89.58431523142849,5.960464477539064e-08,0.4059563063956148,2.819363443171763,-11.566656705005888,0.6124704,0.6478398,1.053300380706787,1,1,0,0,0,0,0,0,0,0,1,1,0,0
TX000684,AC00242,-0.0837213109007623,-0.2082688898277804,-3.213188594096269,-91.42673220102525,4.214684851089404e-08,0.2536041995770144,1.8103046690559512,-12.369470022675312,0.17997085,0.30865684,1.085852861404419,1,0,0,0,0,0,0,0,0,0,0,0,0,0
TX000685,AC00123,-0.0884090166163373,-0.2411634553609235,-3.6509525782664713,-100.3007744880898,0.0,0.1394461479110095,1.786667541404294,-13.7561653237624,0.2365759,0.21207856,0.18561016023159027,1,0,0,0,0,0,0,0,0,0,0,0,0,0
TX000686,AC00071,0.0063189199224651,-0.175814600319873,0.7921644556324887,46.52266153081793,2.609200839768151,0.5699457740123423,3.3849200942650204,4.995450597308043,0.3473082,1.2595301,2.359269857406616,1,1,1,0,1,1,0,1,1,1,0,1,1,0
TX000687,AC00370,-0.1323479221775577,-0.2560834442515535,-4.864741938627065,-95.69863844944273,0.0,0.1424803626261605,1.567696281307248,-9.571634766440072,0.12820452,0.16133475,0.16350121796131134,1,0,0,0,0,0,0,0,0,0,0,0,0,0
TX000688,AC00330,-0.0701234948948373,-0.2484761975444699,-3.2043230979952666,-99.41407070047794,0.0,0.1827238968296478,1.8123756038985188,-15.28160404831756,0.29749683,0.31898916,0.34248554706573486,1,0,0,0,0,0,0,0,0,0,0,0,0,0
TX000689,AC00218,-0.1058044197401548,-0.2072741750947733,-2.5633085884708318,-93.80305543490584,0.0,0.2368667409045921,2.090526883618941,-6.344762417708846,0.21585292,0.31100443,0.32084035873413086,1,0,0,0,0,0,0,0,0,0,0,0,0,0
TX000690,AC00437,-0.0789019396339688,-0.2084347541902662,-2.826947802217947,-97.6698410576298,0.0,0.2301168932450692,2.050671714558933,-13.305580843867048,0.22965842,0.25302756,0.2553206980228424,1,0,0,0,0,0,0,0,0,0,0,0,0,0
TX000691,AC00287,-0.0862457005788299,-0.2364214123194756,-2.869971803840285,-95.28009213283812,0.0,0.1959808353827049,1.9673455499544623,-11.422288603790664,0.26772246,0.2810678,,0,0,0,0,0,0,0,0,0,0,0,0,0,0
TX000692,AC00418,0.0573668468133051,-0.2216756582959995,-0.0101503838295622,35.322437078208466,2.37168681428238,0.5322200029876019,2.797216965750428,9.347608834945383,0.2427581,0.25872195,2.4168686866760254,1,1,1,0,0,1,0,1,0,1,0,0,1,0
TX000693,AC00465,-0.0969349454727123,-0.2493510892382854,-3.112285759886608,-101.10378767999872,0.0,0.0672714454043371,1.7646596565523642,-9.079353432030237,0.20631692,0.2074537,0.1654728502035141,1,0,0,0,0,0,0,0,0,0,0,0,0,0
TX000694,AC00011,-0.0315720871902932,-0.2623754923651903,-0.5948377138885252,23.620670650699296,0.0,0.0,2.396475530962106,-2.164585897662355,0.17898639,0.20443963,2.317690849304199,1,0,0,0,0,1,0,0,0,0,0,0,1,0
TX000695,AC00432,-0.0388249657789218,-0.2365606372358406,-1.9038854170374784,2.320534283901452,1.1920928955078125e-07,0.3671242679982008,1.7472729023399374,-13.67921463358904,0.13387123,0.14544708,0.49060970544815063,1,0,0,0,0,1,0,0,0,0,0,0,0,0
TX000696,AC00240,-0.012961049800317,-0.1556902538995843,-0.3166011632687215,1.3743535236546762,1.1920928955078125e-07,0.5000627195369506,2.8992451465178277,0.1086364126358723,0.34101307,0.4036533,,0,0,0,0,0,1,0,1,0,0,0,0,0,0
TX000697,AC00497,-0.0911135686834391,-0.1993653302965963,-2.672896096573166,-98.04052591191652,5.960464477539064e-08,0.2999226212970973,2.412743624969643,-12.057904553074504,0.45608535,0.3662534,0.4999566078186035,1,0,0,0,0,0,0,0,0,0,0,0,0,0
TX000698,AC00026,-0.1123679078074802,-0.2249490035174297,-2.408846143848499,-93.07047214598236,0.0,0.1678485941123138,1.8483102301825092,-8.003211548595706,0.19910286,0.2498943,0.24516169726848602,1,0,0,0,0,0,0,0,0,0,0,0,0,0
TX000699,AC00277,-0.1315061557872169,-0.2372635373387606,-3.216663466119253,-97.81231938946038,2.9802322387695312e-08,0.1593437035192915,1.8095187925033691,-8.796949728172791,0.18824433,0.23124017,0.18969324231147766,1,0,0,0,0,0,0,0,0,0,0,0,0,0
TX000700,AC00116,-0.0941085108573103,-0.2290247208568614,-2.355425323538604,-98.77482495021346,0.0,0.0808443501147807,1.8655006713759477,-13.71279833484093,0.20111614,0.2900167,0.2871982455253601,1,0,0,0,0,0,0,0,0,0,0,0,0,0
TX000701,AC00367,-0.0936387662569087,-0.2330621705230497,-3.411022033096681,-96.06209753920002,0.0,0.234280267334082,1.65142780728705,-14.366757889323267,0.18300039,0.28129828,0.4314671456813812,1,0,0,0,0,0,0,0,0,0,0,0,0,0
TX000702,AC00030,-0.0777008326588866,-0.2264535818770445,-3.3151196610914733,-99.71086647952217,0.0,0.0986462513300977,1.8494492845359236,-13.017324316177833,0.21392536,0.2438523,0.21886540949344635,1,0,0,0,0,0,0,0,0,0,0,0,0,0
TX000703,AC00111,-0.1073342664101035,-0.2034990854582079,-2.296679317366721,-91.39496599307084,0.0,0.2004881531665905,1.863213039332242,-7.114418575211217,0.2694372,0.32241836,0.2649441957473755,1,0,0,0,0,0,0,0,0,0,0,0,0,0
TX000704,AC00220,-0.0781348240627163,-0.218990590878138,-3.553960989234306,-94.59964138503986,0.0,0.2694253740388819,2.1316408057178524,-12.1512915612628,0.21746422,0.23639894,0.24685300886631012,1,0,0,0,0,0,0,0,0,0,0,0,0,0
TX000705,AC00295,-0.1061707882380383,-0.2331965014825159,-2.6588424246824465,-96.57546947222129,0.0,0.2090237030451139,1.8105543782858275,-6.977722707440082,0.21592352,0.4328584,0.38081610202789307,1,0,0,0,0,0,0,0,0,0,0,0,0,0
TX000706,AC00137,-0.0492228411354289,-0.1646287376867894,-2.135984342424499,-94.49333859707568,0.0,0.2581447029634996,2.1348904183459423,-11.096681556777927,0.32977405,0.36702704,0.29428166151046753,1,0,0,0,0,0,0,0,0,0,0,0,0,0
TX000707,AC00004,-0.0241803053404163,0.0437386392046741,-0.5292402671048961,-85.07824832558622,2.0642005701311787,0.5098598307086942,2.945554828287811,5.362174501227793,0.6090287,0.69198143,0.6466102004051208,1,2,0,1,0,0,0,1,0,1,1,1,0,1
TX000708,AC00442,-0.1175229787909722,-0.2501231616804638,-4.762786108506529,-103.05303644659504,0.0,0.1862844608868144,1.6936962520048018,-15.372818546220342,0.1669325,0.12557587,0.17940425872802734,1,0,0,0,0,0,0,0,0,0,0,0,0,0
TX000709,AC00201,-0.0621560995513688,-0.2282148286191916,-3.984868288631016,-98.6226020508728,0.0,0.0399618638051339,1.5921203052459565,-11.586164006930469,0.15683341,0.2036802,0.18410897254943848,1,0,0,0,0,0,0,0,0,0,0,0,0,0
TX000710,AC00462,-0.096101398685953,-0.2438536556154016,-3.411808046343947,-101.2220255246348,4.214684851089404e-08,0.254408851867801,1.8425118629787072,-12.868134615700594,0.2009933,0.21371458,0.2740679085254669,1,0,0,0,0,0,0,0,0,0,0,0,0,0
TX000711,AC00390,-0.0729639800885616,-0.1737113755418868,-2.275367890992597,-94.90039118125428,0.0,0.2510329702611068,2.3746891560674253,-11.239547228543234,0.2585169,0.31258267,0.3568204939365387,1,0,0,0,0,0,0,0,0,0,0,0,0,0
TX000712,AC00297,-0.0457885881231974,-0.1759297174776952,-1.848757385976888,-96.34522514803945,0.0,0.2643330196881593,2.221268857804069,-14.376566847214995,0.38662484,0.4421598,0.36782053112983704,1,0,0,0,0,0,0,0,0,0,0,0,0,0
TX000713,AC00173,-0.0646198702506495,-0.1833722419228769,-1.8572628741508612,-89.15179727597251,0.0,0.3061112938190923,2.059706845480445,-5.182614788760314,0.2589781,0.27979872,0.2854466438293457,1,0,0,0,0,0,0,0,0,0,0,0,0,0
TX000714,AC00382,-0.0992969609791543,-0.230353666628114,-4.072066165724752,-101.11013904453316,0.0,0.1655100556958862,1.938646337185299,-14.762180210939125,0.22316983,0.2531492,0.2797740399837494,1,0,0,0,0,0,0,0,0,0,0,0,0,0
TX000715,AC00175,-0.0422291960888925,-0.0814374349025726,-0.627907735738555,-72.72206994280978,5.960464477539064e-08,0.4203168928070146,2.698231414997359,-7.224548886004403,0.55909,0.4942178,0.5551042556762695,1,1,0,0,0,0,0,0,0,0,1,0,0,0
TX000716,AC00035,-0.0454601507220211,-0.1654853031600762,-2.053991903265687,-93.8648639582917,0.0,0.2956346123978366,2.387477825260572,-5.538921760073468,0.2672416,0.31761774,0.2738758623600006,1,0,0,0,0,0,0,0,0,0,0,0,0,0
TX000717,AC00219,-0.0455516993800497,-0.1833109945388211,-1.842523266647567,-94.13993565065802,4.214684851089404e-08,0.2926383457370057,2.276687459666161,-4.686409668809369,0.32379448,0.33649564,0.3009527027606964,1,0,0,0,0,0,0,0,0,0,0,0,0,0
TX000718,AC00416,-0.1032844406849968,-0.2356817390673644,-3.64855251342052,-99.0404794689711,4.214684851089404e-08,0.1285605982709896,1.5186335540139446,-8.73101188558778,0.17812558,0.1813703,0.18311016261577606,1,0,0,0,0,0,0,0,0,0,0,0,0,0
TX000719,AC00467,-0.049888141114021,0.0684001053957623,0.0001480390843866,-82.6770809839363,0.0,0.4948688487750524,3.232124645382272,-8.929935831468663,0.64755553,0.69535834,0.6732423901557922,1,2,0,1,1,0,0,1,1,0,1,1,0,1
TX000720,AC00465,-0.0833679731905968,-0.1661724700351392,-1.4392110023314697,-88.62939894646092,0.0,0.1774491920459397,2.3290931486440063,-4.608066504217548,0.32120496,0.30858752,0.3365916609764099,1,0,0,0,0,0,0,0,0,0,0,0,0,0
TX000721,AC00102,-0.0961681608026816,-0.2457629093229417,-2.7467902806604547,-89.40663081862445,0.0,0.1909031953249641,1.6425506808260442,-13.701808910738004,0.17996871,0.15348986,0.2938601076602936,1,0,0,0,0,0,0,0,0,0,0,0,0,0
TX000722,AC00119,-0.1112132023890847,-0.2251200338806529,-2.748577997224957,-98.75665311397616,0.0,0.0649910652852463,2.0098228403157767,-8.020914429325241,0.19392492,0.22731169,0.29433882236480713,1,0,0,0,0,0,0,0,0,0,0,0,0,0
TX000723,AC00418,-0.0678328685398781,-0.2353406409224676,-3.88373976508156,-98.96433527316862,0.0,0.15155897417821,1.6904730573777311,-12.630992362317455,0.28669035,0.2507602,0.27873754501342773,1,0,0,0,0,0,0,0,0,0,0,0,0,0
TX000724,AC00237,-0.0924739694737291,-0.1611741945089777,-1.1789908458657985,-92.11236759176886,0.0,0.290135374220198,2.391804354955152,-5.432017617799514,0.29196543,0.356135,0.37940165400505066,1,0,0,0,0,0,0,0,0,0,0,0,0,0
TX000725,AC00279,-0.0818476794817905,-0.2325051229532624,-3.455527577027266,-100.62377376448028,4.214684851089404e-08,0.0786732279566405,1.6536595663125038,-15.746245966474506,0.2536987,0.29025126,0.2706516683101654,1,0,0,0,0,0,0,0,0,0,0,0,0,0
TX000726,AC00067,-0.0258950738233435,-0.2385976292836678,-1.2179759398666272,-21.75555841038195,0.0,0.3395344609799316,2.227035357523652,-0.8510074092046422,0.21988207,0.23932727,0.3224973678588867,1,0,0,0,0,0,0,0,0,0,0,0,0,0
TX000727,AC00043,-0.1049242118710426,-0.1876016771135522,-1.1797379481487775,-93.2153040427775,0.0,0.2463120801812108,2.158153974533758,-5.43279214551703,0.2986527,0.3595284,0.36499908566474915,1,0,0,0,0,0,0,0,0,0,0,0,0,0
TX000728,AC00012,-0.1235528972665812,-0.2591481923278521,-2.756634623577253,-101.48291769379472,0.0,0.1146558785499166,1.6945345433736765,-9.318780431309904,0.1930177,0.1921739,0.213340163230896,1,0,0,0,0,0,0,0,0,0,0,0,0,0
TX000729,AC00244,-0.1018253487274877,-0.2553826178056689,-2.937365353161735,-98.5364686392579,0.0,0.1563041102447828,1.69680187727869,-7.086138029495427,0.22312644,0.20731911,0.8242604732513428,1,0,0,0,0,0,0,0,0,0,0,0,0,0
TX000730,AC00395,-0.0346871967870126,-0.1984265127495266,-2.872577095246986,-96.8350292765079,0.0,0.2458692740226802,2.1916653960211225,-13.267666415934183,0.2541034,0.22268206,0.16818349063396454,1,0,0,0,0,0,0,0,0,0,0,0,0,0
TX000731,AC00253,-0.069611158354235,-0.2281411148854399,-1.1987115898628806,29.0937533921459,0.0,0.4304870440155467,1.983863779591084,-0.2126226555136231,0.19845633,0.18638477,0.4271599054336548,1,0,0,0,0,1,0,0,0,0,0,0,0,0
TX000732,AC00394,-0.086518631167591,-0.2030492279313203,-4.075761549477382,-93.78431641812954,0.0,0.2827062427067957,2.30566473694202,-0.2805248208141782,0.19461726,0.20467144,0.17856645584106445,1,0,0,0,0,0,0,0,0,0,0,0,0,0
TX000733,AC00457,-0.1018080548399966,-0.1911140598405969,-3.244118666193418,-96.300285281042,0.0,0.2225805170845701,1.873207484035062,-12.293174324978096,0.19518477,0.3251139,0.21407698094844818,1,0,0,0,0,0,0,0,0,0,0,0,0,0
TX000734,AC00046,-0.0793919171948318,-0.222224822039736,-2.456613614102607,-99.50872398136303,0.0,0.2224469517815537,1.8919387491738688,-12.898509990186753,0.27776283,0.3086033,0.3548634648323059,1,0,0,0,0,0,0,0,0,0,0,0,0,0
TX000735,AC00011,-0.1226851877724518,-0.2703903084517166,-3.9777844498548793,-103.52388016126486,0.0,0.0256727961802896,1.0398353482454814,-17.165930699114433,0.15063897,0.15074863,0.27951866388320923,1,0,0,0,0,0,0,0,0,0,0,0,0,0
TX000736,AC00045,-0.0931104562427894,-0.1867908737576091,-1.6067218492701096,-92.93174979798798,4.214684851089404e-08,0.2542392807530088,2.4129512525516192,-6.762721412417335,0.29893953,0.31719548,0.2786819636821747,1,0,0,0,0,0,0,0,0,0,0,0,0,0
TX000737,AC00181,-0.122353865430156,-0.2612236793412446,-3.551217954067368,-101.2611306023754,2.9802322387695312e-08,0.0537854382346107,1.896590737534669,-9.080390016050767,0.1802489,0.16434982,0.21065324544906616,1,0,0,0,0,0,0,0,0,0,0,0,0,0
TX000738,AC00149,0.0140264317124019,-0.1605785256903165,-1.042522720059725,-36.29158819030367,0.0,0.4542397589020229,2.900194435247125,-2.131691019541571,0.30671334,0.34961504,0.6694056987762451,1,1,1,0,0,0,0,0,0,0,0,0,0,0
TX000739,AC00288,-0.083962190159976,-0.1201952731476445,-1.8304354973636352,-92.34684713201574,0.0,0.3414441345167076,2.597361282453796,-0.5580787013025513,0.53039765,0.44160828,0.4028724133968353,1,0,0,0,0,0,0,0,0,0,0,0,0,0
TX000740,AC00014,-0.0977536710932812,-0.2152955052469243,-2.744800211136895,-97.06143506141862,0.0,0.2323083276793445,1.84974886455648,-6.988752920057227,0.2726147,0.3160404,0.4450652301311493,1,0,0,0,0,0,0,0,0,0,0,0,0,0
TX000741,AC00153,-0.0716461341146629,-0.2106218682181657,-2.1842991922501414,-97.97518000508552,0.0,0.2112024702778024,2.0843360377969966,-12.90963506645092,0.2520864,0.352591,0.3384753465652466,1,0,0,0,0,0,0,0,0,0,0,0,0,0
TX000742,AC00164,-0.0804335446075366,-0.223454851393223,-2.0721632578371105,-96.65625169380144,0.0,0.1399804168262454,1.9067830084295645,-12.051660613991018,0.28159407,0.29697812,0.3422865867614746,1,0,0,0,0,0,0,0,0,0,0,0,0,0
TX000743,AC00159,-0.1054178854333188,-0.2554033659734989,-3.560948332975319,-99.91411086825424,4.214684851089404e-08,0.0418702147650473,1.5381347040775593,-16.54898497495421,0.22914942,0.25452846,0.2236374169588089,1,0,0,0,0,0,0,0,0,0,0,0,0,0
TX000744,AC00360,-0.0966031145314244,-0.2483666793479286,-3.9231887144684494,-102.40081386776748,4.214684851089404e-08,0.1271610945887545,1.645086013052383,-14.94846092542132,0.17069599,0.17917536,0.1564386487007141,1,0,0,0,0,0,0,0,0,0,0,0,0,0
TX000745,AC00326,-0.1043383357727681,-0.2104799610169883,-3.569282071617077,-100.28964953841928,0.0,0.1460956879259445,1.714033871451675,-13.854042839276234,0.20139593,0.29342577,0.3232797086238861,1,0,0,0,0,0,0,0,0,0,0,0,0,0
TX000746,AC00110,-0.0736840474105819,-0.2043316353376465,-1.880706232429968,-97.59843524729249,4.214684851089404e-08,0.2246876879296486,1.945577063075532,-12.688309564967724,0.2788231,0.3163756,0.30041754245758057,1,0,0,0,0,0,0,0,0,0,0,0,0,0
TX000747,AC00110,-0.0963850763594802,-0.2332740219375757,-3.354891020740255,-100.63599035197812,0.0,0.1967026613639242,1.822959973411389,-13.569679513204262,0.25576526,0.20188501,0.33997058868408203,1,0,0,0,0,0,0,0,0,0,0,0,0,0
TX000748,AC00257,-0.0694328729614848,-0.2230819189599664,-2.009936804198106,-93.62762357426432,0.0,0.2301801966752647,2.172587121353658,-6.65440617140314,0.31723976,0.34121725,0.1958521157503128,1,0,0,0,0,0,0,0,0,0,0,0,0,0
TX000749,AC00145,-0.1165932745571541,-0.2597125227695565,-3.931502857542488,-102.0270341236018,0.0,0.0633992601530571,1.6164813206054085,-15.247219889028502,0.20875113,0.15304093,0.23855090141296387,1,0,0,0,0,0,0,0,0,0,0,0,0,0
TX000750,AC00455,-0.0905605492281341,-0.19177848270934,-2.1406985291047027,-97.15438168446327,0.0,0.3493446480525866,2.521681413319143,-12.53986390735946,0.27980942,0.33333105,0.36652401089668274,1,0,0,0,0,0,0,0,0,0,0,0,0,0
TX000751,AC00282,-0.1170881730691835,-0.2247807414314826,-2.6766277492622903,-92.75882187421306,0.0,0.2444858226858993,1.67929690983851,-7.192170431807559,0.09755368,0.45471397,0.43500789999961853,1,0,0,0,0,0,0,0,0,0,0,0,0,0
TX000752,AC00045,-0.0220091446450163,-0.1264275190857484,-2.1757544731921987,-93.57184309240604,5.960464477539064e-08,0.3455146025957212,2.365382509518875,-10.483156180739718,0.30255073,0.42461044,0.37083789706230164,1,0,0,0,0,0,0,0,0,0,0,0,0,0
TX000753,AC00390,-0.1230005509873202,-0.2436612674601587,-3.846212509120981,-100.5197751928536,0.0,0.0722764695863786,1.2561495682549637,-9.40907503367696,0.09518817,0.28587902,0.2855302691459656,1,0,0,0,0,0,0,0,0,0,0,0,0,0
TX000754,AC00032,0.0203931854710398,-0.0328579502778227,0.9506199817238636,-28.409947774328828,1.7837881235660855,0.5453700134777199,3.744063914135971,5.976996445489901,0.5161784,0.56719095,0.6240193843841553,1,1,1,0,1,0,0,1,1,1,0,0,0,0
TX000755,AC00153,0.0041944539419823,0.224826217121947,1.5715241765369496,-52.66864320127453,3.5280359848256664,0.6615652873173349,4.454133895100928,4.902035041474708,0.18106681,1.1886625,1.5613924264907837,1,2,1,1,1,0,1,1,1,1,0,1,1,1
TX000756,AC00460,0.01815021347998,-0.0225800502136552,-0.2720127231181433,-68.1419667847776,0.0,0.4022145428418177,3.2555306620254205,3.033233580597856,0.47625992,0.5614355,0.41849446296691895,1,1,1,0,0,0,0,0,1,0,0,0,0,0
TX000757,AC00154,-0.0979335597696551,-0.18665545363863,-1.8091221811254876,-93.45085371776716,0.0,0.3509184439125731,1.9768420289521944,-11.409322830105586,0.18929872,0.6032488,0.5923935770988464,1,0,0,0,0,0,0,0,0,0,0,0,0,0
TX000758,AC00190,-0.0774041967196202,-0.18563907215173,-3.4510407669941445,-94.91498575450537,0.0,0.2164117622766858,2.10073630371035,-8.769122663358505,0.4454779,0.3613936,0.35375159978866577,1,0,0,0,0,0,0,0,0,0,0,0,0,0
TX000759,AC00156,-0.0469227880764959,-0.1077463947190937,-0.0004779598444386,-93.19553640918286,0.0,0.3517988698926349,2.9173719690084927,-10.486030718365525,0.44537327,0.5181431,0.5552719831466675,1,0,0,0,0,0,0,0,0,0,0,0,0,0
TX000760,AC00005,0.0036341967842628,-0.0406437290981795,-0.6722558478165794,-86.96800201115339,0.0,0.4457544071421521,3.1725831266312943,-7.5224808368545,0.99022335,0.72303104,1.135488748550415,1,2,1,0,0,0,0,0,0,0,1,1,0,1
TX000761,AC00126,-0.1547057084130719,-0.2668762005864692,-4.710912063505252,-104.31476131345526,0.0,0.0,1.2224771013193207,-11.21391354694331,0.079845525,0.09517752,0.08264473080635071,1,0,0,0,0,0,0,0,0,0,0,0,0,0
TX000762,AC00201,-0.0591273683989677,-0.1766718401954587,-2.615733449943128,-70.59863154354554,0.0,0.4319882253070082,2.1710944211690517,0.2263974289381695,0.2739233,0.31621444,0.39620211720466614,1,0,0,0,0,0,0,0,0,0,0,0,0,0
TX000763,AC00165,-0.0748869493189701,-0.1808721222509632,-3.715195415960751,-92.79291822978894,0.0,0.2461703560396407,1.859283762006922,-2.8681711755034,0.30560985,0.27552304,0.39166831970214844,1,0,0,0,0,0,0,0,0,0,0,0,0,0
TX000764,AC00420,-0.0329130525470814,-0.1403905718965936,-1.7999778692671962,-90.47454877722508,0.0,0.3720578836886422,2.6004961168624043,1.5395719432903794,0.42677295,0.4259297,0.33619481325149536,1,0,0,0,0,0,0,0,0,0,0,0,0,0
TX000765,AC00329,-0.057947154549768,-0.1899527792470556,-3.4689001616152035,-90.9469157598472,0.0,0.2552959515938494,2.191064585179378,-5.185611405225508,0.3450278,0.2650488,0.24173524975776672,1,0,0,0,0,0,0,0,0,0,0,0,0,0
TX000766,AC00037,-0.064804718826346,-0.1285109124281995,-1.1060192845083563,-94.62802633605745,4.214684851089404e-08,0.2952034748206928,2.4540092887274856,-11.441344849529152,0.36631015,0.36285955,,0,0,0,0,0,0,0,0,0,0,0,0,0,0
TX000767,AC00293,-0.0703310017433402,-0.169994520922865,-1.5096359868784406,-94.91122449503928,0.0,0.2626780601003117,2.150625136322497,-6.360723392752829,0.2565209,0.34115154,0.35711365938186646,1,0,0,0,0,0,0,0,0,0,0,0,0,0
TX000768,AC00481,-0.1401227165568448,-0.2482150893947954,-3.7203542041957887,-101.44697716891856,0.0,0.1466549270070242,1.76804267412798,-9.470414834798946,0.14862758,0.1845042,0.15256857872009277,1,0,0,0,0,0,0,0,0,0,0,0,0,0
TX000769,AC00233,-0.1144804312628851,-0.1945051228479588,-3.0980319632906843,-60.8989105804064,0.0,0.4309338561790026,2.036313263971655,-3.581121606420896,0.22991821,0.254281,0.675431489944458,1,0,0,0,0,0,0,0,0,0,0,0,0,0
TX000770,AC00235,-0.0596518680894295,-0.036932376414998,-1.2443202397943969,-87.8926071288452,5.960464477539064e-08,0.4027584888187123,3.1539318568733257,-7.015010538022892,0.53794813,0.53068644,0.5198686718940735,1,1,0,0,0,0,0,0,0,0,1,0,0,0
TX000771,AC00324,-0.0836070006077911,-0.2244676834784822,-3.4244604340209923,-99.0520816825376,0.0,0.1943263845515043,1.930082226075519,-14.267460592404015,0.2573723,0.27219868,0.5788345336914062,1,0,0,0,0,0,0,0,0,0,0,0,0,0
TX000772,AC00029,-0.0460658035566782,-0.1596696247727231,-1.0795510130651254,-89.08683113621288,0.0,0.295093341178345,2.415432189302765,-4.235112009513723,0.30037978,0.33553573,0.4039112329483032,1,0,0,0,0,0,0,0,0,0,0,0,0,0
TX000773,AC00093,0.0001115812385655,-0.1159918886916702,1.5863026429595886,-17.007522241304514,2.798787253430359,0.561779016251556,3.2274346934475795,12.860344421297995,0.5801656,0.8402013,3.0849504470825195,1,2,1,0,1,0,1,1,1,1,1,1,1,1
TX000774,AC00141,-0.0948848553544521,-0.2548591477803847,-3.639463080542217,-101.48922244778548,2.9802322387695312e-08,0.0030237857075968,1.66275663418055,-14.634487015106547,0.15925771,0.14173745,0.1530383974313736,1,0,0,0,0,0,0,0,0,0,0,0,0,0
TX000775,AC00061,-0.0773463707932551,-0.2358263599322871,-3.4931619403849785,-100.18338923195526,0.0,0.0638410890748703,2.034874606291113,-14.19157582086738,0.16314629,0.24549066,0.22230617702007294,1,0,0,0,0,0,0,0,0,0,0,0,0,0
TX000776,AC00092,-0.0698949205057858,-0.2508086692084447,-3.052782324124266,-100.6647876122482,0.0,0.0546788607098938,1.6722578688849392,-13.94205565750866,0.20241097,0.20761634,0.21163955330848694,1,0,0,0,0,0,0,0,0,0,0,0,0,0
TX000777,AC00354,-0.1121590581802365,-0.2483163482566222,-3.60286249897096,-100.39958751606758,0.0,0.0937175322086612,1.8625223149267227,-9.156242238934082,0.1562765,0.20891511,0.208295077085495,1,0,0,0,0,0,0,0,0,0,0,0,0,0
TX000778,AC00358,-0.0903460476724881,-0.1693750506283431,-2.3579587528752866,-97.13842901236042,0.0,0.2988481280784349,2.340398037154728,-7.02315453981239,0.28927463,0.37021938,0.3723162114620209,1,0,0,0,0,0,0,0,0,0,0,0,0,0
TX000779,AC00078,-0.06300828054694,-0.1902849196053364,-2.129005378992976,-95.7901546049172,0.0,0.2412806980470089,2.277970257598992,-10.706822981703782,0.26662987,0.39842582,0.41051945090293884,1,0,0,0,0,0,0,0,0,0,0,0,0,0
TX000780,AC00013,-0.0593552066962503,-0.2236712312877555,-3.946536900568975,-100.60481092028787,0.0,0.1762184351885952,1.8311406444233025,-13.767052399079098,0.21464722,0.2683696,0.18916016817092896,1,0,0,0,0,0,0,0,0,0,0,0,0,0
TX000781,AC00030,-0.0153164604489111,-0.0273615846803343,-0.541592572701286,-86.57641496802674,0.0,0.4092793160392414,2.703184051364376,-2.2370819590064603,0.43378592,0.57345027,0.5794212818145752,1,0,0,0,0,0,0,0,0,0,0,0,0,0
TX000782,AC00074,-0.0879464314360156,-0.2339849625317032,-3.1815653502751777,-100.99950248446396,0.0,0.1677091942416979,1.7868128161311874,-14.021208174557296,0.18885654,0.19436222,0.1363082230091095,1,0,0,0,0,0,0,0,0,0,0,0,0,0
TX000783,AC00399,-0.0895729360058533,-0.1300094292774092,-1.3397951824664291,-90.27992178149952,0.0,0.3636449809056696,2.095040831485101,-5.518455169777525,0.40295926,0.41474485,0.3971434235572815,1,0,0,0,0,0,0,0,0,0,0,0,0,0
TX000784,AC00323,-0.0934629708387809,-0.229829804712254,-3.0181893492988268,-99.0648293811418,0.0,0.1683694304582756,1.692155127618298,-8.461363502528195,0.17314564,0.26726943,0.25578418374061584,1,0,0,0,0,0,0,0,0,0,0,0,0,0
TX000785,AC00107,-0.1135129684416002,-0.2108808661359493,-3.7148265306551496,-98.61933017381747,0.0,0.2477751794729719,2.0491782110504144,-2.377221847073986,0.23852856,0.16931865,0.1805446743965149,1,0,0,0,0,0,0,0,0,0,0,0,0,0
TX000786,AC00211,-0.1082415808930716,-0.2006731711862168,-1.4022027619287636,-96.82488501025172,0.0,0.2610569256240517,2.3823670122761627,-7.77622003967341,0.2883608,0.33754358,0.31998538970947266,1,0,0,0,0,0,0,0,0,0,0,0,0,0
TX000787,AC00297,-0.0860925674501378,-0.1601508104537568,-1.245752827264261,-88.68987791455778,0.0,0.3671501693161739,2.1071738033883096,-4.820770609789056,0.4548148,0.46839836,0.3714703619480133,1,0,0,0,0,0,0,0,0,0,0,0,0,0
TX000788,AC00102,-0.1319636821417008,-0.2635615080838966,-3.709923034339286,-101.57322674764828,0.0,0.1019387024720373,1.449274118606965,-9.679545947708872,0.117057934,0.17961714,0.20254291594028473,1,0,0,0,0,0,0,0,0,0,0,0,0,0
TX000789,AC00196,-0.1014075669391996,-0.2390710141368456,-2.446029878524093,-100.62102923057408,0.0,0.1483324749736697,1.5657073671628492,-8.854420560787402,0.23468868,0.2624045,0.26812824606895447,1,0,0,0,0,0,0,0,0,0,0,0,0,0
TX000790,AC00342,-0.1052095816903907,-0.1914565811452666,-2.152768953615772,-96.37243399530806,0.0,0.2530619765370808,2.0391652622824417,-7.278648548438999,0.24683537,0.34197092,0.3403574824333191,1,0,0,0,0,0,0,0,0,0,0,0,0,0
TX000791,AC00027,-0.0795524931621383,-0.1988601932901332,-1.343639315784945,-95.3075588747732,0.0,0.1971569313966624,2.219400912203925,-6.098144612860692,0.30994952,0.30057332,0.22261807322502136,1,0,0,0,0,0,0,0,0,0,0,0,0,0
TX000792,AC00339,-0.0728252572895373,-0.2261150091698267,-3.0601395466108405,-97.82403680260788,0.0,0.1612154934536664,2.116076003887772,-12.72320013352774,0.27002183,0.3509377,0.24923175573349,1,0,0,0,0,0,0,0,0,0,0,0,0,0
TX000793,AC00468,-0.0141021273591781,-0.2387751740555419,-0.2744553860295537,27.326590108464657,1.7798230833968929,0.4800319080175568,2.565149831652385,7.630748095576919,0.25887412,0.25525972,2.480811357498169,1,0,0,0,0,1,0,1,0,1,0,0,1,0
TX000794,AC00262,-0.0121786142699377,-0.0305527427216802,-1.3646144406518763,-63.64845578207155,2.924657652608156,0.5672886486570894,3.362795841729432,3.3160463141975627,0.2430753,0.8161048,0.7913467288017273,1,0,0,0,0,0,1,1,1,0,0,1,0,0
TX000795,AC00425,-0.1308395964943896,-0.2856182173230525,-4.955651679629619,-104.2707736664554,2.1073424255447017e-08,0.0577550686616055,1.1699546756123749,-16.66527181106847,0.0887122,0.09154075,0.10677137970924377,1,0,0,0,0,0,0,0,0,0,0,0,0,0
TX000796,AC00161,-0.1200957104331112,-0.2340197604527982,-3.3358874351098846,-96.51971055101257,0.0,0.2060546551623873,1.85266949887869,-8.963268738842457,0.15806247,0.1761215,0.13991248607635498,1,0,0,0,0,0,0,0,0,0,0,0,0,0
TX000797,AC00417,-0.0796528615576195,-0.1774857047304721,-2.258612110649561,-98.5572106213422,0.0,0.2487604401262812,2.183995051852474,-12.998108549262636,0.25763658,0.29883337,0.32432493567466736,1,0,0,0,0,0,0,0,0,0,0,0,0,0
TX000798,AC00208,-0.1120942358829576,-0.25630703017013,-3.698722649578653,-101.3748705114506,0.0,0.0416076254568373,1.416355805718225,-14.552460743348815,0.17444976,0.18538584,0.14256951212882996,1,0,0,0,0,0,0,0,0,0,0,0,0,0
TX000799,AC00304,-0.0279467926044499,-0.1639541299240678,-2.135775141518926,-94.04438852756232,0.0,0.2391542513949494,2.4927655362468766,-10.600499966583737,0.3537989,0.33200514,0.23124296963214874,1,0,0,0,0,0,0,0,0,0,0,0,0,0
TX000800,AC00166,-0.0407032317516669,-0.1115745990447867,-1.9415135999407367,-94.85395176384928,0.0,0.386107133311069,2.345307512842288,-11.18283434327016,0.32569632,0.35614628,0.4334165155887604,1,0,0,0,0,0,0,0,0,0,0,0,0,0
TX000801,AC00279,-0.102129833970841,-0.212558261502316,-2.437732398287033,-97.04337634281312,0.0,0.2132648407356065,1.924953659032243,-7.325826327317749,0.2707822,0.29103503,0.2786775827407837,1,0,0,0,0,0,0,0,0,0,0,0,0,0
TX000802,AC00114,-0.1337184181214301,-0.2544343474097938,-4.077164125362606,-97.50213669108496,0.0,0.1341694616324152,1.5332773381353917,-9.381068885777792,0.131105,0.1361014,0.15961694717407227,1,0,0,0,0,0,0,0,0,0,0,0,0,0
TX000803,AC00411,-0.0814052572539323,-0.2488359690142633,-2.390017362465064,-98.49400960490352,0.0,0.1117242321594755,1.5523393070157498,-13.59564513064535,0.21638046,0.2699317,0.2824755311012268,1,0,0,0,0,0,0,0,0,0,0,0,0,0
TX000804,AC00380,-0.0466187563123104,-0.1904159446241344,-1.9659230189725525,-60.0280842562068,0.0,0.4198496254217271,2.262541746947279,-1.0057703192446388,0.18616474,0.25388813,0.2729231119155884,1,0,0,0,0,0,0,0,0,0,0,0,0,0
TX000805,AC00272,-0.0413637560243642,0.0639643910044629,-1.8969933092631357,-90.93765701829372,5.960464477539064e-08,0.4435368969564359,2.5742451472024017,-0.1537672830806234,0.31492913,0.39985693,0.5388484597206116,1,1,0,1,0,0,0,0,0,0,0,0,0,0
TX000806,AC00202,-0.031362672439098,-0.0874878017064813,-0.7210204315881876,-82.93701322227582,0.0,0.4289991602596041,2.8549399788881744,-7.61163702172594,0.4340833,0.47492373,0.40775835514068604,1,0,0,0,0,0,0,0,0,0,0,0,0,0
TX000807,AC00053,-0.0270841714038985,-0.1578519017277504,-2.7706696397865445,-92.22246401179692,0.0,0.3463845146120506,2.327346897599822,-4.871549110575812,0.3107755,0.31389043,0.3283608555793762,1,0,0,0,0,0,0,0,0,0,0,0,0,0
TX000808,AC00316,-0.0434809644167586,-0.2565579470669253,-0.9225473009946796,-28.229253499930195,8.429369702178808e-08,0.4679467555265004,2.081951791126472,-1.6500209992505503,0.21637072,0.2745662,1.40596342086792,1,0,0,0,0,0,0,1,0,0,0,0,0,0
TX000809,AC00422,-0.1000422199448211,-0.2346184037739302,-3.593895149277322,-98.5133754210352,0.0,0.1513359795414594,1.7171220807042344,-8.266621664254894,0.15636446,0.1472817,0.12876933813095093,1,0,0,0,0,0,0,0,0,0,0,0,0,0
TX000810,AC00083,-0.0723764019711777,-0.2202191249938074,-3.1449766369173053,-94.7152301327825,5.960464477539064e-08,0.181526696593225,1.981829793451392,-12.946807620176653,0.2555195,0.27674195,0.7458207607269287,1,0,0,0,0,0,0,0,0,0,0,0,0,0
TX000811,AC00125,-0.0695516231304534,-0.2078205607786831,-2.0332873280618378,-89.53827082029946,0.0,0.2827922892424523,2.0538623900524224,-10.708859849434877,0.23364955,0.5832,0.37738075852394104,1,0,0,0,0,0,0,0,0,0,0,0,0,0
TX000812,AC00227,-0.0968379418011471,-0.2418774209469126,-3.922872964587927,-97.5925726154194,4.214684851089404e-08,0.1752958984036493,2.042261364451427,-4.229384784649587,0.22082251,0.16829163,0.36575543880462646,1,0,0,0,0,0,0,0,0,0,0,0,0,0
TX000813,AC00292,-0.0747811306570369,-0.0739939517129026,-1.0668440337651743,-90.83632615221148,0.0,0.3567592224131169,2.9484024382731024,-4.779739922890257,0.38080913,0.40971237,0.41043543815612793,1,0,0,0,0,0,0,0,0,0,0,0,0,0
TX000814,AC00319,-0.0447667764582532,-0.1893336659737337,-2.7249034949820468,-97.3459574176546,0.0,0.1934517821912494,2.071456725474776,-9.040509221321903,0.23492283,0.27934498,0.30911314487457275,1,0,0,0,0,0,0,0,0,0,0,0,0,0
TX000815,AC00431,-0.0311556856827491,-0.1469537000363996,-0.9630990938115672,-89.03479266469297,0.0,0.3228831331563568,2.45736673774668,-3.313878021879165,0.37571946,0.3661436,0.4186260998249054,1,0,0,0,0,0,0,0,0,0,0,0,0,0
TX000816,AC00365,-0.1087136252409844,-0.265953972797198,-3.130006279627197,-100.51543061192748,0.0,0.0,1.6214863779400046,-9.885478340878493,0.16436781,0.18540962,0.20363201200962067,1,0,0,0,0,0,0,0,0,0,0,0,0,0
TX000817,AC00050,-0.1007837042844216,-0.2164533987332477,-3.267769311746158,-97.21332891140185,0.0,0.1669570290874454,2.103706114460809,-7.381729126039109,0.18003643,0.26223227,0.3279126286506653,1,0,0,0,0,0,0,0,0,0,0,0,0,0
TX000818,AC00129,-0.1358779815014206,-0.2224433808576831,-3.620824279856152,-95.2158134602954,0.0,0.2422263351541266,1.8118370684656209,-7.741644666219473,0.20762175,0.20117538,0.21756388247013092,1,0,0,0,0,0,0,0,0,0,0,0,0,0
TX000819,AC00366,-0.118738635718481,-0.2676916642225012,-4.69102322348797,-101.87402894946794,0.0,0.0752565186499619,1.3119566311150097,-14.837955212837814,0.12872228,0.19878945,0.16717635095119476,1,0,0,0,0,0,0,0,0,0,0,0,0,0
TX000820,AC00452,-0.112811490832827,-0.2626124417814428,-4.363139544473374,-101.9893219099254,0.0,0.0297502095706423,1.609640396607111,-17.300859460419943,0.15422337,0.21033745,0.2704069912433624,1,0,0,0,0,0,0,0,0,0,0,0,0,0
TX000821,AC00339,-0.0720268648664408,-0.1529128522332561,-1.1749830988503325,-92.31250002916045,0.0,0.2860230091461933,2.430863700110875,-5.591173535802537,0.36362362,0.414135,0.39020442962646484,1,0,0,0,0,0,0,0,0,0,0,0,0,0
TX000822,AC00389,-0.051921305088631,-0.21999059900464,-3.53252986717082,-99.089171247715,0.0,0.0747900483518572,1.7073355033012836,-13.312302026068362,0.22767237,0.25621507,0.15334990620613098,1,0,0,0,0,0,0,0,0,0,0,0,0,0
TX000823,AC00188,-0.0145651891867665,-0.1244064624524046,-0.772988277418837,-89.88129745879192,0.0,0.3370481097918714,2.3919350436118383,-6.883104275400819,0.4344218,0.47072184,0.47941452264785767,1,0,0,0,0,0,0,0,0,0,0,0,0,0
TX000824,AC00039,0.0162140808235599,0.0254801003832696,-0.8840138187292039,-76.29674086735146,0.0,0.4749980536778862,2.942389581618392,-6.205963013659419,0.35335076,0.8025301,0.6347401142120361,1,2,1,1,0,0,0,1,0,0,0,1,0,1
TX000825,AC00319,-0.1023062055830561,-0.239915213686112,-2.541520727310595,-100.1711004267864,0.0,0.093182550594262,2.0030439717087845,-8.3852119365975,0.20062879,0.22549708,0.22354337573051453,1,0,0,0,0,0,0,0,0,0,0,0,0,0
TX000826,AC00077,-0.0960915848058435,-0.228905454708761,-3.310929265741609,-98.17576308552512,0.0,0.1537971750315698,1.9186173466493783,-7.451325671029486,0.24601372,0.2354318,0.27238285541534424,1,0,0,0,0,0,0,0,0,0,0,0,0,0
TX000827,AC00131,-0.0808139315069618,-0.1815068913921282,-1.944076481882948,-94.93940181140844,0.0,0.2691554333434378,2.026011393775419,-5.826184579855824,0.39718384,0.3919908,0.3811120390892029,1,0,0,0,0,0,0,0,0,0,0,0,0,0
TX000828,AC00180,-0.0165337207203758,0.1345043164736996,0.212813074629965,-77.29769716633056,2.412521045313971,0.5485965207403091,3.2151295577132277,-4.9245645993216245,0.52359676,0.96024966,,0,1,0,1,1,0,0,1,1,0,0,1,0,0
TX000829,AC00249,-0.1016714068845759,-0.2556485282422478,-3.769555925814863,-101.5873994624436,0.0,0.1473553065434026,1.7381661361817902,-14.191124097199852,0.15659025,0.1484455,0.16336123645305634,1,0,0,0,0,0,0,0,0,0,0,0,0,0
TX000830,AC00454,-0.085583658118603,-0.2322798953413392,-3.7108697671149455,-99.45606113810356,0.0,0.1872814783735071,1.6766268675798273,-12.944807123121617,0.18308777,0.19060904,0.2327001392841339,1,0,0,0,0,0,0,0,0,0,0,0,0,0
TX000831,AC00076,-0.1055052824480689,-0.2365758823174553,-3.5563868175531548,-100.08255591648152,0.0,0.0830146072047707,1.6493195616765457,-13.200138152844854,0.16136786,0.21850353,0.21929767727851868,1,0,0,0,0,0,0,0,0,0,0,0,0,0
TX000832,AC00386,-0.0710423374579828,-0.1908534645791852,-2.4479202981564034,-98.2992825207083,0.0,0.2010571076258994,1.99087947296502,-12.715300556723095,0.18036498,0.3978078,0.4065423607826233,1,0,0,0,0,0,0,0,0,0,0,0,0,0
TX000833,AC00444,-0.0703759120491963,-0.2285962605291818,-2.7635859379050283,-96.177498663822,0.0,0.1121972538916977,1.969130392599828,-7.601366297804067,0.20855403,0.22742635,0.18466179072856903,1,0,0,0,0,0,0,0,0,0,0,0,0,0
TX000834,AC00307,-0.0425875341091709,-0.2439974812439588,-2.645493578325252,-96.92456876391353,0.0,0.0475356916985247,1.9238793297560948,-11.971740313348691,0.27602002,0.25024173,0.20351910591125488,1,0,0,0,0,0,0,0,0,0,0,0,0,0
TX000835,AC00397,-0.1047596191214467,-0.2243694548335055,-3.760520715346636,-100.23089511582192,0.0,0.218107636119677,1.9367909673491732,-8.136356257753366,0.1951256,0.18445131,0.21210360527038574,1,0,0,0,0,0,0,0,0,0,0,0,0,0
TX000836,AC00078,-0.0264464143382079,-0.1290717331488773,-1.1589855390915629,-88.34435038329019,0.0,0.3637467534417362,2.6548221024847583,-8.594656757272618,0.30758625,0.41722658,0.9887669682502747,1,0,0,0,0,0,0,0,0,0,0,0,0,0
TX000837,AC00348,-0.0884654491774481,-0.1131972438952173,-2.386202423403991,-93.88416820883606,0.0,0.2717432793875128,2.538652616537252,-5.274176544560277,0.25418893,0.31510556,0.3236759901046753,1,0,0,0,0,0,0,0,0,0,0,0,0,0
TX000838,AC00169,-0.0078293346171336,-0.2307436737884902,-0.896817882782118,-20.35501543055869,2.584536968227836,0.5178083642145997,2.527179208794359,2.2481276829941192,0.20866153,0.3057109,,0,0,0,0,0,0,0,1,0,0,0,0,0,0
TX000839,AC00007,-0.0407668014969512,-0.0545568794581152,-1.7293722655605306,-94.3136154441088,0.0,0.3737069879882903,2.5131944839435687,-9.92969014130058,0.36751842,0.5082596,0.5333318710327148,1,0,0,0,0,0,0,0,0,0,0,0,0,0
TX000840,AC00009,-0.0283304496401967,-0.1011876590095803,-1.2555848331730148,-91.8436885939384,0.0,0.2824168582748349,2.232196298805857,-9.58299381019002,0.4274196,0.5121481,0.49884727597236633,1,0,0,0,0,0,0,0,0,0,0,0,0,0
TX000841,AC00065,-0.0609003441481528,-0.1358491219195368,-2.0787011050772977,-89.52494518893677,0.0,0.3162386410207268,2.285112676541233,-9.287795239509112,0.26148054,0.49045393,0.30353328585624695,1,0,0,0,0,0,0,0,0,0,0,0,0,0
TX000842,AC00362,-0.0658559166570503,-0.1444075690474315,-1.1762615326753076,-92.68085544612964,0.0,0.3492429216649158,2.71698894064286,-10.332782420026303,0.33372277,0.39395815,0.3550269305706024,1,0,0,0,0,0,0,0,0,0,0,0,0,0
TX000843,AC00444,-0.1241579526408296,-0.2592989715137374,-3.96847001413152,-101.11408815378589,0.0,0.096114535614184,1.7197504259252614,-9.464927743216576,0.16363207,0.17064439,0.14341340959072113,1,0,0,0,0,0,0,0,0,0,0,0,0,0
TX000844,AC00106,-0.1198787182606932,-0.2378961114881115,-4.101292208377084,-100.49729922238882,0.0,0.2501174783905886,1.8081114306392745,-15.16187222441602,0.19242857,0.13039064,0.5766364336013794,1,0,0,0,0,0,0,0,0,0,0,0,0,0
TX000845,AC00241,-0.0853826326037607,-0.2237191556448297,-2.727800844281004,-93.98907032027014,0.0,0.2114041589347145,2.058675446295009,-7.217080407710407,0.2109888,0.2657462,0.22041970491409302,1,0,0,0,0,0,0,0,0,0,0,0,0,0
TX000846,AC00092,-0.0818327354100052,-0.2228917424763759,-1.6236035877722808,-94.02574977232145,0.0,0.2078801489428434,2.0271745144346824,-5.9335453947530485,0.31540498,0.28800932,0.29142895340919495,1,0,0,0,0,0,0,0,0,0,0,0,0,0
TX000847,AC00173,-0.1435348218393184,-0.2724852474028402,-3.8823731733774887,-103.1391506004748,0.0,0.052732563189858,1.3964388242642634,-10.875947480422402,0.09116545,0.11678371,0.30617982149124146,1,0,0,0,0,0,0,0,0,0,0,0,0,0
TX000848,AC00363,-0.015091127813205,-0.0991403948928666,-1.022607103815938,-88.57847558009624,0.0,0.4528986982513662,3.06149073819609,-9.671077170654872,0.5634351,0.55215037,0.420194149017334,1,1,0,0,0,0,0,0,0,0,1,0,0,0
TX000849,AC00185,-0.0610039385651757,-0.2159431625622008,-3.640582876356869,-99.34216434594089,0.0,0.2588511491323962,1.7877748040482,-13.262488076598112,0.20286006,0.20372969,0.21229882538318634,1,0,0,0,0,0,0,0,0,0,0,0,0,0
TX000850,AC00370,-0.11452463962975,-0.255595212853445,-4.899559378490676,-102.3057995204093,0.0,0.1753598723813004,1.6356003253496547,-5.138877592232343,0.119134694,0.104343206,0.17586353421211243,1,0,0,0,0,0,0,0,0,0,0,0,0,0
TX000851,AC00124,2.6891644493654e-05,-0.1730554632057415,0.396217039506598,-8.24725104868783,2.783876961512951,0.5641036838988851,3.1349806512406824,5.956250753702277,0.43271616,0.51224065,1.7148840427398682,1,1,1,0,1,0,1,1,0,1,0,0,1,0
TX000852,AC00412,-0.1031060418945834,-0.2021022793166005,-2.220639682494453,-93.47548293001128,0.0,0.2753494896322299,2.2687811216973333,-6.414366755198535,0.3193044,0.34099853,0.4461851716041565,1,0,0,0,0,0,0,0,0,0,0,0,0,0
TX000853,AC00068,-0.0971216046761528,-0.2246180188233748,-2.297936201627892,-99.29762919883233,0.0,0.2567435457993102,2.1455638214836816,-13.298267534125594,0.220819,0.2686043,0.24707889556884766,1,0,0,0,0,0,0,0,0,0,0,0,0,0
TX000854,AC00321,-0.0532506413371313,-0.1417285642181791,-1.2742152036380192,-87.90873990001748,0.0,0.3476803607767531,2.509696188139151,-4.010526688674672,0.38207108,0.41794255,,0,0,0,0,0,0,0,0,0,0,0,0,0,0
TX000855,AC00302,-0.0684756780409561,-0.1598632647894031,-1.7488901087735238,-95.47635916965294,0.0,0.2742442633576366,2.217632946509683,-11.290075604902572,0.21773304,0.536759,0.4633701741695404,1,0,0,0,0,0,0,0,0,0,0,0,0,0
TX000856,AC00217,0.0132554852886119,-0.2279846587461238,-0.7209650682846931,120.50009248580548,0.0,0.4161907318320409,2.711772527656055,-0.0770158072264464,0.19082037,0.19116968,0.3790268898010254,1,1,1,0,0,1,0,0,0,0,0,0,0,0
TX000857,AC00298,-0.0357550551153383,-0.1497185751653638,-1.591458649153247,-95.15719219723056,0.0,0.2626769649370754,2.297190822345141,-10.963042763846566,0.3171667,0.37529647,0.3792632520198822,1,0,0,0,0,0,0,0,0,0,0,0,0,0
TX000858,AC00327,-0.0580827280318057,-0.106458323367625,-1.3875708970072589,-93.05448719427524,0.0,0.3884534879301627,2.381486799642885,-12.665989226557825,0.47751343,0.48989555,0.9934402108192444,1,0,0,0,0,0,0,0,0,0,0,0,0,0
TX000859,AC00054,-0.0982877949319781,-0.2061837646516005,-2.4810519135875166,-98.33140049549075,0.0,0.1844998454515943,2.245053331554305,-7.441655231685147,0.27619147,0.27604786,0.23358485102653503,1,0,0,0,0,0,0,0,0,0,0,0,0,0
TX000860,AC00403,-0.0898520283858372,-0.1846334279583015,-2.488579373622728,-96.64863923634609,0.0,0.2408573911775588,1.8279117841788184,-13.101653768932003,0.18133432,0.39838597,0.34972232580184937,1,0,0,0,0,0,0,0,0,0,0,0,0,0
TX000861,AC00397,-0.0791241099723531,-0.1592798777412605,-1.4452533368603744,-94.18911393393869,0.0,0.3017943013687902,2.41794161323441,-11.46198673929312,0.34861588,0.4164778,0.5414328575134277,1,0,0,0,0,0,0,0,0,0,0,0,0,0
TX000862,AC00383,-0.1011390227452324,-0.2505351247735965,-2.9471206978571773,-98.8302216749557,0.0,0.1766938171751341,1.5620054696375412,-14.354450318192056,0.22680977,0.23021375,0.25259751081466675,1,0,0,0,0,0,0,0,0,0,0,0,0,0
TX000863,AC00450,-0.1051332919256368,-0.2419110705573682,-2.827701419215232,-99.77831760880694,0.0,0.1070105341195825,1.785822896147526,-9.435464389464064,0.18338838,0.28253916,0.14699392020702362,1,0,0,0,0,0,0,0,0,0,0,0,0,0
TX000864,AC00086,-0.0334312575203628,-0.2121351384128504,-1.2472019157249834,-57.56242898779604,0.0,0.4042210623752821,2.604211632159748,0.3354895250158436,0.27075735,0.33762118,0.2793393135070801,1,0,0,0,0,0,0,0,0,0,0,0,0,0
TX000865,AC00156,-0.1409300064776987,-0.2554458447516141,-4.730611663359691,-104.5796434469915,0.0,0.0,1.4172637541762632,-11.101846833605489,0.093166195,0.12595491,0.13440023362636566,1,0,0,0,0,0,0,0,0,0,0,0,0,0
TX000866,AC00418,-0.107224501678035,-0.2114783802975592,-1.9625379310089024,-96.17102511211336,0.0,0.1034211786941939,2.0359318754568605,-7.945681556910766,0.24845698,0.2228913,0.5567857027053833,1,0,0,0,0,0,0,0,0,0,0,0,0,0
TX000867,AC00263,-0.121317942446856,-0.214231932692315,-2.8289954997550497,-96.636968087709,0.0,0.1921761677775345,2.050187056792486,-8.414773304480057,0.21274358,0.23590043,0.23198039829730988,1,0,0,0,0,0,0,0,0,0,0,0,0,0
TX000868,AC00009,-0.1051608211716049,-0.2217458819736173,-2.5848905419198536,-97.86556378517813,4.214684851089404e-08,0.1637622792947302,1.8333463007958783,-14.87369341454137,0.2649898,0.309069,0.3922753632068634,1,0,0,0,0,0,0,0,0,0,0,0,0,0
TX000869,AC00436,-0.1015617323195803,-0.2547678796843473,-3.218848370454816,-96.8147395099978,0.0,0.1133206843264729,1.8156092866029852,-8.478773388626225,0.17520627,0.17487212,0.16721667349338531,1,0,0,0,0,0,0,0,0,0,0,0,0,0
TX000870,AC00399,-0.1059695919405304,-0.2238847670900219,-1.9709367439222327,-99.54144432199992,0.0,0.1873395870566616,1.83692330919112,-7.901789350619862,0.22901596,0.29445618,0.2752067744731903,1,0,0,0,0,0,0,0,0,0,0,0,0,0
TX000871,AC00182,-0.0535794868803325,-0.0674336704527698,0.7037205471527024,-11.78324427701503,2.1557495325954354,0.5191212922843673,3.426065998595865,4.832333669229169,0.48389107,0.5562934,1.3590766191482544,1,0,0,0,1,0,0,1,1,1,0,0,0,0
TX000872,AC00482,-0.057513125530218,-0.1496542554619331,-1.8606714970465128,-91.08053004479224,0.0,0.3057519415820239,2.3095959745367627,-5.727468421766825,0.34776637,0.35065258,0.343278706073761,1,0,0,0,0,0,0,0,0,0,0,0,0,0
TX000873,AC00475,-0.0849092398969595,-0.2403101537139169,-3.2252825275684023,-100.26498274320087,0.0,0.13705017892158,1.695002653763784,-14.05071649537044,0.22616076,0.24624759,0.23940563201904297,1,0,0,0,0,0,0,0,0,0,0,0,0,0
TX000874,AC00253,-0.0815490587138275,-0.1555833956252337,-1.7864443023673706,-95.4321288617935,0.0,0.2914399340646352,2.265157948496298,-11.780209787888891,0.31801957,0.43259102,0.41023510694503784,1,0,0,0,0,0,0,0,0,0,0,0,0,0
TX000875,AC00376,-0.0856139360203996,-0.2172130028476395,-2.3022455385690224,-96.43022661532598,0.0,0.1714978267025603,2.0023905690235395,-7.751850403372511,0.2066831,0.3185584,0.25960850715637207,1,0,0,0,0,0,0,0,0,0,0,0,0,0
TX000876,AC00058,-0.1079581813621171,-0.248409731596475,-3.2287756550692484,-99.61242911821674,0.0,0.1430579256181486,1.8333687503375573,-7.830630623973021,0.22652149,0.20160979,0.26542219519615173,1,0,0,0,0,0,0,0,0,0,0,0,0,0
TX000877,AC00304,-0.0220969691853859,-0.0316394088676548,-0.2426829840819513,-89.97691922118678,0.0,0.3945387051012989,2.8517183110663145,-8.654984655481828,0.55292535,0.54902595,0.41372495889663696,1,1,0,0,0,0,0,0,0,0,1,0,0,0
TX000878,AC00035,-0.0781576700719847,-0.2088271326564796,-3.4497617345986398,-98.61573815337832,0.0,0.2543531088666545,1.8421318963736,-12.912209241421166,0.16172004,0.28019974,0.22756147384643555,1,0,0,0,0,0,0,0,0,0,0,0,0,0
TX000879,AC00366,0.0082021198263367,-0.0187342786328832,-0.3833745270011643,-68.82444974457104,0.0,0.4069215024584207,2.6361198671286195,6.07520472584966,0.5022849,0.4736724,0.491109162569046,1,1,1,0,0,0,0,0,0,1,0,0,0,0
TX000880,AC00362,0.0228593095492932,-0.000246848871148,0.6051476288292967,-85.22868340968033,0.0,0.4313897694238561,3.216845586828512,-6.250985467259135,0.60363257,0.6094072,0.43669620156288147,1,2,1,0,1,0,0,0,1,0,1,0,0,1
TX000881,AC00094,-0.1080764638728887,-0.1931612480903413,-1.8553927115504816,-88.92514581393729,0.0,0.2704938805202493,1.819722331363685,-6.368248096360037,0.38660598,0.40408018,0.38058313727378845,1,0,0,0,0,0,0,0,0,0,0,0,0,0
TX000882,AC00225,-0.0746172861459652,-0.2247979883049307,-2.058902716366128,-96.4647912354986,0.0,0.1197137128932062,2.179601352074102,-7.218312611291453,0.29941055,0.2958213,0.1583545207977295,1,0,0,0,0,0,0,0,0,0,0,0,0,0
TX000883,AC00474,-0.107018527102789,-0.2197036817445836,-1.1747595604277974,-95.95615276773958,0.0,0.1684254852823465,2.3357440233231186,-7.073525306380115,0.3214426,0.3811284,0.3085378408432007,1,0,0,0,0,0,0,0,0,0,0,0,0,0
TX000884,AC00448,-0.0834189907892578,-0.2582883258880746,-1.1062548471754603,28.41520300445093,0.0,0.3392993277024032,1.6532453079696483,-13.84216552941612,0.16444953,0.17527173,0.19922839105129242,1,0,0,0,0,1,0,0,0,0,0,0,0,0
TX000885,AC00439,-0.0822165984445865,-0.1993704083235701,-2.125314020093083,-94.35995708751098,4.214684851089404e-08,0.2147522363249331,2.096579934314893,-4.170769791252309,0.2753778,0.33651453,0.30177462100982666,1,0,0,0,0,0,0,0,0,0,0,0,0,0
TX000886,AC00133,-0.0259995477162239,-0.0709493214408392,-1.0870488950114048,-88.14334269340054,0.0,0.349328576752926,2.36818608977745,-2.2349270143231705,0.42204243,0.4449366,0.40584880113601685,1,0,0,0,0,0,0,0,0,0,0,0,0,0
TX000887,AC00480,-0.0506162747887348,-0.1844875404008648,-2.5888914683870263,-96.86380297988218,5.960464477539064e-08,0.2562938497727116,2.4627898049873846,-11.917245687957571,0.34998477,0.33675444,0.1990904062986374,1,0,0,0,0,0,0,0,0,0,0,0,0,0
TX000888,AC00265,-0.0681915635015076,-0.2170206047803484,-3.913287061972937,-97.85053764547946,0.0,0.067340405482196,2.0311897627487685,-8.328662498539318,0.19119085,0.18585688,0.1433347761631012,1,0,0,0,0,0,0,0,0,0,0,0,0,0
TX000889,AC00176,-0.0413298851086997,-0.1254885814746782,-1.4045773135640056,-73.04595432940152,0.0,0.3168587499682987,2.322744578936762,-6.853531429207024,0.4725541,0.47711626,0.4479893445968628,1,0,0,0,0,0,0,0,0,0,0,0,0,0
TX000890,AC00278,-0.0448359941737269,-0.2195554039467637,-2.290189129590341,-93.3503755878482,0.0,0.1757464554530499,2.0328698787211668,-6.332265820098439,0.26862237,0.26601034,0.22708050906658173,1,0,0,0,0,0,0,0,0,0,0,0,0,0
TX000891,AC00216,-0.0704352949202831,-0.2216594594373915,-3.1937584681168927,-94.3066706723645,0.0,0.2017240553418738,2.250628432205263,-10.991299757803452,0.2410494,0.3085114,0.2919827997684479,1,0,0,0,0,0,0,0,0,0,0,0,0,0
TX000892,AC00431,-0.1006853630323079,-0.2143806255564773,-2.6371365795399937,-95.09851024217996,0.0,0.2196119093540911,1.999367399489036,-7.617280106311011,0.19653793,0.3556063,0.6343494057655334,1,0,0,0,0,0,0,0,0,0,0,0,0,0
TX000893,AC00063,-0.0553529597318591,-0.1766235585076419,-1.4300431590576297,-94.01942719498876,0.0,0.2804745196711833,2.2613712028986264,-10.629166288047944,0.31805128,0.38792342,0.3339950144290924,1,0,0,0,0,0,0,0,0,0,0,0,0,0
TX000894,AC00090,-0.0764126141209882,-0.2164656155875799,-3.4702360170469,-99.35989862594433,4.214684851089404e-08,0.2445531480903171,2.2320057413347776,-13.36864402795598,0.21931688,0.27506983,0.23072586953639984,1,0,0,0,0,0,0,0,0,0,0,0,0,0
TX000895,AC00133,-0.0711794370992657,-0.2000741353492507,-2.926476618452239,-97.96653891850433,0.0,0.291342178679175,2.1011582300653218,-13.967360520894772,0.24855185,0.31791857,0.334839791059494,1,0,0,0,0,0,0,0,0,0,0,0,0,0
TX000896,AC00357,-0.0551196725186717,-0.2137273861971571,-2.360676544755049,-96.39703855260096,0.0,0.1920020245452144,1.8298589810731063,-10.875290883336683,0.31505373,0.3378272,0.5373977422714233,1,0,0,0,0,0,0,0,0,0,0,0,0,0
TX000897,AC00404,-0.1121818415821198,-0.2253999085877183,-3.210646057561637,-96.56394205476792,0.0,0.2145540742623943,1.97933225656874,-7.238915971510074,0.15569745,0.23627864,0.190170019865036,1,0,0,0,0,0,0,0,0,0,0,0,0,0
TX000898,AC00390,-0.0392971680714778,-0.1467065480288414,-1.8064443083787465,-73.75091168821075,0.0,0.3429201605639035,2.205077030030133,-3.341060770140496,0.36057198,0.38883734,0.41960766911506653,1,0,0,0,0,0,0,0,0,0,0,0,0,0
TX000899,AC00083,0.0596489284107147,0.5831566793825045,4.022970155230951,157.31079931869874,5.243354141820026,0.7588974246403604,5.493003593625084,2.009763511756289,0.3455702,1.5139011,1.6617876291275024,1,2,1,1,1,1,1,1,1,0,0,1,1,1
TX000900,AC00161,-0.0827957543885545,-0.2117169143736452,-2.133967596320253,-91.39594636625776,0.0,0.2286392314690562,2.114878719805032,-6.689846858196826,0.25654987,0.24420232,0.3215712904930115,1,0,0,0,0,0,0,0,0,0,0,0,0,0
TX000901,AC00425,-0.0763852410687794,-0.2040233502939505,-2.116190748995556,-95.4346629107629,0.0,0.2791012465866194,2.259518001682555,-12.820010551534605,0.33218566,0.38331673,0.3954371213912964,1,0,0,0,0,0,0,0,0,0,0,0,0,0
TX000902,AC00363,-0.0060268446864979,-0.1073319260789318,-0.2321109789883291,-70.86130980976765,0.0,0.442589151609095,2.7321705956607776,-8.482513850965724,0.34286663,0.3676144,0.20303550362586975,1,0,0,0,0,0,0,0,0,0,0,0,0,0
TX000903,AC00385,-0.0447113535471626,-0.1618683848115869,-3.1531139006825226,-95.9812002001808,0.0,0.3131420000334763,2.042347669552891,-3.487426102979981,0.29452717,0.3254395,0.4301641285419464,1,0,0,0,0,0,0,0,0,0,0,0,0,0
TX000904,AC00045,-0.0347860718518312,-0.1061371860556488,-0.3487380420821306,-91.73020371775576,0.0,0.3284980658282326,2.684490683518062,-9.149813122121516,0.42531818,0.45417568,0.6571505069732666,1,0,0,0,0,0,0,0,0,0,0,0,0,0
TX000905,AC00480,-0.0658168726969747,-0.1144660413430911,-1.0113878241194216,-91.418818434837,0.0,0.3248731506858873,2.755765380284842,-4.564148290752007,0.46262968,0.4657415,0.34744274616241455,1,0,0,0,0,0,0,0,0,0,0,0,0,0
TX000906,AC00369,-0.0425504848331571,-0.2178707968744506,-1.6643769691623715,-79.5908766042009,0.0,0.3571244883217141,2.1598118796201344,-12.53395919811107,0.25635242,0.2489993,0.33155980706214905,1,0,0,0,0,0,0,0,0,0,0,0,0,0
TX000907,AC00109,-0.0768361026126811,-0.2045326198446047,-1.3851968781376582,-93.0746507794273,0.0,0.287915013649864,1.9210287776495445,-6.61065800604828,0.2970164,0.32076672,,0,0,0,0,0,0,0,0,0,0,0,0,0,0
TX000908,AC00264,-0.0683258396484021,-0.1295841108510187,-1.897799614396404,-94.72542400860328,0.0,0.3103679621373521,2.187444484470021,-0.038646375003249,0.56174195,0.40223482,0.5224587321281433,1,1,0,0,0,0,0,0,0,0,1,0,0,0
TX000909,AC00076,-0.038225271898013,-0.107827173132907,-1.013105599858573,-91.79818530885686,0.0,0.4216460095426226,2.714014739973635,-9.620434950686011,0.3964854,0.42798942,0.47101423144340515,1,0,0,0,0,0,0,0,0,0,0,0,0,0
TX000910,AC00438,-0.0406314024560342,-0.2593039831229944,-1.5214417195764698,-25.02690293742808,0.0,0.0,1.8882926863831544,-0.7462591635383458,0.15148492,0.18262956,1.3968361616134644,1,0,0,0,0,0,0,0,0,0,0,0,0,0
TX000911,AC00453,-0.0825410930500269,-0.2340024543440111,-2.8531416053619685,-100.69316890841178,0.0,0.1060393299348748,1.9730258440163104,-14.33515837637196,0.21930528,0.25445876,0.22074127197265625,1,0,0,0,0,0,0,0,0,0,0,0,0,0
TX000912,AC00222,-0.1048547681396527,-0.2577767802901586,-2.7782412089490576,-94.51879325067704,0.0,0.1915559472867255,1.511952352724121,-13.517986547499122,0.15941738,0.12460443,0.14595593512058258,1,0,0,0,0,0,0,0,0,0,0,0,0,0
TX000913,AC00179,-0.0313287056369735,-0.1451543191191153,-1.3007207734591004,-93.13468992551891,0.0,0.2773545984909794,2.259274433516848,-9.978669159988224,0.42681965,0.3933678,0.4075723886489868,1,0,0,0,0,0,0,0,0,0,0,0,0,0
TX000914,AC00386,-0.1223587076690483,-0.2558722685366751,-4.320517681794232,-101.33031199163672,0.0,0.1047218855054624,1.7951547998582016,-7.869157372597768,0.15860945,0.17910147,0.14224839210510254,1,0,0,0,0,0,0,0,0,0,0,0,0,0
TX000915,AC00171,-0.1220801818635829,-0.2514511215416444,-2.655659305109867,-96.93852124399368,0.0,0.1621068068632525,1.7417751785233122,-8.726801784383744,0.20829432,0.21600147,0.22102691233158112,1,0,0,0,0,0,0,0,0,0,0,0,0,0
TX000916,AC00336,-0.1149370314327825,-0.2240453243644782,-3.04082276935742,-96.78130973532085,0.0,0.2577631657877473,2.292050649893922,-14.091586834955578,0.3097127,0.2711445,0.26100099086761475,1,0,0,0,0,0,0,0,0,0,0,0,0,0
TX000917,AC00272,0.0123674377898602,-0.2223734326276614,-0.1709797941639035,-26.01614862550436,2.370129780017564,0.5000739667024959,2.507952860789648,1.7186469281071253,0.34921625,0.3578908,1.5675204992294312,1,1,1,0,0,0,0,1,0,0,0,0,1,0
TX000918,AC00402,-0.027148937190635,-0.1834715219987395,-2.8368026762957514,-96.05738325095598,4.214684851089404e-08,0.2520010129612428,2.319434209077301,-11.40743358638279,0.35508654,0.31322983,0.28653982281684875,1,0,0,0,0,0,0,0,0,0,0,0,0,0
TX000919,AC00136,-0.0544950770477112,-0.2019307564974262,-2.4071973540078178,-92.4067341258244,0.0,0.2826923186401012,2.1445112913463795,-6.54619587873785,0.2611741,0.29420343,0.26355892419815063,1,0,0,0,0,0,0,0,0,0,0,0,0,0
TX000920,AC00280,-0.0628715312479784,-0.2434057296016222,-3.7357425227173904,-99.96772788475444,4.214684851089404e-08,0.1746598137432848,1.6468528699328897,-5.073118787772485,0.17970797,0.23548889,0.24484699964523315,1,0,0,0,0,0,0,0,0,0,0,0,0,0
TX000921,AC00352,-0.0910106963387294,-0.2709706546942466,-3.220774352673165,-100.95948392665908,0.0,0.0153722963112688,1.3770175102143465,-15.39070589051643,0.22704707,0.22602712,0.28307870030403137,1,0,0,0,0,0,0,0,0,0,0,0,0,0
TX000922,AC00495,-0.0947435060129932,-0.2388015278621628,-3.2577285994406315,-99.49312197740316,0.0,0.1750946673452226,1.87182055950226,-7.61058432443988,0.20567614,0.1882721,0.22729767858982086,1,0,0,0,0,0,0,0,0,0,0,0,0,0
TX000923,AC00061,-0.0665163355263232,-0.1947064295491047,-2.8458660529989688,-98.08841017656223,4.214684851089404e-08,0.2562643193406435,1.990496026046588,-13.030656520550217,0.26775,0.3005418,0.2590765655040741,1,0,0,0,0,0,0,0,0,0,0,0,0,0
TX000924,AC00129,-0.1149962791555898,-0.1752838144232389,-1.5310826059764038,-94.43738098148764,0.0,0.3028989118540592,2.0186837890702805,-5.999166454831897,0.2084599,0.51660144,0.4561842381954193,1,0,0,0,0,0,0,0,0,0,0,0,0,0
TX000925,AC00237,-0.0763198476482161,-0.2247352109047069,-2.562961605765559,-66.22508656227095,5.960464477539064e-08,0.0,2.383579308786163,-3.4104281919417496,0.15947706,0.19272101,0.7089507579803467,1,0,0,0,0,0,0,0,0,0,0,0,0,0
TX000926,AC00230,-0.0971367908317046,-0.2381032764174764,-3.051820503307636,-100.26321571902196,0.0,0.0615606960881275,1.9885327734291165,-7.027920910796273,0.2150991,0.22441027,0.18982583284378052,1,0,0,0,0,0,0,0,0,0,0,0,0,0
TX000927,AC00224,-0.0573873836727922,-0.1927884660096981,-1.5929139339411114,-68.71988570310242,1.5581982844456712,0.482877754107505,2.843119846158336,6.761443547386271,0.2723138,0.310168,,0,0,0,0,0,0,0,1,0,1,0,0,0,0
TX000928,AC00354,-0.0765394346374029,-0.219481875863825,-1.7904038576829882,-97.93380364409046,0.0,0.2552843567959976,1.907128697318501,-14.522880827261204,0.30558667,0.3377946,0.3490241467952728,1,0,0,0,0,0,0,0,0,0,0,0,0,0
TX000929,AC00479,-0.0467310026750126,-0.2213676140420692,-3.1038139433213017,-97.52556500369646,4.214684851089404e-08,0.2443017026695587,2.2558886550525328,-13.513542154177882,0.20969158,0.3104697,0.3733660876750946,1,0,0,0,0,0,0,0,0,0,0,0,0,0
TX000930,AC00329,-0.0715428806552088,-0.0531663187391393,-0.2847605861114157,-84.28947710164503,0.0,0.4028093817694159,2.7949840235962062,-9.605364815673026,0.63406897,0.65350765,0.597988486289978,1,1,0,0,0,0,0,0,0,0,1,1,0,0
TX000931,AC00160,-0.0934677349778275,-0.210227901869038,-1.982968247896172,-95.22010111484111,0.0,0.1971951599546264,2.19212238934788,-5.920343622707982,0.28777704,0.35929325,,0,0,0,0,0,0,0,0,0,0,0,0,0,0
TX000932,AC00050,-0.0537673022667945,-0.2164094942269427,-2.703127680139537,-95.91790215606795,4.214684851089404e-08,0.221396372396229,1.975973964274194,-10.00093982448622,0.2798872,0.33209014,0.5848845839500427,1,0,0,0,0,0,0,0,0,0,0,0,0,0
TX000933,AC00200,-0.0078430231876667,-0.2360726738424414,-1.3125171575791894,-27.6963175585539,0.0,0.0,2.000870329680572,6.400801648965647,0.16953479,0.20865893,1.4733401536941528,1,0,0,0,0,0,0,0,0,1,0,0,0,0
TX000934,AC00254,-0.0758724636876291,-0.1981578643500026,-1.8593370411852053,-92.78399606679162,0.0,0.2756728323561295,1.8745590088788413,-6.803216548837329,0.2766848,0.2797539,0.3047809600830078,1,0,0,0,0,0,0,0,0,0,0,0,0,0
TX000935,AC00456,0.0888931855277337,0.0780801948491813,1.6082995695922566,661.5951625371973,5.614859936682064,0.6116282661534418,8.271449283407344,7.161864346068176,0.5786768,0.464852,2.8845324516296387,1,3,1,1,1,1,1,1,1,1,1,0,1,1
TX000936,AC00320,-0.0390296515495196,-0.0551994478234609,-0.1855325250011263,-90.83411125240131,0.0,0.4253536016433546,2.9122855778632912,-11.60525350569548,0.48221976,0.5980507,0.5470462441444397,1,0,0,0,0,0,0,0,0,0,0,0,0,0
TX000937,AC00446,-0.094481474844538,-0.2393135701004435,-3.799122071825125,-99.2022195658301,0.0,0.1836814637743598,1.7533073209486196,-13.890820625831951,0.17324123,0.12457184,0.3596619963645935,1,0,0,0,0,0,0,0,0,0,0,0,0,0
TX000938,AC00292,-0.1113438132860403,-0.2281155264168342,-2.31480314992186,-96.99681178474808,0.0,0.159149358289865,1.6056601543935551,-8.986787545453288,0.22264144,0.24167281,0.2437552660703659,1,0,0,0,0,0,0,0,0,0,0,0,0,0
TX000939,AC00111,-0.0918263409101586,-0.2227092043537157,-2.832889114482525,-88.5261205709697,0.0,0.1988214839230253,1.944911967900865,-6.869031711331899,0.224246,0.22287191,0.2498977929353714,1,0,0,0,0,0,0,0,0,0,0,0,0,0
TX000940,AC00157,-0.0848057215041616,-0.1808473093506419,-2.141127224936601,-89.50202031284195,0.0,0.2909143281470168,2.058970596583628,-7.107694928858093,0.25287998,0.2530113,0.2517317831516266,1,0,0,0,0,0,0,0,0,0,0,0,0,0
TX000941,AC00429,-0.0604038749065246,-0.1486277362123351,-1.486506964131908,-90.47888194977682,0.0,0.301817707403359,2.248317865764061,-5.920422082986465,0.33792073,0.43466318,0.28760993480682373,1,0,0,0,0,0,0,0,0,0,0,0,0,0
TX000942,AC00182,-0.1166662972910141,-0.2433495130857265,-3.488561773763032,-102.03431760107524,0.0,0.1402070648147879,1.62361041914721,-8.087552409159319,0.25116512,0.17045727,0.18238002061843872,1,0,0,0,0,0,0,0,0,0,0,0,0,0
TX000943,AC00166,-0.1010065978637558,-0.2553502251085013,-4.074166161938501,-101.70064174321756,0.0,0.0273010875417522,1.4297224277783358,-14.908531800795972,0.14795844,0.15026106,0.1603730320930481,1,0,0,0,0,0,0,0,0,0,0,0,0,0
TX000944,AC00005,-0.0637522865125239,-0.1668309009336566,-2.872984482661044,-95.24514657556188,0.0,0.3154198236833279,2.45021843155948,-0.0579879108288317,0.30005738,0.28434995,1.5021179914474487,1,0,0,0,0,0,0,0,0,0,0,0,1,0
TX000945,AC00459,-0.0676332548701406,-0.1006528639009745,-1.4376757189380909,-90.55575576032112,0.0,0.3732108779160668,2.10405397227724,-5.519421077707022,0.3373134,0.3771386,0.3795510530471802,1,0,0,0,0,0,0,0,0,0,0,0,0,0
TX000946,AC00432,-0.1233742504536651,-0.2162952181613728,-1.2484381498979955,-96.5679759268634,0.0,0.1784308829714379,2.0044520763271856,-8.050313097208818,0.25510937,0.34905386,0.3265122175216675,1,0,0,0,0,0,0,0,0,0,0,0,0,0
TX000947,AC00317,-0.0638359008490455,-0.2288164187859493,-2.5146981156163504,-99.20049010629748,0.0,0.1217139360230396,1.7921321027151635,-13.4712876525423,0.22260407,0.31496134,0.24979959428310394,1,0,0,0,0,0,0,0,0,0,0,0,0,0
TX000948,AC00377,-0.0996643444999184,-0.2302985283106595,-2.68949661403179,-97.5094121346085,0.0,0.173800588685349,1.6487383001496916,-7.934396855865907,0.22754481,0.224712,0.2802240252494812,1,0,0,0,0,0,0,0,0,0,0,0,0,0
TX000949,AC00130,-0.0393843417614722,-0.131205250116273,-1.5353863629183424,-93.94788149491536,0.0,0.2707709647298142,2.16674604979134,-10.676821451104312,0.48874676,0.4605556,0.5316864848136902,1,0,0,0,0,0,0,0,0,0,0,0,0,0
TX000950,AC00236,-0.067066471538225,-0.1888488101978769,-1.5497205980658508,-96.14354720766262,0.0,0.2343837539717401,2.5516359912773208,-11.173393816872668,0.33064735,0.3662749,0.44699519872665405,1,0,0,0,0,0,0,0,0,0,0,0,0,0
TX000951,AC00243,-0.1032183369664577,-0.2109123506505876,-2.557140999127154,-97.13030332137106,0.0,0.1432983829030208,2.2692266942568544,-12.74585731724794,0.2701955,0.23451301,0.29521533846855164,1,0,0,0,0,0,0,0,0,0,0,0,0,0
TX000952,AC00017,-0.1039665351769684,-0.2334601370740774,-2.080422578503988,-55.7466495216976,0.0,0.3022839974522964,2.4324958659641607,-14.619185649329474,0.13736169,0.14695065,0.11894091218709946,1,0,0,0,0,0,0,0,0,0,0,0,0,0
TX000953,AC00295,-0.1300051062966211,-0.2219933136364607,-3.450999405703789,-98.53565214174044,0.0,0.2054053624613362,2.0376123279671527,-8.864137495322778,0.15521447,0.1739731,0.1999785155057907,1,0,0,0,0,0,0,0,0,0,0,0,0,0
TX000954,AC00187,0.0111512029577448,-0.2427263162245798,-0.4426395266593212,32.5635313587765,0.0,0.487735727338134,2.7121292038446976,8.579006978881953,0.24624082,0.23212832,2.465728998184204,1,1,1,0,0,1,0,1,0,1,0,0,1,0
TX000955,AC00395,-0.1009098511777905,-0.2352783840110295,-3.950631332861241,-100.4388405939082,0.0,0.1382440990276644,1.936683518138368,-3.3483229246507817,0.17331412,0.16108452,0.1171296164393425,1,0,0,0,0,0,0,0,0,0,0,0,0,0
TX000956,AC00225,0.0221739276555318,0.1063595892241611,0.4067325909556762,-55.66169840109276,2.715112602891312,0.5796868359840034,3.818712804614665,11.64232167891934,0.7780934,0.802724,1.0370724201202393,1,3,1,1,1,0,1,1,1,1,1,1,0,1
TX000957,AC00355,-0.0917706134874806,-0.1969015965866192,-2.18228853766252,-96.03125795254182,0.0,0.1194164174885227,2.444984412071414,-11.821241949383111,0.29767242,0.26395363,0.27585992217063904,1,0,0,0,0,0,0,0,0,0,0,0,0,0
TX000958,AC00217,-0.0273262988975382,-0.1871675253244868,-1.0387915550813798,-93.74171639783452,0.0,0.2010066952939272,2.2706912517874622,-11.084650882439764,0.45157072,0.47081745,0.4503525495529175,1,0,0,0,0,0,0,0,0,0,0,0,0,0
TX000959,AC00282,-0.081667784516166,-0.201209881225638,-2.776759294439484,-72.71617271745504,0.0,0.0,2.4772131512589493,5.183073700248983,0.111862674,0.17226613,0.6807935833930969,1,0,0,0,0,0,0,0,0,1,0,0,0,0
TX000960,AC00477,-0.0609125573967122,-0.0502221464509082,-0.4897416596727142,-92.0891302841319,5.960464477539064e-08,0.313622510024001,2.809092822916431,-10.337662160803976,0.4079867,0.54815173,0.5483130812644958,1,0,0,0,0,0,0,0,0,0,0,0,0,0
TX000961,AC00158,-0.0621488329317638,-0.2255510290230507,-3.487690719302278,-100.45121991157872,0.0,0.1569944288725761,1.749837976294379,-13.769221728131305,0.19576982,0.24379376,0.21039706468582153,1,0,0,0,0,0,0,0,0,0,0,0,0,0
TX000962,AC00174,0.0298714759649505,-0.2319764074542307,-0.6346623616992613,35.8041325102745,0.0,0.4869300103364581,2.59534439649955,9.692546124468858,0.19479923,0.26583475,2.4038479328155518,1,1,1,0,0,1,0,1,0,1,0,0,1,0
TX000963,AC00124,-0.065234216959514,0.0226246401666727,-8.878173609616624e-06,-85.59514791414009,0.0,0.4810232031880902,2.9194796366698124,-0.7787193394206635,0.1942754,1.0650715,0.9268238544464111,1,1,0,1,0,0,0,1,0,0,0,1,0,0
TX000964,AC00247,-0.1087394243845736,-0.2095253425269423,-2.620860825076856,-86.62931078774628,0.0,0.2261450388091428,1.7588620874725844,-7.116789580878882,0.26269922,0.32460636,0.2659158706665039,1,0,0,0,0,0,0,0,0,0,0,0,0,0
TX000965,AC00297,-0.0583895583253583,-0.1333941271403438,-1.7843335311530426,-92.87043118281936,0.0,0.374103348172553,2.6054409777634,-4.731876724955585,0.36824352,0.40409258,0.328424334526062,1,0,0,0,0,0,0,0,0,0,0,0,0,0
TX000966,AC00114,-0.0851572761830842,-0.1972854258104786,-2.6841971235226607,-95.2657461078364,0.0,0.2992382815853217,2.3551725678379216,-5.647383113448407,0.339274,0.33479324,0.3321256637573242,1,0,0,0,0,0,0,0,0,0,0,0,0,0
TX000967,AC00170,-0.038682375155265,-0.2017520149940892,-2.0861429872198984,-90.04328115968016,0.0,0.2556840323864978,2.014592670007296,-9.518744775285343,0.32948115,0.3184954,0.34613409638404846,1,0,0,0,0,0,0,0,0,0,0,0,0,0
TX000968,AC00185,-0.0910488194510735,-0.1854813502247052,-3.9223801654501456,-83.50328015462101,0.0,0.3175810774919678,2.0758183000067523,-6.861651838611705,0.21878368,0.23916894,0.23353417217731476,1,0,0,0,0,0,0,0,0,0,0,0,0,0
TX000969,AC00487,-0.0860885923723763,-0.2124520589536007,-1.7051101412569851,-98.45584745008316,0.0,0.2806434086097509,2.1981441990001844,-11.494829257280736,0.27434194,0.346012,0.3235536217689514,1,0,0,0,0,0,0,0,0,0,0,0,0,0
TX000970,AC00280,-0.0174266908854666,-0.1230450676382268,-1.0504498407293497,-92.57520382580424,0.0,0.354479563431503,2.4387860274394177,-9.144120539105694,0.3794482,0.53302914,0.5828726887702942,1,0,0,0,0,0,0,0,0,0,0,0,0,0
TX000971,AC00017,-0.1175209886455969,-0.2541136714959339,-3.9405556140885,-100.83148038966456,0.0,0.1248010598705025,1.5286119136656653,-15.269953785937409,0.17099804,0.1910506,0.2150469869375229,1,0,0,0,0,0,0,0,0,0,0,0,0,0
TX000972,AC00496,-0.1017288682803054,-0.2311887658591003,-1.808140235313748,-93.94328108830322,4.214684851089404e-08,0.1746182983186807,2.347047318865327,-6.305484372093333,0.2697385,0.27138078,0.5436813831329346,1,0,0,0,0,0,0,0,0,0,0,0,0,0
TX000973,AC00304,-0.0727305670429341,-0.2101327527225889,-1.881770289086293,-96.1296961429406,4.214684851089404e-08,0.2426617084216099,2.136845814257119,-14.457263312629609,0.38157174,0.38463876,0.2638203501701355,1,0,0,0,0,0,0,0,0,0,0,0,0,0
TX000974,AC00475,-0.0485274610247855,-0.1496181850361069,-1.316588324896817,-94.69385728319006,0.0,0.2597007673353617,2.3584857614449333,-10.517443916904082,0.38819396,0.40025717,0.4047316908836365,1,0,0,0,0,0,0,0,0,0,0,0,0,0
TX000975,AC00111,-0.1109611860394896,-0.25095444222424,-3.977096626228522,-102.70261318117132,0.0,0.0989445241674432,1.6143179092246762,-9.866264163968138,0.15005484,0.15737322,0.2228793352842331,1,0,0,0,0,0,0,0,0,0,0,0,0,0
TX000976,AC00316,-0.0586269508560439,-0.2054235438881726,-2.5608567617317464,-94.00692696558676,0.0,0.2489546491928227,2.033727916536099,-7.148769531453387,0.23640281,0.26286805,0.6127741932868958,1,0,0,0,0,0,0,0,0,0,0,0,0,0
TX000977,AC00007,-0.1035803160291626,-0.212987140998482,-1.9638056444843928,-96.98022217323606,5.960464477539064e-08,0.1746362468793377,2.370220287339241,-7.515576822384136,0.28137934,0.31529295,0.3318524956703186,1,0,0,0,0,0,0,0,0,0,0,0,0,0
TX000978,AC00033,-0.1096017623279393,-0.2465522680280605,-2.250583541655568,-86.87959998601805,0.0,0.1909031953249641,1.78401243279103,-14.774953569524929,0.16500315,0.17021506,0.24073754251003265,1,0,0,0,0,0,0,0,0,0,0,0,0,0
TX000979,AC00453,-0.1047396191731757,-0.2380892958824796,-3.1323424158486697,-100.13892611468656,0.0,0.0857531454453045,1.5863453337109794,-8.8275741993622,0.17171837,0.23860312,0.18203359842300415,1,0,0,0,0,0,0,0,0,0,0,0,0,0
TX000980,AC00147,-0.0995813972426717,-0.2239786835468715,-2.6678402433768484,-97.00430877853586,4.214684851089404e-08,0.1732260323388574,2.01634988730777,-7.422516115317856,0.23325688,0.24287932,0.19326980412006378,1,0,0,0,0,0,0,0,0,0,0,0,0,0
TX000981,AC00401,-0.0480026154604859,-0.128982376271858,-1.543679049078453,-93.4203879589579,0.0,0.3407830763202951,2.2585754918981578,-10.085968039389348,0.44088197,0.48208985,0.48042377829551697,1,0,0,0,0,0,0,0,0,0,0,0,0,0
TX000982,AC00336,-0.028679045675846,-0.1979826726690809,-1.222082943808819,-60.89560300426834,2.350673938030173,0.5291706846475563,2.7550545020399517,7.79324430649811,0.21766204,0.30760992,0.879652738571167,1,0,0,0,0,0,0,1,0,1,0,0,0,0
TX000983,AC00281,-0.116895014160217,-0.2457362773010156,-3.5118123664545413,-95.15649273597182,0.0,0.1392512372681426,1.6791462914184825,-7.79840331340717,0.148426,0.22233558,0.196554496884346,1,0,0,0,0,0,0,0,0,0,0,0,0,0
TX000984,AC00082,-0.1164493491585212,-0.250364371634207,-3.990152903318184,-101.938600065325,0.0,0.1324778894970641,1.863676536846084,-14.822865504929585,0.20018427,0.1372388,0.1880500614643097,1,0,0,0,0,0,0,0,0,0,0,0,0,0
TX000985,AC00247,-0.1109749623443431,-0.2283961805389609,-1.7096594746645914,-93.5928974906858,0.0,0.1895360387704375,2.1838944128218585,-6.859788371733917,0.23043174,0.27183416,0.31951242685317993,1,0,0,0,0,0,0,0,0,0,0,0,0,0
TX000986,AC00278,-0.0986280074133095,-0.2125001879165071,-1.9737985318709947,-93.15490029222735,4.214684851089404e-08,0.2061493603302074,2.272092411948973,-5.865372161928624,0.25826034,0.27348387,0.25709760189056396,1,0,0,0,0,0,0,0,0,0,0,0,0,0
TX000987,AC00176,-0.1128928070647166,-0.262890675490817,-4.423347072236692,-101.76499844742747,0.0,2.193325851495253e-05,1.3506038739216408,-14.530622691625831,0.12903556,0.13580275,0.17858153581619263,1,0,0,0,0,0,0,0,0,0,0,0,0,0
TX000988,AC00159,-0.1242785963796188,-0.256985283462632,-4.299763242911625,-98.31376861305544,0.0,0.1582235637098659,1.8550002592378692,-8.206268404819165,0.12878229,0.2036488,0.1508215218782425,1,0,0,0,0,0,0,0,0,0,0,0,0,0
TX000989,AC00035,-0.0677687184043317,-0.2085961387921984,-2.1318663407541125,-91.387501901801,4.214684851089404e-08,0.2128225059399011,2.033763779967764,-6.032007480934504,0.30920082,0.31746504,0.25003567337989807,1,0,0,0,0,0,0,0,0,0,0,0,0,0
TX000990,AC00463,-0.1113198765795208,-0.2202174204804634,-2.3088323761685787,-97.5759613758299,0.0,0.1871469891269638,2.0228821343870136,-8.157631732884813,0.20489208,0.2750355,0.26767846941947937,1,0,0,0,0,0,0,0,0,0,0,0,0,0
TX000991,AC00339,-0.0974512157607729,-0.2509575534902768,-3.636287844527307,-101.71994960717085,0.0,2.193325851495253e-05,1.5233289725047745,-14.312466875244006,0.1786939,0.1889033,0.1510991007089615,1,0,0,0,0,0,0,0,0,0,0,0,0,0
TX000992,AC00239,-0.0500920438736666,-0.1914524450719206,-2.1043616481727225,-95.9169662111429,0.0,0.222616730687391,2.0188980551624414,-11.64692009543061,0.2981611,0.3173833,0.320475697517395,1,0,0,0,0,0,0,0,0,0,0,0,0,0
TX000993,AC00090,-0.0712456863148673,-0.1726384676539809,-2.579998439175262,-95.15574127556364,0.0,0.3352235167759458,2.140086593834565,-5.279444494935026,0.35519013,0.33542687,0.27132144570350647,1,0,0,0,0,0,0,0,0,0,0,0,0,0
TX000994,AC00144,0.0475167133727867,-0.1251008265852509,0.5122502951255488,-62.09260074440615,2.859615092716018,0.569537574728971,3.417543399171431,12.288595806326018,0.42390516,0.4503291,1.0066368579864502,1,1,1,0,1,0,1,1,1,1,0,0,0,0
TX000995,AC00488,-0.0589131709641549,-0.1446063940787703,-1.029218835885735,-81.71964677427938,5.960464477539064e-08,0.3803314389938971,2.6951725215339795,-3.923669862809106,0.3568871,0.51597524,0.49552345275878906,1,0,0,0,0,0,0,0,0,0,0,0,0,0
TX000996,AC00039,-0.0732422630343436,-0.2131774539426443,-3.054793362749158,-94.5065822627552,0.0,0.231687572263861,1.9611892824779007,-6.677096669284302,0.20888318,0.24639995,0.3861393630504608,1,0,0,0,0,0,0,0,0,0,0,0,0,0
TX000997,AC00475,-0.0641835576196604,-0.1681467732202295,-2.121772656158453,-93.51252558730516,0.0,0.3089085724309399,2.4282587779685825,-9.649731442251,0.34288347,0.39809945,0.41918134689331055,1,0,0,0,0,0,0,0,0,0,0,0,0,0
TX000998,AC00368,-0.0958545677180458,-0.2191545640251659,-1.852935469921316,-94.38592205136442,0.0,0.159797403958941,2.3169381734752,-6.0082905508577165,0.27289137,0.28258526,0.29179462790489197,1,0,0,0,0,0,0,0,0,0,0,0,0,0
TX000999,AC00339,-0.0376942801465782,-0.0818513182139881,-1.8765201847096968,-83.71282312593698,0.0,0.378013353490335,2.3540656861032843,-3.948995942633081,0.3689748,0.29416472,0.42093318700790405,1,0,0,0,0,0,0,0,0,0,0,0,0,0
TX001000,AC00297,-0.0179770905957126,-0.0230403419614608,-0.0001225193301044,-79.7484377926767,5.960464477539064e-08,0.4823202116574586,3.3492853163456777,0.1426209743996971,0.6703031,0.68513787,0.725437581539154,1,1,0,0,0,0,0,1,1,0,1,1,0,0
TX001001,AC00345,-0.0797572133544268,-0.2012113263642849,-2.6117131974171803,-97.34174146693194,0.0,0.2435652316938697,1.952348074605156,-6.796762579422816,0.27778718,0.27039722,0.23138660192489624,1,0,0,0,0,0,0,0,0,0,0,0,0,0
TX001002,AC00458,-0.101344038209679,-0.219975598509839,-1.516596838799383,-97.44341478506422,4.214684851089404e-08,0.1217055617552845,1.8261701806486896,-7.657971610266912,0.2749708,0.306538,0.3414123058319092,1,0,0,0,0,0,0,0,0,0,0,0,0,0
TX001003,AC00062,-0.0492739521934336,-0.1625039051524137,-0.614787154622034,-92.4739131112714,0.0,0.2814857600124359,2.2236157098260465,-10.771493221896336,0.4018805,0.43964925,0.48162996768951416,1,0,0,0,0,0,0,0,0,0,0,0,0,0
TX001004,AC00070,-0.063659748260275,-0.1526286028871832,-1.3788989772292526,-87.36768044191847,0.0,0.3634560681618773,2.037117756707885,-9.684532041598615,0.42386696,0.48744646,0.4328782558441162,1,0,0,0,0,0,0,0,0,0,0,0,0,0
TX001005,AC00183,-0.0371408974045278,-0.1562908937098215,-1.8574794746030028,-92.60544338968351,0.0,0.3794975685346899,2.232161738768298,-4.092870454780634,0.261819,0.4767469,0.48420587182044983,1,0,0,0,0,0,0,0,0,0,0,0,0,0
TX001006,AC00190,-0.0563732312506513,-0.2176588497774643,-1.7904060186737043,-96.64906427225642,0.0,0.2171190041636294,1.9930044946230336,-13.227294120210944,0.34256178,0.36972818,0.3740314543247223,1,0,0,0,0,0,0,0,0,0,0,0,0,0
TX001007,AC00255,-0.0848847056961575,-0.2355203343663348,-3.559114220483848,-101.29409017801056,5.960464477539064e-08,0.1317811239723089,1.7511624625148148,-14.294703097502794,0.20911564,0.2328047,0.1401907354593277,1,0,0,0,0,0,0,0,0,0,0,0,0,0
TX001008,AC00311,-0.0919730585312319,-0.2453964419615468,-2.88533757964045,-100.37051618878638,4.214684851089404e-08,0.084890568337891,1.616356440478424,-13.936412617673014,0.19827606,0.27772358,0.28734391927719116,1,0,0,0,0,0,0,0,0,0,0,0,0,0
TX001009,AC00075,-0.0984153213755157,-0.2099906525494435,-1.3716564237520652,-95.33448467191008,4.214684851089404e-08,0.171201853468044,2.00467531927897,-6.8134048910091805,0.28778353,0.30603603,0.32339465618133545,1,0,0,0,0,0,0,0,0,0,0,0,0,0
TX001010,AC00013,-0.094773288849552,-0.1190285500924022,-1.9273781243085777,-90.68859066565714,0.0,0.3410366635516793,2.219259852506533,-6.175534135905717,0.36588204,0.40568945,0.4125375747680664,1,0,0,0,0,0,0,0,0,0,0,0,0,0
TX001011,AC00247,-0.0542683249037344,-0.1352516478020444,-1.575101340564978,-93.58410214374166,0.0,0.3701159040655644,2.835608437390389,-9.915224665488214,0.46751723,0.4156734,0.5509622097015381,1,0,0,0,0,0,0,0,0,0,0,0,0,0
TX001012,AC00329,-0.0684899583951804,-0.206917753302138,-3.663705539079518,-96.75689001929028,0.0,0.2104729859966056,1.990261433950678,-12.458189234651025,0.19568208,0.25313482,0.19204658269882202,1,0,0,0,0,0,0,0,0,0,0,0,0,0
TX001013,AC00257,0.0250796216845766,-0.0304083709492741,-0.0495149981421443,-65.23875276757752,0.0,0.4130594121457951,3.1206075999623946,4.337065039339653,0.5313584,0.58299613,0.48300811648368835,1,1,1,0,0,0,0,0,0,1,0,0,0,0
TX001014,AC00414,-0.0722239661215162,-0.1878829467961866,-1.734679006476644,-97.38143680674564,0.0,0.2592490152680872,2.5239700085527867,-11.44313557565392,0.28659084,0.40114963,0.3335614800453186,1,0,0,0,0,0,0,0,0,0,0,0,0,0
TX001015,AC00011,0.007222137549222,0.023741872375417,0.1831477662116372,-79.54420815208454,2.228877120769285,0.4939113831452817,3.1942314514645607,-0.2446818454018421,0.36371014,1.0627915,1.4280942678451538,1,2,1,1,1,0,0,1,0,0,0,1,0,1
TX001016,AC00416,-0.0659992160890891,-0.1999098071769922,-2.121735436776613,-94.04370492772838,4.214684851089404e-08,0.2971123562163277,2.1336867149209384,-5.774067372361464,0.266306,0.32310447,0.2955226004123688,1,0,0,0,0,0,0,0,0,0,0,0,0,0
TX001017,AC00174,-0.1097203895197346,-0.2221252670288931,-2.020742391302604,-91.04439903817828,0.0,0.1792717067342466,2.2550850959033424,-7.001611116738251,0.2667036,0.2775307,0.33573928475379944,1,0,0,0,0,0,0,0,0,0,0,0,0,0
TX001018,AC00218,-0.0732949138369057,-0.1666090618699349,-1.6136739960802062,-91.4980908221798,0.0,0.3667955914677481,2.1651232617486555,-4.266280185112655,0.24347737,0.6808953,0.7203410267829895,1,0,0,0,0,0,0,0,0,0,0,1,0,0
TX001019,AC00323,-0.0781559111230245,-0.186983009560864,-2.285410861966242,-97.00226234755304,0.0,0.2487604401262812,2.101015806265322,-12.36439804228313,0.23481332,0.3137437,0.2786506116390228,1,0,0,0,0,0,0,0,0,0,0,0,0,0
TX001020,AC00209,-0.1043633049093392,-0.2491639856376104,-4.74274849039985,-100.89330804868094,0.0,0.1065876810797975,1.6130803026770255,-11.848782459780477,0.14442718,0.1572861,0.12912499904632568,1,0,0,0,0,0,0,0,0,0,0,0,0,0
TX001021,AC00337,-0.0931128014643457,-0.1687204066130407,-3.0955209853903662,-80.5927976412708,0.0,0.363699463099169,2.384442797219753,-2.5547048028226764,0.25574023,0.25895527,1.1782727241516113,1,0,0,0,0,0,0,0,0,0,0,0,0,0
TX001022,AC00083,-0.0545524050744137,-0.2048331408915935,-3.067723936642724,-94.52722118597056,0.0,0.2431448837746535,1.850758279573924,-3.772809585837301,0.17376527,0.20766607,0.3406684100627899,1,0,0,0,0,0,0,0,0,0,0,0,0,0
TX001023,AC00246,-0.0761350105643808,-0.1604775396420161,-1.9019798139298976,-89.10572823211716,4.214684851089404e-08,0.2278857211599738,2.399363722176389,-4.470289717277701,0.29430848,0.37782305,0.2999037206172943,1,0,0,0,0,0,0,0,0,0,0,0,0,0
TX001024,AC00194,-0.0740032834781237,-0.0423488172196269,-0.3461539565838496,-88.41058022672419,0.0,0.4409322949787593,2.973274434779612,-8.26847692030818,0.53705966,0.71367,0.6475521922111511,1,1,0,0,0,0,0,0,0,0,1,1,0,0
TX001025,AC00361,-0.0635013712352814,-0.1959675115007053,-1.8799901258168823,-96.87712338434218,0.0,0.3095550659485885,2.123349143261648,-13.35594987284645,0.32086888,0.30790898,,0,0,0,0,0,0,0,0,0,0,0,0,0,0
TX001026,AC00214,-0.0860918503773291,-0.1918926530291784,-2.311221604375004,-97.7964232560635,0.0,0.1811803962527581,2.141312045072572,-13.99643722038113,0.36337218,0.29787323,,0,0,0,0,0,0,0,0,0,0,0,0,0,0
TX001027,AC00204,-0.105934187623303,-0.1433277634648762,-3.382134741020089,-83.51245697584066,0.0,0.3140983560487689,2.2701861308894333,-0.8862984889225288,0.25260407,0.26045156,0.25535544753074646,1,0,0,0,0,0,0,0,0,0,0,0,0,0
TX001028,AC00394,-0.1213260858583776,-0.2081809776521856,-4.7472386014203645,-97.21612125947703,0.0,0.2210846831478577,1.7153238456099296,-4.151845614571495,0.10737881,0.20956005,0.18988241255283356,1,0,0,0,0,0,0,0,0,0,0,0,0,0
TX001029,AC00002,-0.0166964119042412,-0.0016439555704486,-0.128841881776518,-76.53876281954972,2.5347435544965777,0.5035671620114516,3.346539617657283,-7.728522976669211,0.58514595,0.59967875,0.7548602819442749,1,1,0,0,0,0,0,1,1,0,1,0,0,0
TX001030,AC00337,0.0351065449312261,-0.0391097927464383,-0.021070032741572,352.1499709494719,3.4476744007390927,0.5125368595275392,5.499260084948424,1.543428413846384,0.1845512,0.2045396,1.1400339603424072,1,1,1,0,0,1,1,1,1,0,0,0,0,0
TX001031,AC00184,-0.0923150974981316,-0.2286842919016962,-2.571097835862102,-93.75541002160504,0.0,0.2030270360991964,1.840399685143032,-7.256891159633276,0.23168792,0.391618,0.3630478084087372,1,0,0,0,0,0,0,0,0,0,0,0,0,0
TX001032,AC00258,-0.0679360956629749,-0.22343804247907,-3.100841429292028,-97.57185655909016,0.0,0.2248434586853913,1.5872986050540092,-12.004032835627427,0.21591002,0.26551753,0.24423307180404663,1,0,0,0,0,0,0,0,0,0,0,0,0,0
TX001033,AC00164,-0.0438265591822322,-0.1234574081317465,-2.3004819659932467,-87.18600196004898,0.0,0.4075755626406445,2.6932548777560927,3.6068154041267695,0.32728106,0.35473162,0.31999048590660095,1,0,0,0,0,0,0,0,0,0,0,0,0,0
TX001034,AC00032,-0.0572139046600495,-0.1151918155410927,-0.8715969913642665,-89.85901764658024,0.0,0.4045149488639021,2.639466622310584,-11.35558686803335,0.5504177,0.5864134,0.5713498592376709,1,1,0,0,0,0,0,0,0,0,1,0,0,0
TX001035,AC00092,-0.0418302429253305,4.620454170378707e-07,-0.7249734078622456,-87.52944953392307,0.0,0.4504364240857866,2.8516477418445985,-2.9432860739692197,0.44190085,0.6137628,0.5883250832557678,1,1,0,1,0,0,0,0,0,0,0,0,0,0
TX001036,AC00485,-0.1031213130514814,-0.2428506475376752,-2.7114602627311504,-99.96614596986224,2.9802322387695312e-08,0.1346337676331435,1.806837123557712,-8.089273458032386,0.21243629,0.23945962,,0,0,0,0,0,0,0,0,0,0,0,0,0,0
TX001037,AC00067,-0.0117633603567565,-0.191888329461084,-2.3754330566710307,-77.36613526578527,0.0,0.3067215768605651,2.195943786465845,-2.66239445184548,0.3468803,0.29858595,0.36471274495124817,1,0,0,0,0,0,0,0,0,0,0,0,0,0
TX001038,AC00005,-0.0820221670183436,-0.2042966303379909,-2.835931582684487,-100.5859599886122,0.0,0.1951493254427515,1.877005701780748,-13.632515423859504,0.2732512,0.2949029,3.878467559814453,1,0,0,0,0,0,0,0,0,0,0,0,1,0
TX001039,AC00291,-0.0878409182318234,-0.2417264824057317,-3.6285004141044,-102.12686008643004,0.0,0.0984151475905393,1.8363896196466285,-14.962262933919009,0.1639221,0.20099449,0.20154502987861633,1,0,0,0,0,0,0,0,0,0,0,0,0,0
TX001040,AC00284,-0.0260641317674268,-0.1944459516520837,-0.1631815927901456,243.77976190241367,0.0,0.4176804851505289,3.705860190021658,4.626773512836537,0.26727694,0.18294474,1.6598093509674072,1,0,0,0,0,1,0,0,1,1,0,0,1,0
TX001041,AC00024,-0.1381442650877321,-0.2656479602258613,-4.757701566330408,-104.6019311228565,0.0,0.0,1.6256843404178276,-10.862048318163788,0.078371204,0.09896292,0.10059673339128494,1,0,0,0,0,0,0,0,0,0,0,0,0,0
TX001042,AC00310,-0.0509653346010778,-0.2236347168990058,-2.773811086040788,-98.97600092695572,0.0,0.1122442359206143,1.6770134288115783,-12.541779477964004,0.21575141,0.2858083,0.35739782452583313,1,0,0,0,0,0,0,0,0,0,0,0,0,0
TX001043,AC00246,0.0023225140972326,-0.2125134249938887,0.0002147092740463,29.242341413313326,1.1920928955078125e-07,0.4932333518198085,3.0055813609834714,2.599375218560424,0.30636153,0.37468955,2.677384853363037,1,1,1,0,1,1,0,1,0,0,0,0,1,0
TX001044,AC00463,-0.012962074842662,-0.1760841623445166,-1.5681963129187926,-81.1198397116695,0.0,0.2974070798412723,2.120081225505611,-7.524814252502622,0.37790865,0.42634943,0.3395717740058899,1,0,0,0,0,0,0,0,0,0,0,0,0,0
TX001045,AC00318,-0.0965977572377417,-0.1991004696189799,-1.2905959292636942,-96.04749317353266,0.0,0.1480345927468586,2.2700538549515046,-6.812680254857445,0.29804468,0.27220094,0.6120010018348694,1,0,0,0,0,0,0,0,0,0,0,0,0,0
TX001046,AC00474,-0.0598810704164269,-0.215405429963541,-1.8334135775311864,-96.98063729338983,4.214684851089404e-08,0.2413590520791288,1.972053829470785,-12.145649811403343,0.31985882,0.31719124,0.31181952357292175,1,0,0,0,0,0,0,0,0,0,0,0,0,0
TX001047,AC00192,-0.1111996933103522,-0.2820951010155217,-4.144664323675065,-101.28678946766983,0.0,0.0,1.2291821085720689,-14.67709197021599,0.11976814,0.11875566,0.11186154931783676,1,0,0,0,0,0,0,0,0,0,0,0,0,0
TX001048,AC00100,-0.0525109199663895,0.0275370680878006,-2.514465881546552,-91.80533804705676,0.0,0.4132862032538854,2.638975695419969,-0.4219742928748598,0.22269249,0.26268977,0.2575424909591675,1,1,0,1,0,0,0,0,0,0,0,0,0,0
TX001049,AC00407,-0.106923629171452,-0.2131766297146062,-3.0295848074759144,-96.87135957593996,0.0,0.2385673337032879,1.99632918222054,-8.01724515823766,0.18699957,0.26138502,0.8821954131126404,1,0,0,0,0,0,0,0,0,0,0,0,0,0
TX001050,AC00276,-0.1308968064271666,-0.2601888529191224,-3.233244756392477,-99.15036424766043,0.0,0.0931390916752072,1.8158910163743864,-8.366817722980105,0.18345772,0.19010909,0.20999954640865326,1,0,0,0,0,0,0,0,0,0,0,0,0,0
TX001051,AC00420,-0.055837235217875,-0.0613198397624581,-0.0506847719860621,-85.44699917210066,0.0,0.4229023252621042,3.099183233928706,-10.252591461156388,0.19429693,1.0704986,0.9964087009429932,1,0,0,0,0,0,0,0,0,0,0,1,0,0
TX001052,AC00228,-0.0992007461562747,-0.2528031898161609,-3.88132833781376,-91.58373955406744,0.0,0.1564665925333599,1.6574298385457065,-7.843863051826134,0.13314418,0.1450735,0.13594263792037964,1,0,0,0,0,0,0,0,0,0,0,0,0,0
TX001053,AC00022,-0.0446122478810266,-0.1775972226149613,-1.529217405847752,-95.06112401546638,0.0,0.2242987095821675,2.1802370941614964,-5.57261069783877,0.295624,0.30051005,0.3074156641960144,1,0,0,0,0,0,0,0,0,0,0,0,0,0
TX001054,AC00052,-0.0274828346636885,-0.1411044574016331,-0.702110750416602,-89.74633530898495,0.0,0.3094764532178867,2.2044265147697395,-9.900588966705214,0.40314135,0.40598696,0.4496709108352661,1,0,0,0,0,0,0,0,0,0,0,0,0,0
TX001055,AC00151,-0.052803638231878,-0.2065429692482172,-2.2692933567206053,-93.92609765295036,0.0,0.2123974416284848,2.114723828690624,-5.363016593566505,0.29865858,0.30699113,0.24649646878242493,1,0,0,0,0,0,0,0,0,0,0,0,0,0
TX001056,AC00317,-0.0082678941770679,0.0274169736556053,-0.4828965824414162,-66.30626677601116,2.9232708741098574,0.526265497728184,3.24224020524926,6.4264937226180034,0.4560781,0.4374405,0.8796775341033936,1,1,0,1,0,0,1,1,1,1,0,0,0,0
TX001057,AC00348,-0.0918695186978532,-0.2381415069262038,-3.602065902059736,-93.08451192002534,0.0,0.2353401796461879,1.8029066811887748,-11.95954674927875,0.16228424,0.1796182,0.15931254625320435,1,0,0,0,0,0,0,0,0,0,0,0,0,0
TX001058,AC00191,0.0333889233821046,0.0221947093749625,2.8177163448703952,-4.031421240927188,3.6389944501203497,0.6691829479458995,3.8263387527242583,15.237744778590656,0.7909072,0.8088639,1.9840914011001587,1,3,1,1,1,0,1,1,1,1,1,1,1,1
TX001059,AC00120,-0.025133534480899,-0.2053023691313769,-2.643800399170438,-96.81561112432728,0.0,0.1841363304575577,2.036648727026844,-11.72391447966419,0.35402727,0.29648188,0.28648126125335693,1,0,0,0,0,0,0,0,0,0,0,0,0,0
TX001060,AC00487,-0.1078751617584087,-0.2349769961839622,-3.5536462848430874,-100.7506311026343,0.0,0.0765658090915449,1.8886027086235144,-14.530806154952677,0.15227917,0.2068058,0.29226160049438477,1,0,0,0,0,0,0,0,0,0,0,0,0,0
TX001061,AC00173,-0.0877531180281502,-0.2223876036615819,-1.148927838215152,-69.49234082742448,0.0,0.314315019958416,2.57294322799237,-11.27125611253848,0.2890385,0.29133925,0.2653046250343323,1,0,0,0,0,0,0,0,0,0,0,0,0,0
TX001062,AC00089,-0.1158868283372026,-0.2573068835112765,-3.5129807452291084,-102.2930892479702,0.0,0.0325246534564702,1.9792337058328489,-9.450449132889531,0.1443157,0.17791653,0.16389010846614838,1,0,0,0,0,0,0,0,0,0,0,0,0,0
TX001063,AC00456,-0.0721072753701629,-0.1521591629045158,-1.0817258771603422,-93.608808444835,5.960464477539064e-08,0.3109554574251978,2.4235880388439277,-13.942040390819454,0.40503806,0.48633733,0.30265188217163086,1,0,0,0,0,0,0,0,0,0,0,0,0,0
TX001064,AC00025,-0.0268921983898728,0.0575248437932391,-0.0002354406246745,-77.77667893624859,2.250028156669239,0.5187094185219915,3.4557160713044475,-5.534421700638312,0.64815974,0.8089583,,0,2,0,1,0,0,0,1,1,0,1,1,0,1
TX001065,AC00158,-0.0846770826854348,-0.1597105550377575,-2.9317269975470444,-83.76546814223772,0.0,0.3009408186890449,2.145469790890438,-4.019989014352906,0.2791948,0.26312804,0.2629261612892151,1,0,0,0,0,0,0,0,0,0,0,0,0,0
TX001066,AC00041,-0.1122898202457634,-0.230531098330861,-3.437765302138703,-95.36959270145508,0.0,0.2028024032545356,1.9371643975710613,-8.010897940375013,0.18051267,0.21645598,0.30538392066955566,1,0,0,0,0,0,0,0,0,0,0,0,0,0
TX001067,AC00458,-0.0879019795654394,-0.0954190815279605,-1.8188666177475108,-87.68891281237272,5.960464477539064e-08,0.3960002074261947,3.118742955998441,-3.6646646011225608,0.49202743,0.51024294,0.6499803066253662,1,0,0,0,0,0,0,0,0,0,0,0,0,0
TX001068,AC00248,-0.0602933096399286,-0.2021949075445979,-3.1249939046769333,-96.83767737383876,0.0,0.2158825508209466,2.0879451354683445,-6.60505642795646,0.23937422,0.25355384,0.23334664106369019,1,0,0,0,0,0,0,0,0,0,0,0,0,0
TX001069,AC00356,-0.0723143661506786,-0.2135971556524289,-1.5318653060846534,-12.85571532788353,0.0,0.4189983229626828,2.254056654496082,-12.215255945768105,0.19875017,0.37303832,1.0825800895690918,1,0,0,0,0,0,0,0,0,0,0,0,0,0
TX001070,AC00065,-0.0915429823571036,-0.1457395300906359,-2.606757260154642,-92.42412386085364,0.0,0.3226835722861577,2.1303702072240607,-0.3671846237251553,0.3487119,0.32162726,0.3512616455554962,1,0,0,0,0,0,0,0,0,0,0,0,0,0
TX001071,AC00249,-0.0811448901100829,-0.211737886822563,-2.137936386165165,-95.00139917807476,0.0,0.1858335194033397,2.132718940930908,-6.983896725496126,0.26160467,0.30042157,0.2979058027267456,1,0,0,0,0,0,0,0,0,0,0,0,0,0
TX001072,AC00497,-0.1112906347157133,-0.2273584332428841,-4.427483829831284,-101.81147536679696,0.0,0.0719812823686221,1.7870533602837395,-13.006308598988772,0.352567,0.2251518,0.3172374665737152,1,0,0,0,0,0,0,0,0,0,0,0,0,0
TX001073,AC00045,0.0132597633952878,0.0089231941987311,0.000310404629281,-57.473739914877896,2.294311518320431,0.516970248252844,3.1184345743084765,-1.365382319386435,0.49994054,0.56886953,0.5106253027915955,1,2,1,1,1,0,0,1,0,0,0,0,0,1
TX001074,AC00442,-0.042094329998678,-0.1960853105780524,-1.2165266321348076,-95.6805841682948,0.0,0.1393466198931883,2.332589801656986,-11.268728561414772,0.33791292,0.34496412,0.3169175684452057,1,0,0,0,0,0,0,0,0,0,0,0,0,0
TX001075,AC00248,-0.0825702627151576,-0.2055239930787114,-3.563269506491726,-95.21663197877842,0.0,0.2471562943511061,1.974144319651356,-3.88462373569606,0.23639642,0.2626436,0.2427852749824524,1,0,0,0,0,0,0,0,0,0,0,0,0,0
TX001076,AC00078,0.0160840341649303,-0.1725189135615874,-0.587839666589562,52.13713162417774,1.1920928955078125e-07,0.4729663300778402,2.146367425514165,8.703092490967597,0.2624626,0.25392696,0.2811332941055298,1,1,1,0,0,1,0,1,0,1,0,0,0,0
TX001077,AC00345,-0.0595961102825941,-0.2205514485372446,-1.5323147571365032,-95.50160246896748,0.0,0.1920020245452144,2.118756593995566,-13.207209726462846,0.3784518,0.36443478,0.3369808793067932,1,0,0,0,0,0,0,0,0,0,0,0,0,0
TX001078,AC00331,0.0051223860609025,-0.2211108715814158,-0.9337992164605148,96.98820363572364,1.6858739404357617e-07,0.4395839574267763,2.5583673427445763,0.5787507163476833,0.15731879,0.21379638,0.32033291459083557,1,1,1,0,0,1,0,0,0,0,0,0,0,0
TX001079,AC00332,-0.1019954633257151,-0.2317019232210946,-2.0239503228669866,-98.65317825042958,0.0,0.1289352558071112,1.8029719561292288,-7.317114123374405,0.2661521,0.31556973,0.25348055362701416,1,0,0,0,0,0,0,0,0,0,0,0,0,0
TX001080,AC00448,-0.0466553754705051,-0.2370787360853936,-2.1589164548083675,-84.74058526458394,0.0,0.2981785031719693,1.8064502621942933,-13.249085032903167,0.16148281,0.17809387,0.5006182193756104,1,0,0,0,0,0,0,0,0,0,0,0,0,0
TX001081,AC00102,-0.0878954980350765,-0.2238490604268197,-3.165403571094044,-99.69045875537284,0.0,0.2020475650929863,2.018487431255963,-13.499979695979391,0.25669193,0.27794498,0.30361971259117126,1,0,0,0,0,0,0,0,0,0,0,0,0,0
TX001082,AC00200,-0.0806173396442865,-0.2188640072106682,-1.6754503623237875,-65.5094681349071,0.0,0.3804499033498955,2.272502171686141,-12.475878218212731,0.25819838,0.26468217,0.3733026087284088,1,0,0,0,0,0,0,0,0,0,0,0,0,0
TX001083,AC00200,-0.0502172884311279,-0.1868483910826617,-2.131051727450113,-72.07517048531302,2.550912606224702,0.497436573000614,2.650243972089516,0.3532284202737785,0.23209827,0.3028029,0.7431700825691223,1,0,0,0,0,0,0,1,0,0,0,0,0,0
TX001084,AC00086,-0.0377235843915699,-0.1884011739997464,-2.6435396817783223,-92.8439017095395,0.0,0.2470178911281879,2.0110419021396067,-10.609530162877746,0.29058066,0.29553282,0.7260438799858093,1,0,0,0,0,0,0,0,0,0,0,0,0,0
TX001085,AC00139,-0.1155152667887416,-0.242906028368811,-3.891079406790881,-101.31732071133324,0.0,0.2112045071284126,1.9150117580241124,-9.5560315965712,0.13205512,0.13895419,0.1256767064332962,1,0,0,0,0,0,0,0,0,0,0,0,0,0
TX001086,AC00154,-0.0722705547133287,-0.1698873040143129,-1.5391198844711385,-90.23879537427436,0.0,0.2760041588783658,2.1765350408609168,-4.76147897887959,0.39557022,0.39298102,0.41336849331855774,1,0,0,0,0,0,0,0,0,0,0,0,0,0
TX001087,AC00403,-0.0699454323355127,-0.1734195227400305,-2.1537830731040755,-95.6635602243117,0.0,0.2617052306131426,2.2312698796078734,-11.680310175917215,0.26111883,0.44804016,0.40620696544647217,1,0,0,0,0,0,0,0,0,0,0,0,0,0
TX001088,AC00330,-0.0830200919538311,-0.2236368516312663,-3.570947363445687,-99.28237769103308,0.0,0.186670302481339,1.8326661124046173,-11.225893100482104,0.19906163,0.24792525,0.189430370926857,1,0,0,0,0,0,0,0,0,0,0,0,0,0
TX001089,AC00362,-0.0393377478957769,-0.0930880345562465,-1.3162095330994488,-92.29920876231436,0.0,0.3750206078266671,2.6392785352414023,-12.905600071609836,0.35422623,0.578116,0.3994086682796478,1,0,0,0,0,0,0,0,0,0,0,0,0,0
TX001090,AC00423,-0.1109063503085632,-0.264620145943375,-4.102195691931841,-100.45407616099848,0.0,0.0546788607098938,1.5109115201855787,-14.318948282827993,0.12754066,0.15269336,0.17762210965156555,1,0,0,0,0,0,0,0,0,0,0,0,0,0
TX001091,AC00286,-0.0459312742656666,0.0339595016654008,0.4029143402041102,-70.260999993615,5.960464477539064e-08,0.4419416633953733,2.953299330270448,0.3059913476563287,0.6228645,0.6391395,0.5866521000862122,1,2,0,1,1,0,0,0,0,0,1,1,0,1
TX001092,AC00332,-0.0910730205436626,-0.1868999539857831,-2.835302740185626,-92.18397660678256,4.214684851089404e-08,0.287080206093179,2.051137438072519,-6.863400718049856,0.22586274,0.33036822,0.2908647060394287,1,0,0,0,0,0,0,0,0,0,0,0,0,0
TX001093,AC00080,-0.1108448486265354,-0.2573007268071826,-3.7908535710290208,-101.2448132992512,0.0,0.0405706034359805,1.4329532307538555,-14.313662902591147,0.14509718,0.2006286,0.1963883340358734,1,0,0,0,0,0,0,0,0,0,0,0,0,0
TX001094,AC00150,-0.1003355396482755,-0.2556003840093825,-3.925373958158876,-99.60820268969847,0.0,0.1768652805579523,1.767376762607561,-14.25972686679459,0.14220184,0.15450493,0.16129586100578308,1,0,0,0,0,0,0,0,0,0,0,0,0,0
TX001095,AC00441,-0.1074561722509171,-0.27934646804225,-3.976429585417004,-103.47336896091176,0.0,0.0,1.1733801005583282,-15.984704557297528,0.13031572,0.21990845,0.15893709659576416,1,0,0,0,0,0,0,0,0,0,0,0,0,0
TX001096,AC00196,-0.0831663845048117,-0.2459992542135713,-3.483455509704723,-95.40969830724576,0.0,0.0934068677888085,1.4267796894918687,-12.915418314769257,0.16487782,0.18487804,0.1830531656742096,1,0,0,0,0,0,0,0,0,0,0,0,0,0
TX001097,AC00444,-0.056673688348644,-0.147439800314473,-1.7217794262688733,-95.01036708330956,0.0,0.3491436962958227,2.439460125455948,-10.747845632809817,0.31305563,0.37421146,0.3674653470516205,1,0,0,0,0,0,0,0,0,0,0,0,0,0
TX001098,AC00295,-0.0548842863000839,-0.2123249519729846,-3.1723266489902477,-96.4133419420971,0.0,0.1517751710620891,2.0618179753531285,-6.551819649771572,0.29904923,0.3028712,0.3642350435256958,1,0,0,0,0,0,0,0,0,0,0,0,0,0
TX001099,AC00157,-0.0463921254301596,-0.1805186850883255,-2.900297735308357,-96.38953567692202,0.0,0.263521934920475,1.8889924984997764,-12.050558027747956,0.21170571,0.43283698,0.39598196744918823,1,0,0,0,0,0,0,0,0,0,0,0,0,0
TX001100,AC00456,-0.0611476763082454,-0.1313981504733006,-1.0483721917091842,-90.44106956742183,0.0,0.359922688239827,2.511892758153002,-11.11891381016252,0.38523397,0.40544719,0.23821943998336792,1,0,0,0,0,0,0,0,0,0,0,0,0,0
TX001101,AC00271,-0.0734631579925925,-0.2358807463838683,-4.028287111733751,-101.10242644960832,0.0,0.0526650488953103,1.8736882351716728,-14.530951013123833,0.15144053,0.16549218,0.1661069542169571,1,0,0,0,0,0,0,0,0,0,0,0,0,0
TX001102,AC00462,-0.0771837337733062,-0.2196325049140199,-2.235324733618841,-97.15538240395216,0.0,0.165256636628765,2.296544995708794,-14.900391994343336,0.38584608,0.41071117,0.367474228143692,1,0,0,0,0,0,0,0,0,0,0,0,0,0
TX001103,AC00310,-0.0719411372496698,-0.1765868037345817,-1.8081267841804527,-93.8715541019862,0.0,0.2634733772126867,2.3052651517880407,-6.205091363010991,0.29844484,0.36127198,0.7086055278778076,1,0,0,0,0,0,0,0,0,0,0,0,0,0
TX001104,AC00189,-0.0622281952103873,-0.2125374000787967,-2.740094580878224,-94.93147339260548,4.214684851089404e-08,0.2161806505953638,1.9058103798068664,-12.107604899845844,0.18948871,0.18378907,0.30768489837646484,1,0,0,0,0,0,0,0,0,0,0,0,0,0
TX001105,AC00328,-0.0742259934247956,-0.2003646670772243,-1.8593208236889,-82.20641022970021,0.0,0.3193739048088543,1.9139601922650584,-4.279497063565768,0.369895,0.41903293,0.3486962914466858,1,0,0,0,0,0,0,0,0,0,0,0,0,0
TX001106,AC00057,-0.076642170791611,-0.1758029114227277,-1.9984316927529704,-91.50925720475152,0.0,0.2847074197394116,2.087575658220849,-5.492269542213382,0.3495342,0.3374186,0.4968021810054779,1,0,0,0,0,0,0,0,0,0,0,0,0,0
TX001107,AC00360,-0.0388550470075662,-0.1824861771961308,-2.485649710105693,-96.28648885177584,4.214684851089404e-08,0.2326206108550853,1.9951825469914664,-11.038186097193943,0.27403122,0.29960823,0.29673144221305847,1,0,0,0,0,0,0,0,0,0,0,0,0,0
TX001108,AC00209,-0.1323091334721664,-0.2550746798982355,-4.148366225360589,-100.4980570404092,0.0,0.1064023306750688,1.7615049960623532,-8.685628187941823,0.16492732,0.1462561,0.17919039726257324,1,0,0,0,0,0,0,0,0,0,0,0,0,0
TX001109,AC00390,-0.0272883307247224,-0.1355488014199866,-2.055685599479893,-91.70972263829124,0.0,0.3634307910884209,2.564272353953537,-4.129954673888571,0.32807124,0.49463362,0.39853888750076294,1,0,0,0,0,0,0,0,0,0,0,0,0,0
TX001110,AC00061,-0.0965920539112692,-0.2593040747187056,-3.481051873514054,-101.06230210419632,0.0,0.06945552009705,1.395122668483288,-14.199474944766711,0.12848945,0.18592092,0.2035394012928009,1,0,0,0,0,0,0,0,0,0,0,0,0,0
TX001111,AC00345,-0.0634654248139554,-0.1273595541858931,-0.487540522054763,-79.6158313919563,0.0,0.4226924015376465,2.5016967174915226,-1.5809363981687303,0.5944198,0.6070884,0.5031070113182068,1,1,0,0,0,0,0,0,0,0,1,0,0,0
TX001112,AC00254,-0.1241277724954519,-0.25066302588132,-3.6496717191931713,-102.34829089441028,0.0,0.1052185785723645,1.3625509341758977,-8.74385919816718,0.13490468,0.21178208,0.19885259866714478,1,0,0,0,0,0,0,0,0,0,0,0,0,0
TX001113,AC00271,-0.0314011964819742,-0.1907828435703678,-2.373547676012495,-97.24729902160078,4.214684851089404e-08,0.2530224477520893,1.989824210166899,-11.737037753180404,0.28266352,0.28420067,0.2758340835571289,1,0,0,0,0,0,0,0,0,0,0,0,0,0
TX001114,AC00451,-0.0921864799477152,-0.2601854292489374,-1.5913083445458307,87.34983420833866,0.0,0.3328670584789227,1.898913482257064,-13.80979428761398,0.08642632,0.12026927,0.11681254953145981,1,0,0,0,0,1,0,0,0,0,0,0,0,0
TX001115,AC00061,-0.1141675665579217,-0.2602836844752176,-3.453165313974524,-101.30732834359333,0.0,0.0,1.790248560487768,-9.087626900574504,0.16657105,0.18850428,0.1577194184064865,1,0,0,0,0,0,0,0,0,0,0,0,0,0
TX001116,AC00245,-0.1021109448242255,-0.2395907967740261,-3.2006499829012123,-92.18445072994705,4.214684851089404e-08,0.2147928813718393,1.6010820679112476,-8.059930252442047,0.17425928,0.15592185,0.1872887909412384,1,0,0,0,0,0,0,0,0,0,0,0,0,0
TX001117,AC00105,-0.035567060515676,-0.139881883087269,-1.4816842004461028,-92.29399838678992,0.0,0.3070660440047141,2.370640523506498,-9.552985986378856,0.30531704,0.37647235,0.3257024586200714,1,0,0,0,0,0,0,0,0,0,0,0,0,0
TX001118,AC00122,-0.0983223328489053,-0.2441273174085905,-3.68441060264182,-98.56968580382964,0.0,0.1763932858403432,1.8940333501407056,-5.945508108898449,0.1823943,0.18206462,0.4759872853755951,1,0,0,0,0,0,0,0,0,0,0,0,0,0
TX001119,AC00202,0.0013824414903635,-0.0181921787083656,1.4497177538430606e-06,-38.14886833632207,2.5436593625451045,0.5484524659618091,3.263691540093267,7.994581938604813,0.50806874,0.57342046,0.3682725727558136,1,1,1,0,1,0,0,1,1,1,0,0,0,0
TX001120,AC00423,-0.1008362124348054,-0.2123864395806727,-1.7221708428140277,-96.21730965908824,0.0,0.2119232322611687,2.106743779128596,-7.043201366948852,0.28154966,0.25558293,0.30856508016586304,1,0,0,0,0,0,0,0,0,0,0,0,0,0
TX001121,AC00362,-0.0440407704258399,-0.0940297432299481,-0.4959395761876131,-90.5730444095606,0.0,0.3315388538327787,2.6311539437540734,-4.661584964078859,0.440979,0.47518703,0.289089173078537,1,0,0,0,0,0,0,0,0,0,0,0,0,0
TX001122,AC00426,0.0001129226305931,-0.2273560758804043,-0.1616562246848367,23.7658931187096,2.0722574081302634,0.0181041293863981,2.710796251841476,1.3091718992509116,0.20619969,0.41605273,2.4773495197296143,1,1,1,0,0,1,0,0,0,0,0,0,1,0
TX001123,AC00204,-0.0601962040026753,-0.2195075485218478,-2.2854508172369448,-98.31910649999968,4.214684851089404e-08,0.2529429284083441,1.9499743061408108,-7.769267416208628,0.18869047,0.27530465,0.29965975880622864,1,0,0,0,0,0,0,0,0,0,0,0,0,0
TX001124,AC00369,-0.0808778018178291,-0.1953536851511315,-2.410976245533914,-96.10528894844018,0.0,0.2614088277129451,2.232519565415887,-14.12638526380686,0.43670276,0.3082875,0.34985843300819397,1,0,0,0,0,0,0,0,0,0,0,0,0,0
TX001125,AC00365,-0.0569344575133641,-0.0498254855913768,-0.7171012770145611,-82.56940534296116,0.0,0.4184126523712556,3.2917912669342577,-1.6342730021292655,0.56732583,0.6024867,0.5810892581939697,1,1,0,0,0,0,0,0,1,0,1,0,0,0
TX001126,AC00063,-0.0493163511276834,-0.1750162506810799,-1.1998056861886155,-93.57241650123784,0.0,0.2267206879002572,2.309455236559585,-10.004780909062529,0.40214285,0.4582275,0.3403189480304718,1,0,0,0,0,0,0,0,0,0,0,0,0,0
TX001127,AC00455,-0.0840712235917667,-0.2039939358875069,-3.1936417958780785,-95.90012321506131,0.0,0.3113562492679209,2.1196257577739965,-14.362929044042206,0.47630298,0.29710466,0.6743620038032532,1,0,0,0,0,0,0,0,0,0,0,0,0,0
TX001128,AC00415,-0.0211351948748677,-0.0715289771429417,0.3008973919558046,-83.11474270265238,0.0,0.4101346459069327,2.8881718263253986,-1.4607704723990806,0.4945481,0.58961093,0.5596302151679993,1,0,0,0,1,0,0,0,0,0,0,0,0,0
TX001129,AC00279,-0.1031012408333058,-0.2577650639787497,-3.6116337515259063,-102.89264831607032,0.0,0.0,1.794429357508589,-9.686668596281203,0.15690929,0.17222948,0.14691846072673798,1,0,0,0,0,0,0,0,0,0,0,0,0,0
TX001130,AC00262,-0.0830664546799976,-0.1934726324749582,-1.6282612356302044,-93.89314052478164,4.214684851089404e-08,0.2328247331597857,2.163315061709853,-6.211295759828854,0.2892311,0.35243982,0.34325748682022095,1,0,0,0,0,0,0,0,0,0,0,0,0,0
TX001131,AC00306,-0.0783544568223502,-0.2354933358871784,-2.7038613203987376,-98.35771623846412,4.214684851089404e-08,0.1350448563098845,1.874748556057972,-14.659704825241278,0.32684895,0.33908832,0.2946571409702301,1,0,0,0,0,0,0,0,0,0,0,0,0,0
TX001132,AC00164,-0.0742402658665964,-0.1530475353644382,-1.529050865972498,-91.13160531688315,0.0,0.3240134403606815,2.146887638422211,-11.893871407271217,0.2935498,0.3470798,0.38932812213897705,1,0,0,0,0,0,0,0,0,0,0,0,0,0
TX001133,AC00236,-0.1044059156214643,-0.2512067600290301,-4.640391090601658,-101.11083296112372,4.214684851089404e-08,0.1600236042913931,1.759141162476476,-8.82364379790447,0.14663601,0.17029803,0.21691229939460754,1,0,0,0,0,0,0,0,0,0,0,0,0,0
TX001134,AC00095,-0.0013623969846934,-0.1097879175119054,-2.3986300162976635,-74.39536625318624,0.0,0.4083029716375072,2.623013169429199,-2.837479481742137,0.31412753,0.36340466,0.697041392326355,1,0,0,0,0,0,0,0,0,0,0,0,0,0
TX001135,AC00016,-0.0261114611252244,-0.1344250559477118,-0.6708808897697569,-84.92606825663255,0.0,0.3945856338958833,2.472944303051133,-3.0300850654642537,0.50558394,0.7728997,0.5690253973007202,1,0,0,0,0,0,0,0,0,0,0,1,0,0
TX001136,AC00386,-0.0712402365992037,-0.1424249361390501,-3.1093684434652777,-95.5158273788189,0.0,0.290414320315548,2.210440836587766,-7.973639666163015,0.2255267,0.31556118,0.21214978396892548,1,0,0,0,0,0,0,0,0,0,0,0,0,0
TX001137,AC00032,0.0170704121664482,-0.2257874279698326,-0.059222582813037,32.253195874617674,2.426573574106749,0.5017475722417282,2.8507216087521567,12.216723168036236,0.27824998,0.6078705,2.427712917327881,1,1,1,0,0,1,0,1,0,1,0,0,1,0
TX001138,AC00152,-0.1286454743182705,-0.2622815883410601,-3.505716183867981,-101.6309994374955,0.0,0.0,1.6315486085635669,-9.995094738768024,0.115653194,0.17553656,0.16361181437969208,1,0,0,0,0,0,0,0,0,0,0,0,0,0
TX001139,AC00020,0.0050682626373368,-0.0117634440400637,-1.0688337309416551,-60.33611235316401,0.0,0.4064716333556322,2.698814192510896,12.609946318088998,0.39403695,0.45815945,2.6115827560424805,1,1,1,0,0,0,0,0,0,1,0,0,1,0
TX001140,AC00360,-0.0953453951354018,-0.228574835240626,-2.551354471511643,-94.83478870220992,0.0,0.2046643499973671,1.7716484557716123,-7.148743065213096,0.17023468,0.50827,0.4240201711654663,1,0,0,0,0,0,0,0,0,0,0,0,0,0
TX001141,AC00286,-0.1125000645301345,-0.2178865438990211,-4.377118185323121,-99.62813770277904,0.0,0.2386196798382745,1.928083753613031,-8.694089585848003,0.16014515,0.2224497,0.22641412913799286,1,0,0,0,0,0,0,0,0,0,0,0,0,0
TX001142,AC00241,-0.0720163900913044,-0.0919027426841367,-1.4871853633023493,-87.63435476472134,0.0,0.3973192186016568,2.47185508516126,-4.226789333409793,0.40984753,0.43032697,0.36222776770591736,1,0,0,0,0,0,0,0,0,0,0,0,0,0
TX001143,AC00331,-0.0785816263341439,-0.2527613600633035,-2.9186499263756778,-95.69860872241657,0.0,0.2636300102754885,1.5553249894925587,-13.226477675848006,0.1516938,0.13904724,0.20051223039627075,1,0,0,0,0,0,0,0,0,0,0,0,0,0
TX001144,AC00258,-0.1043031897134749,-0.2363539924488114,-3.2566476779951925,-99.79938258960024,0.0,0.1348562317242863,1.9116995194160016,-15.5185517105305,0.22751161,0.22693883,0.26329347491264343,1,0,0,0,0,0,0,0,0,0,0,0,0,0
TX001145,AC00040,-0.0848947193473725,-0.2337391005161533,-0.6950028536425714,8.78611127848346,0.0,0.3142109073941186,2.073399721242683,-13.026457281146936,0.22990905,0.28698307,0.2891021966934204,1,0,0,0,0,1,0,0,0,0,0,0,0,0
TX001146,AC00143,-0.1103239056326778,-0.2406627139356731,-2.9937112821916854,-97.31067799002838,0.0,0.1916113942714715,1.9254878151549928,-7.5629578586409245,0.20094724,0.22845753,0.20355044305324554,1,0,0,0,0,0,0,0,0,0,0,0,0,0
TX001147,AC00068,-0.0099558837936425,-0.1435216453866692,-1.969406054004959,-74.84976596544514,0.0,0.3289204463941272,1.917770679657676,2.119970649009482,0.2846312,0.27501523,0.28963735699653625,1,0,0,0,0,0,0,0,0,0,0,0,0,0
TX001148,AC00052,-0.069783932416883,-0.104147993993946,0.0001582772051706,-84.28676740116495,0.0,0.3260130812400494,2.3538704480210866,-2.21521924740416,0.5891599,0.5959933,0.5361402630805969,1,1,0,0,1,0,0,0,0,0,1,0,0,0
TX001149,AC00352,-0.0569041376732618,-0.2157350633157992,-2.05970719333476,-76.91740459857076,0.0,0.3053412849078869,2.1209814460796967,-12.4809311979493,0.2311538,0.26548868,0.2544777989387512,1,0,0,0,0,0,0,0,0,0,0,0,0,0
TX001150,AC00254,-0.0993164803650035,-0.2146629100053843,-1.634182190155646,-89.29490086549089,0.0,0.3086312473683453,2.320591162413998,-13.05158369954773,0.26778936,0.40774795,0.5605759024620056,1,0,0,0,0,0,0,0,0,0,0,0,0,0
TX001151,AC00100,-0.1001787962151459,-0.2360107016377362,-3.883540772422682,-97.8823482544435,0.0,0.1467659133964151,1.8266328591356424,-13.018176905649664,0.20419893,0.19842488,0.13140614330768585,1,0,0,0,0,0,0,0,0,0,0,0,0,0
TX001152,AC00412,-0.1071542457322383,-0.252740053873725,-2.96278918538768,-99.5910126469508,0.0,0.0648410867253076,1.9647915083296383,-8.91466781406541,0.20100604,0.22831962,1.243815541267395,1,0,0,0,0,0,0,0,0,0,0,0,0,0
TX001153,AC00012,-0.0912155634769998,-0.2575684493394984,-3.943515083102807,-101.4722371352106,0.0,0.0755514427779646,1.5747393324436965,-13.282067112719032,0.213524,0.21814385,0.1819046586751938,1,0,0,0,0,0,0,0,0,0,0,0,0,0
TX001154,AC00353,-0.0736918648538851,-0.2183914697125446,-2.022596921123209,-100.4401472118234,0.0,0.1770049937536821,2.0665144915197238,-13.546429319166476,0.22856432,0.29928064,0.30127230286598206,1,0,0,0,0,0,0,0,0,0,0,0,0,0
TX001155,AC00445,-0.0675836539476824,-0.1980157031569396,-3.179555648946079,-82.4558625573126,0.0,0.3055682169950807,2.3066297740107675,-3.5949160043804285,0.2551235,0.27811453,0.40723296999931335,1,0,0,0,0,0,0,0,0,0,0,0,0,0
TX001156,AC00281,-0.0918660211508421,-0.2447868386419324,-3.373505816363365,-99.29403631583912,0.0,0.1517751710620891,2.0300425036158654,-8.599720248403138,0.24053226,0.2597984,0.24614562094211578,1,0,0,0,0,0,0,0,0,0,0,0,0,0
TX001157,AC00211,-0.016197954213685,0.0383584598248898,-2.7329097391315367,-69.54223569972785,0.0,0.4671542941366857,2.7650446216160605,-2.8707495292344416,0.23294976,0.4132047,0.3671632409095764,1,1,0,1,0,0,0,1,0,0,0,0,0,0
TX001158,AC00379,-0.0225683120361698,-0.1030586086141864,-0.466837034295497,-89.72745146966398,0.0,0.3753975965230549,2.511591151111681,-8.888101367319328,0.4554812,0.49183908,,0,0,0,0,0,0,0,0,0,0,0,0,0,0
TX001159,AC00108,-0.1063908485387319,-0.2436356094044462,-3.7434945505462407,-95.62776320121498,0.0,0.139639776842563,1.5268117667001424,-14.962813922536416,0.1559889,0.14228517,0.2341863512992859,1,0,0,0,0,0,0,0,0,0,0,0,0,0
TX001160,AC00243,-0.1143294857627387,-0.2603514542418721,-4.559025284736076,-101.5253641610972,0.0,0.1153133910588297,1.290309166030843,-13.566276812243762,0.1195186,0.13508932,0.12560361623764038,1,0,0,0,0,0,0,0,0,0,0,0,0,0
TX001161,AC00032,-0.059789364008752,-0.189898472631427,-2.73475027820607,-93.325195784245,0.0,0.2452358268394135,2.483750635053251,-5.5302402308678005,0.35051918,0.34806168,0.3979942500591278,1,0,0,0,0,0,0,0,0,0,0,0,0,0
TX001162,AC00460,0.0586734122225154,0.1688727559180625,1.5676264910937192,-45.190815736657854,3.675712714851387,0.6501295293757982,4.300175858618642,16.077062387017993,0.87612855,1.0702306,1.1202645301818848,1,3,1,1,1,0,1,1,1,1,1,1,0,1
TX001163,AC00459,-0.0370706850335931,-0.1322961796142439,-2.168801696077636,-95.00897579537224,0.0,0.3675398951487319,2.3975654193654963,-11.110102087672312,0.28886518,0.34377736,0.38478073477745056,1,0,0,0,0,0,0,0,0,0,0,0,0,0
TX001164,AC00309,-0.0517578989048387,-0.0856156703159205,-1.3746638842881689,-90.3182263920056,0.0,0.3594331472398885,2.6250324187903304,-4.259460529401888,0.36644682,0.38477743,,0,0,0,0,0,0,0,0,0,0,0,0,0,0
TX001165,AC00109,-0.0424049034905769,-0.1026092675163592,-0.6865779072193927,-85.4624492637719,0.0,0.3625877549738238,2.7781710511131856,-2.8513601049987503,0.38388103,0.5244529,,0,0,0,0,0,0,0,0,0,0,0,0,0,0
TX001166,AC00393,-0.0427527209150638,-0.2101623728233854,-2.068608257921272,-62.36270349069342,8.429369702178808e-08,0.3732406922464541,2.149536401862262,-13.397208620160592,0.17917928,0.18935682,0.24947789311408997,1,0,0,0,0,0,0,0,0,0,0,0,0,0
TX001167,AC00175,-0.066705828635909,-0.2315398300421414,-3.163177438658773,-100.0349910650851,0.0,0.1943962051167433,1.5936363423663416,-13.709099627918407,0.22454527,0.2182733,0.22619551420211792,1,0,0,0,0,0,0,0,0,0,0,0,0,0
TX001168,AC00010,-0.0950183563896048,-0.1269806889884073,-1.1510376449587705,-91.6414332682161,0.0,0.3198178382346714,2.4995485053134017,-5.274206959486565,0.3769784,0.5110492,0.6671257019042969,1,0,0,0,0,0,0,0,0,0,0,0,0,0
TX001169,AC00120,-0.0782199573664482,-0.0435694022086328,-2.962526363254759,-93.17572265043626,5.960464477539064e-08,0.4275747184871262,2.7042209899185554,-0.9416477255290672,0.22755265,0.32842216,0.37717363238334656,1,0,0,0,0,0,0,0,0,0,0,0,0,0
TX001170,AC00477,-0.07195829504782,-0.1175673691879444,-1.263999358452847,-94.18257321639248,5.960464477539064e-08,0.309655134613594,2.4066247493829467,-5.529486770242244,0.3660056,0.45079327,0.3487652838230133,1,0,0,0,0,0,0,0,0,0,0,0,0,0
TX001171,AC00410,-0.1124829882403354,-0.2169800851137187,-3.822745538859857,-100.85939930034806,0.0,0.18908928611497,2.1014911885464187,-14.59168688045753,0.26396954,0.20269911,0.2378724366426468,1,0,0,0,0,0,0,0,0,0,0,0,0,0
TX001172,AC00044,-0.1023990072457122,-0.1960478732553918,-1.824634448255506,-94.32805544478582,0.0,0.2542244765498245,2.338169050275905,-6.537831800226915,0.29605162,0.36211997,,0,0,0,0,0,0,0,0,0,0,0,0,0,0
TX001173,AC00490,-0.0688326036958196,-0.2335550763114497,-2.4363566950375057,-96.43486507380752,0.0,0.1477384958994776,2.056396161638024,-6.683828591051405,0.26019472,0.26013312,0.24798086285591125,1,0,0,0,0,0,0,0,0,0,0,0,0,0
TX001174,AC00342,-0.0852606247515014,-0.2278125980321692,-2.225188858341812,-99.64228188440408,0.0,0.1372572078888284,1.8233244373415725,-13.741024066652969,0.24110778,0.29727417,0.29334548115730286,1,0,0,0,0,0,0,0,0,0,0,0,0,0
TX001175,AC00462,-0.0953549730788107,-0.2523502429923198,-3.6942261356431114,-101.08013220342568,0.0,0.0533860206720742,1.5820401740989178,-16.491723218039297,0.22816461,0.2509137,0.21547411382198334,1,0,0,0,0,0,0,0,0,0,0,0,0,0
TX001176,AC00267,-0.0748323203068469,-0.1446641885731716,-1.1687105505821045,-83.72640816010257,0.0,0.3675914711985185,2.350057998763864,-4.020906193366752,0.2537549,0.684229,0.5852299332618713,1,0,0,0,0,0,0,0,0,0,0,1,0,0
TX001177,AC00363,-0.0327017421304178,-0.0707512048607603,-0.325992444665057,-92.08573466810184,0.0,0.3656469721656627,2.735683376253723,-2.772681400929162,0.45433426,0.5314731,0.35113173723220825,1,0,0,0,0,0,0,0,0,0,0,0,0,0
TX001178,AC00211,-0.065328405750947,-0.2152998947664453,-1.4610625754800148,-96.74700513355776,0.0,0.1778829888878829,2.1189735042043147,-11.743629144986162,0.2686209,0.34870106,0.3347010612487793,1,0,0,0,0,0,0,0,0,0,0,0,0,0
TX001179,AC00204,-0.0488360784676804,-0.1774306151502818,-1.1302163240762653,-88.52399512569414,0.0,0.2324441418359459,2.196802228635813,-4.306155434276744,0.3442076,0.40749165,0.5622754096984863,1,0,0,0,0,0,0,0,0,0,0,0,0,0
TX001180,AC00456,-0.0084824452207324,-0.0272133829776277,-0.5732027615818058,-78.35473356997798,0.0,0.4666468917831632,2.7596133610280797,-1.318705256397182,0.39402092,0.6326516,0.4763292074203491,1,0,0,0,0,0,0,1,0,0,0,1,0,0
TX001181,AC00016,-0.0710566895353846,-0.1478721334766073,-4.149411827755952,-76.01119933021421,0.0,0.3773653707134164,2.298875624411808,2.0905117580009147,0.23235041,0.24623007,0.21646572649478912,1,0,0,0,0,0,0,0,0,0,0,0,0,0
TX001182,AC00093,-0.0832526904637392,-0.160344179191064,-2.0256815473346306,-97.5526375883127,0.0,0.2922176923108076,2.1264677604444344,-11.994975522813398,0.31320202,0.33280456,3.666778087615967,1,0,0,0,0,0,0,0,0,0,0,0,1,0
TX001183,AC00401,-0.0543871313169236,-0.1610497902531145,-1.7196518758268402,-90.4400949112066,5.960464477539064e-08,0.2442284416468472,1.949953851684136,-10.621231270429307,0.35501567,0.33583057,0.3299812078475952,1,0,0,0,0,0,0,0,0,0,0,0,0,0
TX001184,AC00366,-0.0868404057996882,-0.189744564003808,-2.1582827849369783,-96.27814051893304,0.0,0.2720121283328782,2.403956883678016,-12.313254488454806,0.28073728,0.34997436,0.7493513822555542,1,0,0,0,0,0,0,0,0,0,0,0,0,0
TX001185,AC00107,-0.0572658105147019,-0.1348381575314385,-1.3051893695308356,-93.17116221052476,0.0,0.3057519415820239,2.1204735892356714,-6.055581071210347,0.3183066,0.35371956,0.4232105612754822,1,0,0,0,0,0,0,0,0,0,0,0,0,0
TX001186,AC00060,-0.0622446361746898,-0.20269429386334,-2.4359072140654634,-92.4872190382581,0.0,0.295788344124466,2.258656397347052,-5.855871204052698,0.22502126,0.2553094,0.27058646082878113,1,0,0,0,0,0,0,0,0,0,0,0,0,0
TX001187,AC00384,-0.0272926668298976,-0.091744441455966,-1.7200241422537834,-89.32771753112046,0.0,0.3212040319131575,2.464973648785462,-7.166454494494379,0.4211024,0.4676893,0.7153860926628113,1,0,0,0,0,0,0,0,0,0,0,0,0,0
TX001188,AC00483,-0.1187726289635984,-0.2257740133719732,-1.7988879357007237,-95.80137302875472,0.0,0.1707918048034166,2.041141173103154,-7.260825579177694,0.25939798,0.30778643,0.30378347635269165,1,0,0,0,0,0,0,0,0,0,0,0,0,0
TX001189,AC00126,-0.0519387539899702,-0.1419773899356236,-2.98278528035988,-94.46004855867534,0.0,0.3159810172884063,2.356299593478497,-0.2484445043492026,0.3595338,0.31593835,0.5290378332138062,1,0,0,0,0,0,0,0,0,0,0,0,0,0
TX001190,AC00437,-0.0397686924955557,-0.1687729871835619,-1.3905917989993997,-89.80833867051213,0.0,0.248200248347481,2.027610578858544,-10.90702566074543,0.36934313,0.49879566,0.3934204876422882,1,0,0,0,0,0,0,0,0,0,0,0,0,0
TX001191,AC00382,-0.0369189960425387,-0.1429256697415966,-2.684076156546891,-96.1116145524641,0.0,0.2207937087692008,2.174000892952288,-11.550155666277544,0.28877383,0.3568386,0.345173716545105,1,0,0,0,0,0,0,0,0,0,0,0,0,0
TX001192,AC00339,-0.0797800583577734,-0.1989370762734872,-1.8700744661863495,-93.63354493893044,0.0,0.3185790665242747,2.3222197483460016,-12.959407797317423,0.3300339,0.31369302,0.24190346896648407,1,0,0,0,0,0,0,0,0,0,0,0,0,0
TX001193,AC00498,0.0288842767972572,-0.0661733399949899,0.5876494828807806,200.07352331711732,2.731055885705642,0.5546796237991886,4.153599191882291,-6.996351248348328,0.34823093,0.43924895,0.9508094787597656,1,1,1,0,1,1,1,1,1,0,0,0,0,0
TX001194,AC00178,-0.0743931671680495,-0.2311197385708139,-1.9689361634104747,-98.63937458572455,0.0,0.1672254137266298,1.8460687072349689,-13.135294093926582,0.28117976,0.27864492,0.2869509160518646,1,0,0,0,0,0,0,0,0,0,0,0,0,0
TX001195,AC00201,-0.0637066167135692,-0.2144428116178285,-3.138109833327676,-96.14555918880234,0.0,0.1930492494664076,1.7264985125222,-6.836753324437951,0.16403383,0.30209556,0.28241774439811707,1,0,0,0,0,0,0,0,0,0,0,0,0,0
TX001196,AC00124,-0.0964222869653522,-0.2448672935342273,-3.0693596288466845,-99.51093243823792,0.0,0.0,1.8286630051021524,-13.625281988219644,0.21070744,0.21860762,0.22532875835895538,1,0,0,0,0,0,0,0,0,0,0,0,0,0
TX001197,AC00404,-0.0512137344336262,-0.0465364130242804,-0.0001420881348455,-78.61688222706749,0.0,0.4921531621212849,3.464925177335098,-0.1844572366179923,0.6622512,0.7419455,0.6822060346603394,1,1,0,0,0,0,0,1,1,0,1,1,0,0
TX001198,AC00347,-0.1044896001023286,-0.2265527345962745,-3.216923484669157,-92.90743210092154,0.0,0.2123433216127989,1.7422124937309291,-7.1156650175785705,0.16990551,0.28157118,0.22049114108085632,1,0,0,0,0,0,0,0,0,0,0,0,0,0
TX001199,AC00480,-0.051857478703516,-0.1635454402978562,-1.1170517467829573,-91.60265215204782,0.0,0.3695804623905377,2.500833964575637,-4.612594445236429,0.36468816,0.5420648,0.4405433237552643,1,0,0,0,0,0,0,0,0,0,0,0,0,0
TX001200,AC00303,-0.1045729390784237,-0.2587900415305542,-3.8937041252483473,-101.49342012911332,0.0,0.0686512263238374,1.6588802258533364,-15.435385866458324,0.21012859,0.16079548,0.1872570812702179,1,0,0,0,0,0,0,0,0,0,0,0,0,0
TX001201,AC00249,-0.0829550398948706,-0.1992453394585231,-2.212754953254854,-93.41813743625498,0.0,0.2232485134136473,1.8647021659962375,-6.637096764420685,0.30687112,0.31793433,0.32798928022384644,1,0,0,0,0,0,0,0,0,0,0,0,0,0
TX001202,AC00263,-0.0726244884922332,-0.2042776944907107,-2.224089074546133,-93.15933219692256,0.0,0.1537285759622549,2.1620983666106066,-6.211205333416393,0.26756275,0.2788255,0.28615427017211914,1,0,0,0,0,0,0,0,0,0,0,0,0,0
TX001203,AC00108,-0.0836503526692334,-0.2070975708114562,-3.520706298383341,-97.7491753669927,0.0,0.1301637984558451,1.9923250689761087,-7.881404836843153,0.21736217,0.26847506,1.5257714986801147,1,0,0,0,0,0,0,0,0,0,0,0,1,0
TX001204,AC00490,-0.1024566155974033,-0.2411866520855321,-3.647022473173558,-100.23912619126516,0.0,0.1387154662013243,1.7893210474472565,-8.333131761677668,0.1639795,0.18317789,0.17493250966072083,1,0,0,0,0,0,0,0,0,0,0,0,0,0
TX001205,AC00411,-0.1036174829212283,-0.1365146904228111,-2.874768180985419,-86.44528865320576,0.0,0.2562414018842662,2.4150883292146186,2.7586605054194955,0.21793564,0.27733427,0.33305978775024414,1,0,0,0,0,0,0,0,0,0,0,0,0,0
TX001206,AC00087,-0.0639468686717737,-0.1677911671698884,-1.048877669141281,-94.26312158249364,5.960464477539064e-08,0.3188837109001162,2.511845093602412,-12.076434111071809,0.48123142,0.48485497,0.444354385137558,1,0,0,0,0,0,0,0,0,0,0,0,0,0
TX001207,AC00196,-0.061827403304029,-0.2012515764078737,-2.272882521515606,-87.81994751932153,0.0,0.1874330445393433,1.772998445173338,-11.300029943859109,0.3490711,0.5150605,0.3376968502998352,1,0,0,0,0,0,0,0,0,0,0,0,0,0
TX001208,AC00267,-0.0376963235648969,-0.1600047730901823,-1.39269614899436,-92.04939202756506,0.0,0.3231971726858058,2.48956554899099,-8.828822904025026,0.3080054,0.46316636,0.3741699457168579,1,0,0,0,0,0,0,0,0,0,0,0,0,0
TX001209,AC00267,-0.0958490318523851,-0.228411728540486,-3.668889188192005,-101.2205523127065,0.0,0.1643321032921328,1.843299615881948,-12.976683718109504,0.18534422,0.18814531,0.2631012797355652,1,0,0,0,0,0,0,0,0,0,0,0,0,0
TX001210,AC00125,-0.0431015754377323,-0.2428378831870787,-3.2166154340029705,-100.04273197551586,0.0,0.0339926744737721,1.3297746367648924,-13.509541141921463,0.19617483,0.21969035,0.23794439435005188,1,0,0,0,0,0,0,0,0,0,0,0,0,0
TX001211,AC00428,-0.082722447639241,-0.2240110920224416,-2.759099237791655,-101.03624515695556,0.0,0.2977360578969926,2.124539682155115,-14.165534100180082,0.32175192,0.24671227,0.23173242807388306,1,0,0,0,0,0,0,0,0,0,0,0,0,0
TX001212,AC00477,-0.0745639059096202,-0.164752719267422,-2.534414756231484,-94.73668239419534,0.0,0.3307859767986028,2.302879501796861,-13.391418147806426,0.37004668,0.4058058,0.3236807584762573,1,0,0,0,0,0,0,0,0,0,0,0,0,0
TX001213,AC00417,-0.0566682719358953,-0.1634310240745673,-2.0395437363208133,-93.3571829586997,4.214684851089404e-08,0.2782237203557629,2.1084137176280517,-6.583751370262459,0.29148358,0.2779856,0.26774418354034424,1,0,0,0,0,0,0,0,0,0,0,0,0,0
TX001214,AC00170,0.0701916903855159,-0.2201948837440028,0.4751038807338545,59.30496836676242,2.2127673876821645,0.487735727338134,2.894807598595037,50009.9186119803,0.27597558,0.5451704,2.5754265785217285,1,1,1,0,1,1,0,1,0,1,0,0,1,0
TX001215,AC00147,-0.1238006657667266,-0.2376058549676845,-4.065049154785828,-99.1058262978604,0.0,0.2012909649203984,1.686682042034462,-9.084272839970426,0.13939416,0.17475244,0.10387767106294632,1,0,0,0,0,0,0,0,0,0,0,0,0,0
TX001216,AC00097,-0.0860775125915138,-0.2397758408990373,-3.6475987475907177,-100.36471849036442,0.0,0.1614882627867195,2.01567172265032,-14.11036514085326,0.18977979,0.15730467,0.24137872457504272,1,0,0,0,0,0,0,0,0,0,0,0,0,0
TX001217,AC00433,-0.0661057815534936,-0.0121516413186886,-0.699625439084901,-83.20118351465818,5.960464477539064e-08,0.4753700749123467,3.4300904752401906,1.9704033936130545,0.6267445,0.6275209,0.7514151334762573,1,1,0,0,0,0,0,1,1,0,1,0,0,0
TX001218,AC00381,-0.0610693466262026,-0.2072234706362901,-2.4720192794701026,-91.46058651154756,4.214684851089404e-08,0.2103582078529298,1.9690238794960704,-7.349653717745581,0.24477747,0.2549053,0.23637080192565918,1,0,0,0,0,0,0,0,0,0,0,0,0,0
TX001219,AC00398,-0.0897176357153545,-0.2616723162926188,-1.5667812062923376,87.51295022394588,0.0,0.0,1.5955852903840764,-13.357430230990833,0.08860944,0.09990887,0.3949527144432068,1,0,0,0,0,1,0,0,0,0,0,0,0,0
TX001220,AC00029,-0.0892424002335326,-0.1758841064338931,-2.384859911030655,-94.24387579598572,0.0,0.2844185356553657,2.126015956496348,-6.2565980099015714,0.25248122,0.37200123,0.6201508045196533,1,0,0,0,0,0,0,0,0,0,0,0,0,0
TX001221,AC00291,-0.1098524611887082,-0.2269471106754359,-3.052092455618189,-99.99524510607206,0.0,0.206018229283965,2.0639184182451493,-2.758320627602424,0.17906411,0.2749559,0.3548186123371124,1,0,0,0,0,0,0,0,0,0,0,0,0,0
TX001222,AC00431,-0.0638157180792324,-0.1956317711850224,-4.063003548846981,-95.54251384628546,0.0,0.2883658093776113,2.177546223388121,-12.372613494289933,0.32456878,0.2914656,0.7740991115570068,1,0,0,0,0,0,0,0,0,0,0,0,0,0
TX001223,AC00275,-0.0928149292145205,-0.1380511772199224,-2.2566313872300165,-88.1391322263411,0.0,0.259950063215896,2.136769566351312,-5.685477870425027,0.26118892,0.3655734,0.31053417921066284,1,0,0,0,0,0,0,0,0,0,0,0,0,0
TX001224,AC00093,-0.0826089951047672,-0.2219916780681721,-2.7803300645123104,-98.06892330362166,4.214684851089404e-08,0.14416488983314,1.9492304876086108,-7.443967486188515,0.2627117,0.24703547,6.282129287719727,1,0,0,0,0,0,0,0,0,0,0,0,1,0
TX001225,AC00442,-0.0907109353046606,-0.1575802190067332,-1.5516081069783132,-88.23054836472386,0.0,0.3433282672303313,2.530536629368147,-5.739026521620214,0.3534617,0.35966128,0.3400131165981293,1,0,0,0,0,0,0,0,0,0,0,0,0,0
TX001226,AC00465,-0.1102000475732096,-0.2507904048590669,-2.5904360317428727,-98.37471712531185,0.0,0.1423164272413313,1.8052806041793463,-9.243238052959745,0.18018633,0.20613943,0.18694330751895905,1,0,0,0,0,0,0,0,0,0,0,0,0,0
TX001227,AC00158,-0.0291199199080899,-0.1761508508384441,-3.408070536666698,-96.360522326967,0.0,0.2897410753985282,1.9975356664120785,-9.744808035522924,0.2764274,0.35137698,0.28191077709198,1,0,0,0,0,0,0,0,0,0,0,0,0,0
TX001228,AC00334,-0.0717610301517681,-0.1857352226867683,-2.670902270313449,-97.97100952693074,0.0,0.3129908258552613,2.5203438687050177,-13.475236205376364,0.42860657,0.38805357,0.33020853996276855,1,0,0,0,0,0,0,0,0,0,0,0,0,0
TX001229,AC00093,-0.0650051955553966,-0.1413469132638012,-1.2724222665289284,-93.3729461474473,5.960464477539064e-08,0.3856888306980057,2.802671040774673,-10.262807263815455,0.6081294,0.5415791,5.994423866271973,1,1,0,0,0,0,0,0,0,0,1,0,1,0
TX001230,AC00229,-0.0661706252441829,-0.2063058441108016,-1.6114624456338644,-95.2138446196284,5.960464477539064e-08,0.2169470768633817,2.185423489546252,-13.466762074440044,0.39637837,0.44274747,0.44052714109420776,1,0,0,0,0,0,0,0,0,0,0,0,0,0
TX001231,AC00373,-0.0452808681175422,-0.1019737005002634,-1.1186686064097442,-84.40461826338532,0.0,0.3913840430386589,2.4870682779478077,-8.67012228915035,0.39445797,0.40456486,0.37075796723365784,1,0,0,0,0,0,0,0,0,0,0,0,0,0
TX001232,AC00328,-0.1252047177180638,-0.2758265863653615,-4.557125645303622,-100.57353615442156,2.9802322387695312e-08,0.072403550506787,0.9590209406463828,-9.95865278409542,0.08903441,0.08195167,0.09524045139551163,1,0,0,0,0,0,0,0,0,0,0,0,0,0
TX001233,AC00160,-0.0867931781464995,-0.1346727798959719,-1.704778651628838,-91.6882540685022,0.0,0.3189314517491081,2.783142459596112,0.7201085213682407,0.32224077,0.3479828,,0,0,0,0,0,0,0,0,0,0,0,0,0,0
TX001234,AC00014,-0.0748700199919715,-0.2658158381686097,-0.4885549962897491,49.97381028041268,0.0,0.3310896157730512,1.8970957657622656,-12.13063109942054,0.19883499,0.19816712,0.6453291773796082,1,0,0,0,0,1,0,0,0,0,0,0,0,0
TX001235,AC00090,-0.0838586353584652,-0.182473553706169,-2.6879832521773297,-83.3811099376197,0.0,0.2879133073422112,2.0428510376652675,-6.8941675205724655,0.2824813,0.2962471,0.251970499753952,1,0,0,0,0,0,0,0,0,0,0,0,0,0
TX001236,AC00053,-0.0652713686758783,-0.1684976835614675,-2.081251983149748,-89.48958230613997,5.960464477539064e-08,0.3045742479662591,2.1780871093253946,-5.359684096121849,0.29170632,0.28147295,0.2871726155281067,1,0,0,0,0,0,0,0,0,0,0,0,0,0
TX001237,AC00478,-0.0371738141172082,-0.2065326709534514,-2.3563967668849743,-95.90353544709708,0.0,0.1926886369177351,1.9157821272279236,-11.471282605154087,0.2739644,0.28332564,0.284751296043396,1,0,0,0,0,0,0,0,0,0,0,0,0,0
TX001238,AC00356,-0.1057327043171694,-0.2334366344703966,-3.3819859509582413,-99.11669141822208,0.0,0.175641847203202,1.7072552830844825,-7.336737692412476,0.23709589,0.23815049,0.27936065196990967,1,0,0,0,0,0,0,0,0,0,0,0,0,0
TX001239,AC00244,-0.004461960325868,0.0952014104949634,2.6331262342107262,292.8005474542282,3.544298158744378,0.657622147605243,5.021728963921109,-4.324036167510141,0.62387985,0.7248509,1.5068755149841309,1,2,0,1,1,1,1,1,1,0,1,1,1,1
TX001240,AC00103,-0.1046593558792637,-0.2511196469022072,-4.13285922475193,-102.27874492244123,0.0,0.0802323230595485,1.5769535049764896,-9.191232243187333,0.14160018,0.15491942,0.2955669164657593,1,0,0,0,0,0,0,0,0,0,0,0,0,0
TX001241,AC00053,-0.1386886863002841,-0.2506465684048136,-4.200334137079698,-97.25094227826207,2.9802322387695312e-08,0.1721660675430546,1.7995781264381558,-9.281967308172796,0.15527643,0.1702227,0.159785658121109,1,0,0,0,0,0,0,0,0,0,0,0,0,0
TX001242,AC00151,-0.0558096737272865,-0.1759139585674536,-2.4640922517165267,-94.9449089479028,0.0,0.2991054085893825,2.0849615876583267,-6.013952168123249,0.24941696,0.35439894,0.3205137848854065,1,0,0,0,0,0,0,0,0,0,0,0,0,0
TX001243,AC00494,-0.0783191298392618,-0.2306111139832536,-1.978744729924343,-65.11405609470211,0.0,0.3038437448868961,2.249207733527909,-13.66157287386553,0.16914795,0.23609641,0.19515150785446167,1,0,0,0,0,0,0,0,0,0,0,0,0,0
TX001244,AC00219,0.0004561260210056,0.0002854298809851,0.0278638348879329,-86.55537373471195,0.0,0.4210285067403147,3.02955586374214,-9.03969507874912,0.64550745,0.6865876,0.5766829252243042,1,3,1,1,1,0,0,0,0,0,1,1,0,1
TX001245,AC00202,-0.0204911118998731,0.0182341175404032,-0.4865370268099385,-83.96150648884935,5.960464477539064e-08,0.4773007691367626,3.4040235031579966,-0.6920384728357623,0.65990806,0.6647403,0.4362184703350067,1,2,0,1,0,0,0,1,1,0,1,1,0,1
TX001246,AC00254,-0.0768938587971842,-0.0619516449202506,-3.667093592501552,-92.97282646557332,4.214684851089404e-08,0.402947338067715,2.2979892685634025,8.12741493915922,0.14693557,0.2613688,0.27429288625717163,1,0,0,0,0,0,0,0,0,1,0,0,0,0
TX001247,AC00285,-0.1311357485825642,-0.2619909555740967,-2.994343046251456,-100.11254526179783,2.9802322387695312e-08,0.0,1.538889215860746,-9.903839861507535,0.1432851,0.20469122,0.16153746843338013,1,0,0,0,0,0,0,0,0,0,0,0,0,0
TX001248,AC00071,0.0167445514835926,-0.0651927491629402,0.0936129726438919,0.3885061905963027,2.349367973807541,0.5097767299540251,3.011614815566014,1.7784356040595264,0.38023737,0.39451224,0.45921674370765686,1,1,1,0,1,1,0,1,0,0,0,0,0,0
TX001249,AC00073,-0.086465487451268,-0.1963947279624724,-2.7715425736130195,-97.98844676770156,0.0,0.2305297048691988,2.275953881528474,-10.819961248106331,0.36094838,0.3069665,0.32022926211357117,1,0,0,0,0,0,0,0,0,0,0,0,0,0
TX001250,AC00383,-0.0841870909786829,-0.1938290547349554,-3.1052243500922154,-95.2654711684529,0.0,0.2641086204585677,1.8707178751089728,-11.41654360098704,0.23817968,0.42442328,0.3671666383743286,1,0,0,0,0,0,0,0,0,0,0,0,0,0
TX001251,AC00326,-0.0641372865691666,-0.2471986712084962,-3.6459360196310433,-99.72521975767074,0.0,0.0482624005781416,1.8091281561313333,-12.387716501707173,0.3099565,0.27181962,0.5477397441864014,1,0,0,0,0,0,0,0,0,0,0,0,0,0
TX001252,AC00153,-0.0924689488754847,-0.1896237514682104,-2.5689801393904093,-94.60161038818134,0.0,0.2902676769629589,2.131165733218689,-12.849952779273552,0.23874561,0.24402986,0.26208215951919556,1,0,0,0,0,0,0,0,0,0,0,0,0,0
TX001253,AC00460,-0.0514743626025001,-0.1670498903048742,-1.0264744033476472,-90.94233471319858,0.0,0.3117888607438063,2.4858352189787216,-4.611341613070162,0.38793668,0.4296287,0.4384631812572479,1,0,0,0,0,0,0,0,0,0,0,0,0,0
TX001254,AC00439,0.0043880387556025,-0.0606237458145493,-1.2520805831434003,-63.99128867335816,0.0,0.4571933849893667,2.605268710678367,10.449833834800312,0.50915027,0.49468258,0.5669310688972473,1,1,1,0,0,0,0,0,0,1,0,0,0,0
TX001255,AC00070,0.0080824756570918,-0.1684532811451762,0.5139899714681242,-23.893031507417437,3.3501702486172054,0.5855743026360055,3.272143938979448,5.030689403763942,0.57760876,0.92607266,1.800117015838623,1,2,1,0,1,0,1,1,1,1,1,1,1,1
TX001256,AC00086,-0.0331698591443377,-0.2260193471525848,-0.9291224627245604,124.10235988073477,0.0,0.4343210921226064,2.745077858373482,-10.667319388650732,0.14126532,0.20951012,0.7031998038291931,1,0,0,0,0,1,0,0,0,0,0,0,0,0
TX001257,AC00330,-0.0264566674583401,-0.036159432557496,-0.6304447253787417,-87.7654656831406,0.0,0.3993490286340898,2.8158471746540275,-1.7678309366784462,0.43052882,0.52283317,0.502309262752533,1,0,0,0,0,0,0,0,0,0,0,0,0,0
TX001258,AC00027,-0.0248167945118118,-0.051509674374752,-0.7538192422150578,-88.47848692722403,0.0,0.4604296123651797,2.742944913921572,-8.621066565390642,0.32912827,0.57173526,0.5079478025436401,1,0,0,0,0,0,0,0,0,0,0,0,0,0
TX001259,AC00020,0.0166415775745625,0.1077754134711725,0.9700316672983345,667.9339598267516,5.637440212814906,0.5577930409259508,8.310133187836515,-4.545361561235091,0.25585762,0.2670722,1.7823554277420044,1,2,1,1,1,1,1,1,1,0,0,0,1,1
TX001260,AC00232,-0.0522488123625515,-0.1934191812008572,-2.329346002525358,-95.39110740816147,0.0,0.263505102251232,2.1420551295257684,-11.09535410998116,0.29819173,0.30062813,0.28139686584472656,1,0,0,0,0,0,0,0,0,0,0,0,0,0
TX001261,AC00247,-0.0991860374072847,-0.1569887941952885,-2.2945534835511348,-83.2361553390708,0.0,0.3476916647960518,2.244173974655762,-3.959332131403253,0.35100538,0.46638352,0.5010368824005127,1,0,0,0,0,0,0,0,0,0,0,0,0,0
TX001262,AC00136,-0.0257826671548506,-0.1959786299613906,-2.6765391180269544,-76.37733678254983,0.0,0.2497149457893929,1.815481381792506,-3.2570006240025657,0.2546566,0.25651923,0.2729986011981964,1,0,0,0,0,0,0,0,0,0,0,0,0,0
TX001263,AC00322,-0.0942787113834041,-0.2103310824582536,-3.426077019653401,-95.45105625751454,0.0,0.2719090214754904,2.3383070574557667,-2.8382853975013784,0.17352232,0.23758891,0.19887657463550568,1,0,0,0,0,0,0,0,0,0,0,0,0,0
TX001264,AC00461,-0.0480316767762062,-0.1041287730132181,-2.0251343593486637,-91.02569637637548,0.0,0.325415870474718,2.67743572244843,-9.3030687330265,0.38644335,0.39491498,0.33526095747947693,1,0,0,0,0,0,0,0,0,0,0,0,0,0
TX001265,AC00079,-0.0721361426164733,-0.2108679611515231,-3.123352287066916,-97.6684486368916,0.0,0.2174230245929732,1.8709423774512757,-12.898895940438868,0.23653166,0.25530672,0.25139158964157104,1,0,0,0,0,0,0,0,0,0,0,0,0,0
TX001266,AC00176,-0.024120573529841,-0.0246343178415762,0.217264276210007,-80.6334202545078,0.0,0.4939113831452817,3.712841916680155,-7.103647900268738,0.96176064,0.92184407,0.8886291980743408,1,1,0,0,1,0,0,1,1,0,1,1,0,0
TX001267,AC00417,-0.047557628969771,-0.157934054953543,-1.5648949900561009,-92.40986735474866,0.0,0.2210684241284092,1.987781332549937,-10.835636087099848,0.3777069,0.37735662,0.3486528694629669,1,0,0,0,0,0,0,0,0,0,0,0,0,0
TX001268,AC00260,-0.0843630683610339,-0.1537370544106913,-2.1026003430936973,-93.89741999737792,0.0,0.3047280118757944,2.037633334558299,-4.79106980928004,0.2734791,0.42307007,0.40341269969940186,1,0,0,0,0,0,0,0,0,0,0,0,0,0
TX001269,AC00471,-0.0779272907946009,-0.2385664428867608,-1.497735037093169,-13.27303740129409,0.0,0.0018258499601306,1.7548898366731291,-13.814071673226374,0.14197925,0.17267884,0.28338226675987244,1,0,0,0,0,0,0,0,0,0,0,0,0,0
TX001270,AC00231,-0.1146100631963492,-0.2690230760306966,-3.644278059454609,-100.27441790669384,0.0,0.0486414616407293,1.8082860789298043,-9.52081154697626,0.14080322,0.15776764,0.15823130309581757,1,0,0,0,0,0,0,0,0,0,0,0,0,0
TX001271,AC00184,-0.0467702478393508,-0.1581981073241032,-1.7739290501516836,-93.064852010315,0.0,0.3384683873593622,2.307939715349605,-10.2925291477733,0.2747233,0.49568668,0.4384477138519287,1,0,0,0,0,0,0,0,0,0,0,0,0,0
TX001272,AC00475,-0.0421025707762184,-0.197420326640991,-2.9840132568300737,-97.3665820650902,0.0,0.273506548408841,2.009459939104585,-12.00187765909248,0.28137553,0.2747204,0.2651088237762451,1,0,0,0,0,0,0,0,0,0,0,0,0,0
TX001273,AC00329,-0.0840714484303616,-0.1773198088771965,-1.80331740735451,-91.20399941561509,0.0,0.289634526317558,2.3018535101984368,-6.03306474743085,0.30099508,0.3607229,0.3609953820705414,1,0,0,0,0,0,0,0,0,0,0,0,0,0
TX001274,AC00431,0.0552885070892176,-0.1307245895636857,-0.4852886935570355,274.78616982457515,2.6381960617124305,0.5125368595275392,4.603237970484919,3.2542681007180065,0.2037613,0.1480391,0.9658019542694092,1,1,1,0,0,1,0,1,1,0,0,0,0,0
TX001275,AC00398,-0.025391279481276,-0.1047498221332126,-0.9504746016905656,-67.5440636038177,0.0,0.4596725528884997,2.511483591872296,-0.3241724336493563,0.47531033,0.5937292,2.9120140075683594,1,0,0,0,0,0,0,0,0,0,0,0,1,0
TX001276,AC00221,-0.0895449648135844,-0.2128950797181561,-2.485445196958273,-99.33259676233276,0.0,0.2297072910716019,2.1566659477281065,-13.510723339089385,0.26622772,0.2790101,,0,0,0,0,0,0,0,0,0,0,0,0,0,0
TX001277,AC00299,-0.0986897032261703,-0.2154614236440546,-1.9488286717417465,-95.78364635608256,4.214684851089404e-08,0.1897335417121033,2.1007967718802614,-6.721691511113566,0.2862512,0.29527634,0.29131123423576355,1,0,0,0,0,0,0,0,0,0,0,0,0,0
TX001278,AC00266,-0.1155573329234713,-0.2302069468035972,-2.87131905245407,-96.39316647044922,4.214684851089404e-08,0.2218939873301005,1.87147936215618,-8.770098138192097,0.16275193,0.25115564,0.2583804428577423,1,0,0,0,0,0,0,0,0,0,0,0,0,0
TX001279,AC00297,-0.0574388097199679,-0.2459147294066532,-0.8735794764752178,-4.44260413337301,0.0,0.3970036950623675,1.9330736533968496,-11.373345934440312,0.20881309,0.28501022,0.6650576591491699,1,0,0,0,0,0,0,0,0,0,0,0,0,0
TX001280,AC00373,-0.1032209868152853,-0.2344271075147812,-2.640324202500101,-97.69730965910064,0.0,0.1453114601666134,2.082227306767682,-8.114190606479669,0.22266981,0.24160798,0.18909332156181335,1,0,0,0,0,0,0,0,0,0,0,0,0,0
TX001281,AC00489,-0.0214963791376205,-0.1860125239289769,-2.793943118276858,-90.51893144787071,0.0,0.3150378134443861,2.3646335340029285,-10.198950176564118,0.26317018,0.3118841,0.24707041680812836,1,0,0,0,0,0,0,0,0,0,0,0,0,0
TX001282,AC00128,0.0107815069777352,-0.2409249297942283,-1.172768676140744,4.493085226009569,1.1920928955078125e-07,0.367593068757663,1.873319686702833,2.504415064693573,0.21373455,0.2440472,0.1759498417377472,1,1,1,0,0,1,0,0,0,0,0,0,0,0
TX001283,AC00409,-0.0356042886301295,-0.147035918975787,-0.2370410886848111,-79.42066135064943,0.0,0.3544770444745009,2.2238026501261765,-1.7484320433896725,0.52439857,0.52238864,0.524674117565155,1,0,0,0,0,0,0,0,0,0,0,0,0,0
TX001284,AC00410,0.0257919796327958,-0.2162125825613154,0.1267434130154043,33.93628724729483,2.1799885437237867,0.5055526416208662,3.079903218287725,8.19814853794375,0.24003492,0.59625787,2.5596094131469727,1,1,1,0,1,1,0,1,0,1,0,0,1,0
TX001285,AC00360,-0.123330253171888,-0.2266705734114036,-3.692962068829323,-93.6348294861093,0.0,0.1102833069587703,1.7737789318490738,-8.304996210111403,0.13713236,0.18363978,0.1896321177482605,1,0,0,0,0,0,0,0,0,0,0,0,0,0
TX001286,AC00422,-0.0825586136279448,-0.2310810646560794,-2.871488648616496,-99.8008044919908,0.0,0.1613671674987602,1.841021308473084,-13.49793198557841,0.18329255,0.2934554,0.2410755157470703,1,0,0,0,0,0,0,0,0,0,0,0,0,0
TX001287,AC00225,-0.0498756581130909,-0.1700925828211796,-1.77818386645533,-94.0469900380749,0.0,0.3026278385094662,2.576826607696728,-11.23237043608078,0.30432585,0.37084547,0.22454097867012024,1,0,0,0,0,0,0,0,0,0,0,0,0,0
TX001288,AC00261,-0.0717370430597688,-0.1572950000182145,-1.1225176517682804,-94.12483728348543,0.0,0.2378180318465596,2.449616685541953,-3.988381581221545,0.34091002,0.39082378,0.37506622076034546,1,0,0,0,0,0,0,0,0,0,0,0,0,0
TX001289,AC00468,-0.0443879081840419,-0.1872131335277889,-2.254135042385964,-90.55117396140778,0.0,0.2716789138967311,1.7568368218838342,-6.410809879084083,0.2701224,0.279954,0.2652231752872467,1,0,0,0,0,0,0,0,0,0,0,0,0,0
TX001290,AC00138,0.0275248277591524,-0.1569826845102995,0.4999383785072,133.61250882006772,1.9485886657067408,0.4706902484552204,2.9790510751157764,-9.219479276678436,0.3561685,0.36912268,,0,1,1,0,1,1,0,1,0,0,0,0,0,0
TX001291,AC00013,-0.1082053107250837,-0.2105314021241162,-4.034665239678154,-99.04177091023789,0.0,0.2381581725099911,2.0902671268534405,-2.4021160155165404,0.21018691,0.21360351,0.2035679817199707,1,0,0,0,0,0,0,0,0,0,0,0,0,0
TX001292,AC00275,-0.058237213823006,-0.1908307690960082,-2.620420833294266,-93.20039615525394,5.960464477539064e-08,0.2720109979888951,2.279600291820359,-11.959187837192696,0.27033764,0.2579021,0.5811968445777893,1,0,0,0,0,0,0,0,0,0,0,0,0,0
TX001293,AC00125,-0.0836185574020286,-0.1706332344997896,-3.096737591660241,-93.10561204183304,0.0,0.3167139199612248,2.2066467956483047,-6.265853291206391,0.29076117,0.30777326,0.2950636148452759,1,0,0,0,0,0,0,0,0,0,0,0,0,0
TX001294,AC00200,-0.0917232565240085,-0.1437638302182411,-0.8614739058076646,-92.52875915111734,0.0,0.3665414089240297,2.5760994750055546,-5.588710975640228,0.35153332,0.4606527,0.43913695216178894,1,0,0,0,0,0,0,0,0,0,0,0,0,0
TX001295,AC00213,-0.1114701339082888,-0.2453792088338241,-4.476815819449921,-101.8396162873686,0.0,0.0450749528230129,1.7414435274250268,-15.106339608870648,0.16324762,0.18888253,0.2126646637916565,1,0,0,0,0,0,0,0,0,0,0,0,0,0
TX001296,AC00035,-0.0326453416705634,-0.1957860491750562,-1.4579477611381693,-94.05838108470547,0.0,0.2518808047495641,2.215888840873766,-10.198944710816738,0.33086026,0.3305156,0.2961021661758423,1,0,0,0,0,0,0,0,0,0,0,0,0,0
TX001297,AC00070,-0.0765523898356206,-0.2186938656450732,-3.0360661050166984,-98.126831489396,0.0,0.2141972076390767,1.988558180288767,-11.825114862078294,0.24791998,0.241337,0.277787446975708,1,0,0,0,0,0,0,0,0,0,0,0,0,0
TX001298,AC00275,-0.0878074352402963,-0.2072593717730106,-2.700135105667628,-93.8556254801496,0.0,0.3444381788519423,2.0662617587334062,-12.188014117563675,0.25050518,0.21647643,0.9516977667808533,1,0,0,0,0,0,0,0,0,0,0,0,0,0
TX001299,AC00060,-0.1197768778618364,-0.2450766258060948,-2.8427827086391693,-97.56795519997137,0.0,0.1785404041845857,1.5886106437362042,-14.54408481885723,0.15038005,0.12972964,0.12365946173667908,1,0,0,0,0,0,0,0,0,0,0,0,0,0
TX001300,AC00304,0.0021243398045267,0.1078259166555859,-1.1864781699428617,-82.13693035649246,2.482868145275427,0.5437164391686027,3.458891874653756,9.538809186131372,0.4537026,0.66800046,0.5361904501914978,1,2,1,1,0,0,0,1,1,1,0,1,0,1
TX001301,AC00372,-0.0599058589180561,-0.1398202985581245,-1.9992027352667376,-83.88792688816037,5.960464477539064e-08,0.3382090704497292,2.285573417132666,-2.08528277500059,0.24324887,0.3253982,0.27024900913238525,1,0,0,0,0,0,0,0,0,0,0,0,0,0
TX001302,AC00498,-0.0219060073737132,-0.0989925363917929,-0.8898663215467542,-71.54166908412593,0.0,0.3708742472857201,2.424151257596449,2.0345043563901344,0.33657634,0.4484184,0.3571440875530243,1,0,0,0,0,0,0,0,0,0,0,0,0,0
TX001303,AC00465,-0.0930526344187422,-0.2290272258855314,-2.549202977579521,-97.5381113701003,0.0,0.1851349524328432,1.9104414906310203,-7.33330073347287,0.21584016,0.22255097,0.20988264679908752,1,0,0,0,0,0,0,0,0,0,0,0,0,0
TX001304,AC00396,-0.041809813059207,-0.1524528676559351,-1.5893674380413172,-95.28043418549882,0.0,0.2674597397069451,2.2457769809031585,-11.256241646087156,0.32575908,0.41324133,0.3760107755661011,1,0,0,0,0,0,0,0,0,0,0,0,0,0
TX001305,AC00083,-0.0840207263707411,-0.1886850793894559,-2.817487065313196,-97.9981968615286,0.0,0.0782407812117555,2.0796757054512285,-11.607360695848175,0.29132473,0.32747617,0.3804166316986084,1,0,0,0,0,0,0,0,0,0,0,0,0,0
TX001306,AC00479,0.0353591892940373,-0.0254736003117044,0.3063064375410684,-42.75066957079957,2.534741576622652,0.5347799264759626,3.6114478058809785,4.680941564108955,0.62533486,0.7075859,0.6825606226921082,1,2,1,0,1,0,0,1,1,1,1,1,0,1
TX001307,AC00091,-0.1266980093547426,-0.2334052778608411,-2.8084253245281383,-98.81196646030466,0.0,0.1419492732638133,1.7457690387080425,-9.284083034144407,0.17526668,0.20500231,0.16601186990737915,1,0,0,0,0,0,0,0,0,0,0,0,0,0
TX001308,AC00024,-0.0632901997420078,-0.1925372071905167,-2.701812676668717,-80.73437539655052,0.0,0.2761102933947322,2.250550696221304,-5.136571799259005,0.23433116,0.31778827,0.30623698234558105,1,0,0,0,0,0,0,0,0,0,0,0,0,0
TX001309,AC00366,-0.1167928779437671,-0.2691022041123081,-4.305623409396934,-96.52262715387852,0.0,0.1587887525193561,1.7444187914293228,-8.425755070815196,0.12229558,0.11457724,1.68120539188385,1,0,0,0,0,0,0,0,0,0,0,0,1,0
TX001310,AC00470,-0.0219771842950092,0.0012091997826051,-1.896364572073984,-85.28820806990544,0.0,0.4581331830761747,2.686644104263708,10.965017262717208,0.27394405,0.51876235,0.4433155059814453,1,1,0,1,0,0,0,0,0,1,0,0,0,0
TX001311,AC00032,-0.0314618772549732,-0.1785591988860981,-1.9872158611812771,-75.96541094329513,0.0,0.3217266992978095,2.1830776491195,-10.23969822683438,0.25020468,0.319539,0.22566737234592438,1,0,0,0,0,0,0,0,0,0,0,0,0,0
TX001312,AC00136,-0.0871537861511118,-0.198678383206283,-1.713643781219388,-82.64191129338722,0.0,0.2520301397420303,2.274063616845256,-5.666898672292481,0.2934931,0.36240575,0.4722836911678314,1,0,0,0,0,0,0,0,0,0,0,0,0,0
TX001313,AC00001,-0.0405816471406856,-0.1041978459897934,-0.5124792652930967,-92.75672593820242,0.0,0.3654098326256729,2.411941728030333,-11.858377179157728,0.4322355,0.56999624,,0,0,0,0,0,0,0,0,0,0,0,0,0,0
TX001314,AC00187,-0.135940800016047,-0.2659802456668619,-4.356798401721188,-97.698036901624,0.0,0.0359563596687495,1.6757870242021322,-9.507291455774933,0.11672788,0.12259347,0.12855151295661926,1,0,0,0,0,0,0,0,0,0,0,0,0,0
TX001315,AC00452,-0.0898568822870874,-0.1757753943324913,-0.9673637165910778,-81.59381986993705,5.960464477539064e-08,0.2923716878885727,2.6101883101970893,-4.5213475044320175,0.39634353,0.4271673,0.3931993246078491,1,0,0,0,0,0,0,0,0,0,0,0,0,0
TX001316,AC00036,-0.0886403357929059,-0.244850077390504,-3.830215299665441,-101.5727669423206,0.0,0.0546788607098938,1.428176331199572,-14.358627710829728,0.16796054,0.20729563,0.2732452154159546,1,0,0,0,0,0,0,0,0,0,0,0,0,0
TX001317,AC00125,-0.1012793803462487,-0.2117844266820119,-3.2160844391272088,-97.15707641904508,4.214684851089404e-08,0.2301850489141982,2.280271849754395,-7.198342875556176,0.2407554,0.27244222,0.2459717094898224,1,0,0,0,0,0,0,0,0,0,0,0,0,0
TX001318,AC00403,-0.1198690929296771,-0.2254635733100889,-3.6998755833034833,-92.17992625659038,0.0,0.1712183880714922,1.7999890495871471,-8.248934966863713,0.18750006,0.18165116,0.21080277860164642,1,0,0,0,0,0,0,0,0,0,0,0,0,0
TX001319,AC00264,-0.1187738905720554,-0.2508504743421603,-2.792154705842962,-99.88256231284194,0.0,0.1138666927254315,1.8872496657770843,-8.876104241838119,0.18529034,0.23150542,0.20462121069431305,1,0,0,0,0,0,0,0,0,0,0,0,0,0
TX001320,AC00123,-0.1135779492003202,-0.2519882585604396,-3.725216548945681,-97.55500456153304,2.9802322387695312e-08,0.1762630953185425,1.87064618155359,-9.516406058155058,0.15987454,0.16859981,0.15294149518013,1,0,0,0,0,0,0,0,0,0,0,0,0,0
TX001321,AC00298,-0.0712239090880774,-0.1710176829427314,-2.1493272427680354,-93.77277780739578,0.0,0.2298687087100219,1.99831371452395,-11.289937037591766,0.31962025,0.34079096,0.32580292224884033,1,0,0,0,0,0,0,0,0,0,0,0,0,0
TX001322,AC00235,-0.1160950676549237,-0.2280640387621091,-2.185325334024493,-94.7720552967568,0.0,0.1650295232150754,1.9848102417884812,-8.153017998484911,0.25233755,0.23984702,0.2509329915046692,1,0,0,0,0,0,0,0,0,0,0,0,0,0
TX001323,AC00259,-0.0974761898052029,-0.2324203574131109,-3.350570706368674,-101.36520105850818,0.0,0.0788406926494756,1.6411619540776383,-14.475190379196734,0.18280339,0.16892594,0.22302362322807312,1,0,0,0,0,0,0,0,0,0,0,0,0,0
TX001324,AC00329,-0.0958618653502919,-0.1861250288734977,-3.9511598512656407,-93.1431195757676,0.0,0.2689055236561966,2.2821549227653746,-1.7644628929660056,0.18434036,0.23011933,0.31829190254211426,1,0,0,0,0,0,0,0,0,0,0,0,0,0
TX001325,AC00482,-0.0913871557702039,-0.1217725539898391,-1.8744076900603737,-96.30884201833112,0.0,0.2452728942515049,2.5572160590701296,-7.4556700605349855,0.26507485,0.41800296,0.3927992582321167,1,0,0,0,0,0,0,0,0,0,0,0,0,0
TX001326,AC00020,-0.0005089211919606,-0.1708525211850458,0.4567974217532242,84.57158353961903,2.1626428874469354,0.5068049848401228,2.749136500749495,-9.619439075023728,0.3353919,0.3588458,1.9258689880371094,1,0,0,0,1,1,0,1,0,0,0,0,1,0
TX001327,AC00453,-0.0925763257845836,-0.2091571191995096,-1.9520541121878037,-93.00646025476976,0.0,0.2782461865655912,1.9792020350566413,-5.983852848802597,0.176027,0.5033671,0.4573582410812378,1,0,0,0,0,0,0,0,0,0,0,0,0,0
TX001328,AC00367,-0.0630070745542562,-0.1948081092664895,-2.222709587967965,-95.69923917461212,0.0,0.2183836559354975,2.1076880907952336,-6.878439065377274,0.21427517,0.3178078,0.3136529326438904,1,0,0,0,0,0,0,0,0,0,0,0,0,0
TX001329,AC00167,-0.0970866869690675,-0.2460746365435611,-3.839238814188751,-101.97726086151002,0.0,0.0546788607098938,1.4444311949210031,-14.722360536188251,0.15891033,0.19128011,0.20733720064163208,1,0,0,0,0,0,0,0,0,0,0,0,0,0
TX001330,AC00110,-0.0886048102157059,-0.248915270115071,-3.809098179285832,-101.68584913746328,0.0,0.0546788607098938,1.7976335401774222,-14.541292300242509,0.18678385,0.18868679,0.18825553357601166,1,0,0,0,0,0,0,0,0,0,0,0,0,0
TX001331,AC00078,-0.0948567041847753,-0.1834664293330814,-2.767574817837457,-98.81013461787454,0.0,0.1145933019026102,2.1388289651742887,-11.05954512563318,0.25559822,0.37810108,0.2936806380748749,1,0,0,0,0,0,0,0,0,0,0,0,0,0
TX001332,AC00212,-0.0804468297726723,-0.1266782084559976,-1.8602114364894708,-92.93316282299352,0.0,0.3233123859674152,2.4647115592571707,0.3695671079351734,0.33272445,0.37060592,0.3575878441333771,1,0,0,0,0,0,0,0,0,0,0,0,0,0
TX001333,AC00051,-0.0151308022455902,-0.0311950517779304,4.8169997379332585e-05,-21.41676403771216,2.4802549367548985,0.5367556909311346,3.3588786122511505,2.828792437154005,0.4425112,0.5238327,0.46609699726104736,1,0,0,0,1,0,0,1,1,0,0,0,0,0
TX001334,AC00250,0.0046961688727462,-0.1282660612614645,-0.1081250459854414,-66.62166585129783,0.0,0.4240457652683313,2.8466535829720514,-9.61370212845259,0.37110147,0.47879922,,0,1,1,0,0,0,0,0,0,0,0,0,0,0
TX001335,AC00304,-0.0942831665991804,-0.2165509675413903,-1.8606616561353624,-95.19352350419098,0.0,0.1619619454237666,2.332296829915041,-6.859381055722303,0.29637975,0.29880956,0.17920753359794617,1,0,0,0,0,0,0,0,0,0,0,0,0,0
TX001336,AC00007,-0.0949316410473828,-0.2014538676798354,-2.3859617191540847,-94.60709384454816,4.214684851089404e-08,0.2328247331597857,2.317281274189814,-6.650094070449489,0.28004515,0.2967613,0.27710089087486267,1,0,0,0,0,0,0,0,0,0,0,0,0,0
TX001337,AC00017,-0.0325881042876721,-0.1119567233837983,-0.7819779535481839,-89.63926217061501,5.960464477539064e-08,0.3556480521719837,2.196723318952828,-8.456111774892369,0.42777166,0.4799875,0.5633523464202881,1,0,0,0,0,0,0,0,0,0,0,0,0,0
TX001338,AC00158,-0.0863363315993861,-0.2383925757483569,-2.226292910916949,-98.8471563039302,0.0,0.0722210513619866,1.692376972878726,-13.15951006226661,0.2304905,0.2765385,0.29873064160346985,1,0,0,0,0,0,0,0,0,0,0,0,0,0
TX001339,AC00110,-0.1144607291496193,-0.222250891371881,-3.947215256372989,-95.9414560424929,4.214684851089404e-08,0.1712183880714922,1.738545699832944,-9.126855845870232,0.16637908,0.18430284,0.16433045268058777,1,0,0,0,0,0,0,0,0,0,0,0,0,0
TX001340,AC00175,-0.0238104921156547,-0.1659918207887927,-2.1022731802974706,-94.92832990676057,0.0,0.2800091156647614,2.318883312280801,-8.730954204644195,0.326379,0.37858996,0.36333486437797546,1,0,0,0,0,0,0,0,0,0,0,0,0,0
TX001341,AC00079,-0.0824424921214592,-0.1971030050940234,-2.90793562019691,-93.02940445119324,0.0,0.2710607399613187,1.698253961058379,-7.016785672104247,0.19866307,0.21369052,0.19012339413166046,1,0,0,0,0,0,0,0,0,0,0,0,0,0
TX001342,AC00403,-0.0524943351103811,-0.2123873261818067,-3.3273433261608103,-99.34407288890198,0.0,0.2388762510772985,2.109160518417108,-12.779565914372354,0.1883592,0.185898,0.3007289171218872,1,0,0,0,0,0,0,0,0,0,0,0,0,0
TX001343,AC00228,-0.1101963694208573,-0.2616145954207028,-4.279137220052413,-102.46129340829862,0.0,0.0,1.4528002903345594,-15.630870506519145,0.16372165,0.16439146,0.17025940120220184,1,0,0,0,0,0,0,0,0,0,0,0,0,0
TX001344,AC00344,-0.102397898522694,-0.2225831443035097,-3.65013522368212,-92.25031930413496,0.0,0.199183689402615,1.7761874379548472,-7.918319474371071,0.18506248,0.2141502,0.2131047397851944,1,0,0,0,0,0,0,0,0,0,0,0,0,0
TX001345,AC00466,-0.1134090986348944,-0.2547847604327811,-3.7959538519366864,-102.02540748072056,4.214684851089404e-08,0.0,1.5291821824035507,-15.32771097303977,0.16843678,0.17244203,0.18828964233398438,1,0,0,0,0,0,0,0,0,0,0,0,0,0
TX001346,AC00204,-0.078745854206617,-0.2730183780697431,-1.315428743569233,22.36690019735299,0.0,0.3563906183153007,1.4967911218407135,-13.854265566620406,0.114908375,0.120967545,0.6676697731018066,1,0,0,0,0,1,0,0,0,0,0,0,0,0
TX001347,AC00030,-0.0360611554535431,-0.1192162027276699,-1.0569797112435315,-92.20096498859344,0.0,0.3832525297632474,2.5155856290330574,-5.012293991406508,0.33889794,0.4416436,0.40766990184783936,1,0,0,0,0,0,0,0,0,0,0,0,0,0
TX001348,AC00455,-0.0311864520944464,-0.1661354031458175,-0.0144594096255596,235.82201884214837,2.0114002806298377,0.4604549121470892,3.964990892389761,-10.046894557278964,0.23663092,0.17434932,2.1068336963653564,1,0,0,0,0,1,0,0,1,0,0,0,1,0
TX001349,AC00094,-0.083337100263691,-0.1328337529600094,-2.85188320703412,-78.96935089745301,0.0,0.3401676931078162,1.9345778135112408,-6.042243266061981,0.22933663,0.27991262,0.28884923458099365,1,0,0,0,0,0,0,0,0,0,0,0,0,0
TX001350,AC00185,-0.0823516753286688,-0.2146187615586445,-2.306749338834856,-96.79626159647718,0.0,0.2123772608742963,2.176854178002948,-14.9687400163499,0.21005821,0.471829,0.4859933853149414,1,0,0,0,0,0,0,0,0,0,0,0,0,0
TX001351,AC00351,-0.0889502674729009,-0.2216762141014574,-3.512041190248797,-98.7436341770321,4.214684851089404e-08,0.190106467153932,2.1569013960953023,-12.565669753436056,0.28468353,0.24867481,,0,0,0,0,0,0,0,0,0,0,0,0,0,0
TX001352,AC00335,-0.0888668421246674,-0.1877118957613548,-2.367243243714692,-93.76874773904495,0.0,0.2363841806934062,2.324928837480975,-6.658441424428088,0.27501673,0.2901169,,0,0,0,0,0,0,0,0,0,0,0,0,0,0
TX001353,AC00409,-0.0521047952127416,-0.1216111419341454,9.430892745765362e-05,-61.83256341725736,3.0724164518012738,0.5950833557996793,3.456765349755326,11.31922181618608,0.50233173,0.51075506,0.9849303364753723,1,0,0,0,1,0,1,1,1,1,0,0,0,0
TX001354,AC00312,0.0115811649561111,0.002826714056872,0.603098404948744,-39.47971694162053,2.0263182823756334,0.5308416943695585,3.497143181780501,1.921352679911912,0.49539524,0.5768206,0.5373653769493103,1,2,1,1,1,0,0,1,1,0,0,0,0,1
TX001355,AC00097,-0.0339488426709608,0.0591276789260555,1.1368685355200787,-77.40203263210671,0.0,0.4791262012217005,3.077488804004421,-6.131435872992856,0.82042086,0.93062824,0.7983184456825256,1,2,0,1,1,0,0,1,0,0,1,1,0,1
TX001356,AC00447,-0.1040565973602903,-0.2435472223937803,-3.7214753580088624,-102.06554399786997,0.0,0.1080154072808506,1.5931350041664407,-15.4327260475625,0.1698673,0.18475927,0.14454323053359985,1,0,0,0,0,0,0,0,0,0,0,0,0,0
TX001357,AC00280,-0.1373330709140997,-0.2726022900489686,-3.748508086881324,-102.31550172102136,0.0,0.0,1.6139436393287336,-9.934639472426742,0.14227855,0.1511933,0.15910251438617706,1,0,0,0,0,0,0,0,0,0,0,0,0,0
TX001358,AC00023,-0.096410312429261,-0.1922017739636987,-1.7081471556604084,-97.2808556883799,0.0,0.2289729433660056,2.089847498684277,-7.728693560003657,0.28539014,0.30637518,0.3894880712032318,1,0,0,0,0,0,0,0,0,0,0,0,0,0
TX001359,AC00077,-0.0510621954562971,-0.1620896518081569,-1.570095033945166,-79.56290453668144,0.0,0.3288362559779658,2.3206693868959944,-4.554424558032988,0.37294665,0.37309387,0.36574694514274597,1,0,0,0,0,0,0,0,0,0,0,0,0,0
TX001360,AC00113,-0.1140076538767928,-0.2565746608710083,-3.624253764973722,-101.4424437005262,0.0,0.0633992601530571,1.61853465602208,-15.027565566568288,0.21426073,0.21243677,0.2316170036792755,1,0,0,0,0,0,0,0,0,0,0,0,0,0
TX001361,AC00391,0.0048793596951277,-0.0659827301657962,-0.9000895176308203,-87.08173509185967,0.0,0.3355861903516547,2.574140852166805,-8.653289694999044,0.4223112,0.50417703,0.3842989206314087,1,1,1,0,0,0,0,0,0,0,0,0,0,0
TX001362,AC00136,-0.1057320087364903,-0.2435059056440551,-3.588598988720304,-101.3384652084066,0.0,0.0989445241674432,1.8854587808063763,-8.987906130965793,0.18075605,0.17860907,1.0635573863983154,1,0,0,0,0,0,0,0,0,0,0,0,0,0
TX001363,AC00204,-0.0456716791437459,-0.1556165007999845,-2.858428599614117,-94.74106311229468,0.0,0.2941079195485251,1.9659185656168077,-11.33668363175934,0.17527573,0.40298164,0.43189167976379395,1,0,0,0,0,0,0,0,0,0,0,0,0,0
TX001364,AC00089,-0.029445078663536,-0.2477534690212204,-1.588805537183755,31.265448696599165,0.0,0.0,2.2455297101133485,5.560648759261774,0.11457181,0.11511636,2.412081718444824,1,0,0,0,0,1,0,0,0,1,0,0,1,0
TX001365,AC00305,-0.0624613068719629,-0.2052794122216896,-2.337117274599346,-94.6226845956442,0.0,0.2086021058604815,1.8636590182972448,-6.481209729198935,0.2855191,0.31764424,0.2915214002132416,1,0,0,0,0,0,0,0,0,0,0,0,0,0
TX001366,AC00338,-0.0833497433165024,-0.169090261754319,-3.095136754568645,-95.0035244918199,0.0,0.3193752330703259,1.7987537653777663,-6.969183460864293,0.1543017,0.36030197,0.36962753534317017,1,0,0,0,0,0,0,0,0,0,0,0,0,0
TX001367,AC00268,-0.1217399101755561,-0.2185044096298336,-2.7504492860819925,-96.27106845994874,0.0,0.2390129270764233,2.1215120863992496,-8.240889664534286,0.21247831,0.23095584,0.2666715383529663,1,0,0,0,0,0,0,0,0,0,0,0,0,0
TX001368,AC00363,-0.0450988268690679,0.0140734733750389,0.0001047909010551,-85.69097945182713,0.0,0.4384355030397307,2.768593439718848,-2.3468216773744026,0.5918262,0.63932455,0.8597886562347412,1,2,0,1,1,0,0,0,0,0,1,1,0,1
TX001369,AC00316,-0.0004912486997358,-0.1868597572986263,-0.0293089407977733,52.442442512758944,0.0,0.463806955341205,2.342766069671605,-9.345857240699631,0.29357958,0.29123622,0.35522979497909546,1,0,0,0,0,1,0,0,0,0,0,0,0,0
TX001370,AC00167,-0.0860317714665737,-0.1668758369843448,-0.4971559092915552,-94.2029350317824,0.0,0.2346700414523751,2.2671766697272515,-6.837929409999955,0.32043612,0.41212085,0.4150197207927704,1,0,0,0,0,0,0,0,0,0,0,0,0,0
TX001371,AC00405,-0.0934333909037567,-0.2278134486797578,-3.4403530464138568,-97.30117324206302,0.0,0.1771116383910333,1.7541692675500102,-8.65557883747841,0.2092405,0.24058087,0.2592947781085968,1,0,0,0,0,0,0,0,0,0,0,0,0,0
TX001372,AC00098,-0.1223169426187271,-0.2092176731812451,-2.1423822699963138,-88.86039033113127,0.0,0.3156928366639051,1.6445336599352107,-6.422929858424324,0.32215962,0.41702813,0.41529399156570435,1,0,0,0,0,0,0,0,0,0,0,0,0,0
TX001373,AC00116,-0.1148209069500579,-0.2384428290363802,-3.700968064728241,-100.91949381288836,0.0,0.1052185785723645,1.8246704361535275,-4.732213724721326,0.1413728,0.20435998,0.30659258365631104,1,0,0,0,0,0,0,0,0,0,0,0,0,0
TX001374,AC00267,-0.0406983895363964,-0.0456209988632039,-0.5019116288308014,-85.91152579410894,0.0,0.4335723711651613,2.967710372286629,-1.878581905554403,0.54814935,0.55685526,0.4653516411781311,1,1,0,0,0,0,0,0,0,0,1,0,0,0
TX001375,AC00447,-0.1099494351288677,-0.1940186184538621,-3.288450579452154,-91.08779842366904,0.0,0.244905333070047,1.8544353271512235,-7.028521985367925,0.2116254,0.30208206,0.2906990945339203,1,0,0,0,0,0,0,0,0,0,0,0,0,0
TX001376,AC00042,-0.0247591904166915,-0.1644628081429537,-1.543385673578798,-92.00216896666755,0.0,0.3849253716091153,2.587137587465417,-11.22411701737942,0.35073778,0.32176962,0.3553045690059662,1,0,0,0,0,0,0,0,0,0,0,0,0,0
TX001377,AC00074,-0.1073349871140849,-0.2542825684517824,-3.4706582718484134,-101.26293956304326,2.9802322387695312e-08,0.0989445241674432,1.6694278480119396,-9.84383116583724,0.16790861,0.18274651,0.12328153103590012,1,0,0,0,0,0,0,0,0,0,0,0,0,0
TX001378,AC00063,-0.0658429795886483,-0.032750290546559,0.3478100652891331,-80.48907026324909,0.0,0.4866461306598625,3.402896189027764,-1.220717943038838,0.66173095,0.7327606,0.6434624791145325,1,1,0,0,1,0,0,1,1,0,1,1,0,0
TX001379,AC00085,-0.0832488254494292,-0.2056494374551458,-2.6230791340596875,-91.50703319337303,0.0,0.2959528237383514,2.160007171614748,-6.270099139881396,0.22901505,0.29895586,0.3071724474430084,1,0,0,0,0,0,0,0,0,0,0,0,0,0
TX001380,AC00126,-0.0960947110572863,-0.2472142010688738,-3.663521562686316,-100.5552636355715,0.0,0.1488249740012662,1.83725517518956,-13.720834234187798,0.1736733,0.19250318,0.1874677538871765,1,0,0,0,0,0,0,0,0,0,0,0,0,0
TX001381,AC00471,-0.1140727657291961,-0.2552249450946158,-3.5324933913411245,-98.20961253805751,0.0,0.0946770653841054,1.7514595359858924,-7.980129228819632,0.19326738,0.1910997,0.2195030003786087,1,0,0,0,0,0,0,0,0,0,0,0,0,0
TX001382,AC00304,-0.0402764565442387,-0.0883599669772159,-0.5903029425880435,-92.79328643124389,0.0,0.3124704375140127,2.49167920832744,-10.09113200256434,0.4331933,0.46952164,0.32088035345077515,1,0,0,0,0,0,0,0,0,0,0,0,0,0
TX001383,AC00242,-0.0654922242613852,-0.0886247670022446,-1.7148821350702237,-85.64146408356737,0.0,0.4338409563120083,2.5396610043817245,-3.8994888390978457,0.402649,0.5531657,2.701035499572754,1,0,0,0,0,0,0,0,0,0,0,0,1,0
TX001384,AC00261,-0.0856140440140639,-0.2360006385877642,-2.48134979147664,-99.1651461288755,0.0,0.1394162388196323,1.861779031489709,-12.962348937305173,0.20801143,0.29754782,0.28988298773765564,1,0,0,0,0,0,0,0,0,0,0,0,0,0
TX001385,AC00338,-0.1226452522082932,-0.2676273324385263,-3.813807822906127,-101.88712579195558,2.9802322387695312e-08,0.0,1.315362486869484,-16.74996481736002,0.17178777,0.19509485,0.20393292605876923,1,0,0,0,0,0,0,0,0,0,0,0,0,0
TX001386,AC00292,-0.0735428725817412,-0.2315154835033113,-3.749714942209196,-99.68622733857174,5.960464477539064e-08,0.1614186088078576,1.7478489254519742,-13.99419708114325,0.19564043,0.16614516,0.17815883457660675,1,0,0,0,0,0,0,0,0,0,0,0,0,0
TX001387,AC00024,-0.0859168621623734,-0.2424840721611854,-2.6203535663531925,-99.26195455080432,4.214684851089404e-08,0.1916739943346647,1.6905915575913617,-15.440921194114548,0.28861308,0.29641303,0.28202760219573975,1,0,0,0,0,0,0,0,0,0,0,0,0,0
TX001388,AC00441,-0.0406636922753086,-0.2081234223189811,-3.042809970796488,-95.29776637707693,0.0,0.2281214573131199,1.959784324352387,-9.235897253505586,0.16964863,0.40235847,0.3957923948764801,1,0,0,0,0,0,0,0,0,0,0,0,0,0
TX001389,AC00412,-0.0892605759456275,-0.2166593408440398,-0.2404460453713781,45.91866540704903,0.0,0.4562442363867968,2.343644828147859,-11.641822468825518,0.3486841,0.40461028,0.3076068162918091,1,0,0,0,0,1,0,0,0,0,0,0,0,0
TX001390,AC00315,-0.0169545012256447,-0.0790305091763117,0.367475762037122,404.3188989652086,3.329948473565992,0.5395479734972997,5.753045426402029,-9.592307273217944,0.18158825,0.23394066,1.349988579750061,1,0,0,0,1,1,1,1,1,0,0,0,0,0
TX001391,AC00120,-0.1431704304151844,-0.2739422947906111,-4.557831451904819,-104.8349562618493,0.0,0.0,1.3583006879014674,-10.908969096345972,0.08898845,0.09603282,0.11157882213592529,1,0,0,0,0,0,0,0,0,0,0,0,0,0
TX001392,AC00462,-0.0999872644525708,-0.2138277859246546,-3.787050673693796,-85.35045800173688,0.0,0.1957932347186166,1.492590629532417,-7.02428055035912,0.18705314,0.17739004,0.19170266389846802,1,0,0,0,0,0,0,0,0,0,0,0,0,0
TX001393,AC00481,-0.0019389255233576,-0.1118121729366872,-0.4398507491209145,-66.80001949713262,0.0,0.3849823738593153,2.742377103284708,-0.9883203605872328,0.46652806,0.49361026,0.47663402557373047,1,0,0,0,0,0,0,0,0,0,0,0,0,0
TX001394,AC00166,-0.0593453466314645,-0.1229010624458197,-0.4361561645291152,-92.13471590555616,0.0,0.3759475129150772,2.6342021479390545,-5.0629298352627226,0.40140793,0.49028566,0.5126688480377197,1,0,0,0,0,0,0,0,0,0,0,0,0,0
TX001395,AC00438,-0.1042478897809183,-0.2438895479501894,-2.5953367173467496,-101.30639367803984,0.0,0.0989445241674432,1.818223366055619,-8.78347765187553,0.2129991,0.21400785,0.26663777232170105,1,0,0,0,0,0,0,0,0,0,0,0,0,0
TX001396,AC00090,-0.1028674330383588,-0.2059699967639188,-1.635174178322825,-94.4886118947976,0.0,0.1884998477387856,2.169763247039456,-7.05141090209685,0.3145355,0.29659045,0.2546243667602539,1,0,0,0,0,0,0,0,0,0,0,0,0,0
TX001397,AC00041,-0.091420927032026,-0.2158331597186062,-2.0808396513872145,-96.14755525374945,0.0,0.1284203666818879,2.0179368052902587,-14.486823017752394,0.3487353,0.36029753,0.5622038245201111,1,0,0,0,0,0,0,0,0,0,0,0,0,0
TX001398,AC00141,-0.0178829475749645,-0.0465815756518186,-0.5948555236529218,-87.06983548639961,0.0,0.4106243597490782,2.6698488605123485,-0.3570923579799078,0.3663925,0.4175911,0.4339520335197449,1,0,0,0,0,0,0,0,0,0,0,0,0,0
TX001399,AC00410,-0.1091255078174666,-0.1377509437447577,-0.8036079544066297,-92.4281665612091,0.0,0.2753235730376736,2.3518425296768712,-6.046429667896173,0.33659995,0.37993267,0.41464293003082275,1,0,0,0,0,0,0,0,0,0,0,0,0,0
TX001400,AC00362,-0.069720964423497,-0.1730668248986104,-1.3602014476965172,-91.51849004723935,4.214684851089404e-08,0.327938369395732,2.584929344499887,-4.733164907854292,0.38096508,0.37061572,0.1843501478433609,1,0,0,0,0,0,0,0,0,0,0,0,0,0
TX001401,AC00315,-0.1278000550153769,-0.2548328189127348,-4.077118182928044,-98.81759977949696,2.9802322387695312e-08,0.0946770653841054,1.6096262927852063,-9.399166702844196,0.12625946,0.13099076,0.12896129488945007,1,0,0,0,0,0,0,0,0,0,0,0,0,0
TX001402,AC00092,-0.0978049392323078,-0.2335818511984084,-3.5759809824143014,-100.7790641864816,0.0,0.1914352553056273,1.973792114632296,-8.766888145768476,0.16837597,0.2231212,0.20125102996826172,1,0,0,0,0,0,0,0,0,0,0,0,0,0
TX001403,AC00133,-0.0957865666389486,-0.2412371497335701,-2.9827811397759314,-99.58942620194556,0.0,0.0905538140818404,1.6288606352138515,-8.313576979516602,0.222932,0.22311503,0.2392163872718811,1,0,0,0,0,0,0,0,0,0,0,0,0,0
TX001404,AC00069,-0.0670766107643058,-0.0971060158304624,-0.3992675135325827,-92.41687412038344,0.0,0.385831938341884,2.9707903190809177,-9.94720420858518,0.4902472,0.42409563,0.4898388683795929,1,0,0,0,0,0,0,0,0,0,0,0,0,0
TX001405,AC00498,-0.0844126281776369,-0.2077663058444205,-2.6929776600054085,-89.34704403813313,0.0,0.2734973758335429,2.297765905147784,-6.716736580824742,0.22990006,0.2726488,0.30918702483177185,1,0,0,0,0,0,0,0,0,0,0,0,0,0
TX001406,AC00006,-0.1129210496511286,-0.2492221346512617,-2.6793893679389003,-76.23804433187706,0.0,0.2807706882092725,1.7554008907758054,-14.387861583871944,0.11379287,0.10564472,0.07707010954618454,1,0,0,0,0,0,0,0,0,0,0,0,0,0
TX001407,AC00104,-0.0825022102329033,-0.1624006269495166,-1.9046291365596144,-92.70270597442038,0.0,0.2001796388269459,2.79213111055367,-0.3849089534099207,0.2846335,0.33903885,,0,0,0,0,0,0,0,0,0,0,0,0,0,0
TX001408,AC00311,-0.0870677978303224,-0.2650847137822401,-3.731914594965093,-101.29370102179372,4.214684851089404e-08,0.1249513079182371,1.7844435303977904,-13.348151517202696,0.1403176,0.123915896,0.17085598409175873,1,0,0,0,0,0,0,0,0,0,0,0,0,0
TX001409,AC00144,-0.0766700469220786,-0.2142908713083839,-4.114337756814451,-78.78940200079279,0.0,0.3300608542095952,1.9366636154785863,1.9180909511001711,0.16344891,0.19301562,0.2247709482908249,1,0,0,0,0,0,0,0,0,0,0,0,0,0
TX001410,AC00157,-0.0989264381463545,-0.2568386409436713,-3.320492395680742,-102.428352341668,0.0,0.0,1.397621936958792,-14.876724871023283,0.17056108,0.18482357,0.192037895321846,1,0,0,0,0,0,0,0,0,0,0,0,0,0
TX001411,AC00171,-0.0906762754707447,-0.2629885005838378,-3.227272193324386,-100.8023724226368,0.0,0.0153722963112688,1.5484199324798111,-14.876201487687158,0.26198614,0.26259455,0.2573263645172119,1,0,0,0,0,0,0,0,0,0,0,0,0,0
TX001412,AC00374,-0.0643450784277245,-0.1797747502669342,-1.6271129746812223,-91.43965086480434,0.0,0.2860230091461933,2.551803138680848,-4.8811656349857495,0.34789717,0.37222552,0.4593822658061981,1,0,0,0,0,0,0,0,0,0,0,0,0,0
TX001413,AC00219,-0.011372287968319,-0.0971604970171327,-0.3278963632207032,-80.15303995012931,0.0,0.4616807839440189,2.6965582845758087,-0.8208341937383448,0.26507354,0.80179745,0.6266249418258667,1,0,0,0,0,0,0,0,0,0,0,1,0,0
TX001414,AC00405,-0.0345010690692104,-0.153619386244439,-3.161542900162256,-93.84861368107796,0.0,0.302953331363593,2.0819468151692124,-10.54065073593246,0.27997902,0.29889977,0.3874431252479553,1,0,0,0,0,0,0,0,0,0,0,0,0,0
TX001415,AC00075,-0.094061304126999,-0.2383712556143371,-2.5316254269609386,-99.36919879506893,4.214684851089404e-08,0.1977186389793927,1.7669244406911997,-15.268570070030908,0.24758689,0.3388805,0.33817195892333984,1,0,0,0,0,0,0,0,0,0,0,0,0,0
TX001416,AC00136,0.01599231002949,-0.0277640422751432,-0.0003247244132564,483.479055810578,3.78381078733093,0.5393153808401077,6.435305223217653,-8.755739762974624,0.23256752,0.1323072,1.5612094402313232,1,1,1,0,0,1,1,1,1,0,0,0,1,0
TX001417,AC00056,-0.0445736166276116,-0.1709943131149158,-2.936739382714637,-94.5555892152605,0.0,0.2967959070586727,2.219273655650801,-6.000104587369869,0.21396175,0.28525656,0.2988353371620178,1,0,0,0,0,0,0,0,0,0,0,0,0,0
TX001418,AC00368,-0.093902772799432,-0.2349554125626685,-1.687638036928683,-87.26212682392776,5.960464477539064e-08,0.320432281083487,2.0300104612444074,-12.333599132592576,0.24711683,0.23910064,0.36523857712745667,1,0,0,0,0,0,0,0,0,0,0,0,0,0
TX001419,AC00261,-0.0379809967107185,-0.1429922826852463,-1.1882216300920136,-91.18079213054358,0.0,0.2898207074926006,2.311796818016647,-10.024738646401554,0.41286376,0.38205144,0.3699629008769989,1,0,0,0,0,0,0,0,0,0,0,0,0,0
TX001420,AC00090,-0.0792222955521819,-0.2178289675729967,-2.9237422001483564,-99.32687783424852,0.0,0.2349508253192045,1.9402956405260008,-12.823886971028942,0.2324447,0.2511862,0.22969365119934082,1,0,0,0,0,0,0,0,0,0,0,0,0,0
TX001421,AC00297,-0.1014975880358469,-0.2199763920330635,-3.624566586716182,-84.46760397261693,4.214684851089404e-08,0.2421254379911344,2.0514347244144138,-6.741197521428632,0.23872453,0.2246136,0.150224506855011,1,0,0,0,0,0,0,0,0,0,0,0,0,0
TX001422,AC00144,-0.0914711853057511,-0.2345286013505159,-3.102387456489951,-99.84575317928548,0.0,0.1644941434739875,1.821682330586617,-5.973636451842029,0.25074467,0.22124402,0.23666426539421082,1,0,0,0,0,0,0,0,0,0,0,0,0,0
TX001423,AC00207,0.0064492362535392,0.1427633593828685,1.670688044163211,-71.16518128914171,2.5388596570034414,0.57346155814467,3.958073142694232,-3.6173833164784166,1.0268964,1.1000518,,0,3,1,1,1,0,0,1,1,0,1,1,0,1
TX001424,AC00443,-0.0159269231333388,-0.0949249994966647,0.0003731308181347,-68.77947750456158,0.0,0.413521720044085,2.674183400710332,1.88969681220944,0.4056162,0.82062894,0.7063049077987671,1,0,0,0,1,0,0,0,0,0,0,1,0,0
TX001425,AC00179,-0.0632280133774201,-0.0906292183124986,-0.8046565269999109,-90.71666378643002,0.0,0.424933513547546,2.5177237549826,-9.337168710179023,0.3450823,0.73383003,0.6643460392951965,1,0,0,0,0,0,0,0,0,0,0,1,0,0
TX001426,AC00175,-0.089470018694742,-0.2359104562696699,-1.817393876328036,-95.9613481312388,0.0,0.1895613030460242,2.099728846609489,-6.955491042195286,0.26693225,0.27398175,0.2920374274253845,1,0,0,0,0,0,0,0,0,0,0,0,0,0
TX001427,AC00386,-0.0991649373431382,-0.2273823823943284,-3.224717999287072,-97.72286515170464,5.960464477539064e-08,0.2664269684872691,1.855745499371497,-13.525099348541564,0.18722361,0.15928441,0.305345743894577,1,0,0,0,0,0,0,0,0,0,0,0,0,0
TX001428,AC00067,-0.0973444804454004,-0.2503394558073111,-3.722500007704407,-100.28211524518242,0.0,0.1379502562546252,1.7132375728584912,-15.790149772598587,0.24770716,0.22581723,0.3180416226387024,1,0,0,0,0,0,0,0,0,0,0,0,0,0
TX001429,AC00369,-0.0455941865124215,-0.0899167276344006,-0.4835948644195253,-90.69036782761248,0.0,0.2500839072953952,2.665235482480464,-9.8615192964857,0.55356,0.5627235,0.5476178526878357,1,1,0,0,0,0,0,0,0,0,1,0,0,0
TX001430,AC00257,-0.0627236142217602,-0.2023052129117444,-2.6433202501899027,-96.82449629895864,4.214684851089404e-08,0.2319019888937159,2.2054886429517477,-11.951679696815754,0.30732882,0.29858977,0.2937127351760864,1,0,0,0,0,0,0,0,0,0,0,0,0,0
TX001431,AC00059,-0.1149272329419101,-0.2126568110188367,-3.0235940353285136,-90.4540236537014,0.0,0.2540410874439194,1.6328218310859604,-6.829993539358986,0.1894039,0.35640377,0.2994409203529358,1,0,0,0,0,0,0,0,0,0,0,0,0,0
TX001432,AC00341,-0.0945170532845047,-0.1690813588655821,-1.3119679843442151,-92.40920086584455,0.0,0.2896045923712012,2.148467777954844,-5.966118242815355,0.3887843,0.43217564,0.40632951259613037,1,0,0,0,0,0,0,0,0,0,0,0,0,0
TX001433,AC00357,-0.0782085652518251,-0.1960692107209276,-2.8171453077094077,-98.06915140462444,0.0,0.116235172197036,1.8646733601952867,-12.80176789952005,0.24983294,0.28049237,1.426857829093933,1,0,0,0,0,0,0,0,0,0,0,0,0,0
TX001434,AC00455,-0.1095657934537913,-0.2439822362182736,-3.0215703719664413,-101.25722176604332,0.0,0.199421859060976,1.8160219993715707,-8.83015259614003,0.17299809,0.24816097,0.16945482790470123,1,0,0,0,0,0,0,0,0,0,0,0,0,0
TX001435,AC00346,-0.0726359849350786,-0.127365213850636,-1.76464411931651,-95.21905039174467,0.0,0.3132594655106621,2.8085469766455105,-11.61126283413853,0.5000685,0.3851975,,0,0,0,0,0,0,0,0,0,0,0,0,0,0
TX001436,AC00118,-0.0779854066278263,-0.1600740518041787,-3.1201381519994884,-96.19945029798676,0.0,0.2573856819224782,2.3321757873210096,-7.601465130110572,0.25386858,0.24544747,0.17234548926353455,1,0,0,0,0,0,0,0,0,0,0,0,0,0
TX001437,AC00275,-0.0504423870218431,-0.1900472538425754,-2.6561053780084114,-91.17849498034217,0.0,0.2669487249726872,2.210760125091387,-6.167836846831643,0.25748178,0.2850232,0.23170706629753113,1,0,0,0,0,0,0,0,0,0,0,0,0,0
TX001438,AC00028,-0.0691377082097008,-0.1922903817330012,-1.4989734687133422,-97.17182799058163,0.0,0.2761350078866699,1.9408804140794853,-14.56857297059366,0.32352844,0.36249778,0.4796895980834961,1,0,0,0,0,0,0,0,0,0,0,0,0,0
TX001439,AC00179,0.0054981470846399,-0.1157016717091792,-0.9822749484210096,-71.93528049351767,0.0,0.3673694163326994,2.801751597487395,9.76653151529905,0.43539715,0.47040686,0.49156126379966736,1,1,1,0,0,0,0,0,0,1,0,0,0,0
TX001440,AC00090,-0.0890258702464122,-0.2240606892846319,-3.392242052901758,-99.25232700473578,0.0,0.1740391863049652,2.044338743067041,-15.464805999887025,0.3013943,0.29291293,0.27233755588531494,1,0,0,0,0,0,0,0,0,0,0,0,0,0
TX001441,AC00367,-0.019643338776172,-0.1560244294773094,-1.5631205435238842,-93.86029340653226,0.0,0.3355603026678848,2.2468305359341505,-9.885380250193323,0.3477651,0.35728553,0.39735546708106995,1,0,0,0,0,0,0,0,0,0,0,0,0,0
TX001442,AC00441,-0.0706634692066524,-0.2460575725177136,-2.9657432649984043,-98.55653562400362,0.0,0.1257516898262891,1.5956581986807172,-7.426536483611251,0.20970517,0.20036821,0.3022170960903168,1,0,0,0,0,0,0,0,0,0,0,0,0,0
TX001443,AC00266,-0.0432600352817418,-0.1929096560534275,-1.6434667668428302,-96.27782262340747,0.0,0.266157478588046,2.1735270437457705,-12.041290906530811,0.33582705,0.35428634,0.3447519540786743,1,0,0,0,0,0,0,0,0,0,0,0,0,0
TX001444,AC00072,-0.0694174114468197,-0.198458194900384,-2.507145989707932,-97.01251055073988,0.0,0.2188807796396646,1.938454257896681,-12.224083925096574,0.31374446,0.29281035,0.2655385732650757,1,0,0,0,0,0,0,0,0,0,0,0,0,0
TX001445,AC00245,-0.1306496776058081,-0.2665453982358414,-4.440040676530935,-98.6562247564352,0.0,0.0287199402404099,1.5175724646659745,-10.412653785055705,0.10178245,0.1304155,0.1554204523563385,1,0,0,0,0,0,0,0,0,0,0,0,0,0
TX001446,AC00119,-0.1236236112981724,-0.2032090111304345,-2.4956550383365306,-94.62984938761518,0.0,0.2730824977338802,1.6569580946478033,-6.833186582866963,0.27023777,0.28411257,0.5107304453849792,1,0,0,0,0,0,0,0,0,0,0,0,0,0
TX001447,AC00061,-0.1185574947379844,-0.2462655250636025,-3.303907011508893,-97.81621835376616,0.0,0.1397428205741404,2.011603162583414,-8.170516929849757,0.20392747,0.24764496,0.2283995896577835,1,0,0,0,0,0,0,0,0,0,0,0,0,0
TX001448,AC00080,-0.0117291183745626,-0.0473547942957011,-1.768841763955451,-70.23670582655691,5.960464477539064e-08,0.4308241054344834,2.963039554510586,1.679388485517184,0.42542657,0.4254632,0.4666118621826172,1,0,0,0,0,0,0,0,0,0,0,0,0,0
TX001449,AC00254,-0.0717700015293655,-0.1894152505769029,-1.944727356682674,-94.6020965761064,0.0,0.2509168748056471,2.32686639767495,-11.473922434386711,0.2563392,0.43586275,0.5003272294998169,1,0,0,0,0,0,0,0,0,0,0,0,0,0
TX001450,AC00218,-0.0678274312426547,-0.211309291597016,-2.235538580589276,-73.00861381325606,0.0,0.4653648031831357,2.5058611602747587,5.279996672935223,0.1699742,0.1794435,0.7797406315803528,1,0,0,0,0,0,0,0,0,1,0,0,0,0
TX001451,AC00268,-0.0658351925293317,-0.2028151005540979,-3.2849953636864955,-95.77411105241669,0.0,0.2421439764830727,1.8181571535021568,-7.960416383758371,0.15604523,0.2743375,0.5673671364784241,1,0,0,0,0,0,0,0,0,0,0,0,0,0
TX001452,AC00460,-0.0312190855947559,-0.1125345270647459,-0.2702694293375494,-87.99135295012346,5.960464477539064e-08,0.4381854773316015,2.8490270854473048,-2.3812186912706705,0.37068036,0.7184395,1.2848654985427856,1,0,0,0,0,0,0,0,0,0,0,1,0,0
TX001453,AC00257,-0.0468835265593752,0.0325308540638791,0.5786056391556738,-87.04781719062196,0.0,0.4304855697737332,3.216110848050641,-3.4964584007272705,0.51497567,0.6486504,0.9492702484130859,1,1,0,1,1,0,0,0,1,0,0,1,0,0
TX001454,AC00398,-0.1202283517148467,-0.2509406300508719,-3.980879404367813,-99.63798877368262,2.9802322387695312e-08,0.0991153475402629,1.8431988958687795,-8.541735426465566,0.12724431,0.12700963,5.955047607421875,1,0,0,0,0,0,0,0,0,0,0,0,1,0
TX001455,AC00162,-0.0770677123375539,-0.1173131798314053,-1.309959951593597,-74.36387325411201,0.0,0.3821283932035744,2.6025830814385835,-3.041842478944809,0.41706666,0.48895004,,0,0,0,0,0,0,0,0,0,0,0,0,0,0
TX001456,AC00015,-0.0800898713569877,-0.1631972117539453,-1.8340530461236808,-94.37491807188582,0.0,0.3179750571480387,2.3765995473740933,-4.994067625201846,0.37987447,0.39352956,0.3486045300960541,1,0,0,0,0,0,0,0,0,0,0,0,0,0
TX001457,AC00462,-0.122799562010241,-0.2618688682032019,-4.792967995815567,-103.0052215526408,0.0,0.0464432202615599,1.4469914848922234,-17.607171995306285,0.18627757,0.15403253,0.1536960005760193,1,0,0,0,0,0,0,0,0,0,0,0,0,0
TX001458,AC00218,-0.0751086754456176,-0.2013541972253416,-2.1531356008132,-94.11304856222702,4.214684851089404e-08,0.2942527393364073,2.2984135969095334,-11.683560274863584,0.3325861,0.35832486,0.39815500378608704,1,0,0,0,0,0,0,0,0,0,0,0,0,0
TX001459,AC00217,-0.0654094920304081,-0.1381152209175042,-1.6608334096244797,-93.4040840729506,5.960464477539064e-08,0.4031373867563518,2.530422368810511,-12.551630391631916,0.24991263,0.68435234,0.728795051574707,1,0,0,0,0,0,0,0,0,0,0,1,0,0
TX001460,AC00460,0.028645831300726,0.1924939912432894,1.9805993479918564,834.0848818653683,6.829076770971609,0.6212033634487013,9.627587981719214,-2.3307507896929205,0.43969226,0.31655866,4.772819995880127,1,2,1,1,1,1,1,1,1,0,0,0,1,1
TX001461,AC00068,-0.0730286386111728,-0.173698515338128,-2.6922326302889283,-97.09047819000662,0.0,0.2601660612287205,1.9829203792059065,-11.5241167306038,0.28617576,0.31773874,0.4154297113418579,1,0,0,0,0,0,0,0,0,0,0,0,0,0
TX001462,AC00214,-0.0633831112596967,-0.1794776738363881,-1.102595622356997,-97.01862795876052,4.214684851089404e-08,0.2468171313561324,2.352014886788673,-12.103065969348414,0.30849358,0.39046684,,0,0,0,0,0,0,0,0,0,0,0,0,0,0
TX001463,AC00266,-0.0143594615803389,-0.1449567871303791,-1.51576781926767,-89.50194624228043,0.0,0.30818415293002,2.351811644353408,-8.63637754350675,0.3843813,0.3940511,0.3637359142303467,1,0,0,0,0,0,0,0,0,0,0,0,0,0
TX001464,AC00193,-0.0509867733183782,-0.119722524111282,-1.1668003845907924,-95.69738803288692,0.0,0.2962885327576846,2.487915826196349,-11.123880385426173,0.34527805,0.36695635,,0,0,0,0,0,0,0,0,0,0,0,0,0,0
TX001465,AC00132,-0.064355533807654,-0.2136303618763284,-3.5899602573546927,-95.4457627117492,0.0,0.1752958984036493,2.028396344169044,-1.308775927823467,0.20522058,0.20519264,0.24472671747207642,1,0,0,0,0,0,0,0,0,0,0,0,0,0
TX001466,AC00241,-0.0744660579640307,-0.2111473452104193,-2.1169739767205416,-98.3451555220201,0.0,0.1989171946102937,2.043472012827936,-12.443271506498974,0.24108714,0.32624036,0.27937036752700806,1,0,0,0,0,0,0,0,0,0,0,0,0,0
TX001467,AC00015,-0.0712193767045056,-0.1713975960147522,-2.079223528593137,-94.97093875255666,0.0,0.3125920901298497,2.250872745845997,-14.14593881124308,0.20304869,0.5607841,0.4858457148075104,1,0,0,0,0,0,0,0,0,0,0,0,0,0
TX001468,AC00352,-0.0954660403183169,-0.214621560781042,-2.548707774137461,-94.21100514397332,0.0,0.2227904032077038,1.8609230557655807,-7.359028209399037,0.25434634,0.4533304,0.38899046182632446,1,0,0,0,0,0,0,0,0,0,0,0,0,0
TX001469,AC00396,-0.0754617700785535,-0.045619293786147,-3.558503554089053,-95.70362433332711,4.214684851089404e-08,0.4067264269947598,2.2958083887036733,-1.037617864749366,0.17368115,0.4056731,0.40380141139030457,1,0,0,0,0,0,0,0,0,0,0,0,0,0
TX001470,AC00174,-0.0943267739352163,-0.2536348825801185,-3.428594429001905,-100.74636038717378,4.214684851089404e-08,0.0153722963112688,1.8682093384873244,-15.662221171418564,0.2217243,0.25572383,0.2977369427680969,1,0,0,0,0,0,0,0,0,0,0,0,0,0
TX001471,AC00024,-0.019875242503295,-0.0291953691396937,0.0004443024968479,-88.41787905802208,0.0,0.4218411169221523,2.835501717045916,1.421439646495973,0.47791645,0.5591585,0.5285954475402832,1,0,0,0,1,0,0,0,0,0,0,0,0,0
TX001472,AC00250,-0.1085854057257639,-0.2064969102366511,-2.277481039737075,-96.3001749525244,0.0,0.2326421842106661,2.212752055941288,-8.497399451447237,0.22462212,0.28847262,,0,0,0,0,0,0,0,0,0,0,0,0,0,0
TX001473,AC00373,-0.1135288965763562,-0.2466142221467222,-3.766090312755252,-98.89372534317974,0.0,0.0780459983615408,1.8526773766511144,-9.161348956668723,0.17425916,0.16823468,0.13695205748081207,1,0,0,0,0,0,0,0,0,0,0,0,0,0
TX001474,AC00030,-0.1123438978975223,-0.2326389472580068,-2.616066014775209,-97.2470463023393,0.0,0.1892154487031925,1.6862611741026006,-8.654868538025184,0.20625855,0.23458597,0.2007187455892563,1,0,0,0,0,0,0,0,0,0,0,0,0,0
TX001475,AC00422,-0.0843037763290999,-0.2553973868783621,-4.273794667870111,-99.440001452269,0.0,0.1177566616379015,1.867004605161104,-13.197319061037518,0.16845182,0.19885254,0.1809898018836975,1,0,0,0,0,0,0,0,0,0,0,0,0,0
TX001476,AC00229,-0.1321167534346035,-0.2147258341702795,-2.9018266398566803,-98.17611115323068,4.214684851089404e-08,0.1855147063687165,2.040299602682606,-8.065863346584218,0.21070471,0.33129877,0.5149058699607849,1,0,0,0,0,0,0,0,0,0,0,0,0,0
TX001477,AC00002,-0.072053197825651,-0.0829687404844548,-1.8358048259378463,-84.04209052530587,0.0,0.3996860011776596,2.429762772301917,-4.4874461848271325,0.39984295,0.41736922,0.4092325270175934,1,0,0,0,0,0,0,0,0,0,0,0,0,0
TX001478,AC00227,-0.0023906942323467,-0.1951767913156252,-0.8426573194231706,-39.30759276680406,0.0,0.4300967613286005,2.960992911603725,-0.5287842390025914,0.27218845,0.27596214,0.33081793785095215,1,0,0,0,0,0,0,0,0,0,0,0,0,0
TX001479,AC00393,-0.0765573877967868,-0.0769797153822084,-0.2711662822889114,-85.40345520654317,0.0,0.3822102835752514,3.0932151603165985,-2.137920498987804,0.59120446,0.64511156,0.6285820007324219,1,1,0,0,0,0,0,0,0,0,1,1,0,0
TX001480,AC00042,-0.1091713241017658,-0.2561796927836576,-4.635133858802527,-102.90977508396132,0.0,0.0,1.6539564188890306,-13.923332056878044,0.12499506,0.09553526,0.14444296061992645,1,0,0,0,0,0,0,0,0,0,0,0,0,0
TX001481,AC00111,-0.0672135462672066,-0.18606903064784,-1.8829316465102852,-95.91125759080704,0.0,0.0822845072819208,2.0014725704143816,-12.24736890712558,0.2955857,0.2954278,0.7900820970535278,1,0,0,0,0,0,0,0,0,0,0,0,0,0
TX001482,AC00178,-0.1353219039581111,-0.2702618896789779,-4.478216507094779,-101.80858506107776,0.0,0.0,1.4552989288873364,-10.1408390115596,0.08351339,0.09994272,0.23741409182548523,1,0,0,0,0,0,0,0,0,0,0,0,0,0
TX001483,AC00218,-0.1329245302423302,-0.2650147095384561,-4.489575344986304,-103.03009572897705,0.0,0.1418872251279481,1.463482680602964,-10.088024650225917,0.13490464,0.1432907,0.14305198192596436,1,0,0,0,0,0,0,0,0,0,0,0,0,0
TX001484,AC00198,-0.0581018466375633,-0.0542597619371432,0.0800334639395607,-88.24216040245395,5.960464477539064e-08,0.3835720100594679,2.955791785448447,-2.5877207545662886,0.46983343,0.538967,,0,0,0,0,1,0,0,0,0,0,0,0,0,0
TX001485,AC00060,-0.121012711937048,-0.2403077864846799,-3.5117697809078097,-97.18641299702688,0.0,0.1607530837800302,2.0487425353575093,-8.631945958033317,0.1890054,0.17786899,0.16103900969028473,1,0,0,0,0,0,0,0,0,0,0,0,0,0
TX001486,AC00397,-0.0807080694987672,-0.1608758599613813,-2.146796101226521,-92.02159046783665,4.214684851089404e-08,0.2505773097081714,2.159732911085881,-6.148964928156194,0.2373006,0.37473857,0.3825380504131317,1,0,0,0,0,0,0,0,0,0,0,0,0,0
TX001487,AC00338,-0.0403531903640536,-0.1779105238538707,-2.7886310269461623,-94.77475395589536,0.0,0.3233990059177308,2.00149576674546,-9.969711692483047,0.28165802,0.38417184,0.41349780559539795,1,0,0,0,0,0,0,0,0,0,0,0,0,0
TX001488,AC00101,-0.0607160767068314,-0.193475273144756,-1.655903377583965,-94.07365334532192,0.0,0.2744272556846759,2.256496153920438,-5.579385856641185,0.2839234,0.3386974,0.28111982345581055,1,0,0,0,0,0,0,0,0,0,0,0,0,0
TX001489,AC00384,-0.0147720193483307,-0.1426534268221841,0.2811028852260246,230.28291686655075,2.5079548224802712,0.5347215968087377,3.5917085578607373,2.077747326128622,0.3318142,0.30230534,0.9414050579071045,1,0,0,0,1,1,0,1,1,0,0,0,0,0
TX001490,AC00368,-0.1119495791299104,-0.2159418745887455,-3.972304872969597,-93.98480484344012,0.0,0.1793380602919595,1.6709124239691224,-7.867134381938754,0.14875789,0.20107996,0.14013241231441498,1,0,0,0,0,0,0,0,0,0,0,0,0,0
TX001491,AC00233,-0.0542576961493003,-0.0990365966723445,-0.2583633402663574,-85.50708311746742,0.0,0.3954147999450998,2.4764636806805584,-3.769144898029703,0.53752375,0.51969355,0.5321680903434753,1,1,0,0,0,0,0,0,0,0,1,0,0,0
TX001492,AC00375,5.015445317280154e-06,0.1812952867446116,1.4383803082178224,-74.84028621198038,2.111451983586685,0.5599301263412705,3.480971588471448,-3.0470029158059777,0.53215396,1.2141129,1.1172813177108765,1,2,1,1,1,0,0,1,1,0,0,1,0,1
TX001493,AC00277,-0.0844840954284928,-0.1186047308945399,-1.0169903277719063,-88.67473877850807,0.0,0.30317604594128,2.4582584738641704,-4.726197864016847,0.37607017,0.45311233,0.3905409574508667,1,0,0,0,0,0,0,0,0,0,0,0,0,0
TX001494,AC00202,-0.0332303491194644,-0.0598272268645352,-1.2863132899694127,-88.87859158188891,0.0,0.3792730134515463,2.538191156282043,-4.259130039882812,0.4071961,0.47594425,0.3422175645828247,1,0,0,0,0,0,0,0,0,0,0,0,0,0
TX001495,AC00142,-0.0779950528546502,-0.2014090159087056,-2.205771260213264,-93.69954955471148,4.214684851089404e-08,0.2326461085566601,1.6816451573971642,-7.626104397424692,0.26624906,0.2963272,,0,0,0,0,0,0,0,0,0,0,0,0,0,0
TX001496,AC00178,-0.1085328241752865,-0.2304721937831562,-2.7304456194715163,-91.77094824125768,0.0,0.3028756860938072,1.879237587143328,-13.6835896321432,0.2225898,0.18883632,0.23758715391159058,1,0,0,0,0,0,0,0,0,0,0,0,0,0
TX001497,AC00130,-0.0621324112542945,-0.2033329493972555,-1.5687757595099958,-95.81683391263776,4.214684851089404e-08,0.1539550763329335,2.119583694947115,-14.120155406297895,0.3173042,0.36920357,0.6743967533111572,1,0,0,0,0,0,0,0,0,0,0,0,0,0
TX001498,AC00018,-0.0108397105406017,-0.2100944056330285,-1.2248303343521405,-59.005886693400456,0.0,0.3855637684706351,2.3991943485141527,2.2631027217939548,0.27622026,0.27952805,0.25719723105430603,1,0,0,0,0,0,0,0,0,0,0,0,0,0
TX001499,AC00293,-0.0442269772336012,-0.1529364743429702,-1.941237039950356,-92.73689921975094,5.960464477539064e-08,0.2726224965488358,2.6815453426102223,-9.818357918497842,0.3675538,0.38195166,0.32559651136398315,1,0,0,0,0,0,0,0,0,0,0,0,0,0
TX001500,AC00449,-0.0917749368239311,-0.1878310370430205,-2.9719763894906928,-97.93433359589574,0.0,0.2021701362384638,1.8721952945846587,-7.306916327254257,0.25714305,0.29362735,0.28835222125053406,1,0,0,0,0,0,0,0,0,0,0,0,0,0
TX001501,AC00496,-0.0541145531803592,-0.2234506954370907,-0.842988525924671,-25.088543869873504,0.0,0.3524715453815148,2.590594153742483,-12.954468710322276,0.2391384,0.26812127,0.25595390796661377,1,0,0,0,0,0,0,0,0,0,0,0,0,0
TX001502,AC00370,-0.0785239260718589,-0.2265578284422529,-2.807379576183444,-94.39793377720562,0.0,0.2539643884008487,1.81451027053094,-7.291569340593095,0.19365588,0.2379618,0.25271308422088623,1,0,0,0,0,0,0,0,0,0,0,0,0,0
TX001503,AC00341,-0.0491925465359959,-0.1778946902372429,-2.0346644363810507,-96.653591772983,0.0,0.2010571076258994,2.191943344311048,-11.897290721789002,0.21553808,0.44143638,0.4373285472393036,1,0,0,0,0,0,0,0,0,0,0,0,0,0
TX001504,AC00400,-0.0807483674891654,-0.2018871833624089,-2.9178989128264794,-97.41550356654278,0.0,0.2605197559606281,1.780738840812139,-11.997761270739424,0.27780497,0.2806176,0.27247950434684753,1,0,0,0,0,0,0,0,0,0,0,0,0,0
TX001505,AC00301,-0.0259963958682474,-0.1767329859393946,-2.4156930013962112,-95.43548009992304,0.0,0.2644188830454253,1.91044298428967,-8.07898095065037,0.3947701,0.35897264,0.3756825029850006,1,0,0,0,0,0,0,0,0,0,0,0,0,0
TX001506,AC00249,-0.0530165136526364,-0.2454723788247785,-3.19017546505479,-97.64282530643862,0.0,0.1139033354982011,1.4741674357868186,-13.94535681264392,0.19183715,0.18872364,0.2099071741104126,1,0,0,0,0,0,0,0,0,0,0,0,0,0
TX001507,AC00239,-0.067914757597767,0.0139356423586356,-4.102489337016565,-76.38031026646996,0.0,0.4832569264704444,2.7387769009978404,10.595825962429211,0.2600327,0.38109356,0.29191431403160095,1,1,0,1,0,0,0,1,0,1,0,0,0,0
TX001508,AC00419,-0.0853247072217863,-0.2100702911984815,-2.8147997310773727,-94.48940483872168,4.214684851089404e-08,0.2206995473336296,2.063322763508796,-7.161630436417911,0.2217923,0.26855317,0.18742233514785767,1,0,0,0,0,0,0,0,0,0,0,0,0,0
TX001509,AC00435,-0.0780637069326957,-0.1774571982676607,-1.9132065250565669,-94.205162369718,0.0,0.2869192365227399,2.287621971152131,-13.876933102707651,0.35723302,0.37525213,,0,0,0,0,0,0,0,0,0,0,0,0,0,0
TX001510,AC00012,-0.1191819578672702,-0.2405168743577173,-4.092828968138565,-100.3397013328583,0.0,0.0,1.5729800393946451,-14.592674566156443,0.14951569,0.18422373,0.21448858082294464,1,0,0,0,0,0,0,0,0,0,0,0,0,0
TX001511,AC00438,-0.1013550282704097,-0.2668066603515088,-3.2528736376835594,-99.58433200521502,0.0,0.0,1.725338628777183,-9.419703479333762,0.16219774,0.17382497,0.336203932762146,1,0,0,0,0,0,0,0,0,0,0,0,0,0
TX001512,AC00345,-0.0778037117011473,-0.2266637845343653,-2.813645731368905,-100.10878417967992,0.0,0.1843249106946814,1.8296734395033123,-14.094482176986968,0.26916605,0.25702608,0.19790570437908173,1,0,0,0,0,0,0,0,0,0,0,0,0,0
TX001513,AC00026,-0.0588327691584621,-0.1534230414023154,-1.7485357695748371,-87.2112263657553,0.0,0.3544770444745009,1.741839151032274,-3.469763436167601,0.4297647,0.4975543,0.4068995714187622,1,0,0,0,0,0,0,0,0,0,0,0,0,0
TX001514,AC00416,-0.0886275462820069,-0.1932667853121279,-2.0045467189171307,-97.75054245118656,0.0,0.2270624326987557,2.0433751690793804,-6.9737318427814365,0.24654764,0.30882326,0.35676515102386475,1,0,0,0,0,0,0,0,0,0,0,0,0,0
TX001515,AC00272,-0.0582424311603849,-0.2300624477842758,-2.9030751312791194,-74.52372879392435,0.0,0.0,2.306660366352682,4.9276014426158135,0.11079895,0.36137405,0.5796583890914917,1,0,0,0,0,0,0,0,0,1,0,0,0,0
TX001516,AC00468,-0.1349218319907134,-0.2397254188961031,-4.081221590539086,-92.37727678995245,0.0,0.1796969822553435,1.343158862125981,-8.382597910182705,0.12524766,0.30546167,0.30685800313949585,1,0,0,0,0,0,0,0,0,0,0,0,0,0
TX001517,AC00040,-0.0113794057085553,-0.1850199794985896,-0.5043976223311608,29.542727739103256,0.0,0.4425800467376253,2.214011418453399,2.704949741461985,0.22509882,0.24714917,0.41413259506225586,1,0,0,0,0,1,0,0,0,0,0,0,0,0
TX001518,AC00302,-0.0761034668917942,-0.148588010238136,-0.7447240005598346,-88.9682613820723,0.0,0.2597318803285816,2.277400719143486,-5.049706719306845,0.38689548,0.41383573,0.407466858625412,1,0,0,0,0,0,0,0,0,0,0,0,0,0
TX001519,AC00271,-0.1284107842267167,-0.2577312708787141,-4.031118626066777,-102.02490055289206,0.0,0.0,1.7977814621178638,-9.765865344708669,0.14254971,0.15015168,0.14181357622146606,1,0,0,0,0,0,0,0,0,0,0,0,0,0
TX001520,AC00495,-0.0712275223204693,-0.250193658007377,-3.501819544388796,-100.71764602803891,0.0,0.178613840071887,1.6347511256576073,-14.143180455893027,0.22906359,0.2495609,0.24377615749835968,1,0,0,0,0,0,0,0,0,0,0,0,0,0
TX001521,AC00246,-0.1233870653449861,-0.2812649397210829,-4.065856265138891,-104.04014046323668,0.0,0.0,1.1797986951842616,-16.088354888642613,0.10381673,0.14801657,0.11931660771369934,1,0,0,0,0,0,0,0,0,0,0,0,0,0
TX001522,AC00139,-0.0540242400830797,-0.174205649486294,-2.566356499098455,-93.8285208008251,0.0,0.3093808985208337,2.1481315213466305,-11.070926294190269,0.28777182,0.31436846,0.3239228129386902,1,0,0,0,0,0,0,0,0,0,0,0,0,0
TX001523,AC00298,-0.0759864578164043,-0.1936870801654913,-2.28649526292775,-95.28902201092262,0.0,0.3029487610533873,2.1638225558702726,-6.6246730771723685,0.26084524,0.254886,0.3057059049606323,1,0,0,0,0,0,0,0,0,0,0,0,0,0
TX001524,AC00246,-0.0606990451455578,-0.1989248699183614,-1.408807109318233,-78.26327081950828,5.960464477539064e-08,0.2854494709380935,1.8347407414113728,-3.66969518201099,0.40409634,0.39223596,0.35343870520591736,1,0,0,0,0,0,0,0,0,0,0,0,0,0
TX001525,AC00323,-0.0031822036896771,-0.0490256476755155,-0.9840316141407168,-86.24334275596985,0.0,0.4336674569518798,2.764309472625184,-5.83371881343444,0.41301376,0.6225777,0.6154800057411194,1,0,0,0,0,0,0,0,0,0,0,0,0,0
TX001526,AC00310,-0.0468169672163311,-0.1476667980723394,0.3634412192428691,49.79328401038994,2.20824868237694,0.5144003340427271,2.7544767757234507,-8.005717431574793,0.39182627,0.4055046,0.47525227069854736,1,0,0,0,1,1,0,1,0,0,0,0,0,0
TX001527,AC00083,-0.094199506777678,-0.2447914864753335,-2.489437375669623,-93.68523334498288,0.0,0.1815899203103221,1.869376832343705,-13.071671992545392,0.17108858,0.20048203,0.20135897397994995,1,0,0,0,0,0,0,0,0,0,0,0,0,0
TX001528,AC00222,-0.0676379946057285,-0.1805273524915689,-2.6332406066360923,-92.78817186639618,0.0,0.3088155633439002,2.101045109490294,-10.514226588735806,0.22493249,0.4238773,0.5943574905395508,1,0,0,0,0,0,0,0,0,0,0,0,0,0
TX001529,AC00459,-0.1129095422293178,-0.2513069131944119,-2.887746468265523,-99.73642689984791,0.0,0.1160794646141108,1.817375539803676,-8.425176441328437,0.15319622,0.21501806,0.2210453897714615,1,0,0,0,0,0,0,0,0,0,0,0,0,0
TX001530,AC00091,-0.0130706083277521,-0.1335299661085207,-2.263133288456875,-72.3615731268676,0.0,0.3122217626475052,2.3610637468345885,-0.5410604893859076,0.33067903,0.4060955,0.32394590973854065,1,0,0,0,0,0,0,0,0,0,0,0,0,0
TX001531,AC00122,-0.0203154986302658,-0.1260150874817891,-0.7489719209620036,-91.75179128814617,5.960464477539064e-08,0.2295434023191324,2.3013834565468403,-9.514068081395722,0.3874098,0.42686984,1.5821999311447144,1,0,0,0,0,0,0,0,0,0,0,0,1,0
TX001532,AC00432,-0.0118819524038372,0.0484351107908014,-0.0505147027710695,-64.27830703415032,3.056523712632466,0.5792529493197305,3.377852692761807,5.893086039388406,0.47576106,0.81468093,0.9527811408042908,1,1,0,1,0,0,1,1,1,1,0,1,0,0
TX001533,AC00218,-0.0462844100949882,-0.0368929049275872,-0.6302698705076999,-79.71160279840177,5.960464477539064e-08,0.4507187555958934,3.288217722879572,-0.0071639823027894,0.61947525,0.62385696,0.6132464408874512,1,1,0,0,0,0,0,0,1,0,1,0,0,0
TX001534,AC00294,-0.0989996960311306,-0.240607345650329,-3.079965583304081,-100.93815686367616,0.0,0.2274992743570502,1.8122982072197973,-14.279859453111166,0.18556973,0.1822596,0.2506091296672821,1,0,0,0,0,0,0,0,0,0,0,0,0,0
TX001535,AC00407,-0.037875972946627,-0.1473464051271669,0.0179670333004562,85.1753591812621,1.8370900398535803,0.4910313766716204,2.849554402880415,-8.480053477221064,0.42337003,0.42754218,0.7060074210166931,1,0,0,0,1,1,0,1,0,0,0,0,0,0
TX001536,AC00480,-0.0618368259839047,-0.0874546880420414,-2.309801667146293,-93.5968521564902,0.0,0.3706234670083014,2.805490970482575,1.022863089226742,0.3824792,0.3501837,0.1836891770362854,1,0,0,0,0,0,0,0,0,0,0,0,0,0
TX001537,AC00367,-0.0869453155653917,-0.238081486487504,-2.8394419002087625,-97.39371862059504,5.960464477539064e-08,0.120263040347919,1.8791995326705533,-13.997793344538126,0.3116536,0.32459062,0.3012629449367523,1,0,0,0,0,0,0,0,0,0,0,0,0,0
TX001538,AC00324,-0.0823096325356623,-0.194004864386964,-0.6224885844667325,-7.250299218838023,0.0,0.4141199093205688,2.4505784088367437,-12.30954238357332,0.2713076,0.2925319,0.26218491792678833,1,0,0,0,0,0,0,0,0,0,0,0,0,0
TX001539,AC00253,-0.0851542878080878,-0.2444969449097326,-3.785874527949713,-97.183210954858,4.214684851089404e-08,0.1555491463497115,1.7238890449636406,-13.787574899291542,0.17370512,0.15974078,0.281279981136322,1,0,0,0,0,0,0,0,0,0,0,0,0,0
TX001540,AC00344,-0.0829386821684391,-0.1792868046686675,-1.537132284113544,-97.1943372733128,0.0,0.2133147776187436,2.2742972491211737,-13.20854334558446,0.30574036,0.4178908,0.39506348967552185,1,0,0,0,0,0,0,0,0,0,0,0,0,0
TX001541,AC00153,-0.0618032619894152,-0.1747045365960871,-2.014094373257792,-92.30015202675123,0.0,0.3209655973477294,2.178359485482821,-5.231073687229752,0.22171052,0.5365197,0.5431907176971436,1,0,0,0,0,0,0,0,0,0,0,0,0,0
TX001542,AC00016,-0.0714305829906158,-0.1884347894277676,-2.493216494914153,-86.15717313810433,0.0,0.3292768136722004,2.167569803070152,-10.4578418584112,0.2533313,0.2952683,0.2851671576499939,1,0,0,0,0,0,0,0,0,0,0,0,0,0
TX001543,AC00291,-0.076716119191661,-0.1373039197689352,-0.78828944520198,-90.5903145396844,0.0,0.3469339631044706,2.653185500446108,-4.62492146552053,0.42626065,0.6088992,0.6187773942947388,1,0,0,0,0,0,0,0,0,0,0,0,0,0
TX001544,AC00362,-0.0095936163893359,-0.0989495103484323,-0.3713038610285188,-81.57363730860473,0.0,0.4809356913525751,2.8350406724145336,-9.144641083450155,0.41537428,0.4624009,0.8258097171783447,1,0,0,0,0,0,0,1,0,0,0,0,0,0
TX001545,AC00202,-0.0252829548728581,-0.1677830537092126,-1.9032461674776533,-94.75554486677686,0.0,0.2583820117012179,2.514242564285889,-10.926910155033305,0.39128435,0.3739368,0.6905824542045593,1,0,0,0,0,0,0,0,0,0,0,0,0,0
TX001546,AC00163,-0.007208822481168,-0.0905011642740654,-1.0820854375928928,-90.2874007688637,0.0,0.3790915139512659,2.9384106627356097,-9.450207731156109,0.5768036,0.5089064,,0,1,0,0,0,0,0,0,0,0,1,0,0,0
TX001547,AC00123,-0.084596042615164,-0.1765753583092764,-2.1263547075549427,-94.68098602021058,4.214684851089404e-08,0.2054053624613362,2.295818233185839,-5.876112867922754,0.26348934,0.30913046,0.24995997548103333,1,0,0,0,0,0,0,0,0,0,0,0,0,0
TX001548,AC00054,-0.0962224947785251,-0.2361167163942055,-2.4930784245535262,-96.5880818105894,0.0,0.1844998454515943,1.962185489669328,-7.126493840836846,0.22907382,0.2277626,0.18786005675792694,1,0,0,0,0,0,0,0,0,0,0,0,0,0
TX001549,AC00172,-0.0794291517006329,-0.1370284387549467,-2.414263858281175,-92.0083216616228,0.0,0.3046510786726656,2.4945053211218746,-7.1945249177867625,0.4816821,0.508326,0.47337374091148376,1,0,0,0,0,0,0,0,0,0,0,0,0,0
TX001550,AC00176,-0.0988968425064605,-0.2339730987338242,-3.230812342882232,-99.88457122296322,4.214684851089404e-08,0.1226138958407872,1.9971047024970088,-8.062798455456273,0.21749939,0.25733027,0.1924290508031845,1,0,0,0,0,0,0,0,0,0,0,0,0,0
TX001551,AC00093,-0.015867107458055,-0.1425241049808296,-0.0001133994000861,-29.714405987279875,0.0,0.4448340532546401,2.9643167381554862,-10.650004811043846,0.3764729,0.52176404,2.4299376010894775,1,0,0,0,0,0,0,0,0,0,0,0,1,0
TX001552,AC00310,-0.0910093533467037,-0.1949064291100237,-2.9031176826489817,-97.6564489033712,4.214684851089404e-08,0.2556510691929846,2.01152212594339,-2.4286904090402,0.41165727,0.30770716,0.26569217443466187,1,0,0,0,0,0,0,0,0,0,0,0,0,0
TX001553,AC00127,-0.052418527394831,-0.110581645632821,-0.3083121618577165,-73.06295180931195,5.960464477539064e-08,0.3916891442093219,2.9657461123923845,-1.814807349638182,0.43667722,0.61345196,,0,0,0,0,0,0,0,0,0,0,0,0,0,0
TX001554,AC00286,-0.0543476114174456,-0.2179524922028879,-3.057505331750304,-98.17895018816188,0.0,0.1681344200692911,1.820662480670473,-12.557900743095397,0.21536592,0.17896195,0.22701501846313477,1,0,0,0,0,0,0,0,0,0,0,0,0,0
TX001555,AC00497,-0.0805926368815165,-0.22188375152641,-3.5635038607980354,-93.46511188834616,0.0,0.2703212064242896,1.837452335028626,-6.967469052449014,0.2639785,0.26410282,0.27024033665657043,1,0,0,0,0,0,0,0,0,0,0,0,0,0
TX001556,AC00475,-0.0715432757838608,-0.1415961236253358,-1.8033692488940083,-89.03305280694133,0.0,0.3108808967946666,2.286860455115328,-4.712933535272461,0.3683784,0.39235416,0.39473026990890503,1,0,0,0,0,0,0,0,0,0,0,0,0,0
TX001557,AC00470,-0.0688026608727699,-0.1732344025611951,-2.283623348919994,-94.1673627833213,0.0,0.336806650864088,2.545668630238891,-11.828671460966692,0.37894633,0.37200862,0.45152199268341064,1,0,0,0,0,0,0,0,0,0,0,0,0,0
TX001558,AC00245,0.0235304938407107,-0.1926449175425095,1.4958820144586538,39.41927990831614,2.8380252265035493,0.5613471667430016,3.197950373374537,12.98751983921607,0.36023575,0.4562762,2.7944560050964355,1,1,1,0,1,1,1,1,0,1,0,0,1,0
TX001559,AC00480,-0.0773904614004376,-0.1696649711803024,-1.3528065207057276,-82.50512838087509,0.0,0.4028783561805995,2.440048929122143,-11.341330555581534,0.3264121,0.3370878,0.46876615285873413,1,0,0,0,0,0,0,0,0,0,0,0,0,0
TX001560,AC00011,-0.0678245715071134,-0.178709053333729,-1.566060093344162,-93.39051219436402,5.960464477539064e-08,0.3073990191567269,2.3078530607476777,-12.576609605820654,0.40531975,0.41962528,1.7403992414474487,1,0,0,0,0,0,0,0,0,0,0,0,1,0
TX001561,AC00362,-0.024286272636286,-0.0511734838185082,-0.8109342859925182,-90.10969709131902,0.0,0.389607329774824,2.7593936106982944,-3.086946847532161,0.48332596,0.5586321,0.3283729553222656,1,0,0,0,0,0,0,0,0,0,0,0,0,0
TX001562,AC00015,-0.1205035980077929,-0.2594864869090274,-4.547105554293984,-103.21596234424464,0.0,0.0736807558014443,1.447706811494334,-14.402713383207296,0.17677665,0.1522239,0.13751117885112762,1,0,0,0,0,0,0,0,0,0,0,0,0,0
TX001563,AC00112,-0.0668256550489331,-0.0199301704949355,-0.5043145471207175,-88.58867460044179,0.0,0.3981476498747428,3.0160284779786606,-3.505078328021883,0.4992661,0.5304925,,0,0,0,0,0,0,0,0,0,0,0,0,0,0
TX001564,AC00057,-0.0298668009462546,-0.0968855569037276,-1.6909875104782577,-92.02697723800688,0.0,0.3397977969646859,2.599088434501638,2.472310542112125,0.3182346,0.39771262,0.6140807271003723,1,0,0,0,0,0,0,0,0,0,0,0,0,0
TX001565,AC00393,-0.0860788533519471,-0.1432690461983192,-3.9656163346057385,-80.97072958596611,0.0,0.3691317478314786,2.353708290473441,-0.859800820147575,0.3203537,0.2980609,0.2747722268104553,1,0,0,0,0,0,0,0,0,0,0,0,0,0
TX001566,AC00233,-0.1139926157135479,-0.2249703906147053,-3.68571886406058,-93.86606198763094,4.214684851089404e-08,0.1893516194028953,1.8427576405149524,-8.732886255390211,0.15359014,0.20596355,0.2505248785018921,1,0,0,0,0,0,0,0,0,0,0,0,0,0
TX001567,AC00466,-0.0498975316908589,-0.096021436902232,-1.5682223091045406,-71.91296682063896,0.0,0.3890547128567556,2.1658005412487484,1.0392606832730331,0.35510406,0.4051336,0.36992406845092773,1,0,0,0,0,0,0,0,0,0,0,0,0,0
TX001568,AC00453,-0.0899049660768116,-0.1818371257447231,-3.258703444121781,-82.0424623780169,0.0,0.3088852275591737,2.102124606747011,-1.3459627938028176,0.19448468,0.24809653,0.3344957232475281,1,0,0,0,0,0,0,0,0,0,0,0,0,0
TX001569,AC00203,-0.0367967350904167,-0.1892225569496748,-2.971157397832303,-96.5179973509261,0.0,0.2748229345354213,2.1826154780533344,-11.654889879412826,0.23353574,0.25989437,0.32921722531318665,1,0,0,0,0,0,0,0,0,0,0,0,0,0
TX001570,AC00228,-0.0876484409963497,-0.2214992607580908,-3.0586327781879623,-98.86937395999055,0.0,0.0775169319246772,1.7967361866534706,-12.982424523498723,0.2184351,0.22523536,0.20617526769638062,1,0,0,0,0,0,0,0,0,0,0,0,0,0
TX001571,AC00131,-0.0831611080457535,-0.1795798342757735,-2.4850648392685377,-78.09274010695114,0.0,0.3121303042526173,1.9898071032879832,-4.413245436633443,0.15499166,0.5504521,0.5230674743652344,1,0,0,0,0,0,0,0,0,0,0,0,0,0
TX001572,AC00247,-0.0539295596915676,-0.1449700866649286,-1.6676742869718728,-93.3736117626904,0.0,0.3540743916690295,2.396028433866079,-5.083523564908423,0.28112662,0.33378136,0.31764188408851624,1,0,0,0,0,0,0,0,0,0,0,0,0,0
TX001573,AC00425,-0.1122106369503686,-0.2412563125745467,-4.434254239886815,-102.3691305437846,0.0,0.1379502562546252,1.8015371720341729,-14.336845076826526,0.15947892,0.11423046,0.18129576742649078,1,0,0,0,0,0,0,0,0,0,0,0,0,0
TX001574,AC00123,-0.0831763774546021,-0.2331044566930298,-2.541546062522653,-100.98142290304553,4.214684851089404e-08,0.1192544728597011,1.9533601249939907,-13.957964050939992,0.2121899,0.283402,0.25306805968284607,1,0,0,0,0,0,0,0,0,0,0,0,0,0
TX001575,AC00139,-0.0575530972843237,-0.2349806428586778,-3.0116026162329126,-99.19014324818522,4.214684851089404e-08,0.1463963859122916,2.0185561708432784,-15.135546064462709,0.2807758,0.3322767,0.3020841181278229,1,0,0,0,0,0,0,0,0,0,0,0,0,0
TX001576,AC00379,-0.0204887537659512,-0.2037437125882304,0.0001402765083433,75.86226877456097,0.0,0.4520694361675241,2.458045178644799,-10.555271358520292,0.3177079,0.3507593,,0,0,0,0,1,1,0,0,0,0,0,0,0,0
TX001577,AC00059,-0.0724685424123671,-0.0279776028316935,-0.9562138030879508,-83.87156799593029,0.0,0.398727345698511,3.22431531390586,-2.9863358587164504,0.5514066,0.5622668,0.5366631150245667,1,1,0,0,0,0,0,0,1,0,1,0,0,0
TX001578,AC00233,-0.050403554965064,-0.2117518277801908,-2.2063328215131124,-93.73051948570824,4.214684851089404e-08,0.2167014968464754,1.80445943403111,-11.618435319766288,0.3282391,0.2913034,0.26526743173599243,1,0,0,0,0,0,0,0,0,0,0,0,0,0
TX001579,AC00007,-0.1111323677535081,-0.2506016935276768,-2.8742272035021577,-98.76788922001305,0.0,0.1087737986802302,2.017363107547701,-8.237330429671834,0.18943873,0.20660919,0.2183123230934143,1,0,0,0,0,0,0,0,0,0,0,0,0,0
TX001580,AC00028,-0.0619544732001468,-0.0888902594434377,-0.1119963874766805,-93.04162919353776,0.0,0.4016553944892919,2.945639257044719,-10.74808749319154,0.446217,0.5003248,0.7278587818145752,1,0,0,0,0,0,0,0,0,0,0,0,0,0
TX001581,AC00428,-0.0792644827082991,-0.1622185812566208,-2.8052828798285754,-90.10582898473302,0.0,0.2926445197687298,2.270927190580806,-11.010649945637123,0.2788218,0.2690766,0.386626660823822,1,0,0,0,0,0,0,0,0,0,0,0,0,0
TX001582,AC00242,-0.1046020891439524,-0.1861628113068381,-4.321938715772586,-83.67192276572598,0.0,0.3072994491444171,2.0929523210498884,-3.480882144003173,0.23261026,0.23288015,4.54599666595459,1,0,0,0,0,0,0,0,0,0,0,0,1,0
TX001583,AC00447,-0.1056243236622423,-0.2068084431028858,-2.680554550475203,-96.38890458939254,0.0,0.2487448124646146,1.9583078839789976,-7.39542424496867,0.2721474,0.30508006,0.26576530933380127,1,0,0,0,0,0,0,0,0,0,0,0,0,0
TX001584,AC00081,-0.0432463587158553,-0.2208832365406099,-2.658888047813208,-96.09285660947327,0.0,0.2631240760203535,2.0827139930772938,-13.533808432232378,0.24686283,0.23829982,0.3768914043903351,1,0,0,0,0,0,0,0,0,0,0,0,0,0
TX001585,AC00358,-0.0013871132568128,-0.2406560632295077,-0.4688374717087971,26.04039440522793,1.7776534662562966,0.4913225640838925,2.403096584131009,14.24726746021039,0.16546437,0.19648832,2.487464666366577,1,0,0,0,0,1,0,1,0,1,0,0,1,0
TX001586,AC00254,-0.1125322920110873,-0.2337401357252198,-3.8077176927412495,-100.4922305133158,0.0,0.2347633516620115,2.242900653522088,-14.10817720822345,0.27080455,0.19023077,0.4408765435218811,1,0,0,0,0,0,0,0,0,0,0,0,0,0
TX001587,AC00241,-0.0897595745413497,-0.2119727148438559,-2.330981063812863,-98.55570113359924,0.0,0.135668932934769,2.201300892390404,-7.776791320709768,0.23761916,0.3308713,0.2916734516620636,1,0,0,0,0,0,0,0,0,0,0,0,0,0
TX001588,AC00140,-0.0378806336318874,0.0257815293030689,0.2785034858354134,-77.87541572228693,2.513131655763408,0.5493931703927601,3.891788009886991,-5.168884247191871,1.0453142,0.946531,1.1754586696624756,1,2,0,1,1,0,0,1,1,0,1,1,0,1
TX001589,AC00132,-0.0675089384611769,-0.1768541762816131,-2.615652347300036,-87.64152089729093,4.214684851089404e-08,0.2543467006777054,2.210078456977953,-5.759275812211479,0.23347661,0.25237396,0.2521449327468872,1,0,0,0,0,0,0,0,0,0,0,0,0,0
TX001590,AC00035,-0.0174961762456122,-0.1076568315377497,-1.4969350761062763,-91.35317445132654,0.0,0.359263545344116,2.426395745180792,-9.504905098928658,0.40855044,0.41048408,0.35612916946411133,1,0,0,0,0,0,0,0,0,0,0,0,0,0
TX001591,AC00172,-0.0338260097630117,-0.1958962858295307,-2.6733133171824592,-78.68276452262526,0.0,0.2176561976855711,1.7988830317321938,-3.003477714376834,0.23346408,0.27290267,0.6673343181610107,1,0,0,0,0,0,0,0,0,0,0,0,0,0
TX001592,AC00016,-0.0598338565762933,-0.2161302090150274,-2.4548130999404245,-96.85147151444166,0.0,0.1946710286478018,2.009209704580052,-12.05025755555158,0.2425654,0.3377984,0.3477005362510681,1,0,0,0,0,0,0,0,0,0,0,0,0,0
TX001593,AC00382,-0.0031291005823457,0.0117322022429129,0.0059188542459391,-82.372580310473,0.0,0.4900551578607641,3.3653442231537376,-3.325425158651821,0.6008707,0.68239784,0.8851339221000671,1,2,0,1,1,0,0,1,1,0,1,1,0,1
TX001594,AC00413,-0.0609055505411531,-0.1005308218120677,-2.300792037926702,-93.89461585913811,0.0,0.2973583328531524,2.617559645701369,-6.569680267371595,0.3391255,0.35627022,0.2991674840450287,1,0,0,0,0,0,0,0,0,0,0,0,0,0
TX001595,AC00297,-0.0864015055126939,-0.2252532144385806,-2.0167713991923124,-98.04429484626932,0.0,0.2375747096143033,1.9598594947942551,-12.98132096660299,0.2750402,0.28570512,0.2173420786857605,1,0,0,0,0,0,0,0,0,0,0,0,0,0
TX001596,AC00207,-0.0371999442914349,-0.1719255079871646,-1.9367182220354424,-96.1740113364794,0.0,0.2839605109626731,2.1516530557414426,-11.445921179042728,0.30930558,0.3841669,,0,0,0,0,0,0,0,0,0,0,0,0,0,0
TX001597,AC00411,-0.0808040775636549,-0.2310362586920231,-3.234058938600314,-95.24517265073568,4.214684851089404e-08,0.1826161377778279,1.6533947640601614,-7.658520380440229,0.23756345,0.21260309,0.22124864161014557,1,0,0,0,0,0,0,0,0,0,0,0,0,0
TX001598,AC00105,-0.0697775166080801,-0.1245832021564485,-0.8891777460136945,-94.04431489727074,0.0,0.249330917585672,2.497149808831908,-12.716367873579047,0.35956967,0.48885483,0.5035964250564575,1,0,0,0,0,0,0,0,0,0,0,0,0,0
TX001599,AC00002,-0.0783591643302346,-0.2216356364405316,-2.304336275481901,-98.05599439780364,4.214684851089404e-08,0.173647760104659,2.0513398276944805,-12.79168974090322,0.23286983,0.326589,0.33416831493377686,1,0,0,0,0,0,0,0,0,0,0,0,0,0
TX001600,AC00410,-0.0622608190104611,-0.1443714508518507,-2.344896456578291,-93.590340478352,0.0,0.329899398967125,2.316430827070959,-8.093817264285457,0.26603663,0.3324283,0.30248621106147766,1,0,0,0,0,0,0,0,0,0,0,0,0,0
TX001601,AC00492,-0.1110184754654702,-0.2651345907387294,-3.4127359658534653,-101.47561063045752,2.9802322387695312e-08,0.0705604083648388,1.7169253299953993,-15.099416850765538,0.16973142,0.20060033,0.2253400683403015,1,0,0,0,0,0,0,0,0,0,0,0,0,0
TX001602,AC00095,-0.0618709412551835,-0.1558454740568173,-1.8613387441743423,-87.82762565436678,0.0,0.2762575394410951,2.2121484352999183,-9.94807326372873,0.36701757,0.49595132,0.3279263377189636,1,0,0,0,0,0,0,0,0,0,0,0,0,0
TX001603,AC00058,-0.1097095201869343,-0.2483268342883519,-3.2096626230035588,-99.60380035017744,0.0,0.1470777855999702,1.744220216018156,-8.381428980901882,0.20406854,0.20181544,0.22110417485237122,1,0,0,0,0,0,0,0,0,0,0,0,0,0
TX001604,AC00405,-0.0932161303603893,-0.2118219062089716,-2.3072960609406588,-98.68876736998472,0.0,0.1655691811909259,1.9208670814850857,-13.735059797468692,0.24083222,0.32371247,0.3556597828865051,1,0,0,0,0,0,0,0,0,0,0,0,0,0
TX001605,AC00258,-0.0362747782373267,-0.1176713338965149,-0.8278433067234356,-85.91679422720793,0.0,0.4646678214638651,2.7697240161075976,-10.05088117001576,0.4699421,0.42956033,0.8226787447929382,1,0,0,0,0,0,0,0,0,0,0,0,0,0
TX001606,AC00257,0.0214125512369386,-0.0995440467395474,0.0961818350460266,300.6048869399729,2.81036042797129,0.5477982382199308,4.774640708800151,-7.092627017252558,0.31497937,0.31112298,2.0578832626342773,1,1,1,0,1,1,1,1,1,0,0,0,1,0
TX001607,AC00317,-0.0886828009311782,-0.2470575744262754,-1.5793500912563507,-87.31726670627012,0.0,0.2173518825866447,1.9431231778219076,-12.858423656348798,0.20657714,0.22744383,0.30327555537223816,1,0,0,0,0,0,0,0,0,0,0,0,0,0
TX001608,AC00409,-0.1189136542246083,-0.2409154117613462,-2.754248788523882,-99.47319709583874,0.0,0.1513359795414594,1.983600673267984,-8.494254963260426,0.19578773,0.20505814,0.24068647623062134,1,0,0,0,0,0,0,0,0,0,0,0,0,0
TX001609,AC00337,-0.0975443673759093,-0.2611699193447773,-3.991811489686529,-101.39600343827507,0.0,0.1175418265154176,1.5981187407910948,-13.86113185013473,0.13361117,0.14970201,0.15911656618118286,1,0,0,0,0,0,0,0,0,0,0,0,0,0
TX001610,AC00273,-0.0274874006179602,-0.0844776003111367,-0.704464654633771,-66.67526624139649,0.0,0.419985630163445,2.8987694136514377,0.9158904419476224,0.35778493,0.37237442,0.3356994390487671,1,0,0,0,0,0,0,0,0,0,0,0,0,0
TX001611,AC00056,-0.1155985846224916,-0.2448218712137752,-4.721675202207018,-87.09626175848672,0.0,0.2094153156300282,1.5816537615606894,-5.841285569674682,0.13578579,0.11797016,0.15062469244003296,1,0,0,0,0,0,0,0,0,0,0,0,0,0
TX001612,AC00259,-0.0364789040220866,-0.1981216234670355,-2.665511053097432,-95.81016748352512,0.0,0.286122225167064,2.2599753536183584,-10.069943666335362,0.27497405,0.33961427,0.2902849316596985,1,0,0,0,0,0,0,0,0,0,0,0,0,0
TX001613,AC00102,-0.0540350917680047,-0.1022277741361781,-1.3606624303280404,-89.16914024961767,0.0,0.3418891124831477,2.4295818829088844,-4.580945118467682,0.3728409,0.3995036,0.42159202694892883,1,0,0,0,0,0,0,0,0,0,0,0,0,0
TX001614,AC00165,-0.1146371440891146,-0.2419734990250654,-3.80223938158315,-99.15772243872009,0.0,0.1662591684088569,1.5838276468407593,-8.386440495167104,0.13069157,0.22950715,0.24699203670024872,1,0,0,0,0,0,0,0,0,0,0,0,0,0
TX001615,AC00455,-0.0973178403887649,-0.1894144904693813,-2.1190015595576464,-94.28440243668766,0.0,0.1987979801462914,1.5635281387180229,-6.653167525399939,0.35209382,0.40311658,0.33714497089385986,1,0,0,0,0,0,0,0,0,0,0,0,0,0
TX001616,AC00030,-0.0250748982546005,-0.2015322159188444,-1.5136366031302169,-71.09884613021501,2.499238418227864,0.4984071106358799,2.786730021835598,-1.99116958588358,0.2382164,0.28236687,0.7435562014579773,1,0,0,0,0,0,0,1,0,0,0,0,0,0
TX001617,AC00114,-0.0046506381812099,-0.1043316423562881,0.0001141765633176,-84.44270295785691,0.0,0.436549427424333,2.724406967278206,-6.061700429114287,0.61039865,0.600589,0.6665938496589661,1,1,0,0,1,0,0,0,0,0,1,0,0,0
TX001618,AC00331,-0.0413954410771639,-0.1581241432899356,-2.281290649286136,-94.57749928658684,0.0,0.3157670057040652,2.1646592304850607,-10.235752728261762,0.3540576,0.3630532,0.35749852657318115,1,0,0,0,0,0,0,0,0,0,0,0,0,0
TX001619,AC00305,-0.0318680298734194,-0.2558587763325985,-1.1426294341168148,-24.9026707565545,8.429369702178808e-08,0.5013435520426042,2.2511200768272093,0.3062698349899523,0.20344502,0.24657361,1.4283905029296875,1,0,0,0,0,0,0,1,0,0,0,0,0,0
TX001620,AC00015,-0.0508558275449325,-0.237319675325462,-3.036550936838318,-96.8960858463026,0.0,0.0153722963112688,2.1296609269815625,-10.221986340231538,0.2528356,0.29097012,0.2696957290172577,1,0,0,0,0,0,0,0,0,0,0,0,0,0
TX001621,AC00270,-0.0234737360628465,-0.1617823114498409,-0.5936370258283645,-86.35620717979828,0.0,0.3693459085832014,2.486227180277817,-10.552424395959202,0.40091956,0.34773678,,0,0,0,0,0,0,0,0,0,0,0,0,0,0
TX001622,AC00063,-0.0794021088012948,-0.2282151542932735,-2.512827952333219,-97.35072866585112,4.214684851089404e-08,0.1308598294811836,1.9451923862144775,-15.13797174495548,0.3175789,0.31443536,0.2559243440628052,1,0,0,0,0,0,0,0,0,0,0,0,0,0
TX001623,AC00087,-0.1007305337208465,-0.2454362243375371,-2.7081270834517897,-100.64717314928876,0.0,0.1252815730433877,1.7343678329943963,-9.188875821785157,0.19494931,0.20811595,0.2411198914051056,1,0,0,0,0,0,0,0,0,0,0,0,0,0
TX001624,AC00130,-0.0871429032379166,-0.207004644842454,-2.7602345030954227,-98.73159148371924,0.0,0.2241925778860161,1.912534008254497,-13.645265274776664,0.25040805,0.24179943,0.9653149843215942,1,0,0,0,0,0,0,0,0,0,0,0,0,0
TX001625,AC00324,-0.065913098439013,-0.2366810574250943,-4.185271222885887,-100.42214162419288,4.214684851089404e-08,0.1621006955327018,1.9840055647866663,-14.150077555051425,0.15318948,0.12420818,0.1635052114725113,1,0,0,0,0,0,0,0,0,0,0,0,0,0
TX001626,AC00220,0.0221684317631306,-0.0327220611222278,-2.119249883163172,-71.46061500679714,0.0,0.4294971515485215,2.52295154994422,-1.491239017583923,0.34822625,0.40579665,0.4411948025226593,1,1,1,0,0,0,0,0,0,0,0,0,0,0
TX001627,AC00257,-0.0535279904290398,-0.1164104900833196,-2.1318842184545543,-86.56816273345646,0.0,0.3494552796182992,2.7597433110132013,-5.73632826265478,0.3496488,0.38429496,0.23657001554965973,1,0,0,0,0,0,0,0,0,0,0,0,0,0
TX001628,AC00141,-0.08241795018764,-0.0449924729210893,-0.0003891256860564,-83.03522829400555,5.960464477539064e-08,0.3818067679564104,2.4834274121872406,-2.709137386642046,0.60188836,0.6565358,0.616113543510437,1,1,0,0,0,0,0,0,0,0,1,1,0,0
TX001629,AC00422,-0.0947142507693744,-0.239772351461698,-3.2786908995946678,-95.6647124615093,0.0,0.1715122680834275,1.8015575700340416,-14.230276026842798,0.1758629,0.13983399,0.14457178115844727,1,0,0,0,0,0,0,0,0,0,0,0,0,0
TX001630,AC00334,-0.0923703507879692,-0.2292297166557044,-2.1295330966654715,-99.4261349746874,0.0,0.1583530431432267,1.948448166523389,-8.257690148581508,0.21925274,0.2864637,0.24170620739459991,1,0,0,0,0,0,0,0,0,0,0,0,0,0
TX001631,AC00175,-0.1023699865732863,-0.2328280718051234,-2.528087675534697,-99.4786055072548,0.0,0.2056367666203804,1.8242134383008592,-8.674752077295846,0.22936422,0.23991244,0.26256856322288513,1,0,0,0,0,0,0,0,0,0,0,0,0,0
TX001632,AC00380,-0.059640916707237,-0.0721704362605926,-0.3919907481161786,-85.72286858568626,0.0,0.4109658807322511,2.611567611351145,-7.264733535508206,0.5085017,0.62518543,0.6039115786552429,1,0,0,0,0,0,0,0,0,0,0,0,0,0
TX001633,AC00118,-0.1218241180237726,-0.222797999788441,-3.353409851032331,-101.17983861893472,0.0,0.2528512091098032,2.0101198287053363,-14.675676095185906,0.18568476,0.23523638,0.33787769079208374,1,0,0,0,0,0,0,0,0,0,0,0,0,0
TX001634,AC00196,-0.0894262361026612,-0.2263176646158522,-3.919633734820701,-99.38331614732827,0.0,0.2014762980412447,2.009808985219755,-2.212782153961494,0.15606898,0.17272407,0.2112564742565155,1,0,0,0,0,0,0,0,0,0,0,0,0,0
TX001635,AC00358,-0.0158156511980187,-0.2430445011174091,-0.4835017011581621,7.320813505414904,0.0,0.4069900420156988,1.977470050223807,-0.2292333567893663,0.23375827,0.2435738,0.448964923620224,1,0,0,0,0,1,0,0,0,0,0,0,0,0
TX001636,AC00465,-0.0246822166468221,0.0294477574876224,-0.0030598028780035,-72.07116252992904,0.0,0.4812105097892678,2.8955092927292845,-0.4803049613858794,0.5609523,0.7871736,0.48981019854545593,1,2,0,1,0,0,0,1,0,0,1,1,0,1
TX001637,AC00126,-0.0835251090587905,-0.2338955491269942,-4.457038484181646,-100.80053595131304,4.214684851089404e-08,0.2224520275275757,1.9111688852538389,-8.516855322641053,0.14637078,0.15006144,0.1689537614583969,1,0,0,0,0,0,0,0,0,0,0,0,0,0
TX001638,AC00041,-0.1137378478939939,-0.2328929601363469,-3.5201908201543874,-99.37110973964742,0.0,0.2366924320011117,1.7850298487852925,-14.3576662944556,0.14679044,0.15272892,0.22870662808418274,1,0,0,0,0,0,0,0,0,0,0,0,0,0
TX001639,AC00403,-0.0847853973008933,-0.2234544029836234,-2.4802979928013587,-99.3504929542282,0.0,0.2105812998379633,1.942972472120028,-13.621864167664738,0.2785978,0.28406683,0.27680742740631104,1,0,0,0,0,0,0,0,0,0,0,0,0,0
TX001640,AC00155,-0.0785920099126358,-0.1098038866466595,-1.2255328764206783,-85.80548896930202,5.960464477539064e-08,0.3668537461746113,2.8554784355769187,-3.960627866487421,0.52182716,0.5219766,0.5101727247238159,1,0,0,0,0,0,0,0,0,0,0,0,0,0
TX001641,AC00261,-0.0330806732171364,0.0227392872743295,-0.1581952301004063,-76.00111911967016,0.0,0.401098481835615,3.0581035512485126,-4.189726123867225,0.6049603,0.6896588,0.57652348279953,1,2,0,1,0,0,0,0,0,0,1,1,0,1
TX001642,AC00480,-0.0321334772511869,0.0267686699330689,0.1499762337192844,-84.06805587743774,0.0,0.4359351487544202,3.247688284628922,-2.05433603943427,0.55585957,0.5697669,0.4857437312602997,1,2,0,1,1,0,0,0,1,0,1,0,0,1
TX001643,AC00291,-0.0571938561932419,-0.2093899063620241,-3.035704838098309,-94.87386025746312,0.0,0.2550636868258852,1.9751368613549052,-6.839522472074638,0.24908678,0.24372591,0.2692185342311859,1,0,0,0,0,0,0,0,0,0,0,0,0,0
TX001644,AC00154,-0.0551177201217726,-0.1578393412321761,-1.4449104586881392,-95.67892636643494,0.0,0.2138075594822334,2.2234610942829964,-13.649388153660569,0.3823047,0.45887238,0.5132483839988708,1,0,0,0,0,0,0,0,0,0,0,0,0,0
TX001645,AC00106,-0.0909183002130767,-0.2451687132089313,-4.044619895386934,-100.3581658035632,0.0,0.1344744242462471,1.7065530626743994,-13.70359966875593,0.16774246,0.20594707,0.24103492498397827,1,0,0,0,0,0,0,0,0,0,0,0,0,0
TX001646,AC00378,-0.0149233454350553,-0.1888957040136274,-0.5603984929233929,92.76353495791734,0.0,0.4803780762613852,2.3749130291315823,2.003051197284505,0.31128564,0.2831421,0.9133697152137756,1,0,0,0,0,1,0,1,0,0,0,0,0,0
TX001647,AC00303,-0.0911218960727553,-0.2597248816434934,-3.974974529365535,-101.34264835274492,0.0,0.0297502095706423,1.5236349981866082,-16.211478801443864,0.18646266,0.21139511,0.2207188755273819,1,0,0,0,0,0,0,0,0,0,0,0,0,0
TX001648,AC00004,-0.0368406155758949,-0.2145800912358932,-2.4028501735108554,-96.89403921614873,0.0,0.2060988339334492,2.131031850563643,-12.201485260223937,0.26218602,0.3120045,0.2861224412918091,1,0,0,0,0,0,0,0,0,0,0,0,0,0
TX001649,AC00157,-0.1030160742257207,-0.2501182362001337,-2.9614386761276004,-102.11040680838708,0.0,0.0745286013223667,1.4719358657875168,-15.28594327948909,0.2010787,0.19975792,0.3084471523761749,1,0,0,0,0,0,0,0,0,0,0,0,0,0
TX001650,AC00434,-0.0444595063272986,-0.1908453220814669,-1.9632256880024077,-94.3532010864402,0.0,0.3000871941255754,2.460922939649261,-10.652666493380586,0.33052385,0.34925038,0.3272624611854553,1,0,0,0,0,0,0,0,0,0,0,0,0,0
TX001651,AC00438,-0.0901583578671772,-0.1568755772072536,-1.160933822919784,-87.44105425753203,0.0,0.3521487116825186,2.1012050598726946,-4.022427922919864,0.44382393,0.4703233,1.08008873462677,1,0,0,0,0,0,0,0,0,0,0,0,0,0
TX001652,AC00279,-0.0791957750631993,-0.1632046269824967,-1.7429757171625893,-84.49682864809542,4.214684851089404e-08,0.2806206560255697,2.3094539100832625,-6.000453319425412,0.32546946,0.31392762,0.275439977645874,1,0,0,0,0,0,0,0,0,0,0,0,0,0
TX001653,AC00458,-0.0728897909145359,-0.2391932227075677,-1.985450278616452,113.449788516432,0.0,0.0,2.0660274262735663,-12.531918318529296,0.106998034,0.11857246,1.1438215970993042,1,0,0,0,0,1,0,0,0,0,0,0,0,0
TX001654,AC00166,-0.1149967598616242,-0.2806747410366573,-3.994615308840879,-102.29388959444518,0.0,0.0,1.0089217271022048,-17.0259254376632,0.18266216,0.16162883,0.14923447370529175,1,0,0,0,0,0,0,0,0,0,0,0,0,0
TX001655,AC00129,-0.0795511212086359,-0.2368607201930754,-3.5230728432797696,-98.52582304710752,0.0,0.169975910639491,2.0794506287886128,-12.530249953512644,0.2004679,0.24506158,0.21736162900924683,1,0,0,0,0,0,0,0,0,0,0,0,0,0
TX001656,AC00292,-0.0713856514682342,-0.2367784707480751,-4.181646681425762,-98.45964594567208,0.0,0.143568238801151,1.482247215361722,-13.437987363823426,0.1450929,0.260064,0.23978421092033386,1,0,0,0,0,0,0,0,0,0,0,0,0,0
TX001657,AC00185,-0.1208896062733234,-0.2157298354420853,-2.4439818971311604,-95.181963730629,0.0,0.2374409547831486,1.9339858191038084,-8.026627887430887,0.23374647,0.26441064,0.2694578170776367,1,0,0,0,0,0,0,0,0,0,0,0,0,0
TX001658,AC00498,-0.1215898612986752,-0.2476770929184817,-4.022393467574976,-100.9358241979422,0.0,0.1946214345930436,1.917061755134043,-9.348628124823112,0.15861285,0.15588984,0.1497865915298462,1,0,0,0,0,0,0,0,0,0,0,0,0,0
TX001659,AC00171,-0.096030968561618,-0.2437697134937155,-3.835556827673197,-101.65719329513604,0.0,0.1837268451336533,1.98346726105192,-12.740815127471055,0.19425648,0.16845639,0.20517706871032715,1,0,0,0,0,0,0,0,0,0,0,0,0,0
TX001660,AC00456,0.0167069657755346,-0.0398365808643232,0.6064954546786927,-53.99068732871966,2.1830878805819123,0.581096629024953,3.852381125588344,10.381274077458098,0.37754872,0.65597016,1.0533900260925293,1,1,1,0,1,0,0,1,1,1,0,1,0,0
TX001661,AC00459,-0.0972179997365641,-0.2339231614224954,-2.9907165071787487,-101.16232596470384,0.0,0.0985710987405372,1.6076388595422448,-14.320593781977488,0.19843142,0.3074181,0.27518919110298157,1,0,0,0,0,0,0,0,0,0,0,0,0,0
TX001662,AC00090,-0.0988754770552272,-0.2634869321972157,-2.673869087105376,-89.94694498441905,0.0,0.2412916244564749,1.6433554669169623,-14.339310619672744,0.16651636,0.1668555,0.3606194257736206,1,0,0,0,0,0,0,0,0,0,0,0,0,0
TX001663,AC00289,-0.0652269587841812,-0.1699467227838098,-1.1276980089955029,-94.38767874197872,0.0,0.2930420157822663,2.37431852484409,-12.327824832147613,0.34606382,0.46669117,0.4346923530101776,1,0,0,0,0,0,0,0,0,0,0,0,0,0
TX001664,AC00063,-0.0403322469267474,-0.1939083895216395,-1.9349785587051465,-95.25983788325712,0.0,0.2608455748430009,2.369113605881434,-10.95383893429685,0.34727895,0.3326019,0.26392117142677307,1,0,0,0,0,0,0,0,0,0,0,0,0,0
TX001665,AC00394,-0.0918021592499833,-0.2161259011545273,-2.135424527562102,-97.58527304374763,0.0,0.2241925778860161,1.9584339844131011,-13.70038621903566,0.28093636,0.26537773,0.33293578028678894,1,0,0,0,0,0,0,0,0,0,0,0,0,0
TX001666,AC00241,-0.0028439475957434,-0.1794951709251344,-0.9601183618027402,-63.16640758964312,2.129548580468992,0.555151371155624,2.983634233844532,11.353559865147997,0.3613232,0.671916,0.8670435547828674,1,0,0,0,0,0,0,1,0,1,0,1,0,0
TX001667,AC00296,-0.0770351139558205,-0.2272763000120468,-1.9310063137772573,-92.92619424489833,5.960464477539064e-08,0.2343837539717401,1.9305613974408555,-13.307980952343277,0.20942348,0.19076073,0.6470786333084106,1,0,0,0,0,0,0,0,0,0,0,0,0,0
TX001668,AC00495,-0.0898322606805908,-0.2559627059338909,-2.9087924328189265,-100.77252079090523,0.0,0.0256727961802896,1.5866996727044818,-15.84590717141084,0.20048612,0.23553914,0.2769782841205597,1,0,0,0,0,0,0,0,0,0,0,0,0,0
TX001669,AC00368,-0.079952076777771,-0.2108248817307931,-2.337365817261447,-98.04850185905076,0.0,0.1681574377416535,1.846862787414928,-13.684259836626678,0.2587553,0.28174862,0.2931382358074188,1,0,0,0,0,0,0,0,0,0,0,0,0,0
TX001670,AC00017,-0.087907082529286,-0.1970584326936189,-2.233262368825128,-83.64673349060259,0.0,0.3592641615639202,2.201348784254653,-13.459799280735645,0.31003353,0.2728322,0.3189886808395386,1,0,0,0,0,0,0,0,0,0,0,0,0,0
TX001671,AC00458,-0.1198176781243182,-0.2205321741059382,-4.025770206598316,-99.19884628303694,0.0,0.1938483998663108,1.85995705240247,-8.599605777682264,0.13145602,0.18138695,0.23903053998947144,1,0,0,0,0,0,0,0,0,0,0,0,0,0
TX001672,AC00335,-0.0071339889591589,0.0634704713590099,1.0561240451104412,-78.03956742944766,2.6621188995236653,0.5200281901193777,3.497424656292642,-3.070813930253567,0.30738223,1.2165449,,0,1,0,1,1,0,0,1,1,0,0,1,0,0
TX001673,AC00344,0.0088239564852449,0.0169400651154798,-1.3103511307440447,-71.53313117041563,0.0,0.4045984278369943,2.539292304582157,4.724994696787449,0.44629872,0.4503037,0.4276876747608185,1,2,1,1,0,0,0,0,0,1,0,0,0,1
TX001674,AC00002,-0.1049439090290598,-0.2296448269972828,-3.5977713958691,-100.86992729379274,5.960464477539064e-08,0.1633275228174282,1.6542863124721043,-14.313055809519463,0.16952538,0.29600266,0.3091510236263275,1,0,0,0,0,0,0,0,0,0,0,0,0,0
TX001675,AC00285,-0.0375082919603766,-0.0924167192338116,-0.3976621120546779,-86.97592002461374,0.0,0.4025416065799895,2.6725058822064223,-3.618106362759919,0.43657196,0.44528878,0.44296514987945557,1,0,0,0,0,0,0,0,0,0,0,0,0,0
TX001676,AC00091,-0.1061470209558135,-0.1618591171986987,-1.4720599495287656,-96.16069537010716,0.0,0.2959823967807302,2.1738048890593764,-7.436062153368991,0.2660556,0.36784732,0.34887948632240295,1,0,0,0,0,0,0,0,0,0,0,0,0,0
TX001677,AC00399,-0.0528218389123799,-0.1499491815225064,-0.9452345146831798,-94.96320249546586,0.0,0.275271601159425,2.1569766286171617,-11.42460783798312,0.3635414,0.38231823,0.4237636923789978,1,0,0,0,0,0,0,0,0,0,0,0,0,0
TX001678,AC00133,-0.0375404527543096,-0.1508071612977755,-1.0092727421875374,-90.10401030798772,0.0,0.3357784152941163,2.4851629638857684,-8.421172887458356,0.4096912,0.5086781,0.5225692987442017,1,0,0,0,0,0,0,0,0,0,0,0,0,0
TX001679,AC00322,-0.0962729807356266,-0.200175468899854,-2.360454593134377,-97.0317395116298,0.0,0.2502431247855344,2.060105822254576,-7.165465469359085,0.30841008,0.31854543,0.28696101903915405,1,0,0,0,0,0,0,0,0,0,0,0,0,0
TX001680,AC00247,-0.0631463093137769,-0.1967428399759552,-2.4211461244689447,-98.27123487198809,0.0,0.2270700200375352,1.8729254868243823,-12.40343499204497,0.31644404,0.31976748,0.32440662384033203,1,0,0,0,0,0,0,0,0,0,0,0,0,0
TX001681,AC00332,-0.0995955321866714,-0.2378030395963357,-3.361558101822632,-95.49351453003148,0.0,0.2118116969535488,1.569980989317046,-8.280019709969086,0.13303807,0.3338471,0.28415870666503906,1,0,0,0,0,0,0,0,0,0,0,0,0,0
TX001682,AC00230,-0.0963496107388393,-0.2548167705365447,-2.86418893906525,-100.58829412119309,0.0,0.1437092451053778,1.509919065714744,-16.281322890787393,0.23337494,0.23579822,0.2175353467464447,1,0,0,0,0,0,0,0,0,0,0,0,0,0
TX001683,AC00019,-0.0259014737938434,-0.2089605457086609,-2.188673168439883,-95.96658778901082,0.0,0.190089404937717,2.043939707288483,-11.673762863207578,0.27705142,0.24113253,0.2474776953458786,1,0,0,0,0,0,0,0,0,0,0,0,0,0
TX001684,AC00446,-0.0358737300348411,-0.1836598965566775,-2.7831031133963675,-96.2769730965345,0.0,0.2914624323178756,2.087574277551555,-11.53915021181606,0.2769067,0.28174743,0.3017190992832184,1,0,0,0,0,0,0,0,0,0,0,0,0,0
TX001685,AC00219,-0.0755729665752387,-0.2293265709455683,-2.787341043526321,-99.65400418567832,0.0,0.0476733285567309,1.680578087750613,-13.351827709358504,0.2450613,0.25083077,0.1765514761209488,1,0,0,0,0,0,0,0,0,0,0,0,0,0
TX001686,AC00050,-0.1015378787339329,-0.2342667772200508,-2.836282257110466,-87.38239852399613,0.0,0.2305949188094148,1.658730304419284,-14.174908107325928,0.1832727,0.1864702,0.6455409526824951,1,0,0,0,0,0,0,0,0,0,0,0,0,0
TX001687,AC00449,-0.0329950602746247,0.0458177538297577,-0.5681932127064302,-82.13428156655306,1.982780871651877,0.527145893667466,3.610328089371862,-5.440981429669239,0.66114867,0.65388024,0.7589873671531677,1,2,0,1,0,0,0,1,1,0,1,1,0,1
TX001688,AC00426,-0.1026894225883691,-0.2514171841513867,-3.7951381773449535,-101.86218228393332,0.0,0.1950983684662511,1.4565017263378972,-15.53743901058538,0.18574516,0.21822523,0.6607596278190613,1,0,0,0,0,0,0,0,0,0,0,0,0,0
TX001689,AC00354,-0.0232664782558316,-0.2558343443359057,-1.7076935862831055,-33.13169442171859,0.0,0.0,1.7931897961707022,5.883546252094206,0.15501279,0.16774967,1.4270575046539307,1,0,0,0,0,0,0,0,0,1,0,0,0,0
TX001690,AC00313,-0.0371520142720649,-0.1695897929846455,-2.076253806486302,-84.41922702064248,0.0,0.295788344124466,2.427530942598901,-4.681201342710125,0.28291175,0.37431374,0.3909897804260254,1,0,0,0,0,0,0,0,0,0,0,0,0,0
TX001691,AC00442,-0.0406168846449535,-0.1601577359246528,-1.4522861512867538,-92.70313827437629,0.0,0.2891369253165369,2.3969782502375936,-10.965870102178243,0.37818378,0.42162654,0.3934789299964905,1,0,0,0,0,0,0,0,0,0,0,0,0,0
TX001692,AC00318,-0.0517725309997631,-0.1812502443996158,-2.8642652501004973,-92.64151354165728,0.0,0.3321789987194242,2.15045124411066,-13.16624170415662,0.24040614,0.30554143,0.39999493956565857,1,0,0,0,0,0,0,0,0,0,0,0,0,0
TX001693,AC00232,-0.0414339468197605,-0.1805182238216582,-1.1607947413169128,-84.31929480845073,0.0,0.3129492241612641,2.406816799655423,-3.659034387127354,0.3870118,0.38682687,0.4486851096153259,1,0,0,0,0,0,0,0,0,0,0,0,0,0
TX001694,AC00424,-0.1175692257196634,-0.2771882237196116,-4.398554041318183,-101.99782360079334,0.0,0.0,1.342022840867002,-15.066883377648946,0.088188775,0.112649046,0.11223404854536057,1,0,0,0,0,0,0,0,0,0,0,0,0,0
TX001695,AC00393,-0.1251146304474564,-0.2487021111521998,-4.297700886924583,-100.2184231535166,0.0,0.1009353048626989,1.5688593915286788,-8.757145118556686,0.16447419,0.14783747,0.12669040262699127,1,0,0,0,0,0,0,0,0,0,0,0,0,0
TX001696,AC00175,-0.0691151066041468,-0.2178907587403173,-2.819463956310199,-98.37712264213812,0.0,0.2184402858905359,1.895519146935243,-3.9026195740740346,0.19942856,0.29751834,0.24119067192077637,1,0,0,0,0,0,0,0,0,0,0,0,0,0
TX001697,AC00108,-0.0475067085511933,-0.1668799265069949,0.0002460918768605,166.65920571869174,0.0,0.4974074136251688,3.515294970455645,-9.6951461868436,0.34079492,0.29557073,0.2932906746864319,1,0,0,0,1,1,0,1,1,0,0,0,0,0
TX001698,AC00067,-0.1036818047399084,-0.2437128102266418,-3.857573161799981,-94.77965781238105,0.0,0.1482390254968253,1.9422352686840871,-7.7082496292265725,0.19242133,0.19081539,0.20055681467056274,1,0,0,0,0,0,0,0,0,0,0,0,0,0
TX001699,AC00356,-0.1038174653714424,-0.2283848673978752,-2.734923055058215,-96.71066891592577,0.0,0.2159845235542945,1.769697739074055,-8.39395249918331,0.2152531,0.21908998,0.19461770355701447,1,0,0,0,0,0,0,0,0,0,0,0,0,0
TX001700,AC00244,-0.132407252397133,-0.2713415941096471,-4.2028608032810455,-101.3049288569964,0.0,0.0,1.475802124829794,-10.267631699571483,0.10141717,0.10529476,0.14635592699050903,1,0,0,0,0,0,0,0,0,0,0,0,0,0
TX001701,AC00244,-0.0742567086953552,-0.2247349811638122,-2.904914787521224,-97.65758012574068,0.0,0.165256636628765,2.2331788802031483,-13.644124012651028,0.31705087,0.36512858,0.31508201360702515,1,0,0,0,0,0,0,0,0,0,0,0,0,0
TX001702,AC00411,-0.1226791071895803,-0.2189330245854197,-1.6870472270946797,-98.77877134423296,0.0,0.1222094615394996,2.2018869241095422,-8.47092992698901,0.21240646,0.32472235,0.3563860356807709,1,0,0,0,0,0,0,0,0,0,0,0,0,0
TX001703,AC00294,-0.0750578293501749,-0.251847466072416,-2.824088816968371,-98.1519591462242,0.0,0.0579796588137193,1.8260966325499188,-7.430003609108804,0.21529704,0.20230247,0.1970749795436859,1,0,0,0,0,0,0,0,0,0,0,0,0,0
TX001704,AC00205,0.0487445754502975,0.1692538804311811,1.1792722398903903,-50.56536621964106,2.463774978613612,0.5890496132246044,3.885106351791544,16.027093587808775,0.9632499,0.9896466,0.9655231833457947,1,3,1,1,1,0,0,1,1,1,1,1,0,1
TX001705,AC00155,-0.1039403886737886,-0.2566465927882327,-3.549870827816725,-102.00521650474133,0.0,0.0617250487978771,1.4155927598998626,-14.860643724070012,0.16561174,0.22198829,0.21268367767333984,1,0,0,0,0,0,0,0,0,0,0,0,0,0
TX001706,AC00305,-0.0465861584921354,-0.1243664330131111,-1.706372907467718,-90.76879758456158,5.960464477539064e-08,0.3548221529897992,2.5551978489328486,-9.768250559763388,0.28454047,0.5141351,0.5292418003082275,1,0,0,0,0,0,0,0,0,0,0,0,0,0
TX001707,AC00048,-0.0659711607626273,-0.1389953431991883,-1.6301936906247976,-76.38580513758207,0.0,0.3246398546121435,2.227586996786949,-1.949819007183178,0.29446948,0.37603796,0.5085158944129944,1,0,0,0,0,0,0,0,0,0,0,0,0,0
TX001708,AC00366,-0.0163605980061251,-0.2505873001106337,-0.1881046973376561,51.00366628406103,0.0,0.3310896157730512,2.0230793427230656,-11.86077452317217,0.2395369,0.23432183,0.35917341709136963,1,0,0,0,0,1,0,0,0,0,0,0,0,0
TX001709,AC00185,-0.0970454211800148,-0.2028633098792056,-2.6800993891987988,-94.43659464789984,0.0,0.28191268123554,1.9595049701076284,-11.170254317311445,0.24103586,0.41927695,0.42079031467437744,1,0,0,0,0,0,0,0,0,0,0,0,0,0
TX001710,AC00215,-0.0687135568624431,-0.1698274884411506,-1.134214860081454,-96.1589981550357,0.0,0.2590375016547406,2.4386355749200286,-11.110813517401716,0.29480755,0.41169012,0.5178097486495972,1,0,0,0,0,0,0,0,0,0,0,0,0,0
TX001711,AC00283,-0.0619560314467557,-0.1030191287060546,-0.5939710055619658,-94.28010634244484,0.0,0.373057059666971,2.694552049173029,-12.63373602522481,0.4583584,0.5321276,,0,0,0,0,0,0,0,0,0,0,0,0,0,0
TX001712,AC00197,-0.0452855394602021,-0.1679625047001054,-2.0172479333074174,-95.1634019602155,0.0,0.3037907352967539,2.564099390062754,-11.686741593006689,0.30636644,0.27440873,0.4146604835987091,1,0,0,0,0,0,0,0,0,0,0,0,0,0
TX001713,AC00390,-0.0703759024593875,-0.2400428729549165,-3.6952306482602175,-98.16042192953486,0.0,0.2390953981485127,1.7561468059446192,-6.109754235410996,0.17002708,0.21518849,0.26879191398620605,1,0,0,0,0,0,0,0,0,0,0,0,0,0
TX001714,AC00320,-0.0685949377073673,-0.2132721067048193,-2.546488014901945,-98.49704826724454,0.0,0.2404762266655863,1.9256582780421443,-12.142803498734258,0.3031988,0.2817143,0.31043368577957153,1,0,0,0,0,0,0,0,0,0,0,0,0,0
TX001715,AC00020,-0.0556217212858736,-0.0826598214579139,-1.7627314179515254,-92.63812696452749,0.0,0.3998875452753564,2.705834220761876,-5.81532436150228,0.35436365,0.38688183,0.471603661775589,1,0,0,0,0,0,0,0,0,0,0,0,0,0
TX001716,AC00500,-0.0160966994870273,-0.1318242446211579,-1.4776029629004617,-91.1329683433064,0.0,0.362583321699483,2.653825710278558,-10.051864186667522,0.44832748,0.41624618,0.4872007369995117,1,0,0,0,0,0,0,0,0,0,0,0,0,0
TX001717,AC00289,-0.0676420889949971,-0.1809773403009371,-2.8707042190440584,-97.03877092615912,5.960464477539064e-08,0.2314631864483519,2.234052490667616,-8.42821134279093,0.24445847,0.2801132,0.19715581834316254,1,0,0,0,0,0,0,0,0,0,0,0,0,0
TX001718,AC00121,-0.0787564385639073,-0.0468383001048851,-0.4215145058193323,-78.35745797401005,5.960464477539064e-08,0.465928373407815,3.185598813887795,-1.1034775544463629,0.58306766,0.6993851,,0,1,0,0,0,0,0,1,0,0,1,1,0,0
TX001719,AC00023,-0.0707945293208899,-0.2434309754774396,-2.0669772037203247,-89.25481324020119,0.0,0.2232934711856495,1.863175047770019,-13.426016220471745,0.19114956,0.19664897,0.2073437124490738,1,0,0,0,0,0,0,0,0,0,0,0,0,0
TX001720,AC00490,-0.0388211777526408,-0.1874001624715175,-3.321640296318233,-97.07636212331246,0.0,0.2658388885231043,2.116627287613704,-10.925312473313232,0.34872615,0.3211403,0.3013489544391632,1,0,0,0,0,0,0,0,0,0,0,0,0,0
TX001721,AC00197,-0.0616994396804161,-0.153004104908788,-1.5921312162447263,-94.23925082807688,0.0,0.2982851836602708,2.33494923502844,-10.730502378812794,0.38087448,0.3920571,0.4383763074874878,1,0,0,0,0,0,0,0,0,0,0,0,0,0
TX001722,AC00494,-0.0311156547092523,-0.0786481413945636,0.0003448007733428,-87.73563753011085,0.0,0.4114370694275818,3.093386739721427,-10.4403370761661,0.43211162,0.7369034,1.114486813545227,1,0,0,0,1,0,0,0,0,0,0,1,0,0
TX001723,AC00193,-0.0914051722311388,-0.2339045913883191,-2.6391096431526924,-99.47550917561188,0.0,0.0,1.852217968511268,-8.130164701247667,0.24431586,0.21619146,,0,0,0,0,0,0,0,0,0,0,0,0,0,0
TX001724,AC00451,-0.0427094454395603,-0.2343180851057302,-2.2938938088472662,-69.56924518851413,0.0,0.3042115498848543,2.0687631980864656,-13.382673387604646,0.12895866,0.1371439,0.2127998173236847,1,0,0,0,0,0,0,0,0,0,0,0,0,0
TX001725,AC00261,-0.0741216614090757,-0.1496980816000404,-2.062763778858037,-86.36668013319746,0.0,0.3158598335789465,2.383283804361859,-5.035228097930137,0.31574678,0.32196674,0.3201121985912323,1,0,0,0,0,0,0,0,0,0,0,0,0,0
TX001726,AC00246,-0.1012102284366178,-0.2122247148331995,-2.3575132382464536,-95.06125411753086,0.0,0.161448858434372,2.0143709956007068,-7.052215900042873,0.29491723,0.29383236,0.3065403997898102,1,0,0,0,0,0,0,0,0,0,0,0,0,0
TX001727,AC00120,-0.1028017949852679,-0.1665222257133645,-1.9840866714213967,-89.32427696616722,0.0,0.3445775221643732,2.4158449423093087,-5.806461760226401,0.29628447,0.40356445,0.4254958927631378,1,0,0,0,0,0,0,0,0,0,0,0,0,0
TX001728,AC00189,-0.0244927862197972,-0.1961173598300607,-1.2981011874080748,-69.53688521574894,8.429369702178808e-08,0.3865255959278488,2.6584206985613834,-11.890886708878185,0.33682784,0.38006973,0.38520193099975586,1,0,0,0,0,0,0,0,0,0,0,0,0,0
TX001729,AC00499,-0.0612306770730557,-0.1838854074781335,-3.0041381893396077,-96.88803205314537,0.0,0.258046272535993,2.0037295906529025,-13.66502770261846,0.2551822,0.25684792,0.23939654231071472,1,0,0,0,0,0,0,0,0,0,0,0,0,0
TX001730,AC00287,-0.0039566288636581,-0.0986273596763172,-1.3576491296141129,-90.02738434778055,0.0,0.3705884828937494,2.83170060867983,-8.164780592694472,0.43517587,0.45806345,,0,0,0,0,0,0,0,0,0,0,0,0,0,0
TX001731,AC00087,-0.0981213351836822,-0.2348565637470303,-2.095833398826808,-97.41835368141544,0.0,0.149581241685956,2.060414275371798,-7.584516207159909,0.26033664,0.33028352,0.45170286297798157,1,0,0,0,0,0,0,0,0,0,0,0,0,0
TX001732,AC00333,0.017093873963053,-0.1615999548753051,0.5145947488916427,54.00698929019261,3.0985887036949187,0.5772136183557853,3.4263112698925657,12.082975702387898,0.42718136,0.47395748,2.6605961322784424,1,1,1,0,1,1,1,1,1,1,0,0,1,0
TX001733,AC00423,-0.0639090947875395,-0.137897737912549,-1.7228701222390503,-92.35845989688198,0.0,0.3422616551358506,2.192281117611962,-10.07820074495127,0.4424973,0.5166845,0.512749433517456,1,0,0,0,0,0,0,0,0,0,0,0,0,0
TX001734,AC00108,-0.0066357864232525,-0.1888899412193518,2.2294346161189083e-05,-28.27101259861816,2.992122848803737,0.5701970131545315,2.861138087187272,1.9919206148769877,0.3655858,0.8197789,1.6998510360717773,1,0,0,0,1,0,1,1,0,0,0,1,1,0
TX001735,AC00099,0.0067242715629479,-0.1018454885670034,-1.321180739095758,-72.5656001278115,0.0,0.3533926321890192,2.618646796929944,-1.6506795439585042,0.4456412,0.41333666,0.3826550245285034,1,1,1,0,0,0,0,0,0,0,0,0,0,0
TX001736,AC00387,-0.1057317781624138,-0.2197408331028789,-2.9735438453011183,-96.60815290182688,0.0,0.1566939402443135,1.8158021922179295,-7.319307563308027,0.2057156,0.2632619,0.1396581530570984,1,0,0,0,0,0,0,0,0,0,0,0,0,0
TX001737,AC00010,-0.1008090241960183,-0.1777043401743907,-3.082716009295173,-86.71122692411225,0.0,0.2891278397686822,2.318025487503051,-6.569832976357868,0.23534101,0.3453526,2.1477367877960205,1,0,0,0,0,0,0,0,0,0,0,0,1,0
TX001738,AC00087,-0.0309048551713984,0.0141794115165965,1.5315999317952746,40.8988426711975,2.312943620709855,0.5824790505397323,3.4735914175375533,6.451962288850966,0.55420715,0.58019435,1.2595733404159546,1,2,0,1,1,1,0,1,1,1,1,0,0,1
TX001739,AC00294,-0.1279655530072501,-0.2223806021032199,-4.05798979576215,-97.40463881144728,0.0,0.2317546232509296,1.7276277364999544,-8.508518647419669,0.21194799,0.23406675,0.19556735455989838,1,0,0,0,0,0,0,0,0,0,0,0,0,0
TX001740,AC00408,-0.0675005280270306,-0.2103214407921914,-2.999209320574724,-98.4404991730054,0.0,0.2161851298238518,2.029358887957296,-13.289691369478009,0.30406135,0.29910854,,0,0,0,0,0,0,0,0,0,0,0,0,0,0
TX001741,AC00495,-0.093879657276107,-0.2608502234228597,-4.094660406702469,-99.78229785077116,0.0,0.1025514160342778,1.437416773192054,-9.314389905775233,0.16021864,0.13082159,0.12834987044334412,1,0,0,0,0,0,0,0,0,0,0,0,0,0
TX001742,AC00304,-0.0759155325251985,-0.0657380718299895,-0.0742781279367648,-88.7453029272714,0.0,0.3520285800060644,2.588352598770177,-3.67268604169592,0.46091425,0.47047934,0.33973801136016846,1,0,0,0,0,0,0,0,0,0,0,0,0,0
TX001743,AC00053,-0.0987797061388198,-0.2490738226830259,-4.420714937018118,-96.18959679917424,0.0,0.1892835145325477,1.646213782049562,-8.579645008717357,0.15482382,0.15007529,0.15392643213272095,1,0,0,0,0,0,0,0,0,0,0,0,0,0
TX001744,AC00432,-0.0757562241202716,-0.1557411416997105,-2.478827742208174,-91.43169777260896,0.0,0.3111900293739291,2.547314319317005,-4.9502571142249305,0.35179093,0.3185968,0.3266552686691284,1,0,0,0,0,0,0,0,0,0,0,0,0,0
TX001745,AC00200,-0.1051153778991691,-0.2201708375439939,-3.6384535032408714,-100.07227865828123,0.0,0.1422653648383474,2.045675152539188,-14.663104554553744,0.24579665,0.24907906,0.2817128598690033,1,0,0,0,0,0,0,0,0,0,0,0,0,0
TX001746,AC00438,-0.0807913280419962,-0.1913059785160451,-1.4290609553055509,-71.29887312483179,0.0,0.3617799962399807,2.3722511098670296,-13.133359367247555,0.31285852,0.29320508,0.5483487248420715,1,0,0,0,0,0,0,0,0,0,0,0,0,0
TX001747,AC00151,-0.070093462370574,-0.2296845296622651,-3.349062456498916,-96.908508779404,0.0,0.2017186466043686,2.062846860298768,-12.430839738111398,0.274643,0.26446617,0.29522478580474854,1,0,0,0,0,0,0,0,0,0,0,0,0,0
TX001748,AC00305,-0.0677278984920103,-0.2166633428576416,-2.240716583607555,-95.35500292672316,4.214684851089404e-08,0.178623175731702,1.9011775489162244,-5.693049479339875,0.27036256,0.27960435,0.29861173033714294,1,0,0,0,0,0,0,0,0,0,0,0,0,0
TX001749,AC00142,-0.0300809468123911,-0.19222258470592,-0.8201508636060275,-88.10043242453233,0.0,0.3725311755121975,2.409972547508124,-11.46443453727476,0.3204544,0.39905322,,0,0,0,0,0,0,0,0,0,0,0,0,0,0
TX001750,AC00356,-0.0998332903443754,-0.2625449546343761,-3.858769103098962,-102.01045337453571,0.0,0.064510123421425,1.5654827935174704,-8.948404862759206,0.15269123,0.16200247,0.12114785611629486,1,0,0,0,0,0,0,0,0,0,0,0,0,0
TX001751,AC00155,-0.1372862286059871,-0.2010843196920835,-3.3401535111033445,-95.38422067583332,0.0,0.1746362468793377,1.8308203220444383,-8.302398318314623,0.23318368,0.2528261,0.26138579845428467,1,0,0,0,0,0,0,0,0,0,0,0,0,0
TX001752,AC00265,-0.0676241540545587,-0.2476281781601148,-3.3674832682118927,-99.93607674049778,4.214684851089404e-08,0.1415595452309324,1.587403900367505,-13.15141879506234,0.22653593,0.23781244,0.2297014594078064,1,0,0,0,0,0,0,0,0,0,0,0,0,0
TX001753,AC00122,-0.0486186982540408,0.0155003243079752,-0.0002560566400164,-85.33492909804403,2.0161970611832034,0.4910594407991511,3.2314323663633844,-8.2339400690969,0.34788835,1.0181775,3.786935567855835,1,1,0,1,0,0,0,1,1,0,0,1,1,0
TX001754,AC00426,-0.1191982589757205,-0.2628624684710648,-3.2347692256936997,-79.60088646394024,8.429369702178808e-08,0.2213237550184672,1.5452515468479897,-15.40971505936771,0.06653005,0.09251994,0.13525620102882385,1,0,0,0,0,0,0,0,0,0,0,0,0,0
TX001755,AC00111,-0.0250702761752964,-0.1633099911714637,-0.1480154241415343,-21.268842646463327,0.0,0.4141199093205688,2.808167901119072,-11.608707893300036,0.35063446,0.373689,0.3944387137889862,1,0,0,0,0,0,0,0,0,0,0,0,0,0
TX001756,AC00405,-0.1046353459805971,-0.2307777477031936,-2.415541397744126,-99.55051001847126,0.0,0.1459920941353283,1.7511371796053672,-9.08688204563948,0.16262764,0.3042261,0.30456310510635376,1,0,0,0,0,0,0,0,0,0,0,0,0,0
TX001757,AC00128,-0.0505194391711888,-0.0945277287329247,-0.8013154191958733,-93.83898222700458,0.0,0.3560437750953293,2.381289417779453,-11.921742398932537,0.43563497,0.5280731,0.6045544147491455,1,0,0,0,0,0,0,0,0,0,0,0,0,0
TX001758,AC00050,-0.032747188666212,-0.2325355378966618,-0.7856500373595896,-5.020466652626354,0.0,0.3639656805710221,2.203340985734585,-11.8167879501235,0.2682692,0.2782736,0.3254207670688629,1,0,0,0,0,0,0,0,0,0,0,0,0,0
TX001759,AC00141,-0.1216142321634912,-0.2763308799832566,-3.5310421588101155,-103.2664975493318,0.0,0.0737634118285223,1.1838205640622117,-16.34799180949421,0.16156954,0.16956641,0.15579754114151,1,0,0,0,0,0,0,0,0,0,0,0,0,0
TX001760,AC00010,-0.029053649886594,-0.1886026459154035,-1.2467589940485615,-60.75574699145587,8.429369702178808e-08,0.355278157990826,2.26612754044703,-0.4895966847762181,0.19714451,0.2652443,1.628438115119934,1,0,0,0,0,0,0,0,0,0,0,0,1,0
TX001761,AC00259,-0.1396921659333158,-0.2344879310958283,-3.3084384790668944,-99.25414466091496,0.0,0.1657919329634657,1.805824895974764,-9.102843754056796,0.14946729,0.23880965,0.18620596826076508,1,0,0,0,0,0,0,0,0,0,0,0,0,0
TX001762,AC00302,-0.1059607898471705,-0.2132868318152088,-2.807179939085004,-98.62007252844576,0.0,0.193164044095927,1.5716953399314846,-7.7448502012410785,0.2572488,0.30060205,0.2910853326320648,1,0,0,0,0,0,0,0,0,0,0,0,0,0
TX001763,AC00124,-0.0984263733673416,-0.2070559113082994,-2.343285851335234,-92.58963345866118,0.0,0.337556808551715,1.8906786501113024,-13.11022679898537,0.19087343,0.18657681,0.24685853719711304,1,0,0,0,0,0,0,0,0,0,0,0,0,0
TX001764,AC00464,-0.0661012479186314,-0.0800279763451261,-0.9305409439135346,-89.57145195373604,0.0,0.3743652330287984,2.3057486475967464,-6.313000496456668,0.36912623,0.4377602,0.3935275673866272,1,0,0,0,0,0,0,0,0,0,0,0,0,0
TX001765,AC00473,-0.0477127116991233,0.0498192642081796,-0.6256936329691136,-84.94864765412228,0.0,0.4596273064690749,3.0627475104509747,6.403085668244065,0.4440963,0.49310058,,0,1,0,1,0,0,0,0,0,1,0,0,0,0
TX001766,AC00486,-0.0586056038145218,-0.0613870297021532,-0.7007748263918163,-89.48750919154563,0.0,0.3694543262759425,2.9019853634468937,-3.734659111310889,0.49617296,0.5024221,,0,0,0,0,0,0,0,0,0,0,0,0,0,0
TX001767,AC00348,-0.0843026409499136,-0.2221757936460047,-2.955630193760615,-97.1151938664162,4.214684851089404e-08,0.2431758424602519,2.3120157015499867,-7.147907719182008,0.24271215,0.275191,0.3046734631061554,1,0,0,0,0,0,0,0,0,0,0,0,0,0
TX001768,AC00398,-0.0576401092134313,-0.236468820507754,-1.100423494226214,149.5544448964826,0.0,0.3277922847703821,2.4516308501701096,1.4053476872827046,0.14950974,0.14234342,0.6192541122436523,1,0,0,0,0,1,0,0,0,0,0,0,0,0
TX001769,AC00267,-0.1024532306857716,-0.2143727483253952,-3.4113278297331364,-99.21900190567791,0.0,0.2018924595419169,1.853152825817128,-14.23521276947935,0.2275001,0.27161622,0.16963215172290802,1,0,0,0,0,0,0,0,0,0,0,0,0,0
TX001770,AC00076,-0.0987063315608059,-0.1822988663375153,-2.413030487502291,-97.87710765368104,0.0,0.2524341455994632,2.079159055089539,-14.028056992008628,0.26977614,0.35163748,0.28656554222106934,1,0,0,0,0,0,0,0,0,0,0,0,0,0
TX001771,AC00022,-0.0017923377870731,-0.1063207219121809,0.0003036695807629,-74.36693661392377,0.0,0.375676750545577,2.589869677008569,-5.935441373551841,0.59215313,0.52601063,0.5060022473335266,1,1,0,0,1,0,0,0,0,0,1,0,0,0
TX001772,AC00181,-0.1089035756710719,-0.2210964084153386,-2.2843430303066574,-87.17914725366302,0.0,0.2036641060319171,1.8906221957573248,-7.225010308312875,0.25730506,0.2670447,0.268400639295578,1,0,0,0,0,0,0,0,0,0,0,0,0,0
TX001773,AC00071,-0.1012602045583125,-0.1916082890803794,-2.883411017899376,-82.82325217895801,0.0,0.3087414943192855,1.9194412099051044,-5.800166201494405,0.20001428,0.39736906,0.37596023082733154,1,0,0,0,0,0,0,0,0,0,0,0,0,0
TX001774,AC00369,-0.0486592022587522,-0.175904884899408,-3.1025352710858742,-91.37433447963105,0.0,0.2736581030673338,1.937720205403349,-4.475838212359131,0.23375686,0.22608334,0.2084430605173111,1,0,0,0,0,0,0,0,0,0,0,0,0,0
TX001775,AC00358,0.0153170753038869,-0.2148750025412173,-0.1706280653824041,33.501537726284695,2.542845793358783,0.4942582280124267,2.8712407066527503,9.4536428019376,0.30047184,0.31457698,2.3609468936920166,1,1,1,0,0,1,0,1,0,1,0,0,1,0
TX001776,AC00021,-0.0386620561350756,-0.1350242596829312,-2.860681110687511,-89.72714066605005,0.0,0.4001488256270554,2.471031096971305,0.5430510236060915,0.45572186,0.40800393,0.4568884074687958,1,0,0,0,0,0,0,0,0,0,0,0,0,0
TX001777,AC00156,-0.0883711785216654,-0.2103008090812614,-3.174553190967351,-98.076834430712,0.0,0.2206532575549618,1.9262444067981663,-12.885945881249835,0.2448105,0.26254842,0.25795307755470276,1,0,0,0,0,0,0,0,0,0,0,0,0,0
TX001778,AC00212,-0.1246785343802326,-0.2376626574208897,-3.194156780228829,-99.2503821279936,0.0,0.1332500174698797,1.5278741296351384,-8.366495979815587,0.22053795,0.26044405,0.18819540739059448,1,0,0,0,0,0,0,0,0,0,0,0,0,0
TX001779,AC00327,-0.1032027796351514,-0.2647178946952623,-2.309536687851284,52.64356853205992,1.1920928955078125e-07,0.0,1.3465646263012945,-13.469377200245557,0.07663905,0.07717737,0.10917589068412781,1,0,0,0,0,1,0,0,0,0,0,0,0,0
TX001780,AC00349,-0.0960486969642452,-0.2527111308108496,-4.83569262333057,-99.78381174672936,0.0,0.1451178368816472,1.786848788060032,-13.36156534287841,0.20422876,0.17311311,0.2774570882320404,1,0,0,0,0,0,0,0,0,0,0,0,0,0
TX001781,AC00183,-0.0993336785275765,-0.1982793231762221,-3.5117135365370684,-96.69655502164562,0.0,0.2517887729944102,2.064542183458659,-11.59646549523286,0.26822484,0.24584977,0.3813358545303345,1,0,0,0,0,0,0,0,0,0,0,0,0,0
TX001782,AC00478,-0.0536317558054136,-0.2083404260217141,-3.7103571100872665,-91.06394838556554,0.0,0.2954507239526199,2.1102497070219552,-1.0794029737170572,0.1735109,0.21239874,0.25351426005363464,1,0,0,0,0,0,0,0,0,0,0,0,0,0
TX001783,AC00398,-0.1327090324496844,-0.2338046083448928,-2.5607062209352813,-101.08325727969904,0.0,0.0625126089957667,1.5827324946631134,-9.564592659286104,0.2015245,0.25294793,5.664231777191162,1,0,0,0,0,0,0,0,0,0,0,0,1,0
TX001784,AC00380,-0.0733641530904969,-0.19041170955912,-3.6606062087297326,-91.01806751643754,0.0,0.3099557564392134,2.1365652935452566,-1.498022580073045,0.17724133,0.20421037,0.18141691386699677,1,0,0,0,0,0,0,0,0,0,0,0,0,0
TX001785,AC00030,-0.0871520755519669,-0.1726652665067771,-2.404564714177039,-97.78413102462342,0.0,0.2064813919982057,2.059319262827596,-12.68188769330933,0.3189604,0.306727,0.242755725979805,1,0,0,0,0,0,0,0,0,0,0,0,0,0
TX001786,AC00341,-0.1057885911192149,-0.2582899545145805,-4.264206304034595,-102.23307537291704,0.0,0.1443640454034835,1.822862663536404,-16.161852022511265,0.24117507,0.1642504,0.22572223842144012,1,0,0,0,0,0,0,0,0,0,0,0,0,0
TX001787,AC00162,-0.0520774986646766,-0.1284846092209173,-0.8853537343030284,-91.6849839449098,0.0,0.3576585801499845,2.4149328199971647,-3.76556781648962,0.38787356,0.46186426,,0,0,0,0,0,0,0,0,0,0,0,0,0,0
TX001788,AC00319,-0.1231511423763779,-0.2426600439456036,-3.5107932948196305,-100.81877473497754,0.0,0.1052185785723645,1.9151776545053727,-2.733158971983197,0.13114253,0.18678665,0.2297331541776657,1,0,0,0,0,0,0,0,0,0,0,0,0,0
TX001789,AC00338,-0.0048571756847537,-0.0769948901360817,-1.3614522996516554,-69.76886754452316,0.0,0.4208610084067209,2.7045417272201835,-0.4313257810341398,0.38361853,0.4039816,0.38032066822052,1,0,0,0,0,0,0,0,0,0,0,0,0,0
TX001790,AC00374,-0.01469670762517,-0.1497643927112044,-0.4290946105706892,-55.29232291691497,0.0,0.4720115980870411,3.009480433044367,-10.033714035129904,0.46663392,0.4550562,0.4404980540275574,1,0,0,0,0,0,0,1,0,0,0,0,0,0
TX001791,AC00451,-0.0727672947078969,-0.2348227324737917,-3.3134552945627087,-97.83527968669256,0.0,0.2603683898578989,2.01513286049225,-13.167868610393484,0.21946841,0.4407548,0.3468545377254486,1,0,0,0,0,0,0,0,0,0,0,0,0,0
TX001792,AC00005,-0.0707589158663325,-0.2234464361698303,-1.509069375475257,-10.194852928134296,0.0,0.3978527956076677,1.91578192915856,-13.24068653090736,0.13498397,0.15677243,1.2034227848052979,1,0,0,0,0,0,0,0,0,0,0,0,0,0
TX001793,AC00263,-0.1003745710517501,-0.2313640789182087,-3.1674234830249626,-101.28048057722005,4.214684851089404e-08,0.1848895030196858,2.007632781198059,-14.318460297643377,0.19622087,0.2423705,0.23794902861118317,1,0,0,0,0,0,0,0,0,0,0,0,0,0
TX001794,AC00432,-0.077977744692691,-0.2031635525239246,-2.3158752375177807,-95.60845484788167,0.0,0.1867420538212,1.8005933043560105,-6.573108923913647,0.3091115,0.303888,0.3591059446334839,1,0,0,0,0,0,0,0,0,0,0,0,0,0
TX001795,AC00274,-0.0820899952982586,-0.2516616032907671,-3.972002717251161,-101.42803902480512,0.0,0.1685566051057366,1.9416822460328709,-14.419523452530976,0.14470704,0.2039827,0.17844271659851074,1,0,0,0,0,0,0,0,0,0,0,0,0,0
TX001796,AC00103,-0.0288571658561832,-0.0609413660553637,-0.6169029299302808,-80.71399837726858,0.0,0.4129120997529834,2.7665671496023565,1.328485824180747,0.40498957,0.44840193,0.4189682602882385,1,0,0,0,0,0,0,0,0,0,0,0,0,0
TX001797,AC00146,-0.0147267165778922,-0.0554261912402467,0.0004238931615159,-65.98930589638942,0.0,0.4007836567495374,2.920825403739154,4.179650219984544,0.51131064,0.5486132,,0,0,0,0,1,0,0,0,0,1,0,0,0,0
TX001798,AC00359,-0.1320792114297088,-0.2280377778059341,-5.192464808036216,-88.74516055812512,0.0,0.2312107375166257,1.913203360125252,-3.849554831549287,0.097501546,0.09468928,0.11058586090803146,1,0,0,0,0,0,0,0,0,0,0,0,0,0
TX001799,AC00164,-0.1156213700100914,-0.2626448880467605,-4.636671435758204,-95.92784299119477,2.9802322387695312e-08,0.165409309859064,1.5944361398910465,-7.609736436205545,0.11390102,0.12391105,0.4377176761627197,1,0,0,0,0,0,0,0,0,0,0,0,0,0
TX001800,AC00079,-0.0562469634000333,-0.2118496723559917,-3.4849704458086643,-93.81273910982844,0.0,0.0989445241674432,1.5116371080792337,-7.799719653177222,0.20289454,0.18943016,0.1722632199525833,1,0,0,0,0,0,0,0,0,0,0,0,0,0
TX001801,AC00209,-0.0954033962915906,-0.270546998269344,-3.215399891557408,-101.92065316792475,0.0,0.0,1.1540384773630017,-15.31621168509999,0.19767687,0.18325531,0.18604370951652527,1,0,0,0,0,0,0,0,0,0,0,0,0,0
TX001802,AC00018,-0.0026460651615946,-0.2418963992826307,0.0226665462651354,33.8980679767062,2.091518926728801,0.5539152875635643,2.928262192347592,9.990499175789685,0.2791919,0.34126276,2.4703335762023926,1,0,0,0,1,1,0,1,0,1,0,0,1,0
TX001803,AC00401,-0.0355284436809345,-0.1927505035206544,-2.2679145439740305,-95.6676361240078,0.0,0.2206532575549618,2.0582336475277443,-11.772334158365586,0.28973186,0.3384321,0.36069032549858093,1,0,0,0,0,0,0,0,0,0,0,0,0,0
TX001804,AC00179,-0.1278785599863282,-0.208620287024086,-2.6760591089319705,-96.64357286523727,0.0,0.2371037738016856,2.2786761722382285,-7.750303246665526,0.26002562,0.31957367,0.3174837827682495,1,0,0,0,0,0,0,0,0,0,0,0,0,0
TX001805,AC00274,-0.0483482088032881,-0.1121852537224266,-1.4843642003786384,-91.205277651297,0.0,0.3415784767830329,2.5310576976396826,-10.320421477604892,0.38814682,0.38106838,0.3867429196834564,1,0,0,0,0,0,0,0,0,0,0,0,0,0
TX001806,AC00354,-0.0684424006900084,-0.2122713167166474,-3.434809575405679,-98.37695152417156,4.214684851089404e-08,0.170663692032092,2.118376514278956,-11.037405875854406,0.29246414,0.2912328,0.3470652997493744,1,0,0,0,0,0,0,0,0,0,0,0,0,0
TX001807,AC00025,-0.0177169198177766,-0.1171994908431381,-1.0985492624715745,-92.1665757926323,0.0,0.3124690299040025,2.3949499117563717,-10.004819183922276,0.3734779,0.4448646,,0,0,0,0,0,0,0,0,0,0,0,0,0,0
TX001808,AC00493,-0.0749227421692762,-0.1624319673580572,-1.2975587959219537,-83.41311682945924,0.0,0.3978902170608634,2.7907077299723912,-11.90204147977668,0.48717192,0.43736663,0.6539877653121948,1,0,0,0,0,0,0,0,0,0,0,0,0,0
TX001809,AC00339,-0.0530651209280234,-0.0518828228634291,-0.4282968799743036,-89.16773700418427,0.0,0.4259803418361182,2.7655016441812155,-3.0410586183960078,0.3830625,0.8411737,0.7198956608772278,1,0,0,0,0,0,0,0,0,0,0,1,0,0
TX001810,AC00454,-0.0153928034687232,-0.0549473150335169,-0.3085000156439372,-88.09478114235803,0.0,0.4440330337057038,3.2509460485544417,-7.997232143060136,0.56617814,0.53024656,0.7858657836914062,1,1,0,0,0,0,0,0,1,0,1,0,0,0
TX001811,AC00152,-0.1000606296062608,-0.1937413768579154,-2.476421265090475,-99.79998396945469,0.0,0.1829907142712511,1.864418765078921,-12.282108412860806,0.24047992,0.29517943,0.31520703434944153,1,0,0,0,0,0,0,0,0,0,0,0,0,0
TX001812,AC00314,-0.1094279914501143,-0.2449710889646906,-3.713120112538898,-94.77496413247412,0.0,0.1830709437888528,1.6618937989067588,-7.785382969249734,0.14657536,0.18320969,0.171613872051239,1,0,0,0,0,0,0,0,0,0,0,0,0,0
TX001813,AC00054,-0.063964563267136,-0.1932323658595873,-1.5694804274334304,-93.57683948709372,0.0,0.3430418274354835,2.1109471615465,-5.627130722351048,0.21580368,0.43766212,0.39643919467926025,1,0,0,0,0,0,0,0,0,0,0,0,0,0
TX001814,AC00036,-0.0732140077592026,-0.2021611200603328,-2.6644791981050693,-97.13107064519124,0.0,0.2010571076258994,1.984096410871008,-12.450881339370556,0.15849102,0.39972338,0.4152417778968811,1,0,0,0,0,0,0,0,0,0,0,0,0,0
TX001815,AC00397,-0.0624479181657016,-0.1827371820205285,-2.2849321947437504,-95.01661573322605,0.0,0.2853350039494847,1.9625378697978288,-5.696018733283441,0.2973176,0.34870422,0.3432430326938629,1,0,0,0,0,0,0,0,0,0,0,0,0,0
TX001816,AC00355,-0.0926060018695295,-0.2125034784329322,-2.0245701580075552,-96.56136836345163,0.0,0.2040788713657492,2.0585520633252283,-5.83927733256874,0.2658888,0.30809987,0.2951616942882538,1,0,0,0,0,0,0,0,0,0,0,0,0,0
TX001817,AC00188,-0.1242892485668924,-0.2355095051978817,-3.052792313279281,-99.11702276166744,0.0,0.1459946918022203,1.8488778662843903,-8.677174682224495,0.17701481,0.22743654,0.17604409158229828,1,0,0,0,0,0,0,0,0,0,0,0,0,0
TX001818,AC00222,-0.0145942395682152,0.0260676331155145,-0.258813101363482,-54.326084743011066,2.4364315791126225,0.512059437541406,3.324743163916694,4.647896843018409,0.7122483,0.7399356,1.1659283638000488,1,2,0,1,0,0,0,1,1,1,1,1,0,1
TX001819,AC00094,-0.0758073808990594,-0.1435712640198343,-1.4514628380360677,-93.16141866276882,5.960464477539064e-08,0.3224883370147696,2.5023632618932194,-5.16080429033913,0.34201255,0.42763713,0.41339075565338135,1,0,0,0,0,0,0,0,0,0,0,0,0,0
TX001820,AC00004,-0.0623585687673143,-0.0302023275925527,-1.276684673957578,-88.32190160727737,0.0,0.467358455871105,3.160356509451303,-8.977681735312146,0.5612532,0.5213916,0.7425888776779175,1,1,0,0,0,0,0,1,0,0,1,0,0,0
TX001821,AC00021,-0.0732682662331688,-0.1940936525508332,-2.125641620850641,-98.26976530579488,4.214684851089404e-08,0.2410598962682305,2.199663560230652,-12.286357633669802,0.27903998,0.33895323,1.0696107149124146,1,0,0,0,0,0,0,0,0,0,0,0,0,0
TX001822,AC00102,-0.087100229600556,-0.1862822908909074,-1.8242702679687823,-94.76118847540492,0.0,0.3102854687295653,1.8362312531000724,-5.723758792726641,0.38477325,0.45427662,0.4957672655582428,1,0,0,0,0,0,0,0,0,0,0,0,0,0
TX001823,AC00367,-0.0979834476455,-0.2180981082962372,-3.3440167366975926,-100.24661861291098,0.0,0.1377568689522108,1.73932180654262,-16.33928058950252,0.20355709,0.2494439,0.2589259147644043,1,0,0,0,0,0,0,0,0,0,0,0,0,0
TX001824,AC00137,-0.0455570229164045,-0.1245074436230404,-3.7397546517325968e-06,-90.91403788641118,0.0,0.3311875172356017,2.49407726199289,-11.654694122495105,0.49557412,0.5332539,0.5315356254577637,1,0,0,0,0,0,0,0,0,0,0,0,0,0
TX001825,AC00289,-0.0832302806311107,-0.1836570908220223,-1.9392329012588183,-96.7223322652506,0.0,0.2957066649661087,2.2462127291600997,-7.280005232747697,0.2943767,0.29304016,0.274813711643219,1,0,0,0,0,0,0,0,0,0,0,0,0,0
TX001826,AC00458,-0.0498378286073418,-0.1924377087557356,-1.649099364125708,-95.19213549478869,5.960464477539064e-08,0.2596463740576077,2.272464943311963,-12.991694317731303,0.40900257,0.42541137,0.41319552063941956,1,0,0,0,0,0,0,0,0,0,0,0,0,0
TX001827,AC00493,-0.0915818028956314,-0.2149483538976302,-1.3133597605985932,-96.65584802832949,0.0,0.1928315845615009,2.1003186368423306,-7.31225935775391,0.26921448,0.31597915,0.36671754717826843,1,0,0,0,0,0,0,0,0,0,0,0,0,0
TX001828,AC00059,-0.1238540091908273,-0.2717499765133165,-3.392053569959665,-103.35906922093396,0.0,0.1437092451053778,1.3232488671764284,-15.595782505147444,0.17355645,0.14988787,0.2117728590965271,1,0,0,0,0,0,0,0,0,0,0,0,0,0
TX001829,AC00281,-0.080007635051336,-0.1078530292362536,-0.5628373322327027,-91.05404479263868,0.0,0.3552058095483887,2.5416606704024143,-4.97496179643103,0.37082025,0.472548,0.4612468481063843,1,0,0,0,0,0,0,0,0,0,0,0,0,0
TX001830,AC00020,-0.1047325677524368,-0.2284447200763961,-3.4291446113483817,-99.7851576699842,0.0,0.1458463170851694,1.919460211651124,-8.540723110542633,0.1915338,0.19203812,0.16637465357780457,1,0,0,0,0,0,0,0,0,0,0,0,0,0
TX001831,AC00396,-0.1074349287513011,-0.25400465682945,-3.944302379755984,-101.36770146830834,2.9802322387695312e-08,0.1873297206948206,1.8148055252656967,-8.51792808174701,0.14308043,0.17823867,0.14009270071983337,1,0,0,0,0,0,0,0,0,0,0,0,0,0
TX001832,AC00402,-0.089410814560661,-0.242827268290386,-2.8186870130076533,-97.3503151826349,0.0,0.1230398041664411,1.9702911854235483,-7.746524111762586,0.19022146,0.2147416,0.1917828470468521,1,0,0,0,0,0,0,0,0,0,0,0,0,0
TX001833,AC00385,-0.0555503108469899,-0.1898245811105028,-3.4967604653074984,-94.97607123593944,0.0,0.2036925944660646,1.8143362449368288,-0.053821569596734,0.18762836,0.19085993,0.7917386293411255,1,0,0,0,0,0,0,0,0,0,0,0,0,0
TX001834,AC00167,-0.091629043994724,-0.2116009752026666,-3.934964204735844,-99.22145201546164,4.214684851089404e-08,0.2973865257563745,2.057018019347365,-15.71141760327312,0.23748201,0.29665613,0.29767927527427673,1,0,0,0,0,0,0,0,0,0,0,0,0,0
TX001835,AC00349,-0.0551182842488879,-0.1523296943360905,-0.8410643722260938,-63.37707392548186,0.0,0.3145985136757228,2.213429626061735,-3.3412549843783834,0.501879,0.46955353,0.4472583532333374,1,0,0,0,0,0,0,0,0,0,0,0,0,0
TX001836,AC00153,-0.1113051196838278,-0.2801013722907632,-4.1758741370203465,-103.12633762375448,0.0,2.193325851495253e-05,1.3705182324270586,-15.136686382564651,0.1311586,0.14208242,0.192971870303154,1,0,0,0,0,0,0,0,0,0,0,0,0,0
TX001837,AC00197,-0.1093780082723738,-0.2173431776833223,-3.1850817943587986,-95.3445203925937,0.0,0.2248350425822511,1.7624029766180576,-7.296083088296532,0.14382108,0.35769022,0.3413730263710022,1,0,0,0,0,0,0,0,0,0,0,0,0,0
TX001838,AC00219,-0.0933162037987728,-0.1779658918327555,-1.9210437886306044,-96.90478668112716,0.0,0.2810041487638459,2.327027972310134,-8.06093803521167,0.26486266,0.3338193,0.23200321197509766,1,0,0,0,0,0,0,0,0,0,0,0,0,0
TX001839,AC00255,-0.0724569218205244,-0.2348630568441254,-3.6398762934358695,-95.7060020318131,0.0,0.2611604233565044,1.7693732875319743,-6.910925108463947,0.19476111,0.23331918,0.13644351065158844,1,0,0,0,0,0,0,0,0,0,0,0,0,0
TX001840,AC00035,-0.040376795489719,-0.0981273999842915,-0.1962232461048429,-84.98027636726404,0.0,0.4190299202856848,2.564937451562721,-3.1985423243499587,0.40515736,0.57296914,0.4822434186935425,1,0,0,0,0,0,0,0,0,0,0,0,0,0
TX001841,AC00003,-0.1151425094612704,-0.2332236706706705,-2.322448080873865,-96.24249408903523,0.0,0.1638072173710996,2.102187787030502,-7.293992174663424,0.19467203,0.25895754,0.26194480061531067,1,0,0,0,0,0,0,0,0,0,0,0,0,0
TX001842,AC00136,-0.0762125569834322,-0.257932921857264,-0.8155409773211106,9.877927654500953,0.0,0.0,1.683588793922031,-13.020749827487274,0.1491305,0.33165944,1.2162363529205322,1,0,0,0,0,1,0,0,0,0,0,0,0,0
TX001843,AC00337,-0.0400641714766201,-0.1183594554683529,-2.5210683222055588,-71.77435838655981,0.0,0.3309021168408715,2.464320583231647,0.0121866475796581,0.27679327,0.32434198,0.24546357989311218,1,0,0,0,0,0,0,0,0,0,0,0,0,0
TX001844,AC00265,-0.0891557003157331,-0.2036891859151972,-1.7236624421343576,-94.22111069760678,4.214684851089404e-08,0.2445802153914994,2.247380980033976,-6.134262906570332,0.26684195,0.38344064,0.45169511437416077,1,0,0,0,0,0,0,0,0,0,0,0,0,0
TX001845,AC00356,-0.0377853486268882,-0.1332853021130058,-1.866934422114272,-90.51255137881506,0.0,0.2835153764105936,2.6866694003701266,-10.528186608188172,0.35848558,0.39527637,0.4154391884803772,1,0,0,0,0,0,0,0,0,0,0,0,0,0
TX001846,AC00305,-0.0897733046346593,-0.2174529578320307,-3.170773815622245,-99.8537715333655,0.0,0.2328932664388338,2.0349531205458127,-12.9199983502802,0.2938555,0.256898,0.2745242714881897,1,0,0,0,0,0,0,0,0,0,0,0,0,0
TX001847,AC00300,-0.1261664785973536,-0.2322264779173048,-3.396887698681753,-101.16718512568907,0.0,0.1566546053608064,2.012471448147068,-9.054666233886852,0.16928495,0.18216234,0.19930022954940796,1,0,0,0,0,0,0,0,0,0,0,0,0,0
TX001848,AC00301,-0.0637970090432972,-0.2022764852160588,-2.7512386729293548,-95.65601689396227,4.214684851089404e-08,0.2372783340912007,2.0039640435468384,-11.618564305920076,0.25548863,0.3171477,0.39974671602249146,1,0,0,0,0,0,0,0,0,0,0,0,0,0
TX001849,AC00154,-0.1360919542208437,-0.2244491742546659,-4.1192347687018485,-89.57890255319155,0.0,0.2283097380045036,2.004673625356157,-4.303147088527552,0.10383824,0.15635116,0.10521411150693893,1,0,0,0,0,0,0,0,0,0,0,0,0,0
TX001850,AC00201,-0.0828545594374231,-0.2052896080294413,-3.0203052155514856,-96.29686271675806,0.0,0.2620563942226052,2.209866246948669,-6.862829763644637,0.20727535,0.3145562,0.31031182408332825,1,0,0,0,0,0,0,0,0,0,0,0,0,0
TX001851,AC00004,-0.0728598611724547,-0.2035564369897586,-3.316533749779107,-96.22743412227696,0.0,0.1668009959861998,2.1137128940660563,-6.740142103694036,0.2486377,0.27721825,0.23272770643234253,1,0,0,0,0,0,0,0,0,0,0,0,0,0
TX001852,AC00237,-0.0996400395351692,-0.0356093927760252,-2.901782307147694,-91.36236499814268,0.0,0.3833121290735476,2.351027429639333,-2.176035324979373,0.13737486,0.299806,0.3067900538444519,1,0,0,0,0,0,0,0,0,0,0,0,0,0
TX001853,AC00304,-0.0721178277631393,-0.2043171335293734,-2.7783368021659074,-96.87797987611071,0.0,0.2578356548880967,2.327455643931681,-12.396067843477946,0.2698673,0.3273831,0.181466743350029,1,0,0,0,0,0,0,0,0,0,0,0,0,0
TX001854,AC00086,-0.0688081647803697,-0.1854042656186931,-2.682278226760596,-93.3169027625362,0.0,0.3153846299914135,1.9768394909790696,-5.17187035113226,0.33084604,0.31856218,0.38937076926231384,1,0,0,0,0,0,0,0,0,0,0,0,0,0
TX001855,AC00483,-0.0759827966557308,-0.1092491582693939,-0.3356023164049224,-89.79219961613593,5.960464477539064e-08,0.3862125947941123,2.841822250943509,-4.459796219856631,0.38952467,0.5558658,0.679290235042572,1,0,0,0,0,0,0,0,0,0,0,0,0,0
TX001856,AC00288,-0.0694183615190698,-0.1156894933358068,-1.7892576029653062,-89.39530685789819,0.0,0.363220030270293,2.5000791913894,-4.908620879157688,0.29378593,0.4311656,0.44039878249168396,1,0,0,0,0,0,0,0,0,0,0,0,0,0
TX001857,AC00134,-0.0676739843798405,-0.1280855905885491,-0.5079107908011711,-94.01803377217983,0.0,0.2749980652627328,2.446321371628151,-5.4345433121573965,0.3574995,0.46950442,,0,0,0,0,0,0,0,0,0,0,0,0,0,0
TX001858,AC00130,-0.0060995601071139,-0.2471368457587313,-0.7848047292949838,104.28766485775246,1.6858739404357617e-07,0.3906774419259795,2.4579943958429413,-11.71288702681798,0.16730343,0.21289736,0.28258198499679565,1,0,0,0,0,1,0,0,0,0,0,0,0,0
TX001859,AC00393,-0.088944181982232,-0.2487922573693083,-2.544596459737643,-100.23462109146674,0.0,0.1421882042778624,1.6806277575545592,-14.666637901907102,0.2655365,0.23657958,0.23954221606254578,1,0,0,0,0,0,0,0,0,0,0,0,0,0
TX001860,AC00029,-0.0817407768109919,-0.1842909679888664,-1.4342961870172184,-94.75187676303868,5.960464477539064e-08,0.3340334174663146,2.420863217292649,-10.985491331375814,0.41057208,0.38321933,1.2380471229553223,1,0,0,0,0,0,0,0,0,0,0,0,0,0
TX001861,AC00228,-0.0427263471660984,-0.148791858447612,-0.9637434634026638,-64.7017964497228,2.28646722953418,0.525233256794528,3.0583654149121866,9.788124832859502,0.33896744,0.34095395,0.7909901142120361,1,0,0,0,0,0,0,1,0,1,0,0,0,0
TX001862,AC00131,-0.0386691887837987,-0.1662598624641795,-1.6747875558257794,-93.72725754124792,0.0,0.3375023138793762,2.5197778247145792,-5.017746710004482,0.3503455,0.36229,0.4612685441970825,1,0,0,0,0,0,0,0,0,0,0,0,0,0
TX001863,AC00233,-0.0710737769501028,-0.1924039678954898,-2.148531800927869,-93.91416257521549,0.0,0.2580826322914112,2.3988525516152,-13.202732971652337,0.3761227,0.4231599,0.4417022466659546,1,0,0,0,0,0,0,0,0,0,0,0,0,0
TX001864,AC00017,-0.1239928084232075,-0.2231398170630467,-2.6046403473807915,-98.73164876866214,0.0,0.1413556790412583,2.0030224333522684,-8.429470860591195,0.19741136,0.27295688,0.30433154106140137,1,0,0,0,0,0,0,0,0,0,0,0,0,0
TX001865,AC00071,-0.0836706649248031,-0.1982275697428088,-1.8543064769710356,-97.28456319249494,0.0,0.2064813919982057,2.1286915394292056,-13.231534004749268,0.2996805,0.3459713,0.34477221965789795,1,0,0,0,0,0,0,0,0,0,0,0,0,0
TX001866,AC00128,-0.0903695864774228,-0.1207349620310735,-2.484401998805485,-95.10209496960763,0.0,0.2328445857566876,2.2090328830637174,-9.727735415263398,0.40571213,0.40852696,0.4467589557170868,1,0,0,0,0,0,0,0,0,0,0,0,0,0
TX001867,AC00073,-0.0984209651798437,-0.2071140776066076,-1.8826781678419264,-94.02368208805784,0.0,0.2173034191602932,1.9285277695891707,-7.218791371346543,0.29331705,0.3406564,0.32284924387931824,1,0,0,0,0,0,0,0,0,0,0,0,0,0
TX001868,AC00353,-0.0742407789931856,-0.157564592469132,-1.9715021567566435,-87.1070244829826,0.0,0.3576935653827036,2.158775834278704,-5.090101299249449,0.33975074,0.34783077,0.3548561930656433,1,0,0,0,0,0,0,0,0,0,0,0,0,0
TX001869,AC00209,-0.0390442816159442,-0.104549213462209,-1.8701117836011931,-86.0671648401893,0.0,0.4171827042778777,2.582470355067375,-7.25720003711806,0.5586323,0.5894714,0.5306866765022278,1,1,0,0,0,0,0,0,0,0,1,0,0,0
TX001870,AC00396,-0.1021107808468443,-0.2425300599245339,-3.3424193920564944,-101.43661743113796,0.0,0.097367295670854,1.6363722729729473,-14.817930828378683,0.19214828,0.2097734,0.17921540141105652,1,0,0,0,0,0,0,0,0,0,0,0,0,0
TX001871,AC00439,-0.0708930320525759,-0.2070752491966294,-0.9890938919882551,-95.90684985593556,4.214684851089404e-08,0.2281253962057,2.243394107555376,-5.495167934547584,0.31253353,0.42361215,0.3899422287940979,1,0,0,0,0,0,0,0,0,0,0,0,0,0
TX001872,AC00063,-0.1287478774957699,-0.2349213305156501,-3.3384927432660847,-99.15756152441595,2.9802322387695312e-08,0.1738583556820687,1.7557130659356426,-8.708455607600511,0.20722407,0.19937775,0.12786458432674408,1,0,0,0,0,0,0,0,0,0,0,0,0,0
TX001873,AC00203,-0.0932133246863448,-0.2490019455091259,-2.961412250296587,-82.33125535131732,0.0,0.2597727083341746,1.676919170968796,-14.037610656703125,0.14389122,0.19629976,0.24245834350585938,1,0,0,0,0,0,0,0,0,0,0,0,0,0
TX001874,AC00394,-0.0970064165926712,-0.2069775560200188,-2.961009722163696,-92.8031070818659,0.0,0.248725063506146,2.1057170027306245,-7.120791515358295,0.21357696,0.23621117,0.2305622696876526,1,0,0,0,0,0,0,0,0,0,0,0,0,0
TX001875,AC00258,-0.0281577938388964,-0.1652282902576611,-0.8132004639625432,-89.75776377013736,0.0,0.3611602294785521,2.346516044468209,-8.313577912950205,0.45220578,0.54478484,0.5375962257385254,1,0,0,0,0,0,0,0,0,0,0,0,0,0
TX001876,AC00144,-0.1044127278372132,-0.2568112943900522,-3.1154652015976465,-100.37799954164495,0.0,0.0322473162053929,1.694745078650176,-9.339932524226713,0.18381627,0.19668196,0.18238531053066254,1,0,0,0,0,0,0,0,0,0,0,0,0,0
TX001877,AC00169,0.0047475970768823,-0.2246883684923601,0.0939269396227056,-23.644877886458417,1.8871751146731923,0.5377956008426106,2.7049738562640635,8.03786495225211,0.36594322,0.3960775,,0,1,1,0,1,0,0,1,0,1,0,0,0,0
TX001878,AC00285,-0.1104443937777539,-0.2509704770663581,-2.969584157964216,-100.37736516621354,0.0,0.1245324132824808,1.6434919681866629,-13.534573447398532,0.16466683,0.23240691,0.2353212535381317,1,0,0,0,0,0,0,0,0,0,0,0,0,0
TX001879,AC00047,-0.0604007294905092,-0.1544933948047082,-1.9248442586777736,-97.0395304783967,0.0,0.2063973136459475,1.9432707821910835,-11.596379180439667,0.2862244,0.35301864,0.3403562605381012,1,0,0,0,0,0,0,0,0,0,0,0,0,0
TX001880,AC00460,-0.0219535131113504,-0.0008377638574419,0.265273130943215,-71.01728097603433,0.0,0.4428531454736326,3.611809988998658,1.421296738918041,0.63470215,0.79703546,0.6087833642959595,1,1,0,0,1,0,0,0,1,0,1,1,0,0
TX001881,AC00073,-0.0710819086938749,-0.2053773344252898,-0.5634022593755441,-92.08332450531792,0.0,0.2491987265342961,2.394989296524498,-5.165208598184341,0.34703955,0.36124718,0.40611955523490906,1,0,0,0,0,0,0,0,0,0,0,0,0,0
TX001882,AC00253,-0.1122729268467367,-0.1766405653205964,-2.833763419613688,-80.89336329355555,0.0,0.269304977300258,2.1936349080559743,-4.23042531052773,0.17242095,0.27241987,0.3526992201805115,1,0,0,0,0,0,0,0,0,0,0,0,0,0
TX001883,AC00320,-0.1157221556844665,-0.175130515418425,-3.667684215930943,-81.37904548012528,0.0,0.2826849939148285,2.076987726677671,-3.693446485766783,0.12960131,0.21032341,0.17763516306877136,1,0,0,0,0,0,0,0,0,0,0,0,0,0
TX001884,AC00462,-0.074195011611807,-0.2122878363986682,-2.015635214044172,-92.9762511930901,0.0,0.2842683318404538,1.5130809661260352,-5.330526097672063,0.3478801,0.37340644,0.36072617769241333,1,0,0,0,0,0,0,0,0,0,0,0,0,0
TX001885,AC00071,0.0124281312728106,-0.2329362245981705,0.0001217817680529,27.3369771287431,2.486633467363029,0.5029847780510875,2.767162099017098,0.7664451321275241,0.24093053,0.365839,2.371509075164795,1,1,1,0,1,1,0,1,0,0,0,0,1,0
TX001886,AC00363,-0.0384197346896828,-0.0150289619006314,-0.0485253971862835,-85.26248983286355,0.0,0.4583178710530286,2.923136211730223,-1.6225980307318042,0.46982118,0.66873574,2.4489517211914062,1,0,0,0,0,0,0,0,0,0,0,1,1,0
TX001887,AC00448,-0.1067949933457381,-0.2101792751347639,-2.0611055942159107,-95.8038480215127,0.0,0.2032535544582752,2.2214019843226933,-8.086774284698345,0.23448059,0.2875108,0.2755672335624695,1,0,0,0,0,0,0,0,0,0,0,0,0,0
TX001888,AC00206,0.0323389700196059,-0.0690565324569405,1.267914840796342,-14.919468355908007,3.033007791009543,0.6107014032994744,3.7395919736022174,12.693325414735426,0.47532293,0.7373344,,0,1,1,0,1,0,1,1,1,1,0,1,0,0
TX001889,AC00181,-0.0937041077019261,-0.2134517181842707,-2.9436223963291743,-96.2487548480583,5.960464477539064e-08,0.1467411808448769,1.6897230756582435,-8.164321928780396,0.22241513,0.2623254,0.2499622255563736,1,0,0,0,0,0,0,0,0,0,0,0,0,0
TX001890,AC00213,-0.0975463418583584,-0.2292265930430874,-3.3483849986066074,-96.01058760448984,2.9802322387695312e-08,0.1975415798154642,1.9882572346437049,-5.958457538659308,0.2287603,0.19679075,0.32717040181159973,1,0,0,0,0,0,0,0,0,0,0,0,0,0
TX001891,AC00470,-0.082820228623468,-0.2282499354802623,-2.253894355807865,-61.0367651542987,0.0,0.3223387808194908,2.319673349665185,-12.549702556714578,0.14856967,0.17418242,0.1420956254005432,1,0,0,0,0,0,0,0,0,0,0,0,0,0
TX001892,AC00451,-0.059184260968141,-0.2203796746468704,-3.5384716733669697,-96.1197212093462,0.0,0.1210584690219534,1.9587081160286608,-5.624892896744512,0.2699256,0.3179618,0.25563696026802063,1,0,0,0,0,0,0,0,0,0,0,0,0,0
TX001893,AC00192,-0.0936368000064645,-0.2055732434013868,-0.666712606808213,-95.50960909805715,0.0,0.2538000994616425,2.174279276736581,-6.398173799440871,0.3481423,0.37045157,0.40507978200912476,1,0,0,0,0,0,0,0,0,0,0,0,0,0
TX001894,AC00378,-0.0372929989737113,-0.1758087540598769,-1.8538225706205909,-92.32461615291474,0.0,0.2984503313797686,2.2702921497962643,-2.662818659269246,0.41660827,0.4435156,0.4083712100982666,1,0,0,0,0,0,0,0,0,0,0,0,0,0
TX001895,AC00143,-0.0773573706681193,-0.2357596169122784,-2.2637513680603023,-97.26111584078222,0.0,0.1785791879900882,1.833535626262818,-6.814113857637045,0.23396103,0.27026957,0.2491198182106018,1,0,0,0,0,0,0,0,0,0,0,0,0,0
TX001896,AC00499,-0.0849581367410876,-0.2507310014814548,-2.938164038774405,-99.77005117015418,0.0,0.0675473494689443,1.544370107758412,-14.83342060144514,0.26059484,0.2779855,0.2892788350582123,1,0,0,0,0,0,0,0,0,0,0,0,0,0
TX001897,AC00168,-0.0666412002565607,-0.1407302482574921,-2.018451092453078,-93.80534440641443,0.0,0.2784497973974451,2.4675093516928284,-5.5415839373013,0.29355368,0.32368904,,0,0,0,0,0,0,0,0,0,0,0,0,0,0
TX001898,AC00085,-0.0943765014755151,-0.191329304672654,-1.2284903970881222,-82.86290073037554,8.429369702178808e-08,0.3621608569843603,2.466040297406513,-11.552379638174289,0.2988431,0.33036387,0.3826121687889099,1,0,0,0,0,0,0,0,0,0,0,0,0,0
TX001899,AC00144,-0.1085282525524381,-0.2547185412581498,-4.103274968129552,-103.05957592323132,0.0,0.0,1.3630065262652795,-15.275403375064275,0.1491735,0.15983342,0.3492969274520874,1,0,0,0,0,0,0,0,0,0,0,0,0,0
TX001900,AC00185,-0.0501648290044814,-0.1432110741293695,-1.825271393763196,-95.4689485468907,5.960464477539064e-08,0.3402505098344191,2.5724653642659896,-0.1615006672430044,0.26897752,0.372692,0.37196633219718933,1,0,0,0,0,0,0,0,0,0,0,0,0,0
TX001901,AC00338,-0.0812481351103087,-0.2364670826088599,-2.317772215714755,-99.3299013503511,4.214684851089404e-08,0.0689656491557048,1.7826477297003347,-15.820935977720817,0.26359603,0.35741132,0.36082717776298523,1,0,0,0,0,0,0,0,0,0,0,0,0,0
TX001902,AC00384,-0.0763213965035053,-0.2273160152506279,-2.0030821600208237,-98.33795773674927,4.214684851089404e-08,0.1872583654147381,1.8650062220207104,-12.980499399137868,0.21840848,0.36400324,0.4226028621196747,1,0,0,0,0,0,0,0,0,0,0,0,0,0
TX001903,AC00336,0.0723270868010219,0.0966617239250107,1.6507796260639909,-17.672259606265953,2.6120713576042878,0.5845862315515813,3.818403261940985,23.16795991830413,0.58883417,0.61891055,0.6099368333816528,1,3,1,1,1,0,0,1,1,1,1,0,0,1
TX001904,AC00003,-0.0752395686800767,-0.2275411473804269,-1.6936480093509385,-95.93824315918351,0.0,0.1772546075668503,2.0923111988158487,-12.03239394255621,0.27960333,0.29116005,0.2808033227920532,1,0,0,0,0,0,0,0,0,0,0,0,0,0
TX001905,AC00378,-0.0906629209718152,-0.2598944124286644,-3.0422574590346203,-101.64302586904029,0.0,0.1156192320256475,1.554647708568321,-14.7581438762657,0.1851329,0.23175944,0.23391883075237274,1,0,0,0,0,0,0,0,0,0,0,0,0,0
TX001906,AC00217,-0.116048653215996,-0.2384830875370795,-3.1465907619145588,-100.64781718198266,0.0,0.2199210779581544,1.630341405005559,-9.053741290448755,0.1629796,0.20655261,0.21901051700115204,1,0,0,0,0,0,0,0,0,0,0,0,0,0
TX001907,AC00280,-0.075051348074201,-0.147218748800729,-1.9725195405768288,-93.83942284539124,0.0,0.3398246543429878,2.5304648235622365,-12.980639299352832,0.31630513,0.53840137,0.5285910367965698,1,0,0,0,0,0,0,0,0,0,0,0,0,0
TX001908,AC00184,-0.1076021750934297,-0.2486603104393765,-3.778335023424297,-97.55512140407136,0.0,0.096114535614184,1.6917309363611273,-8.101883298131405,0.16858976,0.175527,0.12599213421344757,1,0,0,0,0,0,0,0,0,0,0,0,0,0
TX001909,AC00456,-0.0778477335247411,-0.1601537369741326,-1.4160550614186809,-84.39769959395842,0.0,0.3900665462493117,2.299559418352721,-3.3262066401651533,0.35587108,0.5247462,0.42505162954330444,1,0,0,0,0,0,0,0,0,0,0,0,0,0
TX001910,AC00151,-0.0690651718976949,-0.2142543100765752,-1.8329034259398047,-81.49984653386802,0.0,0.3129020984476862,2.175753996880794,-12.25484943793354,0.28184426,0.26015604,0.2590159475803375,1,0,0,0,0,0,0,0,0,0,0,0,0,0
TX001911,AC00366,-0.0774156661593731,-0.1936257963282597,-2.71534657448682,-80.33307192255593,0.0,0.2426876856509816,2.275991024987016,-1.73051229259967,0.30853614,0.27574453,1.5354825258255005,1,0,0,0,0,0,0,0,0,0,0,0,1,0
TX001912,AC00383,-0.064757616110139,-0.1716744504968421,-1.5513698316401578,-93.49455229159494,0.0,0.2912707437168149,2.2610667417744423,-4.900008245245439,0.34159604,0.35573623,0.3319240212440491,1,0,0,0,0,0,0,0,0,0,0,0,0,0
TX001913,AC00076,-0.1185033366633715,-0.2146954304303421,-3.587009864619016,-92.33844180639392,4.214684851089404e-08,0.2719090214754904,1.7607046525840555,-2.843306133356416,0.13991906,0.15554577,0.39498865604400635,1,0,0,0,0,0,0,0,0,0,0,0,0,0
TX001914,AC00290,-0.1147960235615208,-0.2426397642966857,-3.9044815371800574,-101.88003595244771,0.0,0.1669570290874454,1.8357727355772568,-9.635776015645195,0.12247773,0.19136272,0.18016226589679718,1,0,0,0,0,0,0,0,0,0,0,0,0,0
TX001915,AC00347,-0.0864441629860768,-0.1859096375252684,-1.7865096765233224,-97.17134982573748,0.0,0.300270439673704,2.1186611210732105,-13.339402060499904,0.3384397,0.3197503,0.30782824754714966,1,0,0,0,0,0,0,0,0,0,0,0,0,0
TX001916,AC00034,-0.0989927594684572,-0.2623632050131905,-3.4719782823860035,-100.79920335217118,0.0,0.0,1.3309052456686392,-16.423172518844755,0.18533167,0.18685332,0.18144971132278442,1,0,0,0,0,0,0,0,0,0,0,0,0,0
TX001917,AC00373,-0.0829914294917817,-0.2431086266659418,-3.10623956553854,-101.78351618754776,0.0,0.0769457654710119,1.762303299798114,-14.448017042938384,0.20560628,0.19882873,0.17186254262924194,1,0,0,0,0,0,0,0,0,0,0,0,0,0
TX001918,AC00382,-0.0111137550005855,-0.175157344197159,-1.602661089605868,-28.609822588724384,0.0,0.4388925100554936,2.7187309775099187,-0.7233185226145352,0.23206629,0.44760478,0.23950380086898804,1,0,0,0,0,0,0,0,0,0,0,0,0,0
TX001919,AC00463,-0.0106452623812294,0.0306364732618338,-0.0001694145178126,-74.23514948801744,0.0,0.4895735294982642,3.398458048234509,1.108749514744565,0.64882886,0.7540363,0.7012909650802612,1,2,0,1,0,0,0,1,1,0,1,1,0,1
TX001920,AC00030,-0.1372129483742627,-0.2367276829579954,-4.64548928736517,-100.4099948040958,0.0,0.1930588886321731,1.6059204482732423,-9.997437037385938,0.09401674,0.15427837,0.10210401564836502,1,0,0,0,0,0,0,0,0,0,0,0,0,0
TX001921,AC00431,-0.0865131111006367,-0.1488148039830839,-1.3886030360822756,-94.80597971306916,0.0,0.3267380221029907,2.52842138859812,-11.04552123825704,0.35780647,0.42096186,0.4400036633014679,1,0,0,0,0,0,0,0,0,0,0,0,0,0
TX001922,AC00243,-0.0657613480707244,-0.1966276328384633,-2.895447951670021,-94.60426121720664,0.0,0.1352352938277553,1.7429721004300045,-6.922946541615593,0.24173386,0.23314632,0.29579195380210876,1,0,0,0,0,0,0,0,0,0,0,0,0,0
TX001923,AC00499,-0.1352787922949594,-0.1879545244325939,-4.551276203642483,-86.10517074341634,0.0,0.336230988096755,2.047396012474324,-4.310403476970617,0.25094834,0.21869475,0.1766161322593689,1,0,0,0,0,0,0,0,0,0,0,0,0,0
TX001924,AC00065,-0.0643153196006806,-0.1992458253343105,-1.922635348668977,-96.29109250832646,0.0,0.2280867967205554,2.052080791157341,-11.82269199015253,0.27567452,0.3199302,0.4338582754135132,1,0,0,0,0,0,0,0,0,0,0,0,0,0
TX001925,AC00492,-0.1324316664958335,-0.2604495783889984,-4.844422852540023,-103.59354570077868,0.0,0.0,1.5804451144595806,-11.196676993585337,0.086119115,0.0994371,0.0941443145275116,1,0,0,0,0,0,0,0,0,0,0,0,0,0
TX001926,AC00062,-0.0723208427241686,-0.1980597303978346,-1.2544203366051976,-73.19001824099806,0.0,0.3405685296112216,2.234360822012696,-12.307360242343131,0.28070024,0.28204587,0.2249586582183838,1,0,0,0,0,0,0,0,0,0,0,0,0,0
TX001927,AC00026,-0.047559139251301,-0.096483417363435,-0.3619001808578366,-88.96687845026271,0.0,0.4003702485509958,2.636929134977604,-11.398777691925568,0.52790153,0.6111074,0.4983839988708496,1,0,0,0,0,0,0,0,0,0,0,0,0,0
TX001928,AC00201,-0.1131002435063232,-0.2647212305690034,-3.5836817851044502,-103.00875458866172,0.0,0.0,1.1870958553431357,-16.35007063704962,0.17130692,0.2529675,0.34661635756492615,1,0,0,0,0,0,0,0,0,0,0,0,0,0
TX001929,AC00377,-0.091234017042118,-0.230236545781477,-3.9307830355566127,-97.16309042118236,0.0,0.1775644720061228,2.1611823116560545,-0.922052074963635,0.15448095,0.17851987,0.17143204808235168,1,0,0,0,0,0,0,0,0,0,0,0,0,0
TX001930,AC00269,-0.0984224545462851,-0.1733104931334097,-1.03881134436151,-91.4732736694824,0.0,0.2704938805202493,1.9662747661259992,-5.13428414103234,0.4447734,0.43848908,0.39843282103538513,1,0,0,0,0,0,0,0,0,0,0,0,0,0
TX001931,AC00239,-0.04939992654751,-0.1736948256677186,-1.9929194591754404,-93.232295895669,0.0,0.2769686751038002,2.2494053388277213,-2.8110051954772675,0.2570181,0.32757053,0.33755728602409363,1,0,0,0,0,0,0,0,0,0,0,0,0,0
TX001932,AC00070,-0.0916000629478936,-0.2190359389407128,-2.33607148082623,-97.4414043070585,0.0,0.21492101307723,1.932443970533184,-7.967103436394527,0.2685269,0.25692582,0.24747657775878906,1,0,0,0,0,0,0,0,0,0,0,0,0,0
TX001933,AC00284,-0.0296489077701784,-0.164354347450448,-1.8541809541952423,-93.91922117588496,0.0,0.2714042749612551,2.3610519156299867,-5.2781602696251735,0.2785524,0.34302998,0.32800042629241943,1,0,0,0,0,0,0,0,0,0,0,0,0,0
TX001934,AC00337,-0.0952190916607336,-0.2344199405529912,-2.5563547136104168,-96.86935062703814,0.0,0.0989445241674432,1.8358806969546144,-6.4464178914036,0.23378846,0.2976382,0.21644283831119537,1,0,0,0,0,0,0,0,0,0,0,0,0,0
TX001935,AC00051,-0.0759206360255241,-0.176338269916968,-2.0861352539471687,-95.8531354532968,0.0,0.2862441796114881,2.358104432297869,-11.712048351195216,0.32471904,0.28244814,0.2985483705997467,1,0,0,0,0,0,0,0,0,0,0,0,0,0
TX001936,AC00328,-0.1061091263707488,-0.1210101183690524,-0.8511631987924257,-91.31619014167288,0.0,0.2752139001405227,2.460258784033582,-6.005435647626132,0.3435079,0.4387627,0.4289941191673279,1,0,0,0,0,0,0,0,0,0,0,0,0,0
TX001937,AC00064,-0.0770705652268227,-0.1718786748797944,-2.951663350294884,-94.93068920182452,0.0,0.304857915554671,2.200178162064169,-10.66199271769978,0.36080363,0.3142506,0.3146692216396332,1,0,0,0,0,0,0,0,0,0,0,0,0,0
TX001938,AC00231,-0.018894367517617,-0.1768759662524328,-2.543559522325908,-90.80978949914858,0.0,0.2697890068967329,2.226017042496899,-9.726217682260131,0.31453717,0.3067697,0.25672346353530884,1,0,0,0,0,0,0,0,0,0,0,0,0,0
TX001939,AC00362,-0.0288248640673782,-0.0307473084034841,-0.3433985463761964,-88.30804424843467,0.0,0.4543462029394318,2.9785527638140827,-9.763751972451908,0.5974089,0.6378883,0.5139710307121277,1,1,0,0,0,0,0,0,0,0,1,1,0,0
TX001940,AC00363,-0.0603037336257649,-0.1588831919048612,-1.5902226362432588,-94.24450590173552,0.0,0.3205277899289576,2.628006281671461,-1.3281552283890528,0.40008172,0.38324976,3.193317174911499,1,0,0,0,0,0,0,0,0,0,0,0,1,0
TX001941,AC00196,-0.0975447246570321,-0.241572922059756,-4.394256044600632,-100.59171444110544,0.0,0.1405578986697666,1.6029756933727124,-13.614513563263213,0.18223898,0.1793949,0.17183274030685425,1,0,0,0,0,0,0,0,0,0,0,0,0,0
TX001942,AC00360,-0.0789353768390884,-0.2036705432515315,-2.1600603094442485,-94.6928787146132,5.960464477539064e-08,0.2576028310909062,1.980039392551544,-11.25219183587498,0.243052,0.5116665,0.5292023420333862,1,0,0,0,0,0,0,0,0,0,0,0,0,0
TX001943,AC00499,-0.0550566607186311,-0.1755623554224203,-3.2871168176458907,-94.28201185747008,0.0,0.3328317853025134,2.528839075323749,-11.030024829671964,0.28955603,0.2686216,0.2764054536819458,1,0,0,0,0,0,0,0,0,0,0,0,0,0
TX001944,AC00213,-0.0457939280386522,-0.1654068713759928,-2.1460176628350416,-87.84729300603794,4.214684851089404e-08,0.3083986526508789,2.406030309007796,-4.906542813076727,0.26983988,0.2861653,1.2690789699554443,1,0,0,0,0,0,0,0,0,0,0,0,0,0
TX001945,AC00165,-0.1403870113866914,-0.2343178012207794,-3.3336481666785795,-99.4300610360157,0.0,0.1614213656998782,1.3183019316955646,-8.705757082802833,0.074258745,0.4069661,0.38823699951171875,1,0,0,0,0,0,0,0,0,0,0,0,0,0
TX001946,AC00299,-0.0476376715067038,-0.0479534384201205,-0.8555332895135761,-89.27524978666283,5.960464477539064e-08,0.379995011626499,2.298736450888355,-7.813456967444746,0.50657296,0.52136254,0.48104557394981384,1,0,0,0,0,0,0,0,0,0,0,0,0,0
TX001947,AC00119,-0.0946833985701962,-0.2242964977144774,-2.97596931569372,-99.43932857483202,0.0,0.1685833767550447,2.1309254521768968,-7.952084013433896,0.23131163,0.25962457,1.389039158821106,1,0,0,0,0,0,0,0,0,0,0,0,0,0
TX001948,AC00409,-0.0941885939121695,-0.1718910355704761,-2.586919256611462,-91.85769475150975,0.0,0.291938948714871,2.095847977593609,-6.6665169021945205,0.26051852,0.27991307,0.30383819341659546,1,0,0,0,0,0,0,0,0,0,0,0,0,0
TX001949,AC00100,-0.1222689958043858,-0.2452875519122933,-2.2776827676486304,-99.27860344832185,0.0,0.1492280861047051,2.074083851203209,-8.46950341846563,0.19199198,0.25021473,0.22591474652290344,1,0,0,0,0,0,0,0,0,0,0,0,0,0
TX001950,AC00244,-0.1087694990403279,-0.2217097596766983,-3.359744528903556,-99.88487688026004,0.0,0.1224119460333399,1.843058300334556,-13.230116666736649,0.21598789,0.27692047,0.24904727935791016,1,0,0,0,0,0,0,0,0,0,0,0,0,0
TX001951,AC00382,-0.1088830119720051,-0.2320576752958472,-3.154973452064625,-100.36179102110545,0.0,0.0477587858558214,1.7687882307851532,-15.44496249556779,0.2519425,0.3334812,0.2976675033569336,1,0,0,0,0,0,0,0,0,0,0,0,0,0
TX001952,AC00389,-0.1170731867174051,-0.2009816637240196,-2.898169528184611,-91.18345042236092,0.0,0.1671638277443441,2.140921076387623,-5.303169003276786,0.25334918,0.24153297,0.23634187877178192,1,0,0,0,0,0,0,0,0,0,0,0,0,0
TX001953,AC00350,0.0021285510572247,-0.1139118937398484,0.3509255338290167,66.88373189379037,2.453534295743737,0.534856238089816,2.7083864312379315,7.796294265186767,0.35020947,0.37588003,,0,1,1,0,1,1,0,1,0,1,0,0,0,0
TX001954,AC00275,-0.0570037133025901,-0.1648282615427687,-1.938972535479862,-93.28926792398568,0.0,0.3148839924578774,2.3129854708653013,-11.608543541922655,0.3253988,0.34508127,0.3040066361427307,1,0,0,0,0,0,0,0,0,0,0,0,0,0
TX001955,AC00231,-0.1306378804305487,-0.2501682695488569,-4.021380685297136,-100.42673952418043,2.9802322387695312e-08,0.0,1.653549170420786,-9.564140428459265,0.16050978,0.1864388,0.15976469218730927,1,0,0,0,0,0,0,0,0,0,0,0,0,0
TX001956,AC00449,-0.1287724278573574,-0.2494011530386373,-3.7176181672574335,-101.94835858400891,0.0,0.0771365656030125,1.5085963018206745,-9.631851431211656,0.110897824,0.14050129,0.14215992391109467,1,0,0,0,0,0,0,0,0,0,0,0,0,0
TX001957,AC00248,-0.0740796971521187,-0.1975735349786591,-3.192695819220307,-90.5247528381296,0.0,0.2736684622805821,1.5916227779018857,-6.199074084893967,0.20746072,0.20001577,0.4838395118713379,1,0,0,0,0,0,0,0,0,0,0,0,0,0
TX001958,AC00301,0.0302253864399625,0.1043794162968558,-0.0004345021190612,-62.38412330624851,3.0099388349579086,0.576102120612378,3.732807319698286,3.008054608650647,0.7291673,0.79823786,0.7531841993331909,1,3,1,1,0,0,1,1,1,0,1,1,0,1
TX001959,AC00023,-0.1044785396229422,-0.2636092354945161,-3.237754211652628,-100.70676241729278,0.0,0.0418702147650473,1.3680566786536543,-16.299601937485303,0.20321995,0.26182947,0.2268674671649933,1,0,0,0,0,0,0,0,0,0,0,0,0,0
TX001960,AC00272,-0.1022684853437722,-0.2313355957426994,-2.67816628867518,-97.2081733317193,0.0,0.1254850161472951,1.7805311802444683,-6.886542760284383,0.20845886,0.310034,0.2929750084877014,1,0,0,0,0,0,0,0,0,0,0,0,0,0
TX001961,AC00377,-0.0787854044855822,-0.1425349257232839,-1.388253117907419,-92.79854022525872,0.0,0.2929591678110609,2.7076766920795667,-11.422348256702902,0.3999498,0.4088188,0.36982983350753784,1,0,0,0,0,0,0,0,0,0,0,0,0,0
TX001962,AC00276,-0.1278297470898857,-0.2592749061938173,-3.6758278681328216,-101.25944656421036,0.0,0.0931390916752072,1.835394525259599,-9.309904865887072,0.15162319,0.15901208,0.17436979711055756,1,0,0,0,0,0,0,0,0,0,0,0,0,0
TX001963,AC00427,-0.03052769247555,-0.0468891979850802,-0.8219154106563415,-83.19833268147181,0.0,0.3938688389175398,2.8678990783250047,-2.8179447589439763,0.42199537,0.43454057,0.34713953733444214,1,0,0,0,0,0,0,0,0,0,0,0,0,0
TX001964,AC00220,-0.1004021573628599,-0.2412693696864116,-3.41920465576493,-100.6514274478319,0.0,0.1763213892740359,1.556700770531715,-13.850187736893169,0.21093751,0.22365257,0.2762242257595062,1,0,0,0,0,0,0,0,0,0,0,0,0,0
TX001965,AC00370,-0.1348193478571082,-0.2254591413291145,-3.8538191881265673,-98.5663005970728,0.0,0.1885296133078065,1.8285222159599988,-8.964879954444294,0.1240094,0.18630198,0.17898589372634888,1,0,0,0,0,0,0,0,0,0,0,0,0,0
TX001966,AC00187,-0.0431092546532445,-0.1689969447400359,-1.757933296064965,-91.0509734369387,4.214684851089404e-08,0.2865451131316303,2.3425611913251254,-9.882290869060029,0.32588738,0.35664326,0.34724146127700806,1,0,0,0,0,0,0,0,0,0,0,0,0,0
TX001967,AC00293,-0.1067396687244329,-0.2501370280790815,-3.417246497746864,-101.15214542448928,0.0,0.1384815790060824,1.903321388884221,-8.899314742013235,0.15444306,0.17574584,0.1452217847108841,1,0,0,0,0,0,0,0,0,0,0,0,0,0
TX001968,AC00203,-0.0497803814034924,-0.1963077607607146,-1.5778213775284096,-73.39265532100868,0.0,0.2862927679690907,2.2028429103514653,-1.167205535713439,0.33893558,0.29488236,0.3224285840988159,1,0,0,0,0,0,0,0,0,0,0,0,0,0
TX001969,AC00016,-0.0512666523145431,0.0629383300245025,-0.9551275543584428,-74.88563893709696,2.5114546650961502,0.5198629197572162,3.2773099297911297,4.137177063350077,0.6731743,0.70362914,0.7407548427581787,1,2,0,1,0,0,0,1,1,1,1,1,0,1
TX001970,AC00189,0.0159233774070712,-0.2495350373371359,-0.412411574860311,28.134918343410064,0.0,0.4927556071103064,2.51014357308631,-0.6305103523631723,0.24384329,0.22299406,2.306870460510254,1,1,1,0,0,1,0,1,0,0,0,0,1,0
TX001971,AC00005,-0.0684174726195712,-0.2047643686632425,-2.828816797275372,-99.00253181430902,0.0,0.2197187917574547,2.1121111665813115,-12.987550954976433,0.26982188,0.2835267,6.276764869689941,1,0,0,0,0,0,0,0,0,0,0,0,1,0
TX001972,AC00190,-0.0827283057062391,-0.2142986985495252,-2.383414584479458,-98.95577753472264,0.0,0.2078988914601794,1.8401673264545195,-12.50976729303266,0.2854347,0.27299336,0.2628036141395569,1,0,0,0,0,0,0,0,0,0,0,0,0,0
TX001973,AC00480,0.0161730173735966,-0.0215264261834857,-1.0081996489586862,-64.65395153691696,0.0,0.4448112666296533,2.865657246577808,1.290843288217192,0.41737017,0.49702656,0.36515241861343384,1,1,1,0,0,0,0,0,0,0,0,0,0,0
TX001974,AC00407,-0.1012937657336678,-0.2193960430427464,-2.994703765893745,-98.05086771403651,4.214684851089404e-08,0.2220145086838967,1.8976658804956967,-14.85340304472065,0.172685,0.24338034,0.21723362803459167,1,0,0,0,0,0,0,0,0,0,0,0,0,0
TX001975,AC00195,-0.0504733714676438,-0.2018851931634302,-2.607286483788779,-95.9159716396884,0.0,0.23235856879291,2.063345157137527,-11.507489655429508,0.29991978,0.2921339,,0,0,0,0,0,0,0,0,0,0,0,0,0,0
TX001976,AC00260,-0.089511101738085,-0.2359096095693529,-2.7069592055595537,-99.53806996240591,0.0,0.0907710832538695,1.9080437775378605,-13.2035144581065,0.2060023,0.2954026,0.2824247181415558,1,0,0,0,0,0,0,0,0,0,0,0,0,0
TX001977,AC00006,-0.0413618150751128,-0.1876788986499502,-1.7308595023504898,-92.79986394355852,0.0,0.3011441039842822,2.523479293198163,-10.788270330150729,0.3999443,0.39138338,0.3570398688316345,1,0,0,0,0,0,0,0,0,0,0,0,0,0
TX001978,AC00294,-0.0519619794370191,-0.0850144634656659,-0.7312472658691131,-93.61885034299368,0.0,0.340085495481764,2.44736857228645,-10.429847789356934,0.37537384,0.5019226,0.4724363088607788,1,0,0,0,0,0,0,0,0,0,0,0,0,0
TX001979,AC00327,-0.0148600785037741,-0.0960809117175298,-2.779073294964168,-72.14103359572857,0.0,0.3846725230663536,2.3433707919109903,5.274911080103092,0.28951335,0.3351864,0.3615168035030365,1,0,0,0,0,0,0,0,0,1,0,0,0,0
TX001980,AC00013,-0.0768958359250386,-0.2294738628587134,-3.000361040435746,-99.5610974535207,0.0,0.2219625936753346,2.1309542846533813,-12.20202486137013,0.22153817,0.20785604,0.21760950982570648,1,0,0,0,0,0,0,0,0,0,0,0,0,0
TX001981,AC00386,-0.0949158093422416,-0.1928291771818038,-2.910132847114148,-97.67156042631667,0.0,0.1568389364091191,2.180756098514565,-13.47966966974345,0.21660525,0.271111,0.2263260930776596,1,0,0,0,0,0,0,0,0,0,0,0,0,0
TX001982,AC00256,-0.0542800196178773,-0.1888996578306634,-0.1834166115345601,-22.91280645983269,0.0,0.4696077882738861,2.6685468168781084,-12.095943205370068,0.29284486,0.3083278,0.3226604163646698,1,0,0,0,0,0,0,1,0,0,0,0,0,0
TX001983,AC00439,-0.0602771906424491,-0.1827648734621165,-1.24669969999655,-93.8670816132156,0.0,0.3018663306106722,2.5164013575524025,-11.861075854817376,0.6496941,0.4558632,0.6236343383789062,1,1,0,0,0,0,0,0,0,0,1,0,0,0
TX001984,AC00088,-0.0948398993585441,-0.2307355964480331,-3.576518989321131,-84.72475538105515,0.0,0.2519809062671193,2.1254407981946453,2.267845216658748,0.1812727,0.1586608,,0,0,0,0,0,0,0,0,0,0,0,0,0,0
TX001985,AC00303,-0.004285200245865,-0.0793739665716284,-0.5296221731422008,-63.96466041208466,0.0,0.3596858319549171,2.7486661657391456,13.679831552990446,0.41896752,0.39589226,0.4276668429374695,1,0,0,0,0,0,0,0,0,1,0,0,0,0
TX001986,AC00245,-0.0734774081118752,-0.1666548338659226,-2.6203962199472466,-94.80476827838642,0.0,0.305404197748954,2.2339880420845044,-10.973332249749554,0.34408802,0.35576656,0.36151620745658875,1,0,0,0,0,0,0,0,0,0,0,0,0,0
TX001987,AC00188,-0.0395456396265723,-0.1887554114273002,-1.8068377533153093,-95.29570057550004,0.0,0.2705411114198912,2.3790276931064653,-5.6681979452435405,0.263139,0.32171038,0.3639838397502899,1,0,0,0,0,0,0,0,0,0,0,0,0,0
TX001988,AC00225,-0.0302465517844096,-0.157014591133068,-1.4067569503595123,-94.00371803864698,0.0,0.3647224857129037,2.628957443475741,-4.595847547596149,0.37437928,0.38981164,0.26139381527900696,1,0,0,0,0,0,0,0,0,0,0,0,0,0
TX001989,AC00278,-0.0991503633935847,-0.2157700478846203,-3.106099237978065,-100.17563723520747,0.0,0.1910502623864911,1.954142522752119,-13.973640852064747,0.20467047,0.18234055,0.1634337306022644,1,0,0,0,0,0,0,0,0,0,0,0,0,0
TX001990,AC00311,-0.0933714202913603,-0.2133316841012118,-2.1461380259447624,-94.44487669538849,0.0,0.2829607503632058,2.032736146803723,-15.317128286415484,0.44437513,0.42037824,0.4608755111694336,1,0,0,0,0,0,0,0,0,0,0,0,0,0
TX001991,AC00206,-0.0672068752091891,-0.2251462386734972,-1.6121181243171412,-95.13643690290476,0.0,0.264839501382127,2.2766885068988274,-11.881464041008886,0.26412904,0.2694197,,0,0,0,0,0,0,0,0,0,0,0,0,0,0
TX001992,AC00329,-0.0489738988548728,-0.1378356371302844,-0.8851032992545109,-92.05473169643032,0.0,0.247109371089476,2.521151088672025,-9.076166407952453,0.40966293,0.4236418,0.4204931855201721,1,0,0,0,0,0,0,0,0,0,0,0,0,0
TX001993,AC00338,-0.0790859928969688,-0.149619835797035,-2.603752372538735,-94.4089428181293,0.0,0.290414320315548,2.435749345163978,-5.381458968745331,0.21537055,0.32403514,0.30636119842529297,1,0,0,0,0,0,0,0,0,0,0,0,0,0
TX001994,AC00409,-0.0943116477512141,-0.231619861294247,-2.8667693450970466,-100.91747489897566,0.0,0.1315364044285597,1.607647246392801,-12.67126592561771,0.21586798,0.2799698,0.24459031224250793,1,0,0,0,0,0,0,0,0,0,0,0,0,0
TX001995,AC00114,-0.0968531003098872,-0.2037912692601085,-2.1748143498507604,-93.98966739156688,0.0,0.2169541613285385,2.3178437533614584,-6.391018605993937,0.27723107,0.28222427,0.628493070602417,1,0,0,0,0,0,0,0,0,0,0,0,0,0
TX001996,AC00460,0.0146439735121181,-0.0016971396776173,-0.3502286428783945,-67.12655199341091,0.0,0.4441148123744006,3.2108296849190565,2.5028643729815707,0.48615885,0.50316626,0.22453825175762177,1,1,1,0,0,0,0,0,1,0,0,0,0,0
TX001997,AC00373,0.0118057435585142,0.0826320432875158,0.5557818047935674,-80.4079956210611,8.429369702178808e-08,0.4943047253250224,3.1630109016447148,-4.893737820983711,0.64715874,0.64894223,0.6830164194107056,1,3,1,1,1,0,0,1,0,0,1,1,0,1
TX001998,AC00021,0.0632934367818768,0.0088558269320384,-0.4979534031288732,-57.435836780078695,2.1633092931493625,0.5089650925483586,3.2999845674213426,-0.8476067765367654,0.5856246,0.6166811,1.5525977611541748,1,3,1,1,0,0,0,1,1,0,1,0,1,1
TX001999,AC00235,-0.1238255023264923,-0.2731824755298964,-4.105228707110329,-100.74935718703854,0.0,0.1504977535829613,1.488100514743887,-9.821644253208571,0.10976648,0.12301555,0.1522643268108368,1,0,0,0,0,0,0,0,0,0,0,0,0,0
TX002000,AC00261,-0.0388768826543263,-0.0877247447234801,-0.5816904323766794,-90.5681326372432,0.0,0.3606073757388334,2.598825408675869,-5.349600594216913,0.38321415,0.4675791,0.5026103258132935,1,0,0,0,0,0,0,0,0,0,0,0,0,0
TX002001,AC00456,-0.0460222397043535,-0.0790787116266671,-0.9580075062323256,-69.93213747715045,0.0,0.3550437700934852,3.030711951249889,-2.2467613581833845,0.48091507,0.62917167,0.47265106439590454,1,0,0,0,0,0,0,0,0,0,0,1,0,0
TX002002,AC00332,-0.048107271383439,-0.1860413054349206,-2.8879230111556184,-98.3575124669198,0.0,0.224130403723043,1.9442457798345945,-12.747270560772185,0.22734329,0.30948934,0.28578293323516846,1,0,0,0,0,0,0,0,0,0,0,0,0,0
TX002003,AC00245,-0.1170200229027972,-0.2660802633132373,-3.473452673983247,-101.91774424014262,2.9802322387695312e-08,0.0,1.4780441402178064,-10.186854481979603,0.1340422,0.13314985,0.15826044976711273,1,0,0,0,0,0,0,0,0,0,0,0,0,0
TX002004,AC00388,-0.0729683916820085,-0.1924422850478446,-1.4671217846335294,-88.66549347173164,8.429369702178808e-08,0.2747203475453559,2.153415135926953,-11.949663448625284,0.29726017,0.23810856,,0,0,0,0,0,0,0,0,0,0,0,0,0,0
TX002005,AC00008,-0.0846095268058653,-0.1723640071434069,-1.2322907962296457,-95.16066259666871,0.0,0.3044931876051686,2.280579272878715,-14.785529207813656,0.35746855,0.443423,,0,0,0,0,0,0,0,0,0,0,0,0,0,0
TX002006,AC00066,-0.1218629000521306,-0.2337260300421477,-3.394744436284367,-93.44018260204622,0.0,0.1847464294002548,2.0037767845748777,-7.583802497624831,0.1944577,0.2286507,0.20297479629516602,1,0,0,0,0,0,0,0,0,0,0,0,0,0
TX002007,AC00227,0.0021904881828292,-0.2190919032001137,0.0003131223724901,33.82664099146048,2.532376096923508,0.5587464517796387,3.0947155511791524,3.920405583873463,0.2536738,0.34581593,2.3665578365325928,1,1,1,0,1,1,0,1,0,0,0,0,1,0
TX002008,AC00352,-0.0710087653364087,-0.058266350487607,-0.1058870543953229,-85.05823986336799,0.0,0.4930652689617734,3.088318126557952,-8.894829649846706,0.58791655,0.5486653,0.5752708911895752,1,1,0,0,0,0,0,1,0,0,1,0,0,0
TX002009,AC00481,-0.0611130810966811,-0.1849533261556502,-1.5049924824811898,-95.99131265540866,0.0,0.1889720940236398,2.1793716162539574,-11.99601570573972,0.30780497,0.40516445,0.39267417788505554,1,0,0,0,0,0,0,0,0,0,0,0,0,0
TX002010,AC00341,-0.077817866603832,-0.1362136332507513,-0.5555334627136173,-83.80301550279421,5.960464477539064e-08,0.4458155629051503,2.3880735155543604,-3.5610985557253523,0.51089084,0.50755244,0.5291827917098999,1,0,0,0,0,0,0,0,0,0,0,0,0,0
TX002011,AC00065,-0.0371272696782197,-0.2068437791157988,-1.705578864752982,-50.241276451885504,8.429369702178808e-08,0.3544508890206226,2.4356700350127287,-13.076553844627549,0.19874682,0.19103928,0.2255837619304657,1,0,0,0,0,0,0,0,0,0,0,0,0,0
TX002012,AC00248,-0.0660356532631127,-0.2113532516398626,-2.844415253523313,-96.27756698420914,0.0,0.2329551302469857,2.094414189609668,-12.27912297280891,0.21842319,0.1997929,0.4786252975463867,1,0,0,0,0,0,0,0,0,0,0,0,0,0
TX002013,AC00177,-0.0280304991848535,-0.1890737951243346,-2.081685014833053,-93.3328271385021,0.0,0.3493446480525866,2.297535896128113,-11.36121887404674,0.2222801,0.26995003,4.8323259353637695,1,0,0,0,0,0,0,0,0,0,0,0,1,0
TX002014,AC00139,-0.026199678983367,-0.1214656000730756,-1.9536530754559849,-88.94137643191658,4.214684851089404e-08,0.393429829916128,2.690197313569339,-2.663233334334325,0.3554455,0.35723266,0.3970481753349304,1,0,0,0,0,0,0,0,0,0,0,0,0,0
TX002015,AC00252,-0.0686834175586744,-0.224584508854875,-1.8770324460897188,-97.00030327369802,0.0,0.1663734519912393,2.0057469475906147,-12.348607010247854,0.285731,0.2926819,,0,0,0,0,0,0,0,0,0,0,0,0,0,0
TX002016,AC00286,-0.0667581751438717,-0.1242152291010789,-1.054189773362359,-87.9947865763337,0.0,0.3632509525393796,2.200323379576305,-4.049516962997615,0.5131416,0.67399144,0.538209080696106,1,0,0,0,0,0,0,0,0,0,0,1,0,0
TX002017,AC00001,-0.0686910732581102,-0.1740771325126406,-2.231856381784513,-93.55933107179322,0.0,0.2887240803115403,2.350572302188364,-6.222827012955567,0.29036883,0.29470384,,0,0,0,0,0,0,0,0,0,0,0,0,0,0
TX002018,AC00453,-0.0664172082568478,-0.1766540673022747,-1.616147786221501,-95.02095361357016,0.0,0.3435263789583916,2.4558951195581344,-11.175972720459828,0.34565768,0.3639401,0.4365300238132477,1,0,0,0,0,0,0,0,0,0,0,0,0,0
TX002019,AC00291,-0.1164587543474267,-0.2427274884305695,-2.6475025637071328,-95.9368179405154,0.0,0.1293002318768221,1.6471564792311173,-8.322711451912891,0.18566646,0.24722558,0.26455122232437134,1,0,0,0,0,0,0,0,0,0,0,0,0,0
TX002020,AC00113,-0.0803945151124262,-0.198112141412474,-2.681467945519974,-93.16627075049706,0.0,0.1911312120944033,1.8748620827084896,-7.203212177374577,0.27883193,0.26956224,0.24981087446212769,1,0,0,0,0,0,0,0,0,0,0,0,0,0
TX002021,AC00390,-0.0999012342443841,-0.2382225920780132,-2.178366735437945,-98.6368250813135,0.0,0.1944856373919311,1.8238503626522709,-8.885278851572822,0.20097972,0.22317545,0.2486308366060257,1,0,0,0,0,0,0,0,0,0,0,0,0,0
TX002022,AC00345,-0.0327110841164736,-0.1820529777337856,-3.1240232767602043,-77.22149821216267,4.214684851089404e-08,0.2671192123229658,2.315670360381709,-1.6377331650042375,0.23568445,0.28347528,0.3716966211795807,1,0,0,0,0,0,0,0,0,0,0,0,0,0
TX002023,AC00011,-0.0675609231502819,-0.2593865768573337,-1.5614581721685612,105.46521751640256,0.0,0.0,1.9543212549031996,-12.652522469600228,0.102456786,0.11677405,0.2346157282590866,1,0,0,0,0,1,0,0,0,0,0,0,0,0
TX002024,AC00106,-0.1292640080870091,-0.242725779665675,-3.205457835189077,-101.26505744924272,0.0,0.1707605638127758,1.7321639600679717,-15.317370879932174,0.18893188,0.2333142,0.493435263633728,1,0,0,0,0,0,0,0,0,0,0,0,0,0
TX002025,AC00087,-0.1130932938275449,-0.2218206422958719,-2.020517398848292,-94.7524097544707,0.0,0.274571024042896,1.852938410179877,-6.136878306632221,0.16219981,0.48027074,0.389641135931015,1,0,0,0,0,0,0,0,0,0,0,0,0,0
TX002026,AC00441,-0.0184692126726225,-0.1906474197988368,0.0002594987029009,-11.696952116569236,0.0,0.3753489737390602,2.489611368754778,-11.037989338905124,0.349556,0.3623911,0.7485690712928772,1,0,0,0,1,0,0,0,0,0,0,0,0,0
TX002027,AC00069,-0.0675434487105858,-0.1331521569667728,-1.3819038604932397,-78.21660040256126,0.0,0.3922365372698965,2.809221140674367,-3.890201762445895,0.37370694,0.46298155,0.5147984623908997,1,0,0,0,0,0,0,0,0,0,0,0,0,0
TX002028,AC00020,-0.0972559591238826,-0.2504503708183021,-3.2446771670860626,-100.15587049491504,0.0,0.0297502095706423,1.5815900891431196,-16.07887104663039,0.28085116,0.3158354,0.26516392827033997,1,0,0,0,0,0,0,0,0,0,0,0,0,0
TX002029,AC00172,-0.0320494088955943,-0.2414045630761856,-0.789695726789807,11.31518358347408,1.1920928955078125e-07,0.3396017958417864,1.9444062109401583,-12.833716332211608,0.25440562,0.26573834,0.2464507669210434,1,0,0,0,0,1,0,0,0,0,0,0,0,0
TX002030,AC00237,0.0088477639422953,-0.0887251567974112,-1.2718498107031175,-65.98438612743351,0.0,0.3827062223797333,2.342327333953721,2.026441429565538,0.33138478,0.39278185,0.4265700876712799,1,1,1,0,0,0,0,0,0,0,0,0,0,0
TX002031,AC00186,-0.0972974255237105,-0.2125151210613554,-1.5006972913562793,-94.39510711081095,0.0,0.2384992146650174,2.1063104325595745,-7.657565464649419,0.2779883,0.30169383,,0,0,0,0,0,0,0,0,0,0,0,0,0,0
TX002032,AC00165,-0.0949860786757333,-0.1471686172711421,-3.286119389233474,-82.32455470712073,0.0,0.3344112587781062,2.11309777322931,-1.1824255263305474,0.26398686,0.2863797,0.2919830083847046,1,0,0,0,0,0,0,0,0,0,0,0,0,0
TX002033,AC00438,-0.1130474947872542,-0.2527376005114753,-3.1174890944120888,-99.50277187694968,0.0,0.0523535333804195,1.88190482139672,-8.61564519456134,0.1686475,0.22835183,1.2066712379455566,1,0,0,0,0,0,0,0,0,0,0,0,0,0
TX002034,AC00435,-0.0493524835976726,-0.0803504347994339,-0.0001455529154741,-89.66638583350814,0.0,0.3515790524569523,2.6639808945091765,-8.575110943531351,0.40539497,0.5034422,,0,0,0,0,0,0,0,0,0,0,0,0,0,0
TX002035,AC00472,-0.0236509435952418,0.0294687934416881,8.790332387498268e-05,-84.05815011153089,2.3219021084860576,0.513801798042094,3.548777642615208,-5.584596527688538,0.71144426,0.63632053,,0,2,0,1,1,0,0,1,1,0,1,1,0,1
TX002036,AC00446,-0.1031446726554866,-0.2193971555113871,-2.782822528163181,-94.5368657318282,0.0,0.2446851521475175,1.7081030126305092,-7.117127514142204,0.17971621,0.23330837,0.23825502395629883,1,0,0,0,0,0,0,0,0,0,0,0,0,0
TX002037,AC00427,-0.0467856381237971,-0.0309699123797531,-0.2459561522244016,-90.25671730166444,0.0,0.3791137237333803,2.9086853902561542,-3.863929616517368,0.43847802,0.46627945,0.4173355996608734,1,0,0,0,0,0,0,0,0,0,0,0,0,0
TX002038,AC00230,-0.0771880654574796,-0.2301042553764221,-2.829876599952871,-97.06873677438718,0.0,0.2308463226245311,2.0504752169349696,-7.109616248225816,0.25403637,0.25583977,0.19437508285045624,1,0,0,0,0,0,0,0,0,0,0,0,0,0
TX002039,AC00172,-0.0202798438594655,-0.1341556711503051,-1.4942235542617892,-93.37718600871642,0.0,0.3414153879634031,2.4409637667934363,-9.89365698359683,0.37001267,0.3959154,1.0606462955474854,1,0,0,0,0,0,0,0,0,0,0,0,0,0
TX002040,AC00103,-0.0666171101305367,-0.2194245271243835,-2.8847175719872338,-96.39394511952088,0.0,0.2647875699071287,1.9911398151748696,-14.448033420807583,0.15590174,0.1502654,0.20559346675872803,1,0,0,0,0,0,0,0,0,0,0,0,0,0
TX002041,AC00467,-0.0662403087615414,-0.1657997828867405,-0.5014804664306896,-92.9985382815098,0.0,0.2518158816231913,2.4129571282989826,-4.673913202446955,0.39245486,0.45015016,0.3836158514022827,1,0,0,0,0,0,0,0,0,0,0,0,0,0
TX002042,AC00094,-0.0606187188752054,-0.13890209365698,-1.858154840100597,-87.73824961620032,0.0,0.3252922355825515,2.4302122156338077,-8.610907610068095,0.30018818,0.41923413,0.3076559603214264,1,0,0,0,0,0,0,0,0,0,0,0,0,0
TX002043,AC00231,-0.0300693185457626,-0.2033915961813319,-2.779780170673548,-97.4762646927992,0.0,0.1635228873886247,1.8171018122331848,-11.1373240984475,0.2580799,0.29511157,0.2877228260040283,1,0,0,0,0,0,0,0,0,0,0,0,0,0
TX002044,AC00032,-0.0354677258340613,-0.0843725970027358,-0.3510102082375921,-87.74580639412196,0.0,0.4088972080801721,2.641037105908976,-10.676798139646218,0.5020727,0.61786073,0.5884444713592529,1,0,0,0,0,0,0,0,0,0,0,0,0,0
TX002045,AC00241,-0.0441120667166732,-0.1544047282808252,-1.0117212240492055,-93.28001493020308,0.0,0.2530133759411167,2.4013528221741978,-10.439001970264403,0.3570404,0.395587,0.3732503354549408,1,0,0,0,0,0,0,0,0,0,0,0,0,0
TX002046,AC00263,-0.0334164775416737,-0.1696425090919338,-2.8346929859727235,-94.88253102535568,0.0,0.2098877494956189,2.144168625876744,-10.374374164544736,0.2795875,0.28467733,0.2666938602924347,1,0,0,0,0,0,0,0,0,0,0,0,0,0
TX002047,AC00012,-0.0523137881333021,-0.2084712526515384,-3.629328175011272,-99.06297395173152,0.0,0.2003119274479066,1.760227385103641,-13.052055448232467,0.25305206,0.22470853,0.3005194664001465,1,0,0,0,0,0,0,0,0,0,0,0,0,0
TX002048,AC00009,-0.0839487920975318,-0.2500433989522406,-4.092490016503239,-99.78808098852974,0.0,0.0996816388040006,1.5063564447934268,-8.007981021597493,0.14944722,0.15184133,0.6460513472557068,1,0,0,0,0,0,0,0,0,0,0,0,0,0
TX002049,AC00041,-0.1009735012570526,-0.2478925304778583,-2.959358800127609,-98.6675731301422,0.0,0.0906079454055361,1.7998149570153044,-8.42795032763018,0.1960277,0.18631957,0.562505304813385,1,0,0,0,0,0,0,0,0,0,0,0,0,0
TX002050,AC00317,-0.048526409409186,-0.2341059892544983,-2.9483649155034586,-97.93161641690034,0.0,0.1628104898611867,1.6704533735049616,-4.910737521274979,0.22440577,0.21709967,0.2807769477367401,1,0,0,0,0,0,0,0,0,0,0,0,0,0
TX002051,AC00475,-0.0855347124329675,-0.2022153680128895,-2.2908286831356213,-96.391475936029,0.0,0.2600708576283499,2.10810913640079,-14.879953394924131,0.33522975,0.38443714,0.407709002494812,1,0,0,0,0,0,0,0,0,0,0,0,0,0
TX002052,AC00181,-0.0886197820112462,-0.1983476881735553,-3.3419887967176463,-97.15091261779304,0.0,0.2589132860379368,2.0890279217108265,-12.315070280989364,0.2101097,0.17207523,0.22458727657794952,1,0,0,0,0,0,0,0,0,0,0,0,0,0
TX002053,AC00120,-0.1175330501266319,-0.2444874451148088,-4.199821118733992,-102.0341232037523,4.214684851089404e-08,0.0686512263238374,1.993220329729097,-14.74748218584246,0.28643936,0.2264253,0.22758854925632477,1,0,0,0,0,0,0,0,0,0,0,0,0,0
TX002054,AC00331,-0.0041805262560452,-0.2022987800910052,-0.0002785101702071,-17.440538210733095,2.859583886963707,0.5711507928686038,2.6252177848383043,10.32739725440418,0.36673063,0.37558848,1.5833563804626465,1,0,0,0,0,0,1,1,0,1,0,0,1,0
TX002055,AC00500,-0.1130033016279871,-0.2364397531871618,-2.3076810975931084,-98.03310559431822,0.0,0.1257256618871127,2.0546979656884203,-8.540780581932108,0.21094388,0.41301632,0.20440220832824707,1,0,0,0,0,0,0,0,0,0,0,0,0,0
TX002056,AC00292,-0.1508698973147048,-0.2614963561860965,-4.494530492397439,-97.07772005135648,0.0,0.133953505712554,1.638968803036649,-10.311033050370854,0.103528745,0.13253158,0.1354924440383911,1,0,0,0,0,0,0,0,0,0,0,0,0,0
TX002057,AC00436,-0.0785191009699239,-0.2429589870734261,-3.482154681134172,-97.06347187442624,0.0,0.2029423962910131,1.7800664122877852,-8.118380639356449,0.19164261,0.19309045,0.2287023365497589,1,0,0,0,0,0,0,0,0,0,0,0,0,0
TX002058,AC00476,-0.0721784341955506,-0.079541410011273,-0.6917032785948516,-89.54924259194969,5.960464477539064e-08,0.352372311800269,2.9864029928693063,1.230259414749064,0.3730669,0.5143554,,0,0,0,0,0,0,0,0,0,0,0,0,0,0
TX002059,AC00391,-0.1051291644054918,-0.228424410660794,-3.563421475409954,-98.3885442522727,0.0,0.2182217774972932,2.1348462952735647,-4.748903110552972,0.23069845,0.21353474,0.13269375264644623,1,0,0,0,0,0,0,0,0,0,0,0,0,0
TX002060,AC00267,-0.0538669064212641,-0.1063057493953523,-2.213205678678823,-78.93584388612709,0.0,0.4356346839488454,2.412770869956017,1.6260338277465958,0.2807367,0.34371695,0.7760474681854248,1,0,0,0,0,0,0,0,0,0,0,0,0,0
TX002061,AC00034,-0.1160229518576789,-0.2461047375555233,-3.80114117058785,-84.35334330706031,0.0,0.1955588414978992,1.8407570776352704,-7.356616732637527,0.16868377,0.17784733,0.15524309873580933,1,0,0,0,0,0,0,0,0,0,0,0,0,0
TX002062,AC00425,-0.1013303569017395,-0.2133070375821015,-3.166800120488605,-100.50743016489471,0.0,0.0355948554440031,2.053656353716065,-15.587889143654776,0.33656853,0.23179324,0.29748737812042236,1,0,0,0,0,0,0,0,0,0,0,0,0,0
TX002063,AC00048,-0.0689045264907548,-0.2267148118220947,-1.0318880907462162,-65.4909511580457,0.0,0.3405685296112216,2.3546398690952266,-12.825961258781485,0.22704895,0.24029654,0.1776401251554489,1,0,0,0,0,0,0,0,0,0,0,0,0,0
TX002064,AC00110,-0.0443060089121048,0.0576891964091943,-0.3888931680397745,-83.59951258967972,5.960464477539064e-08,0.4984553896512436,3.2115518888451304,-4.214284635544864,0.5994742,0.7017053,0.6852176189422607,1,2,0,1,0,0,0,1,1,0,1,1,0,1
TX002065,AC00427,-0.050699333577907,0.0201760485128976,-0.1043991995019659,-71.87367394731952,0.0,0.4199506809098968,3.1057647362038345,-0.0878722214435608,0.47387844,0.6196879,0.5857927203178406,1,1,0,1,0,0,0,0,0,0,0,0,0,0
TX002066,AC00483,-0.0917041578933163,-0.1462525272143662,-0.0501310632217233,-50.31611213913375,0.0,0.439684280704006,3.1346100444784204,-9.416139050762007,0.3693336,0.5110217,0.3276551067829132,1,0,0,0,0,0,0,0,0,0,0,0,0,0
TX002067,AC00310,-0.1141265589291554,-0.255738774304143,-3.4972980043764563,-102.28422606081264,0.0,0.0355948554440031,1.6098563248935225,-14.692832081529144,0.17472512,0.14698797,0.20037975907325745,1,0,0,0,0,0,0,0,0,0,0,0,0,0
TX002068,AC00179,-0.0350605543007987,-0.1298165203410672,-0.6463342498125266,-72.55239096385054,0.0,0.3834478042030191,2.365076234371964,-0.9427471101655042,0.36761108,0.59798646,0.6757587194442749,1,0,0,0,0,0,0,0,0,0,0,0,0,0
TX002069,AC00363,0.021892196250106,0.0492503576993634,-0.3727398009856211,-79.24100328509466,0.0,0.4764166431771944,3.140088730707216,-5.589952696055523,0.5648121,0.551556,6.888975143432617,1,3,1,1,0,0,0,1,0,0,1,0,1,1
TX002070,AC00080,-0.1085418294887337,-0.2369547632465174,-3.688729989170503,-100.2143472343476,0.0,0.1379884492702948,1.7289426558682033,-14.589266625727149,0.14554504,0.2650707,0.445447713136673,1,0,0,0,0,0,0,0,0,0,0,0,0,0
TX002071,AC00158,-0.039175495934567,-0.1548380457773444,-3.675075734801644,-95.48951299937325,0.0,0.2556192212532419,2.1025880358729085,-7.452163216084655,0.1883275,0.21685664,0.25628939270973206,1,0,0,0,0,0,0,0,0,0,0,0,0,0
TX002072,AC00033,-0.1036377345512125,-0.1866388417353166,-2.552452145317843,-95.3094599595672,0.0,0.2084037686869042,2.0460008617746124,-6.693292024378611,0.24848676,0.31893894,0.29593580961227417,1,0,0,0,0,0,0,0,0,0,0,0,0,0
TX002073,AC00492,-0.1059439816343619,-0.2465605001968382,-3.1896687810355706,-100.67297379113612,2.9802322387695312e-08,0.130310126224505,1.8133279614331512,-8.838881251031067,0.18462585,0.1872862,0.22851122915744781,1,0,0,0,0,0,0,0,0,0,0,0,0,0
TX002074,AC00228,0.0051732851536807,-0.2426163182535647,0.2482118511296827,34.416339052129146,2.2619164471326982,0.5146492865233222,2.9205344856755744,10.5624854141618,0.28225416,0.32132384,2.5460686683654785,1,1,1,0,1,1,0,1,0,1,0,0,1,0
TX002075,AC00058,-0.0895602559774991,-0.2017992249979443,-1.6060351532553172,-94.86262669132816,0.0,0.2056350498185464,2.0714932837213222,-5.901192979233966,0.28988937,0.39411584,0.3549605906009674,1,0,0,0,0,0,0,0,0,0,0,0,0,0
TX002076,AC00427,-0.069240053913726,-0.2302203391121802,-2.9424002925465667,-98.53244759927124,0.0,0.1367341073215939,1.8700658701991268,-14.70326508088659,0.28294566,0.2908277,0.22018785774707794,1,0,0,0,0,0,0,0,0,0,0,0,0,0
TX002077,AC00236,-0.0888592493279685,-0.2231740891602041,-2.1069248243066427,-97.33389908911192,0.0,0.2220366198476069,2.00963826238113,-6.931449006649643,0.22488682,0.3132222,0.32850468158721924,1,0,0,0,0,0,0,0,0,0,0,0,0,0
TX002078,AC00144,-0.1001380796768434,-0.2059152991290769,-3.1777804792214246,-99.43884036449226,0.0,0.1339972028830005,1.9867806696604255,-13.619762991753252,0.19153295,0.25133273,0.2418673038482666,1,0,0,0,0,0,0,0,0,0,0,0,0,0
TX002079,AC00256,-0.0949304946316837,-0.2468901108541158,-2.700234841958605,-98.00417415321677,0.0,0.0743972254003219,1.96854445253118,-8.58890758367311,0.2335395,0.23668313,0.19256283342838287,1,0,0,0,0,0,0,0,0,0,0,0,0,0
TX002080,AC00054,-0.0965241684426593,-0.1953222784372585,-1.4114328865446586,-96.0466974798428,4.214684851089404e-08,0.2289038675452923,1.929937044051592,-6.874182442086877,0.32071292,0.33340257,0.3035130202770233,1,0,0,0,0,0,0,0,0,0,0,0,0,0
TX002081,AC00492,-0.0281473079647478,-0.0772921916314832,-0.7406612855849177,-88.71609736829711,0.0,0.3718867970988235,2.620643417400337,-3.98697995513765,0.34646636,0.4099534,0.42565158009529114,1,0,0,0,0,0,0,0,0,0,0,0,0,0
TX002082,AC00498,-0.0848699882242116,-0.2054762929787632,-1.6948015906178917,-96.9919511451528,0.0,0.2234154586549916,2.1292963143120898,-13.04637576718396,0.28941965,0.35131374,0.3302549719810486,1,0,0,0,0,0,0,0,0,0,0,0,0,0
TX002083,AC00005,-0.0471167950061431,-0.1888759121245589,-1.1303261598739756,-94.56394375567908,0.0,0.1553807161553241,2.2183916341606897,-10.78044344871161,0.35710895,0.36125508,7.683833599090576,1,0,0,0,0,0,0,0,0,0,0,0,1,0
TX002084,AC00204,-0.0535050676420291,-0.0962715689866096,-2.169064372418018,-93.04615329836308,5.960464477539064e-08,0.3210831052896064,2.540760363231075,-7.705019765568426,0.3604529,0.36880818,0.5363798141479492,1,0,0,0,0,0,0,0,0,0,0,0,0,0
TX002085,AC00428,0.0018702738236573,-0.1224063291365997,-0.5810281775171715,-31.878479875322768,0.0,0.4672724693647986,3.125385712811578,1.2287506069971534,0.36504862,0.38740614,0.3531859815120697,1,1,1,0,0,0,0,1,0,0,0,0,0,0
TX002086,AC00019,-0.1068325399048559,-0.2472036986370932,-3.7481821202135057,-100.82935026424178,0.0,0.0811393172020321,1.7095061269816334,-14.498385747401,0.14358337,0.18274592,0.16763804852962494,1,0,0,0,0,0,0,0,0,0,0,0,0,0
TX002087,AC00029,0.0338824337856289,-0.0290714761160648,0.188077624679317,398.6109868242606,4.049283147419899,0.5125368595275392,6.010027977242201,1.7030199168220563,0.20775615,0.24221161,1.059725046157837,1,1,1,0,1,1,1,1,1,0,0,0,0,0
TX002088,AC00449,-0.1008927163322596,-0.2529257420184314,-3.604213477918585,-101.8441084469576,0.0,0.2294736463925783,1.7226103912227215,-13.468556336065252,0.22557078,0.173877,0.2710348069667816,1,0,0,0,0,0,0,0,0,0,0,0,0,0
TX002089,AC00213,-0.0351027441191348,-0.1955178027058945,-3.688845386739245,-95.16879531504034,4.214684851089404e-08,0.2712832071487248,1.88288904361802,-2.6744267301227733,0.18596536,0.31688341,4.269232749938965,1,0,0,0,0,0,0,0,0,0,0,0,1,0
TX002090,AC00076,-0.0781948231890083,-0.1865219693898545,-2.812524636816165,-94.94757900158812,0.0,0.3082973126604772,2.4409161399080777,-6.624199670356286,0.27759698,0.32649943,0.3168305456638336,1,0,0,0,0,0,0,0,0,0,0,0,0,0
TX002091,AC00442,-0.1099538566357084,-0.2194709065916618,-3.326809489318271,-96.84906946182764,0.0,0.2285664462982701,2.152725910681334,-8.10601823559981,0.24254325,0.25927338,0.21508722007274628,1,0,0,0,0,0,0,0,0,0,0,0,0,0
TX002092,AC00228,0.019430712145337,-0.0334238824500536,-0.4121440263707878,-53.620406892807495,2.5717317874002643,0.5173324844651579,2.92498113829348,2.781589286050808,0.422953,0.5027678,0.5594348311424255,1,1,1,0,0,0,0,1,0,0,0,0,0,0
TX002093,AC00081,-0.0455121110147008,-0.1237368909718814,-6.9859470177569e-05,66.78577902276062,1.9528504283366988,0.5355961369161738,2.783218278641909,-9.359468885455408,0.40489322,0.42552942,0.8406687378883362,1,0,0,0,0,1,0,1,0,0,0,0,0,0
TX002094,AC00072,-0.0569426998590269,-0.2217190061456273,-2.675897579877044,-95.4743052286565,4.214684851089404e-08,0.0996816388040006,1.9264966189021369,-6.497076665679095,0.23141207,0.22489344,0.2266450971364975,1,0,0,0,0,0,0,0,0,0,0,0,0,0
TX002095,AC00261,-0.0872254498128001,-0.2414611150660396,-2.9463110217991355,-97.8444390230082,4.214684851089404e-08,0.1743256630711989,1.853850830115159,-14.807774450743365,0.2881249,0.30152494,0.28173983097076416,1,0,0,0,0,0,0,0,0,0,0,0,0,0
TX002096,AC00082,-0.0870939650639222,-0.2416841104005795,-1.711416094939369,-87.6636121642583,0.0,0.2522032294247746,1.9459404066167172,-13.300066415002302,0.2314492,0.21191238,0.21824519336223602,1,0,0,0,0,0,0,0,0,0,0,0,0,0
TX002097,AC00334,-0.1043844990904334,-0.1809504760935285,-2.5810654568981155,-88.4496150086726,0.0,0.2948252766301902,2.1912331433249013,-6.078596454099906,0.26820213,0.3526098,0.2872864007949829,1,0,0,0,0,0,0,0,0,0,0,0,0,0
TX002098,AC00251,0.000286648353685,-0.1112724326688134,-2.321168560870976,-71.46297972724858,0.0,0.3387665610800074,2.659653621965244,-3.8394617376562303,0.36235535,0.35359287,0.284063458442688,1,1,1,0,0,0,0,0,0,0,0,0,0,0
TX002099,AC00481,-0.0704390660939779,-0.2313114915879721,-3.0893612225838405,-97.5022979743576,0.0,0.2020668427976897,2.1446996487916548,-7.686261740979469,0.20374724,0.26295707,0.24860191345214844,1,0,0,0,0,0,0,0,0,0,0,0,0,0
TX002100,AC00239,-0.0605294764005274,-0.1827980146347083,-2.8734279721985656,-88.4610109992212,0.0,0.307043969754583,2.035184899660492,-5.846675773706472,0.27199113,0.30238283,0.27720585465431213,1,0,0,0,0,0,0,0,0,0,0,0,0,0
TX002101,AC00394,-0.0667359738792489,-0.1418330253958164,-0.9437433474940482,-91.5325479538197,0.0,0.3630401948503335,2.581432236315133,-12.684678029119992,0.47347313,0.6161438,0.5453732013702393,1,0,0,0,0,0,0,0,0,0,0,0,0,0
TX002102,AC00374,-0.067603004705263,-0.2379994752727487,-2.56140284457289,-98.9565153617698,0.0,0.1821176636748251,1.7583653689969043,-14.345429620537892,0.33498466,0.31350031,0.33053097128868103,1,0,0,0,0,0,0,0,0,0,0,0,0,0
TX002103,AC00054,0.0089573297137995,-0.1756025939294303,-0.1508565278561722,-58.3534957562682,2.5509822602962475,0.5299746448341819,3.1408874407931404,11.011844761059567,0.3551507,0.35885504,0.8492703437805176,1,1,1,0,0,0,0,1,0,1,0,0,0,0
TX002104,AC00281,-0.0670604859438168,-0.2348358061032507,-3.561763391851442,-97.6136796395514,0.0,0.1853326554545255,1.7118963080068448,-11.028594741795825,0.20884234,0.30113336,0.17170017957687378,1,0,0,0,0,0,0,0,0,0,0,0,0,0
TX002105,AC00140,-0.03878489250026,-0.1557148300630195,-0.9440012172095632,-83.53330219721082,5.960464477539064e-08,0.313742170041026,2.38021460208078,-8.971670386260655,0.48870245,0.4345568,0.46752336621284485,1,0,0,0,0,0,0,0,0,0,0,0,0,0
TX002106,AC00058,-0.1043147790423975,-0.1863563192410959,-3.439552215335796,-93.90022630407624,0.0,0.2185762841679189,1.711365887748144,-7.429487639715163,0.21150838,0.23607357,0.20548756420612335,1,0,0,0,0,0,0,0,0,0,0,0,0,0
TX002107,AC00066,-0.1060204083541127,-0.2501170039826629,-3.0604431113588517,-101.19309246895794,0.0,0.0666207161395966,1.76162868133036,-13.969217585952707,0.15258503,0.21895374,0.18813136219978333,1,0,0,0,0,0,0,0,0,0,0,0,0,0
TX002108,AC00190,-0.1137288247339896,-0.2428428836230037,-4.023903365525997,-88.80864030249953,2.9802322387695312e-08,0.2068217441217354,1.8560462755067144,-8.098391750014214,0.15542185,0.19193336,0.1656213253736496,1,0,0,0,0,0,0,0,0,0,0,0,0,0
TX002109,AC00452,-0.0985121574535236,-0.1941759786639008,-2.158975013487228,-97.34635789950312,0.0,0.1770133408033836,2.044588111989947,-7.145429343955066,0.22342914,0.31881645,0.3676941990852356,1,0,0,0,0,0,0,0,0,0,0,0,0,0
TX002110,AC00099,-0.0582933494472641,-0.2159586926904519,-2.24839236092632,-97.79958231171815,0.0,0.1448371950663999,1.870246120153813,-12.695242546410332,0.26336825,0.2571657,0.23955781757831573,1,0,0,0,0,0,0,0,0,0,0,0,0,0
TX002111,AC00126,-0.0999937995644026,-0.2217630699596033,-3.313026526552908,-98.6609304570458,0.0,0.1959339810609885,2.094816665912299,-4.947799046856081,0.19646467,0.27639833,0.3136829137802124,1,0,0,0,0,0,0,0,0,0,0,0,0,0
TX002112,AC00021,-0.0064908260487845,0.0363677609742032,2.0908875396613498,460.2530536264772,3.2961492634819045,0.6369810022272889,6.374957479879448,4.507580463069593,0.5920394,0.4124163,1.325188159942627,1,2,0,1,1,1,1,1,1,1,1,0,0,1
TX002113,AC00353,-0.0515430095742109,-0.0940748896973293,-1.1783951038404714,-90.79916315714944,0.0,0.3864052642939929,2.4221908245563597,-4.258531110648353,0.25847724,0.52745754,0.5233311653137207,1,0,0,0,0,0,0,0,0,0,0,0,0,0
TX002114,AC00482,-0.0790996123968658,-0.2377838145868287,-3.2166497970541394,-100.12957393072028,0.0,0.1523664613241723,1.7311452235319786,-15.15305651303498,0.25692844,0.28490105,0.26167190074920654,1,0,0,0,0,0,0,0,0,0,0,0,0,0
TX002115,AC00427,-0.0302820944533909,-0.1779694085301846,-3.45650561891648,-72.26934346997189,4.214684851089404e-08,0.2939948233505453,2.4583591412020125,-1.9971264656209893,0.23242521,0.2780877,0.49967363476753235,1,0,0,0,0,0,0,0,0,0,0,0,0,0
TX002116,AC00430,-0.0470125701304732,-0.1811978569607168,-2.553751391538884,-95.86446116073192,0.0,0.2719036315545071,2.227815592104825,-5.979045340569335,0.25723064,0.43210474,0.33146047592163086,1,0,0,0,0,0,0,0,0,0,0,0,0,0
TX002117,AC00043,-0.0925240120054947,-0.2592876517617571,-2.466571051367729,-98.5215339800566,0.0,0.0509584632063997,1.7203578968385416,-8.427324609288252,0.19116472,0.21690863,0.27052411437034607,1,0,0,0,0,0,0,0,0,0,0,0,0,0
TX002118,AC00186,0.0019952275392257,-0.0374084702310799,0.000200250584931,-83.17057749342825,0.0,0.4095097672255299,3.1283668157546565,-4.562101137545382,0.57308435,0.61839795,,0,2,1,0,1,0,0,0,0,0,1,0,0,1
TX002119,AC00248,-0.0237274609180495,-0.1220888723640505,-0.6615137791039798,-88.2096824127892,0.0,0.4075331319594328,2.7915050322460804,-11.026459744320537,0.36495876,0.43186453,0.7197520136833191,1,0,0,0,0,0,0,0,0,0,0,0,0,0
TX002120,AC00069,-0.054990707289639,-0.1848670797043781,-3.434550247930983,-95.21353980776786,0.0,0.2731345551091133,2.18629050751037,-12.2423348610441,0.22321492,0.2084412,0.24369090795516968,1,0,0,0,0,0,0,0,0,0,0,0,0,0
TX002121,AC00002,-0.0841404046831426,-0.2267905125293015,-2.398217525908636,-93.54897322782278,0.0,0.1503117895048258,1.947164832554386,-13.479295001342308,0.22178394,0.22704905,0.27695512771606445,1,0,0,0,0,0,0,0,0,0,0,0,0,0
TX002122,AC00090,-0.0735538399572058,-0.1558127877666757,-2.767514795365826,-95.35521736774204,0.0,0.2584189526654028,2.081732215151061,-14.249082794986878,0.31452176,0.3806858,0.33639273047447205,1,0,0,0,0,0,0,0,0,0,0,0,0,0
TX002123,AC00210,-0.1047767507484214,-0.2040864090153951,-1.5948790736489835,-95.4200186948469,0.0,0.1748976987573343,2.045825360425643,-6.90281335062917,0.2536552,0.3112714,0.28691887855529785,1,0,0,0,0,0,0,0,0,0,0,0,0,0
TX002124,AC00014,-0.0721587208276965,-0.1497693470044154,-2.087610844432297,-88.81162100777644,0.0,0.3246659105927829,2.282611981146719,-6.373210653093336,0.34603095,0.32855546,0.32186296582221985,1,0,0,0,0,0,0,0,0,0,0,0,0,0
TX002125,AC00039,0.0399278862702835,0.4897770433740884,3.877268115455678,98.86826879313118,5.543140184283976,0.7557664410311026,5.859304611069733,8.058928769297845,0.9156692,1.8323207,2.2053935527801514,1,3,1,1,1,1,1,1,1,1,1,1,1,1
TX002126,AC00021,-0.067068091248334,-0.1571762587625806,-1.8095981162823085,-80.83681481626249,0.0,0.4145115050439322,2.348293790107824,0.0658884948555427,0.2982789,0.3049406,0.2841717302799225,1,0,0,0,0,0,0,0,0,0,0,0,0,0
TX002127,AC00242,-0.0855582033047234,-0.2448388585633828,-2.994233303868977,-99.52165117815464,0.0,0.1866853316862469,1.64090429900973,-14.866466463199895,0.26951638,0.26192436,6.657064437866211,1,0,0,0,0,0,0,0,0,0,0,0,1,0
TX002128,AC00413,-0.0939272336893807,-0.2513878007222544,-3.658188330900466,-102.92687394981871,0.0,0.0535863167231579,1.6174067730038608,-15.000603261254115,0.14854673,0.1783829,0.16344058513641357,1,0,0,0,0,0,0,0,0,0,0,0,0,0
TX002129,AC00082,-0.0416813825140807,-0.1656749763132379,-1.9026776642474676,-88.76620590375877,0.0,0.2615833835429169,1.9667583379215825,-11.189035274228898,0.2919707,0.29694068,0.32773032784461975,1,0,0,0,0,0,0,0,0,0,0,0,0,0
TX002130,AC00304,-0.0095060732086584,-0.0500776820197663,-0.701009813452556,-64.37134632242775,0.0,0.4177669031570559,3.057386322326287,0.509329650019092,0.43326914,0.52176213,0.40666863322257996,1,0,0,0,0,0,0,0,0,0,0,0,0,0
TX002131,AC00098,-0.111469729842962,-0.2546567636785782,-3.0734500499782067,-101.85898462458348,2.9802322387695312e-08,0.1106444747964203,1.6914824469542085,-9.213113254745751,0.18572439,0.17496021,0.19225580990314484,1,0,0,0,0,0,0,0,0,0,0,0,0,0
TX002132,AC00372,-0.0648242725107353,-0.2218406327990636,-2.206190096168231,-94.5619958123546,0.0,0.2123974416284848,2.1406405763446217,-5.883963506656945,0.26990598,0.25066766,0.24787238240242004,1,0,0,0,0,0,0,0,0,0,0,0,0,0
TX002133,AC00274,-0.1283910919302627,-0.2522402073153932,-3.4599834189827154,-101.84363100476858,0.0,0.0,1.6490956413615456,-8.771660742778227,0.13073733,0.19543129,0.21661712229251862,1,0,0,0,0,0,0,0,0,0,0,0,0,0
TX002134,AC00080,-0.0832936112841848,-0.2443061918495409,-1.605235725069103,-79.48799143218451,0.0,0.2173518825866447,1.9922256239420744,-12.8284480123125,0.17111021,0.2114476,0.30953866243362427,1,0,0,0,0,0,0,0,0,0,0,0,0,0
TX002135,AC00064,-0.1153532121904237,-0.2425315998641032,-3.472403040537775,-98.2520532305242,2.9802322387695312e-08,0.0960026835887203,1.5446866555409482,-8.887323455519912,0.15062405,0.14685969,0.15633386373519897,1,0,0,0,0,0,0,0,0,0,0,0,0,0
TX002136,AC00241,-0.0436656087648409,-0.1348586001944114,-2.244066853332797,-95.85267528325078,0.0,0.2781655767475143,2.275776788763358,-11.64555972539782,0.31608668,0.39939848,0.2976878881454468,1,0,0,0,0,0,0,0,0,0,0,0,0,0
TX002137,AC00055,-0.1002693407797851,-0.2238808962615708,-4.186860017978069,-99.42414647472356,0.0,0.1423744912714426,2.255910799788796,-1.5628438793488948,0.16333394,0.16484813,0.1478968858718872,1,0,0,0,0,0,0,0,0,0,0,0,0,0
TX002138,AC00215,-0.0819916309656756,-0.1848997501556906,-1.6398986713166694,-71.93751356222259,5.960464477539064e-08,0.2956023546784795,1.9685461985078327,-3.9918768166163945,0.40060535,0.34363693,0.3997815251350403,1,0,0,0,0,0,0,0,0,0,0,0,0,0
TX002139,AC00037,-0.0912125085857502,-0.1802536314220175,-1.480762296162376,-93.71986587769416,0.0,0.289154711207287,2.22866718783463,-6.9744087336634735,0.3225969,0.3516335,,0,0,0,0,0,0,0,0,0,0,0,0,0,0
TX002140,AC00325,-0.0779838031918387,-0.1729206931258042,-2.2107176436221136,-97.77171058770529,0.0,0.287580734149579,2.5446980381973647,-12.613189824634151,0.31235212,0.25319445,0.2966066002845764,1,0,0,0,0,0,0,0,0,0,0,0,0,0
TX002141,AC00394,-0.0020820994342235,0.1561976386061125,0.225885585100011,-78.69634113410237,2.554937543861232,0.5483273848167617,3.5511018925325897,-1.7061723863961686,0.77679706,0.7953244,0.7600672245025635,1,2,0,1,1,0,0,1,1,0,1,1,0,1
TX002142,AC00164,-0.114695797722272,-0.2344937672367848,-2.773703494282633,-98.42219284201644,0.0,0.1410143553409125,2.0374493752550737,-8.131663185185662,0.22904317,0.3026755,2.1146602630615234,1,0,0,0,0,0,0,0,0,0,0,0,1,0
TX002143,AC00096,-0.0427797552457788,-0.0869571826158239,-0.6967031018837266,-89.94361463176597,0.0,0.4023726321185784,2.5451093293471296,-9.136831156060929,0.37491772,0.5599541,0.6635631918907166,1,0,0,0,0,0,0,0,0,0,0,0,0,0
TX002144,AC00402,-0.1001245194093919,-0.2159834518976682,-2.0801001707648163,-98.61147996801364,0.0,0.2074759813184099,1.850035148198641,-8.577493035722659,0.22496356,0.2443521,0.23682276904582977,1,0,0,0,0,0,0,0,0,0,0,0,0,0
TX002145,AC00077,-0.0419711431533674,0.0280077359045163,0.0001328475447932,-78.95828908525816,0.0,0.483391824870122,3.3381168295223214,1.6198237175570036,0.6824076,0.8150564,0.8497472405433655,1,2,0,1,1,0,0,1,1,0,1,1,0,1
TX002146,AC00116,-0.0704500605518965,-0.1864102369355051,-1.5600499823441298,-79.43708144442215,0.0,0.3391528431457143,2.28938192181411,-4.394197586280967,0.41360557,0.35338175,0.3733077347278595,1,0,0,0,0,0,0,0,0,0,0,0,0,0
TX002147,AC00145,-0.0519104271899164,-0.186576810600304,-1.7472752317677471,-91.93460065158952,0.0,0.314641165652898,2.216539177842925,-5.09371428411556,0.25247565,0.4726014,0.4386536180973053,1,0,0,0,0,0,0,0,0,0,0,0,0,0
TX002148,AC00457,-0.0883318123489728,-0.2396226089443311,-2.728128362644237,-97.59331179211952,0.0,0.1734003412170188,2.01019901770119,-5.468250855603407,0.19039528,0.2498154,0.22968710958957672,1,0,0,0,0,0,0,0,0,0,0,0,0,0
TX002149,AC00021,-0.0442066565999648,-0.1232270079028414,-1.3979246286234277,-91.8178860203737,0.0,0.3732025390335626,2.6818033525882234,-1.959311379511635,0.4232003,0.4279256,0.4025763273239136,1,0,0,0,0,0,0,0,0,0,0,0,0,0
TX002150,AC00110,-0.0230089020113259,0.0322116411141977,-1.9560059941449424,-67.53270005888626,0.0,0.476337418901904,2.795292682139076,-1.6077927716530422,0.4456899,0.5354993,0.4457572400569916,1,1,0,1,0,0,0,1,0,0,0,0,0,0
TX002151,AC00284,-0.0872173829075516,-0.1675407367976535,-1.2814097122481618,-93.0409749515262,0.0,0.2608096116949966,2.397109445358968,-6.019259226208281,0.29224196,0.34491348,0.3841882050037384,1,0,0,0,0,0,0,0,0,0,0,0,0,0
TX002152,AC00012,-0.0341695770416449,-0.2377744493318372,-1.857506551116068,-51.46354127801119,0.0,0.0051844473112622,2.3637824837764305,-2.489114652860765,0.151211,0.15662421,0.2780858278274536,1,0,0,0,0,0,0,0,0,0,0,0,0,0
TX002153,AC00065,-0.0943137100962081,-0.2465581136822956,-3.787062111381105,-98.42372157563815,2.9802322387695312e-08,0.1170528362015548,1.7006513456167882,-9.503081372777988,0.13776511,0.14617147,0.1506616771221161,1,0,0,0,0,0,0,0,0,0,0,0,0,0
TX002154,AC00439,-0.0864641270115214,-0.2505366566442895,-3.060340172276537,-99.19965592748598,0.0,0.1797759526484278,1.7673075525375064,-14.76475256119055,0.25129744,0.26043376,0.3332170248031616,1,0,0,0,0,0,0,0,0,0,0,0,0,0
TX002155,AC00157,-0.059611468479704,-0.1220616293804781,-1.2854063046474389,-91.71034412618444,0.0,0.3629257978423908,2.692181569349249,-9.420454951449676,0.4073696,0.44939348,0.797480046749115,1,0,0,0,0,0,0,0,0,0,0,0,0,0
TX002156,AC00013,-0.0683934574380564,-0.2063275160117383,-1.8427942042922776,-88.2779946392838,0.0,0.3379690508238611,2.6057261123932727,-11.707274782876413,0.4045254,0.4124286,0.47102344036102295,1,0,0,0,0,0,0,0,0,0,0,0,0,0
TX002157,AC00355,-0.0380559209704414,-0.1650342901777672,-1.1936910866167247,-91.27577568763226,0.0,0.2996170379362906,2.4041583849982007,-9.155291654325495,0.35040966,0.45702103,0.35775431990623474,1,0,0,0,0,0,0,0,0,0,0,0,0,0
TX002158,AC00155,-0.1062063975431962,-0.2529709690804806,-3.981860072732231,-98.97031021487334,0.0,0.1664215444697729,1.7321186210210238,-9.328027673351375,0.15521722,0.18662807,0.17209917306900024,1,0,0,0,0,0,0,0,0,0,0,0,0,0
TX002159,AC00105,-0.0400192111406687,0.0268816188497322,-0.2439919608662917,-87.2497737065437,5.960464477539064e-08,0.4654277053920334,2.675617502047804,-1.7673523953962584,0.29485193,0.7836889,0.7859445214271545,1,1,0,1,0,0,0,1,0,0,0,1,0,0
TX002160,AC00216,0.0042731945836802,-0.2309314700736162,-0.2423988064162383,29.87687431409317,0.0,0.4932333518198085,2.626684480379548,8.788873699341604,0.23568231,0.26872987,2.3269622325897217,1,1,1,0,0,1,0,1,0,1,0,0,1,0
TX002161,AC00297,-0.0816738888021205,-0.2365944564758921,-2.479344004863777,-96.8560565669988,0.0,0.0989445241674432,1.994809882911082,-7.711686757405471,0.253539,0.24848408,0.14970645308494568,1,0,0,0,0,0,0,0,0,0,0,0,0,0
TX002162,AC00139,0.0050689583656982,-0.1456348715858275,0.8930596877363826,41.28228645514487,3.296711158481805,0.5796639957083345,3.40247686418897,8.612020417056922,0.4588967,0.49958098,2.5971856117248535,1,1,1,0,1,1,1,1,1,1,0,0,1,0
TX002163,AC00205,-0.1105798341771336,-0.2370217287796971,-3.782756034389691,-94.57653246534164,0.0,0.1772669101617106,1.7366538150638935,-8.630489408089323,0.16787632,0.21092969,0.21057505905628204,1,0,0,0,0,0,0,0,0,0,0,0,0,0
TX002164,AC00148,-0.0674057735918408,-0.232055078244618,-3.77480949987006,-96.78201735630414,4.214684851089404e-08,0.1113168526531102,2.198283552635048,-3.106148776831387,0.2075162,0.17773713,0.19922451674938202,1,0,0,0,0,0,0,0,0,0,0,0,0,0
TX002165,AC00064,-0.09818895814021,-0.2335372059292859,-2.9746293538715447,-98.27293159136563,0.0,0.1371323120128584,1.712709202446987,-12.73659152525845,0.21914673,0.2634108,0.21178510785102844,1,0,0,0,0,0,0,0,0,0,0,0,0,0
TX002166,AC00344,-0.1246204993271988,-0.203824628188211,-3.230444200642565,-95.85943822007228,2.9802322387695312e-08,0.225742531972602,2.031611610769969,-6.674655684734653,0.22712387,0.24326171,0.21148104965686798,1,0,0,0,0,0,0,0,0,0,0,0,0,0
TX002167,AC00448,-0.1022999965372684,-0.2509492211769846,-4.13294509636891,-94.68392632259932,0.0,0.1408125471345339,1.5112893068335538,-8.600714187290679,0.11317919,0.12696187,0.17364807426929474,1,0,0,0,0,0,0,0,0,0,0,0,0,0
TX002168,AC00446,-0.0942941063557612,-0.2328448153284015,-4.088768800208482,-101.2186955757294,0.0,0.1129803068819865,1.8535238816894588,-14.768641949923024,0.1844677,0.18224011,0.1919526308774948,1,0,0,0,0,0,0,0,0,0,0,0,0,0
TX002169,AC00460,-0.0043527001513997,0.0105178500374554,0.0003876292859104,-84.85171127515062,5.960464477539064e-08,0.4351853027354799,2.9391031639655782,-5.594315084502172,0.6992201,0.7194604,0.4822772741317749,1,2,0,1,1,0,0,0,0,0,1,1,0,1
TX002170,AC00020,-0.125030949081729,-0.2311755102654451,-2.1383383395808897,-98.55713411538667,0.0,0.2105501656174878,1.7858826436092496,-8.326785151742582,0.24825512,0.26983318,0.23847895860671997,1,0,0,0,0,0,0,0,0,0,0,0,0,0
TX002171,AC00202,-0.0304257601494332,-0.1899033677405266,-1.703682400267792,-92.0274650403855,0.0,0.2665270714078678,2.485769149748956,-9.993306454686108,0.3547536,0.4090835,1.8868145942687988,1,0,0,0,0,0,0,0,0,0,0,0,1,0
TX002172,AC00458,-0.0722901546684463,-0.2479793091165528,-3.4406792208946597,-100.37120539490483,4.214684851089404e-08,0.0339926744737721,1.4067868497656228,-13.717800632091748,0.18545844,0.19298996,0.21430808305740356,1,0,0,0,0,0,0,0,0,0,0,0,0,0
TX002173,AC00139,-0.0726319259211553,-0.0677099512031891,-1.7144204183523,-92.37310073403742,4.214684851089404e-08,0.3417495996499623,2.420592118316009,-6.929705074833913,0.32358143,0.3824054,0.37070968747138977,1,0,0,0,0,0,0,0,0,0,0,0,0,0
TX002174,AC00210,-0.0882833247792163,-0.2505987246063048,-4.055523649833604,-101.36076024500076,4.214684851089404e-08,0.0546788607098938,1.6647548779335568,-14.400083020107331,0.1931056,0.183927,0.16512107849121094,1,0,0,0,0,0,0,0,0,0,0,0,0,0
TX002175,AC00399,-0.0502552974448584,-0.2299356960366818,-2.68164066044588,-96.60753236017788,0.0,0.201074172534161,1.8654605397319524,-8.236018149585606,0.31374198,0.3177811,0.3066548705101013,1,0,0,0,0,0,0,0,0,0,0,0,0,0
TX002176,AC00267,-0.0956236046202906,-0.2165948856973065,-3.369172824876478,-100.67768669067542,0.0,0.0720335915500306,2.043792320037357,-9.021889408914271,0.21242292,0.21764562,0.1130937859416008,1,0,0,0,0,0,0,0,0,0,0,0,0,0
TX002177,AC00414,-0.0612788217678313,-0.1964795133903729,-2.2519288557521597,-96.12070532365505,0.0,0.2577631657877473,2.4207783315701,-13.866792891174804,0.32886425,0.3880955,0.32419002056121826,1,0,0,0,0,0,0,0,0,0,0,0,0,0
TX002178,AC00272,-0.0990234350484668,-0.2496447287793006,-3.2763908718457038,-100.9522181254964,0.0,0.0987109757477814,1.4614219521690683,-14.714400140878658,0.22358897,0.2179473,0.2076120376586914,1,0,0,0,0,0,0,0,0,0,0,0,0,0
TX002179,AC00220,-0.1332230785340345,-0.2498391283647281,-4.340591907982559,-100.00392640166989,0.0,0.1225700584092553,1.3292051673230092,-10.222886629590064,0.11758273,0.13203773,0.15379935503005981,1,0,0,0,0,0,0,0,0,0,0,0,0,0
TX002180,AC00276,-0.0815254727818154,-0.1506395784034782,-1.8262283284304788,-96.1377687162607,0.0,0.2761449775767763,2.351501294321165,-6.7760978269136345,0.260167,0.35282075,0.33878257870674133,1,0,0,0,0,0,0,0,0,0,0,0,0,0
TX002181,AC00084,-0.0628355543819786,-0.1206861918306205,-1.5212272216853977,-92.61124493086076,0.0,0.3628081842835294,2.494740000457885,-8.502842979898471,0.47478813,0.49044535,,0,0,0,0,0,0,0,0,0,0,0,0,0,0
TX002182,AC00189,-0.0800879350694513,-0.2408760927951595,-2.9719822639325217,-98.66233193572629,0.0,0.0549468772875359,1.69761449054446,-16.093523549801482,0.30131254,0.32866305,0.2823074758052826,1,0,0,0,0,0,0,0,0,0,0,0,0,0
TX002183,AC00209,-0.0777227130896225,-0.1757149852899158,-2.2031624242727057,-91.4113410924954,0.0,0.2784119928601032,2.073104681117692,-12.302447143846178,0.25815114,0.29063913,0.2432231903076172,1,0,0,0,0,0,0,0,0,0,0,0,0,0
TX002184,AC00324,-0.0620395778626849,-0.1625022414158317,-2.247470290372747,-95.47773759854338,0.0,0.1932656298081325,2.185361248182576,-12.098371228547348,0.30586737,0.31384027,0.3256914019584656,1,0,0,0,0,0,0,0,0,0,0,0,0,0
TX002185,AC00159,-0.0746443673481523,-0.2333940478649314,-3.165597733131409,-97.62105161371942,0.0,0.0654311558669384,1.7632265415760366,-8.417100637576054,0.1842305,0.19468488,0.22645170986652374,1,0,0,0,0,0,0,0,0,0,0,0,0,0
TX002186,AC00497,-0.1051064821588687,-0.1774272604259454,-0.8954785547532254,-95.207755162796,0.0,0.2118059547735894,2.388759357078595,-6.572582220524533,0.30298787,0.37984303,0.40493044257164,1,0,0,0,0,0,0,0,0,0,0,0,0,0
TX002187,AC00257,-0.0921458910319083,-0.1718760729337851,-1.4730487048784058,-89.27121780083765,0.0,0.3106442298899458,2.473345388872803,-4.812252744025599,0.33006018,0.38562307,0.21276940405368805,1,0,0,0,0,0,0,0,0,0,0,0,0,0
TX002188,AC00353,-0.1149476649063727,-0.2247252592978956,-3.2750371205286326,-98.74116933043727,0.0,0.1763036665822491,1.8203006190752309,-9.25835556413864,0.16990349,0.26899904,0.27938112616539,1,0,0,0,0,0,0,0,0,0,0,0,0,0
TX002189,AC00115,-0.0405374211331304,-0.0850921505216644,-1.409962051697284,-85.87747348435477,0.0,0.412247876889143,2.5197738260130813,-8.043430964981942,0.5577214,0.558214,0.5107204914093018,1,1,0,0,0,0,0,0,0,0,1,0,0,0
TX002190,AC00478,-0.0961882019671798,-0.2441041618329649,-3.903652008837127,-100.71681541619824,0.0,0.0546788607098938,1.5397346336434805,-14.081819450036452,0.16269244,0.20855239,0.19399577379226685,1,0,0,0,0,0,0,0,0,0,0,0,0,0
TX002191,AC00497,-0.1089166981605608,-0.2518586848339935,-3.377830972809277,-101.35358723380358,2.9802322387695312e-08,0.1198421187796669,1.6692549979304785,-14.492125543933502,0.15971063,0.16604517,0.20223917067050934,1,0,0,0,0,0,0,0,0,0,0,0,0,0
TX002192,AC00131,0.0846462588822465,0.2944281993765274,2.9237686793006743,915.7797008371762,7.490269335361775,0.6514642560454511,10.500107498107493,10.523232119914576,0.3891194,0.22968656,9.362387657165527,1,2,1,1,1,1,1,1,1,1,0,0,1,1
TX002193,AC00059,-0.0347608510960323,-0.1514996175023348,-3.076676379723813,-92.69273228013569,0.0,0.2657625159259409,2.2690283962915454,0.871894222556179,0.25368297,0.28340504,0.2466181069612503,1,0,0,0,0,0,0,0,0,0,0,0,0,0
TX002194,AC00101,-0.0446192412041186,-0.1317345760197787,-1.2664665812146731,-87.47234860705535,0.0,0.3597473596088533,2.6022135564993647,-4.790427378516047,0.396191,0.41120064,0.4072943925857544,1,0,0,0,0,0,0,0,0,0,0,0,0,0
TX002195,AC00418,-0.0425026216409625,-0.2537266780380836,-2.4796410717747728,-71.5209234617513,0.0,0.2896483145302852,1.6226881685885952,-1.4350264164241102,0.12686945,0.17463833,0.15444806218147278,1,0,0,0,0,0,0,0,0,0,0,0,0,0
TX002196,AC00384,-0.0982959904298026,-0.2315235604685379,-3.047062536479488,-100.40338765846955,0.0,0.1480603243085186,2.229940876767795,-13.592358544762805,0.2425162,0.18911918,0.21319182217121124,1,0,0,0,0,0,0,0,0,0,0,0,0,0
TX002197,AC00496,-0.0864608338300313,-0.2188717363701056,-2.058779445056648,-98.48277992770235,0.0,0.225621424479386,1.9377158069212703,-7.061898670086343,0.248726,0.26808134,0.25593870878219604,1,0,0,0,0,0,0,0,0,0,0,0,0,0
TX002198,AC00145,-0.1129460086556881,-0.2415395696785255,-2.608954740898068,-95.53963845049188,0.0,0.1536760782661791,2.108767955345193,-8.095707123557018,0.26630723,0.23979041,0.2517070770263672,1,0,0,0,0,0,0,0,0,0,0,0,0,0
TX002199,AC00131,-0.135463173196166,-0.2287062317228738,-2.935073641174152,-98.5168631388481,0.0,0.2067833621322113,1.7096087994708222,-8.529748390177438,0.20568068,0.29364648,0.20868176221847534,1,0,0,0,0,0,0,0,0,0,0,0,0,0
TX002200,AC00224,-0.0524502314674193,-0.2189086396613564,-0.7379938038125546,57.378966945316606,0.0,0.4740965605341024,2.0659910981210183,-11.334581969564407,0.24821694,0.26271006,,0,0,0,0,0,1,0,1,0,0,0,0,0,0
TX002201,AC00219,-0.0855925914534692,-0.2078180068125896,-3.6287932399689735,-100.3171238308467,4.214684851089404e-08,0.2265633670572561,2.046811407173681,-8.3828514541934,0.22489841,0.22596598,0.13448363542556763,1,0,0,0,0,0,0,0,0,0,0,0,0,0
TX002202,AC00385,0.0029647112779365,-0.0789882346448287,0.1983295520962835,3.5382385136212378,2.535016845812109,0.5375182434964727,2.942469753690792,3.14746147353432,0.41363966,0.4559812,0.4630163908004761,1,1,1,0,1,1,0,1,0,0,0,0,0,0
TX002203,AC00133,-0.0755712236724288,-0.0991957497248459,-0.4804511718892357,-91.47175542693618,0.0,0.3208699457219712,2.7791188286896578,-5.0723574196056616,0.39118782,0.42952022,0.45897728204727173,1,0,0,0,0,0,0,0,0,0,0,0,0,0
TX002204,AC00056,-0.0949306986000318,-0.2123505773223295,-2.9641546764079267,-97.91713267080586,0.0,0.2604112552462173,2.086374390585509,-12.56565315910229,0.21682532,0.2761646,0.2565711438655853,1,0,0,0,0,0,0,0,0,0,0,0,0,0
TX002205,AC00358,-0.0849329839524126,-0.1564163599561634,-1.052935829388697,-93.8839263614878,5.960464477539064e-08,0.2895537984085251,2.4115757481386915,-5.915535595111988,0.3604133,0.45005977,0.44872400164604187,1,0,0,0,0,0,0,0,0,0,0,0,0,0
TX002206,AC00419,-0.100675123812354,-0.2440514257363677,-2.623385027645454,-98.33628538799354,0.0,0.0656966598358913,1.7610238835948824,-8.383455349522087,0.19360964,0.22169304,0.1835297793149948,1,0,0,0,0,0,0,0,0,0,0,0,0,0
TX002207,AC00464,-0.0923646918197576,-0.2192386352343804,-2.177282529856421,-98.79030100501194,0.0,0.0685634583896977,2.1491545719686997,-7.655013775061697,0.25805062,0.26439014,0.34261152148246765,1,0,0,0,0,0,0,0,0,0,0,0,0,0
TX002208,AC00430,-0.0724605625374326,-0.178822436534038,-2.744073500726869,-91.08292231356,0.0,0.2062334635831046,2.0780034060367494,-6.401408442848022,0.3010232,0.33419305,0.3177797496318817,1,0,0,0,0,0,0,0,0,0,0,0,0,0
TX002209,AC00071,-0.0785379458720904,-0.1712346898632033,-1.824705470957105,-94.13813359045976,0.0,0.2519093953803346,2.6578762046607984,-0.2070562669155475,0.29261526,0.44701147,0.6467361450195312,1,0,0,0,0,0,0,0,0,0,0,0,0,0
TX002210,AC00404,-0.0810030251475874,-0.2094678050151897,-2.888175788497745,-98.53406086182184,0.0,0.2595280048070588,1.907332018883968,-14.459416785936137,0.29705483,0.2675623,0.2578846514225006,1,0,0,0,0,0,0,0,0,0,0,0,0,0
TX002211,AC00349,-0.0517644743672215,-0.1339821686070594,-0.906693218433424,-87.91163449536579,0.0,0.3507660445485378,2.3345121262119783,-4.7219927882044965,0.3490751,0.4048643,0.47632837295532227,1,0,0,0,0,0,0,0,0,0,0,0,0,0
TX002212,AC00235,-0.045379238519184,0.0231748659566199,-0.0366641189449881,-83.82512435258843,0.0,0.4851376626268147,3.0688359897183286,1.2249308040119191,0.5991567,0.68301606,0.6662788987159729,1,2,0,1,0,0,0,1,0,0,1,1,0,1
TX002213,AC00228,-0.0665048401758398,-0.1651729731240483,-2.0956351860140403,-89.33830524021991,4.214684851089404e-08,0.3114636590555815,2.198574356101153,-6.573011603262015,0.2951416,0.34558848,0.29738909006118774,1,0,0,0,0,0,0,0,0,0,0,0,0,0
TX002214,AC00024,-0.10181914656718,-0.2344101512603063,-4.401269661932541,-94.86548935413047,0.0,0.1389668444130612,1.733508925671485,-7.477576702223946,0.16422397,0.18515365,0.21692685782909393,1,0,0,0,0,0,0,0,0,0,0,0,0,0
TX002215,AC00330,-0.060123754115841,-0.252320731124354,-3.101342477351653,-98.7305203434269,0.0,0.1248848092012882,1.5584362392750737,-12.401284233172742,0.20027563,0.22996023,0.19662165641784668,1,0,0,0,0,0,0,0,0,0,0,0,0,0
TX002216,AC00290,-0.0081741594315993,-0.0627911458767995,-1.264969164495045,-71.90598929000095,0.0,0.4301685786842135,2.6107006918857376,2.620168007193219,0.59636223,0.5206132,0.4942415654659271,1,1,0,0,0,0,0,0,0,0,1,0,0,0
TX002217,AC00042,-0.09762145059161,-0.2282071175795292,-3.128208417781738,-97.4878795617401,0.0,0.2377595996026217,1.8992603644028987,-15.24295494439901,0.19962576,0.37748915,0.35226473212242126,1,0,0,0,0,0,0,0,0,0,0,0,0,0
TX002218,AC00203,-0.0340263006158194,-0.1686587415579237,-2.0124399191981377,-95.04425064202154,0.0,0.2925270867098388,2.1084086923234127,-11.021164227330011,0.3596454,0.37711832,0.39223945140838623,1,0,0,0,0,0,0,0,0,0,0,0,0,0
TX002219,AC00248,-0.0711799992812017,-0.2040593943721813,-1.4351151733425267,-70.78411433262193,0.0,0.3470187834650758,2.369006189551324,-11.187492753653538,0.24842787,0.2695092,0.41047564148902893,1,0,0,0,0,0,0,0,0,0,0,0,0,0
TX002220,AC00140,-0.1425830541977183,-0.257599828336024,-3.502222715813054,-101.4441389312846,4.214684851089404e-08,0.1166645609168915,1.694914467291622,-10.28610327016642,0.10383866,0.2100727,0.19500663876533508,1,0,0,0,0,0,0,0,0,0,0,0,0,0
TX002221,AC00095,-0.0648977787374875,-0.1385646914733558,-1.9855127674674309,-87.47125394446695,0.0,0.3620907014766047,2.046784810274678,-4.805782108852518,0.3227942,0.4012738,0.5168259143829346,1,0,0,0,0,0,0,0,0,0,0,0,0,0
TX002222,AC00225,0.002174384931269,-0.1033755851083479,0.2002157639190258,289.27045154750834,2.534109907945163,0.535070261655416,4.749242242956046,-7.974592622418625,0.26583692,0.2512551,7.480947017669678,1,1,1,0,1,1,0,1,1,0,0,0,1,0
TX002223,AC00445,-0.0253291271257156,-0.217056342934766,-1.0887573322664368,-33.899045637107605,8.429369702178808e-08,0.3445306870761928,2.766083156762806,-12.513263258217616,0.21123794,0.23479125,0.3530920743942261,1,0,0,0,0,0,0,0,0,0,0,0,0,0
TX002224,AC00385,-0.1058532740183183,-0.2270702986517121,-4.011254342895957,-99.86252702358183,4.214684851089404e-08,0.1977589581353517,1.672198632043527,-13.511572802533196,0.1975798,0.24751544,0.28720927238464355,1,0,0,0,0,0,0,0,0,0,0,0,0,0
TX002225,AC00143,-0.121451661296821,-0.2461627373146097,-3.00385595856302,-101.1070870351978,0.0,0.0,1.5732936273943323,-8.783540033281945,0.18260852,0.18911491,0.21225407719612122,1,0,0,0,0,0,0,0,0,0,0,0,0,0
TX002226,AC00448,-0.0519881056536436,-0.0326833679675009,-1.15178738585238,-88.51632087177444,0.0,0.4201744271335832,2.6542422448072767,-3.6854721275908338,0.3928243,0.42912674,0.4202973246574402,1,0,0,0,0,0,0,0,0,0,0,0,0,0
TX002227,AC00273,-0.0554706631809295,-0.1738231293194063,-2.341388710197287,-86.83199908432734,0.0,0.3629487700394174,2.1103073569734137,-4.879800910444047,0.18602051,0.4149837,0.4478735327720642,1,0,0,0,0,0,0,0,0,0,0,0,0,0
TX002228,AC00291,-0.0229975645131368,-0.1809641075329693,-2.6405627126036797,-77.15023776844349,0.0,0.2839960817831666,2.05463746846645,-4.705968141121091,0.2969555,0.30178994,0.3081616759300232,1,0,0,0,0,0,0,0,0,0,0,0,0,0
TX002229,AC00337,-0.1295090991346745,-0.2567835824879143,-4.06961197678467,-99.27649168858817,0.0,0.053011620929,1.419439868180385,-9.4268911652557,0.11940367,0.20080706,0.16018496453762054,1,0,0,0,0,0,0,0,0,0,0,0,0,0
TX002230,AC00332,-0.0871952453333998,-0.2093643511552894,-2.377182037440796,-95.19146003464002,0.0,0.231694320485894,2.187006393691564,-13.961601942093854,0.29215813,0.2642976,0.2431841492652893,1,0,0,0,0,0,0,0,0,0,0,0,0,0
TX002231,AC00040,-0.0896841928440638,-0.183122584424572,-1.1151758572389945,-92.47585574270636,0.0,0.2830743850236125,2.3581220987678577,-5.4803367940290935,0.2821732,0.36779377,0.3552699685096741,1,0,0,0,0,0,0,0,0,0,0,0,0,0
TX002232,AC00089,-0.0771443253596637,-0.2118793940398948,-1.4277658830072992,-89.36627240034049,0.0,0.289111696712281,2.18712132131624,-5.039401780503645,0.22587088,0.41885516,0.5753151774406433,1,0,0,0,0,0,0,0,0,0,0,0,0,0
TX002233,AC00231,-0.135420874014654,-0.2753374563005202,-4.071232009341784,-102.88491604751016,0.0,0.06945552009705,1.3738788689690085,-10.196216602967086,0.10049471,0.1367653,0.12185123562812805,1,0,0,0,0,0,0,0,0,0,0,0,0,0
TX002234,AC00277,-0.0720354247821562,-0.1149162495306157,-1.263796351729913,-74.11734324565847,0.0,0.4120982450292678,2.6729209562181877,2.2959596363294885,0.46249473,0.5364907,0.4962949752807617,1,0,0,0,0,0,0,0,0,0,0,0,0,0
TX002235,AC00465,-0.0759587399864887,-0.1173469223245908,-1.9719181071113328,-92.6391325155206,0.0,0.408917614516683,2.8327139500065712,-10.28122568840835,0.62001884,0.5107423,0.547424852848053,1,1,0,0,0,0,0,0,0,0,1,0,0,0
TX002236,AC00205,-0.0772577825348535,-0.2309991950615111,-3.806807118859012,-97.4873732485165,4.214684851089404e-08,0.1972783924133458,1.8160678784264264,-14.366817804198009,0.19470817,0.15456443,0.18342556059360504,1,0,0,0,0,0,0,0,0,0,0,0,0,0
TX002237,AC00036,-0.0420983307195135,-0.1862621290520854,-2.78284367974437,-97.8655450969513,5.960464477539064e-08,0.2710410136602293,2.2698731083644854,-12.202342607241516,0.24002732,0.29177582,0.28993168473243713,1,0,0,0,0,0,0,0,0,0,0,0,0,0
TX002238,AC00227,-0.096823142779739,-0.1986957037709633,-1.490749326166985,-92.24912594479927,4.214684851089404e-08,0.264401941775136,2.1829404722398578,-6.571372023099665,0.25805193,0.4641941,0.39461764693260193,1,0,0,0,0,0,0,0,0,0,0,0,0,0
TX002239,AC00251,-0.0664187769510459,-0.108769289552782,-0.569677729963475,-84.82605600416578,0.0,0.4122380518548281,2.518283915994719,-2.771155160516593,0.3658478,0.6374743,0.5779743194580078,1,0,0,0,0,0,0,0,0,0,0,1,0,0
TX002240,AC00298,-0.083618279656278,-0.135018001856026,-1.3497294087977112,-97.39029719108314,0.0,0.1975382429352343,2.3429928793597306,-11.16863479838945,0.3294494,0.46495104,0.423093318939209,1,0,0,0,0,0,0,0,0,0,0,0,0,0
TX002241,AC00315,-0.1047382101651859,-0.2349149895682427,-3.9761353630603766,-100.25614054228888,0.0,0.2025812117057092,1.8978008229541197,-8.485511259149831,0.18694194,0.25531104,0.24504831433296204,1,0,0,0,0,0,0,0,0,0,0,0,0,0
TX002242,AC00292,-0.1030305787805579,-0.1916796624272445,-0.9954761876646128,-96.05317041716276,0.0,0.2318935624179663,2.205352278170248,-7.040615642614159,0.27753913,0.3805271,0.3902086019515991,1,0,0,0,0,0,0,0,0,0,0,0,0,0
TX002243,AC00252,-0.0240506433086389,-0.068416343165069,-1.025305956557582,-70.1188217591999,0.0,0.4286745880990068,2.8462108165639965,12.296020552935516,0.33187795,0.38700762,,0,0,0,0,0,0,0,0,0,1,0,0,0,0
TX002244,AC00400,-0.0296358839503091,-0.1219460238892569,-1.4048485433545528,-89.88265953990239,0.0,0.4191570092056018,2.9447569332248857,-9.887996497308604,0.6283952,0.559119,0.5779663920402527,1,1,0,0,0,0,0,0,0,0,1,0,0,0
TX002245,AC00384,-0.1013281672937151,-0.1743536826648981,-0.9971623819832552,-92.520782304932,0.0,0.2585715216785482,2.1694096852095366,-6.534545265325151,0.3127942,0.40700763,0.4921482801437378,1,0,0,0,0,0,0,0,0,0,0,0,0,0
TX002246,AC00329,-0.078642525451536,-0.1437124593461187,-3.4928774311467423,-82.1505111174624,4.214684851089404e-08,0.3565673267032876,2.316837031120931,1.044939969298674,0.40656173,0.30594572,0.21098047494888306,1,0,0,0,0,0,0,0,0,0,0,0,0,0
TX002247,AC00033,-0.1057148890339751,-0.2421815056823447,-3.1663268497066666,-99.95901018360549,0.0,0.1720626247943563,1.8404623664538176,-8.667919373698284,0.2078645,0.2180816,0.21123480796813965,1,0,0,0,0,0,0,0,0,0,0,0,0,0
TX002248,AC00003,-0.1192154043369048,-0.2263923835261365,-3.4356495010779584,-89.97179047242196,0.0,0.2028680874240998,2.035395324768821,-5.5859722178680205,0.22702946,0.18284579,0.20489205420017242,1,0,0,0,0,0,0,0,0,0,0,0,0,0
TX002249,AC00429,-0.0957493845631673,-0.2044328306223217,-1.8686407351589065,-96.68487444799464,4.214684851089404e-08,0.2272062604245697,2.349221388482569,-7.685188634609394,0.26889932,0.34575236,0.2723700702190399,1,0,0,0,0,0,0,0,0,0,0,0,0,0
TX002250,AC00488,-0.0446595487258896,-0.2137442184453077,-3.0168653285920604,-98.14606435040017,4.214684851089404e-08,0.1984339742320118,1.823371470697266,-12.388690559935275,0.21682586,0.26703665,0.2806483805179596,1,0,0,0,0,0,0,0,0,0,0,0,0,0
TX002251,AC00325,-0.0382683403900998,-0.1699841282398664,-1.7620155341393111,-66.17730695200193,2.06810887309798,0.5210841566144601,2.743783429878581,9.388566993950512,0.23602343,0.39480513,0.8492373824119568,1,0,0,0,0,0,0,1,0,1,0,0,0,0
TX002252,AC00359,-0.0969831182119149,-0.2251070730588253,-2.2536810013782587,-98.39030623567824,0.0,0.2298645449980399,1.7955281548405433,-15.087043650735708,0.3025683,0.3832552,0.3276822566986084,1,0,0,0,0,0,0,0,0,0,0,0,0,0
TX002253,AC00478,-0.0669849710938445,-0.1362422438543387,-0.822808806533291,-92.32908456439472,0.0,0.3542800752980998,2.45256433050416,-10.375283273676304,0.3213091,0.5988746,0.577508270740509,1,0,0,0,0,0,0,0,0,0,0,0,0,0
TX002254,AC00236,-0.0421522742115466,0.0086044612939715,0.0257542013816189,-61.6492734740044,2.3501062701569317,0.5367891880908189,3.4302354276830624,0.8695830849969244,0.46214274,0.86770356,0.9183061122894287,1,1,0,1,1,0,0,1,1,0,0,1,0,0
TX002255,AC00085,-0.0552231339032947,-0.0088802863541401,0.0003647233722547,-84.58797450684439,0.0,0.5026827528916039,3.2016775522331944,-10.164879344823175,0.20340088,1.1333444,1.189518928527832,1,0,0,0,1,0,0,1,0,0,0,1,0,0
TX002256,AC00349,-0.0827669855864028,-0.2574979942409476,-4.389493268662508,-100.8251228363947,0.0,0.0387428797324557,1.6093295083080137,-8.394513670962034,0.13858785,0.13229364,0.15326765179634094,1,0,0,0,0,0,0,0,0,0,0,0,0,0
TX002257,AC00314,-0.1099148256524216,-0.2578483268969177,-3.590578191334168,-102.1997328337339,0.0,0.1011993649702931,1.538638223391673,-9.625160435789311,0.17579342,0.17019884,0.17260341346263885,1,0,0,0,0,0,0,0,0,0,0,0,0,0
TX002258,AC00056,-0.1074120029532982,-0.2269710503992008,-3.1280551636606004,-98.61275847259114,0.0,0.1265724118443269,2.1471426173328925,-8.322839094832366,0.2188927,0.24646457,0.2532057762145996,1,0,0,0,0,0,0,0,0,0,0,0,0,0
TX002259,AC00399,-0.0371313073991785,-0.1221485747855219,-0.8074296020086056,-85.4137387513141,0.0,0.3986712525165574,2.5788618532282754,-3.1005223152193024,0.34866938,0.4172032,0.355062335729599,1,0,0,0,0,0,0,0,0,0,0,0,0,0
TX002260,AC00324,-0.0488881955947405,-0.0835013888270657,-0.5798598427349315,-65.93200405770108,0.0,0.3787373123719134,2.548652061147324,-1.8593588828865677,0.5345962,0.55459666,0.6961619257926941,1,1,0,0,0,0,0,0,0,0,1,0,0,0
TX002261,AC00095,-0.1036587410275367,-0.2136414447254913,-1.890701101020416,-95.1119723200456,0.0,0.2425919560795982,1.9456688600315728,-7.058810320896037,0.29167336,0.30302653,0.317912220954895,1,0,0,0,0,0,0,0,0,0,0,0,0,0
TX002262,AC00086,-0.0333368896811816,-0.0049704151242293,-0.8649753448341677,-65.54039054444249,3.0020591115338324,0.5458551635068084,3.261814367669396,2.0714456064597173,0.26429072,0.98775744,0.7022949457168579,1,0,0,0,0,0,1,1,1,0,0,1,0,0
TX002263,AC00279,-0.0057475781717255,-0.2037350884128521,2.5252727634317296e-05,-15.479451832435927,2.578976653550248,0.5615839890659763,2.8999685690785566,10.940394744045651,0.39060503,0.40148982,1.568575143814087,1,0,0,0,1,0,0,1,0,1,0,0,1,0
TX002264,AC00431,-0.0921758260288776,-0.2069008111367256,-2.3050074955333963,-94.3785251671093,4.214684851089404e-08,0.219748215804989,1.9581334361026324,-7.127315380311572,0.22472998,0.34193358,0.37904009222984314,1,0,0,0,0,0,0,0,0,0,0,0,0,0
TX002265,AC00369,-0.0984697774662532,-0.2578389122421933,-4.089162391871185,-102.6709750019084,0.0,0.1233034319395047,1.529745785434789,-7.642703828532118,0.1329625,0.17898157,0.19019071757793427,1,0,0,0,0,0,0,0,0,0,0,0,0,0
TX002266,AC00089,-0.1049621307348009,-0.2204812786327346,-3.284322611780774,-98.75858792448128,0.0,0.2315549914860872,2.0373612229250533,-1.1454025547279314,0.1755758,0.19577473,0.2861884832382202,1,0,0,0,0,0,0,0,0,0,0,0,0,0
TX002267,AC00035,-0.0450734589829915,-0.1604483769490212,-1.1060082272914302,-90.19388812766762,0.0,0.3382547825753868,2.213405942136398,-8.805338937979197,0.2525758,0.57237595,0.48227277398109436,1,0,0,0,0,0,0,0,0,0,0,0,0,0
TX002268,AC00416,-0.0122251287552496,-0.1496327639283934,-2.446598458723209,-69.15619678371667,0.0,0.4054331886857487,1.897649807620032,-0.0237165447567866,0.2207675,0.2155732,0.23909565806388855,1,0,0,0,0,0,0,0,0,0,0,0,0,0
TX002269,AC00056,-0.0506230277829896,-0.2260566066387106,-2.769750710545701,-97.694612969536,0.0,0.2245268883994831,1.6919624958236392,-9.639999832939685,0.26857686,0.30880752,0.37408626079559326,1,0,0,0,0,0,0,0,0,0,0,0,0,0
TX002270,AC00197,-0.0413246858485107,-0.1865909053434513,-1.778984683083331,-97.78562139356076,0.0,0.2298687087100219,1.9510400923605575,-12.5317169953017,0.29526216,0.3086902,0.3384503424167633,1,0,0,0,0,0,0,0,0,0,0,0,0,0
TX002271,AC00396,-0.1147733325345713,-0.2254102777899618,-2.1843846593989964,-96.94706478211027,0.0,0.1970825423942014,1.7786474409961064,-7.981121584160189,0.23919402,0.29753023,0.29659512639045715,1,0,0,0,0,0,0,0,0,0,0,0,0,0
TX002272,AC00295,0.0164484904122472,-0.0852909796336574,0.0001104828096023,-24.537260097245465,2.4738791627712247,0.5276596479963526,3.1848276128008477,4.114124279054492,0.34411678,0.38492286,0.4303233325481415,1,1,1,0,1,0,0,1,0,0,0,0,0,0
TX002273,AC00268,-0.0129264387077355,-0.2357545596750301,-0.3680599127910939,1.644921490904835,0.0,0.3691777032077956,2.0702012837802366,1.155997675341466,0.23871814,0.26517025,0.34199094772338867,1,0,0,0,0,1,0,0,0,0,0,0,0,0
TX002274,AC00357,0.0070047440264983,0.4320473133624565,3.984356221703262,1080.136011231354,8.441357488702247,0.6965596397145466,11.30848174442248,-0.6247296396293087,0.42542478,0.26064062,4.512289524078369,1,2,1,1,1,1,1,1,1,0,0,0,1,1
TX002275,AC00490,-0.0874601384077107,-0.2097696782203402,-1.5458511129576609,-96.77047291555068,0.0,0.2870667687972281,2.355251635528506,-12.760511457232727,0.25835323,0.26917025,0.29013532400131226,1,0,0,0,0,0,0,0,0,0,0,0,0,0
TX002276,AC00367,-0.1155915992622261,-0.2477941709203767,-2.733728602633957,-96.5342550452668,0.0,0.0,1.5939560743920853,-7.967037919529512,0.19198331,0.20907956,0.20155936479568481,1,0,0,0,0,0,0,0,0,0,0,0,0,0
TX002277,AC00093,-0.0248610546123856,-0.0864719159695071,-2.8106157230188886,-68.15063116819331,4.214684851089404e-08,0.3824796712390653,2.5119466413899296,-2.362694511487844,0.385848,0.35679337,6.415072441101074,1,0,0,0,0,0,0,0,0,0,0,0,1,0
TX002278,AC00177,-0.0278327513290131,-0.1651825331438685,8.836704572523502e-06,226.09496396640932,2.089362283777749,0.4769258809407686,3.572300490728582,0.5568285054534038,0.3087928,0.26739514,0.5384964942932129,1,0,0,0,1,1,0,1,1,0,0,0,0,0
TX002279,AC00118,-0.1056021471521477,-0.264513886348328,-3.382347272305572,-99.98593796632706,0.0,0.0513110035905816,1.6666995167609608,-14.002864828532978,0.15011843,0.17162454,0.1527722179889679,1,0,0,0,0,0,0,0,0,0,0,0,0,0
TX002280,AC00183,-0.0927622632566754,-0.171601087349021,-3.72909850199325,-83.68325707981255,0.0,0.2996747562722742,2.254803524969083,4.131738899152843,0.20590597,0.19758582,0.41895678639411926,1,0,0,0,0,0,0,0,0,1,0,0,0,0
TX002281,AC00137,-0.0779031331024966,-0.1705808504364914,-0.2438043957004732,-94.17829971796084,4.214684851089404e-08,0.2443113569604385,2.3428049966091358,-6.527987827027609,0.34402248,0.46046078,0.40996280312538147,1,0,0,0,0,0,0,0,0,0,0,0,0,0
TX002282,AC00225,0.0034717435529492,-0.0633808682044412,0.2163315229280993,-59.12108887040134,3.034627470601794,0.5864614190825895,3.434098978545185,12.495774144417798,0.47778857,0.71133614,0.9842583537101746,1,1,1,0,1,0,1,1,1,1,0,1,0,0
TX002283,AC00191,-0.0828443104671146,-0.1271633949132404,-0.0625484542179899,-93.0654148318516,0.0,0.3348338907014587,2.6171750365884834,-4.879374760095419,0.35590088,0.4817898,0.3962697386741638,1,0,0,0,0,0,0,0,0,0,0,0,0,0
TX002284,AC00373,-0.0289790213960063,-0.2503530724431969,-0.8726748539502456,47.743759931828365,0.0,0.3239888627858649,1.797170635468316,-12.058122085323676,0.18535413,0.23397139,2.3105406761169434,1,0,0,0,0,1,0,0,0,0,0,0,1,0
TX002285,AC00167,-0.1301703811393352,-0.2357628917046115,-2.726479191432825,-97.74160238514914,0.0,0.052732563189858,1.8024214137763357,-9.277198527918086,0.1778822,0.19425374,0.29271093010902405,1,0,0,0,0,0,0,0,0,0,0,0,0,0
TX002286,AC00149,-0.1120882767298634,-0.2532719970481453,-3.390898027096708,-98.26144471518045,0.0,0.1789199018417125,1.746805781220865,-9.413000274884554,0.13609308,0.2517413,0.24373406171798706,1,0,0,0,0,0,0,0,0,0,0,0,0,0
TX002287,AC00453,-0.0927889133392923,-0.2413295731218896,-3.3449249521028053,-95.69274091257807,0.0,0.1850140390244671,1.8519204346513027,-8.32764232997915,0.15758452,0.21851796,0.18255573511123657,1,0,0,0,0,0,0,0,0,0,0,0,0,0
TX002288,AC00253,-0.0480613436008595,-0.2181434261420378,-2.940249961591232,-94.9302734802363,0.0,0.1878716952858074,2.1798073990632365,-5.787040763110825,0.24339972,0.28345242,0.2997921109199524,1,0,0,0,0,0,0,0,0,0,0,0,0,0
TX002289,AC00149,-0.0535575987872643,-0.2671863451627687,-2.4487432809174914,-32.28148179859113,0.0,0.0,1.4517774930344745,-4.035127064196036,0.091879934,0.18095303,1.2935633659362793,1,0,0,0,0,0,0,0,0,0,0,0,0,0
TX002290,AC00359,-0.1454016130307271,-0.2573946732947856,-3.5743077517420607,-102.35997873194488,0.0,0.052732563189858,1.4460612473499834,-9.928451943013112,0.108053535,0.122387595,0.1491236537694931,1,0,0,0,0,0,0,0,0,0,0,0,0,0
TX002291,AC00050,-0.1114237306065057,-0.2604912033577373,-4.135505915140556,-100.35383074759122,0.0,0.0808518610244802,1.6604730004986508,-9.745632219855034,0.1477419,0.16080569,1.3849587440490723,1,0,0,0,0,0,0,0,0,0,0,0,0,0
TX002292,AC00054,-0.0579128727881036,-0.2007311077467237,-2.666741648115768,-96.69584899778562,0.0,0.3069371389590905,1.9694208449104813,-13.762529254287644,0.19580339,0.4452811,0.4328206777572632,1,0,0,0,0,0,0,0,0,0,0,0,0,0
TX002293,AC00388,-0.0047076779307575,-0.0908497502476739,-0.6300130531294448,-66.0107248086139,0.0,0.4475012209393167,2.5798909787228643,3.656313019833495,0.39991114,0.39329284,,0,0,0,0,0,0,0,0,0,0,0,0,0,0
TX002294,AC00322,-0.0452294976345016,-0.0107080505351335,-9.83822584057492e-05,-82.5167525995776,5.960464477539064e-08,0.4611578117624592,3.387620157038308,2.9852828500177564,0.6242601,0.72738576,0.6859320998191833,1,1,0,0,0,0,0,0,1,0,1,1,0,0
TX002295,AC00140,-0.0783749345786031,-0.2316535522917411,-3.0221013487346733,-96.65460960631614,4.214684851089404e-08,0.2083269065203403,1.9902459779595536,-6.940260445801734,0.23030503,0.21883428,0.23787015676498413,1,0,0,0,0,0,0,0,0,0,0,0,0,0
TX002296,AC00138,-0.0579534348753881,0.0388119690145956,-1.9451382789645253,-90.231214950876,0.0,0.4354124799408854,2.619962435903135,8.847869588589198,0.27603865,0.35129568,,0,1,0,1,0,0,0,0,0,1,0,0,0,0
TX002297,AC00408,-0.0880404322687549,-0.2177229029288681,-2.6703210859216453,-98.83945749634016,0.0,0.090705275152699,1.95725913073562,-13.879608785334094,0.27599868,0.4525944,,0,0,0,0,0,0,0,0,0,0,0,0,0,0
TX002298,AC00219,-0.0656709150324766,-0.0384339115927279,-1.2493271605050351,-92.34292152111236,0.0,0.4078617463617018,2.6350200695313752,-12.3669178037773,0.47739756,0.44486576,0.3739953637123108,1,0,0,0,0,0,0,0,0,0,0,0,0,0
TX002299,AC00339,-0.0710980818619426,-0.0943182259664123,-2.0211198492626083,-89.04382747613354,0.0,0.381089306255265,2.9217998380283614,-2.746615453367131,0.45685333,0.44771248,0.3592858910560608,1,0,0,0,0,0,0,0,0,0,0,0,0,0
TX002300,AC00446,-0.0955038900871219,-0.2673092266959445,-3.329624360590315,-100.17259051237208,0.0,0.0297502095706423,1.5137396874633442,-16.296565932163432,0.217013,0.23439015,0.2546303868293762,1,0,0,0,0,0,0,0,0,0,0,0,0,0
TX002301,AC00038,-0.0583970572669441,-0.0575791405049892,-0.6006817125774688,-74.1979802480335,5.960464477539064e-08,0.4123950000485575,3.1509903407031574,-0.3751351716374491,0.40666,0.5139849,,0,0,0,0,0,0,0,0,0,0,0,0,0,0
TX002302,AC00387,-0.0747202522095741,-0.2132306438069997,-2.0958067780344978,-96.95553751699072,0.0,0.2039799848137634,2.088809913605877,-12.275027555940026,0.26568875,0.28477412,0.2551420032978058,1,0,0,0,0,0,0,0,0,0,0,0,0,0
TX002303,AC00126,-0.0663959854821268,-0.2144612927502731,-3.260628705951928,-93.28157657558393,0.0,0.2381661807504779,1.859880735978662,-8.072669062028638,0.17404307,0.27006128,0.2709169387817383,1,0,0,0,0,0,0,0,0,0,0,0,0,0
TX002304,AC00155,-0.1012857707103257,-0.2505511690840583,-3.652824995263681,-93.62390510868238,0.0,0.1781470943808689,1.687391150839878,-8.149656537176341,0.17076418,0.16773988,0.17695103585720062,1,0,0,0,0,0,0,0,0,0,0,0,0,0
TX002305,AC00494,0.0315778116684196,-0.2129074783576154,-1.365058760049945,-49.30588732602439,0.0,0.3758794479185947,2.5053529246612194,3.202393772080511,0.1971944,0.20668682,0.16964882612228394,1,1,1,0,0,0,0,0,0,0,0,0,0,0
TX002306,AC00202,-0.0137996734075906,-0.0524900856002765,0.0004359259476576,-78.595997592348,0.0,0.468437464028544,3.263386413129036,0.0500398059344066,0.43512905,0.84671485,6.010451793670654,1,0,0,0,1,0,0,1,1,0,0,1,1,0
TX002307,AC00489,-0.1238897135650504,-0.2363921720306554,-3.835833665172568,-100.01436552922335,2.9802322387695312e-08,0.1332500174698797,1.928968706948752,-9.41217179152322,0.18109067,0.19746242,0.14526304602622986,1,0,0,0,0,0,0,0,0,0,0,0,0,0
TX002308,AC00378,-0.1157004430371701,-0.2408390308060866,-3.723017290996416,-101.125261909548,0.0,0.0537854382346107,1.801918218937867,-7.253789018291355,0.17972684,0.18870503,0.17910024523735046,1,0,0,0,0,0,0,0,0,0,0,0,0,0
TX002309,AC00255,-0.0879709067084965,-0.2137573771605221,-1.7519594307288342,-96.24198751463278,0.0,0.1832270745801373,1.938464220418032,-6.908115592607375,0.29763275,0.3215175,0.25497856736183167,1,0,0,0,0,0,0,0,0,0,0,0,0,0
TX002310,AC00331,-0.0510828903270892,-0.0406272621582688,-1.0355475900779352,-88.73034561525853,5.960464477539064e-08,0.4658103498185847,2.759237119460832,-10.791793043823398,0.6510294,0.5840883,0.9406201839447021,1,1,0,0,0,0,0,1,0,0,1,0,0,0
TX002311,AC00243,0.0367204226647656,-0.2473938598607137,0.0004359719584776,30.67699340202573,2.1986726767904488,0.5091598025542025,2.779187191082485,8.75312138714358,0.23304836,0.2827198,2.866816759109497,1,1,1,0,1,1,0,1,0,1,0,0,1,0
TX002312,AC00066,-0.0709367199533487,-0.1940225738454581,-1.1879892083231676,-94.33067663580658,0.0,0.2171414897506061,2.1962857177567128,-12.78174037242048,0.34628594,0.44563532,0.39573800563812256,1,0,0,0,0,0,0,0,0,0,0,0,0,0
TX002313,AC00166,-0.0624006471085503,-0.2026443246813698,-1.7493204777747513,-95.264308202532,4.214684851089404e-08,0.1284384687875019,1.9987508809946088,-11.11862538001459,0.34276462,0.37710413,0.34977656602859497,1,0,0,0,0,0,0,0,0,0,0,0,0,0
TX002314,AC00288,-0.0096116987707515,0.1100034777726874,-0.0003455260492906,-62.3164482849816,2.303483421482003,0.5058743374046741,3.301108493849481,3.145723524422132,0.49774373,0.60415924,0.5594625473022461,1,1,0,1,0,0,0,1,1,0,0,0,0,0
TX002315,AC00005,-0.0737535192763903,-0.2226271965190527,-2.7512747171915963,-99.83610037872104,4.214684851089404e-08,0.2090910909573473,2.0293505321012786,-13.192488569442451,0.22806896,0.23877546,8.122053146362305,1,0,0,0,0,0,0,0,0,0,0,0,1,0
TX002316,AC00191,-0.0752182871799963,-0.1999960228054225,-1.3505595508174393,-90.06833865550269,0.0,0.2396699011234345,2.2751232733239086,-5.660600812483261,0.29538763,0.33266893,0.3061634302139282,1,0,0,0,0,0,0,0,0,0,0,0,0,0
TX002317,AC00443,-0.1336187152101455,-0.2001885008773636,-3.1674763224853306,-94.7573912717913,0.0,0.2012274547175901,1.510868658793496,-7.739873031343448,0.3112008,0.29177985,0.26866596937179565,1,0,0,0,0,0,0,0,0,0,0,0,0,0
TX002318,AC00096,-0.0335398431876163,-0.1378349605353852,-9.068359229136291e-05,-54.66169244054429,0.0,0.4696077882738861,3.1578559338114154,-11.228807179316412,0.40329286,0.44741848,0.3896348178386688,1,0,0,0,0,0,0,1,0,0,0,0,0,0
TX002319,AC00225,-0.0748362962909182,-0.1637379648348464,-2.5100317594645487,-96.1251423197136,0.0,0.2966036725448599,2.459845131071746,-7.478189403985453,0.29488757,0.29909036,0.20496651530265808,1,0,0,0,0,0,0,0,0,0,0,0,0,0
TX002320,AC00042,-0.0776595082081764,-0.2136117941657109,-2.520218939864836,-99.14918423202128,0.0,0.1868161946878652,1.8650548857913,-13.278487817962429,0.25582227,0.26902974,0.2882234454154968,1,0,0,0,0,0,0,0,0,0,0,0,0,0
TX002321,AC00460,-0.0284024060900432,-0.0798716889819364,-1.7657850032222475,-84.3184984792534,0.0,0.3776384653634851,2.60686604118113,-3.694375269545885,0.447436,0.4475101,0.22771382331848145,1,0,0,0,0,0,0,0,0,0,0,0,0,0
TX002322,AC00378,-0.0242896208799168,-0.0685750544677836,-0.2517416094119848,-80.42391898898211,0.0,0.4148888754626852,2.574399324768367,-0.7929565264953496,0.58385956,0.6099264,0.6208773851394653,1,1,0,0,0,0,0,0,0,0,1,0,0,0
TX002323,AC00322,-0.0757196731407898,-0.210137008726613,-2.1295626813542894,-93.3687229114151,5.960464477539064e-08,0.3092467240790184,2.400116983165535,-11.750133700490226,0.3435314,0.3169648,0.3669928014278412,1,0,0,0,0,0,0,0,0,0,0,0,0,0
TX002324,AC00328,-0.1018525076786819,-0.2231958940321396,-2.5701755908593578,-100.11763237177038,0.0,0.2092374773004942,1.719371764308345,-14.186694118842595,0.23208696,0.27908427,0.26089414954185486,1,0,0,0,0,0,0,0,0,0,0,0,0,0
TX002325,AC00337,-0.0678790147064747,-0.2334303455541271,-3.3413953113685126,-98.91086612266636,0.0,0.1909793169070242,1.6922551576123528,-6.490146412797522,0.1962334,0.23504788,0.21577174961566925,1,0,0,0,0,0,0,0,0,0,0,0,0,0
TX002326,AC00003,-0.0752662709245208,-0.2447535678579013,-3.47516029480106,-98.63133925957742,0.0,0.0910227113767724,1.8917427610245356,-13.889173562349558,0.20233901,0.23133336,0.2211150825023651,1,0,0,0,0,0,0,0,0,0,0,0,0,0
TX002327,AC00146,-0.016030903464184,-0.0685076774744939,-0.3809296477054271,-84.47674459334266,0.0,0.406144502614403,2.7076347583453027,-2.940053742413255,0.41162026,0.46454206,,0,0,0,0,0,0,0,0,0,0,0,0,0,0
TX002328,AC00004,-0.073789795970199,-0.1718644706034244,-3.3849961010184737,-96.01196910345878,0.0,0.2934645094779677,2.2484716235296904,-11.191939265518474,0.2993536,0.28994164,0.21147245168685913,1,0,0,0,0,0,0,0,0,0,0,0,0,0
TX002329,AC00386,-0.0808054859167227,-0.1529065530460933,-1.3485869945496392,-93.61652405218062,0.0,0.2834151964038578,2.0787951894090138,-10.621594166156372,0.4330282,0.48526442,0.47737905383110046,1,0,0,0,0,0,0,0,0,0,0,0,0,0
TX002330,AC00187,-0.1008136047043672,-0.2555085468584737,-3.038873001499531,-98.4905656525072,0.0,0.1540248826346283,1.8669112229910028,-6.511822671094642,0.22942835,0.20262782,0.27499961853027344,1,0,0,0,0,0,0,0,0,0,0,0,0,0
TX002331,AC00415,-0.0462748136036341,0.0747740574036794,-0.3557249817431049,-79.14183353994196,0.0,0.4923726396580837,3.1633191504149427,12.975422796285129,0.39307493,0.51983356,0.5572377443313599,1,1,0,1,0,0,0,1,0,1,0,0,0,0
TX002332,AC00315,-0.0581241215588631,-0.1823970128381395,-2.101124439309687,-93.62049486501174,4.214684851089404e-08,0.3120670629392016,2.3503386472539147,-10.770675916382103,0.33718112,0.42347145,0.375219464302063,1,0,0,0,0,0,0,0,0,0,0,0,0,0
TX002333,AC00297,-0.0995379549361211,-0.2335455363989258,-3.0821926920218603,-94.05452455172184,0.0,0.2000812310800321,1.7431985591542982,-7.793593778570806,0.2188985,0.23064947,0.1580808162689209,1,0,0,0,0,0,0,0,0,0,0,0,0,0
TX002334,AC00304,-0.0796597563145174,-0.1419219694157718,-1.221992676500375,-92.48275566182352,0.0,0.3453338699775469,2.412286603771006,-5.834576787550755,0.36908552,0.39423895,0.27985504269599915,1,0,0,0,0,0,0,0,0,0,0,0,0,0
TX002335,AC00016,-0.0229669869304434,-0.148219371699761,-2.030627862145246,-70.24962853215479,0.0,0.3412340712854992,2.277358742871721,-1.1391393833382135,0.30358395,0.2801704,0.46085691452026367,1,0,0,0,0,0,0,0,0,0,0,0,0,0
TX002336,AC00048,-0.0648733040956819,-0.1523663840197124,-1.8116409490167404,-92.85709407871526,0.0,0.2620563942226052,2.2667496617265943,-6.218715248882382,0.33995697,0.35898066,0.5029324889183044,1,0,0,0,0,0,0,0,0,0,0,0,0,0
TX002337,AC00485,-0.021848631677838,-0.0886975970845997,-1.0650813292607904,-91.29241613541308,0.0,0.3897022879922267,2.5545950923745147,-8.726615857244363,0.43216175,0.51173973,,0,0,0,0,0,0,0,0,0,0,0,0,0,0
TX002338,AC00064,-0.0924294290273695,-0.0416343728738513,-0.7750687101845841,-90.91613267824172,0.0,0.3646072885259332,2.675100104067669,-5.3070397477141285,0.3263533,0.5007733,0.4675251543521881,1,0,0,0,0,0,0,0,0,0,0,0,0,0
TX002339,AC00081,-0.0336374448089291,-0.1265339666094427,-1.420659973131445,-92.3099942892782,0.0,0.3566860994238468,2.693771485937285,-11.476835612454355,0.43799663,0.4878602,0.48652327060699463,1,0,0,0,0,0,0,0,0,0,0,0,0,0
TX002340,AC00228,-0.099582945873588,-0.2338657987737957,-3.108428184305009,-101.52580819736706,0.0,0.0822845072819208,1.4435930432090884,-14.916941072419007,0.19675864,0.20579913,0.17504245042800903,1,0,0,0,0,0,0,0,0,0,0,0,0,0
TX002341,AC00204,-0.0519545025454514,0.0075093891699198,-1.546281422084415,-86.86217742927496,5.960464477539064e-08,0.4945734354403061,3.24922941461711,-7.526639298764383,0.5545831,0.508328,0.9428141117095947,1,2,0,1,0,0,0,1,1,0,1,0,0,1
TX002342,AC00144,-0.1149588305363907,-0.2320248528438939,-3.861201825867096,-95.61401674175856,0.0,0.2059627777810238,1.8576763851923528,-7.555341335898692,0.16729842,0.21008605,0.17305581271648407,1,0,0,0,0,0,0,0,0,0,0,0,0,0
TX002343,AC00420,-0.0042883991221529,-0.1001870369395281,-0.627019070519709,-62.02241151035046,0.0,0.4083920000413441,2.338473036940493,11.2521815667733,0.5106232,0.51438427,0.48731422424316406,1,0,0,0,0,0,0,0,0,1,0,0,0,0
TX002344,AC00448,-0.0190819447004784,-0.1508930405710686,-1.7779586684064457,-89.02484842686377,0.0,0.3396806094955226,2.518879295457213,-9.942185900055762,0.33253822,0.36270845,0.3844622075557709,1,0,0,0,0,0,0,0,0,0,0,0,0,0
TX002345,AC00363,-0.0443380845460122,-0.1326098249976355,-1.39144547326669,-91.17088760444214,0.0,0.3565366414782149,2.66992809391068,-9.740738816687836,0.45296976,0.40981916,6.458485126495361,1,0,0,0,0,0,0,0,0,0,0,0,1,0
TX002346,AC00396,-0.0696109681225899,-0.2328599962164468,-1.763773775992104,-99.1133727274722,0.0,0.1707761250385872,1.854059612543596,-14.889075396798944,0.32410803,0.36256683,0.3633539080619812,1,0,0,0,0,0,0,0,0,0,0,0,0,0
TX002347,AC00456,-0.0053459042641016,-0.0044798771509777,-0.2542569423510947,-49.82627392323147,2.67694544225668,0.5479039950613058,3.085622888468361,6.08599208816169,0.5252812,0.64715993,0.6137387752532959,1,0,0,0,0,0,0,1,0,1,0,1,0,0
TX002348,AC00363,-0.0213678245076995,0.0521662981815838,0.1763303948210053,-87.00742623853952,0.0,0.4284695323819777,2.964477781927226,-6.65067599936513,0.57079554,0.6429192,6.0630292892456055,1,2,0,1,1,0,0,0,0,0,1,1,1,1
TX002349,AC00326,-0.0818756834824427,-0.2511208025194115,-2.7435906172804687,-79.89323590502353,0.0,0.2199087322941737,1.6438340935119204,-13.2205592623699,0.13369343,0.14698581,0.20366337895393372,1,0,0,0,0,0,0,0,0,0,0,0,0,0
TX002350,AC00500,-0.0703292515230706,-0.056613343001785,-0.5792081833740887,-80.92831661772713,0.0,0.398727345698511,3.2513792961886354,-1.5115889547649384,0.5861461,0.564137,0.5585599541664124,1,1,0,0,0,0,0,0,1,0,1,0,0,0
TX002351,AC00076,-0.0969434888936076,-0.2211808606122896,-3.025139013967567,-97.19782332012272,0.0,0.2272358240562703,1.932295065352274,-14.602593908478235,0.19779873,0.26577908,0.2222525030374527,1,0,0,0,0,0,0,0,0,0,0,0,0,0
TX002352,AC00063,-0.0429721207427212,-0.158857134159067,-1.5266990962789118,-94.42573799453896,0.0,0.2812723661945184,2.447284942342029,-12.643757610269292,0.42238945,0.43709785,0.3548581302165985,1,0,0,0,0,0,0,0,0,0,0,0,0,0
TX002353,AC00376,-0.0687578692467064,-0.2265893992608274,-2.080548435754573,-97.20854112079112,0.0,0.2689485664494627,2.265099488103086,-12.408763588147748,0.26560497,0.21842901,0.23726095259189606,1,0,0,0,0,0,0,0,0,0,0,0,0,0
TX002354,AC00392,-0.0733327567425251,-0.2038139702513877,-2.6830802716315345,-97.5121504695903,0.0,0.1780790828284266,2.02643016392398,-6.773210897646835,0.25014234,0.33188167,0.2389768809080124,1,0,0,0,0,0,0,0,0,0,0,0,0,0
TX002355,AC00282,-0.0106407484178707,-0.1267275605323954,-1.463040336262229,-70.44923811668949,5.960464477539064e-08,0.3298366826026008,2.554419148193303,-0.4754603615518928,0.37910208,0.39839667,0.3939160704612732,1,0,0,0,0,0,0,0,0,0,0,0,0,0
TX002356,AC00238,-0.0593590479319467,-0.1599988055338681,-1.4455571005290109,-94.40291587679098,0.0,0.263568960645327,2.645644179320576,-11.749013736191774,0.33725393,0.33340952,,0,0,0,0,0,0,0,0,0,0,0,0,0,0
TX002357,AC00130,-0.1307908457665489,-0.2270661815258803,-2.2806732435459525,-96.93896636414443,4.214684851089404e-08,0.2345957184561589,2.035730083352884,-8.561132482956644,0.20919378,0.30999598,0.3324991762638092,1,0,0,0,0,0,0,0,0,0,0,0,0,0
TX002358,AC00194,0.0094865772759825,-0.181052307662787,-1.246823055412306,-66.37400164043746,2.412758104259147,0.5440529643024734,2.977463353555068,9.216235360237189,0.33324584,0.3394813,0.7993248701095581,1,1,1,0,0,0,0,1,0,1,0,0,0,0
TX002359,AC00132,-0.0991211654381523,-0.2479144657132281,-2.825932983454,-99.96387008933064,0.0,0.1021204548514121,1.9427937256631664,-8.240629999177052,0.21307966,0.2523623,0.23091748356819153,1,0,0,0,0,0,0,0,0,0,0,0,0,0
TX002360,AC00071,-0.0343092604158876,-0.2638856035473327,-1.8727105255961185,23.34428834698987,0.0,0.3550458552286257,1.402716624408714,-13.297117015265076,0.1098138,0.11436444,0.6315259337425232,1,0,0,0,0,1,0,0,0,0,0,0,0,0
TX002361,AC00457,-0.1316462154894117,-0.2449511063666564,-3.0192540721022274,-100.25343917579804,0.0,0.109182070603934,1.6775325291019376,-9.380535937132244,0.18301816,0.23573706,0.15926319360733032,1,0,0,0,0,0,0,0,0,0,0,0,0,0
TX002362,AC00153,-0.1019757050238151,-0.1880227578430153,-3.543640560923973,-97.77552430109328,4.214684851089404e-08,0.2143944640137139,2.2851768629166638,-4.4773892737666445,0.29224163,0.27373838,0.2527230978012085,1,0,0,0,0,0,0,0,0,0,0,0,0,0
TX002363,AC00003,-0.0299844916166477,-0.1481086550544006,-2.1273920106244537,-85.65143136639638,0.0,0.3482116178724023,2.194878518179626,13.722337434355028,0.30722252,0.37660974,0.33615562319755554,1,0,0,0,0,0,0,0,0,1,0,0,0,0
TX002364,AC00327,-0.081294855879006,-0.2316792623329138,-3.1434921776767366,-97.68605989103364,4.214684851089404e-08,0.2377595996026217,2.1796851804433865,-14.53317279136315,0.21216089,0.37498087,0.43925344944000244,1,0,0,0,0,0,0,0,0,0,0,0,0,0
TX002365,AC00362,-0.0289828639279552,-0.0898128215597402,-0.893546996210925,-90.87918624883298,0.0,0.3855007648337819,2.7480958520022427,-3.038605539727653,0.4520697,0.45682874,0.2706373631954193,1,0,0,0,0,0,0,0,0,0,0,0,0,0
TX002366,AC00195,-0.1407871594924888,-0.2456484202969425,-3.3220598260803813,-101.47992261535695,0.0,0.1010040451379088,1.8854439416453963,-9.54965235477702,0.17604281,0.19284832,,0,0,0,0,0,0,0,0,0,0,0,0,0,0
TX002367,AC00010,-0.0376716749416866,-0.1624990895507549,-0.3319631454074327,13.702163470696137,1.1920928955078125e-07,0.4839541699024438,2.4237855967876323,-10.857783667320108,0.3201223,0.43384495,0.8352919220924377,1,0,0,0,0,1,0,1,0,0,0,0,0,0
TX002368,AC00032,-0.0787739399779979,-0.1624469133377524,-2.4563410335403555,-98.036129172267,0.0,0.2752310913817002,2.2253974170396327,-11.717478204387708,0.34749323,0.3765197,0.32891014218330383,1,0,0,0,0,0,0,0,0,0,0,0,0,0
TX002369,AC00202,-0.0225781170664177,-0.1196075809665455,-1.1646630099818305,-86.32203512647284,5.960464477539064e-08,0.384502887772325,2.7836413383606966,-8.674050458575808,0.446427,0.4258665,6.956802845001221,1,0,0,0,0,0,0,0,0,0,0,0,1,0
TX002370,AC00262,-0.0214449508517612,-0.138816693975853,-1.739308816111337,-82.01408906857134,5.960464477539064e-08,0.3265779327534335,2.486430431170286,3.3152058832548104,0.26837197,0.3742276,0.4444171190261841,1,0,0,0,0,0,0,0,0,0,0,0,0,0
TX002371,AC00158,-0.0732440816741421,-0.1756048817591313,-1.4816567302768346,-96.75163193673556,0.0,0.3051491651438096,2.031010567134484,-6.805050738584746,0.21599552,0.4381068,0.3708864450454712,1,0,0,0,0,0,0,0,0,0,0,0,0,0
TX002372,AC00465,-0.0107389265793814,-0.2227801048726161,-1.0682801458097495,-30.60824758377464,2.918633369983531,0.525233256794528,2.2288037267720675,3.09525432389634,0.3239968,0.28887808,1.453492283821106,1,0,0,0,0,0,1,1,0,0,0,0,0,0
TX002373,AC00260,-0.0254822018327675,-0.1770482867120464,-1.0183605520372891,-68.44998344876964,2.6495463719463324,0.526265497728184,2.8822315235946063,2.3530579580983315,0.30580676,0.36455923,0.8962997794151306,1,0,0,0,0,0,0,1,0,0,0,0,0,0
TX002374,AC00130,-0.0808926635328525,-0.2376444131473398,-2.904829194935412,-99.34742589455084,0.0,0.0651450919007468,1.7344536228550482,-13.162004995489289,0.22406729,0.2119946,0.21432439982891083,1,0,0,0,0,0,0,0,0,0,0,0,0,0
TX002375,AC00500,-0.0755130459528898,-0.2332300782206104,-3.761385869237011,-97.29738125717492,0.0,0.2627475731575557,1.6760517034304816,-14.205143639250595,0.18884942,0.21208069,0.22881825268268585,1,0,0,0,0,0,0,0,0,0,0,0,0,0
TX002376,AC00384,-0.0905293478394241,-0.223274032971579,-2.6179504552000727,-97.2899827571695,0.0,0.1901696466861454,2.251507485543807,-14.706846313333536,0.29894912,0.40666813,0.5247789621353149,1,0,0,0,0,0,0,0,0,0,0,0,0,0
TX002377,AC00027,-0.0753485992056439,-0.1720243771979011,-1.88316762857112,-91.53546191462333,0.0,0.296237081038915,2.287628181599685,-6.812459979152659,0.25496027,0.35827264,0.34201356768608093,1,0,0,0,0,0,0,0,0,0,0,0,0,0
TX002378,AC00176,-0.0650382728953721,-0.1664303331429204,-1.865539507334394,-88.73105764775735,0.0,0.3469509627780496,2.490706374417973,-4.994915478734465,0.27551237,0.45292738,0.6351017355918884,1,0,0,0,0,0,0,0,0,0,0,0,0,0
TX002379,AC00150,-0.1253818140263441,-0.2571197966837176,-4.228881335133713,-103.54588867587798,0.0,0.0467381359723245,1.6198667512613445,-15.592989735912228,0.13312891,0.09852931,0.1779455840587616,1,0,0,0,0,0,0,0,0,0,0,0,0,0
TX002380,AC00443,-0.0838022022743321,-0.1729566444409915,-1.7889105417235909,-91.01835929762372,0.0,0.2963416474399262,2.014863206623601,-4.929814083002293,0.26853,0.32908928,0.2433968186378479,1,0,0,0,0,0,0,0,0,0,0,0,0,0
TX002381,AC00098,-0.0087314848195361,-0.1690613081064482,-1.6027640635760865,-72.68469136211675,0.0,0.2959588714589936,2.5596554970173977,7.68594435571313,0.37403685,0.39115623,0.43731689453125,1,0,0,0,0,0,0,0,0,1,0,0,0,0
TX002382,AC00452,-0.0992157230543832,-0.2521850100366913,-3.649688747862437,-100.27072517681184,0.0,0.159200244736393,1.9299751671375127,-16.218889385318104,0.23721176,0.2609128,0.29880523681640625,1,0,0,0,0,0,0,0,0,0,0,0,0,0
TX002383,AC00119,0.0014231325988106,0.1210815326652328,1.2951722711598803,635.9732792893715,5.306900055884482,0.564252829616973,8.076999164421686,-6.136085768294646,0.24455208,0.2812573,1.9425067901611328,1,2,1,1,1,1,1,1,1,0,0,0,1,1
TX002384,AC00342,-0.0976666003726292,-0.2216149309478789,-3.0451485514544983,-91.22134003075456,0.0,0.2808219753389976,1.8893553226489188,-2.673499914186088,0.20378995,0.2386541,0.11736506968736649,1,0,0,0,0,0,0,0,0,0,0,0,0,0
TX002385,AC00190,-0.1018075507173849,-0.2395047906104088,-3.836791990440889,-100.25454936971413,0.0,0.2171500567402625,1.7691972414793455,-13.455626412458216,0.24194176,0.21732624,0.21765191853046417,1,0,0,0,0,0,0,0,0,0,0,0,0,0
TX002386,AC00075,-0.0933193304754771,-0.1840943464672846,-4.179902212001154,-83.11640794031555,0.0,0.2970713816805393,2.215367356916785,-6.105409130768928,0.19955485,0.21099871,0.20719337463378906,1,0,0,0,0,0,0,0,0,0,0,0,0,0
TX002387,AC00450,-0.0861361346628563,-0.2461616745027885,-2.7106364485868424,-99.26417053896483,0.0,0.1249901751770896,1.6443907791804755,-14.665417504790224,0.24599737,0.3485379,0.2503018379211426,1,0,0,0,0,0,0,0,0,0,0,0,0,0
TX002388,AC00300,-0.0516777985435217,-0.2096192479368799,-3.6116667134060254,-95.35803911717004,0.0,0.2370363249066185,1.891565544786908,-11.487186243907615,0.24611598,0.21249808,0.21177245676517487,1,0,0,0,0,0,0,0,0,0,0,0,0,0
TX002389,AC00183,-0.0133347065609311,-0.2178147163526158,-0.5830289906065245,17.90461969746353,0.0,0.4303696965746474,2.277836981707198,-12.00966189234011,0.23321581,0.27168056,0.40354499220848083,1,0,0,0,0,1,0,0,0,0,0,0,0,0
TX002390,AC00079,-0.0866360193812309,-0.2336599976762305,-3.155094321927572,-98.61870146027458,0.0,0.1457357100239788,1.906725008697768,-7.951855197643541,0.18805774,0.20523721,0.2156699299812317,1,0,0,0,0,0,0,0,0,0,0,0,0,0
TX002391,AC00004,-0.0770958141175167,-0.245634213703578,-3.069278050886198,-101.58890991100836,0.0,0.1243275397022865,1.697738603343434,-14.4214670199787,0.21690579,0.2326497,0.19585056602954865,1,0,0,0,0,0,0,0,0,0,0,0,0,0
TX002392,AC00063,-0.0500393502708806,-0.0971824569800694,-0.5387352683621192,-87.62213475522177,0.0,0.4048653197045894,2.8381212007146184,-9.821886281049192,0.5696256,0.582763,0.5233896970748901,1,1,0,0,0,0,0,0,0,0,1,0,0,0
TX002393,AC00345,-0.1045383267240028,-0.2518387440123071,-3.295852780668551,-100.38633346242707,0.0,0.1197137128932062,1.5632438731006413,-7.572316770877236,0.16611892,0.17879325,0.21798783540725708,1,0,0,0,0,0,0,0,0,0,0,0,0,0
TX002394,AC00177,-0.0530873237249859,-0.2158628443716985,-3.582461834069149,-95.78866597200518,0.0,0.178460499828648,2.017618130915117,-7.368901839289168,0.22003135,0.22128811,7.0585126876831055,1,0,0,0,0,0,0,0,0,0,0,0,1,0
TX002395,AC00165,-0.074153589291252,-0.2178011701898523,-2.383279376167313,-96.93006435279784,0.0,0.1729908309711649,2.2225162204597666,-14.661278710108771,0.3601821,0.38621652,0.4221850633621216,1,0,0,0,0,0,0,0,0,0,0,0,0,0
TX002396,AC00097,-0.0991937292350672,-0.2208437752385521,-2.953354163806053,-92.8434902814739,0.0,0.1516202895503154,2.127193183319793,-6.976897461347466,0.25683346,0.2516689,0.2615088224411011,1,0,0,0,0,0,0,0,0,0,0,0,0,0
TX002397,AC00241,-0.0456223850765637,-0.1137031888179997,-0.3944721137795044,-88.7548200923345,0.0,0.3998572219460452,2.800708412675436,-10.865815722771758,0.342915,0.72828877,0.6550055146217346,1,0,0,0,0,0,0,0,0,0,0,1,0,0
TX002398,AC00308,-0.0985886302200254,-0.1892771004697258,-1.6764073454207304,-96.55512488081028,4.214684851089404e-08,0.2581209289299092,2.4091131243995125,-7.309746411282421,0.29509348,0.32036433,,0,0,0,0,0,0,0,0,0,0,0,0,0,0
TX002399,AC00308,-0.1071351326413603,-0.2311047156051795,-2.362015863667021,-93.36262178799524,0.0,0.2181931086981799,2.155387705470457,-7.82795357375983,0.22605798,0.25065097,,0,0,0,0,0,0,0,0,0,0,0,0,0,0
TX002400,AC00088,-0.0678143963323837,-0.2186316305156963,-2.169774431677417,-96.62999822134202,0.0,0.1790398312248226,2.0143812740713125,-13.070708280263757,0.27614817,0.25952494,,0,0,0,0,0,0,0,0,0,0,0,0,0,0
TX002401,AC00370,-0.0827212987250454,-0.2426212806387564,-3.572250787070259,-98.78107672760488,0.0,0.1776878092581674,1.7116599902746246,-7.900143357974909,0.16988891,0.17841054,0.18838633596897125,1,0,0,0,0,0,0,0,0,0,0,0,0,0
TX002402,AC00073,0.0018529002006957,-0.0827466344186622,-0.9813775365057688,-73.06801290649068,0.0,0.3686136553270102,2.726970789494215,-0.8049258469966019,0.35536608,0.471322,0.5310868620872498,1,1,1,0,0,0,0,0,0,0,0,0,0,0
TX002403,AC00452,-0.07896521374938,-0.2157276896623265,-2.9013232110936658,-99.63865262424898,4.214684851089404e-08,0.2083134232414534,1.9105217185598524,-13.25730310124135,0.17357077,0.27752006,0.29805463552474976,1,0,0,0,0,0,0,0,0,0,0,0,0,0
TX002404,AC00111,-0.0184916824769242,-0.1865176848309506,-1.333255887138992,-26.07959020797708,0.0,0.4447332326846115,2.862173611302774,-1.274611604481085,0.25415188,0.35760647,0.4963412284851074,1,0,0,0,0,0,0,0,0,0,0,0,0,0
TX002405,AC00150,-0.1129690737733266,-0.249785546224488,-2.849553457180158,-100.27906917351444,0.0,0.098679089331771,1.763015583151212,-8.447159156568913,0.22559577,0.32979858,0.2635687291622162,1,0,0,0,0,0,0,0,0,0,0,0,0,0
TX002406,AC00103,-0.1109792551478202,-0.1851677128162492,-2.1963706538066807,-89.58777882667513,0.0,0.2593065550506914,2.2342440295962747,-6.345179229753015,0.25934106,0.3903693,0.35107606649398804,1,0,0,0,0,0,0,0,0,0,0,0,0,0
TX002407,AC00176,-0.0727503934015999,-0.1943519724163327,-2.240319081237206,-84.37096165634014,0.0,0.3102170959743591,2.147858816859139,-11.637830418435811,0.28048813,0.30272427,0.3376900255680084,1,0,0,0,0,0,0,0,0,0,0,0,0,0
TX002408,AC00194,-0.0505641457137606,-0.1629998032620485,-2.6215672347899828,-92.98046363349825,0.0,0.3547662833416758,2.33550870188734,-6.887097706184625,0.2616977,0.31477845,0.3124185800552368,1,0,0,0,0,0,0,0,0,0,0,0,0,0
TX002409,AC00225,-0.1022652868069796,-0.2287984708804167,-3.036360705537077,-99.6737860684928,0.0,0.2138751031619017,1.9428261789162813,-14.523620303311436,0.23180169,0.2467139,0.16388170421123505,1,0,0,0,0,0,0,0,0,0,0,0,0,0
TX002410,AC00267,-0.0630896216700492,-0.2211106163519682,-3.3475468143139944,-96.69888139137564,0.0,0.2084772044021804,1.921760751786129,-13.877047004501218,0.23005298,0.22676833,0.13781067728996277,1,0,0,0,0,0,0,0,0,0,0,0,0,0
TX002411,AC00129,-0.1033059195046209,-0.2458875682314318,-3.558684746356969,-101.38285642176564,4.214684851089404e-08,0.0624503336750244,1.7903156351631655,-15.08948873350033,0.2114113,0.22083452,0.19732828438282013,1,0,0,0,0,0,0,0,0,0,0,0,0,0
TX002412,AC00362,-0.0792467355170212,-0.1523082671074087,-1.4768795168900644,-95.13121236653537,0.0,0.3057981374176496,2.479580498815551,-6.518849221289751,0.3757759,0.37461174,0.19527584314346313,1,0,0,0,0,0,0,0,0,0,0,0,0,0
TX002413,AC00155,-0.1199095189508364,-0.1837947453576947,-2.2870664768937834,-86.6762591913039,0.0,0.2563666393703964,2.250225181174827,-3.8120367689794543,0.2536226,0.3690253,0.31617870926856995,1,0,0,0,0,0,0,0,0,0,0,0,0,0
TX002414,AC00019,-0.0765299624057812,-0.1757864447687327,-1.4477470053160308,-97.13573992446128,0.0,0.2608512836231499,2.477939573308292,-5.825872516608779,0.28609502,0.4056252,0.41087210178375244,1,0,0,0,0,0,0,0,0,0,0,0,0,0
TX002415,AC00028,0.0044765292537717,-0.226260084387234,-0.7255539605942536,-24.86867934448476,0.0,0.4618012363676105,2.3544387394739688,1.512157230972632,0.22424878,0.23748499,0.3016606867313385,1,1,1,0,0,0,0,0,0,0,0,0,0,0
TX002416,AC00459,-0.0911547730122413,-0.2234359495124611,-2.9423090565066863,-97.87247210264916,0.0,0.2370217569311353,1.9242737750845624,-7.247209601713815,0.22060376,0.20766288,0.21189869940280914,1,0,0,0,0,0,0,0,0,0,0,0,0,0
TX002417,AC00069,-0.0969127153238811,-0.239281008591198,-2.394559388104409,-99.83573742632012,0.0,0.1357611374423603,1.6325619086494734,-8.313797458000082,0.19496241,0.243672,0.23669688403606415,1,0,0,0,0,0,0,0,0,0,0,0,0,0
TX002418,AC00046,-0.0594391078723622,-0.1151671185825657,-0.9055845379794184,-90.83432606897443,0.0,0.3492829660278547,2.4046976469280565,-4.9234602739579545,0.403039,0.437524,0.46385282278060913,1,0,0,0,0,0,0,0,0,0,0,0,0,0
TX002419,AC00067,-0.0925721516391561,-0.2245895597340663,-2.259904764002063,-96.71761678537268,0.0,0.1055207865547664,2.130570663580297,-7.013438843574898,0.23035794,0.2678563,0.2984587550163269,1,0,0,0,0,0,0,0,0,0,0,0,0,0
TX002420,AC00257,-0.0698854164517759,-0.1454424311057052,-0.3104745022558255,-90.57848670278524,5.960464477539064e-08,0.2608096116949966,2.653780097922173,-4.655218278615705,0.40171587,0.49278894,0.34159350395202637,1,0,0,0,0,0,0,0,0,0,0,0,0,0
TX002421,AC00215,-0.0965840947906508,-0.2464808233876896,-4.314285998206903,-100.24852685562576,0.0,0.1113117459082661,1.7396937270754305,-13.564371992355222,0.12872383,0.18688983,0.21986311674118042,1,0,0,0,0,0,0,0,0,0,0,0,0,0
TX002422,AC00152,-0.0484137933364564,-0.2141215369501827,-2.1552133020805444,-90.69681867361354,0.0,0.281978199522291,1.7393375883654456,-5.026403546381531,0.270297,0.25944093,0.2642170786857605,1,0,0,0,0,0,0,0,0,0,0,0,0,0
TX002423,AC00306,-0.0841235854387779,-0.1430726262542954,-1.9879233532717688,-95.60540007229793,0.0,0.2811954528518552,2.266996219768817,-7.040150626162249,0.2706205,0.36652315,0.4030691385269165,1,0,0,0,0,0,0,0,0,0,0,0,0,0
TX002424,AC00340,-0.0274392518411288,-0.2516323418107061,-0.7640129870442873,-21.77170326925045,2.266595818384037,0.4679467555265004,2.258553721603151,0.3570024520561774,0.2188701,0.35024124,1.5623936653137207,1,0,0,0,0,0,0,1,0,0,0,0,1,0
TX002425,AC00116,-0.0197026532272385,-0.1629306609963197,-1.4830288471893978,-85.72619430572594,0.0,0.3396806094955226,2.17151441170326,-8.669857676192336,0.37298727,0.33507088,0.3357943296432495,1,0,0,0,0,0,0,0,0,0,0,0,0,0
TX002426,AC00306,-0.0904744256778132,-0.2402087539009574,-3.036038531033502,-100.5488953207916,0.0,0.1400131534797752,1.4954283906430712,-14.237890056191253,0.19963115,0.23456796,0.266133576631546,1,0,0,0,0,0,0,0,0,0,0,0,0,0
TX002427,AC00032,-0.0682006973082928,-0.1496826055800144,-1.7105334628966302,-93.96762839856768,0.0,0.3163346631830585,2.2097334012106518,-5.940671030598154,0.30417702,0.37391564,0.31135061383247375,1,0,0,0,0,0,0,0,0,0,0,0,0,0
TX002428,AC00374,-0.1187668265608056,-0.2867542702186578,-4.835757469639941,-104.38302956456506,0.0,0.0,1.0725708393349114,-17.064374627898864,0.10349481,0.07953165,0.16038545966148376,1,0,0,0,0,0,0,0,0,0,0,0,0,0
TX002429,AC00303,-0.0253417189564397,-0.1478438510732491,-2.55403508741236,-72.43728932268232,0.0,0.2958745560608752,2.010133167702545,4.77268284287762,0.2568788,0.2978505,0.37842240929603577,1,0,0,0,0,0,0,0,0,1,0,0,0,0
TX002430,AC00464,-0.1306271648470521,-0.222361064665528,-3.532873953488676,-98.01029791302888,0.0,0.1250511228414308,2.058000372156106,-9.223648551343882,0.15946138,0.192251,0.15510238707065582,1,0,0,0,0,0,0,0,0,0,0,0,0,0
TX002431,AC00245,-0.0519795092671823,-0.1214844531951235,-0.9040090627856756,-90.9211305506003,0.0,0.3610129329047742,2.335109708280583,-3.772857317869728,0.30043977,0.4986069,0.5288051962852478,1,0,0,0,0,0,0,0,0,0,0,0,0,0
TX002432,AC00373,-0.0328210008507122,-0.1814912019316321,-2.076205159851715,-93.58943867670166,0.0,0.3183756436229043,2.181603249968482,-9.543084124355197,0.36730054,0.390047,0.3889048993587494,1,0,0,0,0,0,0,0,0,0,0,0,0,0
TX002433,AC00386,-0.0993921910584107,-0.182954858242587,-2.2673971303188454,-97.07028867134431,0.0,0.2554391925782154,1.9482169125972533,-8.341911976336828,0.18621494,0.31804255,0.2959446907043457,1,0,0,0,0,0,0,0,0,0,0,0,0,0
TX002434,AC00078,-0.129496726855967,-0.2572674729856574,-3.863734604718741,-100.33225443336023,0.0,0.1600970210876622,1.6477170636572984,-10.006864311344064,0.10029739,0.15534419,0.15490348637104034,1,0,0,0,0,0,0,0,0,0,0,0,0,0
TX002435,AC00424,-0.0864630828773686,-0.1646559242547276,-1.050828833534208,-97.49461988980522,0.0,0.2958226227507523,2.343472340981692,-7.65698914037327,0.25777918,0.39283624,0.3556446433067322,1,0,0,0,0,0,0,0,0,0,0,0,0,0
TX002436,AC00033,-0.0840606622298174,-0.1267744804178892,-2.6259924649816773,-95.4698715013398,0.0,0.284618814677,2.610213860104438,-9.75411263091744,0.4517624,0.45935705,0.43312448263168335,1,0,0,0,0,0,0,0,0,0,0,0,0,0
TX002437,AC00046,-0.0353575601983848,-0.0979367887506097,-1.374881835057841,-74.57047503519182,0.0,0.3540155478480107,2.5979549765200027,0.5344748963566248,0.4710387,0.40337992,0.3431713879108429,1,0,0,0,0,0,0,0,0,0,0,0,0,0
TX002438,AC00298,-0.0872789808979694,-0.2036890785267842,-3.025588649148845,-96.7246175971149,0.0,0.1979165642980169,1.862637026427106,-14.235641406084556,0.16157448,0.4401115,0.4549301862716675,1,0,0,0,0,0,0,0,0,0,0,0,0,0
TX002439,AC00432,-0.0413592645486301,-0.2176604123824168,-2.626323672426971,-96.06900952640468,5.960464477539064e-08,0.3161563673469612,2.3900699552541607,-12.106055563461286,0.2795851,0.28480494,0.3197873830795288,1,0,0,0,0,0,0,0,0,0,0,0,0,0
TX002440,AC00439,-0.0256121220046443,-0.0479422799177546,-1.51559606004166,-88.12471315709566,0.0,0.3892729713472184,2.494506928030054,-1.5557321808623668,0.43539453,0.46466193,0.48293939232826233,1,0,0,0,0,0,0,0,0,0,0,0,0,0
TX002441,AC00407,-0.107474012988916,-0.2197681480856113,-3.129547276521735,-98.71320088941016,0.0,0.2006086748623205,1.918005315716432,-7.661289353144465,0.25434116,0.28727373,0.3234647214412689,1,0,0,0,0,0,0,0,0,0,0,0,0,0
TX002442,AC00004,-0.0672219997786334,-0.2130027387683959,-2.231391693785249,-95.23950058306488,5.960464477539064e-08,0.2428571418176917,2.3016884355921103,-6.780472161672538,0.2892531,0.30011097,0.30971768498420715,1,0,0,0,0,0,0,0,0,0,0,0,0,0
TX002443,AC00079,-0.0981273864336608,-0.2431994489355783,-2.846296871691794,-99.13525822843084,0.0,0.1375186735402262,1.71235131254113,-8.142610040602857,0.17614613,0.22893916,0.16841916739940643,1,0,0,0,0,0,0,0,0,0,0,0,0,0
TX002444,AC00356,-0.1032156970756721,-0.2132995198176088,-2.787662272084876,-100.42054354772642,0.0,0.1535165056397315,1.7727495121244885,-14.29116314878857,0.30284274,0.24004947,0.2585239112377167,1,0,0,0,0,0,0,0,0,0,0,0,0,0
TX002445,AC00269,-0.0584040626647566,-0.1486852330799954,-1.9856311613504567,-94.11390140320373,0.0,0.231323798402867,2.225953394935096,-13.5440806247377,0.316341,0.33325213,0.287370502948761,1,0,0,0,0,0,0,0,0,0,0,0,0,0
TX002446,AC00439,-0.0305213498549036,-0.1780617962228241,-0.0296271572961908,-60.36202569554016,2.6463513736631867,0.5443913329457152,3.301197285925733,1.1092963511305618,0.42295584,0.4567859,0.9650191068649292,1,0,0,0,0,0,0,1,1,0,0,0,0,0
TX002447,AC00014,-0.0322902475414055,-0.1607485965650759,-0.2698201307744634,-25.928022363399805,0.0,0.4603105419575526,2.6003566130097613,-9.896788893848434,0.28432563,0.31252694,1.5904327630996704,1,0,0,0,0,0,0,0,0,0,0,0,1,0
TX002448,AC00140,-0.1023103944903268,-0.2317013297773205,-3.3896824673370736,-99.33456738736568,0.0,0.1881703332753709,2.029147346897071,-15.04676703293608,0.2745787,0.23002559,0.2559429407119751,1,0,0,0,0,0,0,0,0,0,0,0,0,0
TX002449,AC00460,-0.0651779047715025,-0.1916010872148283,-1.7811476222698852,-96.56239871894806,0.0,0.2656236959522406,2.3722608934773106,-6.263298227169875,0.37271863,0.36552644,0.13058432936668396,1,0,0,0,0,0,0,0,0,0,0,0,0,0
TX002450,AC00494,-0.0605254940993389,-0.2014693788749852,-2.6589036006037867,-96.07894257134043,4.214684851089404e-08,0.2551092728673898,2.087614367593492,-5.308054617953287,0.30534896,0.26627865,0.3053547143936157,1,0,0,0,0,0,0,0,0,0,0,0,0,0
TX002451,AC00325,-0.0955818063196395,-0.2316521110403402,-2.2141128342537426,-98.62078589275508,0.0,0.1684254852823465,1.88814694656217,-8.38431956976269,0.24950486,0.2524945,0.6917247176170349,1,0,0,0,0,0,0,0,0,0,0,0,0,0
TX002452,AC00150,-0.1245744686375271,-0.2505593472000919,-3.865887490981853,-100.42054908761486,0.0,0.0946770653841054,1.804760330762216,-9.401921295296344,0.14789361,0.15615907,0.1748502552509308,1,0,0,0,0,0,0,0,0,0,0,0,0,0
TX002453,AC00242,-0.0307448288451931,-0.0858423205550213,-2.203965280800719,-64.30932043847322,0.0,0.4069024381288572,2.739979589569756,4.239502900607391,0.3295358,0.38948455,5.086851596832275,1,0,0,0,0,0,0,0,0,1,0,0,1,0
TX002454,AC00222,-0.0452893595288901,-0.2355077064316877,-0.5618026606827415,138.38206567174217,0.0,0.3787703172063519,2.400988963942664,-11.026044357994978,0.18535993,0.1968011,0.4642857015132904,1,0,0,0,0,1,0,0,0,0,0,0,0,0
TX002455,AC00170,-0.1138398818468358,-0.2714784882782725,-4.152716986751927,-104.70738466053564,0.0,0.0,1.5605088051113591,-10.279009047799969,0.11436263,0.13450354,0.14603681862354279,1,0,0,0,0,0,0,0,0,0,0,0,0,0
TX002456,AC00043,-0.0556410322385729,0.0280454860875889,-3.223389602505688,-92.78096031885964,4.214684851089404e-08,0.3893992632684249,2.265797109669444,-3.8224345367763872,0.17642076,0.39112502,0.4612804055213928,1,1,0,1,0,0,0,0,0,0,0,0,0,0
TX002457,AC00487,-0.0138736278888655,-0.2111087393385264,-1.447878848802298,-73.61580770209719,0.0,0.3826248427567463,2.1990243949299684,-12.226882787054237,0.2743178,0.32198098,0.33939680457115173,1,0,0,0,0,0,0,0,0,0,0,0,0,0
TX002458,AC00315,-0.0710919872639341,-0.0140986867976811,-2.3562599298476448,-89.956123183892,0.0,0.4016518411005803,2.6487854190635125,8.525837714909258,0.21292403,0.4222878,0.5417099595069885,1,0,0,0,0,0,0,0,0,1,0,0,0,0
TX002459,AC00312,-0.0126796430770533,-0.0367934880281872,0.6576323197843736,-80.23239891277349,8.429369702178808e-08,0.4715402972469452,3.0790458918296983,-6.716723318701556,0.5735262,0.5461945,0.5450689792633057,1,1,0,0,1,0,0,1,0,0,1,0,0,0
TX002460,AC00483,-0.0949511464677924,-0.2138102364363177,-2.471613548094365,-93.75334719417988,0.0,0.2305949188094148,1.957655575672805,-12.787961118483985,0.22917949,0.2534351,0.32639309763908386,1,0,0,0,0,0,0,0,0,0,0,0,0,0
TX002461,AC00430,-0.0029535077928021,0.1314937384146122,3.5280531163195405e-05,-75.97290738411942,2.394172498733495,0.5329010494208865,3.399402305156994,-1.1002641265202209,0.6473096,0.8076468,0.7538111209869385,1,2,0,1,1,0,0,1,1,0,1,1,0,1
TX002462,AC00320,-0.127130223471105,-0.2158232738878058,-2.422679079347046,-94.56454296286624,0.0,0.1790067598854691,2.207243038361812,-7.310001775960132,0.24064517,0.27351117,0.30356156826019287,1,0,0,0,0,0,0,0,0,0,0,0,0,0
TX002463,AC00464,-0.0547052392480275,-0.2360724176410888,-3.669319306675312,-98.83227226352044,0.0,0.1210584690219534,1.8826060494492045,-6.538495030843192,0.27415496,0.23127286,0.35540416836738586,1,0,0,0,0,0,0,0,0,0,0,0,0,0
TX002464,AC00436,-0.0953842985307985,-0.2480457589641064,-3.4492519918546014,-99.71759494536064,0.0,0.0209732851451104,1.6080999670238914,-14.103229893796184,0.14822339,0.20272608,0.20616000890731812,1,0,0,0,0,0,0,0,0,0,0,0,0,0
TX002465,AC00279,-0.1081887911925779,-0.2217137202823376,-3.870223812339993,-95.03191564035886,0.0,0.1804614172782316,1.9562684425460468,-8.138437350478023,0.17880516,0.18971823,0.14198392629623413,1,0,0,0,0,0,0,0,0,0,0,0,0,0
TX002466,AC00436,-0.1341223740850265,-0.2560663539402703,-4.728787214716872,-97.6126080967014,0.0,0.0637599723299222,1.6689290027909036,-9.733036364358249,0.11598407,0.119079895,0.10914303362369537,1,0,0,0,0,0,0,0,0,0,0,0,0,0
TX002467,AC00251,0.0449908798240499,-0.0541508779203774,-0.3322760910769471,-64.74789996850504,0.0,0.4425937149123907,2.893044847571139,18.118355417173543,0.40080953,0.46690315,0.4519762396812439,1,1,1,0,0,0,0,0,0,1,0,0,0,0
TX002468,AC00412,-0.0436530376556338,-0.1877912101103538,-2.5850104335870148,-75.97686617145575,0.0,0.3483226511607022,1.962834245510387,-11.692923084641116,0.22387831,0.2134329,0.4102593660354614,1,0,0,0,0,0,0,0,0,0,0,0,0,0
TX002469,AC00284,-0.0658112473979269,-0.1795434249272745,-2.3783750553103475,-96.5723231096884,0.0,0.2400530112135053,2.170931071711534,-12.22970554924823,0.30801293,0.40205958,0.3395325839519501,1,0,0,0,0,0,0,0,0,0,0,0,0,0
TX002470,AC00054,-0.0712610104666733,-0.2017570293535882,-1.2675180813405378,-88.09628509005229,0.0,0.3236996492163663,2.2890414335568443,-12.068129592746187,0.29206654,0.30833733,0.32585012912750244,1,0,0,0,0,0,0,0,0,0,0,0,0,0
TX002471,AC00128,-0.0835115727895958,-0.2536796999213244,-1.690272897189902,-15.41362128362671,1.1920928955078125e-07,0.0,1.778994168629577,-14.400697047770462,0.11002276,0.12190943,1.01077139377594,1,0,0,0,0,0,0,0,0,0,0,0,0,0
TX002472,AC00236,-0.1100564605723378,-0.2481836088578466,-3.1228721474127985,-101.39234679810988,0.0,0.1049926732384392,1.5121288802752322,-14.600556450290052,0.17864148,0.24403296,0.322622150182724,1,0,0,0,0,0,0,0,0,0,0,0,0,0
TX002473,AC00275,-0.0375255569704754,-0.1688945139690527,-1.321839075658434,-88.8899815893233,0.0,0.3110461039035399,2.36157063840188,-5.0924527319935455,0.33401904,0.3699744,0.37111803889274597,1,0,0,0,0,0,0,0,0,0,0,0,0,0
TX002474,AC00122,-0.0850232473320138,-0.2071577534512487,-2.996626410478595,-89.91828929759271,0.0,0.2755369490234759,2.1746301789494487,-6.574945263694452,0.20413776,0.34207496,6.984264373779297,1,0,0,0,0,0,0,0,0,0,0,0,1,0
TX002475,AC00302,-0.0553761931635167,-0.155892588671078,-2.8387279855886627,-90.1050296136488,0.0,0.3089238982141467,2.2557002945111697,-10.285651158333737,0.3899796,0.27340928,0.27514588832855225,1,0,0,0,0,0,0,0,0,0,0,0,0,0
TX002476,AC00058,-0.0915713563527084,-0.1444187288055591,-1.532111542768738,-93.48630489521162,5.960464477539064e-08,0.3105474370933817,1.8590411270381435,-6.175115298404013,0.3882687,0.43798253,0.44290170073509216,1,0,0,0,0,0,0,0,0,0,0,0,0,0
TX002477,AC00058,-0.0698469744782827,-0.1794854831411223,-1.7728683561728742,-94.9152734512115,0.0,0.3148731212465029,2.6271824615264845,-12.15340182993385,0.38222915,0.32095665,0.37237679958343506,1,0,0,0,0,0,0,0,0,0,0,0,0,0
TX002478,AC00042,-0.0854130965592684,-0.2102812389709749,-3.470643946017064,-99.0414946175211,0.0,0.2133999473014846,1.73301065980397,-11.887011651558511,0.2070553,0.19773315,0.17975245416164398,1,0,0,0,0,0,0,0,0,0,0,0,0,0
TX002479,AC00276,-0.1152391494308913,-0.2128108007668667,-3.219956362887316,-97.03327530061226,0.0,0.2369417318023022,1.7134391265676492,-15.69901563128641,0.21069337,0.25401953,0.2641473412513733,1,0,0,0,0,0,0,0,0,0,0,0,0,0
TX002480,AC00275,-0.0570911942617647,-0.1962678527875803,-1.819476684186502,-97.375977131994,0.0,0.2934108210989911,1.903262606584386,-6.929126927866475,0.2680219,0.32092807,0.2944630980491638,1,0,0,0,0,0,0,0,0,0,0,0,0,0
TX002481,AC00070,-0.0340122108569935,-0.1286436203976504,-1.4073563679266412,-94.63218581103902,0.0,0.3173394918989758,2.4657914902316294,-10.795182565450606,0.35561192,0.46920967,0.4020369350910187,1,0,0,0,0,0,0,0,0,0,0,0,0,0
TX002482,AC00317,-0.0861463011472583,-0.2219646893915146,-2.5589173794566937,-95.10071833311432,0.0,0.1813651206978372,2.2496498475755957,-6.93118945968939,0.2984177,0.30177596,0.35083895921707153,1,0,0,0,0,0,0,0,0,0,0,0,0,0
TX002483,AC00347,-0.0779296766623814,-0.2136275782901229,-0.7308725514908652,-85.57962710918954,0.0,0.246742264632765,2.3366534115495696,-11.989773567857512,0.31832287,0.2963571,0.33125609159469604,1,0,0,0,0,0,0,0,0,0,0,0,0,0
TX002484,AC00179,-0.1031164551449239,-0.2552868692320936,-3.6023640833104524,-100.4733270772374,0.0,0.1430697156534448,1.852134542511204,-9.647090958362474,0.15553083,0.15974326,0.17716389894485474,1,0,0,0,0,0,0,0,0,0,0,0,0,0
TX002485,AC00172,-0.1144257085673163,-0.2675800380496497,-4.145914287657239,-101.65918538618976,0.0,0.0,1.6133200105002417,-10.02914972560993,0.14079234,0.1576181,2.1902477741241455,1,0,0,0,0,0,0,0,0,0,0,0,1,0
TX002486,AC00051,-0.0453821653489127,-0.0507466410682688,-0.3043013382998678,-88.87702073640386,0.0,0.3898446958644953,3.2469949915141947,-8.414475896866355,0.6259188,0.530296,0.5486848950386047,1,1,0,0,0,0,0,0,1,0,1,0,0,0
TX002487,AC00202,-0.0578727739091179,-0.191212145932569,-0.8870865360122338,-93.77970101288952,0.0,0.2944790929945591,2.548282558661299,-3.8678018268382433,0.37870583,0.46611583,6.833276748657227,1,0,0,0,0,0,0,0,0,0,0,0,1,0
TX002488,AC00125,-0.0592635627623157,-0.2144321440989476,-2.959033012732884,-93.9054132217037,0.0,0.2057387072138755,2.091604133442228,-5.442011123334617,0.2327462,0.24858573,0.2370355874300003,1,0,0,0,0,0,0,0,0,0,0,0,0,0
TX002489,AC00311,-0.0677245561192955,-0.1630139416058267,-1.8084448118504115,-89.77235952447589,0.0,0.2865380666807176,2.3563227092421344,-10.202329844548046,0.21067923,0.5619188,0.6710853576660156,1,0,0,0,0,0,0,0,0,0,0,0,0,0
TX002490,AC00116,-0.0625369727296908,-0.1939187991590023,-2.5435044869207983,-97.1916703667032,0.0,0.2622425700836144,2.0644838374917427,-1.1448334220170722,0.24490836,0.2756058,0.32558032870292664,1,0,0,0,0,0,0,0,0,0,0,0,0,0
TX002491,AC00265,-0.0999810375888644,-0.2029707802546585,-3.0841320827886944,-96.15845854821902,0.0,0.2392785072089246,2.0186610399204143,-7.079204189970109,0.26416454,0.25972825,0.5542168617248535,1,0,0,0,0,0,0,0,0,0,0,0,0,0
TX002492,AC00493,-0.1446966958895533,-0.2495992549850771,-4.196563199407762,-100.89858119099524,2.9802322387695312e-08,0.1103724568198167,1.5345943062604173,-10.341197383418177,0.10002977,0.14588875,0.13638125360012054,1,0,0,0,0,0,0,0,0,0,0,0,0,0
TX002493,AC00057,-0.0443751135475551,0.044346439123472,-1.13064243675022,-83.3651274462041,2.057632383902262,0.4943657336251456,3.2661652437956854,3.1070675012160494,0.4619199,0.5630824,1.239350438117981,1,1,0,1,0,0,0,1,1,0,0,0,0,0
TX002494,AC00279,-0.0886160649238276,-0.2109051435937039,-2.641483662995172,-98.36520905153792,0.0,0.1907043778458302,1.8051808828962017,-6.413551258249885,0.23984033,0.3054305,0.3056088089942932,1,0,0,0,0,0,0,0,0,0,0,0,0,0
TX002495,AC00322,-0.0556771078753072,-0.0506831018531432,-0.2535616232810467,-83.05447386356933,0.0,0.4633968337542151,2.7774140490252397,-1.3283103888025676,0.614161,0.67304283,0.6657540798187256,1,1,0,0,0,0,0,0,0,0,1,1,0,0
TX002496,AC00182,-0.1006906450576254,-0.2323905647920274,-3.7289173032911416,-92.64866861081951,0.0,0.1850140390244671,1.5314304244777566,-8.664184650498838,0.16231562,0.20095764,0.18113082647323608,1,0,0,0,0,0,0,0,0,0,0,0,0,0
TX002497,AC00432,-0.0203456351755536,-0.1776827805530696,-1.9413452993583773,-92.79778514065634,0.0,0.3140028500337704,2.28684408044574,-8.846247073212608,0.35833505,0.43604076,0.37313732504844666,1,0,0,0,0,0,0,0,0,0,0,0,0,0
TX002498,AC00030,-0.0751883662814225,-0.0887628730003842,-1.1111294672301495,-91.58460245499704,0.0,0.4174445466339294,2.8366967446026274,-10.672420426381066,0.42533255,0.46148574,0.5105618834495544,1,0,0,0,0,0,0,0,0,0,0,0,0,0
TX002499,AC00407,-0.0604498153255456,-0.1858099442933174,-2.194164261492374,-95.39259210601604,0.0,0.2463867169141112,2.128193872373287,-13.086511079800824,0.24703285,0.32569915,0.3169126510620117,1,0,0,0,0,0,0,0,0,0,0,0,0,0
TX002500,AC00089,-0.0369091253499728,-0.1709020778531926,-0.8417314612753923,-88.38957421423655,0.0,0.3869713600203963,2.443755437250687,-10.884019867513569,0.3209375,0.3381933,0.37056735157966614,1,0,0,0,0,0,0,0,0,0,0,0,0,0
TX002501,AC00375,-0.0768987038326625,0.0215900362016856,7.315687305364804e-05,-79.33196813994982,0.0,0.4506605810032484,3.2608946032544828,0.1032843713402951,0.6865114,0.7445052,0.6330831050872803,1,2,0,1,1,0,0,0,1,0,1,1,0,1
TX002502,AC00216,-0.076029225721707,-0.2325657866084622,-3.383641630752039,-99.0566318429531,4.214684851089404e-08,0.1349194351325584,1.9691959343402603,-7.716392457773509,0.19505417,0.2080323,0.21324551105499268,1,0,0,0,0,0,0,0,0,0,0,0,0,0
TX002503,AC00069,-0.0872198859714374,-0.1569748693916495,-0.9681315912568368,-89.49815209053577,0.0,0.2919910381175459,2.05517361981035,-4.146643632625507,0.527847,0.50450194,0.5179927349090576,1,0,0,0,0,0,0,0,0,0,0,0,0,0
TX002504,AC00427,-0.0802014707171057,-0.1532067614624737,-1.9796581799538595,-95.66443262374844,0.0,0.3167086360365793,2.151335754433512,-6.561513303327324,0.28311577,0.4205817,0.3813527822494507,1,0,0,0,0,0,0,0,0,0,0,0,0,0
TX002505,AC00047,-0.1050039935931066,-0.2349526114679099,-2.6871307921583947,-97.18910568472208,0.0,0.2040201343877247,2.02633635194901,-7.504137506425634,0.23166326,0.23426056,0.2558905780315399,1,0,0,0,0,0,0,0,0,0,0,0,0,0
TX002506,AC00377,-0.1016693876807429,-0.1908921329959299,-2.2327230706952426,-97.82217105742826,4.214684851089404e-08,0.2402208965541155,2.284577915039912,-5.634185053875536,0.23952048,0.29687923,0.30009225010871887,1,0,0,0,0,0,0,0,0,0,0,0,0,0
TX002507,AC00258,-0.0813770892890461,-0.1897932260781041,-1.7241830103696651,-94.70052503657914,0.0,0.2634733772126867,2.168736205512142,-6.843831153731583,0.26913708,0.29238826,0.293033629655838,1,0,0,0,0,0,0,0,0,0,0,0,0,0
TX002508,AC00297,-0.0116006093699699,0.0746971574181916,1.277200104739192,-81.05614301813401,0.0,0.4543951121723422,3.1716689618462897,-0.5137765815765492,0.58357453,0.7463173,0.6371927261352539,1,2,0,1,1,0,0,0,0,0,1,1,0,1
TX002509,AC00322,-0.0714858983272924,-0.1944258057094896,-1.3346126352212968,-5.233060681095054,0.0,0.4596873251091433,2.528974919710877,-1.1891376564011036,0.2106472,0.26131713,1.0676922798156738,1,0,0,0,0,0,0,0,0,0,0,0,0,0
TX002510,AC00095,-0.0908477396343952,-0.2428367597062493,-4.071007551855662,-101.44218018517611,0.0,0.0619920691038582,1.6290591243821493,-14.253065077050026,0.17283835,0.17838389,0.1655319333076477,1,0,0,0,0,0,0,0,0,0,0,0,0,0
TX002511,AC00118,-0.0727523447166434,-0.2356978852047033,-1.9710445348395504,-96.61217697371704,4.214684851089404e-08,0.265439570383698,2.118815285621693,-14.244492674158172,0.3287538,0.3113806,0.2519935369491577,1,0,0,0,0,0,0,0,0,0,0,0,0,0
TX002512,AC00009,-0.0243292130406614,-0.2531746532042154,-1.1532478579122474,121.10401752849624,0.0,0.3514985141049994,2.257786561689809,-12.85212306119647,0.18202749,0.17240614,0.3329538404941559,1,0,0,0,0,1,0,0,0,0,0,0,0,0
