TransactionID,AccountID,split,score_isolation_forest,flag_isolation_forest_native,score_lof,flag_lof_native,score_ocsvm,flag_ocsvm_native,score_elliptic_envelope,flag_elliptic_envelope_native,score_dbscan,flag_dbscan_native,score_hdbscan,flag_hdbscan_native,score_kmeans,flag_kmeans_top5pct,score_gmm,flag_gmm_top5pct
TX000001,AC00128,train,-0.10417034469966802,0,-0.17981237738899303,0,-2.931854958852367,0,-88.18917805675943,0,0.0,0,0.21382968539207617,0,1.7385351833068285,0,-6.218068838854906,0
TX000002,AC00455,train,-0.12512014988694053,0,-0.2561954054083535,0,-2.946103857849807,0,-98.16991422249751,0,0.0,0,0.05273256318985806,0,1.5298295010706848,0,-8.364599184156825,0
TX000003,AC00019,train,-0.09461149832045085,0,-0.24983935703689553,0,-3.5225351975660066,0,-101.06324343710523,0,4.2146848510894035e-08,0,0.015372296311268857,0,1.88131605689394,0,-15.233148475142457,0
TX000004,AC00070,train,-0.07188958261216333,0,-0.17062529534436188,0,-2.6741889158726293,0,-90.421143599111,0,4.2146848510894035e-08,0,0.3443091239630959,0,2.0001714679257043,0,-10.960524185606134,0
TX000005,AC00411,train,-0.020884915830497897,0,-0.17601008548986696,0,-2.357148425768366,0,-86.56354017513867,0,0.0,0,0.3151374151907459,0,2.1762501056146246,0,7.541764352422647,1
TX000006,AC00393,train,-0.09705974389980954,0,-0.2562969851885425,0,-3.0038282780937378,0,-101.22622045983445,0,0.0,0,0.03559485544400314,0,1.4650383719414917,0,-15.150771436570444,0
TX000007,AC00199,train,-0.021330939615005873,0,-0.07050526037239524,0,-0.451273122167434,0,-68.68988104726498,0,0.0,0,0.42791879017690876,0,2.3821051367549595,0,-2.737362658160006,0
TX000008,AC00069,train,-0.031082632425815993,0,-0.13080106118967505,0,-1.6550302508522021,0,-91.64411756787644,0,0.0,0,0.3731508088503856,0,2.6655801172114995,0,-9.668073892614784,0
TX000009,AC00135,train,-0.06596810325801955,0,-0.19074400749518872,0,-1.8969405862319109,0,-94.92251484042856,0,0.0,0,0.2309479071624567,0,2.1343151955066366,0,-6.92891602515437,0
TX000010,AC00385,train,-0.10944560008548299,0,-0.23696568986869004,0,-3.0694743572947933,0,-45.937253486809254,0,0.0,0,0.3798033689137019,0,2.2054685880259113,0,-3.7883409187051127,0
TX000011,AC00150,train,-0.02983204376901527,0,-0.13552396605497075,0,-0.6397769601469756,0,-84.83612300138118,0,0.0,0,0.411856168606516,0,2.3277320886849893,0,-2.9589472598875437,0
TX000012,AC00459,train,-0.10451232303352259,0,-0.24734904992684237,0,-3.437235125383448,0,-101.36640124014745,0,0.0,0,0.1272641389721736,0,1.4381577768629483,0,-15.28181935467848,0
TX000013,AC00392,train,-0.05526603238712774,0,-0.23061522954898117,0,-2.7318660478812467,0,-97.46834085293511,0,0.0,0,0.23781556980612367,0,2.0626539183237877,0,-13.372344821914172,0
TX000014,AC00264,train,-0.041722175937296546,0,-0.014694539015598584,0,-0.1035072666554786,0,493.11573443053356,1,4.0198184435386715,1,0.5208320903382391,1,6.593574944792796,1,-9.505535954637917,0
TX000015,AC00085,train,-0.08531729835471202,0,-0.24198617623285368,0,-2.284246131007049,0,-81.15459009436572,0,0.0,0,0.2736576923891357,0,1.8054680742287421,0,-12.574325859621029,0
TX000016,AC00270,train,-0.09671605126085103,0,-0.20070373181334777,0,-3.175054356941444,0,-98.71196119660446,0,4.2146848510894035e-08,0,0.2650956052895432,0,2.2172794779390275,0,-4.4146034116963495,0
TX000017,AC00317,train,-0.051280523274939926,0,-0.2353807748342105,0,-3.226700745637838,0,-90.42123560891298,0,0.0,0,0.3153158479456257,0,1.586959251613785,0,-13.55792352380676,0
TX000018,AC00359,train,-0.09329024735413455,0,-0.20965507853567145,0,-2.4583966497549605,0,-98.39913046323134,0,0.0,0,0.17567361604265933,0,2.252119270838796,0,-6.076719290362899,0
TX000019,AC00242,train,-0.013233947476927632,0,-0.08877114981308609,0,-0.715928660263593,0,-82.22729342276381,0,0.0,0,0.42696382174577047,0,2.487951824710876,0,-6.502182037327307,0
TX000020,AC00285,train,-0.042237797406161626,0,-0.19862774179245002,0,-3.3886687246983103,0,-94.72967155326465,0,0.0,0,0.30481732025649044,0,2.204802223218729,0,-0.7694644260525842,0
TX000021,AC00002,train,-0.06916785096842976,0,-0.17333188693871393,0,-1.5435578787914848,0,-97.35215255353037,0,0.0,0,0.264470658408866,0,2.2884872547145263,0,-12.076847634218595,0
TX000022,AC00014,train,-0.11303417734803373,0,-0.22762898036634316,0,-3.87371784440161,0,-98.6569990891675,0,0.0,0,0.1762574208207091,0,1.975898668847122,0,-8.829926946486603,0
TX000023,AC00095,train,-0.044941794704947136,0,-0.08273525541422821,0,-0.7794822561870172,0,-87.81317309649478,0,0.0,0,0.4319652145909058,0,2.6072882367182153,0,-3.609206990660524,0
TX000024,AC00453,train,-0.02763891726186829,0,-0.1397430235337096,0,-0.8614835898752631,0,-69.07407963044841,0,2.673014337579656,0,0.5458551635068084,1,3.113806335339339,0,0.30087714537509536,0
TX000025,AC00241,train,-0.053430940130112736,0,-0.11547893664559417,0,-0.7353835299345048,0,-93.47606839553586,0,0.0,0,0.3486857868559788,0,2.5487928069556207,0,-13.176157793064853,0
TX000026,AC00041,val,-0.005419437819594197,0,-0.09222301077375938,0,-1.0716103628685554,0,-85.87223865828466,0,5.960464477539063e-08,0,0.3985493918721823,0,2.8165815566245853,0,-7.5917457566773,0
TX000027,AC00441,train,-0.006373326474965024,0,-0.19496589795133157,0,-0.00047864294952493225,0,27.86104171815343,1,2.8143283400661,1,0.5430443139430519,1,3.090222860993265,0,0.7125439383380283,0
TX000028,AC00057,train,-0.09694728406155972,0,-0.2335850498821872,0,-3.1663717663299886,0,-99.24273822652377,0,0.0,0,0.16389372621243317,0,1.844686762238441,0,-7.613984237467172,0
TX000029,AC00390,train,-0.11619700237265401,0,-0.2136799468625663,0,-4.007460776196019,0,-86.20701732372297,0,0.0,0,0.2529786315373674,0,2.0080289984564743,0,-6.974286650528659,0
TX000030,AC00313,val,-0.058955708426946474,0,-0.1751816005271929,0,-1.6665974231670022,0,-93.38539999351005,0,0.0,0,0.25008390729539526,0,2.290693623949234,0,-12.349737496108498,0
TX000031,AC00367,train,-0.040529767919740944,0,-0.17867900896873423,0,-2.3229355866132932,0,-90.39302786341878,0,0.0,0,0.3051710472222313,0,2.1883680380013155,0,-4.9127630901988235,0
TX000032,AC00291,train,-0.12024082740668685,0,-0.2159163660016925,0,-3.1163954486525602,0,-92.28616158865957,0,0.0,0,0.2622352185903506,0,1.9304487946618052,0,-7.497696940573473,0
TX000033,AC00060,train,-0.0758729732702676,0,-0.22185148634963014,0,-2.6050546894514115,0,-71.13267803135179,0,5.960464477539063e-08,0,0.0,0,2.456077355018171,0,5.25037553063925,1
TX000034,AC00359,train,-0.03823761166003348,0,-0.21637346100386168,0,-0.8658533989679551,0,160.7194163571598,1,1.6858739404357614e-07,0,0.31396809621934035,0,3.0364743007682833,0,-11.125257704389462,0
TX000035,AC00365,train,-0.06284383371266611,0,-0.18759820305850705,0,-2.347333513585334,0,-93.23769986487986,0,0.0,0,0.2599138007610552,0,2.339587352841097,0,-5.945938671704666,0
TX000036,AC00267,train,-0.07323999796604236,0,-0.1697610187997125,0,-1.756340362498471,0,-97.96591917992609,0,4.2146848510894035e-08,0,0.25244811164495645,0,2.2525053341194403,0,-7.25127588393209,0
TX000037,AC00404,train,-0.08943572096233693,0,-0.24985015486513362,0,-3.7259358842009176,0,-100.55790023084471,0,0.0,0,0.1790489569859997,0,1.6246273118104222,0,-15.741580645885891,0
TX000038,AC00202,train,-0.04603478669214561,0,-0.14754997735287123,0,-1.6791197342005804,0,-95.12050671820725,0,0.0,0,0.28831405236237995,0,2.3857782908748844,0,-11.141471540074809,0
TX000039,AC00478,train,-0.09053454720886106,0,-0.05253190374039041,0,-2.9227648268972635,0,-88.75075253477705,0,0.0,0,0.44731760763239664,0,2.2385307144607807,0,-3.793477089186524,0
TX000040,AC00405,train,-0.04808125531395413,0,-0.12044122494380738,0,-1.3047150814910067,0,-86.85263465876092,0,5.960464477539063e-08,0,0.3982383592176266,0,2.937158388460789,0,-2.0890565995757906,0
TX000041,AC00421,train,-0.08269601527708814,0,-0.20433636723152993,0,-2.7403063090460416,0,-97.23084967598881,0,0.0,0,0.1681574377416535,0,2.030279139776846,0,-13.251370848864772,0
TX000042,AC00480,train,-0.02982638566017548,0,-0.0981190930601783,0,-0.0002588104391989532,0,-81.98092473382756,0,0.0,0,0.39046089329259953,0,2.7842221680474317,0,-3.468543947069402,0
TX000043,AC00120,train,-0.06751403705845233,0,-0.1932961180172097,0,-2.058101188244481,0,-95.93348831368301,0,0.0,0,0.2407211452085588,0,2.1857402525059584,0,-6.527701361279877,0
TX000044,AC00117,val,-0.03188514444719026,0,0.026653646992940816,1,-0.2417252827469305,0,-87.89012920990717,0,0.0,0,0.5052414086047377,1,3.13586617505285,0,-7.436448227996829,0
TX000045,AC00011,val,-0.06950136884139052,0,-0.1422766891637517,0,-2.913485868107915,0,-94.67643002224608,0,0.0,0,0.3781685555519238,0,2.464334740362272,0,-11.615758605530244,0
TX000046,AC00401,train,-0.09508680075867365,0,-0.2552526568657999,0,-3.8802687355205885,0,-103.23688974113117,0,2.9802322387695312e-08,0,0.02775184399693941,0,1.250576341186181,0,-15.534361115451349,0
TX000047,AC00282,train,-0.10940989079994673,0,-0.25772440294816823,0,-4.339706246347361,0,-101.05932269580478,0,0.0,0,0.1729908309711649,0,1.8816877555804656,0,-15.875828747517495,0
TX000048,AC00439,train,-0.06909336742789352,0,-0.2123866875481364,0,-1.3019069272570158,0,-73.38539708219365,0,0.0,0,0.3208159405344049,0,2.3311935154740766,0,-11.930105976080233,0
TX000049,AC00296,val,-0.04120907450715827,0,-0.21076930605756816,0,-0.874491553345754,0,190.648053183115,1,0.0,0,0.37521964676860997,0,3.3624033104644244,1,-11.106594789430073,0
TX000050,AC00471,val,-0.05119675285578679,0,-0.17847161028324243,0,-3.1245538658698626,0,-94.7009136749214,0,0.0,0,0.3189456696117752,0,2.0011451274860854,0,-5.92720093726674,0
TX000051,AC00159,train,-0.048041844359053176,0,-0.20814643629866203,0,-2.837095471450433,0,-98.3546926086975,0,0.0,0,0.20667015188526908,0,1.8138960796128984,0,-12.546187188193874,0
TX000052,AC00482,val,-0.08190360206332814,0,-0.1800189180279217,0,-2.6208713777300536,0,-96.20546734382995,0,0.0,0,0.30590742289200673,0,2.225030070073318,0,-6.260939264018006,0
TX000053,AC00115,train,-0.09085291267197798,0,-0.2082884585587994,0,-1.7469860386239366,0,-91.69034306676025,0,0.0,0,0.2004146233083413,0,2.207467174771385,0,-5.7930500836916785,0
TX000054,AC00055,train,-0.11504537060553521,0,-0.2688220894832756,0,-4.991879862646594,0,-104.83429939124196,0,0.0,0,0.0,0,1.3976916933292904,0,-14.798623468830701,0
TX000055,AC00419,train,-0.10421146226768524,0,-0.2272749802587699,0,-2.8349155521876677,0,-101.12534443478012,0,0.0,0,0.1671361450523075,0,2.064688719840752,0,-14.708078878959487,0
TX000056,AC00374,train,-0.11858854410254477,0,-0.26357731591582456,0,-4.5849455155487435,0,-104.63610365672587,0,0.0,0,0.0,0,1.5057850109769284,0,-15.421240185587813,0
TX000057,AC00271,val,-0.05356140022938988,0,-0.15418079360389014,0,-2.5452583786080636,0,-95.37728573783586,0,0.0,0,0.2762002897268493,0,2.171698467570547,0,-11.576010432041775,0
TX000058,AC00456,train,-0.023794560724299307,0,-0.11523208915402461,0,-1.243789482776985,0,-91.54048197390611,0,0.0,0,0.33769395280683223,0,2.67542982405664,0,-9.93116200264472,0
TX000059,AC00143,train,-0.11034377154478436,0,-0.2518343568698318,0,-3.790037061418155,0,-101.68502757310155,0,0.0,0,0.0,0,1.8151951762093126,0,-8.981220179123211,0
TX000060,AC00427,train,-0.08133437372451574,0,-0.24458837457300708,0,-3.135642313571295,0,-100.3610678414696,0,4.2146848510894035e-08,0,0.20454672873831722,0,1.7453989255551392,0,-15.215542526799704,0
TX000061,AC00438,train,-0.10272480617478208,0,-0.22329246464224672,0,-2.6012544327105074,0,-99.7677030685333,0,4.2146848510894035e-08,0,0.1783161007996628,0,1.8871760034823195,0,-6.903244965032974,0
TX000062,AC00002,train,-0.038768865728234125,0,0.005865354469881012,1,-2.604735468696071,0,-89.70923866517862,0,0.0,0,0.413385254190373,0,2.59915991936067,0,10.795018465235486,1
TX000063,AC00425,train,-0.08786813692956785,0,-0.19570903855105848,0,-2.1540167374019505,0,-96.09511797624774,0,5.960464477539063e-08,0,0.2612721100898163,0,1.9548233414955962,0,-6.446504058774922,0
TX000064,AC00325,train,-0.04203882962327521,0,-0.16293266263168626,0,-1.1996882625456058,0,-90.02385753925351,0,0.0,0,0.2696662913543684,0,2.267410420719499,0,-3.9617897397498316,0
TX000065,AC00434,train,-0.06087738748756011,0,-0.13093092516809457,0,-0.3048880849559268,0,-74.59067136474508,0,0.0,0,0.3791468111965913,0,2.293337516165387,0,-3.943266371113729,0
TX000066,AC00242,train,-0.06629555158676914,0,-0.22730165440110528,0,-4.135462322880357,0,-97.99068693403306,0,0.0,0,0.1756913683530095,0,2.155436807270773,0,-6.585750640111387,0
TX000067,AC00319,train,-0.07798183230653216,0,-0.2307431209094395,0,-3.90950567104849,0,-98.00114095567204,0,0.0,0,0.20603547499902244,0,2.141389966782861,0,-12.522865320934871,0
TX000068,AC00460,val,-0.013453325511119774,0,0.08622356943377207,1,0.2570041517184176,1,-85.70076817323493,0,2.3944261075427105,0,0.5295980258593297,1,3.5052576059311464,1,-5.713738923465738,0
TX000069,AC00461,train,-0.04411729829720357,0,-0.18731380253317953,0,-2.2051619723128857,0,-94.50663519096246,0,5.960464477539063e-08,0,0.2725779517831316,0,2.18955073788435,0,-6.026776266514041,0
TX000070,AC00395,val,-0.05883723036393523,0,-0.20338372833584994,0,-3.6880969276899256,0,-95.5692576621743,0,0.0,0,0.1972777283817207,0,2.3354292554114515,0,0.6610535457000857,0
TX000071,AC00217,val,-0.11378958663090577,0,-0.2362421343459291,0,-3.33834176477668,0,-100.37196981055864,0,0.0,0,0.17433209816520684,0,1.8000513557934101,0,-9.210028311624685,0
TX000072,AC00053,train,-0.1063798814650464,0,-0.2144455854457452,0,-3.543179925814278,0,-99.71383053743592,0,0.0,0,0.18098597543508418,0,1.7218266613230109,0,-8.231183460146674,0
TX000073,AC00282,train,-0.06983743759002442,0,-0.1941525525673664,0,-2.3486471350688047,0,-93.11718103160379,0,0.0,0,0.24448582268589933,0,2.0363656687610825,0,-11.460227525511932,0
TX000074,AC00110,val,-0.019936219914617137,0,-0.10531813799878287,0,-1.1547543259838164,0,-86.28683043926587,0,5.960464477539063e-08,0,0.4024006400082423,0,2.514109524726264,0,0.5077250600909191,0
TX000075,AC00265,train,0.023756838528990354,1,-0.21337744206532072,0,-0.2541770991640542,0,120.40394855611554,1,0.0,0,0.4818577358856025,1,2.8426023341444786,0,0.9332893127939017,0
TX000076,AC00239,train,-0.10891506126754735,0,-0.2291775983115063,0,-2.739291691612137,0,-99.14027784254553,0,0.0,0,0.17258183270261704,0,1.811347166821463,0,-8.784912785505869,0
TX000077,AC00007,val,-0.10863242983213883,0,-0.2593154274603108,0,-4.364747972377995,0,-102.90673778481523,0,0.0,0,0.139639776842563,0,1.576540817082866,0,-15.050486627185656,0
TX000078,AC00022,train,-0.09296381918511809,0,-0.23722330941453706,0,-2.0713561227401582,0,-95.19830102451319,0,4.2146848510894035e-08,0,0.14096462757475017,0,2.1408850508311086,0,-7.322211209996704,0
TX000079,AC00464,train,-0.07849253477920626,0,-0.2441205026785438,0,-2.5412953523331216,0,-100.01363699780656,0,0.0,0,0.12706891012193472,0,1.5815767428017153,0,-15.212380861325055,0
TX000080,AC00014,train,-0.10366356311293007,0,-0.2445503932683738,0,-2.7238043923350395,0,-99.97611984332566,0,4.2146848510894035e-08,0,0.20725923286887163,0,1.835811220890469,0,-8.570668601004586,0
TX000081,AC00406,train,-0.08827656681096757,0,-0.1513068007554863,0,-2.010430915056207,0,-89.10619491959181,0,0.0,0,0.27799685374942906,0,2.5244965712896854,0,-0.46689667710014565,0
TX000082,AC00445,train,-0.07132841949708524,0,-0.2411492773277737,0,-3.4536601401791556,0,-98.4156403295514,0,4.2146848510894035e-08,0,0.18682400034806398,0,1.9323807415742857,0,-7.7520451646517765,0
TX000083,AC00236,train,-0.02956650979933917,0,-0.19001075948215873,0,-3.299152004100704,0,-77.53887876410646,0,0.0,0,0.26556148434079924,0,1.9486090772061049,0,-2.5289594428165936,0
TX000084,AC00220,train,-0.1340106422589652,0,-0.2587900816396749,0,-4.337934551521218,0,-99.6030727693372,0,0.0,0,0.10638143327979108,0,1.4711710940317433,0,-9.941023599267186,0
TX000085,AC00140,train,-0.14346529280156373,0,-0.2677506316860512,0,-5.357429432061765,0,-88.7482795805428,0,0.0,0,0.0807513537384517,0,1.446855696539171,0,-7.611798624550265,0
TX000086,AC00098,train,0.003961746395990673,1,-0.11859761203335317,0,-0.9718195350285503,0,-70.60354824635661,0,0.0,0,0.3791658447674298,0,2.5821177364443773,0,3.032185984942136,0
TX000087,AC00303,train,-0.10430716244820726,0,-0.24271174459332512,0,-3.6012413923705138,0,-96.81460669996207,0,0.0,0,0.12755853767027067,0,1.3218095984915474,0,-8.140297545376296,0
TX000088,AC00373,train,-0.1227955060153525,0,-0.19358415496555725,0,-2.3926786101236432,0,-97.28464422420228,0,0.0,0,0.2424241992424197,0,1.856009371877721,0,-7.803913462170303,0
TX000089,AC00438,train,-0.040404657609589334,0,-0.16481548648322875,0,-1.300973922652184,0,-78.54703171403834,0,0.0,0,0.3791468111965913,0,2.1691291442346894,0,-3.3729022611975434,0
TX000090,AC00437,train,-0.08348046930725844,0,-0.2356780700337595,0,-1.878494321297528,0,-88.61325568137411,0,0.0,0,0.32515080680305264,0,1.9402054598298288,0,-13.590432880424833,0
TX000091,AC00106,train,-0.03862911184834428,0,-0.17733528635978102,0,-2.2838472401112844,0,-94.19840130768574,0,0.0,0,0.34108849662500057,0,2.2924543475094628,0,-9.499593708980036,0
TX000092,AC00310,train,-0.04004323109869623,0,-0.24534357020738162,0,-1.6970741909266058,0,-33.14316225290027,0,2.3672935558067327,0,0.4802345103995124,1,1.8520778887929366,0,5.893055557932147,1
TX000093,AC00149,train,-0.09927662082422539,0,-0.2520368953480293,0,-3.2614042384654196,0,-99.24822040416414,0,0.0,0,0.11233173610443248,0,1.7620698816285658,0,-14.75252979651892,0
TX000094,AC00373,val,-0.07206287411409901,0,-0.06106258354432992,0,-0.3126152233632933,0,-90.88016571119645,0,0.0,0,0.4311824313364415,0,3.085451857956861,0,-9.522054165324567,0
TX000095,AC00425,train,-0.07250235752064421,0,-0.14588245303470893,0,-0.9421717912402618,0,-72.08600818439866,0,0.0,0,0.43578233997723026,0,2.5681388087290227,0,0.34368101830856324,0
TX000096,AC00010,train,-0.08167029663529696,0,-0.2557233436803492,0,-3.8547491180628937,0,-100.4905294571712,0,0.0,0,0.07439126028781712,0,1.3524591820838476,0,-8.565053111737722,0
TX000097,AC00348,val,-0.030532783752093895,0,-0.2085534069895274,0,-3.1324593004540207,0,-90.87312487570367,0,0.0,0,0.2894613450386355,0,1.7081195911655667,0,-12.259966684049727,0
TX000098,AC00011,train,-0.05820558656525182,0,-0.038099798624300796,0,-2.7036577479586823,0,-87.96788662008109,0,0.0,0,0.38116273948281687,0,2.6011080620183513,0,-2.1511405553549574,0
TX000099,AC00453,train,-0.04509411420976317,0,-0.16855971204827314,0,-2.1150785263624767,0,-96.20984029213291,0,4.2146848510894035e-08,0,0.3128045683017639,0,2.489551795314703,0,-11.631746148428283,0
TX000100,AC00178,train,-0.12579798117486918,0,-0.235550375135811,0,-4.279003402053177,0,-97.80759589619245,0,0.0,0,0.15890557849387124,0,1.501351756235239,0,-8.870577114082991,0
TX000101,AC00265,val,-0.052696368077547795,0,-0.12109437035795345,0,-0.7759278868428261,0,-91.00299330549292,0,0.0,0,0.3374776516819701,0,2.449731599662371,0,-4.966209625127906,0
TX000102,AC00018,train,-0.024453123585608028,0,-0.11175433080719621,0,-1.2028560801966437,0,-84.15432893677422,0,0.0,0,0.4033181413729716,0,2.241942841468365,0,13.931613713076546,1
TX000103,AC00075,train,-0.05151169681032247,0,-0.11781311954655704,0,-1.9954465252303324,0,-79.29434974466983,0,0.0,0,0.3473861995008751,0,2.4898358805578,0,-3.496752085207666,0
TX000104,AC00464,train,-0.0865268292912818,0,-0.23159568522825968,0,-2.419388917027791,0,-97.7602070127615,0,5.960464477539063e-08,0,0.0,0,1.9493534987964642,0,-8.135041880112096,0
TX000105,AC00170,train,-0.10627268089298142,0,-0.20852762537789826,0,-2.9525288040568034,0,-97.59522143628118,0,0.0,0,0.21181169695354887,0,2.000895698921134,0,-8.105144934293751,0
TX000106,AC00235,train,-0.12099005039500565,0,-0.2665924014298109,0,-3.7592772201419047,0,-101.80100178353497,0,0.0,0,0.0989445241674432,0,1.3127380664080863,0,-10.47530031617736,0
TX000107,AC00013,train,-0.07905070958355986,0,-0.20214517022746148,0,-1.775742458688856,0,-99.49904731164514,0,0.0,0,0.22608496782403698,0,2.2274381244625583,0,-13.16311072295296,0
TX000108,AC00397,train,-0.03822605733779183,0,-0.21728984484076252,0,-0.83424470040024,0,89.21010063095248,1,0.0,0,0.44221704296217323,0,2.4256820905905103,0,-10.695374749473162,0
TX000109,AC00423,train,-0.06689153763476396,0,-0.24638860993485423,0,-0.6008870203960495,0,-12.357265376357262,0,1.1920928955078125e-07,0,0.41129347740214595,0,2.0481930603707994,0,-12.368052567598975,0
TX000110,AC00154,val,-0.1107313280356566,0,-0.2555401352055655,0,-4.018520701767955,0,-101.42878566103576,0,0.0,0,0.10444213866301326,0,1.5795015436138518,0,-14.60359701741072,0
TX000111,AC00068,train,0.018581967595951876,1,-0.006457064399210788,0,-0.00031554456159987865,0,-55.00753524238215,0,2.4633142609374543,0,0.5363113743266066,1,3.1500010822682905,0,1.408854280595516,0
TX000112,AC00318,val,-0.12816463210365536,0,-0.2669557339851335,0,-4.519503410405226,0,-103.57247312685277,0,0.0,0,0.07934639674462146,0,1.8292154573373962,0,-15.620528797774323,0
TX000113,AC00396,train,-0.03652241087941199,0,-0.1217893746155847,0,-1.3615448016871747,0,-92.08383659673989,0,0.0,0,0.3575535365299748,0,2.4096247195421925,0,-4.873531293319948,0
TX000114,AC00121,train,-0.0007049997302029931,0,0.02013771040274781,1,-0.03779852676075102,0,-83.58311452084097,0,0.0,0,0.41056754698012915,0,2.993730645929668,0,-6.8169468366464105,0
TX000115,AC00336,train,-0.0909807600493639,0,-0.22801799301031367,0,-2.4317783553672596,0,-60.03774677189877,0,0.0,0,0.3809837566013124,0,1.9701157824460986,0,-2.15402022865793,0
TX000116,AC00468,train,-0.08051762261365325,0,-0.16573902384711303,0,-1.581690501649116,0,-74.48813628783262,0,0.0,0,0.33438944880751564,0,1.9933792108460369,0,-4.632551048577408,0
TX000117,AC00282,train,-0.07001056763060853,0,-0.23037511434666857,0,-2.3847706198369965,0,-94.8400363065324,0,4.2146848510894035e-08,0,0.17208584850878278,0,1.9478067593918829,0,-5.976432132967439,0
TX000118,AC00498,train,-0.024296397144106918,0,-0.009063444416142596,0,-2.148653680970365,0,-85.94786613422096,0,0.0,0,0.4767448346048857,1,2.6112133207431887,0,8.455455864184671,1
TX000119,AC00085,train,-0.10616318085909632,0,-0.24681803525234358,0,-2.5796975680874725,0,-97.47353464177422,0,0.0,0,0.11023808960886497,0,1.7459742826673519,0,-8.074430155730271,0
TX000120,AC00092,train,-0.09274646524433122,0,-0.1961929374461555,0,-2.6262334761981068,0,-97.94818386924497,0,0.0,0,0.2579597992640515,0,2.227394175200969,0,-7.092201299287799,0
TX000121,AC00295,train,-0.10357448535096025,0,-0.2366371585400815,0,-4.041992123753865,0,-101.54219798674558,0,0.0,0,0.021614468846519377,0,1.8449734640672109,0,-14.781962557732824,0
TX000122,AC00358,train,-0.07812051292916372,0,-0.21927470824393924,0,-3.0103870633678733,0,-94.72509932990225,0,4.2146848510894035e-08,0,0.21695416132853854,0,2.108234241728471,0,-6.872935123296486,0
TX000123,AC00311,train,-0.04235643441530745,0,-0.22928787833827724,0,-1.23883922008143,0,176.26965377971936,1,0.0,0,0.3058970569611484,0,2.876661485055732,0,-11.889164265802025,0
TX000124,AC00066,train,-0.04496011014255652,0,-0.02150898772767218,0,0.034159823583654436,1,-86.63864353124691,0,5.960464477539063e-08,0,0.4612451911824724,0,2.6924091644151376,0,-1.0442446991312686,0
TX000125,AC00340,val,-0.047471260369869483,0,-0.02913008709762499,0,-0.48688554381444415,0,-80.22170600063941,0,0.0,0,0.37284041464967055,0,2.7615547311549102,0,-7.4713900238378725,0
TX000126,AC00284,train,-0.03220438754770283,0,-0.04641271641770506,0,-8.924130878718017e-06,0,-77.50571701487368,0,0.0,0,0.4255304141040698,0,3.386949007376617,1,1.5737909316990726,0
TX000127,AC00208,train,-0.08004457800633485,0,-0.17152331684903843,0,-2.581880869645201,0,-79.1255390588253,0,0.0,0,0.35674980240395565,0,2.104282716329509,0,3.5873219752774994,0
TX000128,AC00176,train,-0.0481978978912635,0,-0.17042785977160002,0,-0.3760591629533021,0,-61.04916201751763,0,0.0,0,0.42699587330187844,0,2.9997684051371833,0,-10.73768400474851,0
TX000129,AC00053,train,-0.08146413353776105,0,-0.24304101871902828,0,-3.9789578090111286,0,-100.95630930465332,0,0.0,0,0.20745407612726086,0,1.8781153431636588,0,-15.425126153380532,0
TX000130,AC00320,train,-0.05324850468726877,0,-0.17239953549603482,0,-3.8267034206412545,0,-71.94701464734302,0,0.0,0,0.27646347292910567,0,2.255503857548299,0,-4.2701832193534335,0
TX000131,AC00382,train,-0.09844977406490363,0,-0.24962023613306084,0,-2.868939416896878,0,-100.58039061023875,0,0.0,0,0.0860954084087576,0,1.879513541574585,0,-8.335299832290408,0
TX000132,AC00384,train,-0.05348168064684555,0,-0.24599488244804757,0,-3.3765501686007076,0,-100.0512619395198,0,0.0,0,0.11306562274672172,0,1.4919422465003624,0,-13.507662972248347,0
TX000133,AC00203,train,-0.08932896200759571,0,-0.2029899830078632,0,-1.832685483550784,0,-95.51421441629613,0,0.0,0,0.2669519726412994,0,2.205649948778902,0,-7.151291636357506,0
TX000134,AC00498,train,-0.0024974984619254847,0,-0.07275834629197653,0,-0.12809093685405948,0,-85.00803437056351,0,0.0,0,0.3843849543032883,0,2.923040310786735,0,-0.4354997648491051,0
TX000135,AC00349,val,-0.10583909327604818,0,-0.20397443921132763,0,-0.8741136375482217,0,-92.96514943902471,0,0.0,0,0.25388057533771036,0,1.9389930650037017,0,-5.477823429603531,0
TX000136,AC00177,val,-0.07853473223781299,0,-0.12169727272446074,0,-2.0162666666850635,0,-81.91516588817467,0,0.0,0,0.32177398277743635,0,2.549029465337665,0,-5.5632841810130556,0
TX000137,AC00284,train,-0.08303862177867177,0,-0.20313533953283458,0,-2.108148618253307,0,-97.52213323588268,0,0.0,0,0.2458795712640481,0,2.333196969566964,0,-11.447120674033552,0
TX000138,AC00272,train,-0.08484886123202118,0,-0.23928622877700823,0,-3.080969745055662,0,-99.14669629393616,0,0.0,0,0.018745320856645504,0,1.9213095528450375,0,-13.63463139353584,0
TX000139,AC00405,train,-0.05419692964160161,0,-0.19362737687075948,0,-3.298648360382587,0,-71.62957734251844,0,0.0,0,0.24804503568511266,0,2.064343659378352,0,-4.192367555737448,0
TX000140,AC00385,train,-0.10375370535981443,0,-0.24548641942019933,0,-2.3364901408125247,0,-44.8123483259798,0,0.0,0,0.31803577061026217,0,2.264697558894428,0,-15.103053701160134,0
TX000141,AC00403,train,-0.0635981303533264,0,-0.15747670044672746,0,-2.0480006007340608,0,-80.95715724426279,0,0.0,0,0.3611789122769999,0,2.334886448497733,0,-4.262158075327744,0
TX000142,AC00114,val,0.012212288757526002,1,-0.09588982760204634,0,-0.799644881546377,0,-59.57444148157559,0,0.0,0,0.4409790352452777,0,2.953491032197995,0,1.3354826873422097,0
TX000143,AC00163,train,-0.03565659891646089,0,-0.1490172914110217,0,-0.2351073367573262,0,-63.064927132436246,0,0.0,0,0.45031070400715034,0,2.8297363233607484,0,-9.501015640808207,0
TX000144,AC00108,train,-0.021225867639953933,0,-0.10362261366343506,0,-2.0969525369474438,0,-94.95925989202988,0,0.0,0,0.3075870306138104,0,2.2290481188182705,0,-8.426124691428452,0
TX000145,AC00397,train,-0.060502617728684815,0,-0.20719170738021164,0,-2.7672700148125395,0,-98.81414672295702,0,0.0,0,0.2010875320560369,0,2.004427777725312,0,-12.987131550112931,0
TX000146,AC00434,train,-0.09192338950604362,0,-0.24574437037289287,0,-2.8407309711021744,0,-99.88932300623004,0,4.2146848510894035e-08,0,0.06030405218363569,0,1.7168653127297093,0,-16.385097889879763,0
TX000147,AC00385,train,0.048088243900286654,1,0.29082115278580045,1,1.0675962636207865,1,-38.64945383403615,0,3.4064674299211153,1,0.6473408260503078,1,4.1658279167842185,1,1.4271376885890623,0
TX000148,AC00161,train,0.013568819835748647,1,0.28989238443304655,1,3.6125393404827295,1,156.85449874518804,1,5.669739933527,1,0.7335857488115196,1,6.383852604748806,1,0.5304990454540959,0
TX000149,AC00333,train,-0.10658006562842676,0,-0.21035360791083546,0,-1.5179039432301815,0,-94.34738096160308,0,0.0,0,0.12297221617191581,0,2.343227236382593,0,-6.540148058934418,0
TX000150,AC00279,val,-0.0674658271537058,0,-0.16908686904494652,0,-0.9712471460539742,0,-96.13435990370877,0,0.0,0,0.2804745196711833,0,2.392599575216127,0,-11.850859781520942,0
TX000151,AC00072,train,-0.05855519210310106,0,-0.20973456555681258,0,-2.5851713363135653,0,-97.24775348427761,0,0.0,0,0.22689685073662308,0,2.0342962927517707,0,-12.09972553102344,0
TX000152,AC00242,train,-0.003451905484029627,0,0.09440635792237262,1,0.38805384932795217,1,-77.44233582650148,0,1.4705458587750564,0,0.534260696956212,1,3.1312758802073857,0,5.320091153370547,1
TX000153,AC00303,train,-0.09891522497002792,0,-0.25074248278404054,0,-3.7901941641178647,0,-93.95843510909518,0,0.0,0,0.20400404788326235,0,1.2832968368217947,0,-14.855573259168398,0
TX000154,AC00442,train,-0.08479595321329603,0,-0.16560797353725687,0,-1.793400238982053,0,-94.42550547236242,0,5.960464477539063e-08,0,0.2528292496136102,0,2.3189191157804636,0,-5.766947780755658,0
TX000155,AC00087,train,-0.10123973820316795,0,-0.19654854022813595,0,-1.638008547296569,0,-96.47054116575329,0,0.0,0,0.21934056546998676,0,1.9550554808296297,0,-7.90186394007785,0
TX000156,AC00174,train,-0.06694084730893818,0,-0.20964122217130754,0,-2.6015785565506215,0,-96.27729781355094,0,0.0,0,0.22757893242882635,0,1.9121826873880283,0,-7.3919777544455485,0
TX000157,AC00421,train,-0.04408076692163604,0,-0.23066026562681152,0,-2.0166175163172033,0,-96.46779061613732,0,0.0,0,0.18949301640860972,0,1.875141297837638,0,-11.502869751783184,0
TX000158,AC00111,val,-0.06749163015169468,0,-0.2310247426008296,0,-2.5476878811119184,0,-95.61239745587712,0,0.0,0,0.15677781689504844,0,1.7111933853554226,0,-5.796117405493707,0
TX000159,AC00275,train,-0.06665715660464144,0,-0.24002385183817987,0,-2.42642774922193,0,-99.45236165925142,0,0.0,0,0.07325261103771638,0,1.7583239921619007,0,-15.681313466495812,0
TX000160,AC00492,train,-0.08718416097236609,0,-0.19065849733823548,0,-2.5870208576199607,0,-92.47953373369268,0,0.0,0,0.32292972881077514,0,2.147524427781018,0,-5.9261543681917,0
TX000161,AC00380,train,-0.061229059358579196,0,-0.19020554515042587,0,-2.9516246131356505,0,-94.36220069015002,0,0.0,0,0.30245984522074737,0,1.9650726249818327,0,-5.893804413090457,0
TX000162,AC00227,train,-0.09829606383488282,0,-0.15765871677885301,0,-1.6491583933880731,0,-87.01658167099411,0,0.0,0,0.27470104005411655,0,2.4136370056674488,0,-5.866774545708905,0
TX000163,AC00257,train,-0.019035378812668036,0,-0.09459981308269105,0,-1.2523062188300988,0,-91.46100800765201,0,0.0,0,0.33652067281336906,0,2.5972768032640037,0,-8.89446403701261,0
TX000164,AC00062,val,-0.10113158591975507,0,-0.23623153254293983,0,-3.5113486194788495,0,-93.43654890102218,0,0.0,0,0.21936132032718267,0,2.1116897312206833,0,-6.888909846005098,0
TX000165,AC00383,train,-0.1015504535090671,0,-0.2317456689002919,0,-4.068331536543703,0,-99.29085323875398,0,0.0,0,0.1787848301276372,0,1.6333037611122576,0,-12.85891730724989,0
TX000166,AC00182,train,-0.05860715958958623,0,-0.22601536281952428,0,-0.8578386247190259,0,186.71773580238056,1,0.0,0,0.41060013090149755,0,2.7387900385459805,0,0.30496435363668284,0
TX000167,AC00478,train,-0.06464841562611212,0,-0.18554107988093915,0,-2.58208828232807,0,-96.15097641603431,0,0.0,0,0.15170013633454293,0,2.4100302329299295,0,-11.227531498368833,0
TX000168,AC00332,train,-0.004014879960044904,0,0.03804649825309858,1,-2.4490189687633857,0,-80.02162632945485,0,0.0,0,0.49702239416281957,1,2.7331430293047965,0,18.372648531011595,1
TX000169,AC00202,val,-0.022034454033193596,0,-0.07266917556614971,0,-0.2877204378507239,0,-90.89572247975171,0,0.0,0,0.36094861566174524,0,2.7459967369607203,0,-2.8257216366615463,0
TX000170,AC00331,train,-0.08940141159608611,0,-0.23018998325168227,0,-2.971422844419748,0,-98.4282313147963,0,0.0,0,0.2500613325660545,0,1.9468384462991806,0,-13.682142749016812,0
TX000171,AC00474,val,-0.04750420417841644,0,-0.11437403995619055,0,-1.4300874395357281,0,-93.5843550715495,0,0.0,0,0.35543258793199806,0,2.2679927135557567,0,-3.2123299794719657,0
TX000172,AC00268,train,-0.09179576745762047,0,-0.22718976460451779,0,-2.408998023434653,0,-99.54049750848802,0,0.0,0,0.11139925690698063,0,1.9134334838185563,0,-13.272323745122304,0
TX000173,AC00247,train,-0.08405230587024559,0,-0.24620290668616196,0,-2.8531554934383108,0,-100.2603683917924,0,4.2146848510894035e-08,0,0.054678860709893834,0,1.7065006967887355,0,-13.67617032688308,0
TX000174,AC00298,val,-0.10083565701517683,0,-0.25906803584923965,0,-3.43700708159935,0,-102.0993784039635,0,0.0,0,0.026282655084156482,0,1.8659070518365266,0,-14.51756844413019,0
TX000175,AC00106,train,-0.08992992369850733,0,-0.2532736345082286,0,-3.382594996985808,0,-99.98687840763415,0,0.0,0,0.11628409308316058,0,1.9313707709001875,0,-16.03502588628573,0
TX000176,AC00035,val,-0.036154527833101247,0,-0.062374734544676125,0,-0.3869697420326208,0,-89.03893541203715,0,0.0,0,0.39821116859477274,0,2.8865043506506733,0,-11.424745576603376,0
TX000177,AC00363,train,0.027093761662229987,1,0.061743754368151826,1,4.173313883004681e-05,1,-48.73178901717762,0,2.417861659152101,0,0.5722478470816061,1,3.2820203856318835,1,4.712170588413085,1
TX000178,AC00273,train,-0.08508448050871215,0,-0.23114993722216282,0,-1.5187767327384387,0,-34.24445687949894,0,0.0,0,0.358423154306597,0,2.2477440596416036,0,-12.338906151093662,0
TX000179,AC00156,val,-0.07572521721007691,0,-0.23168455234429963,0,-3.4865663258494743,0,-99.7433690924408,0,0.0,0,0.19052211305409378,0,1.7992373534733412,0,-11.510122610528349,0
TX000180,AC00010,val,-0.02357597479660356,0,-0.17290691383996726,0,-2.0339503239679777,0,-91.08891888917739,0,0.0,0,0.29733123055896993,0,2.4864752316951253,0,-4.3533295715386044,0
TX000181,AC00036,train,-0.0790386156499705,0,-0.16572967832979146,0,-0.48191409437851984,0,-91.33482543846381,0,0.0,0,0.29247221934433115,0,2.4871054210902055,0,-5.255208355452757,0
TX000182,AC00149,train,-0.11628623735660032,0,-0.2049351210758632,0,-1.4559324936059115,0,-93.52961797226243,0,0.0,0,0.16604311814856285,0,1.663109908343764,0,-5.8202553067238005,0
TX000183,AC00225,train,-0.04767229560452152,0,-0.18796864347103082,0,-2.309005048699926,0,-96.38974223062166,0,4.2146848510894035e-08,0,0.22794249006354153,0,2.293980687153425,0,-11.046241393450455,0
TX000184,AC00077,train,-0.016528076997107122,0,-0.10870158157410104,0,-1.5857359884924493,0,-89.27147520135962,0,0.0,0,0.33668980186200054,0,2.5748342168231586,0,-8.36684687926388,0
TX000185,AC00440,train,-0.0771498218839679,0,-0.08407537774964413,0,-0.692604701645851,0,-86.21435095818235,0,0.0,0,0.37665282231504404,0,2.9750548011837776,0,-3.408051452013822,0
TX000186,AC00321,train,-0.0825802835440303,0,-0.09585779807819983,0,-1.4310261993489766,0,-89.90613775964827,0,0.0,0,0.37703575450067706,0,2.170063225375726,0,-1.8640079328219938,0
TX000187,AC00099,train,-0.004896987485472071,0,-0.1571782095951959,0,-1.7376522071776384,0,-75.49466900702885,0,0.0,0,0.2314631864483519,0,2.098279839221768,0,-0.807564598754675,0
TX000188,AC00258,train,-0.09316849596577592,0,-0.14673951907644,0,-2.574555998575973,0,-87.08266928732512,0,5.960464477539063e-08,0,0.3311078787603978,0,2.2544803197661114,0,-2.504944764919633,0
TX000189,AC00132,val,-0.02765302331288022,0,-0.08426693123693241,0,-0.9575616705568244,0,-81.49580717982133,0,0.0,0,0.3851361346926342,0,2.38566095374399,0,-2.521607658374954,0
TX000190,AC00113,train,-0.09867021609205628,0,-0.15426302353770915,0,-1.120269936194477,0,-90.57823517646929,0,0.0,0,0.3526625660354159,0,2.2527274961683186,0,-5.472595915749382,0
TX000191,AC00396,train,0.039254889785218516,1,-0.008701950957163085,0,-0.008010086464617316,0,-67.43502361619583,0,0.0,0,0.4051663713870367,0,3.141116196136206,0,0.4778707292023361,0
TX000192,AC00099,train,-0.07008988561261464,0,-0.09439123786699333,0,-0.7930422722022348,0,-92.73549240916458,0,0.0,0,0.36958853571793815,0,2.66672728182048,0,-5.136800867530609,0
TX000193,AC00265,train,-0.06975301649474569,0,-0.22204198068403302,0,-2.6268386135788253,0,-94.27714736809867,0,0.0,0,0.23417998519209857,0,2.152646689981417,0,-6.043651147579344,0
TX000194,AC00047,train,-0.01356680196753035,0,-0.21715020159872345,0,-0.8447079825957804,0,-27.929695513693574,0,0.0,0,0.3871028816920231,0,2.663125384668345,0,-11.966338597558043,0
TX000195,AC00005,val,-0.10912281404280239,0,-0.25971005784655143,0,-3.8233076725570205,0,-101.99228180359825,0,0.0,0,0.0,0,1.358982691081989,0,-9.641384126432882,0
TX000196,AC00363,train,-0.001914998542333346,0,0.08096362562756942,1,0.001172266895634877,1,-67.16263738753793,0,2.3668640604166193,0,0.5003845513946004,1,3.0510405887774557,0,0.18278908051560455,0
TX000197,AC00426,val,-0.08590293568739132,0,-0.23592838806453464,0,-3.189558650911782,0,-101.20516560036573,0,0.0,0,0.1373157372927802,0,1.70217397935931,0,-13.933948905812644,0
TX000198,AC00107,train,-0.044920254729509224,0,-0.17994934464279777,0,-1.2304878118775227,0,-95.13728168976807,0,0.0,0,0.3029822873402931,0,2.3239851810957264,0,-10.49514651523869,0
TX000199,AC00237,train,-0.0858195027161453,0,-0.25186663579563073,0,-3.4852826639377943,0,-100.92710642554974,0,0.0,0,0.054678860709893834,0,1.8859548858198787,0,-13.917681736392035,0
TX000200,AC00358,val,-0.05684213281637651,0,-0.0886587101399956,0,-1.3448041579020478,0,-92.04217170368531,0,0.0,0,0.31741569858731244,0,2.3621540813090354,0,-9.126961031629499,0
TX000201,AC00113,train,-0.0758834535844567,0,-0.19957609082997796,0,-0.5948706846372458,0,-95.72218984988078,0,0.0,0,0.29401917978735187,0,2.6093023934911286,0,-11.447454220492924,0
TX000202,AC00010,train,-0.0840116049166324,0,-0.19215345964642805,0,-2.7794303005389667,0,-90.76190506215896,0,0.0,0,0.2895061976537894,0,1.7039660354467863,0,-6.362483645121094,0
TX000203,AC00499,train,-0.10834409402876916,0,-0.26496037935413863,0,-3.2826707807136772,0,-99.66590044206411,0,0.0,0,0.042264621726463045,0,1.5523115329686905,0,-9.36370037365983,0
TX000204,AC00380,train,-0.09465878762498597,0,-0.24822437179882995,0,-3.8091625594329352,0,-103.05380288779605,0,0.0,0,0.1210521254909554,0,1.8774963551232025,0,-15.105824517989614,0
TX000205,AC00452,train,-0.11669360283930147,0,-0.28414357778829036,0,-4.191213331781182,0,-101.43653487234528,0,0.0,0,0.0,0,1.2047474271196492,0,-10.441998229475868,0
TX000206,AC00020,train,-0.09183351870715933,0,-0.19391290724559807,0,-3.1637533239856372,0,-99.89915043112559,0,0.0,0,0.250240761265133,0,1.752101652671881,0,-12.842244217225334,0
TX000207,AC00181,train,-0.10485334288824305,0,-0.23215411742898295,0,-2.4655476253858337,0,-97.45694742904641,0,0.0,0,0.1893703068229464,0,1.4944871604543224,0,-8.089948777074776,0
TX000208,AC00370,train,-0.12616617575520483,0,-0.26139162532767024,0,-3.575800205686318,0,-102.21408177712937,0,0.0,0,0.0,0,1.3216900898016515,0,-9.493375179124426,0
TX000209,AC00453,val,-0.139068279778796,0,-0.22880942179222719,0,-2.921438763103363,0,-99.1345757610795,0,0.0,0,0.15348525947155203,0,1.748142963464091,0,-8.792645227601813,0
TX000210,AC00339,train,-0.06392006783251086,0,-0.2286687556464826,0,-2.8596893278069624,0,-96.26494527124552,0,0.0,0,0.18562848517445812,0,1.6973010667412907,0,-13.71206138354095,0
TX000211,AC00249,val,-0.1064428510458591,0,-0.16885434647454267,0,-1.287757357660099,0,-91.94307382453356,0,0.0,0,0.20400103728141564,0,1.815991158058655,0,-5.059140956497827,0
TX000212,AC00479,val,-0.1296266768556873,0,-0.18895164158179822,0,-2.3878574892016706,0,-95.61298667348181,0,0.0,0,0.16604311814856285,0,1.6657045487629096,0,-7.346701072430001,0
TX000213,AC00301,val,-0.08110653078673685,0,-0.1253538323561898,0,-1.7382311064116456,0,-83.8492968176798,0,0.0,0,0.3265779327534335,0,2.475316295468465,0,-2.3750755754312753,0
TX000214,AC00380,train,-0.11311654826695638,0,-0.20193224725400127,0,-3.64911946161103,0,-97.98328957055512,0,0.0,0,0.23555961936053535,0,1.7462296222287557,0,-8.63806306885426,0
TX000215,AC00130,train,-0.07808628903074649,0,-0.23185166469173235,0,-3.402946879442207,0,-96.186058703923,0,0.0,0,0.21235047222287395,0,1.6590979545196596,0,-7.70880325525899,0
TX000216,AC00006,train,-0.07410049998486079,0,0.028962751657719776,1,-1.1651008304507267,0,-86.5821533453655,0,0.0,0,0.45960299672478594,0,3.0488633050502165,0,-9.027175174589068,0
TX000217,AC00096,train,-0.07961294011651049,0,-0.24664635443931693,0,-2.1188697207325378,0,-99.1276422546375,0,0.0,0,0.11313185132827691,0,1.8039412874728076,0,-12.93223367324892,0
TX000218,AC00108,train,-0.13817156651350154,0,-0.2607123606918369,0,-3.344407256902419,0,-102.36068963138506,0,0.0,0,0.05273256318985806,0,1.4672950793297306,0,-10.353911812951521,0
TX000219,AC00070,val,0.006482635827470329,1,-0.13836369930040737,0,-2.358405641171186,0,-72.26653752873126,0,0.0,0,0.4005827580406339,0,2.671085920887558,0,0.8707167679384549,0
TX000220,AC00417,train,-0.11086040782758344,0,-0.23384678841363504,0,-2.4857610375907475,0,-96.37536213838389,0,0.0,0,0.17198650044992989,0,1.880997552469007,0,-8.166960087412917,0
TX000221,AC00391,train,-0.07169647614129038,0,-0.1250873890502262,0,-1.0311017762580175,0,-89.6144368296124,0,0.0,0,0.3329744675946371,0,2.623934947497036,0,-5.015856322312194,0
TX000222,AC00414,train,-0.011003131025918766,0,-0.12231223140242986,0,-1.521306874974969,0,-93.30123493857272,0,0.0,0,0.2990742942236066,0,2.632317467300803,0,-8.872827718054264,0
TX000223,AC00004,train,-0.09823763079920506,0,-0.23846439368727035,0,-4.107116631069725,0,-101.0021217780004,0,0.0,0,0.06993726533969111,0,1.7731454911218527,0,-14.846782707529863,0
TX000224,AC00047,train,-0.06945155018235766,0,-0.14540925120648085,0,-1.8189829697619997,0,-92.39474142968513,0,0.0,0,0.3134769292659199,0,2.4724794640563097,0,-5.5034397940238415,0
TX000225,AC00198,train,0.014731072300607329,1,-0.012576931239401068,0,1.8353252447705009,1,204.8491408742737,1,2.8926070927907284,1,0.6027725418064219,1,4.023123653753041,1,6.121229978103285,1
TX000226,AC00314,train,-0.09443024491002144,0,-0.24009485522738505,0,-3.326064871956956,0,-100.50771627549686,0,0.0,0,0.1504867843833414,0,1.7440937607921385,0,-11.994449786160756,0
TX000227,AC00212,train,-0.0954232889007573,0,-0.1763774852333031,0,-1.8715791540938502,0,-94.01321006206669,0,0.0,0,0.2599472162016006,0,2.4011588953603558,0,-5.966209324816619,0
TX000228,AC00115,train,-0.07148381109053248,0,-0.24753628116046766,0,-1.4443574559146173,0,-2.4673822363571674,0,0.0,0,0.3671242679982008,0,1.7952107198758023,0,-13.070015034221102,0
TX000229,AC00055,train,-0.12210133463462935,0,-0.20371031766216907,0,-3.0872802474470413,0,-86.13948844703171,0,0.0,0,0.23915544382283752,0,1.980590751313926,0,-7.286536228644189,0
TX000230,AC00427,val,-0.04603518296222969,0,-0.22631593935460126,0,0.46797033510307084,1,78.61751919424229,1,0.0,0,0.4439934615940507,0,2.4722864867153747,0,-10.273073266891574,0
TX000231,AC00401,train,-0.12615736564162155,0,-0.23761318178785173,0,-2.2468139569487873,0,-99.20442972781197,0,0.0,0,0.06250546495251137,0,1.7020997914312896,0,-8.84216050921927,0
TX000232,AC00430,val,-0.04607683252736433,0,-0.1740537578328023,0,-0.8872323934401205,0,-62.73754152780338,0,2.166777877987497,0,0.49772720963138867,1,3.2110983273468725,1,10.482608433737315,1
TX000233,AC00299,train,-0.059020751778327774,0,-0.12481281577632664,0,-2.0268429674184754,0,-93.44678345005366,0,0.0,0,0.3556418331497458,0,2.074316118076231,0,-4.403834767330939,0
TX000234,AC00345,val,-0.09473868947455394,0,-0.10734155641963383,0,-0.18503448340151163,0,-89.03591795845445,0,0.0,0,0.3640780246971234,0,2.6442869132742004,0,-5.0773154324764125,0
TX000235,AC00430,train,-0.05975774097259284,0,-0.0733996470980196,0,-0.0002855095093927673,0,-69.52651137142605,0,0.0,0,0.4013589129310503,0,2.4859609207632807,0,-2.606092962785324,0
TX000236,AC00175,train,-0.06315428582238553,0,-0.2273849437282256,0,-4.245276907446908,0,-95.32399199181005,0,0.0,0,0.19520085933275635,0,1.7780635375547542,0,-13.433896231224756,0
TX000237,AC00177,train,-0.06597456846724209,0,-0.15505371484413333,0,-2.2518125041953274,0,-96.65790715809315,0,0.0,0,0.28298734120892033,0,2.376329064869114,0,-0.29370542720309717,0
TX000238,AC00225,val,-0.030105601597483655,0,-0.06603039003356326,0,-0.9821165879967628,0,-68.24757095325671,0,0.0,0,0.4435943215848683,0,2.72513579725529,0,6.441396997320772,1
TX000239,AC00394,train,-0.03313927015590201,0,-0.1802281410658384,0,-1.9892282889774462,0,-93.19610716490854,0,0.0,0,0.2801023867570027,0,2.27576817529015,0,-9.601793950085852,0
TX000240,AC00026,val,-0.06113047956071882,0,-0.21510471525877284,0,-3.129776064627346,0,-97.3518965836311,0,0.0,0,0.2618330871764747,0,1.8177692417538585,0,-7.007528583537111,0
TX000241,AC00076,val,-0.10583753615134356,0,-0.23829963863623282,0,-3.146776503174885,0,-96.1625983314562,0,0.0,0,0.09467706538410547,0,1.9548147610647757,0,-8.116487945036607,0
TX000242,AC00215,train,-0.0522390804721119,0,-0.11141810395148521,0,-0.09204566655999091,0,-37.951377826116044,0,0.0,0,0.4890998540919026,1,3.18623653532277,0,5.172863209765707,1
TX000243,AC00202,train,-0.06497140879382718,0,-0.04944437695904669,0,-1.0175021490668108,0,-91.56964641323927,0,0.0,0,0.4068578238778839,0,2.7860041840760283,0,-11.331486306956801,0
TX000244,AC00400,train,-0.05710083426182788,0,-0.17696130918496178,0,-1.6712138352890955,0,-93.3657597940256,0,0.0,0,0.3294762583040449,0,2.195567666298778,0,-5.810633658300717,0
TX000245,AC00004,train,-0.056937256987647566,0,-0.1627906530411405,0,-2.1254389319804963,0,-93.8301775006977,0,0.0,0,0.2609286111169467,0,2.5382043148757627,0,-10.564958366276857,0
TX000246,AC00260,train,-0.04738829807251699,0,-0.22729963722340796,0,-2.50879240211263,0,-97.92998642427239,0,0.0,0,0.14483414622136764,0,1.9785076168759028,0,-12.148787692381841,0
TX000247,AC00415,val,-0.03322428040183978,0,-0.1576412549508428,0,-1.2773552011372145,0,-88.94036777781629,0,0.0,0,0.32390138629795473,0,2.2557402827342274,0,-10.487965302666671,0
TX000248,AC00337,val,-0.09545695130063608,0,-0.2526436746933217,0,-2.3598256644944042,0,-84.82380531522875,0,0.0,0,0.21735188258664478,0,1.719139839269986,0,-14.3370851327246,0
TX000249,AC00253,train,-0.007476164150254649,0,-0.16334381361564287,0,-0.14186910534855812,0,101.54474749557444,1,2.032146692369078,0,0.5196483647540819,1,2.619580149753777,0,11.969421258292025,1
TX000250,AC00126,train,-0.12737425403009833,0,-0.2715402672984877,0,-4.086495991816785,0,-101.64905132533138,0,0.0,0,0.0,0,1.5578201140439485,0,-10.045864081840808,0
TX000251,AC00304,train,-0.06596699499288966,0,-0.15631782192434374,0,-2.5429048592837633,0,-94.44830894955972,0,5.960464477539063e-08,0,0.31197175700100155,0,2.471409758883375,0,-3.489688760596216,0
TX000252,AC00470,val,-0.06507367658953828,0,-0.23550566564351727,0,-3.440792406027847,0,-97.80679980632797,0,0.0,0,0.11219725389169774,0,1.7622492094727196,0,-7.479489578903291,0
TX000253,AC00041,val,-0.09637261119760493,0,-0.24798875575207024,0,-3.623299479785808,0,-102.67595038726157,0,0.0,0,0.06172504879787719,0,1.3555007073204912,0,-15.102243203266113,0
TX000254,AC00442,train,-0.08158695514730524,0,-0.2010803977423763,0,-1.314968777134367,0,-96.78889675184439,0,0.0,0,0.30226829454174003,0,2.4506795329108546,0,-11.256759341320763,0
TX000255,AC00430,val,-0.08465647816932176,0,-0.23311523828906133,0,-2.724435563640882,0,-99.23971596695617,0,0.0,0,0.20585688364324753,0,2.0639417439953793,0,-12.685642580933742,0
TX000256,AC00258,train,-0.10973579714607706,0,-0.2476424733055086,0,-3.9488960730610776,0,-98.76181898838944,0,2.9802322387695312e-08,0,0.08866567468540523,0,1.3683342000280883,0,-9.19169742913692,0
TX000257,AC00073,train,-0.10302639593015267,0,-0.1525469873748777,0,-2.9568978190105915,0,-83.94600272936677,0,0.0,0,0.32447141590049594,0,2.1477677284992085,0,-3.153129662087042,0
TX000258,AC00430,train,-0.08117568008902437,0,-0.24731111140849182,0,-2.264079998248678,0,-72.79923394518596,0,0.0,0,0.30264128741155344,0,1.9527102513194554,0,-13.237784706886849,0
TX000259,AC00363,train,-0.0717618971522519,0,-0.15932074729051604,0,-0.7297289991996383,0,-91.92845085178338,0,5.960464477539063e-08,0,0.29169611924713,0,2.5433706961201388,0,-4.818252305514335,0
TX000260,AC00307,val,0.006974096052647427,1,0.010757535399477103,1,1.6184052033171623,1,61.32892442724342,1,2.711154877268931,1,0.5724969906700883,1,3.306081372387688,1,4.125547739164201,0
TX000261,AC00085,train,-0.13488134035631805,0,-0.28124185797756307,0,-4.398708077807057,0,-103.32771730089209,0,0.0,0,0.0,0,0.786483230881175,0,-18.161291742738396,0
TX000262,AC00448,val,-0.07827041366117321,0,-0.1630008234110314,0,-2.0529069487358944,0,-92.365951567303,0,0.0,0,0.30073139711921876,0,2.2453396863874597,0,-6.571070420757116,0
TX000263,AC00194,train,-0.054367254499469,0,-0.24765290920038419,0,-3.4022749365913567,0,-99.96983513102974,0,0.0,0,0.059506611114015874,0,1.6127308827352,0,-11.683716120853857,0
TX000264,AC00319,train,-0.05285063340518009,0,-0.1749272168206668,0,-2.4285432847385264,0,-96.40304975831539,0,0.0,0,0.2830030534311569,0,2.188116789049314,0,-11.31570560485164,0
TX000265,AC00366,train,-0.09358711510676387,0,-0.20986554425566806,0,-2.97314041227665,0,-99.30994130595474,0,0.0,0,0.21243811036705798,0,1.917045684223791,0,-7.7904127559733425,0
TX000266,AC00338,train,-0.0853669286315436,0,-0.1903502927880225,0,-2.0480521132193994,0,-89.38385179543313,0,0.0,0,0.2588917626964292,0,2.262419085331675,0,-7.152832601263491,0
TX000267,AC00178,train,0.026762451147001376,1,-0.24993375984900912,0,-1.0015055090546854,0,-26.21628132310147,0,2.310045427213606,0,0.5037574507298074,1,2.2452758667724013,0,8.768800557577531,1
TX000268,AC00424,train,-0.09604899077744017,0,-0.21957924595807743,0,-1.9140797654824455,0,-96.62772007033055,0,0.0,0,0.23373360746496175,0,2.0465823109882666,0,-7.606838632098498,0
TX000269,AC00147,train,-0.02844837653257637,0,-0.10964148746729041,0,-1.1285453999726416,0,-90.05611180448606,0,0.0,0,0.33195580269759656,0,2.315001943445626,0,-3.6929532468770154,0
TX000270,AC00171,train,-0.09053388561290449,0,-0.2511772933301746,0,-2.9194940458103735,0,-101.00153964355464,0,0.0,0,0.05802945384710828,0,1.673788718326908,0,-13.620914941715265,0
TX000271,AC00023,train,-0.10001022858961933,0,-0.24698933047081684,0,-4.255015456828763,0,-102.38228680804578,0,0.0,0,0.054678860709893834,0,1.5023753320171789,0,-15.20334553730152,0
TX000272,AC00263,train,-0.11297616247804071,0,-0.23557768633364873,0,-3.271550526369908,0,-99.74801457948998,0,0.0,0,0.1074578862764737,0,1.774592927312377,0,-9.154136735582778,0
TX000273,AC00423,train,-0.06802646926104755,0,-0.12247369629937466,0,-1.44729906036864,0,-95.14032815733835,0,0.0,0,0.36443318730002217,0,2.560175604287058,0,-11.727102944531277,0
TX000274,AC00455,train,-0.09237247051046404,0,-0.1587011665050122,0,-2.2887631503026897,0,-86.58234445126716,0,0.0,0,0.3375595941413633,0,2.2842539617050654,0,-5.365868898709793,0
TX000275,AC00454,train,0.11464549490838716,1,0.5630549587597908,1,5.557549285792527,1,578.2215410156373,1,7.621565342290447,1,0.8211569377863938,1,8.906144561781252,1,6.269882944752121,1
TX000276,AC00055,train,-0.12459920365598809,0,-0.2372554001371272,0,-4.107892605398235,0,-97.26255712244206,0,0.0,0,0.22239761453763096,0,1.51375092848337,0,-8.685185324893755,0
TX000277,AC00403,train,-0.07034828549588196,0,-0.24384459390727797,0,-2.6141236786296718,0,-100.34046719902915,0,0.0,0,0.10343499754890052,0,1.8086155684409866,0,-13.845865783960244,0
TX000278,AC00220,train,-0.08396147758892919,0,-0.2177125871027119,0,-3.559956188548413,0,-99.55349936785043,0,0.0,0,0.19483844123368663,0,1.9202268617503817,0,-13.519834242267583,0
TX000279,AC00009,train,-0.10876729856879314,0,-0.25990550416304514,0,-3.5615664921283754,0,-101.80577844599529,0,2.9802322387695312e-08,0,0.07493756963352204,0,1.5834212606654474,0,-15.152157284202449,0
TX000280,AC00445,val,-0.08297892509701876,0,-0.2029997083994406,0,-3.2524667042203985,0,-97.34941432532189,0,0.0,0,0.1796719070842534,0,1.8079366371944687,0,-4.624648196385319,0
TX000281,AC00133,train,-0.13367726101396926,0,-0.27044718020866454,0,-4.709185049416775,0,-104.91888855095382,0,0.0,0,0.0,0,1.2819403475850577,0,-11.296713294265873,0
TX000282,AC00362,train,-0.018361357127332556,0,-0.02755270769932805,0,2.9754361393408146e-05,1,-87.01114822933079,0,0.0,0,0.44184874163829196,0,2.9996852052006058,0,-9.249998233554082,0
TX000283,AC00026,val,-0.033659955276583386,0,-0.19609449812904356,0,-3.2502919259252847,0,-96.73585144960047,0,0.0,0,0.2498318012186685,0,2.324378995453255,0,-12.042634611092241,0
TX000284,AC00387,train,-0.05620668787061944,0,0.07549688435198809,1,-2.360790000018711,0,-86.36823413991765,0,0.0,0,0.45734727092031696,0,2.7711811721523696,0,8.117488903070935,1
TX000285,AC00451,train,-0.07732661056197976,0,-0.21139884536282705,0,-1.8684294511167083,0,-83.7396881443096,0,4.2146848510894035e-08,0,0.23970881638561242,0,1.886916914004534,0,-6.014870640585301,0
TX000286,AC00033,train,-0.12369923445882963,0,-0.25175863204778837,0,-3.2850767028461556,0,-98.190323458928,0,0.0,0,0.12388963302260576,0,1.529086060541292,0,-8.506561237353273,0
TX000287,AC00087,train,-0.0556924010986119,0,-0.19267134152578547,0,-2.158866013780533,0,-98.44140830011851,0,0.0,0,0.250062135009732,0,2.1953269121096963,0,-12.64812254660024,0
TX000288,AC00159,train,-0.09970488811260686,0,-0.25465538342313865,0,-3.7390308547774866,0,-98.1107676316896,0,0.0,0,0.08866567468540523,0,1.890883522190201,0,-8.426992111063095,0
TX000289,AC00177,train,-0.04476103680421256,0,-0.19960507309338626,0,-2.266732489884787,0,-83.27728401766504,0,0.0,0,0.39780134334218215,0,2.0702372764480055,0,-13.061354169645517,0
TX000290,AC00093,val,-0.058026492276864405,0,-0.23370052068024738,0,-2.091409050545562,0,-97.29420286490391,0,4.2146848510894035e-08,0,0.1308598294811836,0,2.0217694438715763,0,-14.651944810946715,0
TX000291,AC00427,train,-0.09746388148164453,0,-0.2500789442790916,0,-3.3303640734402196,0,-100.36041322781688,0,0.0,0,0.0639396060696011,0,1.7111267111740185,0,-16.49520619937532,0
TX000292,AC00284,train,0.014208544801407763,1,-0.21859372186863202,0,-0.0703906526708229,0,152.37174298171203,1,0.0,0,0.43553723140925554,0,3.1379109311255737,0,1.578409016474295,0
TX000293,AC00189,train,-0.12000224988482083,0,-0.25814042934471393,0,-4.87902221746056,0,-102.39133675109598,0,0.0,0,0.0,0,1.2392199699486726,0,-14.674032213605724,0
TX000294,AC00495,train,-0.08854375853276053,0,-0.217518990299558,0,-3.3348062802699774,0,-99.62871357302117,0,0.0,0,0.19684578983070358,0,1.838027153945266,0,-13.48257048222726,0
TX000295,AC00148,train,-0.0754744693378544,0,-0.19226399700781438,0,-1.4751122756594155,0,-86.66313601775872,0,0.0,0,0.28716516566501143,0,2.2845682407335843,0,-10.347859237973148,0
TX000296,AC00272,train,-0.06537167394647436,0,-0.17701584447660168,0,-1.416469779694613,0,-95.75971355389191,0,0.0,0,0.19448563739193117,0,2.0739101302017686,0,-6.491598576286667,0
TX000297,AC00381,val,-0.1043171818763548,0,-0.2092459549839154,0,-3.2119183624399392,0,-98.08505212337683,0,0.0,0,0.1593623612130382,0,2.423218937900498,0,-2.8197093636802957,0
TX000298,AC00110,train,-0.05180892601719611,0,-0.1145384951933619,0,-1.8981035250215355,0,-92.84806149496708,0,0.0,0,0.3347187984175725,0,2.2786887379588556,0,-10.602355383944829,0
TX000299,AC00495,val,-0.06759292124310085,0,-0.21422614001347928,0,-2.7492016567898387,0,-94.15523851285647,0,0.0,0,0.23295513024698578,0,1.902896588581341,0,-12.329768305811807,0
TX000300,AC00035,train,-0.09490647075709158,0,-0.19206188227265053,0,-2.638866042240765,0,-98.51629004411198,0,0.0,0,0.20678336213221135,0,2.0616154727154163,0,-13.803016248529705,0
TX000301,AC00119,train,-0.05661864496439223,0,-0.1197033073870335,0,-0.8038706806388412,0,-91.10618856748428,0,0.0,0,0.3592713732992153,0,2.5521668719948374,0,-4.787286724050083,0
TX000302,AC00488,train,-0.05900480198203423,0,-0.21538631674985598,0,-1.5887045396836816,0,-95.36006176464016,0,0.0,0,0.21636108979830934,0,2.013372002721287,0,-5.661371757305135,0
TX000303,AC00466,train,-0.09346614740597747,0,-0.24996666159759928,0,-3.148358132962602,0,-98.9917698154177,0,0.0,0,0.17188855185692808,0,1.7304181991536853,0,-15.643669403458857,0
TX000304,AC00489,train,-0.1105666489536773,0,-0.23665988298011653,0,-2.2736256049173322,0,-99.18022139006067,0,0.0,0,0.134147871538734,0,1.9427687731622836,0,-8.382989817409403,0
TX000305,AC00306,train,-0.09015063893388015,0,-0.21620838054394476,0,-2.6863179536694135,0,-96.5631480812374,0,4.2146848510894035e-08,0,0.1959535802905777,0,1.9373458439445563,0,-14.330719659094175,0
TX000306,AC00431,train,-0.07606776140870875,0,-0.25838188720602484,0,-3.85663370392039,0,-101.02467003166778,0,0.0,0,0.07570181532440898,0,1.4634690121217329,0,-13.046621647969605,0
TX000307,AC00233,train,-0.11701375878120307,0,-0.20862187710179647,0,-2.6262813690356497,0,-94.78313211768838,0,0.0,0,0.2344501303432483,0,2.1405121200489727,0,-7.3680707494521025,0
TX000308,AC00389,train,-0.031703757868361215,0,-0.15167903935034022,0,-1.0017715411983819,0,-93.6062864093058,0,0.0,0,0.24279226757127076,0,2.527804098911174,0,-4.981146764725625,0
TX000309,AC00067,train,-0.07094740857176529,0,-0.19659371131603254,0,-2.227308663776701,0,-95.47058166309426,0,0.0,0,0.27135835874361,0,2.272534047995398,0,-5.916466214664452,0
TX000310,AC00300,train,-0.09724546902280445,0,-0.21370322248201457,0,-2.6820404028757325,0,-93.59804173273946,0,0.0,0,0.1947481188085253,0,1.862941681249182,0,-5.785407128992154,0
TX000311,AC00386,train,-0.10343584510495707,0,-0.24901329715031062,0,-4.067631405838884,0,-102.22194904001621,0,0.0,0,0.021614468846519377,0,1.799518867956867,0,-15.097011654726382,0
TX000312,AC00285,train,0.03186737915455795,1,0.08113762361969035,1,0.8322000975385464,1,613.8512793237317,1,5.16926247354348,1,0.5506749384560847,1,8.004979564534429,1,4.001176007346627,0
TX000313,AC00219,train,-0.07362146692733401,0,-0.08001021071779424,0,-1.145779564626796,0,-90.46547922095891,0,0.0,0,0.3483986505367054,0,2.553358270280348,0,-5.02576139097416,0
TX000314,AC00445,train,-0.05821809801670569,0,-0.17361092633212527,0,-1.9639393580854252,0,-94.35667945855792,0,0.0,0,0.3464835382879332,0,2.5534084820446616,0,-10.910283860962615,0
TX000315,AC00371,train,-0.09902580480084155,0,-0.2009480187025734,0,-1.9019090141239436,0,-94.75812265958145,0,0.0,0,0.22242432581192995,0,2.22345508070745,0,-7.44736764855215,0
TX000316,AC00164,val,-0.07346107305770733,0,-0.22708392340208938,0,-1.895714522772944,0,-69.10022384857518,0,0.0,0,0.23585104846994198,0,2.159313714654871,0,-12.98779331941029,0
TX000317,AC00200,train,-0.09030208911373305,0,-0.22493747723131707,0,-2.7900696291620912,0,-91.73573957101475,0,0.0,0,0.2062334635831046,0,1.8865169180787797,0,-7.694036224783714,0
TX000318,AC00310,train,-0.07487575734747742,0,-0.2671574685739988,0,-1.141542036422086,0,67.32497024319129,1,0.0,0,0.0,0,1.6535396909060762,0,-13.241415637380742,0
TX000319,AC00106,val,-0.10371327103451672,0,-0.24090480777748013,0,-3.283608657400314,0,-99.58218010723895,0,0.0,0,0.08765689542391131,0,1.9305709611020991,0,-8.583833669664507,0
TX000320,AC00444,train,-0.05311976328441903,0,-0.19017892982201,0,-1.9538802758875837,0,-97.7597310226454,0,0.0,0,0.20349277109942565,0,2.1927414236241445,0,-12.318432063861524,0
TX000321,AC00441,train,-0.0870373341342282,0,-0.23582156753940398,0,-3.0625189750020985,0,-98.89039344697822,0,0.0,0,0.2318069891104237,0,1.9849894843903526,0,-12.141010647651315,0
TX000322,AC00300,val,-0.08999719108192988,0,-0.20654272950560526,0,-2.7860305024624887,0,-97.55943128454538,0,0.0,0,0.15427701528676405,0,1.9854834492287963,0,-12.764843178135477,0
TX000323,AC00194,val,-0.11834160768211044,0,-0.23880065549303797,0,-3.1616217496314443,0,-98.23241174122357,0,0.0,0,0.15218941440272013,0,1.5163738567965102,0,-8.594255074842089,0
TX000324,AC00248,train,-0.07201629553084987,0,-0.13372286625429952,0,-2.2709607603259494,0,-80.34716396094711,0,5.960464477539063e-08,0,0.31845593182376647,0,2.5334730134357724,0,-3.5762570784857233,0
TX000325,AC00286,val,-0.12210125122845861,0,-0.2316866763351999,0,-3.9766280993625793,0,-100.54929195912558,0,0.0,0,0.07748919452303779,0,1.6075169527187823,0,-9.497163575218444,0
TX000326,AC00049,train,-0.090034904470084,0,-0.1750650628366266,0,-1.3408587194251664,0,-95.28235814069616,0,4.2146848510894035e-08,0,0.2397147850649049,0,2.3353663185068094,0,-7.012637899363373,0
TX000327,AC00471,train,-0.046110178586736106,0,-0.1222572669912032,0,-0.6613464185538565,0,-89.27589030976715,0,5.960464477539063e-08,0,0.3358780156974517,0,2.466979452698816,0,-4.476286653422806,0
TX000328,AC00434,train,-0.07875762472340347,0,-0.1839425916468369,0,-1.0336009669640918,0,-92.57134620177399,0,0.0,0,0.24008762122195698,0,1.9974540920421928,0,-5.398396907492122,0
TX000329,AC00264,train,-0.11509303531650578,0,-0.27320299505104173,0,-3.6061412338012593,0,-102.46437522799297,0,2.9802322387695312e-08,0,0.020973285145110418,0,1.1389581703779905,0,-15.241515040175678,0
TX000330,AC00316,train,-0.09049008014776821,0,-0.2467666621598782,0,-3.9182676954375752,0,-100.61214530439933,0,0.0,0,0.0989445241674432,0,1.305200691463799,0,-8.988289620498765,0
TX000331,AC00087,train,-0.09690640194301459,0,-0.2510870082512363,0,-3.017906017841555,0,-100.77877072669314,0,0.0,0,0.13133150170722327,0,1.7467989719507937,0,-14.250115885788908,0
TX000332,AC00140,train,-0.07091610308302543,0,-0.1829742141407562,0,-1.650282266845351,0,-95.04292945997713,0,0.0,0,0.26527169892090446,0,2.2680402926142706,0,-5.8766401202981235,0
TX000333,AC00418,val,-0.0981938174178596,0,-0.19652278473789342,0,-2.6921952378592318,0,-97.46654139090928,0,4.2146848510894035e-08,0,0.2544277685686102,0,1.8248965801077235,0,-6.398079111495756,0
TX000334,AC00187,train,-0.0980431982244318,0,-0.1870390295210751,0,-2.880342059394663,0,-96.06599124442721,0,0.0,0,0.24734960496858877,0,2.080385659838716,0,-7.183846542142759,0
TX000335,AC00077,train,-0.09405412436589755,0,-0.2172177035344316,0,-1.947875281855544,0,-96.31084850560336,0,0.0,0,0.345452605036809,0,2.3190596523552505,0,-12.908245604222913,0
TX000336,AC00141,train,-0.11108621512768224,0,-0.23551289922766339,0,-3.4909310064597543,0,-100.90649913566399,0,0.0,0,0.20644669111451167,0,1.8488162900246392,0,-8.946143088282032,0
TX000337,AC00332,train,-0.10707771938897914,0,-0.2627618295092118,0,-4.123051221301783,0,-103.8388947837672,0,2.9802322387695312e-08,0,0.07590612779343331,0,1.3745783954482584,0,-15.750044885631382,0
TX000338,AC00439,train,-0.04607857626474998,0,-0.09673895023266454,0,-0.765447440570096,0,-92.84082097883575,0,0.0,0,0.3694335488351492,0,2.7384996068552514,0,-9.562139419092096,0
TX000339,AC00055,train,-0.03778128508942258,0,-0.022261485360270283,0,0.11453420642502277,1,-88.02172891469559,0,0.0,0,0.39458890222649395,0,3.009602360678263,0,-10.519402887385242,0
TX000340,AC00299,train,-0.07093441459757183,0,-0.11444078654767087,0,-1.0339916225161057,0,-91.18710090173539,0,0.0,0,0.3588030803556685,0,2.333030245680058,0,-5.789358005070759,0
TX000341,AC00107,train,0.0004970531466006456,1,-0.07990967980645847,0,-0.09667728085038974,0,-33.86364550338831,0,2.2307445360509375,0,0.5029777918241205,1,3.188752918764385,0,4.322050623189544,1
TX000342,AC00171,train,-0.07962692599211374,0,-0.15495026985014815,0,-1.5340706125661692,0,-85.19921064744608,0,4.2146848510894035e-08,0,0.24456583150997027,0,2.3307675486426875,0,-4.592742423929831,0
TX000343,AC00493,train,-0.036482877486573195,0,-0.12388034995715036,0,-0.6487165252066678,0,-89.92539791822996,0,0.0,0,0.3621178396414613,0,2.780678217482566,0,-2.95609978780768,0
TX000344,AC00232,train,-0.10206843291356232,0,-0.22427685566396915,0,-3.1702209295263915,0,-99.85236832129131,0,0.0,0,0.1593623612130382,0,2.0281298822905542,0,-2.9611530459907978,0
TX000345,AC00156,train,-0.034957166578701515,0,-0.2023614864640293,0,-2.4506870302047714,0,-61.04455622507213,0,0.0,0,0.37666559938338756,0,1.9786017272110892,0,-2.01586182829774,0
TX000346,AC00442,train,-0.043232969367183904,0,-0.1750009764915168,0,-1.9404221024464272,0,-94.4174634686284,0,0.0,0,0.2720121283328782,0,2.445257515046308,0,-11.216988474365008,0
TX000347,AC00375,train,-0.09214679213338262,0,-0.2267184389555208,0,-2.6775779972410456,0,-98.97782567527145,0,0.0,0,0.14840634508139802,0,2.2769686345721123,0,-7.890536944465336,0
TX000348,AC00034,train,-0.10456515765837776,0,-0.21899248987600206,0,-2.58521467016664,0,-98.77537339692421,0,4.2146848510894035e-08,0,0.07895594477223843,0,2.0722976847962635,0,-12.939234093403558,0
TX000349,AC00376,train,-0.053011582162245885,0,-0.17304281396678167,0,-1.1893255078828942,0,-95.63422620431759,0,4.2146848510894035e-08,0,0.30025794976467285,0,2.3484155653218566,0,-11.383408948575246,0
TX000350,AC00029,train,-0.09706063509111695,0,-0.22722025417698632,0,-3.011651168224275,0,-93.8160442592758,0,0.0,0,0.15973342569406582,0,1.2567062405298135,0,-8.64070070908136,0
TX000351,AC00040,val,-0.10721743871983558,0,-0.25562027176383273,0,-3.6315019110234443,0,-102.22468038788266,0,0.0,0,0.06156069608812751,0,1.8161856127424498,0,-9.384224582770976,0
TX000352,AC00482,train,-0.07701737775932238,0,-0.2084004169586724,0,-2.9305140610598057,0,-94.77209068331277,0,0.0,0,0.18049298139202027,0,1.8835992471047627,0,-7.916789120131423,0
TX000353,AC00365,train,-0.08417755087881579,0,-0.21622304989962116,0,-2.9294246124658416,0,-97.41434102999543,0,5.960464477539063e-08,0,0.22351709061883784,0,1.9653635983464395,0,-14.114519773134656,0
TX000354,AC00340,val,-0.11096421584325272,0,-0.20011390259136408,0,-1.4747080207435497,0,-92.33428085380291,0,4.2146848510894035e-08,0,0.23910769805556117,0,2.2580974519438097,0,-6.584800274410483,0
TX000355,AC00349,val,-0.09968731099336026,0,-0.17890083845772353,0,-2.5761812015533296,0,-84.80684856396806,0,0.0,0,0.3309539681178759,0,1.7929658700890578,0,-4.791188227784794,0
TX000356,AC00374,train,-0.12326297086129251,0,-0.23149402116977802,0,-4.840209133696969,0,-100.8532597956976,0,4.2146848510894035e-08,0,0.2151604149944981,0,2.0196354720059766,0,-4.190692699082743,0
TX000357,AC00261,train,-0.07251067372067227,0,-0.22465458477467437,0,-2.9434139760304765,0,-68.07230040291705,0,0.0,0,0.025021084888402555,0,2.5339366220554163,0,-3.2716938012267636,0
TX000358,AC00459,train,-0.032297591163060746,0,-0.1580052574187143,0,-2.843020659705089,0,-94.51883226296458,0,0.0,0,0.37311892202282654,0,2.4926911640265965,0,-11.1955495610419,0
TX000359,AC00331,train,-0.11037637086752466,0,-0.1995776092800876,0,-2.4954702127504307,0,-94.83179611194683,0,4.2146848510894035e-08,0,0.2406534853266479,0,2.0458617820498493,0,-6.779621573018409,0
TX000360,AC00165,train,-0.11603436765939512,0,-0.24226727777633528,0,-2.103284397776272,0,-31.037740629982082,0,0.0,0,0.0,0,1.713472011203034,0,-14.918989635104555,0
TX000361,AC00397,train,-0.09162842759531126,0,-0.2604794206179599,0,-4.353875124910721,0,-101.88966437641277,0,0.0,0,0.1533319549531943,0,1.3372521669931234,0,-14.675459938037893,0
TX000362,AC00192,val,-0.05486198303258233,0,-0.11340797881787146,0,-2.474121569980942,0,-87.8956079951067,0,0.0,0,0.3681859029573156,0,2.2974517070126526,0,-2.3757105157942204,0
TX000363,AC00063,train,-0.03691627688625454,0,-0.1615295138082844,0,-0.5333042415117637,0,-89.98222003879206,0,0.0,0,0.29206074557381606,0,2.2783813085079196,0,-4.058255460093326,0
TX000364,AC00478,train,-0.11705346749387446,0,-0.266217054050664,0,-4.630063256161358,0,-104.52654622693254,0,0.0,0,0.0,0,1.1363029442695598,0,-16.40354595065095,0
TX000365,AC00272,train,-0.0763625087340829,0,-0.12422323312396966,0,-2.426643432959122,0,-91.80163912973222,0,0.0,0,0.3618710187112936,0,2.4643327402921162,0,2.4325790257229003,0
TX000366,AC00092,train,-0.07352854652974411,0,-0.2511195287010062,0,-3.4031716285514966,0,-100.38516141847482,0,0.0,0,0.15844196066840086,0,1.4760335630965546,0,-13.535305120530335,0
TX000367,AC00332,train,-0.08382455346157797,0,-0.18008596731224524,0,-1.9831373436755078,0,-96.68560454768738,0,0.0,0,0.17682398520464254,0,2.028685577836336,0,-12.662722319599933,0
TX000368,AC00087,val,-0.08898039355388793,0,-0.23098016002351884,0,-3.6807312152577163,0,-100.5799800774559,0,0.0,0,0.19764105120831996,0,1.9836116039676797,0,-14.466070719811876,0
TX000369,AC00327,val,-0.09571826190804683,0,-0.25899010561052827,0,-3.6201983162476763,0,-102.16153318137528,0,0.0,0,0.03747563502404212,0,1.5875832611046683,0,-13.55337226970723,0
TX000370,AC00269,train,-0.09008701890571835,0,-0.2135850372908279,0,-2.2964735020078804,0,-98.38054023302168,0,0.0,0,0.22968664937197156,0,1.9663125907364452,0,-13.673583788164828,0
TX000371,AC00177,train,-0.07260466565936824,0,-0.23710843430383988,0,-3.7010592974577756,0,-100.04619442902288,0,0.0,0,0.17248419662014772,0,1.9183299464765362,0,-8.113920333776948,0
TX000372,AC00322,train,-0.09055426292874436,0,-0.20727345046157963,0,-2.798361691281335,0,-99.55556089717132,0,0.0,0,0.2784460983682813,0,2.2915027213777326,0,-14.464031044429786,0
TX000373,AC00069,train,-0.027765164875512838,0,-0.03729528372894175,0,0.00030521837152708287,1,-83.82963144737644,0,5.960464477539063e-08,0,0.43900452218869185,0,2.9429178224827943,0,-1.8505294948970432,0
TX000374,AC00264,train,-0.06556281389148833,0,-0.14124694420532746,0,-1.8949782228258956,0,-94.12378503180523,0,0.0,0,0.3042920379797971,0,2.3769767574260627,0,-11.535039558318717,0
TX000375,AC00014,train,-0.11273492412925407,0,-0.21185507610078602,0,-2.7683864519063084,0,-63.05368239512841,0,0.0,0,0.3576419491266057,0,1.9381750015562533,0,-3.446163320212287,0
TX000376,AC00316,train,-0.0034801816118252837,0,-0.03346398786309157,0,-0.0005029058668997166,0,-65.691795606022,0,5.960464477539063e-08,0,0.4754274548015478,1,2.9195703618032636,0,6.361869456549286,1
TX000377,AC00131,train,-0.09423439169939307,0,-0.20548741122639846,0,-1.5624030509400795,0,-93.64141216593457,0,4.2146848510894035e-08,0,0.17843088297143792,0,2.0217528584042306,0,-7.101028822602499,0
TX000378,AC00232,train,-0.12735623359743997,0,-0.24724910844276515,0,-3.8940799964420636,0,-101.82974009929694,0,2.9802322387695312e-08,0,0.09600268358872037,0,1.8582737965448803,0,-9.192199413449941,0
TX000379,AC00410,train,-0.11218269582034429,0,-0.25903925079388723,0,-2.7313667884816395,0,-100.29566153689053,0,0.0,0,0.06264198622431477,0,1.5720959907920717,0,-14.455425287684928,0
TX000380,AC00488,train,-0.11007158801826411,0,-0.22089517551277926,0,-3.601511054887683,0,-86.39443017029241,0,0.0,0,0.21991228881334768,0,1.6429823357610776,0,-7.934334835051283,0
TX000381,AC00329,train,-0.06378834186303589,0,-0.2324864068984125,0,-3.8221381602668236,0,-95.86298353816974,0,4.2146848510894035e-08,0,0.25027216408389796,0,1.718850539122067,0,-12.950881285420193,0
TX000382,AC00021,train,-0.10522672604927241,0,-0.24879509491222163,0,-3.4897516551743086,0,-99.76789560577501,0,0.0,0,0.10279998586945185,0,1.7059584165943866,0,-9.476408501658266,0
TX000383,AC00188,train,-0.04999446807110164,0,-0.21380658269025088,0,-3.1899712698385168,0,-91.3434470584298,0,0.0,0,0.20206684279768974,0,1.7008573005599288,0,-6.9890293273495265,0
TX000384,AC00341,train,-0.07864960047919806,0,-0.21671193041233883,0,-1.708613825611164,0,-98.36790258957612,0,0.0,0,0.20562075615224837,0,2.2999718880951967,0,-12.390268928016987,0
TX000385,AC00090,train,-0.07203101285930269,0,-0.22947251258962198,0,-2.189540414765129,0,-99.29758001390466,0,0.0,0,0.14155954523093242,0,2.0054643151513143,0,-12.981128358984606,0
TX000386,AC00456,train,-0.06242991279961324,0,-0.14337673243864235,0,-1.764827776803501,0,-93.02044804199573,0,0.0,0,0.35454461455579506,0,2.3795191956137414,0,-13.037332300035386,0
TX000387,AC00322,train,-0.10018927620456936,0,-0.1879385375810263,0,-2.9169140385431023,0,-98.50993517051946,0,0.0,0,0.19190401122914236,0,1.7141652719406466,0,-7.709728739619772,0
TX000388,AC00135,val,-0.048459675992353735,0,0.015207520512131145,1,0.7549772016712941,1,-80.10266121281177,0,2.6897118460225036,1,0.5306101076596159,1,3.319312867022482,1,0.49203545663694676,0
TX000389,AC00279,train,-0.11172841526336619,0,-0.19673902562553036,0,-2.695731649362018,0,-85.46675949184453,0,4.2146848510894035e-08,0,0.28201523154832153,0,2.1937340597413213,0,-6.681387142623988,0
TX000390,AC00210,train,-0.07450340889926083,0,-0.2117995452792687,0,-2.1238760124910234,0,-95.40688284741239,0,4.2146848510894035e-08,0,0.20066006017083682,0,2.461704215731829,0,-6.976954970717314,0
TX000391,AC00251,train,-0.06505513132358298,0,-0.15312686677895848,0,0.00011163559259586009,1,-42.914166928530136,0,0.0,0,0.4242946366873052,0,3.116008943520038,0,-10.683836682419361,0
TX000392,AC00116,train,-0.05510192550957954,0,-0.22945809023688502,0,-3.7666588358100865,0,-97.25441423690675,0,0.0,0,0.21937139895930668,0,1.9070027564411764,0,-12.399437851963796,0
TX000393,AC00131,train,-0.0941856361809928,0,-0.2341968579028102,0,-4.144750493351183,0,-100.03214207664016,0,0.0,0,0.18655604458307298,0,2.070061973462536,0,-8.111410131196957,0
TX000394,AC00265,train,-0.03328457398819795,0,-0.15716072002167047,0,-2.752859425339401,0,-95.28187020907514,0,0.0,0,0.3082670206707269,0,2.4355715701067764,0,-11.77724654179379,0
TX000395,AC00326,train,0.06841251255505265,1,-0.13956131495571467,0,1.0624732143735773,1,54.019394004193785,1,3.4007079944640397,1,0.5926735721482053,1,3.60849885759446,1,15.11490482381791,1
TX000396,AC00411,train,-0.12163057188657966,0,-0.2066993007159692,0,-2.692555850779324,0,-92.8861205517309,0,0.0,0,0.23632994741160207,0,1.9579862884605435,0,-5.910650930642248,0
TX000397,AC00039,train,-0.11348413288340753,0,-0.2471744680081055,0,-3.7587251867689107,0,-100.23094481702476,0,0.0,0,0.11569313459591034,0,1.7750805988712823,0,-8.898613066785884,0
TX000398,AC00293,train,-0.03634808753123442,0,-0.06574359251212791,0,-0.2536933159351209,0,-91.22338139222266,0,5.960464477539063e-08,0,0.4109959422752922,0,2.8466783188260374,0,-8.607816698564736,0
TX000399,AC00306,train,-0.0842434423829076,0,-0.23375942899501778,0,-3.686368041626918,0,-96.60849456678451,0,0.0,0,0.15332875564498025,0,1.6718097670620438,0,-7.649857193859867,0
TX000400,AC00285,train,-0.07583345093782179,0,-0.24922428568296706,0,-1.6538882274910849,0,133.67557594906094,1,0.0,0,0.0,0,2.2181079960771815,0,-13.575560452641012,0
TX000401,AC00145,train,-0.010449952299541043,0,-0.06868428784142,0,0.31259289910296495,1,-3.2559293989705083,0,3.7454907091107215,1,0.615852836446752,1,3.8298650729974875,1,0.5938042005727469,0
TX000402,AC00128,train,-0.07074032796815832,0,-0.18099281467437955,0,-2.2200335744266306,0,-91.92474058545402,0,0.0,0,0.27559633344616125,0,2.3302071148965102,0,-5.610433339495505,0
TX000403,AC00292,val,-0.08407467742688113,0,-0.20433631860428303,0,-1.983723420405922,0,-95.15728400449076,0,0.0,0,0.2748977773693961,0,2.0080682964370244,0,-6.076792103027046,0
TX000404,AC00020,train,-0.11755375658249412,0,-0.23036107593474253,0,-3.487280446775732,0,-72.07563229593491,0,0.0,0,0.31848943595169127,0,1.6924541790896501,0,-3.3649384377131413,0
TX000405,AC00229,train,-0.07732447173764861,0,-0.22415365044306723,0,-2.7762823088749764,0,-99.20150136577695,0,0.0,0,0.13365390136338032,0,1.9503338778509782,0,-13.264159787944264,0
TX000406,AC00053,train,-0.10422604870238322,0,-0.2515196047905197,0,-2.9372395437877854,0,-99.94223391133121,0,0.0,0,0.0,0,1.5951716212416742,0,-8.526713404015922,0
TX000407,AC00401,train,-0.13374947894171663,0,-0.26067310299952906,0,-3.3346424956235543,0,-101.02869583999146,0,0.0,0,0.0,0,1.4151394367514265,0,-10.18743920082444,0
TX000408,AC00208,val,-0.14474227693159902,0,-0.2450751662609617,0,-4.546348185137785,0,-97.93929420621537,0,0.0,0,0.13325001746987972,0,1.5320854791991807,0,-10.15727685989749,0
TX000409,AC00177,val,-0.0710473105807175,0,-0.22605890317476596,0,-2.7389066625432212,0,-97.4624426059838,0,0.0,0,0.11464581956495425,0,1.742523210271407,0,-12.431809959090947,0
TX000410,AC00136,train,-0.02614877814002381,0,0.0872068148883205,1,0.29623611271447725,1,-80.52606542165049,0,5.960464477539063e-08,0,0.4931108635950053,1,3.275246267965997,1,1.4016608594692723,0
TX000411,AC00029,val,-0.06715648881977859,0,-0.21873661130014566,0,-2.8265933882897647,0,-90.62098784662231,0,0.0,0,0.2821047731366246,0,1.646466940390568,0,-6.126121065820424,0
TX000412,AC00210,train,-0.07901571611260899,0,-0.14437447170388196,0,-2.442726619006957,0,-92.84946564688396,0,0.0,0,0.35651924536745,0,2.2338090239479587,0,-5.440634028543956,0
TX000413,AC00421,train,-0.02336930291855077,0,-0.09623089913234129,0,-0.552471952520202,0,-87.00420090607376,0,0.0,0,0.40412042943398496,0,2.794179687042241,0,-8.744006076095674,0
TX000414,AC00400,train,-0.12998287507722406,0,-0.2696386232617449,0,-4.347682692799215,0,-102.8330744562906,0,0.0,0,0.00978192475026682,0,1.1328302919304187,0,-17.294256328645847,0
TX000415,AC00495,val,0.005076541461947914,1,-0.19700329676380468,0,0.7193692073130658,1,32.82323918082791,1,2.5145618354893715,0,0.5379023357516776,1,3.0355533442936977,0,10.538773713813445,1
TX000416,AC00301,train,-0.04885810706945759,0,-0.1611445667255884,0,-1.856796408478064,0,-93.89689856704875,0,0.0,0,0.29213046666637815,0,2.186529670975883,0,-10.725541683639213,0
TX000417,AC00434,train,-0.09307849733014384,0,-0.24788616612973435,0,-2.8767218152619547,0,-98.11402494023498,0,0.0,0,0.11074387584658381,0,1.7473130019804681,0,-8.072586165847937,0
TX000418,AC00274,train,-0.051187777457559425,0,-0.12578985509069618,0,-0.8385190848433375,0,-84.73980197169006,0,5.960464477539063e-08,0,0.38881866672159177,0,2.241515509441202,0,0.5819790522401943,0
TX000419,AC00365,train,-0.07718990171050222,0,-0.13929796602938804,0,-1.1341200845943797,0,-93.79915750438664,0,0.0,0,0.303455300128167,0,2.4798255749986113,0,-10.419104488616957,0
TX000420,AC00480,train,-0.10296184622912363,0,-0.22077732777214765,0,-3.1379393291138387,0,-100.23234926110082,0,0.0,0,0.23667389623261836,0,1.8996649326559782,0,-8.881059878867367,0
TX000421,AC00318,val,-8.527878336228589e-05,0,-0.07113893518999981,0,-1.3116526595978852,0,-69.8561408086913,0,0.0,0,0.3938861250243929,0,2.5218422203277604,0,-1.8595255133256936,0
TX000422,AC00235,train,-0.06911627065108833,0,-0.20245827383287018,0,-2.7827902376730558,0,-92.13564736601705,0,5.960464477539063e-08,0,0.2285540561116089,0,2.120121240003972,0,-5.744594203528292,0
TX000423,AC00333,val,-0.10040331513857464,0,-0.2327456630107012,0,-3.166465160180146,0,-97.19162691484941,0,0.0,0,0.22258051708457013,0,1.7736425590992346,0,-8.779723553675147,0
TX000424,AC00262,train,-0.014830413853947677,0,-0.23120087099634046,0,-1.5481164178547049,0,-23.945591958213583,0,0.0,0,0.3777143088051357,0,2.224145934700981,0,-0.1554738998820837,0
TX000425,AC00267,train,-0.07895376921563507,0,-0.2439122814953627,0,-2.8186827074652134,0,-98.50922772823127,0,0.0,0,0.18927685017019616,0,2.126105497140281,0,-7.287910704607009,0
TX000426,AC00490,train,-0.06748468020571513,0,-0.05407953090406381,0,-0.8778819293120836,0,-71.65583372372818,0,0.0,0,0.47077954031205305,1,3.154303178697793,0,1.4773453703309638,0
TX000427,AC00229,train,-0.11384371437392488,0,-0.2548419403919988,0,-3.130542641142923,0,-100.75723932260404,0,0.0,0,0.02445246959601929,0,1.7233891409031443,0,-14.610459496259843,0
TX000428,AC00196,train,-0.058076752338465154,0,-0.16236266403426303,0,-1.8676443156066496,0,-94.60642329108812,0,0.0,0,0.24035073837568294,0,2.2478573520688365,0,-11.600289410296178,0
TX000429,AC00182,train,-0.03552103244049187,0,-0.1558468476461896,0,0.0001590856355635495,1,4.6489836734384085,1,2.224856124748444,0,0.5013993541683616,1,2.865558849862789,0,6.395203825553495,1
TX000430,AC00357,train,-0.10830613941886108,0,-0.22462534340092244,0,-3.278577962324536,0,-93.17138766468645,0,0.0,0,0.23601486648181513,0,2.1490956896223525,0,-7.596934947223447,0
TX000431,AC00443,val,-0.0804875098285992,0,-0.23729306245975534,0,-3.1271421910277803,0,-99.48790008939349,0,0.0,0,0.032524653456470244,0,1.9221367091098907,0,-7.860941118088592,0
TX000432,AC00499,train,-0.048150407055872146,0,-0.19534113047707868,0,-2.526445934192121,0,-95.44132171383733,0,0.0,0,0.2687519090833539,0,2.376014548560845,0,-11.791818916038943,0
TX000433,AC00285,val,-0.1040775435055526,0,-0.19667544889800714,0,-5.170069477739346,0,-96.78381829735001,0,4.2146848510894035e-08,0,0.23611812289179343,0,2.2496054278172144,0,-0.4382692409912428,0
TX000434,AC00475,val,-0.10581561922791688,0,-0.19882143999347512,0,-3.7311318038245593,0,-99.8729134641524,0,0.0,0,0.23986147560005439,0,1.7975922995105027,0,-14.302184116417276,0
TX000435,AC00217,train,-0.12051188134033902,0,-0.257695261435098,0,-3.68883033009178,0,-103.80692172610695,0,0.0,0,0.0,0,1.603910606005108,0,-9.937203209764698,0
TX000436,AC00452,val,-0.03961668836715204,0,-0.2204394063689794,0,-2.7977560473623315,0,-97.77855228444182,0,0.0,0,0.21235047222287395,0,1.6556396938370055,0,-11.777262970966987,0
TX000437,AC00357,train,-0.11648030239237683,0,-0.2544647992482232,0,-4.008593767677355,0,-103.42300799411082,0,0.0,0,0.10521857857236452,0,1.5298159535487585,0,-9.513430536073882,0
TX000438,AC00080,train,-0.12361759645561149,0,-0.24546788643429873,0,-4.4419785338135,0,-99.1940683724891,0,2.9802322387695312e-08,0,0.09467706538410547,0,1.6165155187353095,0,-9.35671154535963,0
TX000439,AC00493,val,-0.0793983849141856,0,-0.1743901446860172,0,-2.448353379445316,0,-92.80319326642835,0,0.0,0,0.2728626930713602,0,2.281508316172766,0,-7.0747346879292206,0
TX000440,AC00420,train,-0.06566059623862897,0,-0.22388978603888954,0,-4.1088936841071595,0,-98.75567896164642,0,0.0,0,0.15752253399880362,0,1.5847472439357309,0,-13.125243224816717,0
TX000441,AC00040,val,0.016543926668405207,1,-0.002056289103882003,0,-0.3609592040101779,0,-64.72392547847379,0,0.0,0,0.44189667973523633,0,2.6600442443733274,0,5.723781328195163,1
TX000442,AC00351,train,-0.05966403414954058,0,-0.020806797655827713,0,-0.6594003223689526,0,-86.31545786831217,0,0.0,0,0.42967356566726633,0,2.4595461975484407,0,-2.719440421041806,0
TX000443,AC00070,train,-0.0949567210159954,0,-0.2512293824844303,0,-3.8967322500535753,0,-101.1409473909377,0,0.0,0,0.05524208752269317,0,1.6204767583296171,0,-14.16202243162317,0
TX000444,AC00273,val,-0.05207463552811492,0,-0.17498605287933322,0,-1.0484533242364975,0,-79.04859480591026,0,0.0,0,0.3587807696124159,0,2.269960762449326,0,-11.056284582521043,0
TX000445,AC00280,train,-0.1258348892835336,0,-0.2583776799436309,0,-3.7449674563876956,0,-100.30553018148657,0,2.9802322387695312e-08,0,0.10011115702307256,0,1.7505526846761066,0,-9.728001436343137,0
TX000446,AC00480,val,-0.011809985116074118,0,-0.14313595607114227,0,-1.1825654466253814,0,-86.63626753012153,0,0.0,0,0.3753839470858235,0,2.7345010460813137,0,-8.778791119835725,0
TX000447,AC00122,train,-0.07007319462831918,0,-0.16717096959522948,0,-1.783497635935702,0,-89.58955696193452,0,4.2146848510894035e-08,0,0.32138653071956375,0,2.209663311840906,0,-5.9965296438521785,0
TX000448,AC00072,train,-0.09111443070600544,0,-0.21750508199301488,0,-1.5004825360866763,0,-97.73141709328996,0,0.0,0,0.2016403158210253,0,1.9544656393977484,0,-14.82422663360639,0
TX000449,AC00093,train,-0.0865748620103815,0,-0.1597780439212506,0,-0.8323522355099362,0,-89.57839064712536,0,5.960464477539063e-08,0,0.34218887879727083,0,2.714372162709117,0,-5.220737452262516,0
TX000450,AC00407,train,-0.003979785240235789,0,0.06657738253903522,1,1.68251810115276,1,492.6848368197107,1,4.738931355198133,1,0.6077288165219024,1,7.067535797388194,1,-6.1023223913034945,0
TX000451,AC00495,val,0.000262202857745919,1,0.09313833646226466,1,2.370698506443161,1,584.9004039454225,1,4.517568111230104,1,0.6158205441409241,1,7.683376437468809,1,-3.4132140824263417,0
TX000452,AC00119,train,-0.11890479035941282,0,-0.259833921039759,0,-4.251674120157715,0,-100.28625784837787,0,0.0,0,0.07390480507926293,0,1.381026984332056,0,-10.164928347432138,0
TX000453,AC00271,train,-0.09015141121331194,0,-0.24050409316531507,0,-3.478366301144937,0,-100.66859796761837,0,0.0,0,0.16395275431264297,0,1.7877931525487794,0,-14.903995238369909,0
TX000454,AC00235,train,-0.10139761233174188,0,-0.26830046535685204,0,-4.01714447588262,0,-103.16114372110268,0,0.0,0,0.0769457654710119,0,1.35379681946875,0,-14.81437474699471,0
TX000455,AC00264,train,-0.01374023422524473,0,0.005232041016203004,1,0.9982013179677081,1,-4.535558386856309,0,4.418085523777761,1,0.665313970717797,1,4.230396682553026,1,0.9970039111940125,0
TX000456,AC00307,train,-0.10811167332924027,0,-0.19629690582888948,0,-1.2665718130014598,0,-96.74128191854182,0,0.0,0,0.23317924933392675,0,2.2195914455735557,0,-7.91464422903767,0
TX000457,AC00434,train,-0.10421424522821465,0,-0.23968819482783355,0,-3.070253547954789,0,-100.29939650487266,0,4.2146848510894035e-08,0,0.1357909567314482,0,1.7811417283442514,0,-13.95627460799723,0
TX000458,AC00290,val,-0.08964994107478946,0,-0.22534583859997004,0,-2.5706228419234654,0,-98.9622162259503,0,0.0,0,0.1347241726864917,0,1.9173214613948262,0,-8.040013457359393,0
TX000459,AC00021,train,-0.022934767704861136,0,-0.12836173986786803,0,-3.080927345250907,0,-94.13764742897932,0,0.0,0,0.29021981558799614,0,2.3200686115874043,0,-10.01733004814126,0
TX000460,AC00499,train,-0.06410284334177013,0,-0.1826376813303363,0,-1.8011614068268704,0,-94.8437914570152,0,0.0,0,0.32576027502479205,0,2.2398754039234636,0,-10.418988093095102,0
TX000461,AC00148,train,-0.054859221405773595,0,-0.17782438749795038,0,-1.6631662636661426,0,-93.31436159565577,0,4.2146848510894035e-08,0,0.28544947093809353,0,1.9734360060537486,0,-11.327874018245307,0
TX000462,AC00200,val,-0.07843514576217658,0,-0.16686400840694504,0,-2.512333910407027,0,-94.72256383108052,0,0.0,0,0.30451459983875084,0,2.400685714547248,0,-5.395853581434056,0
TX000463,AC00074,train,-0.07631732937576358,0,-0.23074945572406702,0,-2.2867007124968497,0,-97.30941816532261,0,0.0,0,0.19960691544684706,0,2.2743779141948965,0,-13.822814696383942,0
TX000464,AC00417,val,0.026845898001969792,1,-0.24239252562636504,0,0.18657576177689794,1,28.21123725540592,1,1.6241818002748627,0,0.5209287908118373,1,2.7109820606806094,0,0.8261986740478525,0
TX000465,AC00182,val,-0.07692927363462182,0,-0.18559807282629914,0,-3.5576706259220794,0,-99.33201760514609,0,0.0,0,0.32442882262703987,0,2.342316156084705,0,-13.124478610468376,0
TX000466,AC00177,train,-0.08960526740475439,0,-0.20316585181690572,0,-0.6702081492116241,0,-47.038580011169714,0,0.0,0,0.4219734260600683,0,3.043100734186489,0,-11.105274911175425,0
TX000467,AC00063,train,-0.048227615734060314,0,-0.13402285777293343,0,-0.0004035435973355206,0,-61.13655156722575,0,2.7954792492984772,1,0.5568126770543886,1,3.3453920480512758,1,1.699823777636898,0
TX000468,AC00300,train,-0.0735062784614226,0,-0.18118360001582734,0,-1.4051336823433713,0,-94.18647016470739,0,0.0,0,0.2920727666371984,0,2.3112227081540775,0,-14.296212365805092,0
TX000469,AC00218,train,-0.153243318704882,0,-0.2650569623040606,0,-4.5468775352125155,0,-100.80685966555978,0,0.0,0,0.0780984829609442,0,1.173848457541289,0,-10.784644982625926,0
TX000470,AC00036,train,-0.06838970320017984,0,-0.23501701547948617,0,-2.630050398780644,0,-94.07705165442391,0,0.0,0,0.2625882580699451,0,1.7657366747877778,0,-7.475204991067606,0
TX000471,AC00371,train,-0.025190424546790435,0,-0.10494511105213356,0,-0.2706767667791965,0,-84.68034039354148,0,0.0,0,0.2809638021592508,0,2.5779628636121066,0,-8.183014741272924,0
TX000472,AC00398,val,-0.08054996006788812,0,-0.1906533516076483,0,-2.7132683816824334,0,-95.46869807476705,0,4.2146848510894035e-08,0,0.24804489052679457,0,2.347771891142071,0,-11.901637918583093,0
TX000473,AC00213,train,-0.07593848081114218,0,-0.20512267367834003,0,-1.1428674961304948,0,-9.004889316197847,0,0.0,0,0.4345658138293063,0,2.506610476626801,0,-0.22871622099154787,0
TX000474,AC00464,train,-0.034992106685219015,0,-0.17730344882276694,0,-2.4805613928114534,0,-93.10439067279847,0,0.0,0,0.30618880184176,0,2.2958592180722266,0,-10.232911699058503,0
TX000475,AC00219,train,-0.022785960076868284,0,-0.1313586195362939,0,-1.9043205430190708,0,-88.0640679361719,0,5.960464477539063e-08,0,0.35740584869952435,0,2.596539423701213,0,-9.544458380304675,0
TX000476,AC00464,train,0.0009970508929528776,1,-0.22022371847143307,0,-0.3949977817619228,0,15.713044712100569,1,0.0,0,0.432148496331836,0,2.062164731213768,0,0.044730643108748414,0
TX000477,AC00442,train,0.004259701769712798,1,0.21399522729980336,1,-0.1752682499679743,0,-73.75146468977286,0,2.617691823402429,0,0.5538435679959207,1,3.545532863348556,1,13.298198159476243,1
TX000478,AC00054,train,-0.03163135793697214,0,-0.13469531247378352,0,-1.379789238294344,0,-86.79332493057265,0,0.0,0,0.4079708384068745,0,2.4420424805911902,0,-8.259379640860478,0
TX000479,AC00392,val,-0.0427190279519698,0,-0.08410437210903798,0,0.03189522869177175,1,-89.73878802990144,0,5.960464477539063e-08,0,0.3926214914652042,0,2.9297125483071667,0,-8.783097761347378,0
TX000480,AC00350,val,-0.006224409685826493,0,-0.07628847655211701,0,-0.9945223719669452,0,-88.42683751931844,0,0.0,0,0.36280818428352946,0,2.4723897320631534,0,-7.991276794726322,0
TX000481,AC00306,val,-0.09612405418118525,0,-0.24427155800308586,0,-1.9990427969554583,0,-90.25746187941228,0,0.0,0,0.22991895742830196,0,2.0200027526452833,0,-13.042102297132928,0
TX000482,AC00229,train,-0.06027102686910124,0,-0.23043688069685975,0,-3.4228900092894934,0,-100.2076991345309,0,4.2146848510894035e-08,0,0.03399267447377219,0,1.5388570533381025,0,-13.03141035472966,0
TX000483,AC00148,val,-0.13233913184511537,0,-0.2549111179003125,0,-2.8283579577670404,0,-100.14080927445903,0,0.0,0,0.07201644991789573,0,1.5859665606850561,0,-9.010521693258134,0
TX000484,AC00305,train,-0.06329464698715959,0,-0.20510776115707485,0,-2.306222795925737,0,-96.51268116954455,0,0.0,0,0.21608217679084174,0,2.302209311851836,0,-11.812803311020824,0
TX000485,AC00329,train,-0.10062875631835233,0,-0.2253321631623839,0,-4.640093109530402,0,-100.2936783765038,0,4.2146848510894035e-08,0,0.06473668372899272,0,1.8336784308619603,0,-13.816306638888259,0
TX000486,AC00400,val,-0.06444428746429126,0,0.02339872509904417,1,0.5160654431942753,1,-82.39126675293643,0,1.7163895854402178,0,0.49380859752825457,1,2.9849060295377905,0,-0.7908837094441519,0
TX000487,AC00148,val,-0.0006521377973898179,0,-0.05475331416219076,0,-1.5578933347844925,0,-69.65857601513733,0,0.0,0,0.48195225553692067,1,2.9854066200442086,0,0.8000039009653337,0
TX000488,AC00128,train,-0.08564318905070945,0,-0.20055669251043584,0,-1.0256765046858902,0,45.258816849206895,1,1.1920928955078125e-07,0,0.4183301004795822,0,2.1916806655892795,0,-11.252970880303339,0
TX000489,AC00463,train,-0.12180996698688717,0,-0.24814345293737217,0,-3.951386345920459,0,-100.62728177002556,0,0.0,0,0.14161249655731095,0,1.8715952907459283,0,-9.066397746890022,0
TX000490,AC00256,train,-0.0884946256655621,0,-0.19607426259435923,0,-2.6542528479957186,0,-98.06277780720133,0,0.0,0,0.19914262717011127,0,2.037763933789835,0,-13.480286261270246,0
TX000491,AC00166,train,-0.07438652083487218,0,-0.13706560101404497,0,-0.8899542535963869,0,-80.12685197576229,0,0.0,0,0.3247926718593905,0,2.2688161323418274,0,-3.472164909841431,0
TX000492,AC00318,train,-0.015509580610647222,0,-0.24344322106348315,0,-0.5475970654216749,0,35.92010154895648,1,1.1920928955078125e-07,0,0.0,0,2.4916982891233284,0,-0.8029323441647265,0
TX000493,AC00213,train,-0.10514919299526193,0,-0.2674796661007455,0,-4.190170021221607,0,-102.63909007301336,0,0.0,0,0.0,0,1.1455540313103676,0,-17.248588235398202,0
TX000494,AC00075,train,-0.07739413835412767,0,-0.21412602706800765,0,-3.1721660094320034,0,-98.16831854388275,0,4.2146848510894035e-08,0,0.1663025460576849,0,1.8347144217473084,0,-11.88939257809728,0
TX000495,AC00498,train,-0.08539739006331926,0,-0.21131612524450016,0,-2.1263941067622403,0,-95.49563291815029,0,0.0,0,0.17429610932909106,0,2.1401562993394143,0,-1.4000479921030797,0
TX000496,AC00039,val,-0.08580462078245898,0,-0.2512229008033535,0,-1.361190941209066,0,-24.09514155743267,0,0.0,0,0.0,0,1.9150990795437701,0,-12.94885195504091,0
TX000497,AC00114,train,-0.0592482931770032,0,-0.2169079326872947,0,-2.6876685314307744,0,-94.9327531112499,0,0.0,0,0.14591883047129897,0,1.9971046144196594,0,-6.552545796769321,0
TX000498,AC00326,train,-0.028510464764330834,0,-0.18544647783709878,0,-2.782609536603597,0,-97.2862502423703,0,0.0,0,0.15690503895606953,0,1.7607266570013604,0,-11.60781983881999,0
TX000499,AC00450,val,-0.06941941513582489,0,-0.18373806247806068,0,-2.9005722302542525,0,-95.46019427979137,0,0.0,0,0.2805291161641528,0,2.1521737507986027,0,-12.308961136475055,0
TX000500,AC00325,train,-0.13327393504828833,0,-0.2537333845595169,0,-4.2273612004557615,0,-98.89166082641178,0,0.0,0,0.0,0,1.4701571592849596,0,-10.162739052663294,0
TX000501,AC00433,train,-0.06637811238865327,0,-0.017938444960057476,0,0.35082532182272175,1,-82.57112207270738,0,0.0,0,0.45911438357998524,0,3.0658939645319316,0,-0.1495692468568122,0
TX000502,AC00284,train,-0.10269510365267198,0,-0.25396310209004613,0,-3.0584502737335866,0,-99.10205221120042,0,0.0,0,0.0,0,1.9132044755376567,0,-8.93613189568436,0
TX000503,AC00103,train,-0.08426344071883635,0,-0.23347046094672108,0,-4.054079362732955,0,-100.1885587787928,0,0.0,0,0.1955187958908806,0,1.8429521295131694,0,-13.35868516145396,0
TX000504,AC00080,train,-0.13396213727296763,0,-0.28000193086212,0,-4.0551980611191665,0,-104.96763573222599,0,2.1073424255447017e-08,0,0.0,0,1.1271385453903027,0,-11.131971291033288,0
TX000505,AC00052,train,-0.012817925675297048,0,-0.09769064733706645,0,-0.3044929271081971,0,-63.40204947318004,0,0.0,0,0.4183751811700151,0,2.742939079330011,0,-0.8376987396414595,0
TX000506,AC00095,train,-0.04797766443235291,0,-0.09928082107007152,0,-0.7610532944981321,0,-80.42669053214357,0,0.0,0,0.4368991682185634,0,3.378996761893171,1,-0.8208276412543877,0
TX000507,AC00327,train,-0.09118438694049297,0,-0.17729453448248078,0,-4.2678596407281235,0,-99.34363551815002,0,0.0,0,0.23299134594607532,0,2.31502334070716,0,-1.6839881333337545,0
TX000508,AC00491,val,-0.029220093243415235,0,0.08496985164510673,1,0.3860351736383185,1,-81.53597084225322,0,0.0,0,0.4910275223214059,1,3.148261059822967,0,-5.461867526210715,0
TX000509,AC00353,val,0.026577350100633,1,-0.19464503171061254,0,0.5392961197759343,1,35.91740377672265,1,2.413894578136861,0,0.5510514922474501,1,3.187122618535763,0,6.24086247204829,1
TX000510,AC00266,val,-0.10287487091495601,0,-0.20291733933067158,0,-2.6723449482070682,0,-97.75488410405043,0,4.2146848510894035e-08,0,0.20734951085891523,0,2.175030571561337,0,-13.12895730042047,0
TX000511,AC00167,train,-0.11941036351212403,0,-0.2612176144949161,0,-2.9741851052061383,0,-93.15575638743346,0,0.0,0,0.0664509759607627,0,1.4546062777406594,0,-15.026438041403038,0
TX000512,AC00153,train,0.036811431578706366,1,-0.13965753960135552,0,-0.00020154979721187516,0,235.82593416733135,1,2.39531478735933,0,0.5305764357081877,1,3.919017957190719,1,2.804043055239014,0
TX000513,AC00012,train,-0.03311600205292098,0,0.10152563946381421,1,1.1962578877877181,1,-68.1114266123885,0,2.755121356547463,1,0.5770799932036966,1,3.6655714679892912,1,3.4973553465937286,0
TX000514,AC00469,train,-0.05984114644554128,0,-0.08420879986601526,0,-0.9423616114566391,0,-92.80209804019445,0,0.0,0,0.362304379338821,0,2.5588249946923645,0,-4.89655542241657,0
TX000515,AC00127,train,-0.08114349491079997,0,-0.18407155844305412,0,-3.1019757090011693,0,-94.69101377896413,0,0.0,0,0.32331238596741524,0,2.5614951938375987,0,-2.1065920537694316,0
TX000516,AC00480,train,-0.030709649848236098,0,-0.08634398203250382,0,-2.047570497607059,0,-86.25975932895443,0,5.960464477539063e-08,0,0.43056047382076024,0,2.9174844808339335,0,-2.1490171763443926,0
TX000517,AC00092,train,-0.04470988196923942,0,-0.15592560607229822,0,-1.4888175454293817,0,-92.81320944009258,0,0.0,0,0.2641269577404303,0,2.4411059577359664,0,-10.009280785161016,0
TX000518,AC00122,train,-0.09809285606930568,0,-0.24124983024933977,0,-2.9820933703149963,0,-82.77664477853799,0,0.0,0,0.27026341501516343,0,1.7229604468193351,0,-13.72103053859196,0
TX000519,AC00067,val,-0.11285161014412798,0,-0.20983136170573813,0,-1.6902460983263508,0,-96.27400958832018,0,0.0,0,0.16897311224142966,0,2.1955013262230976,0,-7.58750227065816,0
TX000520,AC00014,train,-0.10084748695675588,0,-0.21172150909219067,0,-2.309044698881798,0,-93.70872823260105,0,4.2146848510894035e-08,0,0.2342356514276253,0,2.1710395382377814,0,-6.3742453517498285,0
TX000521,AC00098,train,-0.10957846191696424,0,-0.2621314637643175,0,-4.121394667770729,0,-101.96051070995806,0,0.0,0,0.1290165309373652,0,1.413715897123952,0,-9.673024462340832,0
TX000522,AC00345,val,-0.08435231970005996,0,-0.19010523774251675,0,-0.7093701612945011,0,-94.30978613337925,0,0.0,0,0.23799339626983393,0,2.156743307607378,0,-6.062248900638382,0
TX000523,AC00360,val,-0.08589893473224408,0,-0.15263163203479446,0,-2.627883524312389,0,-95.41311252573388,0,4.2146848510894035e-08,0,0.3370522444626697,0,2.506690329191265,0,-0.40274612588162784,0
TX000524,AC00043,train,-0.0994139879137857,0,-0.24411899455773223,0,-3.6059468531333456,0,-101.9044336297101,0,0.0,0,0.1271671685522948,0,1.5286876553314588,0,-14.550918350099465,0
TX000525,AC00295,train,-0.06417968222096088,0,-0.15252819308162313,0,-1.4277167709521654,0,-86.98348565535623,0,0.0,0,0.4055654872276669,0,2.033289376287149,0,-8.780903823180227,0
TX000526,AC00313,train,-0.03438943947081552,0,-0.13312480283937633,0,0.04747416234900648,1,59.01618445395816,1,2.1098375052240104,0,0.5386126868481292,1,2.825665553974308,0,-10.480205812555921,0
TX000527,AC00173,train,-0.11716238541629609,0,-0.26328106508254834,0,-3.416841494189506,0,-103.25078436996245,0,0.0,0,0.0,0,1.480954834190047,0,-9.743301392916724,0
TX000528,AC00364,val,-0.08726566199837771,0,-0.19749843008115908,0,-1.7076635345864242,0,-97.77911323980871,0,0.0,0,0.2172652232635864,0,2.170579145425692,0,-13.071925939141272,0
TX000529,AC00339,val,-0.07740592903699506,0,-0.21986012187571813,0,-3.1859222819918793,0,-96.99049624203026,0,0.0,0,0.22117015943022267,0,2.2893167051041026,0,-7.945429698525218,0
TX000530,AC00265,train,0.028675898696056024,1,-0.18398186876289224,0,-0.7288792004944717,0,-35.99075671304726,0,0.0,0,0.45805275017726316,0,2.9050307982022403,0,3.284393345398682,0
TX000531,AC00369,val,-0.12457770484653291,0,-0.2540109503021326,0,-3.5348763608140557,0,-100.04114256329049,0,0.0,0,0.046738135972324533,0,1.4392954437955334,0,-15.295690916012617,0
TX000532,AC00033,train,-0.09166614641788146,0,-0.24840767848347356,0,-3.5553425054306134,0,-100.76110503208771,0,0.0,0,0.0,0,1.541917860091615,0,-15.894832913411497,0
TX000533,AC00077,val,-0.03421262930947522,0,0.04973038383485062,1,-2.194984246914312,0,-87.58828139749345,0,0.0,0,0.488558162290084,1,2.691901777455188,0,5.933043181757936,1
TX000534,AC00437,train,-0.09154023955151025,0,-0.22688676387364404,0,-2.7988893206131378,0,-97.39242485914312,0,0.0,0,0.2874925918987492,0,2.1751608505405864,0,-12.111765873959868,0
TX000535,AC00152,train,-0.11173998668002544,0,-0.08015509478825256,0,-3.1724007268798635,0,-80.06304733289872,0,4.2146848510894035e-08,0,0.4088883971152899,0,2.411483008909635,0,-0.8628393706957525,0
TX000536,AC00161,train,-0.03212212271112169,0,-0.12255466136448612,0,-0.35846126198595574,0,-72.92731398035144,0,0.0,0,0.35697439991946633,0,2.4665774188505374,0,2.3393857641884077,0
TX000537,AC00125,train,-0.03459559024490688,0,-0.1649870456254301,0,-1.7246177375286011,0,-94.70925975857489,0,5.960464477539063e-08,0,0.2933037042214382,0,2.1419689124759946,0,-10.77923095242024,0
TX000538,AC00311,train,-0.11146132169940937,0,-0.24901657567557167,0,-3.3209637176456726,0,-101.92211367791796,0,0.0,0,0.08045754146192215,0,1.30936139888009,0,-15.066599741460088,0
TX000539,AC00183,train,-0.10173941452436885,0,-0.23916560250097674,0,-3.9425942673907697,0,-101.0209215477211,0,0.0,0,0.19256492361150532,0,1.6120219143207914,0,-8.49621068133541,0
TX000540,AC00407,train,-0.10407896583581455,0,-0.24679281442990597,0,-3.3070937017031765,0,-99.95414068385047,0,0.0,0,0.16801824837203622,0,1.5786792717672147,0,-8.902058933728014,0
TX000541,AC00093,train,-0.07591377257936277,0,-0.27081258711499634,0,-1.3132240558196395,0,45.642006524044135,1,0.0,0,0.3440312305045367,0,1.5758055606303083,0,-12.370360552745131,0
TX000542,AC00314,train,-0.05570969807458037,0,-0.20171023944864075,0,-3.101177112618786,0,-94.41490881004381,0,0.0,0,0.2865094268394743,0,2.2204679480371774,0,-7.09961373552537,0
TX000543,AC00467,train,-0.050505005822686855,0,-0.22456711615422753,0,-2.3731532035124276,0,-95.31566281536615,0,5.960464477539063e-08,0,0.20353033737866355,0,2.1829468112591157,0,-6.466964422500306,0
TX000544,AC00316,train,-0.044503380565820316,0,-0.22375948155161063,0,-1.9481994075474125,0,-6.649108210051011,0,0.0,0,0.40424160869768705,0,2.1086066347151418,0,-0.5923117193164241,0
TX000545,AC00145,val,-0.10193983365841874,0,-0.21656378468034276,0,-2.736116760313762,0,-86.2676632890105,0,0.0,0,0.3165355632793984,0,1.769255729928376,0,-2.2260760568244344,0
TX000546,AC00045,train,-0.018313434618802193,0,-0.19731239015308422,0,-2.4532092080163936,0,-75.80336444117779,0,0.0,0,0.34171703951238913,0,2.038593420461141,0,-11.645883749511576,0
TX000547,AC00005,train,-0.10840251305436244,0,-0.21796811255963644,0,-3.5158817854777036,0,-94.76331755071789,0,0.0,0,0.23527624431083752,0,1.693150061075669,0,-7.784696378033737,0
TX000548,AC00456,train,-4.033746674059202e-05,0,-0.2172415258816569,0,3.070288781792385e-05,1,-27.142127359138172,0,2.4162601827996095,0,0.5518724862813866,1,2.568931042347719,0,4.0579539850805,0
TX000549,AC00041,train,-0.037796553411864164,0,-0.141586712207888,0,-0.09291723163562349,0,-19.123212851363704,0,1.1920928955078125e-07,0,0.41629913164741067,0,2.877825826815794,0,-10.496918582130693,0
TX000550,AC00257,train,-0.0597995519688741,0,-0.14711595140573785,0,-0.9518150639920462,0,-89.51704827089324,0,0.0,0,0.3384599147401267,0,2.599144678244657,0,-5.05326856052666,0
TX000551,AC00356,train,-0.09179440661539379,0,-0.2450068251069646,0,-3.514802923945717,0,-99.85518546817448,0,0.0,0,0.13959563690800034,0,1.602258458467907,0,-15.77790445529263,0
TX000552,AC00465,train,-0.043072760629102924,0,-0.2452122109040411,0,-1.1475627613044486,0,-24.679840114952157,0,2.145286880704563,0,0.4962821261024749,1,2.1899646534595534,0,0.4743282837752871,0
TX000553,AC00158,train,-0.10517016455946943,0,-0.23826541235392207,0,-3.369286817837291,0,-99.52399420158854,0,0.0,0,0.1904142228132884,0,1.4301896673311254,0,-8.905992949741442,0
TX000554,AC00086,train,-0.1218530413507744,0,-0.22900989691011153,0,-4.147807052246146,0,-97.27117091962155,0,0.0,0,0.2025618923405225,0,1.4686160577768457,0,-7.835378483362152,0
TX000555,AC00322,train,-0.11485598623015375,0,-0.21987454493735936,0,-3.73299577267037,0,-97.00164799856067,0,0.0,0,0.10460296749494652,0,1.92912417358759,0,-8.999357764702921,0
TX000556,AC00433,train,-0.0022455498292224263,0,-0.1748798197152801,0,-0.6066539608486297,0,-56.11230872530738,0,0.0,0,0.36819747598178454,0,2.653879445712686,0,1.9526443727154104,0
TX000557,AC00083,train,-0.031716239381642475,0,-0.08511138984045119,0,-0.9596560459584538,0,-77.62018421335927,0,0.0,0,0.43327461448911675,0,2.4337935857378183,0,-1.9626164015775447,0
TX000558,AC00402,train,-0.124085379692359,0,-0.23824127937451944,0,-3.7048100026516204,0,-95.07014559721812,0,0.0,0,0.172823433233346,0,1.7853009052608286,0,-6.894345681752346,0
TX000559,AC00317,train,-0.10719233106754983,0,-0.2338583550472555,0,-3.6083789355901166,0,-99.69564142593578,0,0.0,0,0.09867908933177108,0,1.7616152074943765,0,-8.166198842569933,0
TX000560,AC00030,train,-0.015401386896518487,0,-0.13863887067145142,0,-1.2104973404937498,0,-87.91918551473286,0,0.0,0,0.3949886711558153,0,2.478387872010825,0,-10.613115549867228,0
TX000561,AC00114,train,0.011713167336043218,1,-0.04841079279252303,0,-0.00018504143751219004,0,-87.28518034080213,0,0.0,0,0.42067436096466504,0,3.000650695439573,0,-7.500275921078403,0
TX000562,AC00301,train,-0.10230428800785457,0,-0.1961079597228892,0,-2.2761177572522557,0,-91.65613808573707,0,0.0,0,0.2128771768256609,0,1.754967954399565,0,-6.022337886326328,0
TX000563,AC00216,train,-0.09695174113709643,0,-0.22267949682026877,0,-2.4861035203123754,0,-94.49147300177304,0,4.2146848510894035e-08,0,0.19328670831734698,0,2.313364309485275,0,-6.743618252702522,0
TX000564,AC00223,train,-0.06535941414953284,0,-0.1576726919935465,0,-0.7714356949052767,0,-90.82950851051811,0,5.960464477539063e-08,0,0.35338128114465805,0,2.3163803589416196,0,-4.874384672440379,0
TX000565,AC00413,train,-0.034488069481044326,0,-0.13315287722672453,0,-0.9330215037606591,0,-26.066959775809806,0,2.3174682773434436,0,0.48879591644793635,1,2.798469796347674,0,-0.40861359572594,0
TX000566,AC00086,val,-0.02241283883520162,0,-0.12545590016502595,0,-2.1987800379370706,0,-92.01959752265256,0,0.0,0,0.36169125491388004,0,2.4396618299315964,0,-5.980304141948742,0
TX000567,AC00216,train,-0.12337997637838588,0,-0.20422664688317327,0,-2.716295510594768,0,-76.02055014367592,0,0.0,0,0.33612872541744404,0,2.033382122336173,0,-2.6301115417175924,0
TX000568,AC00240,val,-0.02324243816664484,0,-0.04216944701504999,0,-0.9500200344832512,0,-93.69542499360617,0,0.0,0,0.3638473002733439,0,2.3692305512341423,0,-9.229212814314332,0
TX000569,AC00298,val,-0.043224150018013274,0,-0.12538225819487847,0,-1.212122851239612,0,-92.89984913088982,0,0.0,0,0.3113527440694147,0,2.508828996888448,0,-10.259710033086932,0
TX000570,AC00460,train,-0.04772738786479169,0,-0.1880942970750512,0,-0.7826428399419196,0,-94.71422239793154,0,0.0,0,0.29577735978854375,0,2.6282408126961982,0,-10.456211257822224,0
TX000571,AC00424,train,-0.08382302856027951,0,-0.219294926449072,0,-3.2785697667276894,0,-95.89783824747137,0,0.0,0,0.18119157175390702,0,1.7871584589999325,0,-8.063346834274062,0
TX000572,AC00434,train,-0.04004692482343375,0,-0.05807022506644621,0,-8.06042392822448e-05,0,-87.54215126350489,0,0.0,0,0.39261678501875114,0,2.931375052937504,0,-11.092143159271306,0
TX000573,AC00471,val,-0.06268579350807924,0,-0.1861619984514038,0,-2.6954452055946776,0,-96.22219234346699,0,0.0,0,0.18152147754263084,0,2.2223357922027076,0,-6.989233103697636,0
TX000574,AC00461,train,-0.06770641655415105,0,-0.20434227213379175,0,-2.480141917799007,0,-95.74408193708508,0,4.2146848510894035e-08,0,0.22381021012366692,0,2.342248466259976,0,-11.470975861444922,0
TX000575,AC00188,train,-0.05261082122325289,0,-0.1460633822582078,0,-1.9239422495014145,0,-91.88131933426493,0,0.0,0,0.3435717425379888,0,1.9840653528955885,0,-4.256814359447328,0
TX000576,AC00013,train,-0.0995432210216452,0,-0.2549061941006827,0,-3.8612070245618986,0,-102.6247491251608,0,0.0,0,0.021614468846519377,0,1.5957810263000833,0,-15.526163607335898,0
TX000577,AC00345,train,-0.08517434973575044,0,-0.056375583373094784,0,-0.8360986888917212,0,-75.24436999760587,0,0.0,0,0.40704791897691706,0,2.854005239798861,0,-2.050693875355421,0
TX000578,AC00013,train,-0.13042148380176455,0,-0.26618842873487636,0,-4.664870986953086,0,-96.70606445665183,0,0.0,0,0.09467706538410547,0,1.5549689158857918,0,-9.811486466006007,0
TX000579,AC00296,train,-0.09319427718901474,0,-0.2271784154467824,0,-3.0300307961908652,0,-97.82153522853457,0,0.0,0,0.2490878718194071,0,2.1299392248334432,0,-15.064684666990365,0
TX000580,AC00192,train,-0.07439722895905615,0,-0.20383759779589816,0,-1.892632814616916,0,-97.17334892784137,0,0.0,0,0.22347586507649958,0,2.3021589576431984,0,-13.050331655455677,0
TX000581,AC00378,train,-0.08590478128469581,0,-0.153714032602982,0,-1.8980875679997178,0,-94.51767372613836,0,0.0,0,0.3143133224822428,0,2.4902208574094002,0,-3.0836884135682316,0
TX000582,AC00205,val,-0.03291989841047671,0,-0.06743814218135213,0,-1.532836048185275,0,-83.23777941506192,0,0.0,0,0.3862647064294154,0,2.4131048324137585,0,-2.1513570456704065,0
TX000583,AC00475,val,-0.10734019737258588,0,-0.24946306551469377,0,-4.008940671985775,0,-102.54093748329626,0,0.0,0,0.139639776842563,0,1.8707125007245036,0,-14.938025505680518,0
TX000584,AC00022,train,-0.05108680318450881,0,-0.19270731842674338,0,-2.1566382739394845,0,-95.2166855916418,0,0.0,0,0.2547695613983204,0,2.234834641173295,0,-11.858440958216562,0
TX000585,AC00150,train,-0.04777435042249173,0,-0.1751345966152591,0,-3.9141330491699486,0,-73.51030678429615,0,0.0,0,0.32654176176084854,0,2.140778678609081,0,-3.583828390479365,0
TX000586,AC00362,train,-0.06472862749389685,0,-0.1181893125333664,0,-1.1293181052060088,0,-85.15561966393159,0,0.0,0,0.417023303855486,0,2.809934110387051,0,-4.122807874832971,0
TX000587,AC00170,train,-0.09395291071844386,0,-0.2306737002816499,0,-4.5111065493299725,0,-101.4288516832962,0,0.0,0,0.12225353204919394,0,2.007296897990936,0,-14.099922665399871,0
TX000588,AC00429,train,-0.06207090240156288,0,-0.20073421684517512,0,-1.167507806258425,0,-86.172098543247,0,0.0,0,0.31816066088713923,0,2.331685053334102,0,-4.314953482439449,0
TX000589,AC00418,train,0.03064128511965225,1,0.036471250939702715,1,1.9328367204739756,1,-5.076140800126851,0,3.608885498450646,1,0.6802751690661879,1,4.045675776553477,1,14.943228739617602,1
TX000590,AC00144,train,-0.09172450378330299,0,-0.1723755606480224,0,-2.2126161649033422,0,-98.20881380420218,0,0.0,0,0.3253553082900704,0,2.4286926672236584,0,-12.931501357813676,0
TX000591,AC00449,train,-0.058297480248285516,0,-0.13568232552939175,0,-0.6528250529065618,0,-81.23460933999617,0,0.0,0,0.40100517036758976,0,2.3826548047396194,0,-4.008653978558617,0
TX000592,AC00057,train,-0.03469685174047632,0,-0.09429340516642282,0,-0.7321721738914686,0,-91.3183926042532,0,0.0,0,0.3806546488991721,0,2.535898298650613,0,-9.633835450520944,0
TX000593,AC00426,train,-0.08154821940680484,0,-0.23776268225963126,0,-3.502891120114385,0,-99.85742615877855,0,0.0,0,0.25198352811816166,0,1.7343022129496246,0,-15.253903989726856,0
TX000594,AC00039,train,-0.016009771780844506,0,0.2438281338546633,1,-0.00043318140999826227,0,-46.860714994501464,0,3.3402380521060477,1,0.6365459178365653,1,4.1524874006058745,1,3.0568428810438193,0
TX000595,AC00051,train,-0.039721386353138266,0,-0.2504309819886541,0,-1.1532882048062811,0,-29.701394803762525,0,8.429369702178807e-08,0,0.01375734877249769,0,2.34556145402808,0,6.022127626214999,1
TX000596,AC00471,train,-0.10065596873382587,0,-0.19587712248591638,0,-2.9104369963826615,0,-98.13285078385448,0,0.0,0,0.23555961936053535,0,1.7558125031997291,0,-8.288979057869724,0
TX000597,AC00039,val,-0.06569015800877809,0,-0.13244931002100047,0,-1.8449800259249747,0,-96.07758649879915,0,0.0,0,0.3163654153357522,0,2.306238704490373,0,-3.1848176062192692,0
TX000598,AC00274,train,-0.09913879271963905,0,-0.07723319823541286,0,-1.1856042721721982,0,-86.07794748990284,0,0.0,0,0.36685374617461136,0,2.936049137826237,0,-4.447259864847971,0
TX000599,AC00095,train,-0.05473688759656803,0,-0.21246305256487497,0,-3.4946075481376253,0,-99.1421770466698,0,0.0,0,0.1825667296403847,0,1.8460634366358355,0,-11.490032184367358,0
TX000600,AC00211,val,-0.09971168590641888,0,-0.24046533814041604,0,-2.684176515160142,0,-98.99912331869632,0,0.0,0,0.06335797859261504,0,1.6346051780133326,0,-13.596682349673868,0
TX000601,AC00184,train,-0.1126257830919919,0,-0.2575284664557127,0,-3.7261959877947755,0,-100.3051824730523,0,0.0,0,0.12204332090048028,0,2.0590860979080747,0,-8.82204434218343,0
TX000602,AC00436,val,-0.11017726190906435,0,-0.22631948271078195,0,-2.6298994791372037,0,-95.70895536964952,0,0.0,0,0.16052012910964225,0,1.7612174317470954,0,-7.828394247116563,0
TX000603,AC00107,val,-0.13540662219672073,0,-0.2300335809309455,0,-3.819796794243083,0,-76.95561140562347,0,5.960464477539063e-08,0,0.3021715374299276,0,1.483972916749337,0,-4.417798157482371,0
TX000604,AC00203,train,-0.08790977718494108,0,-0.22564012958770197,0,-1.6832616303607386,0,-81.32698338970168,0,0.0,0,0.2337336093498703,0,2.0902692976555413,0,-13.052140128400918,0
TX000605,AC00398,train,-0.10294652226914347,0,-0.25410981521260834,0,-4.82133369185478,0,-103.60940244929965,0,0.0,0,0.0,0,1.411018382916271,0,-15.358244981438,0
TX000606,AC00312,val,0.0001377877994035437,1,0.027481297113735925,1,-0.13563890060172312,0,-79.75053210677692,0,0.0,0,0.4066567623095339,0,2.8919627824119196,0,-5.842883329991998,0
TX000607,AC00225,train,-0.06322171357394168,0,-0.206223531723158,0,-1.1169001027156948,0,-93.22134715300234,0,0.0,0,0.2363880949701762,0,2.36638820173084,0,-12.366297212071292,0
TX000608,AC00150,train,0.01799727889839775,1,-0.23506643710787833,0,-0.22863492628167137,0,-27.06826481302663,0,2.3493798558368333,0,0.5271680347848544,1,2.464008420974396,0,5.229279985454893,1
TX000609,AC00413,train,-0.09440364608918717,0,-0.19179521276756262,0,-1.7533747383017184,0,-94.46581354912291,0,0.0,0,0.3000678428382277,0,2.0615867075755236,0,-5.946914118962403,0
TX000610,AC00479,train,-0.13015790648622566,0,-0.22250385739498157,0,-3.2335541424121734,0,-93.24953820413194,0,0.0,0,0.18725177504079263,0,1.5465455651243343,0,-7.82444820660148,0
TX000611,AC00078,val,-0.06288627875905373,0,-0.23785180705495423,0,-3.3953531579202485,0,-98.87666674112417,0,0.0,0,0.15003687790798326,0,1.5222504732513547,0,-12.978732746024264,0
TX000612,AC00242,train,-0.08848227333754777,0,-0.2414518604466005,0,-3.8221961921545846,0,-98.72531364066037,0,0.0,0,0.0,0,1.9107751050120017,0,-8.823321706351805,0
TX000613,AC00149,train,-0.101395954395612,0,-0.24799728118612696,0,-3.727542309319854,0,-97.15284552417592,0,0.0,0,0.10125761387718055,0,1.6945525125680967,0,-8.063612265943712,0
TX000614,AC00084,train,-0.008768251754238232,0,-0.015124445615803284,0,-0.00046281159300232133,0,-73.36469233734562,0,0.0,0,0.4278393765572931,0,2.9075760204541683,0,-5.915714906227961,0
TX000615,AC00466,train,0.07066017557167437,1,-0.12848888585857132,0,0.28039711540980417,1,112.0907095993823,1,2.1441201811520383,0,0.531736337340775,1,3.2202178616268062,1,5.968128522006706,1
TX000616,AC00359,train,-0.06904560873018811,0,-0.21774367247426052,0,-2.3927485886369864,0,-97.21517666309384,0,4.2146848510894035e-08,0,0.1807593181772761,0,2.0886209192213334,0,-6.53787589122563,0
TX000617,AC00023,train,-0.08365691160836375,0,-0.24277657639464,0,-4.608914055965314,0,-96.21026371813798,0,0.0,0,0.22085669564537533,0,1.6216306481260212,0,-6.878547437920553,0
TX000618,AC00366,val,-0.0791480204187281,0,-0.13315112407032648,0,-1.3420718558121072,0,-89.41871561725893,0,0.0,0,0.37016124467965594,0,2.0819452241065393,0,-4.628143298373101,0
TX000619,AC00170,train,-0.1284604901683939,0,-0.2736154208520204,0,-4.959148576961447,0,-103.39873667920558,0,0.0,0,0.0,0,1.2278805379486433,0,-15.852157645147381,0
TX000620,AC00130,train,-0.05207490549931748,0,0.1276166956609226,1,0.00019524579557828048,1,-82.08689357011781,0,0.0,0,0.492815354845987,1,3.1520685238296906,0,1.503536682959567,0
TX000621,AC00183,val,-0.08683932651627574,0,-0.2487876137498929,0,-3.5448680331873854,0,-99.07789764692957,0,0.0,0,0.16764292857402868,0,1.6794367342321046,0,-13.170698063697296,0
TX000622,AC00219,val,-0.06866077360314393,0,-0.21109381223769796,0,-3.1332573438058384,0,-99.09132431083304,0,0.0,0,0.18514270680296677,0,2.0420249000764406,0,-12.991735640808551,0
TX000623,AC00354,train,-0.0041219424203366994,0,-0.14390449766852909,0,-1.6999894046851454,0,-69.45040773043755,0,0.0,0,0.3681142706154241,0,2.527288646213827,0,7.137373251678253,1
TX000624,AC00290,train,-0.02651232655232938,0,-0.19334390795286227,0,-1.3364290834445134,0,-59.83613233701936,0,8.429369702178807e-08,0,0.3829002555310983,0,2.6175920846367062,0,-12.425000451097429,0
TX000625,AC00425,train,-0.09027476330257306,0,-0.19373142205540672,0,-1.9100290882327497,0,-95.66681525690814,0,4.2146848510894035e-08,0,0.15285782813842483,0,1.9640110897250809,0,-5.469361963837682,0
TX000626,AC00370,train,-0.00010974549480557982,0,-0.005504051202116056,0,-0.2745629267046823,0,-89.13825194507119,0,0.0,0,0.3560132372947174,0,2.6754968029324497,0,-6.2819199702253465,0
TX000627,AC00454,train,-0.039488686108406834,0,-0.136114347874992,0,-0.42227471808790895,0,-2.936440836613997,0,1.5566206243469867,0,0.513271673814549,1,2.6236074436189987,0,-11.312266928181915,0
TX000628,AC00403,train,-0.07009458372792748,0,-0.2252285994707155,0,-2.774636726717694,0,-98.88643883830181,0,0.0,0,0.13934661989318833,0,1.955602778015686,0,-13.118336732430484,0
TX000629,AC00358,train,-0.04128821047057685,0,-0.05518790228557924,0,-0.39390366421381096,0,-85.75791807193815,0,5.960464477539063e-08,0,0.4045472692673646,0,3.007777533673025,0,-1.7806552856585085,0
TX000630,AC00296,train,-0.0010680424953052325,0,-0.014145900949250167,0,-0.36242939533452745,0,-89.05839361712248,0,0.0,0,0.39637587055915197,0,2.8100168106091528,0,-3.36795437450562,0
TX000631,AC00393,train,-0.049942353382946114,0,-0.23397658677791822,0,-3.400728285196112,0,-97.35545190391177,0,0.0,0,0.16763168210288623,0,1.8244342943694405,0,-13.842170286818687,0
TX000632,AC00223,train,-0.051184794707649695,0,-0.04707882075048686,0,-1.1238743616209117,0,-83.95476900463073,0,0.0,0,0.43650266053575654,0,2.5723868184284764,0,-8.260442590725928,0
TX000633,AC00487,val,-0.09310931293818164,0,-0.22319037254714935,0,-2.3605233089835016,0,-96.84130732274086,0,0.0,0,0.029750209570642366,0,1.9739948331215278,0,-14.945791295702666,0
TX000634,AC00215,train,-0.09442870009700893,0,-0.18385506509237204,0,-2.5017143035321565,0,-95.13771974406814,0,0.0,0,0.24252235468095262,0,1.7955804400790807,0,-5.8969867555591975,0
TX000635,AC00275,train,-0.11072495558905027,0,-0.24469793184337185,0,-2.9789287381768377,0,-100.92287068985756,0,2.9802322387695312e-08,0,0.1519818983601638,0,1.506515773661408,0,-9.545636338434244,0
TX000636,AC00482,train,-0.08984554379177029,0,-0.23542894952908755,0,-3.066501530672997,0,-98.84158407055602,0,0.0,0,0.17862365111026318,0,1.9527085564651203,0,-3.7167131730947363,0
TX000637,AC00357,train,-0.14581585443015255,0,-0.27817820053515085,0,-4.1524783782451005,0,-100.50729025009,0,0.0,0,0.05273256318985806,0,1.441957004661257,0,-9.64382349423749,0
TX000638,AC00026,train,-0.05953952177313604,0,-0.20354650175587286,0,-1.9303122614282868,0,-93.83501625445253,0,0.0,0,0.2584189526654028,0,1.9821333866827338,0,-12.588254566805924,0
TX000639,AC00416,train,-0.08717271042417513,0,-0.13809315727589855,0,-1.8270158468986724,0,-93.12087106605668,0,4.2146848510894035e-08,0,0.3214813052735629,0,2.5451294263010635,0,-2.7878189212467555,0
TX000640,AC00058,train,-0.07877592265327715,0,-0.2089910326533888,0,-1.8199405841509853,0,-51.557963898893355,0,0.0,0,0.3878232893039499,0,2.359392906615932,0,-0.6668203111833071,0
TX000641,AC00170,train,-0.07467242279419012,0,-0.2493500943233904,0,-3.3803794205292244,0,-100.69911191591427,0,5.960464477539063e-08,0,0.061218900409390924,0,1.5223441502128547,0,-15.092912852231464,0
TX000642,AC00262,train,-0.06980224512935695,0,-0.23172878362843208,0,-3.1130177965459405,0,-99.9095043956129,0,0.0,0,0.05813094075182118,0,1.6974273255535983,0,-13.59766608391512,0
TX000643,AC00032,train,-0.045172557105169486,0,-0.22303354125387442,0,-2.76843709556731,0,-95.59450688377726,0,0.0,0,0.2028663065940551,0,1.996791053360779,0,-11.179542910256785,0
TX000644,AC00131,train,-0.08488769046758277,0,-0.23376858142979562,0,-3.722300438989227,0,-100.26033029950275,0,0.0,0,0.1251806443128836,0,2.093914469841159,0,-12.681670530479337,0
TX000645,AC00176,train,-0.07863723861786887,0,-0.231086784313969,0,-2.427520527615221,0,-84.87956554276691,0,0.0,0,0.25184533705135603,0,1.9062170236679101,0,-12.697414074707277,0
TX000646,AC00139,train,-0.055405393222509314,0,-0.1593323711772634,0,-2.062300538355646,0,-89.28082524725696,0,0.0,0,0.3306325275065632,0,2.3385891795154965,0,-5.543247606217759,0
TX000647,AC00056,train,-0.06218548039949101,0,-0.2094815350662902,0,-3.0598597476874234,0,-95.22683293680929,0,0.0,0,0.13493155792505615,0,2.1529023366751026,0,-6.4303902245123865,0
TX000648,AC00276,val,-0.10861681865331524,0,-0.2398390921448721,0,-4.1956442607138245,0,-101.05064862590358,0,0.0,0,0.12606146277982147,0,1.4226802517114094,0,-9.725611174102072,0
TX000649,AC00447,train,-0.09149877323277517,0,-0.15615568653581202,0,-1.7529145804054602,0,-80.53094819961724,0,0.0,0,0.34146750728190234,0,2.554183101648896,0,-5.1115534195978185,0
TX000650,AC00143,val,-0.09251280388768734,0,-0.23926524962368734,0,-3.4116714085725492,0,-100.31420571306657,0,0.0,0,0.1754988972917266,0,1.9847019219596786,0,-13.507899396073688,0
TX000651,AC00139,train,-0.14408610465801108,0,-0.2503561105931027,0,-3.3673386369306817,0,-98.87322234099787,0,0.0,0,0.1453114601666134,0,1.7284241233601099,0,-9.631389610573898,0
TX000652,AC00208,train,0.0066712819855977434,1,-0.2170486394818234,0,-1.237811160717226,0,56.53079291945578,1,0.0,0,0.4002093032241137,0,1.9592761132887095,0,0.0018005397941736057,0
TX000653,AC00426,train,-0.09415729091746289,0,-0.2270689887874464,0,-3.8407234335187033,0,-99.43922905473109,0,0.0,0,0.12657241184432694,0,1.9953400766623477,0,-8.384594887341676,0
TX000654,AC00423,train,-0.020952183310044115,0,-0.027385786876420015,0,-0.4942918794908806,0,-67.4980845396137,0,0.0,0,0.4455218583287685,0,2.8212290195784027,0,3.3390648295495162,0
TX000655,AC00381,val,-0.09466292394422432,0,-0.21799162403881822,0,-3.192928598659674,0,-99.61156224983603,0,0.0,0,0.18280305698163224,0,2.1720867719868706,0,-12.395109684564535,0
TX000656,AC00458,train,-0.08594287827171915,0,-0.24429277636664193,0,-4.167407024610605,0,-101.11609496783747,0,4.2146848510894035e-08,0,0.067340405482196,0,1.6534167588640325,0,-9.090873012849242,0
TX000657,AC00014,train,-0.017978093967406683,0,-0.0337974412910107,0,-0.6386935250332257,0,-91.66888389839784,0,0.0,0,0.4115412343725553,0,2.355716531287167,0,-4.426994157281153,0
TX000658,AC00071,val,-0.09676059588753316,0,-0.2530373709283553,0,-2.346130090664176,0,-89.84200567175829,0,0.0,0,0.2160890230634312,0,1.7199469653426396,0,-13.098531919997447,0
TX000659,AC00054,train,-0.10165075422103009,0,-0.22810138809751157,0,-2.931995090591445,0,-93.85306022006125,0,0.0,0,0.16891919038383235,0,1.9353562003846048,0,-8.008668929797954,0
TX000660,AC00182,train,-0.09555431601683795,0,-0.24670212753950316,0,-3.1673557763011297,0,-101.22966026329043,0,0.0,0,0.08896260646763693,0,1.9136156823903423,0,-8.543695631331106,0
TX000661,AC00257,train,-0.07658229878654149,0,-0.17180397537861158,0,-2.181447813405966,0,-95.3509631140783,0,0.0,0,0.3189666254891738,0,2.371768070481826,0,-7.1391010794790954,0
TX000662,AC00006,train,-0.14467389336172776,0,-0.2642438693518645,0,-4.6759259226403165,0,-94.84488534564125,0,0.0,0,0.15572807197317162,0,1.5219511779325992,0,-9.959464574884839,0
TX000663,AC00424,val,-0.08301442281212412,0,-0.25914514563457725,0,-3.796938981925975,0,-100.19656733721794,0,0.0,0,0.14332560219453355,0,1.8950260516317299,0,-15.126123164103385,0
TX000664,AC00131,train,-0.03865144816769539,0,-0.08253318765592366,0,1.002309598331844,1,118.12634268490056,1,2.7237418461025116,1,0.5478000826914183,1,3.219664653052682,1,-6.886369398491473,0
TX000665,AC00133,train,-0.04726605369355058,0,-0.13894183175531594,0,-1.7588090152337967,0,-91.46095437203108,0,0.0,0,0.40307524693389984,0,2.7594581778261364,0,-10.655793410913363,0
TX000666,AC00393,train,-0.003137980843338384,0,-0.24893433901894857,0,-1.0628321848088174,0,-28.438477885125124,0,8.429369702178807e-08,0,0.467762889700743,1,1.983770526232878,0,7.246520783955397,1
TX000667,AC00361,train,-0.008776683109386285,0,0.001308602604001008,1,-0.6914449843036419,0,-82.47475229884262,0,0.0,0,0.4489358645414284,0,3.0261178567164224,0,6.4102588985179825,1
TX000668,AC00092,train,-0.05833600990022103,0,-0.19476050915136556,0,-2.22326266860894,0,-93.88390843062604,0,0.0,0,0.29563461239783667,0,1.9364616063252678,0,-5.848519299579083,0
TX000669,AC00049,train,-0.04281957621563681,0,0.02820484331146278,1,-0.3882360700293921,0,-83.3040522858094,0,0.0,0,0.4846940106941505,1,2.796202200752172,0,2.25921753449746,0
TX000670,AC00023,train,-0.02363519575335682,0,-0.1731511196724853,0,-3.5203381719917104e-05,0,-28.187223905755886,0,1.975697092480374,0,0.5733958188071729,1,3.0252781508062965,0,8.529635266000039,1
TX000671,AC00323,val,-0.11851721025365253,0,-0.20810515953219788,0,-2.3770089406334494,0,-97.63489477474879,0,0.0,0,0.23146804697602696,0,1.9916376583630415,0,-6.63037944910662,0
TX000672,AC00372,train,0.01789487558819758,1,-0.10781760194575041,0,-0.31177994584649493,0,-66.52469609235445,0,0.0,0,0.382258224210174,0,2.6687109360373533,0,13.444070907515027,1
TX000673,AC00497,train,-0.04959040114609298,0,-0.12206841947808322,0,-1.4205932937066406,0,-89.7170001241391,0,0.0,0,0.3541170304055612,0,2.54355597753126,0,-9.264918949209779,0
TX000674,AC00130,train,-0.027125124379010823,0,-0.18312104553700803,0,-2.3040667295083415,0,-93.77815414660071,0,0.0,0,0.2655542810967139,0,2.195475101043033,0,-10.679007936594035,0
TX000675,AC00034,train,-0.07954063767484992,0,-0.16853703035666112,0,-2.046037843330173,0,-95.74161480063768,0,0.0,0,0.19136677477726138,0,2.2384081762287353,0,-11.01915201509112,0
TX000676,AC00286,train,-0.07811433262275275,0,-0.22613095560619167,0,-2.6118753897590947,0,-97.55772386632592,0,0.0,0,0.029750209570642366,0,1.7658740331641714,0,-15.23899649596042,0
TX000677,AC00232,train,-0.10667573360528898,0,-0.19301691876189264,0,-3.500851440936807,0,-96.87036661006843,0,0.0,0,0.3291242271068859,0,2.432334932780455,0,-1.1773201257416124,0
TX000678,AC00182,train,-0.08094158327385104,0,0.009251073003258226,1,-2.473947286636066,0,-93.79435514214626,0,4.2146848510894035e-08,0,0.4121077708867326,0,2.4681052270723227,0,7.46377233811663,1
TX000679,AC00136,train,-0.12340412303062798,0,-0.2450155749855415,0,-3.3989158147143526,0,-99.68597870878327,0,0.0,0,0.1553923977771562,0,1.6007544870490231,0,-8.663466224162208,0
TX000680,AC00101,val,-0.008333419850085955,0,-0.11477900140409791,0,-0.9265165408986453,0,-87.78382701019817,0,0.0,0,0.3543461619522071,0,2.761466539309796,0,-6.951144067346457,0
TX000681,AC00328,train,-0.09966562416991265,0,-0.23044041660203907,0,-3.1895152725007696,0,-99.73991244817164,0,0.0,0,0.1711066215788359,0,1.5686155064853762,0,-8.283244893455654,0
TX000682,AC00356,train,-0.05961720387849723,0,-0.12318238705095408,0,-0.536161163677269,0,-89.31149247464518,0,0.0,0,0.36751306444791243,0,2.558490839177945,0,-3.380728771022045,0
TX000683,AC00312,train,-0.04872981159786949,0,-0.10481495310439759,0,-0.15791832581339094,0,-89.58431523142849,0,5.960464477539063e-08,0,0.40595630639561486,0,2.819363443171763,0,-11.566656705005887,0
TX000684,AC00242,train,-0.08372131090076235,0,-0.20826888982778047,0,-3.213188594096269,0,-91.42673220102523,0,4.2146848510894035e-08,0,0.25360419957701447,0,1.8103046690559512,0,-12.369470022675312,0
TX000685,AC00123,train,-0.08840901661633738,0,-0.24116345536092354,0,-3.6509525782664705,0,-100.3007744880898,0,0.0,0,0.13944614791100954,0,1.786667541404294,0,-13.7561653237624,0
TX000686,AC00071,train,0.006318919922465138,1,-0.17581460031987306,0,0.7921644556324887,1,46.52266153081793,1,2.609200839768151,0,0.5699457740123423,1,3.3849200942650204,1,4.995450597308043,1
TX000687,AC00370,train,-0.13234792217755775,0,-0.2560834442515535,0,-4.864741938627065,0,-95.69863844944271,0,0.0,0,0.14248036262616057,0,1.5676962813072481,0,-9.571634766440072,0
TX000688,AC00330,train,-0.07012349489483738,0,-0.24847619754446992,0,-3.2043230979952666,0,-99.41407070047794,0,0.0,0,0.18272389682964787,0,1.8123756038985188,0,-15.28160404831756,0
TX000689,AC00218,train,-0.10580441974015481,0,-0.2072741750947733,0,-2.5633085884708313,0,-93.80305543490584,0,0.0,0,0.23686674090459214,0,2.0905268836189412,0,-6.344762417708846,0
TX000690,AC00437,train,-0.07890193963396885,0,-0.20843475419026625,0,-2.826947802217947,0,-97.66984105762981,0,0.0,0,0.2301168932450692,0,2.050671714558933,0,-13.305580843867048,0
TX000691,AC00287,train,-0.08624570057882991,0,-0.23642141231947567,0,-2.8699718038402855,0,-95.28009213283812,0,0.0,0,0.19598083538270497,0,1.9673455499544625,0,-11.422288603790664,0
TX000692,AC00418,train,0.05736684681330517,1,-0.22167565829599956,0,-0.010150383829562237,0,35.322437078208466,1,2.37168681428238,0,0.5322200029876019,1,2.7972169657504278,0,9.347608834945383,1
TX000693,AC00465,train,-0.09693494547271231,0,-0.24935108923828542,0,-3.112285759886608,0,-101.10378767999873,0,0.0,0,0.06727144540433719,0,1.7646596565523642,0,-9.079353432030237,0
TX000694,AC00011,val,-0.03157208719029325,0,-0.2623754923651903,0,-0.5948377138885252,0,23.620670650699296,1,0.0,0,0.0,0,2.396475530962106,0,-2.164585897662355,0
TX000695,AC00432,train,-0.038824965778921805,0,-0.23656063723584064,0,-1.9038854170374782,0,2.320534283901452,1,1.1920928955078125e-07,0,0.3671242679982008,0,1.7472729023399374,0,-13.679214633589039,0
TX000696,AC00240,val,-0.012961049800317093,0,-0.15569025389958435,0,-0.31660116326872156,0,1.3743535236546762,1,1.1920928955078125e-07,0,0.5000627195369506,1,2.8992451465178273,0,0.10863641263587234,0
TX000697,AC00497,train,-0.09111356868343912,0,-0.1993653302965963,0,-2.672896096573166,0,-98.04052591191652,0,5.960464477539063e-08,0,0.2999226212970973,0,2.412743624969643,0,-12.057904553074504,0
TX000698,AC00026,train,-0.11236790780748024,0,-0.22494900351742975,0,-2.408846143848499,0,-93.07047214598236,0,0.0,0,0.1678485941123138,0,1.8483102301825094,0,-8.003211548595706,0
TX000699,AC00277,train,-0.13150615578721692,0,-0.2372635373387606,0,-3.216663466119253,0,-97.81231938946038,0,2.9802322387695312e-08,0,0.15934370351929153,0,1.8095187925033693,0,-8.796949728172791,0
TX000700,AC00116,train,-0.09410851085731031,0,-0.22902472085686143,0,-2.3554253235386033,0,-98.77482495021346,0,0.0,0,0.08084435011478075,0,1.8655006713759474,0,-13.71279833484093,0
TX000701,AC00367,val,-0.09363876625690876,0,-0.23306217052304978,0,-3.411022033096681,0,-96.06209753920002,0,0.0,0,0.23428026733408208,0,1.6514278072870499,0,-14.366757889323267,0
TX000702,AC00030,train,-0.07770083265888661,0,-0.22645358187704456,0,-3.3151196610914733,0,-99.71086647952215,0,0.0,0,0.09864625133009775,0,1.8494492845359234,0,-13.017324316177831,0
TX000703,AC00111,train,-0.10733426641010357,0,-0.20349908545820794,0,-2.2966793173667215,0,-91.39496599307085,0,0.0,0,0.2004881531665905,0,1.863213039332242,0,-7.114418575211217,0
TX000704,AC00220,train,-0.07813482406271632,0,-0.218990590878138,0,-3.553960989234306,0,-94.59964138503986,0,0.0,0,0.2694253740388819,0,2.1316408057178524,0,-12.151291561262799,0
TX000705,AC00295,train,-0.10617078823803838,0,-0.23319650148251592,0,-2.6588424246824465,0,-96.57546947222129,0,0.0,0,0.2090237030451139,0,1.8105543782858273,0,-6.977722707440082,0
TX000706,AC00137,val,-0.04922284113542891,0,-0.16462873768678943,0,-2.135984342424499,0,-94.49333859707568,0,0.0,0,0.2581447029634996,0,2.1348904183459423,0,-11.096681556777929,0
TX000707,AC00004,train,-0.024180305340416375,0,0.043738639204674135,1,-0.5292402671048961,0,-85.07824832558622,0,2.0642005701311787,0,0.5098598307086942,1,2.945554828287811,0,5.362174501227793,1
TX000708,AC00442,train,-0.11752297879097229,0,-0.2501231616804638,0,-4.762786108506529,0,-103.05303644659504,0,0.0,0,0.18628446088681444,0,1.6936962520048018,0,-15.372818546220342,0
TX000709,AC00201,train,-0.06215609955136886,0,-0.22821482861919162,0,-3.9848682886310156,0,-98.6226020508728,0,0.0,0,0.039961863805133904,0,1.5921203052459563,0,-11.586164006930469,0
TX000710,AC00462,train,-0.09610139868595302,0,-0.24385365561540162,0,-3.411808046343947,0,-101.22202552463479,0,4.2146848510894035e-08,0,0.25440885186780104,0,1.8425118629787072,0,-12.868134615700594,0
TX000711,AC00390,train,-0.07296398008856164,0,-0.17371137554188687,0,-2.275367890992597,0,-94.90039118125428,0,0.0,0,0.2510329702611068,0,2.3746891560674253,0,-11.239547228543234,0
TX000712,AC00297,train,-0.045788588123197416,0,-0.17592971747769526,0,-1.8487573859768878,0,-96.34522514803943,0,0.0,0,0.26433301968815937,0,2.221268857804069,0,-14.376566847214995,0
TX000713,AC00173,train,-0.06461987025064952,0,-0.18337224192287693,0,-1.8572628741508614,0,-89.15179727597251,0,0.0,0,0.30611129381909236,0,2.059706845480445,0,-5.182614788760314,0
TX000714,AC00382,train,-0.0992969609791543,0,-0.23035366662811407,0,-4.072066165724752,0,-101.11013904453316,0,0.0,0,0.16551005569588628,0,1.938646337185299,0,-14.762180210939125,0
TX000715,AC00175,train,-0.04222919608889253,0,-0.0814374349025726,0,-0.627907735738555,0,-72.72206994280978,0,5.960464477539063e-08,0,0.4203168928070146,0,2.698231414997359,0,-7.224548886004403,0
TX000716,AC00035,train,-0.04546015072202114,0,-0.16548530316007626,0,-2.053991903265687,0,-93.8648639582917,0,0.0,0,0.29563461239783667,0,2.387477825260572,0,-5.5389217600734675,0
TX000717,AC00219,train,-0.045551699380049715,0,-0.18331099453882116,0,-1.842523266647567,0,-94.13993565065802,0,4.2146848510894035e-08,0,0.29263834573700576,0,2.2766874596661615,0,-4.686409668809369,0
TX000718,AC00416,train,-0.10328444068499681,0,-0.23568173906736445,0,-3.64855251342052,0,-99.0404794689711,0,4.2146848510894035e-08,0,0.12856059827098962,0,1.5186335540139446,0,-8.73101188558778,0
TX000719,AC00467,train,-0.04988814111402107,0,0.06840010539576236,1,0.00014803908438665303,1,-82.6770809839363,0,0.0,0,0.49486884877505244,1,3.232124645382272,1,-8.929935831468663,0
TX000720,AC00465,train,-0.08336797319059686,0,-0.16617247003513924,0,-1.4392110023314695,0,-88.62939894646092,0,0.0,0,0.17744919204593976,0,2.3290931486440063,0,-4.608066504217548,0
TX000721,AC00102,train,-0.09616816080268165,0,-0.24576290932294176,0,-2.7467902806604547,0,-89.40663081862445,0,0.0,0,0.19090319532496414,0,1.6425506808260442,0,-13.701808910738004,0
TX000722,AC00119,train,-0.11121320238908472,0,-0.22512003388065294,0,-2.748577997224957,0,-98.75665311397617,0,0.0,0,0.06499106528524633,0,2.0098228403157767,0,-8.020914429325241,0
TX000723,AC00418,train,-0.06783286853987813,0,-0.23534064092246765,0,-3.88373976508156,0,-98.96433527316862,0,0.0,0,0.15155897417821007,0,1.6904730573777311,0,-12.630992362317457,0
TX000724,AC00237,train,-0.0924739694737291,0,-0.16117419450897774,0,-1.1789908458657985,0,-92.11236759176886,0,0.0,0,0.290135374220198,0,2.391804354955152,0,-5.432017617799514,0
TX000725,AC00279,train,-0.0818476794817905,0,-0.23250512295326242,0,-3.455527577027266,0,-100.62377376448028,0,4.2146848510894035e-08,0,0.07867322795664058,0,1.6536595663125038,0,-15.746245966474506,0
TX000726,AC00067,train,-0.02589507382334355,0,-0.2385976292836678,0,-1.2179759398666272,0,-21.75555841038195,0,0.0,0,0.3395344609799316,0,2.227035357523652,0,-0.8510074092046422,0
TX000727,AC00043,train,-0.10492421187104267,0,-0.18760167711355225,0,-1.1797379481487775,0,-93.2153040427775,0,0.0,0,0.24631208018121087,0,2.158153974533758,0,-5.43279214551703,0
TX000728,AC00012,val,-0.12355289726658125,0,-0.25914819232785213,0,-2.756634623577253,0,-101.48291769379472,0,0.0,0,0.11465587854991663,0,1.6945345433736765,0,-9.318780431309904,0
TX000729,AC00244,train,-0.10182534872748777,0,-0.25538261780566895,0,-2.937365353161735,0,-98.5364686392579,0,0.0,0,0.1563041102447828,0,1.69680187727869,0,-7.086138029495427,0
TX000730,AC00395,val,-0.0346871967870126,0,-0.1984265127495266,0,-2.872577095246986,0,-96.8350292765079,0,0.0,0,0.24586927402268025,0,2.1916653960211225,0,-13.267666415934183,0
TX000731,AC00253,train,-0.06961115835423509,0,-0.22814111488543998,0,-1.1987115898628806,0,29.0937533921459,1,0.0,0,0.4304870440155467,0,1.983863779591084,0,-0.2126226555136231,0
TX000732,AC00394,train,-0.08651863116759101,0,-0.2030492279313203,0,-4.075761549477382,0,-93.78431641812954,0,0.0,0,0.28270624270679573,0,2.3056647369420196,0,-0.28052482081417823,0
TX000733,AC00457,train,-0.10180805483999666,0,-0.19111405984059693,0,-3.244118666193418,0,-96.30028528104201,0,0.0,0,0.22258051708457013,0,1.873207484035062,0,-12.293174324978096,0
TX000734,AC00046,train,-0.07939191719483185,0,-0.22222482203973604,0,-2.456613614102607,0,-99.50872398136303,0,0.0,0,0.2224469517815537,0,1.8919387491738686,0,-12.898509990186751,0
TX000735,AC00011,train,-0.1226851877724518,0,-0.27039030845171663,0,-3.9777844498548793,0,-103.52388016126486,0,0.0,0,0.025672796180289635,0,1.0398353482454814,0,-17.165930699114433,0
TX000736,AC00045,train,-0.09311045624278946,0,-0.18679087375760917,0,-1.6067218492701096,0,-92.93174979798798,0,4.2146848510894035e-08,0,0.25423928075300883,0,2.4129512525516192,0,-6.762721412417335,0
TX000737,AC00181,train,-0.12235386543015608,0,-0.2612236793412446,0,-3.5512179540673676,0,-101.2611306023754,0,2.9802322387695312e-08,0,0.053785438234610725,0,1.896590737534669,0,-9.080390016050767,0
TX000738,AC00149,train,0.014026431712401921,1,-0.1605785256903165,0,-1.0425227200597247,0,-36.29158819030367,0,0.0,0,0.45423975890202295,0,2.900194435247125,0,-2.131691019541571,0
TX000739,AC00288,train,-0.08396219015997608,0,-0.12019527314764455,0,-1.8304354973636352,0,-92.34684713201574,0,0.0,0,0.34144413451670763,0,2.597361282453796,0,-0.5580787013025513,0
TX000740,AC00014,train,-0.09775367109328126,0,-0.2152955052469243,0,-2.744800211136895,0,-97.06143506141862,0,0.0,0,0.23230832767934456,0,1.8497488645564801,0,-6.988752920057227,0
TX000741,AC00153,train,-0.07164613411466292,0,-0.21062186821816575,0,-2.1842991922501414,0,-97.97518000508552,0,0.0,0,0.21120247027780245,0,2.0843360377969966,0,-12.909635066450921,0
TX000742,AC00164,val,-0.08043354460753666,0,-0.22345485139322308,0,-2.0721632578371105,0,-96.65625169380144,0,0.0,0,0.13998041682624543,0,1.9067830084295645,0,-12.051660613991018,0
TX000743,AC00159,val,-0.10541788543331881,0,-0.2554033659734989,0,-3.560948332975319,0,-99.91411086825424,0,4.2146848510894035e-08,0,0.04187021476504734,0,1.5381347040775593,0,-16.54898497495421,0
TX000744,AC00360,train,-0.09660311453142445,0,-0.24836667934792866,0,-3.9231887144684494,0,-102.40081386776747,0,4.2146848510894035e-08,0,0.12716109458875458,0,1.645086013052383,0,-14.948460925421319,0
TX000745,AC00326,train,-0.10433833577276819,0,-0.2104799610169883,0,-3.569282071617077,0,-100.28964953841928,0,0.0,0,0.1460956879259445,0,1.714033871451675,0,-13.854042839276234,0
TX000746,AC00110,train,-0.07368404741058199,0,-0.20433163533764653,0,-1.8807062324299677,0,-97.59843524729247,0,4.2146848510894035e-08,0,0.2246876879296486,0,1.9455770630755322,0,-12.688309564967724,0
TX000747,AC00110,train,-0.09638507635948024,0,-0.23327402193757574,0,-3.354891020740255,0,-100.63599035197811,0,0.0,0,0.19670266136392422,0,1.822959973411389,0,-13.569679513204262,0
TX000748,AC00257,train,-0.06943287296148487,0,-0.22308191895996643,0,-2.009936804198106,0,-93.62762357426433,0,0.0,0,0.23018019667526474,0,2.172587121353658,0,-6.6544061714031395,0
TX000749,AC00145,val,-0.11659327455715418,0,-0.2597125227695565,0,-3.9315028575424877,0,-102.0270341236018,0,0.0,0,0.06339926015305711,0,1.6164813206054083,0,-15.247219889028502,0
TX000750,AC00455,train,-0.09056054922813417,0,-0.19177848270934006,0,-2.1406985291047027,0,-97.15438168446327,0,0.0,0,0.3493446480525866,0,2.521681413319143,0,-12.53986390735946,0
TX000751,AC00282,train,-0.11708817306918357,0,-0.22478074143148263,0,-2.6766277492622903,0,-92.75882187421306,0,0.0,0,0.24448582268589933,0,1.67929690983851,0,-7.192170431807559,0
TX000752,AC00045,train,-0.022009144645016354,0,-0.12642751908574845,0,-2.1757544731921987,0,-93.57184309240603,0,5.960464477539063e-08,0,0.34551460259572125,0,2.365382509518875,0,-10.483156180739718,0
TX000753,AC00390,train,-0.12300055098732021,0,-0.2436612674601587,0,-3.8462125091209804,0,-100.51977519285361,0,0.0,0,0.07227646958637864,0,1.2561495682549635,0,-9.409075033676961,0
TX000754,AC00032,train,0.020393185471039854,1,-0.03285795027782279,0,0.9506199817238636,1,-28.409947774328828,0,1.7837881235660855,0,0.5453700134777199,1,3.744063914135971,1,5.976996445489901,1
TX000755,AC00153,train,0.004194453941982368,1,0.22482621712194706,1,1.5715241765369496,1,-52.66864320127453,0,3.5280359848256664,1,0.6615652873173349,1,4.454133895100928,1,4.902035041474708,1
TX000756,AC00460,val,0.018150213479980026,1,-0.02258005021365528,0,-0.2720127231181433,0,-68.1419667847776,0,0.0,0,0.4022145428418177,0,3.2555306620254205,1,3.033233580597856,0
TX000757,AC00154,val,-0.09793355976965512,0,-0.18665545363863,0,-1.8091221811254874,0,-93.45085371776716,0,0.0,0,0.35091844391257315,0,1.9768420289521946,0,-11.409322830105586,0
TX000758,AC00190,train,-0.07740419671962023,0,-0.18563907215173003,0,-3.4510407669941445,0,-94.91498575450537,0,0.0,0,0.2164117622766858,0,2.10073630371035,0,-8.769122663358505,0
TX000759,AC00156,train,-0.04692278807649597,0,-0.10774639471909375,0,-0.0004779598444386579,0,-93.19553640918286,0,0.0,0,0.3517988698926349,0,2.9173719690084927,0,-10.486030718365523,0
TX000760,AC00005,train,0.0036341967842628,1,-0.04064372909817959,0,-0.6722558478165794,0,-86.96800201115339,0,0.0,0,0.44575440714215214,0,3.1725831266312943,0,-7.5224808368545,0
TX000761,AC00126,train,-0.1547057084130719,0,-0.2668762005864692,0,-4.710912063505252,0,-104.31476131345526,0,0.0,0,0.0,0,1.2224771013193207,0,-11.21391354694331,0
TX000762,AC00201,train,-0.059127368398967706,0,-0.17667184019545878,0,-2.6157334499431277,0,-70.59863154354554,0,0.0,0,0.4319882253070082,0,2.1710944211690513,0,0.22639742893816953,0
TX000763,AC00165,train,-0.07488694931897011,0,-0.18087212225096327,0,-3.7151954159607508,0,-92.79291822978894,0,0.0,0,0.24617035603964071,0,1.859283762006922,0,-2.8681711755034,0
TX000764,AC00420,train,-0.032913052547081434,0,-0.14039057189659365,0,-1.7999778692671962,0,-90.47454877722507,0,0.0,0,0.3720578836886422,0,2.6004961168624043,0,1.5395719432903794,0
TX000765,AC00329,val,-0.057947154549768065,0,-0.18995277924705567,0,-3.4689001616152035,0,-90.94691575984719,0,0.0,0,0.2552959515938494,0,2.191064585179378,0,-5.185611405225508,0
TX000766,AC00037,val,-0.06480471882634603,0,-0.12851091242819956,0,-1.1060192845083563,0,-94.62802633605743,0,4.2146848510894035e-08,0,0.29520347482069287,0,2.4540092887274856,0,-11.441344849529152,0
TX000767,AC00293,train,-0.07033100174334028,0,-0.16999452092286504,0,-1.5096359868784406,0,-94.91122449503928,0,0.0,0,0.26267806010031175,0,2.1506251363224975,0,-6.360723392752829,0
TX000768,AC00481,val,-0.14012271655684483,0,-0.24821508939479542,0,-3.7203542041957887,0,-101.44697716891855,0,0.0,0,0.14665492700702426,0,1.76804267412798,0,-9.470414834798946,0
TX000769,AC00233,train,-0.11448043126288515,0,-0.19450512284795884,0,-3.0980319632906843,0,-60.898910580406394,0,0.0,0,0.43093385617900265,0,2.036313263971655,0,-3.581121606420896,0
TX000770,AC00235,train,-0.05965186808942957,0,-0.036932376414998025,0,-1.2443202397943969,0,-87.8926071288452,0,5.960464477539063e-08,0,0.40275848881871235,0,3.1539318568733257,0,-7.015010538022892,0
TX000771,AC00324,train,-0.08360700060779114,0,-0.22446768347848223,0,-3.4244604340209923,0,-99.0520816825376,0,0.0,0,0.19432638455150436,0,1.930082226075519,0,-14.267460592404017,0
TX000772,AC00029,train,-0.046065803556678275,0,-0.15966962477272317,0,-1.0795510130651254,0,-89.08683113621288,0,0.0,0,0.295093341178345,0,2.4154321893027655,0,-4.235112009513723,0
TX000773,AC00093,val,0.00011158123856558344,1,-0.11599188869167021,0,1.5863026429595886,1,-17.007522241304514,0,2.798787253430359,1,0.561779016251556,1,3.2274346934475795,1,12.860344421297995,1
TX000774,AC00141,train,-0.09488485535445218,0,-0.25485914778038476,0,-3.6394630805422166,0,-101.48922244778548,0,2.9802322387695312e-08,0,0.0030237857075968303,0,1.66275663418055,0,-14.634487015106547,0
TX000775,AC00061,train,-0.07734637079325513,0,-0.23582635993228718,0,-3.4931619403849785,0,-100.18338923195526,0,0.0,0,0.06384108907487038,0,2.034874606291113,0,-14.191575820867381,0
TX000776,AC00092,train,-0.06989492050578583,0,-0.2508086692084447,0,-3.0527823241242666,0,-100.6647876122482,0,0.0,0,0.054678860709893834,0,1.6722578688849392,0,-13.942055657508659,0
TX000777,AC00354,train,-0.11215905818023658,0,-0.2483163482566222,0,-3.6028624989709597,0,-100.39958751606758,0,0.0,0,0.09371753220866123,0,1.8625223149267227,0,-9.156242238934082,0
TX000778,AC00358,train,-0.09034604767248816,0,-0.16937505062834313,0,-2.3579587528752866,0,-97.13842901236042,0,0.0,0,0.2988481280784349,0,2.340398037154728,0,-7.02315453981239,0
TX000779,AC00078,train,-0.06300828054694002,0,-0.19028491960533644,0,-2.129005378992976,0,-95.79015460491719,0,0.0,0,0.24128069804700897,0,2.277970257598992,0,-10.706822981703782,0
TX000780,AC00013,train,-0.05935520669625033,0,-0.22367123128775557,0,-3.946536900568975,0,-100.60481092028787,0,0.0,0,0.17621843518859523,0,1.8311406444233025,0,-13.767052399079098,0
TX000781,AC00030,train,-0.015316460448911107,0,-0.02736158468033434,0,-0.541592572701286,0,-86.57641496802674,0,0.0,0,0.4092793160392414,0,2.7031840513643757,0,-2.2370819590064603,0
TX000782,AC00074,val,-0.0879464314360156,0,-0.2339849625317032,0,-3.1815653502751777,0,-100.99950248446396,0,0.0,0,0.16770919424169797,0,1.7868128161311874,0,-14.021208174557296,0
TX000783,AC00399,val,-0.08957293600585331,0,-0.13000942927740922,0,-1.3397951824664291,0,-90.27992178149951,0,0.0,0,0.36364498090566966,0,2.095040831485101,0,-5.518455169777525,0
TX000784,AC00323,train,-0.09346297083878091,0,-0.229829804712254,0,-3.0181893492988268,0,-99.06482938114179,0,0.0,0,0.1683694304582756,0,1.692155127618298,0,-8.461363502528195,0
TX000785,AC00107,train,-0.11351296844160025,0,-0.21088086613594936,0,-3.7148265306551496,0,-98.61933017381749,0,0.0,0,0.24777517947297195,0,2.0491782110504144,0,-2.377221847073986,0
TX000786,AC00211,train,-0.10824158089307168,0,-0.20067317118621686,0,-1.4022027619287636,0,-96.82488501025172,0,0.0,0,0.2610569256240517,0,2.3823670122761627,0,-7.77622003967341,0
TX000787,AC00297,val,-0.08609256745013788,0,-0.1601508104537568,0,-1.245752827264261,0,-88.68987791455778,0,0.0,0,0.36715016931617395,0,2.1071738033883096,0,-4.820770609789056,0
TX000788,AC00102,train,-0.1319636821417008,0,-0.26356150808389667,0,-3.709923034339286,0,-101.57322674764828,0,0.0,0,0.10193870247203732,0,1.4492741186069653,0,-9.679545947708872,0
TX000789,AC00196,train,-0.10140756693919967,0,-0.23907101413684562,0,-2.446029878524093,0,-100.62102923057407,0,0.0,0,0.1483324749736697,0,1.5657073671628492,0,-8.854420560787402,0
TX000790,AC00342,train,-0.10520958169039074,0,-0.19145658114526665,0,-2.152768953615772,0,-96.37243399530806,0,0.0,0,0.2530619765370808,0,2.0391652622824417,0,-7.278648548438999,0
TX000791,AC00027,train,-0.07955249316213836,0,-0.19886019329013327,0,-1.3436393157849453,0,-95.3075588747732,0,0.0,0,0.19715693139666246,0,2.219400912203925,0,-6.098144612860692,0
TX000792,AC00339,train,-0.07282525728953737,0,-0.22611500916982674,0,-3.0601395466108405,0,-97.82403680260789,0,0.0,0,0.1612154934536664,0,2.116076003887772,0,-12.72320013352774,0
TX000793,AC00468,train,-0.014102127359178152,0,-0.23877517405554194,0,-0.27445538602955377,0,27.326590108464657,1,1.7798230833968927,0,0.48003190801755685,1,2.5651498316523855,0,7.630748095576919,1
TX000794,AC00262,train,-0.012178614269937715,0,-0.030552742721680293,0,-1.3646144406518763,0,-63.64845578207155,0,2.924657652608156,1,0.5672886486570894,1,3.3627958417294317,1,3.3160463141975627,0
TX000795,AC00425,train,-0.13083959649438964,0,-0.2856182173230525,0,-4.955651679629619,0,-104.2707736664554,0,2.1073424255447017e-08,0,0.057755068661605534,0,1.1699546756123749,0,-16.66527181106847,0
TX000796,AC00161,train,-0.12009571043311129,0,-0.23401976045279826,0,-3.3358874351098846,0,-96.51971055101255,0,0.0,0,0.20605465516238738,0,1.85266949887869,0,-8.963268738842457,0
TX000797,AC00417,train,-0.07965286155761958,0,-0.1774857047304721,0,-2.258612110649561,0,-98.55721062134221,0,0.0,0,0.2487604401262812,0,2.183995051852474,0,-12.998108549262636,0
TX000798,AC00208,train,-0.11209423588295764,0,-0.25630703017013,0,-3.698722649578653,0,-101.37487051145061,0,0.0,0,0.041607625456837376,0,1.416355805718225,0,-14.552460743348817,0
TX000799,AC00304,val,-0.027946792604449988,0,-0.16395412992406788,0,-2.135775141518926,0,-94.04438852756232,0,0.0,0,0.23915425139494947,0,2.4927655362468766,0,-10.600499966583735,0
TX000800,AC00166,train,-0.0407032317516669,0,-0.11157459904478673,0,-1.9415135999407367,0,-94.85395176384928,0,0.0,0,0.38610713331106905,0,2.345307512842288,0,-11.182834343270159,0
TX000801,AC00279,train,-0.10212983397084102,0,-0.21255826150231605,0,-2.437732398287033,0,-97.04337634281313,0,0.0,0,0.21326484073560656,0,1.924953659032243,0,-7.325826327317749,0
TX000802,AC00114,val,-0.13371841812143015,0,-0.25443434740979387,0,-4.077164125362606,0,-97.50213669108496,0,0.0,0,0.13416946163241525,0,1.5332773381353917,0,-9.381068885777793,0
TX000803,AC00411,val,-0.08140525725393238,0,-0.2488359690142633,0,-2.3900173624650636,0,-98.49400960490351,0,0.0,0,0.11172423215947551,0,1.5523393070157498,0,-13.59564513064535,0
TX000804,AC00380,train,-0.04661875631231044,0,-0.19041594462413447,0,-1.9659230189725525,0,-60.028084256206796,0,0.0,0,0.41984962542172716,0,2.262541746947279,0,-1.0057703192446388,0
TX000805,AC00272,train,-0.04136375602436426,0,0.06396439100446294,1,-1.8969933092631353,0,-90.93765701829372,0,5.960464477539063e-08,0,0.44353689695643594,0,2.5742451472024017,0,-0.15376728308062343,0
TX000806,AC00202,train,-0.03136267243909807,0,-0.0874878017064813,0,-0.7210204315881876,0,-82.93701322227582,0,0.0,0,0.4289991602596041,0,2.8549399788881744,0,-7.61163702172594,0
TX000807,AC00053,train,-0.027084171403898516,0,-0.15785190172775043,0,-2.7706696397865445,0,-92.22246401179692,0,0.0,0,0.3463845146120506,0,2.327346897599822,0,-4.8715491105758115,0
TX000808,AC00316,train,-0.043480964416758694,0,-0.25655794706692536,0,-0.9225473009946796,0,-28.229253499930195,0,8.429369702178807e-08,0,0.46794675552650045,1,2.0819517911264716,0,-1.6500209992505503,0
TX000809,AC00422,val,-0.1000422199448211,0,-0.23461840377393028,0,-3.593895149277322,0,-98.51337542103519,0,0.0,0,0.15133597954145947,0,1.7171220807042344,0,-8.266621664254894,0
TX000810,AC00083,val,-0.07237640197117773,0,-0.22021912499380747,0,-3.1449766369173053,0,-94.7152301327825,0,5.960464477539063e-08,0,0.18152669659322507,0,1.981829793451392,0,-12.946807620176651,0
TX000811,AC00125,train,-0.06955162313045349,0,-0.20782056077868316,0,-2.0332873280618378,0,-89.53827082029946,0,0.0,0,0.2827922892424523,0,2.0538623900524224,0,-10.708859849434877,0
TX000812,AC00227,train,-0.09683794180114719,0,-0.24187742094691267,0,-3.922872964587927,0,-97.5925726154194,0,4.2146848510894035e-08,0,0.17529589840364931,0,2.042261364451427,0,-4.229384784649587,0
TX000813,AC00292,val,-0.07478113065703695,0,-0.07399395171290268,0,-1.0668440337651743,0,-90.83632615221147,0,0.0,0,0.35675922241311697,0,2.9484024382731024,0,-4.779739922890257,0
TX000814,AC00319,train,-0.04476677645825322,0,-0.1893336659737337,0,-2.7249034949820468,0,-97.3459574176546,0,0.0,0,0.1934517821912494,0,2.0714567254747758,0,-9.040509221321905,0
TX000815,AC00431,train,-0.03115568568274918,0,-0.14695370003639963,0,-0.9630990938115671,0,-89.03479266469297,0,0.0,0,0.32288313315635686,0,2.45736673774668,0,-3.3138780218791655,0
TX000816,AC00365,train,-0.10871362524098444,0,-0.265953972797198,0,-3.130006279627197,0,-100.51543061192747,0,0.0,0,0.0,0,1.6214863779400046,0,-9.885478340878493,0
TX000817,AC00050,train,-0.10078370428442163,0,-0.21645339873324776,0,-3.267769311746158,0,-97.21332891140183,0,0.0,0,0.16695702908744545,0,2.103706114460809,0,-7.381729126039109,0
TX000818,AC00129,val,-0.1358779815014206,0,-0.22244338085768312,0,-3.6208242798561523,0,-95.2158134602954,0,0.0,0,0.2422263351541266,0,1.8118370684656206,0,-7.741644666219473,0
TX000819,AC00366,train,-0.11873863571848109,0,-0.26769166422250124,0,-4.69102322348797,0,-101.87402894946794,0,0.0,0,0.07525651864996194,0,1.3119566311150095,0,-14.837955212837814,0
TX000820,AC00452,val,-0.11281149083282704,0,-0.26261244178144283,0,-4.363139544473374,0,-101.9893219099254,0,0.0,0,0.029750209570642366,0,1.6096403966071107,0,-17.300859460419943,0
TX000821,AC00339,train,-0.07202686486644083,0,-0.15291285223325612,0,-1.1749830988503325,0,-92.31250002916045,0,0.0,0,0.2860230091461933,0,2.430863700110875,0,-5.591173535802537,0
TX000822,AC00389,val,-0.05192130508863102,0,-0.21999059900464002,0,-3.53252986717082,0,-99.089171247715,0,0.0,0,0.07479004835185721,0,1.7073355033012836,0,-13.312302026068362,0
TX000823,AC00188,train,-0.014565189186766525,0,-0.12440646245240461,0,-0.772988277418837,0,-89.88129745879192,0,0.0,0,0.33704810979187144,0,2.3919350436118383,0,-6.883104275400819,0
TX000824,AC00039,train,0.016214080823559907,1,0.025480100383269644,1,-0.8840138187292039,0,-76.29674086735146,0,0.0,0,0.4749980536778862,1,2.9423895816183916,0,-6.205963013659419,0
TX000825,AC00319,train,-0.10230620558305614,0,-0.23991521368611202,0,-2.541520727310595,0,-100.17110042678641,0,0.0,0,0.09318255059426209,0,2.0030439717087845,0,-8.3852119365975,0
TX000826,AC00077,train,-0.09609158480584351,0,-0.228905454708761,0,-3.310929265741609,0,-98.17576308552513,0,0.0,0,0.15379717503156984,0,1.9186173466493786,0,-7.451325671029486,0
TX000827,AC00131,train,-0.08081393150696181,0,-0.18150689139212828,0,-1.9440764818829477,0,-94.93940181140843,0,0.0,0,0.2691554333434378,0,2.026011393775419,0,-5.826184579855824,0
TX000828,AC00180,train,-0.016533720720375844,0,0.13450431647369965,1,0.21281307462996502,1,-77.29769716633056,0,2.412521045313971,0,0.5485965207403091,1,3.2151295577132273,1,-4.9245645993216245,0
TX000829,AC00249,train,-0.10167140688457593,0,-0.2556485282422478,0,-3.7695559258148625,0,-101.5873994624436,0,0.0,0,0.14735530654340265,0,1.7381661361817902,0,-14.191124097199852,0
TX000830,AC00454,val,-0.08558365811860308,0,-0.2322798953413392,0,-3.7108697671149455,0,-99.45606113810355,0,0.0,0,0.1872814783735071,0,1.6766268675798273,0,-12.944807123121615,0
TX000831,AC00076,train,-0.1055052824480689,0,-0.2365758823174553,0,-3.5563868175531548,0,-100.08255591648152,0,0.0,0,0.08301460720477079,0,1.6493195616765455,0,-13.200138152844854,0
TX000832,AC00386,train,-0.07104233745798288,0,-0.19085346457918528,0,-2.4479202981564034,0,-98.2992825207083,0,0.0,0,0.2010571076258994,0,1.9908794729650199,0,-12.715300556723095,0
TX000833,AC00444,train,-0.07037591204919635,0,-0.2285962605291818,0,-2.7635859379050283,0,-96.17749866382199,0,0.0,0,0.11219725389169774,0,1.9691303925998278,0,-7.601366297804067,0
TX000834,AC00307,train,-0.04258753410917093,0,-0.2439974812439588,0,-2.645493578325252,0,-96.92456876391353,0,0.0,0,0.04753569169852478,0,1.9238793297560948,0,-11.971740313348691,0
TX000835,AC00397,train,-0.10475961912144671,0,-0.22436945483350557,0,-3.760520715346636,0,-100.23089511582191,0,0.0,0,0.218107636119677,0,1.9367909673491734,0,-8.136356257753366,0
TX000836,AC00078,train,-0.026446414338207935,0,-0.12907173314887732,0,-1.1589855390915629,0,-88.34435038329019,0,0.0,0,0.36374675344173624,0,2.6548221024847583,0,-8.594656757272618,0
TX000837,AC00348,val,-0.08846544917744814,0,-0.11319724389521735,0,-2.386202423403991,0,-93.88416820883606,0,0.0,0,0.2717432793875128,0,2.538652616537252,0,-5.274176544560277,0
TX000838,AC00169,train,-0.007829334617133643,0,-0.23074367378849026,0,-0.896817882782118,0,-20.355015430558694,0,2.5845369682278356,0,0.5178083642145997,1,2.527179208794359,0,2.2481276829941192,0
TX000839,AC00007,train,-0.04076680149695122,0,-0.05455687945811527,0,-1.7293722655605306,0,-94.31361544410879,0,0.0,0,0.3737069879882903,0,2.5131944839435687,0,-9.92969014130058,0
TX000840,AC00009,val,-0.02833044964019671,0,-0.10118765900958038,0,-1.2555848331730148,0,-91.84368859393841,0,0.0,0,0.2824168582748349,0,2.232196298805857,0,-9.58299381019002,0
TX000841,AC00065,val,-0.060900344148152874,0,-0.1358491219195368,0,-2.0787011050772977,0,-89.52494518893677,0,0.0,0,0.31623864102072685,0,2.285112676541233,0,-9.287795239509112,0
TX000842,AC00362,train,-0.06585591665705032,0,-0.14440756904743157,0,-1.1762615326753076,0,-92.68085544612963,0,0.0,0,0.34924292166491583,0,2.7169889406428602,0,-10.332782420026305,0
TX000843,AC00444,train,-0.12415795264082968,0,-0.2592989715137374,0,-3.96847001413152,0,-101.11408815378589,0,0.0,0,0.09611453561418407,0,1.7197504259252614,0,-9.464927743216577,0
TX000844,AC00106,train,-0.11987871826069324,0,-0.23789611148811152,0,-4.101292208377084,0,-100.49729922238882,0,0.0,0,0.2501174783905886,0,1.8081114306392743,0,-15.161872224416019,0
TX000845,AC00241,train,-0.08538263260376078,0,-0.2237191556448297,0,-2.7278008442810036,0,-93.98907032027014,0,0.0,0,0.2114041589347145,0,2.0586754462950094,0,-7.217080407710407,0
TX000846,AC00092,val,-0.08183273541000524,0,-0.2228917424763759,0,-1.6236035877722808,0,-94.02574977232145,0,0.0,0,0.20788014894284346,0,2.0271745144346824,0,-5.9335453947530485,0
TX000847,AC00173,train,-0.14353482183931848,0,-0.2724852474028402,0,-3.8823731733774887,0,-103.13915060047479,0,0.0,0,0.05273256318985806,0,1.3964388242642634,0,-10.875947480422402,0
TX000848,AC00363,train,-0.015091127813205096,0,-0.09914039489286663,0,-1.022607103815938,0,-88.57847558009624,0,0.0,0,0.45289869825136625,0,3.06149073819609,0,-9.671077170654872,0
TX000849,AC00185,train,-0.06100393856517572,0,-0.2159431625622008,0,-3.640582876356869,0,-99.34216434594087,0,0.0,0,0.25885114913239626,0,1.7877748040482,0,-13.262488076598112,0
TX000850,AC00370,train,-0.11452463962975001,0,-0.255595212853445,0,-4.899559378490676,0,-102.3057995204093,0,0.0,0,0.17535987238130046,0,1.6356003253496547,0,-5.138877592232343,0
TX000851,AC00124,train,2.6891644493654e-05,1,-0.1730554632057415,0,0.39621703950659803,1,-8.24725104868783,0,2.783876961512951,1,0.5641036838988851,1,3.1349806512406824,0,5.956250753702277,1
TX000852,AC00412,train,-0.10310604189458344,0,-0.20210227931660052,0,-2.220639682494453,0,-93.47548293001127,0,0.0,0,0.2753494896322299,0,2.2687811216973333,0,-6.414366755198535,0
TX000853,AC00068,train,-0.09712160467615283,0,-0.22461801882337484,0,-2.297936201627892,0,-99.29762919883231,0,0.0,0,0.25674354579931025,0,2.1455638214836816,0,-13.298267534125594,0
TX000854,AC00321,train,-0.053250641337131366,0,-0.14172856421817914,0,-1.2742152036380192,0,-87.90873990001748,0,0.0,0,0.3476803607767531,0,2.509696188139151,0,-4.010526688674672,0
TX000855,AC00302,train,-0.06847567804095617,0,-0.15986326478940316,0,-1.7488901087735238,0,-95.47635916965294,0,0.0,0,0.2742442633576366,0,2.217632946509683,0,-11.290075604902572,0
TX000856,AC00217,train,0.013255485288611979,1,-0.22798465874612384,0,-0.7209650682846931,0,120.50009248580547,1,0.0,0,0.41619073183204097,0,2.711772527656055,0,-0.07701580722644641,0
TX000857,AC00298,val,-0.035755055115338386,0,-0.1497185751653638,0,-1.591458649153247,0,-95.15719219723056,0,0.0,0,0.26267696493707543,0,2.297190822345141,0,-10.963042763846566,0
TX000858,AC00327,train,-0.05808272803180575,0,-0.10645832336762506,0,-1.3875708970072589,0,-93.05448719427524,0,0.0,0,0.38845348793016277,0,2.3814867996428855,0,-12.665989226557823,0
TX000859,AC00054,train,-0.09828779493197815,0,-0.2061837646516005,0,-2.4810519135875166,0,-98.33140049549077,0,0.0,0,0.1844998454515943,0,2.245053331554305,0,-7.441655231685147,0
TX000860,AC00403,train,-0.08985202838583722,0,-0.1846334279583015,0,-2.488579373622728,0,-96.64863923634609,0,0.0,0,0.24085739117755883,0,1.8279117841788186,0,-13.101653768932005,0
TX000861,AC00397,train,-0.07912410997235314,0,-0.1592798777412605,0,-1.4452533368603744,0,-94.18911393393867,0,0.0,0,0.3017943013687902,0,2.41794161323441,0,-11.46198673929312,0
TX000862,AC00383,val,-0.10113902274523245,0,-0.2505351247735965,0,-2.9471206978571773,0,-98.8302216749557,0,0.0,0,0.17669381717513413,0,1.5620054696375412,0,-14.354450318192056,0
TX000863,AC00450,val,-0.10513329192563686,0,-0.24191107055736827,0,-2.8277014192152317,0,-99.77831760880694,0,0.0,0,0.10701053411958253,0,1.785822896147526,0,-9.435464389464064,0
TX000864,AC00086,train,-0.0334312575203628,0,-0.21213513841285048,0,-1.2472019157249834,0,-57.56242898779604,0,0.0,0,0.4042210623752821,0,2.604211632159748,0,0.3354895250158436,0
TX000865,AC00156,train,-0.14093000647769877,0,-0.25544584475161414,0,-4.730611663359691,0,-104.5796434469915,0,0.0,0,0.0,0,1.4172637541762632,0,-11.101846833605489,0
TX000866,AC00418,train,-0.10722450167803504,0,-0.21147838029755928,0,-1.9625379310089022,0,-96.17102511211336,0,0.0,0,0.10342117869419391,0,2.0359318754568605,0,-7.945681556910766,0
TX000867,AC00263,train,-0.12131794244685601,0,-0.214231932692315,0,-2.8289954997550497,0,-96.636968087709,0,0.0,0,0.19217616777753457,0,2.050187056792486,0,-8.414773304480057,0
TX000868,AC00009,val,-0.10516082117160497,0,-0.22174588197361733,0,-2.5848905419198536,0,-97.86556378517811,0,4.2146848510894035e-08,0,0.16376227929473025,0,1.8333463007958786,0,-14.87369341454137,0
TX000869,AC00436,train,-0.10156173231958032,0,-0.25476787968434733,0,-3.2188483704548156,0,-96.81473950999779,0,0.0,0,0.11332068432647294,0,1.8156092866029854,0,-8.478773388626225,0
TX000870,AC00399,val,-0.10596959194053046,0,-0.22388476709002192,0,-1.9709367439222332,0,-99.54144432199993,0,0.0,0,0.18733958705666165,0,1.83692330919112,0,-7.901789350619862,0
TX000871,AC00182,train,-0.05357948688033254,0,-0.06743367045276982,0,0.7037205471527024,1,-11.78324427701503,0,2.1557495325954354,0,0.5191212922843673,1,3.4260659985958655,1,4.832333669229169,1
TX000872,AC00482,train,-0.057513125530218034,0,-0.14965425546193312,0,-1.8606714970465132,0,-91.08053004479225,0,0.0,0,0.3057519415820239,0,2.3095959745367627,0,-5.727468421766825,0
TX000873,AC00475,train,-0.08490923989695959,0,-0.24031015371391695,0,-3.2252825275684023,0,-100.26498274320089,0,0.0,0,0.13705017892158,0,1.695002653763784,0,-14.05071649537044,0
TX000874,AC00253,val,-0.0815490587138275,0,-0.1555833956252337,0,-1.7864443023673706,0,-95.4321288617935,0,0.0,0,0.2914399340646352,0,2.265157948496298,0,-11.780209787888893,0
TX000875,AC00376,train,-0.08561393602039968,0,-0.21721300284763956,0,-2.3022455385690224,0,-96.43022661532598,0,0.0,0,0.17149782670256036,0,2.0023905690235395,0,-7.7518504033725115,0
TX000876,AC00058,train,-0.1079581813621171,0,-0.24840973159647506,0,-3.2287756550692484,0,-99.61242911821674,0,0.0,0,0.14305792561814862,0,1.8333687503375573,0,-7.830630623973021,0
TX000877,AC00304,train,-0.02209696918538595,0,-0.03163940886765482,0,-0.24268298408195133,0,-89.97691922118678,0,0.0,0,0.3945387051012989,0,2.8517183110663145,0,-8.654984655481828,0
TX000878,AC00035,train,-0.07815767007198471,0,-0.20882713265647967,0,-3.4497617345986393,0,-98.61573815337832,0,0.0,0,0.2543531088666545,0,1.8421318963736,0,-12.912209241421166,0
TX000879,AC00366,train,0.008202119826336784,1,-0.01873427863288324,0,-0.38337452700116437,0,-68.82444974457104,0,0.0,0,0.40692150245842074,0,2.6361198671286195,0,6.07520472584966,1
TX000880,AC00362,val,0.022859309549293272,1,-0.0002468488711480088,0,0.6051476288292967,1,-85.22868340968033,0,0.0,0,0.4313897694238561,0,3.216845586828512,1,-6.250985467259135,0
TX000881,AC00094,train,-0.10807646387288872,0,-0.1931612480903413,0,-1.8553927115504818,0,-88.92514581393729,0,0.0,0,0.27049388052024936,0,1.819722331363685,0,-6.368248096360037,0
TX000882,AC00225,val,-0.07461728614596524,0,-0.2247979883049307,0,-2.058902716366128,0,-96.46479123549861,0,0.0,0,0.11971371289320626,0,2.179601352074102,0,-7.218312611291453,0
TX000883,AC00474,train,-0.10701852710278903,0,-0.21970368174458366,0,-1.1747595604277974,0,-95.95615276773958,0,0.0,0,0.1684254852823465,0,2.3357440233231186,0,-7.073525306380115,0
TX000884,AC00448,train,-0.08341899078925785,0,-0.2582883258880746,0,-1.1062548471754603,0,28.41520300445093,1,0.0,0,0.3392993277024032,0,1.6532453079696485,0,-13.842165529416121,0
TX000885,AC00439,train,-0.08221659844458656,0,-0.19937040832357011,0,-2.125314020093083,0,-94.35995708751098,0,4.2146848510894035e-08,0,0.21475223632493318,0,2.096579934314893,0,-4.170769791252309,0
TX000886,AC00133,train,-0.025999547716223925,0,-0.07094932144083921,0,-1.0870488950114048,0,-88.14334269340054,0,0.0,0,0.34932857675292606,0,2.36818608977745,0,-2.2349270143231705,0
TX000887,AC00480,train,-0.05061627478873487,0,-0.1844875404008648,0,-2.5888914683870263,0,-96.86380297988218,0,5.960464477539063e-08,0,0.2562938497727116,0,2.4627898049873846,0,-11.917245687957571,0
TX000888,AC00265,train,-0.06819156350150768,0,-0.21702060478034846,0,-3.9132870619729365,0,-97.85053764547946,0,0.0,0,0.067340405482196,0,2.0311897627487685,0,-8.328662498539318,0
TX000889,AC00176,val,-0.04132988510869973,0,-0.12548858147467823,0,-1.4045773135640056,0,-73.04595432940152,0,0.0,0,0.31685874996829877,0,2.322744578936762,0,-6.853531429207024,0
TX000890,AC00278,val,-0.04483599417372697,0,-0.21955540394676376,0,-2.290189129590341,0,-93.35037558784819,0,0.0,0,0.17574645545304993,0,2.0328698787211668,0,-6.3322658200984385,0
TX000891,AC00216,val,-0.07043529492028316,0,-0.22165945943739152,0,-3.1937584681168927,0,-94.3066706723645,0,0.0,0,0.20172405534187382,0,2.250628432205263,0,-10.991299757803452,0
TX000892,AC00431,train,-0.1006853630323079,0,-0.2143806255564773,0,-2.6371365795399937,0,-95.09851024217997,0,0.0,0,0.21961190935409114,0,1.999367399489036,0,-7.617280106311011,0
TX000893,AC00063,train,-0.05535295973185911,0,-0.1766235585076419,0,-1.4300431590576297,0,-94.01942719498876,0,0.0,0,0.2804745196711833,0,2.2613712028986264,0,-10.629166288047943,0
TX000894,AC00090,train,-0.07641261412098821,0,-0.21646561558757993,0,-3.4702360170468998,0,-99.35989862594431,0,4.2146848510894035e-08,0,0.24455314809031717,0,2.2320057413347776,0,-13.36864402795598,0
TX000895,AC00133,train,-0.07117943709926572,0,-0.20007413534925078,0,-2.926476618452239,0,-97.96653891850433,0,0.0,0,0.29134217867917506,0,2.1011582300653218,0,-13.967360520894772,0
TX000896,AC00357,train,-0.055119672518671725,0,-0.21372738619715714,0,-2.360676544755049,0,-96.39703855260095,0,0.0,0,0.19200202454521445,0,1.8298589810731063,0,-10.875290883336685,0
TX000897,AC00404,train,-0.11218184158211986,0,-0.2253999085877183,0,-3.210646057561637,0,-96.56394205476792,0,0.0,0,0.2145540742623943,0,1.9793322565687397,0,-7.238915971510074,0
TX000898,AC00390,train,-0.03929716807147787,0,-0.14670654802884142,0,-1.8064443083787465,0,-73.75091168821075,0,0.0,0,0.34292016056390356,0,2.2050770300301332,0,-3.341060770140496,0
TX000899,AC00083,train,0.059648928410714785,1,0.5831566793825045,1,4.022970155230951,1,157.31079931869874,1,5.243354141820026,1,0.7588974246403604,1,5.493003593625084,1,2.009763511756289,0
TX000900,AC00161,train,-0.08279575438855452,0,-0.21171691437364526,0,-2.133967596320253,0,-91.39594636625777,0,0.0,0,0.22863923146905626,0,2.1148787198050316,0,-6.689846858196826,0
TX000901,AC00425,val,-0.07638524106877947,0,-0.20402335029395058,0,-2.116190748995556,0,-95.4346629107629,0,0.0,0,0.27910124658661944,0,2.259518001682555,0,-12.820010551534603,0
TX000902,AC00363,train,-0.006026844686497945,0,-0.10733192607893183,0,-0.2321109789883291,0,-70.86130980976765,0,0.0,0,0.442589151609095,0,2.7321705956607776,0,-8.482513850965724,0
TX000903,AC00385,val,-0.0447113535471626,0,-0.16186838481158694,0,-3.1531139006825226,0,-95.98120020018081,0,0.0,0,0.3131420000334763,0,2.042347669552891,0,-3.487426102979981,0
TX000904,AC00045,val,-0.034786071851831246,0,-0.10613718605564881,0,-0.34873804208213066,0,-91.73020371775576,0,0.0,0,0.32849806582823265,0,2.684490683518062,0,-9.149813122121515,0
TX000905,AC00480,train,-0.06581687269697478,0,-0.11446604134309113,0,-1.0113878241194216,0,-91.41881843483701,0,0.0,0,0.32487315068588735,0,2.755765380284842,0,-4.564148290752007,0
TX000906,AC00369,train,-0.042550484833157154,0,-0.21787079687445066,0,-1.6643769691623715,0,-79.5908766042009,0,0.0,0,0.3571244883217141,0,2.1598118796201344,0,-12.53395919811107,0
TX000907,AC00109,train,-0.07683610261268115,0,-0.2045326198446047,0,-1.3851968781376582,0,-93.0746507794273,0,0.0,0,0.28791501364986405,0,1.9210287776495443,0,-6.61065800604828,0
TX000908,AC00264,train,-0.06832583964840211,0,-0.12958411085101873,0,-1.897799614396404,0,-94.72542400860327,0,0.0,0,0.3103679621373521,0,2.187444484470021,0,-0.03864637500324908,0
TX000909,AC00076,train,-0.03822527189801306,0,-0.10782717313290702,0,-1.013105599858573,0,-91.79818530885686,0,0.0,0,0.4216460095426226,0,2.714014739973635,0,-9.620434950686013,0
TX000910,AC00438,train,-0.04063140245603425,0,-0.2593039831229944,0,-1.5214417195764698,0,-25.026902937428076,0,0.0,0,0.0,0,1.8882926863831542,0,-0.7462591635383458,0
TX000911,AC00453,train,-0.08254109305002694,0,-0.23400245434401112,0,-2.8531416053619685,0,-100.69316890841178,0,0.0,0,0.1060393299348748,0,1.9730258440163106,0,-14.33515837637196,0
TX000912,AC00222,train,-0.10485476813965278,0,-0.2577767802901586,0,-2.7782412089490576,0,-94.51879325067705,0,0.0,0,0.19155594728672556,0,1.511952352724121,0,-13.517986547499122,0
TX000913,AC00179,train,-0.03132870563697354,0,-0.14515431911911536,0,-1.3007207734591004,0,-93.13468992551893,0,0.0,0,0.2773545984909794,0,2.2592744335168478,0,-9.978669159988224,0
TX000914,AC00386,train,-0.12235870766904833,0,-0.2558722685366751,0,-4.3205176817942315,0,-101.33031199163672,0,0.0,0,0.10472188550546249,0,1.7951547998582016,0,-7.869157372597768,0
TX000915,AC00171,train,-0.12208018186358299,0,-0.2514511215416444,0,-2.655659305109867,0,-96.93852124399368,0,0.0,0,0.1621068068632525,0,1.7417751785233122,0,-8.726801784383744,0
TX000916,AC00336,train,-0.1149370314327825,0,-0.22404532436447822,0,-3.04082276935742,0,-96.78130973532083,0,0.0,0,0.25776316578774733,0,2.292050649893922,0,-14.091586834955578,0
TX000917,AC00272,train,0.01236743778986027,1,-0.2223734326276614,0,-0.17097979416390352,0,-26.016148625504357,0,2.370129780017564,0,0.5000739667024959,1,2.507952860789648,0,1.7186469281071253,0
TX000918,AC00402,train,-0.027148937190635047,0,-0.1834715219987395,0,-2.8368026762957514,0,-96.05738325095598,0,4.2146848510894035e-08,0,0.2520010129612428,0,2.3194342090773015,0,-11.40743358638279,0
TX000919,AC00136,train,-0.05449507704771123,0,-0.2019307564974262,0,-2.4071973540078178,0,-92.40673412582441,0,0.0,0,0.28269231864010125,0,2.1445112913463795,0,-6.54619587873785,0
TX000920,AC00280,train,-0.0628715312479784,0,-0.2434057296016222,0,-3.7357425227173904,0,-99.96772788475444,0,4.2146848510894035e-08,0,0.17465981374328488,0,1.6468528699328895,0,-5.073118787772485,0
TX000921,AC00352,train,-0.09101069633872949,0,-0.27097065469424664,0,-3.220774352673165,0,-100.95948392665909,0,0.0,0,0.015372296311268857,0,1.3770175102143465,0,-15.39070589051643,0
TX000922,AC00495,train,-0.09474350601299325,0,-0.2388015278621628,0,-3.2577285994406315,0,-99.49312197740316,0,0.0,0,0.17509466734522264,0,1.87182055950226,0,-7.6105843244398805,0
TX000923,AC00061,train,-0.06651633552632324,0,-0.19470642954910478,0,-2.8458660529989688,0,-98.08841017656223,0,4.2146848510894035e-08,0,0.2562643193406435,0,1.9904960260465876,0,-13.030656520550215,0
TX000924,AC00129,train,-0.1149962791555898,0,-0.17528381442323893,0,-1.5310826059764038,0,-94.43738098148765,0,0.0,0,0.30289891185405926,0,2.0186837890702805,0,-5.999166454831897,0
TX000925,AC00237,train,-0.07631984764821614,0,-0.22473521090470694,0,-2.562961605765559,0,-66.22508656227095,0,5.960464477539063e-08,0,0.0,0,2.383579308786163,0,-3.4104281919417496,0
TX000926,AC00230,train,-0.09713679083170468,0,-0.23810327641747642,0,-3.0518205033076358,0,-100.26321571902196,0,0.0,0,0.06156069608812751,0,1.9885327734291163,0,-7.027920910796273,0
TX000927,AC00224,train,-0.05738738367279228,0,-0.19278846600969812,0,-1.5929139339411114,0,-68.71988570310242,0,1.5581982844456712,0,0.482877754107505,1,2.843119846158336,0,6.761443547386271,1
TX000928,AC00354,train,-0.07653943463740293,0,-0.21948187586382506,0,-1.7904038576829882,0,-97.93380364409046,0,0.0,0,0.25528435679599765,0,1.9071286973185015,0,-14.522880827261204,0
TX000929,AC00479,train,-0.04673100267501268,0,-0.22136761404206928,0,-3.1038139433213017,0,-97.52556500369646,0,4.2146848510894035e-08,0,0.24430170266955872,0,2.2558886550525328,0,-13.513542154177882,0
TX000930,AC00329,val,-0.07154288065520886,0,-0.05316631873913935,0,-0.28476058611141575,0,-84.28947710164503,0,0.0,0,0.4028093817694159,0,2.7949840235962062,0,-9.605364815673026,0
TX000931,AC00160,train,-0.09346773497782751,0,-0.21022790186903806,0,-1.9829682478961717,0,-95.22010111484111,0,0.0,0,0.19719515995462644,0,2.1921223893478796,0,-5.920343622707982,0
TX000932,AC00050,train,-0.05376730226679455,0,-0.21640949422694278,0,-2.703127680139537,0,-95.91790215606797,0,4.2146848510894035e-08,0,0.22139637239622909,0,1.975973964274194,0,-10.000939824486219,0
TX000933,AC00200,train,-0.00784302318766672,0,-0.23607267384244146,0,-1.3125171575791894,0,-27.6963175585539,0,0.0,0,0.0,0,2.000870329680572,0,6.400801648965647,1
TX000934,AC00254,train,-0.07587246368762912,0,-0.1981578643500026,0,-1.8593370411852055,0,-92.78399606679162,0,0.0,0,0.2756728323561295,0,1.8745590088788413,0,-6.803216548837329,0
TX000935,AC00456,train,0.08889318552773373,1,0.07808019484918138,1,1.6082995695922566,1,661.5951625371973,1,5.614859936682064,1,0.6116282661534418,1,8.271449283407344,1,7.161864346068176,1
TX000936,AC00320,train,-0.03902965154951965,0,-0.05519944782346098,0,-0.18553252500112638,0,-90.83411125240133,0,0.0,0,0.4253536016433546,0,2.9122855778632912,0,-11.60525350569548,0
TX000937,AC00446,train,-0.094481474844538,0,-0.23931357010044352,0,-3.799122071825125,0,-99.2022195658301,0,0.0,0,0.1836814637743598,0,1.7533073209486196,0,-13.890820625831951,0
TX000938,AC00292,val,-0.11134381328604037,0,-0.2281155264168342,0,-2.31480314992186,0,-96.99681178474808,0,0.0,0,0.15914935828986507,0,1.6056601543935551,0,-8.986787545453288,0
TX000939,AC00111,train,-0.09182634091015862,0,-0.22270920435371577,0,-2.8328891144825255,0,-88.5261205709697,0,0.0,0,0.1988214839230253,0,1.944911967900865,0,-6.869031711331899,0
TX000940,AC00157,train,-0.08480572150416166,0,-0.18084730935064197,0,-2.141127224936601,0,-89.50202031284195,0,0.0,0,0.2909143281470168,0,2.058970596583628,0,-7.107694928858093,0
TX000941,AC00429,train,-0.0604038749065246,0,-0.14862773621233516,0,-1.486506964131908,0,-90.47888194977682,0,0.0,0,0.30181770740335906,0,2.248317865764061,0,-5.920422082986465,0
TX000942,AC00182,val,-0.11666629729101419,0,-0.2433495130857265,0,-3.488561773763032,0,-102.03431760107524,0,0.0,0,0.14020706481478795,0,1.62361041914721,0,-8.087552409159319,0
TX000943,AC00166,train,-0.10100659786375582,0,-0.25535022510850136,0,-4.074166161938501,0,-101.70064174321755,0,0.0,0,0.02730108754175223,0,1.4297224277783358,0,-14.908531800795972,0
TX000944,AC00005,train,-0.0637522865125239,0,-0.1668309009336566,0,-2.8729844826610433,0,-95.24514657556189,0,0.0,0,0.31541982368332794,0,2.4502184315594797,0,-0.0579879108288317,0
TX000945,AC00459,train,-0.06763325487014066,0,-0.1006528639009745,0,-1.4376757189380909,0,-90.55575576032112,0,0.0,0,0.3732108779160668,0,2.10405397227724,0,-5.519421077707022,0
TX000946,AC00432,train,-0.12337425045366512,0,-0.21629521816137287,0,-1.2484381498979955,0,-96.56797592686341,0,0.0,0,0.17843088297143792,0,2.0044520763271856,0,-8.050313097208818,0
TX000947,AC00317,train,-0.06383590084904556,0,-0.22881641878594938,0,-2.5146981156163504,0,-99.20049010629748,0,0.0,0,0.12171393602303962,0,1.7921321027151635,0,-13.4712876525423,0
TX000948,AC00377,train,-0.09966434449991846,0,-0.23029852831065956,0,-2.68949661403179,0,-97.5094121346085,0,0.0,0,0.17380058868534906,0,1.6487383001496916,0,-7.934396855865907,0
TX000949,AC00130,train,-0.03938434176147221,0,-0.13120525011627304,0,-1.5353863629183424,0,-93.94788149491535,0,0.0,0,0.27077096472981427,0,2.16674604979134,0,-10.676821451104312,0
TX000950,AC00236,val,-0.06706647153822504,0,-0.18884881019787692,0,-1.5497205980658508,0,-96.14354720766262,0,0.0,0,0.23438375397174016,0,2.5516359912773208,0,-11.173393816872668,0
TX000951,AC00243,train,-0.10321833696645771,0,-0.21091235065058767,0,-2.557140999127154,0,-97.13030332137106,0,0.0,0,0.1432983829030208,0,2.2692266942568544,0,-12.745857317247939,0
TX000952,AC00017,train,-0.10396653517696847,0,-0.23346013707407742,0,-2.0804225785039874,0,-55.7466495216976,0,0.0,0,0.3022839974522964,0,2.4324958659641607,0,-14.619185649329474,0
TX000953,AC00295,val,-0.13000510629662115,0,-0.2219933136364607,0,-3.450999405703789,0,-98.53565214174044,0,0.0,0,0.2054053624613362,0,2.0376123279671527,0,-8.864137495322778,0
TX000954,AC00187,train,0.011151202957744855,1,-0.24272631622457985,0,-0.44263952665932127,0,32.5635313587765,1,0.0,0,0.487735727338134,1,2.7121292038446976,0,8.579006978881953,1
TX000955,AC00395,train,-0.10090985117779055,0,-0.23527838401102952,0,-3.9506313328612412,0,-100.4388405939082,0,0.0,0,0.1382440990276644,0,1.9366835181383677,0,-3.3483229246507817,0
TX000956,AC00225,train,0.022173927655531833,1,0.10635958922416111,1,0.40673259095567627,1,-55.66169840109276,0,2.715112602891312,1,0.5796868359840034,1,3.818712804614665,1,11.642321678919341,1
TX000957,AC00355,train,-0.09177061348748067,0,-0.1969015965866192,0,-2.1822885376625196,0,-96.03125795254182,0,0.0,0,0.11941641748852272,0,2.444984412071414,0,-11.821241949383113,0
TX000958,AC00217,train,-0.027326298897538237,0,-0.18716752532448688,0,-1.0387915550813798,0,-93.74171639783451,0,0.0,0,0.20100669529392723,0,2.2706912517874622,0,-11.084650882439764,0
TX000959,AC00282,train,-0.08166778451616602,0,-0.201209881225638,0,-2.7767592944394837,0,-72.71617271745504,0,0.0,0,0.0,0,2.4772131512589493,0,5.183073700248983,1
TX000960,AC00477,train,-0.0609125573967122,0,-0.05022214645090828,0,-0.4897416596727142,0,-92.0891302841319,0,5.960464477539063e-08,0,0.313622510024001,0,2.809092822916431,0,-10.337662160803976,0
TX000961,AC00158,train,-0.06214883293176382,0,-0.2255510290230507,0,-3.487690719302278,0,-100.45121991157872,0,0.0,0,0.15699442887257617,0,1.749837976294379,0,-13.769221728131303,0
TX000962,AC00174,train,0.029871475964950545,1,-0.23197640745423076,0,-0.6346623616992613,0,35.8041325102745,1,0.0,0,0.4869300103364581,1,2.59534439649955,0,9.692546124468858,1
TX000963,AC00124,train,-0.06523421695951409,0,0.02262464016667276,1,-8.878173609616624e-06,0,-85.59514791414009,0,0.0,0,0.4810232031880902,1,2.9194796366698124,0,-0.7787193394206635,0
TX000964,AC00247,train,-0.10873942438457368,0,-0.20952534252694233,0,-2.620860825076856,0,-86.62931078774628,0,0.0,0,0.2261450388091428,0,1.7588620874725844,0,-7.116789580878882,0
TX000965,AC00297,val,-0.05838955832535836,0,-0.13339412714034382,0,-1.7843335311530426,0,-92.87043118281936,0,0.0,0,0.374103348172553,0,2.6054409777634,0,-4.731876724955585,0
TX000966,AC00114,val,-0.08515727618308422,0,-0.1972854258104786,0,-2.6841971235226607,0,-95.26574610783639,0,0.0,0,0.29923828158532173,0,2.3551725678379216,0,-5.647383113448407,0
TX000967,AC00170,train,-0.03868237515526507,0,-0.20175201499408923,0,-2.0861429872198984,0,-90.04328115968016,0,0.0,0,0.25568403238649784,0,2.014592670007296,0,-9.518744775285345,0
TX000968,AC00185,train,-0.09104881945107357,0,-0.18548135022470524,0,-3.9223801654501456,0,-83.50328015462101,0,0.0,0,0.31758107749196784,0,2.0758183000067523,0,-6.861651838611705,0
TX000969,AC00487,train,-0.08608859237237632,0,-0.21245205895360075,0,-1.7051101412569851,0,-98.45584745008316,0,0.0,0,0.28064340860975096,0,2.1981441990001844,0,-11.494829257280736,0
TX000970,AC00280,train,-0.017426690885466667,0,-0.12304506763822687,0,-1.0504498407293497,0,-92.57520382580425,0,0.0,0,0.35447956343150305,0,2.4387860274394177,0,-9.144120539105694,0
TX000971,AC00017,train,-0.1175209886455969,0,-0.2541136714959339,0,-3.9405556140885,0,-100.83148038966456,0,0.0,0,0.12480105987050252,0,1.5286119136656653,0,-15.269953785937409,0
TX000972,AC00496,train,-0.10172886828030542,0,-0.2311887658591003,0,-1.808140235313748,0,-93.94328108830322,0,4.2146848510894035e-08,0,0.1746182983186807,0,2.347047318865327,0,-6.305484372093333,0
TX000973,AC00304,train,-0.07273056704293412,0,-0.2101327527225889,0,-1.881770289086293,0,-96.1296961429406,0,4.2146848510894035e-08,0,0.24266170842160995,0,2.136845814257119,0,-14.457263312629609,0
TX000974,AC00475,val,-0.048527461024785556,0,-0.1496181850361069,0,-1.3165883248968173,0,-94.69385728319006,0,0.0,0,0.25970076733536174,0,2.3584857614449333,0,-10.517443916904082,0
TX000975,AC00111,train,-0.11096118603948962,0,-0.25095444222424,0,-3.977096626228522,0,-102.70261318117132,0,0.0,0,0.0989445241674432,0,1.6143179092246762,0,-9.866264163968138,0
TX000976,AC00316,train,-0.05862695085604391,0,-0.20542354388817263,0,-2.5608567617317464,0,-94.00692696558676,0,0.0,0,0.2489546491928227,0,2.033727916536099,0,-7.148769531453387,0
TX000977,AC00007,train,-0.10358031602916268,0,-0.21298714099848204,0,-1.9638056444843928,0,-96.98022217323606,0,5.960464477539063e-08,0,0.17463624687933776,0,2.3702202873392415,0,-7.515576822384136,0
TX000978,AC00033,train,-0.10960176232793933,0,-0.24655226802806052,0,-2.250583541655568,0,-86.87959998601805,0,0.0,0,0.19090319532496414,0,1.78401243279103,0,-14.774953569524927,0
TX000979,AC00453,train,-0.10473961917317576,0,-0.23808929588247962,0,-3.1323424158486697,0,-100.13892611468657,0,0.0,0,0.08575314544530453,0,1.5863453337109794,0,-8.8275741993622,0
TX000980,AC00147,train,-0.09958139724267179,0,-0.22397868354687156,0,-2.6678402433768484,0,-97.00430877853586,0,4.2146848510894035e-08,0,0.1732260323388574,0,2.01634988730777,0,-7.4225161153178565,0
TX000981,AC00401,train,-0.04800261546048595,0,-0.12898237627185805,0,-1.5436790490784533,0,-93.4203879589579,0,0.0,0,0.3407830763202951,0,2.2585754918981578,0,-10.085968039389348,0
TX000982,AC00336,train,-0.028679045675846004,0,-0.19798267266908098,0,-1.222082943808819,0,-60.89560300426834,0,2.3506739380301735,0,0.5291706846475563,1,2.7550545020399513,0,7.79324430649811,1
TX000983,AC00281,train,-0.11689501416021703,0,-0.24573627730101566,0,-3.5118123664545413,0,-95.15649273597182,0,0.0,0,0.13925123726814267,0,1.6791462914184825,0,-7.79840331340717,0
TX000984,AC00082,train,-0.11644934915852123,0,-0.250364371634207,0,-3.990152903318184,0,-101.938600065325,0,0.0,0,0.13247788949706416,0,1.8636765368460837,0,-14.822865504929585,0
TX000985,AC00247,train,-0.11097496234434318,0,-0.22839618053896094,0,-1.7096594746645914,0,-93.59289749068579,0,0.0,0,0.18953603877043754,0,2.1838944128218585,0,-6.859788371733917,0
TX000986,AC00278,train,-0.09862800741330957,0,-0.21250018791650715,0,-1.9737985318709947,0,-93.15490029222735,0,4.2146848510894035e-08,0,0.2061493603302074,0,2.272092411948973,0,-5.865372161928624,0
TX000987,AC00176,train,-0.11289280706471666,0,-0.262890675490817,0,-4.423347072236692,0,-101.76499844742747,0,0.0,0,2.1933258514952526e-05,0,1.3506038739216408,0,-14.530622691625831,0
TX000988,AC00159,train,-0.1242785963796188,0,-0.25698528346263205,0,-4.299763242911625,0,-98.31376861305544,0,0.0,0,0.1582235637098659,0,1.8550002592378694,0,-8.206268404819165,0
TX000989,AC00035,train,-0.06776871840433174,0,-0.2085961387921984,0,-2.1318663407541125,0,-91.387501901801,0,4.2146848510894035e-08,0,0.2128225059399011,0,2.0337637799677637,0,-6.032007480934504,0
TX000990,AC00463,train,-0.11131987657952086,0,-0.22021742048046344,0,-2.3088323761685787,0,-97.5759613758299,0,0.0,0,0.18714698912696384,0,2.0228821343870136,0,-8.157631732884813,0
TX000991,AC00339,train,-0.09745121576077298,0,-0.2509575534902768,0,-3.636287844527307,0,-101.71994960717083,0,0.0,0,2.1933258514952526e-05,0,1.5233289725047743,0,-14.312466875244006,0
TX000992,AC00239,train,-0.05009204387366667,0,-0.1914524450719206,0,-2.1043616481727225,0,-95.9169662111429,0,0.0,0,0.22261673068739107,0,2.0188980551624414,0,-11.64692009543061,0
TX000993,AC00090,train,-0.07124568631486733,0,-0.17263846765398094,0,-2.579998439175262,0,-95.15574127556364,0,0.0,0,0.33522351677594586,0,2.1400865938345652,0,-5.279444494935026,0
TX000994,AC00144,val,0.047516713372786734,1,-0.1251008265852509,0,0.5122502951255488,1,-62.09260074440615,0,2.859615092716018,1,0.569537574728971,1,3.417543399171431,1,12.288595806326018,1
TX000995,AC00488,train,-0.05891317096415499,0,-0.1446063940787703,0,-1.029218835885735,0,-81.71964677427938,0,5.960464477539063e-08,0,0.38033143899389715,0,2.6951725215339795,0,-3.923669862809106,0
TX000996,AC00039,train,-0.07324226303434367,0,-0.2131774539426443,0,-3.054793362749158,0,-94.50658226275519,0,0.0,0,0.23168757226386105,0,1.9611892824779007,0,-6.677096669284302,0
TX000997,AC00475,train,-0.06418355761966044,0,-0.16814677322022953,0,-2.121772656158453,0,-93.51252558730515,0,0.0,0,0.30890857243093994,0,2.4282587779685825,0,-9.649731442251,0
TX000998,AC00368,train,-0.09585456771804585,0,-0.21915456402516598,0,-1.8529354699213156,0,-94.38592205136442,0,0.0,0,0.15979740395894107,0,2.3169381734752,0,-6.0082905508577165,0
TX000999,AC00339,val,-0.037694280146578274,0,-0.08185131821398817,0,-1.8765201847096966,0,-83.71282312593698,0,0.0,0,0.378013353490335,0,2.3540656861032843,0,-3.948995942633081,0
TX001000,AC00297,train,-0.01797709059571262,0,-0.023040341961460875,0,-0.0001225193301044314,0,-79.7484377926767,0,5.960464477539063e-08,0,0.4823202116574586,1,3.3492853163456777,1,0.14262097439969712,0
TX001001,AC00345,val,-0.07975721335442681,0,-0.20121132636428496,0,-2.6117131974171803,0,-97.34174146693194,0,0.0,0,0.2435652316938697,0,1.9523480746051562,0,-6.796762579422816,0
TX001002,AC00458,val,-0.10134403820967902,0,-0.21997559850983905,0,-1.5165968387993827,0,-97.44341478506422,0,4.2146848510894035e-08,0,0.12170556175528455,0,1.8261701806486896,0,-7.657971610266912,0
TX001003,AC00062,train,-0.04927395219343361,0,-0.16250390515241375,0,-0.614787154622034,0,-92.47391311127141,0,0.0,0,0.2814857600124359,0,2.2236157098260465,0,-10.771493221896336,0
TX001004,AC00070,train,-0.06365974826027504,0,-0.15262860288718327,0,-1.3788989772292526,0,-87.36768044191847,0,0.0,0,0.3634560681618773,0,2.037117756707885,0,-9.684532041598617,0
TX001005,AC00183,train,-0.03714089740452786,0,-0.15629089370982152,0,-1.8574794746030028,0,-92.60544338968353,0,0.0,0,0.3794975685346899,0,2.232161738768298,0,-4.092870454780634,0
TX001006,AC00190,train,-0.05637323125065136,0,-0.2176588497774643,0,-1.7904060186737043,0,-96.64906427225642,0,0.0,0,0.21711900416362945,0,1.9930044946230339,0,-13.227294120210944,0
TX001007,AC00255,train,-0.08488470569615753,0,-0.2355203343663348,0,-3.559114220483848,0,-101.29409017801055,0,5.960464477539063e-08,0,0.13178112397230893,0,1.7511624625148148,0,-14.294703097502794,0
TX001008,AC00311,train,-0.09197305853123194,0,-0.24539644196154686,0,-2.88533757964045,0,-100.37051618878638,0,4.2146848510894035e-08,0,0.08489056833789109,0,1.6163564404784239,0,-13.936412617673014,0
TX001009,AC00075,train,-0.09841532137551573,0,-0.2099906525494435,0,-1.3716564237520652,0,-95.33448467191008,0,4.2146848510894035e-08,0,0.171201853468044,0,2.00467531927897,0,-6.8134048910091805,0
TX001010,AC00013,train,-0.094773288849552,0,-0.11902855009240221,0,-1.9273781243085777,0,-90.68859066565714,0,0.0,0,0.3410366635516793,0,2.2192598525065326,0,-6.175534135905717,0
TX001011,AC00247,train,-0.054268324903734455,0,-0.13525164780204446,0,-1.575101340564978,0,-93.58410214374166,0,0.0,0,0.37011590406556444,0,2.835608437390389,0,-9.915224665488214,0
TX001012,AC00329,val,-0.0684899583951804,0,-0.20691775330213802,0,-3.663705539079518,0,-96.75689001929028,0,0.0,0,0.2104729859966056,0,1.9902614339506781,0,-12.458189234651025,0
TX001013,AC00257,train,0.02507962168457667,1,-0.030408370949274177,0,-0.04951499814214433,0,-65.23875276757752,0,0.0,0,0.4130594121457951,0,3.1206075999623946,0,4.337065039339653,1
TX001014,AC00414,train,-0.07222396612151627,0,-0.18788294679618667,0,-1.734679006476644,0,-97.38143680674565,0,0.0,0,0.25924901526808725,0,2.5239700085527867,0,-11.44313557565392,0
TX001015,AC00011,train,0.007222137549222074,1,0.023741872375417028,1,0.1831477662116372,1,-79.54420815208454,0,2.2288771207692855,0,0.49391138314528177,1,3.1942314514645607,0,-0.24468184540184212,0
TX001016,AC00416,train,-0.06599921608908915,0,-0.19990980717699225,0,-2.1217354367766132,0,-94.04370492772838,0,4.2146848510894035e-08,0,0.2971123562163277,0,2.1336867149209384,0,-5.774067372361464,0
TX001017,AC00174,train,-0.10972038951973467,0,-0.22212526702889313,0,-2.020742391302604,0,-91.04439903817827,0,0.0,0,0.1792717067342466,0,2.2550850959033424,0,-7.001611116738251,0
TX001018,AC00218,train,-0.07329491383690573,0,-0.16660906186993496,0,-1.6136739960802062,0,-91.49809082217979,0,0.0,0,0.3667955914677481,0,2.1651232617486555,0,-4.266280185112655,0
TX001019,AC00323,train,-0.07815591112302456,0,-0.186983009560864,0,-2.285410861966242,0,-97.00226234755303,0,0.0,0,0.2487604401262812,0,2.101015806265322,0,-12.36439804228313,0
TX001020,AC00209,train,-0.10436330490933926,0,-0.24916398563761044,0,-4.74274849039985,0,-100.89330804868094,0,0.0,0,0.1065876810797975,0,1.6130803026770255,0,-11.848782459780475,0
TX001021,AC00337,train,-0.09311280146434575,0,-0.16872040661304077,0,-3.0955209853903662,0,-80.5927976412708,0,0.0,0,0.363699463099169,0,2.384442797219753,0,-2.5547048028226764,0
TX001022,AC00083,train,-0.05455240507441378,0,-0.20483314089159355,0,-3.0677239366427242,0,-94.52722118597055,0,0.0,0,0.24314488377465354,0,1.850758279573924,0,-3.7728095858373014,0
TX001023,AC00246,train,-0.07613501056438088,0,-0.16047753964201616,0,-1.9019798139298976,0,-89.10572823211716,0,4.2146848510894035e-08,0,0.22788572115997383,0,2.399363722176389,0,-4.470289717277701,0
TX001024,AC00194,val,-0.07400328347812374,0,-0.04234881721962691,0,-0.3461539565838496,0,-88.41058022672419,0,0.0,0,0.4409322949787593,0,2.973274434779612,0,-8.26847692030818,0
TX001025,AC00361,train,-0.06350137123528149,0,-0.19596751150070535,0,-1.8799901258168825,0,-96.87712338434218,0,0.0,0,0.30955506594858856,0,2.1233491432616476,0,-13.35594987284645,0
TX001026,AC00214,train,-0.08609185037732914,0,-0.19189265302917846,0,-2.311221604375004,0,-97.7964232560635,0,0.0,0,0.18118039625275817,0,2.141312045072572,0,-13.99643722038113,0
TX001027,AC00204,train,-0.10593418762330303,0,-0.1433277634648762,0,-3.3821347410200895,0,-83.51245697584066,0,0.0,0,0.3140983560487689,0,2.2701861308894333,0,-0.8862984889225288,0
TX001028,AC00394,train,-0.12132608585837767,0,-0.20818097765218568,0,-4.7472386014203645,0,-97.21612125947705,0,0.0,0,0.22108468314785776,0,1.7153238456099296,0,-4.151845614571495,0
TX001029,AC00002,train,-0.016696411904241204,0,-0.0016439555704486075,0,-0.128841881776518,0,-76.53876281954972,0,2.5347435544965777,0,0.5035671620114516,1,3.346539617657283,1,-7.728522976669211,0
TX001030,AC00337,val,0.035106544931226114,1,-0.03910979274643833,0,-0.021070032741572042,0,352.1499709494719,1,3.4476744007390927,1,0.5125368595275392,1,5.499260084948424,1,1.5434284138463839,0
TX001031,AC00184,train,-0.09231509749813166,0,-0.22868429190169626,0,-2.571097835862102,0,-93.75541002160503,0,0.0,0,0.2030270360991964,0,1.8403996851430322,0,-7.256891159633276,0
TX001032,AC00258,train,-0.06793609566297498,0,-0.22343804247907006,0,-3.1008414292920277,0,-97.57185655909016,0,0.0,0,0.22484345868539138,0,1.5872986050540092,0,-12.004032835627429,0
TX001033,AC00164,train,-0.043826559182232216,0,-0.12345740813174655,0,-2.3004819659932467,0,-87.18600196004898,0,0.0,0,0.4075755626406445,0,2.6932548777560927,0,3.6068154041267704,0
TX001034,AC00032,train,-0.0572139046600495,0,-0.1151918155410927,0,-0.8715969913642665,0,-89.85901764658024,0,0.0,0,0.40451494886390216,0,2.6394666223105836,0,-11.35558686803335,0
TX001035,AC00092,train,-0.04183024292533055,0,4.620454170378707e-07,1,-0.7249734078622456,0,-87.52944953392307,0,0.0,0,0.4504364240857866,0,2.8516477418445985,0,-2.9432860739692193,0
TX001036,AC00485,train,-0.10312131305148142,0,-0.24285064753767527,0,-2.7114602627311504,0,-99.96614596986223,0,2.9802322387695312e-08,0,0.1346337676331435,0,1.806837123557712,0,-8.089273458032386,0
TX001037,AC00067,train,-0.011763360356756514,0,-0.19188832946108403,0,-2.3754330566710307,0,-77.36613526578527,0,0.0,0,0.3067215768605651,0,2.1959437864658455,0,-2.66239445184548,0
TX001038,AC00005,train,-0.08202216701834364,0,-0.20429663033799095,0,-2.835931582684487,0,-100.5859599886122,0,0.0,0,0.1951493254427515,0,1.8770057017807478,0,-13.632515423859505,0
TX001039,AC00291,train,-0.08784091823182344,0,-0.2417264824057317,0,-3.6285004141044004,0,-102.12686008643004,0,0.0,0,0.09841514759053936,0,1.8363896196466285,0,-14.962262933919007,0
TX001040,AC00284,train,-0.026064131767426835,0,-0.19444595165208378,0,-0.16318159279014566,0,243.77976190241367,1,0.0,0,0.4176804851505289,0,3.705860190021658,1,4.626773512836537,1
TX001041,AC00024,train,-0.1381442650877321,0,-0.26564796022586135,0,-4.757701566330408,0,-104.6019311228565,0,0.0,0,0.0,0,1.6256843404178276,0,-10.862048318163788,0
TX001042,AC00310,val,-0.05096533460107788,0,-0.22363471689900583,0,-2.773811086040788,0,-98.97600092695572,0,0.0,0,0.11224423592061432,0,1.6770134288115783,0,-12.541779477964003,0
TX001043,AC00246,train,0.0023225140972326086,1,-0.2125134249938887,0,0.00021470927404632079,1,29.242341413313326,1,1.1920928955078125e-07,0,0.49323335181980854,1,3.0055813609834714,0,2.5993752185604238,0
TX001044,AC00463,train,-0.012962074842662097,0,-0.17608416234451663,0,-1.5681963129187926,0,-81.1198397116695,0,0.0,0,0.2974070798412723,0,2.120081225505611,0,-7.524814252502622,0
TX001045,AC00318,train,-0.09659775723774178,0,-0.19910046961897998,0,-1.2905959292636942,0,-96.04749317353266,0,0.0,0,0.14803459274685868,0,2.2700538549515046,0,-6.812680254857445,0
TX001046,AC00474,train,-0.05988107041642693,0,-0.21540542996354106,0,-1.8334135775311866,0,-96.98063729338983,0,4.2146848510894035e-08,0,0.24135905207912886,0,1.972053829470785,0,-12.145649811403343,0
TX001047,AC00192,train,-0.11119969331035229,0,-0.2820951010155217,0,-4.144664323675065,0,-101.28678946766983,0,0.0,0,0.0,0,1.2291821085720687,0,-14.67709197021599,0
TX001048,AC00100,train,-0.05251091996638957,0,0.027537068087800654,1,-2.5144658815465517,0,-91.80533804705675,0,0.0,0,0.4132862032538854,0,2.6389756954199686,0,-0.4219742928748598,0
TX001049,AC00407,train,-0.10692362917145204,0,-0.21317662971460627,0,-3.0295848074759144,0,-96.87135957593996,0,0.0,0,0.23856733370328798,0,1.9963291822205398,0,-8.01724515823766,0
TX001050,AC00276,train,-0.13089680642716667,0,-0.2601888529191224,0,-3.2332447563924775,0,-99.15036424766043,0,0.0,0,0.09313909167520723,0,1.8158910163743864,0,-8.366817722980105,0
TX001051,AC00420,train,-0.05583723521787509,0,-0.06131983976245814,0,-0.05068477198606214,0,-85.44699917210066,0,0.0,0,0.4229023252621042,0,3.0991832339287066,0,-10.252591461156387,0
TX001052,AC00228,train,-0.09920074615627478,0,-0.2528031898161609,0,-3.88132833781376,0,-91.58373955406744,0,0.0,0,0.15646659253335995,0,1.6574298385457065,0,-7.843863051826134,0
TX001053,AC00022,train,-0.044612247881026634,0,-0.17759722261496136,0,-1.529217405847752,0,-95.06112401546638,0,0.0,0,0.22429870958216752,0,2.1802370941614964,0,-5.57261069783877,0
TX001054,AC00052,train,-0.027482834663688505,0,-0.14110445740163313,0,-0.702110750416602,0,-89.74633530898495,0,0.0,0,0.30947645321788675,0,2.2044265147697395,0,-9.900588966705214,0
TX001055,AC00151,train,-0.052803638231878,0,-0.20654296924821725,0,-2.2692933567206053,0,-93.92609765295035,0,0.0,0,0.21239744162848484,0,2.114723828690624,0,-5.363016593566505,0
TX001056,AC00317,val,-0.00826789417706797,0,0.02741697365560536,1,-0.4828965824414162,0,-66.30626677601116,0,2.9232708741098574,1,0.526265497728184,1,3.2422402052492596,1,6.4264937226180034,1
TX001057,AC00348,val,-0.0918695186978532,0,-0.23814150692620384,0,-3.602065902059736,0,-93.08451192002534,0,0.0,0,0.23534017964618797,0,1.8029066811887748,0,-11.95954674927875,0
TX001058,AC00191,val,0.03338892338210464,1,0.022194709374962596,1,2.8177163448703952,1,-4.0314212409271875,0,3.6389944501203497,1,0.6691829479458995,1,3.8263387527242587,1,15.237744778590656,1
TX001059,AC00120,train,-0.025133534480899056,0,-0.2053023691313769,0,-2.6438003991704386,0,-96.81561112432728,0,0.0,0,0.1841363304575577,0,2.036648727026844,0,-11.72391447966419,0
TX001060,AC00487,train,-0.10787516175840878,0,-0.23497699618396228,0,-3.5536462848430874,0,-100.7506311026343,0,0.0,0,0.07656580909154498,0,1.8886027086235144,0,-14.530806154952677,0
TX001061,AC00173,train,-0.08775311802815028,0,-0.22238760366158195,0,-1.148927838215152,0,-69.49234082742448,0,0.0,0,0.31431501995841604,0,2.57294322799237,0,-11.27125611253848,0
TX001062,AC00089,train,-0.1158868283372026,0,-0.2573068835112765,0,-3.5129807452291084,0,-102.29308924797019,0,0.0,0,0.032524653456470244,0,1.9792337058328486,0,-9.450449132889531,0
TX001063,AC00456,train,-0.07210727537016298,0,-0.1521591629045158,0,-1.0817258771603422,0,-93.60880844483499,0,5.960464477539063e-08,0,0.31095545742519787,0,2.4235880388439273,0,-13.942040390819454,0
TX001064,AC00025,train,-0.02689219838987289,0,0.05752484379323919,1,-0.00023544062467451,0,-77.77667893624859,0,2.250028156669239,0,0.5187094185219915,1,3.4557160713044475,1,-5.534421700638312,0
TX001065,AC00158,train,-0.08467708268543483,0,-0.15971055503775755,0,-2.9317269975470444,0,-83.76546814223772,0,0.0,0,0.30094081868904493,0,2.145469790890438,0,-4.019989014352906,0
TX001066,AC00041,train,-0.1122898202457634,0,-0.23053109833086105,0,-3.437765302138703,0,-95.36959270145508,0,0.0,0,0.20280240325453563,0,1.9371643975710613,0,-8.010897940375013,0
TX001067,AC00458,train,-0.08790197956543949,0,-0.09541908152796053,0,-1.8188666177475108,0,-87.68891281237272,0,5.960464477539063e-08,0,0.39600020742619474,0,3.118742955998441,0,-3.6646646011225608,0
TX001068,AC00248,train,-0.06029330963992868,0,-0.2021949075445979,0,-3.1249939046769333,0,-96.83767737383877,0,0.0,0,0.21588255082094665,0,2.0879451354683445,0,-6.60505642795646,0
TX001069,AC00356,val,-0.07231436615067866,0,-0.21359715565242898,0,-1.5318653060846534,0,-12.85571532788353,0,0.0,0,0.4189983229626828,0,2.254056654496082,0,-12.215255945768105,0
TX001070,AC00065,train,-0.09154298235710362,0,-0.1457395300906359,0,-2.606757260154642,0,-92.42412386085365,0,0.0,0,0.3226835722861577,0,2.1303702072240607,0,-0.36718462372515537,0
TX001071,AC00249,val,-0.08114489011008291,0,-0.211737886822563,0,-2.1379363861651646,0,-95.00139917807476,0,0.0,0,0.18583351940333978,0,2.132718940930908,0,-6.983896725496126,0
TX001072,AC00497,val,-0.11129063471571332,0,-0.22735843324288418,0,-4.427483829831284,0,-101.81147536679696,0,0.0,0,0.07198128236862214,0,1.7870533602837395,0,-13.006308598988772,0
TX001073,AC00045,train,0.013259763395287893,1,0.00892319419873111,1,0.00031040462928100254,1,-57.473739914877896,0,2.294311518320431,0,0.516970248252844,1,3.1184345743084765,0,-1.365382319386435,0
TX001074,AC00442,train,-0.042094329998678015,0,-0.19608531057805245,0,-1.2165266321348076,0,-95.68058416829481,0,0.0,0,0.13934661989318833,0,2.332589801656986,0,-11.268728561414772,0
TX001075,AC00248,train,-0.0825702627151576,0,-0.2055239930787114,0,-3.563269506491726,0,-95.21663197877842,0,0.0,0,0.24715629435110617,0,1.9741443196513557,0,-3.8846237356960596,0
TX001076,AC00078,val,0.016084034164930316,1,-0.17251891356158744,0,-0.587839666589562,0,52.13713162417774,1,1.1920928955078125e-07,0,0.4729663300778402,1,2.146367425514165,0,8.703092490967597,1
TX001077,AC00345,train,-0.05959611028259415,0,-0.22055144853724462,0,-1.5323147571365032,0,-95.50160246896748,0,0.0,0,0.19200202454521445,0,2.118756593995566,0,-13.207209726462846,0
TX001078,AC00331,train,0.0051223860609025396,1,-0.22111087158141585,0,-0.9337992164605149,0,96.98820363572365,1,1.6858739404357614e-07,0,0.43958395742677636,0,2.5583673427445763,0,0.5787507163476833,0
TX001079,AC00332,val,-0.10199546332571513,0,-0.23170192322109462,0,-2.0239503228669866,0,-98.65317825042958,0,0.0,0,0.12893525580711127,0,1.8029719561292286,0,-7.317114123374405,0
TX001080,AC00448,train,-0.04665537547050519,0,-0.23707873608539365,0,-2.1589164548083675,0,-84.74058526458394,0,0.0,0,0.29817850317196937,0,1.8064502621942935,0,-13.249085032903167,0
TX001081,AC00102,train,-0.08789549803507657,0,-0.22384906042681973,0,-3.1654035710940436,0,-99.69045875537283,0,0.0,0,0.20204756509298633,0,2.018487431255963,0,-13.499979695979393,0
TX001082,AC00200,train,-0.08061733964428652,0,-0.21886400721066823,0,-1.6754503623237875,0,-65.5094681349071,0,0.0,0,0.3804499033498955,0,2.2725021716861415,0,-12.475878218212733,0
TX001083,AC00200,train,-0.05021728843112794,0,-0.1868483910826617,0,-2.131051727450113,0,-72.07517048531302,0,2.550912606224702,0,0.497436573000614,1,2.6502439720895157,0,0.35322842027377854,0
TX001084,AC00086,val,-0.037723584391569975,0,-0.18840117399974643,0,-2.6435396817783223,0,-92.8439017095395,0,0.0,0,0.24701789112818792,0,2.0110419021396067,0,-10.609530162877746,0
TX001085,AC00139,val,-0.11551526678874163,0,-0.24290602836881103,0,-3.8910794067908805,0,-101.31732071133325,0,0.0,0,0.21120450712841268,0,1.9150117580241124,0,-9.556031596571199,0
TX001086,AC00154,val,-0.07227055471332877,0,-0.16988730401431296,0,-1.5391198844711385,0,-90.23879537427437,0,0.0,0,0.2760041588783658,0,2.1765350408609168,0,-4.76147897887959,0
TX001087,AC00403,train,-0.0699454323355127,0,-0.17341952274003058,0,-2.1537830731040755,0,-95.6635602243117,0,0.0,0,0.2617052306131426,0,2.2312698796078734,0,-11.680310175917215,0
TX001088,AC00330,val,-0.08302009195383114,0,-0.22363685163126634,0,-3.570947363445687,0,-99.28237769103308,0,0.0,0,0.18667030248133906,0,1.8326661124046175,0,-11.225893100482105,0
TX001089,AC00362,train,-0.03933774789577693,0,-0.09308803455624659,0,-1.3162095330994488,0,-92.29920876231435,0,0.0,0,0.3750206078266671,0,2.6392785352414023,0,-12.905600071609836,0
TX001090,AC00423,train,-0.11090635030856322,0,-0.264620145943375,0,-4.102195691931841,0,-100.45407616099847,0,0.0,0,0.054678860709893834,0,1.5109115201855787,0,-14.318948282827993,0
TX001091,AC00286,val,-0.04593127426566662,0,0.03395950166540085,1,0.4029143402041102,1,-70.260999993615,0,5.960464477539063e-08,0,0.44194166339537333,0,2.9532993302704478,0,0.3059913476563287,0
TX001092,AC00332,val,-0.09107302054366267,0,-0.18689995398578318,0,-2.835302740185626,0,-92.18397660678255,0,4.2146848510894035e-08,0,0.287080206093179,0,2.051137438072519,0,-6.863400718049856,0
TX001093,AC00080,train,-0.11084484862653549,0,-0.25730072680718263,0,-3.7908535710290208,0,-101.2448132992512,0,0.0,0,0.040570603435980575,0,1.4329532307538555,0,-14.313662902591147,0
TX001094,AC00150,train,-0.10033553964827552,0,-0.25560038400938256,0,-3.9253739581588762,0,-99.60820268969849,0,0.0,0,0.17686528055795234,0,1.767376762607561,0,-14.25972686679459,0
TX001095,AC00441,train,-0.10745617225091719,0,-0.27934646804225005,0,-3.976429585417004,0,-103.47336896091177,0,0.0,0,0.0,0,1.1733801005583282,0,-15.984704557297528,0
TX001096,AC00196,train,-0.08316638450481173,0,-0.24599925421357138,0,-3.483455509704723,0,-95.40969830724575,0,0.0,0,0.09340686778880858,0,1.4267796894918687,0,-12.915418314769257,0
TX001097,AC00444,train,-0.056673688348644,0,-0.147439800314473,0,-1.7217794262688733,0,-95.01036708330955,0,0.0,0,0.3491436962958227,0,2.4394601254559474,0,-10.747845632809817,0
TX001098,AC00295,train,-0.05488428630008396,0,-0.21232495197298462,0,-3.1723266489902473,0,-96.4133419420971,0,0.0,0,0.15177517106208913,0,2.0618179753531285,0,-6.551819649771572,0
TX001099,AC00157,train,-0.04639212543015969,0,-0.18051868508832558,0,-2.9002977353083574,0,-96.38953567692202,0,0.0,0,0.263521934920475,0,1.8889924984997764,0,-12.050558027747957,0
TX001100,AC00456,val,-0.06114767630824547,0,-0.1313981504733006,0,-1.0483721917091842,0,-90.44106956742185,0,0.0,0,0.35992268823982704,0,2.511892758153002,0,-11.118913810162521,0
TX001101,AC00271,val,-0.07346315799259256,0,-0.23588074638386836,0,-4.028287111733751,0,-101.10242644960832,0,0.0,0,0.052665048895310346,0,1.8736882351716728,0,-14.530951013123833,0
TX001102,AC00462,train,-0.07718373377330623,0,-0.21963250491401998,0,-2.2353247336188415,0,-97.15538240395216,0,0.0,0,0.165256636628765,0,2.296544995708794,0,-14.900391994343336,0
TX001103,AC00310,train,-0.07194113724966988,0,-0.1765868037345817,0,-1.8081267841804527,0,-93.87155410198619,0,0.0,0,0.26347337721268677,0,2.3052651517880407,0,-6.2050913630109905,0
TX001104,AC00189,train,-0.06222819521038736,0,-0.21253740007879673,0,-2.7400945808782238,0,-94.93147339260548,0,4.2146848510894035e-08,0,0.21618065059536382,0,1.9058103798068664,0,-12.107604899845844,0
TX001105,AC00328,train,-0.07422599342479569,0,-0.20036466707722433,0,-1.8593208236888996,0,-82.20641022970021,0,0.0,0,0.31937390480885436,0,1.9139601922650584,0,-4.279497063565768,0
TX001106,AC00057,val,-0.07664217079161106,0,-0.17580291142272775,0,-1.9984316927529706,0,-91.50925720475152,0,0.0,0,0.2847074197394116,0,2.087575658220849,0,-5.492269542213382,0
TX001107,AC00360,val,-0.03885504700756626,0,-0.1824861771961308,0,-2.485649710105693,0,-96.28648885177583,0,4.2146848510894035e-08,0,0.2326206108550853,0,1.9951825469914664,0,-11.038186097193943,0
TX001108,AC00209,train,-0.13230913347216644,0,-0.2550746798982355,0,-4.148366225360589,0,-100.4980570404092,0,0.0,0,0.10640233067506888,0,1.7615049960623532,0,-8.685628187941823,0
TX001109,AC00390,train,-0.027288330724722476,0,-0.1355488014199866,0,-2.055685599479893,0,-91.70972263829123,0,0.0,0,0.36343079108842097,0,2.564272353953537,0,-4.129954673888571,0
TX001110,AC00061,train,-0.09659205391126924,0,-0.25930407471870565,0,-3.481051873514054,0,-101.06230210419633,0,0.0,0,0.06945552009705007,0,1.395122668483288,0,-14.199474944766711,0
TX001111,AC00345,train,-0.0634654248139554,0,-0.12735955418589318,0,-0.48754052205476306,0,-79.6158313919563,0,0.0,0,0.42269240153764653,0,2.5016967174915226,0,-1.5809363981687303,0
TX001112,AC00254,train,-0.12412777249545198,0,-0.25066302588132006,0,-3.6496717191931713,0,-102.34829089441028,0,0.0,0,0.10521857857236452,0,1.3625509341758975,0,-8.74385919816718,0
TX001113,AC00271,train,-0.03140119648197426,0,-0.1907828435703678,0,-2.373547676012495,0,-97.24729902160078,0,4.2146848510894035e-08,0,0.2530224477520893,0,1.989824210166899,0,-11.737037753180404,0
TX001114,AC00451,train,-0.09218647994771523,0,-0.2601854292489374,0,-1.5913083445458307,0,87.34983420833866,1,0.0,0,0.3328670584789227,0,1.8989134822570637,0,-13.809794287613979,0
TX001115,AC00061,train,-0.11416756655792176,0,-0.26028368447521766,0,-3.453165313974524,0,-101.30732834359331,0,0.0,0,0.0,0,1.790248560487768,0,-9.087626900574504,0
TX001116,AC00245,train,-0.1021109448242255,0,-0.23959079677402617,0,-3.2006499829012123,0,-92.18445072994705,0,4.2146848510894035e-08,0,0.21479288137183936,0,1.6010820679112476,0,-8.059930252442047,0
TX001117,AC00105,val,-0.03556706051567604,0,-0.139881883087269,0,-1.4816842004461028,0,-92.29399838678992,0,0.0,0,0.30706604400471416,0,2.370640523506498,0,-9.552985986378856,0
TX001118,AC00122,train,-0.09832233284890535,0,-0.2441273174085905,0,-3.6844106026418197,0,-98.56968580382963,0,0.0,0,0.17639328584034328,0,1.8940333501407058,0,-5.945508108898449,0
TX001119,AC00202,train,0.001382441490363595,1,-0.018192178708365647,0,1.4497177538430606e-06,1,-38.14886833632207,0,2.5436593625451045,0,0.5484524659618091,1,3.263691540093267,1,7.994581938604813,1
TX001120,AC00423,train,-0.1008362124348054,0,-0.21238643958067271,0,-1.7221708428140277,0,-96.21730965908824,0,0.0,0,0.21192323226116871,0,2.106743779128596,0,-7.043201366948852,0
TX001121,AC00362,train,-0.04404077042583998,0,-0.09402974322994817,0,-0.4959395761876131,0,-90.57304440956061,0,0.0,0,0.33153885383277876,0,2.6311539437540734,0,-4.661584964078859,0
TX001122,AC00426,train,0.00011292263059314855,1,-0.2273560758804043,0,-0.16165622468483676,0,23.7658931187096,1,2.0722574081302634,0,0.018104129386398153,0,2.710796251841476,0,1.3091718992509116,0
TX001123,AC00204,train,-0.06019620400267539,0,-0.21950754852184784,0,-2.2854508172369448,0,-98.31910649999969,0,4.2146848510894035e-08,0,0.25294292840834415,0,1.9499743061408108,0,-7.769267416208628,0
TX001124,AC00369,val,-0.08087780181782916,0,-0.1953536851511315,0,-2.410976245533914,0,-96.10528894844018,0,0.0,0,0.26140882771294516,0,2.232519565415887,0,-14.12638526380686,0
TX001125,AC00365,val,-0.05693445751336418,0,-0.049825485591376895,0,-0.7171012770145611,0,-82.56940534296116,0,0.0,0,0.4184126523712556,0,3.2917912669342577,1,-1.6342730021292657,0
TX001126,AC00063,val,-0.049316351127683455,0,-0.17501625068107995,0,-1.1998056861886157,0,-93.57241650123785,0,0.0,0,0.22672068790025726,0,2.3094552365595855,0,-10.004780909062529,0
TX001127,AC00455,train,-0.08407122359176672,0,-0.20399393588750692,0,-3.1936417958780785,0,-95.90012321506131,0,0.0,0,0.31135624926792094,0,2.1196257577739965,0,-14.362929044042206,0
TX001128,AC00415,val,-0.021135194874867702,0,-0.07152897714294171,0,0.30089739195580467,1,-83.11474270265238,0,0.0,0,0.4101346459069327,0,2.8881718263253986,0,-1.4607704723990806,0
TX001129,AC00279,train,-0.1031012408333058,0,-0.25776506397874976,0,-3.6116337515259067,0,-102.89264831607032,0,0.0,0,0.0,0,1.794429357508589,0,-9.686668596281205,0
TX001130,AC00262,train,-0.08306645467999768,0,-0.19347263247495827,0,-1.6282612356302044,0,-93.89314052478163,0,4.2146848510894035e-08,0,0.23282473315978575,0,2.163315061709853,0,-6.211295759828854,0
TX001131,AC00306,train,-0.07835445682235026,0,-0.23549333588717847,0,-2.7038613203987376,0,-98.35771623846412,0,4.2146848510894035e-08,0,0.13504485630988455,0,1.8747485560579717,0,-14.659704825241278,0
TX001132,AC00164,train,-0.07424026586659643,0,-0.15304753536443827,0,-1.529050865972498,0,-91.13160531688317,0,0.0,0,0.3240134403606815,0,2.146887638422211,0,-11.893871407271215,0
TX001133,AC00236,train,-0.10440591562146434,0,-0.2512067600290301,0,-4.640391090601658,0,-101.11083296112372,0,4.2146848510894035e-08,0,0.1600236042913931,0,1.759141162476476,0,-8.82364379790447,0
TX001134,AC00095,val,-0.0013623969846934258,0,-0.10978791751190542,0,-2.3986300162976635,0,-74.39536625318624,0,0.0,0,0.40830297163750723,0,2.623013169429199,0,-2.837479481742137,0
TX001135,AC00016,train,-0.026111461125224444,0,-0.1344250559477118,0,-0.6708808897697569,0,-84.92606825663255,0,0.0,0,0.3945856338958833,0,2.472944303051133,0,-3.0300850654642537,0
TX001136,AC00386,val,-0.07124023659920375,0,-0.14242493613905016,0,-3.1093684434652777,0,-95.5158273788189,0,0.0,0,0.29041432031554804,0,2.210440836587766,0,-7.973639666163015,0
TX001137,AC00032,train,0.017070412166448223,1,-0.22578742796983264,0,-0.05922258281303705,0,32.253195874617674,1,2.426573574106749,0,0.5017475722417282,1,2.8507216087521567,0,12.216723168036236,1
TX001138,AC00152,train,-0.12864547431827056,0,-0.2622815883410601,0,-3.505716183867981,0,-101.6309994374955,0,0.0,0,0.0,0,1.6315486085635669,0,-9.995094738768023,0
TX001139,AC00020,train,0.00506826263733684,1,-0.011763444040063797,0,-1.0688337309416553,0,-60.33611235316401,0,0.0,0,0.4064716333556322,0,2.698814192510896,0,12.609946318088998,1
TX001140,AC00360,train,-0.0953453951354018,0,-0.22857483524062605,0,-2.551354471511643,0,-94.83478870220993,0,0.0,0,0.20466434999736713,0,1.7716484557716123,0,-7.148743065213096,0
TX001141,AC00286,train,-0.11250006453013456,0,-0.21788654389902118,0,-4.377118185323121,0,-99.62813770277903,0,0.0,0,0.23861967983827453,0,1.928083753613031,0,-8.694089585848003,0
TX001142,AC00241,train,-0.0720163900913044,0,-0.09190274268413678,0,-1.4871853633023493,0,-87.63435476472134,0,0.0,0,0.39731921860165686,0,2.47185508516126,0,-4.226789333409793,0
TX001143,AC00331,train,-0.07858162633414395,0,-0.2527613600633035,0,-2.9186499263756778,0,-95.69860872241657,0,0.0,0,0.2636300102754885,0,1.5553249894925587,0,-13.226477675848006,0
TX001144,AC00258,train,-0.10430318971347496,0,-0.2363539924488114,0,-3.2566476779951925,0,-99.79938258960024,0,0.0,0,0.13485623172428632,0,1.9116995194160016,0,-15.5185517105305,0
TX001145,AC00040,train,-0.08489471934737258,0,-0.23373910051615332,0,-0.6950028536425714,0,8.78611127848346,1,0.0,0,0.31421090739411867,0,2.073399721242683,0,-13.026457281146936,0
TX001146,AC00143,train,-0.11032390563267785,0,-0.24066271393567318,0,-2.9937112821916854,0,-97.31067799002838,0,0.0,0,0.1916113942714715,0,1.9254878151549932,0,-7.5629578586409245,0
TX001147,AC00068,train,-0.00995588379364254,0,-0.14352164538666923,0,-1.969406054004959,0,-74.84976596544514,0,0.0,0,0.3289204463941272,0,1.9177706796576757,0,2.119970649009482,0
TX001148,AC00052,train,-0.06978393241688308,0,-0.10414799399394603,0,0.0001582772051706982,1,-84.28676740116495,0,0.0,0,0.3260130812400494,0,2.3538704480210866,0,-2.2152192474041597,0
TX001149,AC00352,train,-0.056904137673261856,0,-0.21573506331579928,0,-2.05970719333476,0,-76.91740459857076,0,0.0,0,0.3053412849078869,0,2.1209814460796967,0,-12.4809311979493,0
TX001150,AC00254,train,-0.09931648036500351,0,-0.2146629100053843,0,-1.634182190155646,0,-89.29490086549089,0,0.0,0,0.3086312473683453,0,2.320591162413998,0,-13.05158369954773,0
TX001151,AC00100,train,-0.10017879621514592,0,-0.2360107016377362,0,-3.8835407724226814,0,-97.8823482544435,0,0.0,0,0.14676591339641512,0,1.8266328591356424,0,-13.018176905649664,0
TX001152,AC00412,val,-0.10715424573223836,0,-0.252740053873725,0,-2.96278918538768,0,-99.59101264695079,0,0.0,0,0.06484108672530765,0,1.9647915083296386,0,-8.91466781406541,0
TX001153,AC00012,train,-0.09121556347699983,0,-0.2575684493394984,0,-3.943515083102807,0,-101.4722371352106,0,0.0,0,0.07555144277796468,0,1.5747393324436965,0,-13.282067112719032,0
TX001154,AC00353,train,-0.07369186485388518,0,-0.21839146971254464,0,-2.022596921123209,0,-100.4401472118234,0,0.0,0,0.1770049937536821,0,2.0665144915197233,0,-13.546429319166476,0
TX001155,AC00445,train,-0.0675836539476824,0,-0.19801570315693962,0,-3.179555648946079,0,-82.4558625573126,0,0.0,0,0.30556821699508074,0,2.3066297740107675,0,-3.5949160043804285,0
TX001156,AC00281,train,-0.09186602115084214,0,-0.2447868386419324,0,-3.373505816363365,0,-99.29403631583912,0,0.0,0,0.15177517106208913,0,2.0300425036158654,0,-8.599720248403138,0
TX001157,AC00211,train,-0.016197954213685084,0,0.038358459824889835,1,-2.7329097391315367,0,-69.54223569972785,0,0.0,0,0.4671542941366857,1,2.7650446216160605,0,-2.8707495292344416,0
TX001158,AC00379,train,-0.022568312036169824,0,-0.10305860861418648,0,-0.46683703429549706,0,-89.72745146966398,0,0.0,0,0.3753975965230549,0,2.5115911511116815,0,-8.888101367319328,0
TX001159,AC00108,train,-0.10639084853873199,0,-0.24363560940444628,0,-3.7434945505462407,0,-95.62776320121498,0,0.0,0,0.139639776842563,0,1.5268117667001424,0,-14.962813922536416,0
TX001160,AC00243,train,-0.11432948576273871,0,-0.2603514542418721,0,-4.559025284736076,0,-101.5253641610972,0,0.0,0,0.11531339105882973,0,1.290309166030843,0,-13.566276812243762,0
TX001161,AC00032,train,-0.05978936400875201,0,-0.189898472631427,0,-2.7347502782060706,0,-93.32519578424501,0,0.0,0,0.2452358268394135,0,2.483750635053251,0,-5.5302402308678005,0
TX001162,AC00460,train,0.05867341222251543,1,0.1688727559180625,1,1.5676264910937192,1,-45.190815736657854,0,3.675712714851387,1,0.6501295293757982,1,4.300175858618642,1,16.077062387017993,1
TX001163,AC00459,train,-0.03707068503359312,0,-0.1322961796142439,0,-2.1688016960776357,0,-95.00897579537224,0,0.0,0,0.3675398951487319,0,2.3975654193654963,0,-11.110102087672313,0
TX001164,AC00309,val,-0.05175789890483873,0,-0.08561567031592054,0,-1.3746638842881689,0,-90.3182263920056,0,0.0,0,0.3594331472398885,0,2.6250324187903304,0,-4.2594605294018875,0
TX001165,AC00109,train,-0.042404903490576906,0,-0.10260926751635924,0,-0.6865779072193927,0,-85.4624492637719,0,0.0,0,0.36258775497382384,0,2.7781710511131856,0,-2.8513601049987503,0
TX001166,AC00393,val,-0.04275272091506388,0,-0.21016237282338546,0,-2.068608257921272,0,-62.36270349069342,0,8.429369702178807e-08,0,0.3732406922464541,0,2.149536401862262,0,-13.397208620160592,0
TX001167,AC00175,train,-0.06670582863590901,0,-0.2315398300421414,0,-3.1631774386587734,0,-100.0349910650851,0,0.0,0,0.19439620511674335,0,1.5936363423663416,0,-13.709099627918409,0
TX001168,AC00010,train,-0.09501835638960482,0,-0.1269806889884073,0,-1.1510376449587705,0,-91.6414332682161,0,0.0,0,0.31981783823467147,0,2.4995485053134017,0,-5.274206959486565,0
TX001169,AC00120,train,-0.07821995736644827,0,-0.04356940220863281,0,-2.962526363254759,0,-93.17572265043626,0,5.960464477539063e-08,0,0.42757471848712625,0,2.7042209899185554,0,-0.9416477255290672,0
TX001170,AC00477,train,-0.07195829504782003,0,-0.11756736918794441,0,-1.263999358452847,0,-94.18257321639248,0,5.960464477539063e-08,0,0.30965513461359406,0,2.4066247493829467,0,-5.529486770242244,0
TX001171,AC00410,val,-0.11248298824033548,0,-0.2169800851137187,0,-3.8227455388598566,0,-100.85939930034806,0,0.0,0,0.18908928611497006,0,2.1014911885464187,0,-14.59168688045753,0
TX001172,AC00044,train,-0.10239900724571221,0,-0.19604787325539186,0,-1.8246344482555061,0,-94.32805544478582,0,0.0,0,0.2542244765498245,0,2.338169050275905,0,-6.537831800226915,0
TX001173,AC00490,train,-0.06883260369581967,0,-0.23355507631144978,0,-2.4363566950375057,0,-96.43486507380752,0,0.0,0,0.14773849589947763,0,2.0563961616380237,0,-6.683828591051405,0
TX001174,AC00342,train,-0.08526062475150148,0,-0.22781259803216924,0,-2.225188858341812,0,-99.64228188440407,0,0.0,0,0.13725720788882845,0,1.8233244373415725,0,-13.741024066652967,0
TX001175,AC00462,train,-0.09535497307881075,0,-0.2523502429923198,0,-3.6942261356431105,0,-101.08013220342568,0,0.0,0,0.05338602067207427,0,1.5820401740989178,0,-16.491723218039297,0
TX001176,AC00267,val,-0.07483232030684694,0,-0.14466418857317165,0,-1.1687105505821043,0,-83.72640816010257,0,0.0,0,0.36759147119851854,0,2.3500579987638637,0,-4.020906193366752,0
TX001177,AC00363,train,-0.03270174213041788,0,-0.07075120486076036,0,-0.32599244466505706,0,-92.08573466810185,0,0.0,0,0.3656469721656627,0,2.735683376253723,0,-2.772681400929162,0
TX001178,AC00211,val,-0.065328405750947,0,-0.2152998947664453,0,-1.4610625754800148,0,-96.74700513355775,0,0.0,0,0.1778829888878829,0,2.1189735042043147,0,-11.743629144986162,0
TX001179,AC00204,train,-0.0488360784676804,0,-0.1774306151502818,0,-1.1302163240762653,0,-88.52399512569414,0,0.0,0,0.23244414183594597,0,2.196802228635813,0,-4.306155434276744,0
TX001180,AC00456,train,-0.008482445220732493,0,-0.027213382977627765,0,-0.5732027615818058,0,-78.35473356997798,0,0.0,0,0.4666468917831632,1,2.7596133610280793,0,-1.318705256397182,0
TX001181,AC00016,train,-0.07105668953538469,0,-0.14787213347660733,0,-4.149411827755952,0,-76.01119933021421,0,0.0,0,0.37736537071341647,0,2.298875624411808,0,2.0905117580009147,0
TX001182,AC00093,train,-0.08325269046373923,0,-0.16034417919106403,0,-2.0256815473346306,0,-97.5526375883127,0,0.0,0,0.2922176923108076,0,2.1264677604444344,0,-11.994975522813398,0
TX001183,AC00401,train,-0.05438713131692369,0,-0.1610497902531145,0,-1.7196518758268402,0,-90.44009491120661,0,5.960464477539063e-08,0,0.2442284416468472,0,1.9499538516841362,0,-10.621231270429309,0
TX001184,AC00366,train,-0.08684040579968827,0,-0.18974456400380801,0,-2.1582827849369783,0,-96.27814051893304,0,0.0,0,0.2720121283328782,0,2.4039568836780156,0,-12.313254488454806,0
TX001185,AC00107,train,-0.057265810514701976,0,-0.13483815753143857,0,-1.3051893695308356,0,-93.17116221052477,0,0.0,0,0.3057519415820239,0,2.1204735892356714,0,-6.055581071210347,0
TX001186,AC00060,val,-0.062244636174689894,0,-0.20269429386334004,0,-2.4359072140654634,0,-92.4872190382581,0,0.0,0,0.29578834412446603,0,2.258656397347052,0,-5.855871204052698,0
TX001187,AC00384,train,-0.027292666829897616,0,-0.09174444145596605,0,-1.7200241422537834,0,-89.32771753112046,0,0.0,0,0.32120403191315755,0,2.464973648785462,0,-7.166454494494379,0
TX001188,AC00483,train,-0.11877262896359847,0,-0.22577401337197323,0,-1.7988879357007237,0,-95.80137302875471,0,0.0,0,0.17079180480341663,0,2.041141173103154,0,-7.260825579177694,0
TX001189,AC00126,train,-0.05193875398997028,0,-0.1419773899356236,0,-2.98278528035988,0,-94.46004855867534,0,0.0,0,0.31598101728840633,0,2.356299593478497,0,-0.2484445043492026,0
TX001190,AC00437,val,-0.0397686924955557,0,-0.16877298718356193,0,-1.3905917989993997,0,-89.80833867051213,0,0.0,0,0.248200248347481,0,2.027610578858544,0,-10.90702566074543,0
TX001191,AC00382,train,-0.03691899604253879,0,-0.1429256697415966,0,-2.684076156546891,0,-96.1116145524641,0,0.0,0,0.22079370876920085,0,2.1740008929522876,0,-11.550155666277545,0
TX001192,AC00339,train,-0.07978005835777346,0,-0.19893707627348722,0,-1.8700744661863498,0,-93.63354493893044,0,0.0,0,0.3185790665242747,0,2.3222197483460016,0,-12.959407797317425,0
TX001193,AC00498,train,0.028884276797257247,1,-0.06617333999498998,0,0.5876494828807806,1,200.07352331711735,1,2.731055885705642,1,0.5546796237991886,1,4.153599191882291,1,-6.996351248348328,0
TX001194,AC00178,val,-0.0743931671680495,0,-0.23111973857081392,0,-1.9689361634104747,0,-98.63937458572455,0,0.0,0,0.16722541372662986,0,1.8460687072349686,0,-13.135294093926582,0
TX001195,AC00201,val,-0.0637066167135692,0,-0.21444281161782852,0,-3.1381098333276762,0,-96.14555918880234,0,0.0,0,0.19304924946640764,0,1.7264985125221999,0,-6.836753324437951,0
TX001196,AC00124,train,-0.09642228696535227,0,-0.24486729353422731,0,-3.0693596288466845,0,-99.51093243823792,0,0.0,0,0.0,0,1.8286630051021524,0,-13.625281988219644,0
TX001197,AC00404,train,-0.0512137344336262,0,-0.046536413024280465,0,-0.0001420881348455083,0,-78.61688222706749,0,0.0,0,0.4921531621212849,1,3.4649251773350986,1,-0.18445723661799238,0
TX001198,AC00347,train,-0.1044896001023286,0,-0.22655273459627456,0,-3.216923484669157,0,-92.90743210092154,0,0.0,0,0.21234332161279898,0,1.7422124937309291,0,-7.1156650175785705,0
TX001199,AC00480,train,-0.051857478703516036,0,-0.16354544029785623,0,-1.1170517467829573,0,-91.60265215204782,0,0.0,0,0.3695804623905377,0,2.5008339645756372,0,-4.612594445236429,0
TX001200,AC00303,train,-0.10457293907842374,0,-0.2587900415305542,0,-3.8937041252483473,0,-101.49342012911332,0,0.0,0,0.06865122632383744,0,1.6588802258533364,0,-15.435385866458324,0
TX001201,AC00249,train,-0.08295503989487069,0,-0.19924533945852319,0,-2.212754953254854,0,-93.41813743625498,0,0.0,0,0.22324851341364735,0,1.8647021659962377,0,-6.637096764420685,0
TX001202,AC00263,train,-0.07262448849223324,0,-0.20427769449071076,0,-2.224089074546133,0,-93.15933219692255,0,0.0,0,0.15372857596225498,0,2.1620983666106066,0,-6.211205333416393,0
TX001203,AC00108,train,-0.08365035266923343,0,-0.2070975708114562,0,-3.520706298383341,0,-97.7491753669927,0,0.0,0,0.1301637984558451,0,1.9923250689761087,0,-7.881404836843153,0
TX001204,AC00490,train,-0.10245661559740338,0,-0.24118665208553214,0,-3.647022473173558,0,-100.23912619126517,0,0.0,0,0.1387154662013243,0,1.7893210474472565,0,-8.333131761677668,0
TX001205,AC00411,val,-0.10361748292122835,0,-0.13651469042281117,0,-2.874768180985419,0,-86.44528865320576,0,0.0,0,0.25624140188426625,0,2.4150883292146186,0,2.7586605054194955,0
TX001206,AC00087,train,-0.06394686867177374,0,-0.1677911671698884,0,-1.048877669141281,0,-94.26312158249365,0,5.960464477539063e-08,0,0.3188837109001162,0,2.5118450936024117,0,-12.076434111071807,0
TX001207,AC00196,train,-0.06182740330402908,0,-0.20125157640787372,0,-2.272882521515606,0,-87.81994751932153,0,0.0,0,0.1874330445393433,0,1.772998445173338,0,-11.300029943859109,0
TX001208,AC00267,train,-0.03769632356489694,0,-0.16000477309018235,0,-1.39269614899436,0,-92.04939202756506,0,0.0,0,0.3231971726858058,0,2.48956554899099,0,-8.828822904025026,0
TX001209,AC00267,val,-0.09584903185238514,0,-0.22841172854048608,0,-3.668889188192005,0,-101.2205523127065,0,0.0,0,0.16433210329213285,0,1.843299615881948,0,-12.976683718109504,0
TX001210,AC00125,train,-0.0431015754377323,0,-0.24283788318707877,0,-3.2166154340029705,0,-100.04273197551586,0,0.0,0,0.03399267447377219,0,1.3297746367648924,0,-13.509541141921465,0
TX001211,AC00428,train,-0.08272244763924103,0,-0.22401109202244163,0,-2.759099237791655,0,-101.03624515695556,0,0.0,0,0.2977360578969926,0,2.124539682155115,0,-14.165534100180082,0
TX001212,AC00477,train,-0.07456390590962025,0,-0.16475271926742208,0,-2.5344147562314836,0,-94.73668239419534,0,0.0,0,0.3307859767986028,0,2.302879501796861,0,-13.391418147806426,0
TX001213,AC00417,train,-0.0566682719358953,0,-0.16343102407456733,0,-2.0395437363208133,0,-93.3571829586997,0,4.2146848510894035e-08,0,0.2782237203557629,0,2.1084137176280513,0,-6.583751370262459,0
TX001214,AC00170,val,0.07019169038551598,1,-0.22019488374400287,0,0.47510388073385457,1,59.304968366762424,1,2.2127673876821645,0,0.487735727338134,1,2.8948075985950372,0,50009.9186119803,1
TX001215,AC00147,train,-0.1238006657667266,0,-0.2376058549676845,0,-4.065049154785828,0,-99.10582629786039,0,0.0,0,0.20129096492039847,0,1.686682042034462,0,-9.084272839970426,0
TX001216,AC00097,train,-0.0860775125915138,0,-0.23977584089903736,0,-3.6475987475907177,0,-100.36471849036442,0,0.0,0,0.16148826278671954,0,2.0156717226503194,0,-14.110365140853261,0
TX001217,AC00433,val,-0.06610578155349361,0,-0.012151641318688622,0,-0.699625439084901,0,-83.20118351465818,0,5.960464477539063e-08,0,0.4753700749123467,1,3.4300904752401906,1,1.9704033936130543,0
TX001218,AC00381,train,-0.06106934662620267,0,-0.2072234706362901,0,-2.4720192794701026,0,-91.46058651154755,0,4.2146848510894035e-08,0,0.21035820785292986,0,1.9690238794960706,0,-7.349653717745581,0
TX001219,AC00398,train,-0.08971763571535452,0,-0.2616723162926188,0,-1.5667812062923376,0,87.51295022394588,1,0.0,0,0.0,0,1.5955852903840764,0,-13.357430230990833,0
TX001220,AC00029,train,-0.08924240023353269,0,-0.17588410643389318,0,-2.384859911030655,0,-94.24387579598573,0,0.0,0,0.2844185356553657,0,2.1260159564963477,0,-6.2565980099015714,0
TX001221,AC00291,train,-0.10985246118870828,0,-0.22694711067543594,0,-3.0520924556181894,0,-99.99524510607206,0,0.0,0,0.20601822928396507,0,2.0639184182451493,0,-2.7583206276024237,0
TX001222,AC00431,train,-0.06381571807923242,0,-0.1956317711850224,0,-4.063003548846981,0,-95.54251384628546,0,0.0,0,0.28836580937761136,0,2.177546223388121,0,-12.372613494289933,0
TX001223,AC00275,train,-0.0928149292145205,0,-0.13805117721992244,0,-2.2566313872300165,0,-88.1391322263411,0,0.0,0,0.259950063215896,0,2.136769566351312,0,-5.685477870425027,0
TX001224,AC00093,val,-0.08260899510476727,0,-0.2219916780681721,0,-2.7803300645123104,0,-98.06892330362166,0,4.2146848510894035e-08,0,0.14416488983314008,0,1.9492304876086108,0,-7.443967486188515,0
TX001225,AC00442,train,-0.09071093530466068,0,-0.15758021900673325,0,-1.5516081069783132,0,-88.23054836472386,0,0.0,0,0.3433282672303313,0,2.530536629368147,0,-5.739026521620214,0
TX001226,AC00465,train,-0.11020004757320961,0,-0.2507904048590669,0,-2.5904360317428727,0,-98.37471712531185,0,0.0,0,0.14231642724133134,0,1.8052806041793463,0,-9.243238052959745,0
TX001227,AC00158,val,-0.02911991990808993,0,-0.17615085083844417,0,-3.408070536666698,0,-96.360522326967,0,0.0,0,0.2897410753985282,0,1.9975356664120785,0,-9.744808035522924,0
TX001228,AC00334,train,-0.0717610301517681,0,-0.18573522268676834,0,-2.670902270313449,0,-97.97100952693074,0,0.0,0,0.3129908258552613,0,2.5203438687050177,0,-13.475236205376365,0
TX001229,AC00093,train,-0.06500519555539663,0,-0.14134691326380122,0,-1.2724222665289284,0,-93.3729461474473,0,5.960464477539063e-08,0,0.3856888306980057,0,2.8026710407746735,0,-10.262807263815455,0
TX001230,AC00229,val,-0.06617062524418293,0,-0.20630584411080166,0,-1.6114624456338644,0,-95.21384461962839,0,5.960464477539063e-08,0,0.21694707686338177,0,2.185423489546252,0,-13.466762074440043,0
TX001231,AC00373,train,-0.04528086811754228,0,-0.10197370050026344,0,-1.1186686064097442,0,-84.40461826338532,0,0.0,0,0.3913840430386589,0,2.4870682779478073,0,-8.67012228915035,0
TX001232,AC00328,val,-0.12520471771806385,0,-0.2758265863653615,0,-4.557125645303622,0,-100.57353615442155,0,2.9802322387695312e-08,0,0.07240355050678707,0,0.9590209406463829,0,-9.95865278409542,0
TX001233,AC00160,train,-0.08679317814649956,0,-0.13467277989597193,0,-1.7047786516288381,0,-91.6882540685022,0,0.0,0,0.31893145174910814,0,2.783142459596112,0,0.7201085213682407,0
TX001234,AC00014,train,-0.07487001999197151,0,-0.26581583816860976,0,-0.4885549962897491,0,49.97381028041268,1,0.0,0,0.3310896157730512,0,1.8970957657622658,0,-12.13063109942054,0
TX001235,AC00090,train,-0.08385863535846527,0,-0.18247355370616902,0,-2.6879832521773297,0,-83.3811099376197,0,0.0,0,0.2879133073422112,0,2.0428510376652675,0,-6.8941675205724655,0
TX001236,AC00053,train,-0.06527136867587835,0,-0.16849768356146755,0,-2.0812519831497474,0,-89.48958230613997,0,5.960464477539063e-08,0,0.3045742479662591,0,2.1780871093253946,0,-5.359684096121849,0
TX001237,AC00478,train,-0.037173814117208215,0,-0.2065326709534514,0,-2.3563967668849743,0,-95.90353544709708,0,0.0,0,0.19268863691773516,0,1.9157821272279234,0,-11.471282605154087,0
TX001238,AC00356,train,-0.10573270431716947,0,-0.23343663447039664,0,-3.3819859509582413,0,-99.11669141822208,0,0.0,0,0.175641847203202,0,1.7072552830844823,0,-7.336737692412476,0
TX001239,AC00244,train,-0.004461960325868097,0,0.09520141049496345,1,2.6331262342107262,1,292.8005474542282,1,3.544298158744378,1,0.657622147605243,1,5.021728963921109,1,-4.324036167510141,0
TX001240,AC00103,train,-0.10465935587926378,0,-0.2511196469022072,0,-4.13285922475193,0,-102.27874492244125,0,0.0,0,0.08023232305954858,0,1.5769535049764896,0,-9.191232243187331,0
TX001241,AC00053,train,-0.13868868630028414,0,-0.2506465684048136,0,-4.200334137079698,0,-97.25094227826207,0,2.9802322387695312e-08,0,0.17216606754305464,0,1.7995781264381558,0,-9.281967308172796,0
TX001242,AC00151,val,-0.05580967372728651,0,-0.17591395856745362,0,-2.4640922517165267,0,-94.94490894790279,0,0.0,0,0.2991054085893825,0,2.0849615876583267,0,-6.013952168123249,0
TX001243,AC00494,train,-0.07831912983926187,0,-0.23061111398325362,0,-1.978744729924343,0,-65.11405609470211,0,0.0,0,0.30384374488689614,0,2.249207733527909,0,-13.66157287386553,0
TX001244,AC00219,train,0.0004561260210056428,1,0.0002854298809851219,1,0.02786383488793298,1,-86.55537373471195,0,0.0,0,0.4210285067403147,0,3.02955586374214,0,-9.03969507874912,0
TX001245,AC00202,train,-0.020491111899873182,0,0.018234117540403272,1,-0.4865370268099385,0,-83.96150648884935,0,5.960464477539063e-08,0,0.4773007691367626,1,3.4040235031579966,1,-0.6920384728357623,0
TX001246,AC00254,train,-0.07689385879718424,0,-0.061951644920250626,0,-3.667093592501552,0,-92.97282646557332,0,4.2146848510894035e-08,0,0.40294733806771504,0,2.2979892685634025,0,8.12741493915922,1
TX001247,AC00285,train,-0.13113574858256427,0,-0.2619909555740967,0,-2.9943430462514558,0,-100.11254526179785,0,2.9802322387695312e-08,0,0.0,0,1.5388892158607461,0,-9.903839861507537,0
TX001248,AC00071,val,0.016744551483592662,1,-0.06519274916294027,0,0.0936129726438919,1,0.38850619059630276,1,2.349367973807541,0,0.5097767299540251,1,3.011614815566014,0,1.7784356040595264,0
TX001249,AC00073,train,-0.08646548745126809,0,-0.19639472796247248,0,-2.7715425736130195,0,-97.98844676770157,0,0.0,0,0.23052970486919883,0,2.275953881528474,0,-10.819961248106331,0
TX001250,AC00383,train,-0.08418709097868293,0,-0.19382905473495549,0,-3.1052243500922154,0,-95.2654711684529,0,0.0,0,0.26410862045856776,0,1.8707178751089726,0,-11.416543600987039,0
TX001251,AC00326,train,-0.06413728656916667,0,-0.24719867120849626,0,-3.6459360196310433,0,-99.72521975767074,0,0.0,0,0.048262400578141684,0,1.8091281561313335,0,-12.387716501707173,0
TX001252,AC00153,val,-0.09246894887548479,0,-0.18962375146821042,0,-2.5689801393904093,0,-94.60161038818134,0,0.0,0,0.2902676769629589,0,2.131165733218689,0,-12.849952779273552,0
TX001253,AC00460,train,-0.0514743626025001,0,-0.16704989030487427,0,-1.0264744033476472,0,-90.94233471319858,0,0.0,0,0.3117888607438063,0,2.4858352189787216,0,-4.611341613070162,0
TX001254,AC00439,train,0.0043880387556025635,1,-0.060623745814549324,0,-1.2520805831434005,0,-63.99128867335816,0,0.0,0,0.4571933849893667,0,2.605268710678367,0,10.449833834800312,1
TX001255,AC00070,train,0.008082475657091859,1,-0.16845328114517621,0,0.5139899714681242,1,-23.893031507417433,0,3.3501702486172054,1,0.5855743026360055,1,3.272143938979448,1,5.030689403763942,1
TX001256,AC00086,val,-0.03316985914433779,0,-0.22601934715258487,0,-0.9291224627245604,0,124.10235988073477,1,0.0,0,0.4343210921226064,0,2.745077858373482,0,-10.667319388650732,0
TX001257,AC00330,train,-0.02645666745834019,0,-0.036159432557496096,0,-0.6304447253787417,0,-87.7654656831406,0,0.0,0,0.3993490286340898,0,2.8158471746540275,0,-1.7678309366784462,0
TX001258,AC00027,train,-0.024816794511811846,0,-0.05150967437475207,0,-0.7538192422150578,0,-88.47848692722403,0,0.0,0,0.46042961236517976,0,2.7429449139215714,0,-8.621066565390642,0
TX001259,AC00020,train,0.016641577574562527,1,0.10777541347117259,1,0.9700316672983345,1,667.9339598267516,1,5.637440212814906,1,0.5577930409259508,1,8.310133187836515,1,-4.545361561235091,0
TX001260,AC00232,train,-0.05224881236255158,0,-0.19341918120085722,0,-2.329346002525358,0,-95.39110740816149,0,0.0,0,0.263505102251232,0,2.1420551295257684,0,-11.09535410998116,0
TX001261,AC00247,train,-0.09918603740728471,0,-0.15698879419528855,0,-2.2945534835511348,0,-83.2361553390708,0,0.0,0,0.34769166479605185,0,2.244173974655762,0,-3.959332131403253,0
TX001262,AC00136,train,-0.02578266715485067,0,-0.1959786299613906,0,-2.6765391180269544,0,-76.37733678254983,0,0.0,0,0.24971494578939296,0,1.815481381792506,0,-3.2570006240025657,0
TX001263,AC00322,train,-0.09427871138340416,0,-0.2103310824582536,0,-3.426077019653401,0,-95.45105625751454,0,0.0,0,0.2719090214754904,0,2.3383070574557667,0,-2.8382853975013784,0
TX001264,AC00461,val,-0.048031676776206234,0,-0.1041287730132181,0,-2.0251343593486633,0,-91.02569637637549,0,0.0,0,0.32541587047471804,0,2.67743572244843,0,-9.303068733026501,0
TX001265,AC00079,train,-0.07213614261647339,0,-0.21086796115152318,0,-3.1233522870669157,0,-97.66844863689161,0,0.0,0,0.21742302459297322,0,1.8709423774512755,0,-12.898895940438868,0
TX001266,AC00176,train,-0.024120573529841094,0,-0.024634317841576214,0,0.217264276210007,1,-80.6334202545078,0,0.0,0,0.49391138314528177,1,3.712841916680155,1,-7.103647900268738,0
TX001267,AC00417,train,-0.04755762896977106,0,-0.15793405495354307,0,-1.5648949900561009,0,-92.40986735474866,0,0.0,0,0.22106842412840924,0,1.987781332549937,0,-10.835636087099848,0
TX001268,AC00260,train,-0.08436306836103397,0,-0.1537370544106913,0,-2.1026003430936973,0,-93.89741999737791,0,0.0,0,0.30472801187579446,0,2.037633334558299,0,-4.79106980928004,0
TX001269,AC00471,train,-0.07792729079460092,0,-0.23856644288676088,0,-1.497735037093169,0,-13.27303740129409,0,0.0,0,0.0018258499601306675,0,1.7548898366731291,0,-13.814071673226374,0
TX001270,AC00231,train,-0.1146100631963492,0,-0.26902307603069664,0,-3.644278059454609,0,-100.27441790669384,0,0.0,0,0.04864146164072934,0,1.8082860789298045,0,-9.52081154697626,0
TX001271,AC00184,train,-0.046770247839350854,0,-0.15819810732410322,0,-1.7739290501516836,0,-93.064852010315,0,0.0,0,0.3384683873593622,0,2.3079397153496055,0,-10.2925291477733,0
TX001272,AC00475,train,-0.042102570776218484,0,-0.19742032664099107,0,-2.9840132568300737,0,-97.36658206509021,0,0.0,0,0.273506548408841,0,2.009459939104585,0,-12.001877659092479,0
TX001273,AC00329,val,-0.08407144843036168,0,-0.17731980887719656,0,-1.80331740735451,0,-91.20399941561507,0,0.0,0,0.28963452631755804,0,2.3018535101984368,0,-6.03306474743085,0
TX001274,AC00431,val,0.05528850708921762,1,-0.1307245895636857,0,-0.4852886935570355,0,274.78616982457515,1,2.6381960617124305,0,0.5125368595275392,1,4.603237970484919,1,3.2542681007180065,0
TX001275,AC00398,train,-0.025391279481276063,0,-0.1047498221332126,0,-0.9504746016905656,0,-67.5440636038177,0,0.0,0,0.4596725528884997,0,2.5114835918722958,0,-0.32417243364935633,0
TX001276,AC00221,train,-0.08954496481358448,0,-0.21289507971815613,0,-2.485445196958273,0,-99.33259676233277,0,0.0,0,0.22970729107160198,0,2.1566659477281065,0,-13.510723339089383,0
TX001277,AC00299,train,-0.09868970322617038,0,-0.21546142364405463,0,-1.9488286717417465,0,-95.78364635608256,0,4.2146848510894035e-08,0,0.18973354171210338,0,2.1007967718802614,0,-6.721691511113566,0
TX001278,AC00266,train,-0.11555733292347137,0,-0.2302069468035972,0,-2.87131905245407,0,-96.39316647044922,0,4.2146848510894035e-08,0,0.22189398733010054,0,1.8714793621561796,0,-8.770098138192097,0
TX001279,AC00297,train,-0.057438809719967954,0,-0.24591472940665327,0,-0.8735794764752178,0,-4.44260413337301,0,0.0,0,0.3970036950623675,0,1.9330736533968498,0,-11.373345934440312,0
TX001280,AC00373,train,-0.1032209868152853,0,-0.23442710751478124,0,-2.640324202500101,0,-97.69730965910065,0,0.0,0,0.1453114601666134,0,2.082227306767682,0,-8.114190606479669,0
TX001281,AC00489,train,-0.02149637913762059,0,-0.18601252392897694,0,-2.793943118276858,0,-90.51893144787071,0,0.0,0,0.31503781344438614,0,2.3646335340029285,0,-10.198950176564118,0
TX001282,AC00128,val,0.010781506977735278,1,-0.2409249297942283,0,-1.1727686761407439,0,4.493085226009569,1,1.1920928955078125e-07,0,0.367593068757663,0,1.873319686702833,0,2.5044150646935734,0
TX001283,AC00409,train,-0.035604288630129544,0,-0.14703591897578705,0,-0.2370410886848111,0,-79.42066135064943,0,0.0,0,0.35447704447450096,0,2.2238026501261765,0,-1.7484320433896723,0
TX001284,AC00410,train,0.02579197963279589,1,-0.21621258256131548,0,0.12674341301540437,1,33.93628724729483,1,2.1799885437237867,0,0.5055526416208662,1,3.079903218287725,0,8.19814853794375,1
TX001285,AC00360,train,-0.123330253171888,0,-0.22667057341140362,0,-3.692962068829323,0,-93.6348294861093,0,0.0,0,0.11028330695877032,0,1.7737789318490738,0,-8.304996210111403,0
TX001286,AC00422,val,-0.08255861362794487,0,-0.23108106465607947,0,-2.871488648616496,0,-99.8008044919908,0,0.0,0,0.16136716749876026,0,1.8410213084730838,0,-13.49793198557841,0
TX001287,AC00225,val,-0.049875658113090915,0,-0.17009258282117967,0,-1.77818386645533,0,-94.0469900380749,0,0.0,0,0.3026278385094662,0,2.576826607696728,0,-11.23237043608078,0
TX001288,AC00261,train,-0.07173704305976886,0,-0.1572950000182145,0,-1.1225176517682804,0,-94.12483728348545,0,0.0,0,0.23781803184655967,0,2.449616685541953,0,-3.988381581221545,0
TX001289,AC00468,val,-0.04438790818404198,0,-0.1872131335277889,0,-2.254135042385964,0,-90.55117396140778,0,0.0,0,0.2716789138967311,0,1.7568368218838342,0,-6.410809879084083,0
TX001290,AC00138,train,0.027524827759152437,1,-0.1569826845102995,0,0.4999383785072,1,133.61250882006772,1,1.9485886657067408,0,0.47069024845522045,1,2.9790510751157764,0,-9.219479276678436,0
TX001291,AC00013,train,-0.10820531072508371,0,-0.21053140212411625,0,-4.034665239678154,0,-99.04177091023787,0,0.0,0,0.2381581725099911,0,2.0902671268534405,0,-2.4021160155165404,0
TX001292,AC00275,train,-0.05823721382300606,0,-0.19083076909600827,0,-2.620420833294266,0,-93.20039615525394,0,5.960464477539063e-08,0,0.27201099798889516,0,2.279600291820359,0,-11.959187837192696,0
TX001293,AC00125,train,-0.08361855740202867,0,-0.17063323449978962,0,-3.096737591660241,0,-93.10561204183304,0,0.0,0,0.31671391996122483,0,2.2066467956483047,0,-6.2658532912063905,0
TX001294,AC00200,train,-0.09172325652400853,0,-0.14376383021824113,0,-0.8614739058076646,0,-92.52875915111734,0,0.0,0,0.36654140892402975,0,2.5760994750055546,0,-5.588710975640228,0
TX001295,AC00213,train,-0.11147013390828886,0,-0.24537920883382414,0,-4.476815819449921,0,-101.83961628736859,0,0.0,0,0.045074952823012944,0,1.7414435274250268,0,-15.106339608870647,0
TX001296,AC00035,train,-0.03264534167056343,0,-0.19578604917505626,0,-1.4579477611381693,0,-94.05838108470549,0,0.0,0,0.25188080474956415,0,2.215888840873766,0,-10.198944710816738,0
TX001297,AC00070,train,-0.07655238983562063,0,-0.2186938656450732,0,-3.0360661050166984,0,-98.126831489396,0,0.0,0,0.2141972076390767,0,1.988558180288767,0,-11.825114862078294,0
TX001298,AC00275,train,-0.08780743524029633,0,-0.20725937177301068,0,-2.700135105667628,0,-93.8556254801496,0,0.0,0,0.3444381788519423,0,2.0662617587334062,0,-12.188014117563677,0
TX001299,AC00060,train,-0.11977687786183644,0,-0.2450766258060948,0,-2.8427827086391693,0,-97.56795519997135,0,0.0,0,0.1785404041845857,0,1.5886106437362042,0,-14.54408481885723,0
TX001300,AC00304,val,0.0021243398045267536,1,0.10782591665558594,1,-1.1864781699428617,0,-82.13693035649246,0,2.482868145275427,0,0.5437164391686027,1,3.4588918746537556,1,9.538809186131372,1
TX001301,AC00372,train,-0.05990585891805611,0,-0.1398202985581245,0,-1.9992027352667376,0,-83.88792688816037,0,5.960464477539063e-08,0,0.33820907044972925,0,2.285573417132666,0,-2.08528277500059,0
TX001302,AC00498,train,-0.021906007373713288,0,-0.09899253639179295,0,-0.8898663215467542,0,-71.54166908412593,0,0.0,0,0.3708742472857201,0,2.424151257596449,0,2.0345043563901344,0
TX001303,AC00465,val,-0.09305263441874229,0,-0.22902722588553148,0,-2.5492029775795215,0,-97.5381113701003,0,0.0,0,0.18513495243284328,0,1.9104414906310203,0,-7.33330073347287,0
TX001304,AC00396,val,-0.04180981305920706,0,-0.15245286765593513,0,-1.5893674380413172,0,-95.28043418549882,0,0.0,0,0.2674597397069451,0,2.2457769809031585,0,-11.256241646087155,0
TX001305,AC00083,train,-0.08402072637074115,0,-0.1886850793894559,0,-2.8174870653131956,0,-97.9981968615286,0,0.0,0,0.07824078121175554,0,2.0796757054512285,0,-11.607360695848177,0
TX001306,AC00479,train,0.03535918929403736,1,-0.025473600311704425,0,0.30630643754106845,1,-42.75066957079957,0,2.534741576622652,0,0.5347799264759626,1,3.6114478058809785,1,4.680941564108955,1
TX001307,AC00091,train,-0.12669800935474262,0,-0.2334052778608411,0,-2.8084253245281383,0,-98.81196646030466,0,0.0,0,0.14194927326381335,0,1.7457690387080425,0,-9.284083034144407,0
TX001308,AC00024,train,-0.06329019974200789,0,-0.1925372071905167,0,-2.701812676668717,0,-80.73437539655052,0,0.0,0,0.27611029339473225,0,2.2505506962213038,0,-5.136571799259005,0
TX001309,AC00366,train,-0.11679287794376714,0,-0.2691022041123081,0,-4.305623409396934,0,-96.52262715387852,0,0.0,0,0.15878875251935612,0,1.7444187914293228,0,-8.425755070815196,0
TX001310,AC00470,val,-0.021977184295009278,0,0.0012091997826051415,1,-1.896364572073984,0,-85.28820806990544,0,0.0,0,0.45813318307617473,0,2.686644104263708,0,10.965017262717208,1
TX001311,AC00032,val,-0.03146187725497329,0,-0.17855919888609817,0,-1.9872158611812774,0,-75.96541094329513,0,0.0,0,0.3217266992978095,0,2.1830776491195,0,-10.239698226834381,0
TX001312,AC00136,val,-0.08715378615111186,0,-0.19867838320628306,0,-1.713643781219388,0,-82.64191129338722,0,0.0,0,0.25203013974203037,0,2.2740636168452557,0,-5.666898672292481,0
TX001313,AC00001,train,-0.040581647140685684,0,-0.10419784598979343,0,-0.5124792652930967,0,-92.75672593820242,0,0.0,0,0.36540983262567295,0,2.411941728030333,0,-11.858377179157728,0
TX001314,AC00187,train,-0.13594080001604703,0,-0.26598024566686196,0,-4.356798401721188,0,-97.69803690162401,0,0.0,0,0.035956359668749514,0,1.6757870242021322,0,-9.507291455774931,0
TX001315,AC00452,train,-0.08985688228708749,0,-0.17577539433249134,0,-0.9673637165910778,0,-81.59381986993705,0,5.960464477539063e-08,0,0.29237168788857276,0,2.6101883101970893,0,-4.5213475044320175,0
TX001316,AC00036,train,-0.08864033579290598,0,-0.24485007739050402,0,-3.830215299665441,0,-101.5727669423206,0,0.0,0,0.054678860709893834,0,1.4281763311995719,0,-14.358627710829728,0
TX001317,AC00125,train,-0.10127938034624873,0,-0.21178442668201192,0,-3.2160844391272088,0,-97.15707641904507,0,4.2146848510894035e-08,0,0.2301850489141982,0,2.280271849754395,0,-7.198342875556176,0
TX001318,AC00403,val,-0.11986909292967712,0,-0.22546357331008893,0,-3.6998755833034833,0,-92.17992625659038,0,0.0,0,0.17121838807149228,0,1.7999890495871471,0,-8.248934966863713,0
TX001319,AC00264,train,-0.1187738905720554,0,-0.25085047434216035,0,-2.792154705842962,0,-99.88256231284194,0,0.0,0,0.11386669272543151,0,1.8872496657770843,0,-8.876104241838119,0
TX001320,AC00123,train,-0.11357794920032027,0,-0.2519882585604396,0,-3.7252165489456806,0,-97.55500456153304,0,2.9802322387695312e-08,0,0.17626309531854253,0,1.87064618155359,0,-9.516406058155058,0
TX001321,AC00298,train,-0.07122390908807741,0,-0.17101768294273145,0,-2.1493272427680354,0,-93.77277780739578,0,0.0,0,0.22986870871002194,0,1.99831371452395,0,-11.289937037591766,0
TX001322,AC00235,val,-0.11609506765492378,0,-0.22806403876210912,0,-2.185325334024493,0,-94.7720552967568,0,0.0,0,0.16502952321507544,0,1.9848102417884814,0,-8.153017998484911,0
TX001323,AC00259,train,-0.0974761898052029,0,-0.23242035741311096,0,-3.350570706368674,0,-101.36520105850818,0,0.0,0,0.07884069264947566,0,1.6411619540776385,0,-14.475190379196734,0
TX001324,AC00329,train,-0.0958618653502919,0,-0.1861250288734977,0,-3.9511598512656407,0,-93.1431195757676,0,0.0,0,0.2689055236561966,0,2.2821549227653746,0,-1.7644628929660056,0
TX001325,AC00482,train,-0.0913871557702039,0,-0.1217725539898391,0,-1.8744076900603739,0,-96.30884201833112,0,0.0,0,0.24527289425150497,0,2.5572160590701296,0,-7.4556700605349855,0
TX001326,AC00020,val,-0.0005089211919606651,0,-0.1708525211850458,0,0.45679742175322424,1,84.57158353961903,1,2.1626428874469354,0,0.5068049848401228,1,2.749136500749495,0,-9.619439075023728,0
TX001327,AC00453,train,-0.09257632578458369,0,-0.20915711919950963,0,-1.9520541121878034,0,-93.00646025476976,0,0.0,0,0.2782461865655912,0,1.9792020350566415,0,-5.983852848802597,0
TX001328,AC00367,train,-0.06300707455425625,0,-0.1948081092664895,0,-2.222709587967965,0,-95.69923917461213,0,0.0,0,0.21838365593549758,0,2.1076880907952336,0,-6.878439065377274,0
TX001329,AC00167,train,-0.09708668696906758,0,-0.2460746365435611,0,-3.839238814188751,0,-101.97726086151002,0,0.0,0,0.054678860709893834,0,1.4444311949210031,0,-14.722360536188253,0
TX001330,AC00110,train,-0.08860481021570599,0,-0.24891527011507109,0,-3.809098179285832,0,-101.68584913746328,0,0.0,0,0.054678860709893834,0,1.7976335401774222,0,-14.541292300242507,0
TX001331,AC00078,train,-0.09485670418477532,0,-0.18346642933308144,0,-2.767574817837457,0,-98.81013461787454,0,0.0,0,0.1145933019026102,0,2.1388289651742887,0,-11.05954512563318,0
TX001332,AC00212,train,-0.08044682977267231,0,-0.12667820845599764,0,-1.8602114364894708,0,-92.93316282299351,0,0.0,0,0.32331238596741524,0,2.4647115592571707,0,0.36956710793517344,0
TX001333,AC00051,train,-0.015130802245590269,0,-0.03119505177793047,0,4.8169997379332585e-05,1,-21.416764037712156,0,2.4802549367548985,0,0.5367556909311346,1,3.3588786122511505,1,2.828792437154005,0
TX001334,AC00250,val,0.004696168872746265,1,-0.12826606126146456,0,-0.10812504598544148,0,-66.62166585129783,0,0.0,0,0.4240457652683313,0,2.8466535829720514,0,-9.61370212845259,0
TX001335,AC00304,train,-0.09428316659918046,0,-0.21655096754139036,0,-1.8606616561353624,0,-95.19352350419098,0,0.0,0,0.16196194542376668,0,2.3322968299150415,0,-6.859381055722303,0
TX001336,AC00007,train,-0.09493164104738289,0,-0.20145386767983542,0,-2.3859617191540847,0,-94.60709384454816,0,4.2146848510894035e-08,0,0.23282473315978575,0,2.317281274189814,0,-6.650094070449489,0
TX001337,AC00017,train,-0.032588104287672115,0,-0.11195672338379836,0,-0.7819779535481839,0,-89.63926217061501,0,5.960464477539063e-08,0,0.3556480521719837,0,2.1967233189528277,0,-8.456111774892369,0
TX001338,AC00158,val,-0.08633633159938614,0,-0.23839257574835693,0,-2.226292910916949,0,-98.8471563039302,0,0.0,0,0.07222105136198662,0,1.6923769728787261,0,-13.15951006226661,0
TX001339,AC00110,train,-0.11446072914961936,0,-0.22225089137188103,0,-3.9472152563729894,0,-95.9414560424929,0,4.2146848510894035e-08,0,0.17121838807149228,0,1.738545699832944,0,-9.126855845870233,0
TX001340,AC00175,train,-0.02381049211565478,0,-0.1659918207887927,0,-2.1022731802974706,0,-94.92832990676055,0,0.0,0,0.2800091156647614,0,2.3188833122808012,0,-8.730954204644195,0
TX001341,AC00079,train,-0.08244249212145927,0,-0.19710300509402345,0,-2.90793562019691,0,-93.02940445119324,0,0.0,0,0.2710607399613187,0,1.698253961058379,0,-7.0167856721042465,0
TX001342,AC00403,train,-0.05249433511038115,0,-0.21238732618180678,0,-3.3273433261608103,0,-99.34407288890198,0,0.0,0,0.2388762510772985,0,2.1091605184171076,0,-12.779565914372354,0
TX001343,AC00228,train,-0.11019636942085737,0,-0.26161459542070287,0,-4.279137220052413,0,-102.46129340829862,0,0.0,0,0.0,0,1.4528002903345594,0,-15.630870506519145,0
TX001344,AC00344,train,-0.10239789852269404,0,-0.22258314430350978,0,-3.6501352236821196,0,-92.25031930413496,0,0.0,0,0.199183689402615,0,1.7761874379548472,0,-7.918319474371071,0
TX001345,AC00466,train,-0.11340909863489446,0,-0.2547847604327811,0,-3.7959538519366864,0,-102.02540748072055,0,4.2146848510894035e-08,0,0.0,0,1.5291821824035507,0,-15.32771097303977,0
TX001346,AC00204,train,-0.07874585420661706,0,-0.27301837806974316,0,-1.3154287435692327,0,22.36690019735299,1,0.0,0,0.3563906183153007,0,1.4967911218407137,0,-13.854265566620406,0
TX001347,AC00030,train,-0.03606115545354316,0,-0.11921620272766997,0,-1.0569797112435317,0,-92.20096498859343,0,0.0,0,0.3832525297632474,0,2.5155856290330574,0,-5.012293991406508,0
TX001348,AC00455,train,-0.031186452094446482,0,-0.16613540314581754,0,-0.014459409625559694,0,235.82201884214834,1,2.0114002806298377,0,0.4604549121470892,0,3.964990892389761,1,-10.046894557278963,0
TX001349,AC00094,train,-0.08333710026369101,0,-0.13283375296000943,0,-2.8518832070341196,0,-78.96935089745301,0,0.0,0,0.3401676931078162,0,1.9345778135112406,0,-6.042243266061981,0
TX001350,AC00185,train,-0.08235167532866883,0,-0.21461876155864457,0,-2.306749338834856,0,-96.79626159647718,0,0.0,0,0.21237726087429631,0,2.176854178002948,0,-14.968740016349901,0
TX001351,AC00351,train,-0.08895026747290097,0,-0.22167621410145744,0,-3.512041190248797,0,-98.7436341770321,0,4.2146848510894035e-08,0,0.19010646715393203,0,2.1569013960953023,0,-12.565669753436055,0
TX001352,AC00335,val,-0.08886684212466744,0,-0.18771189576135483,0,-2.367243243714692,0,-93.76874773904495,0,0.0,0,0.23638418069340625,0,2.324928837480975,0,-6.658441424428088,0
TX001353,AC00409,train,-0.052104795212741695,0,-0.12161114193414546,0,9.430892745765362e-05,1,-61.832563417257354,0,3.0724164518012738,1,0.5950833557996793,1,3.456765349755326,1,11.31922181618608,1
TX001354,AC00312,train,0.011581164956111167,1,0.0028267140568720706,1,0.603098404948744,1,-39.479716941620524,0,2.0263182823756334,0,0.5308416943695585,1,3.497143181780501,1,1.921352679911912,0
TX001355,AC00097,train,-0.03394884267096088,0,0.05912767892605553,1,1.1368685355200787,1,-77.40203263210671,0,0.0,0,0.4791262012217005,1,3.077488804004421,0,-6.1314358729928555,0
TX001356,AC00447,val,-0.10405659736029038,0,-0.24354722239378035,0,-3.7214753580088624,0,-102.06554399786997,0,0.0,0,0.1080154072808506,0,1.5931350041664407,0,-15.4327260475625,0
TX001357,AC00280,train,-0.1373330709140997,0,-0.27260229004896863,0,-3.7485080868813236,0,-102.31550172102135,0,0.0,0,0.0,0,1.6139436393287336,0,-9.934639472426742,0
TX001358,AC00023,train,-0.09641031242926107,0,-0.19220177396369875,0,-1.7081471556604084,0,-97.2808556883799,0,0.0,0,0.22897294336600565,0,2.089847498684277,0,-7.728693560003657,0
TX001359,AC00077,train,-0.051062195456297144,0,-0.16208965180815693,0,-1.570095033945166,0,-79.56290453668144,0,0.0,0,0.3288362559779658,0,2.3206693868959944,0,-4.554424558032988,0
TX001360,AC00113,val,-0.11400765387679285,0,-0.25657466087100833,0,-3.624253764973722,0,-101.44244370052621,0,0.0,0,0.06339926015305711,0,1.61853465602208,0,-15.027565566568288,0
TX001361,AC00391,val,0.004879359695127761,1,-0.06598273016579626,0,-0.9000895176308203,0,-87.08173509185967,0,0.0,0,0.3355861903516547,0,2.5741408521668054,0,-8.653289694999044,0
TX001362,AC00136,train,-0.1057320087364903,0,-0.24350590564405517,0,-3.588598988720304,0,-101.3384652084066,0,0.0,0,0.0989445241674432,0,1.8854587808063763,0,-8.987906130965793,0
TX001363,AC00204,train,-0.045671679143745925,0,-0.15561650079998457,0,-2.8584285996141174,0,-94.74106311229468,0,0.0,0,0.2941079195485251,0,1.9659185656168074,0,-11.33668363175934,0
TX001364,AC00089,train,-0.029445078663536073,0,-0.24775346902122042,0,-1.588805537183755,0,31.265448696599165,1,0.0,0,0.0,0,2.2455297101133485,0,5.560648759261774,1
TX001365,AC00305,val,-0.06246130687196294,0,-0.20527941222168966,0,-2.337117274599346,0,-94.62268459564419,0,0.0,0,0.20860210586048153,0,1.8636590182972446,0,-6.481209729198935,0
TX001366,AC00338,train,-0.08334974331650241,0,-0.16909026175431907,0,-3.095136754568645,0,-95.0035244918199,0,0.0,0,0.31937523307032595,0,1.7987537653777665,0,-6.969183460864293,0
TX001367,AC00268,val,-0.12173991017555613,0,-0.21850440962983364,0,-2.7504492860819925,0,-96.27106845994874,0,0.0,0,0.23901292707642333,0,2.1215120863992496,0,-8.240889664534286,0
TX001368,AC00363,train,-0.045098826869067965,0,0.014073473375038947,1,0.00010479090105519617,1,-85.69097945182713,0,0.0,0,0.4384355030397307,0,2.7685934397188476,0,-2.3468216773744026,0
TX001369,AC00316,val,-0.0004912486997358245,0,-0.18685975729862636,0,-0.029308940797773353,0,52.442442512758944,1,0.0,0,0.46380695534120503,0,2.342766069671605,0,-9.345857240699631,0
TX001370,AC00167,train,-0.08603177146657376,0,-0.16687583698434483,0,-0.4971559092915552,0,-94.2029350317824,0,0.0,0,0.2346700414523751,0,2.2671766697272515,0,-6.837929409999955,0
TX001371,AC00405,val,-0.09343339090375674,0,-0.22781344867975784,0,-3.4403530464138568,0,-97.30117324206302,0,0.0,0,0.1771116383910333,0,1.7541692675500102,0,-8.65557883747841,0
TX001372,AC00098,train,-0.12231694261872716,0,-0.20921767318124518,0,-2.1423822699963138,0,-88.86039033113127,0,0.0,0,0.31569283666390513,0,1.6445336599352107,0,-6.422929858424324,0
TX001373,AC00116,train,-0.11482090695005792,0,-0.23844282903638025,0,-3.700968064728241,0,-100.91949381288836,0,0.0,0,0.10521857857236452,0,1.8246704361535275,0,-4.732213724721326,0
TX001374,AC00267,train,-0.040698389536396484,0,-0.04562099886320392,0,-0.5019116288308014,0,-85.91152579410894,0,0.0,0,0.4335723711651613,0,2.967710372286629,0,-1.878581905554403,0
TX001375,AC00447,train,-0.10994943512886773,0,-0.19401861845386215,0,-3.288450579452154,0,-91.08779842366903,0,0.0,0,0.244905333070047,0,1.8544353271512235,0,-7.028521985367925,0
TX001376,AC00042,train,-0.0247591904166915,0,-0.16446280814295378,0,-1.5433856735787979,0,-92.00216896666757,0,0.0,0,0.38492537160911533,0,2.5871375874654166,0,-11.22411701737942,0
TX001377,AC00074,train,-0.10733498711408496,0,-0.25428256845178243,0,-3.4706582718484134,0,-101.26293956304326,0,2.9802322387695312e-08,0,0.0989445241674432,0,1.6694278480119396,0,-9.84383116583724,0
TX001378,AC00063,val,-0.06584297958864832,0,-0.03275029054655909,0,0.34781006528913316,1,-80.48907026324909,0,0.0,0,0.4866461306598625,1,3.402896189027764,1,-1.220717943038838,0
TX001379,AC00085,val,-0.08324882544942924,0,-0.20564943745514586,0,-2.6230791340596875,0,-91.50703319337305,0,0.0,0,0.2959528237383514,0,2.160007171614748,0,-6.270099139881396,0
TX001380,AC00126,train,-0.09609471105728634,0,-0.24721420106887382,0,-3.6635215626863156,0,-100.5552636355715,0,0.0,0,0.1488249740012662,0,1.83725517518956,0,-13.720834234187798,0
TX001381,AC00471,val,-0.11407276572919611,0,-0.2552249450946158,0,-3.5324933913411245,0,-98.20961253805753,0,0.0,0,0.09467706538410547,0,1.7514595359858924,0,-7.980129228819632,0
TX001382,AC00304,val,-0.040276456544238726,0,-0.08835996697721593,0,-0.5903029425880435,0,-92.79328643124387,0,0.0,0,0.3124704375140127,0,2.49167920832744,0,-10.09113200256434,0
TX001383,AC00242,train,-0.06549222426138523,0,-0.08862476700224464,0,-1.7148821350702237,0,-85.64146408356737,0,0.0,0,0.43384095631200836,0,2.5396610043817245,0,-3.8994888390978457,0
TX001384,AC00261,train,-0.08561404401406397,0,-0.2360006385877642,0,-2.4813497914766396,0,-99.1651461288755,0,0.0,0,0.13941623881963233,0,1.861779031489709,0,-12.962348937305173,0
TX001385,AC00338,train,-0.12264525220829325,0,-0.2676273324385263,0,-3.813807822906127,0,-101.88712579195558,0,2.9802322387695312e-08,0,0.0,0,1.315362486869484,0,-16.74996481736002,0
TX001386,AC00292,train,-0.07354287258174125,0,-0.2315154835033113,0,-3.749714942209196,0,-99.68622733857174,0,5.960464477539063e-08,0,0.1614186088078576,0,1.7478489254519742,0,-13.99419708114325,0
TX001387,AC00024,train,-0.08591686216237349,0,-0.2424840721611854,0,-2.6203535663531925,0,-99.26195455080433,0,4.2146848510894035e-08,0,0.1916739943346647,0,1.6905915575913615,0,-15.440921194114548,0
TX001388,AC00441,val,-0.04066369227530864,0,-0.20812342231898118,0,-3.0428099707964877,0,-95.29776637707693,0,0.0,0,0.22812145731311997,0,1.959784324352387,0,-9.235897253505586,0
TX001389,AC00412,train,-0.08926057594562758,0,-0.21665934084403982,0,-0.24044604537137815,0,45.91866540704903,1,0.0,0,0.4562442363867968,0,2.343644828147859,0,-11.641822468825518,0
TX001390,AC00315,val,-0.01695450122564479,0,-0.07903050917631171,0,0.36747576203712207,1,404.3188989652086,1,3.329948473565992,1,0.5395479734972997,1,5.753045426402029,1,-9.592307273217944,0
TX001391,AC00120,train,-0.14317043041518446,0,-0.27394229479061116,0,-4.557831451904819,0,-104.8349562618493,0,0.0,0,0.0,0,1.3583006879014674,0,-10.908969096345972,0
TX001392,AC00462,train,-0.09998726445257083,0,-0.21382778592465468,0,-3.7870506736937957,0,-85.35045800173688,0,0.0,0,0.19579323471861665,0,1.492590629532417,0,-7.02428055035912,0
TX001393,AC00481,train,-0.0019389255233576153,0,-0.11181217293668722,0,-0.4398507491209145,0,-66.80001949713262,0,0.0,0,0.3849823738593153,0,2.742377103284708,0,-0.9883203605872328,0
TX001394,AC00166,val,-0.05934534663146457,0,-0.12290106244581978,0,-0.4361561645291152,0,-92.13471590555616,0,0.0,0,0.3759475129150772,0,2.6342021479390545,0,-5.0629298352627226,0
TX001395,AC00438,train,-0.10424788978091837,0,-0.24388954795018947,0,-2.5953367173467496,0,-101.30639367803985,0,0.0,0,0.0989445241674432,0,1.818223366055619,0,-8.78347765187553,0
TX001396,AC00090,val,-0.10286743303835888,0,-0.2059699967639188,0,-1.635174178322825,0,-94.48861189479761,0,0.0,0,0.18849984773878561,0,2.169763247039456,0,-7.05141090209685,0
TX001397,AC00041,train,-0.09142092703202609,0,-0.21583315971860628,0,-2.0808396513872145,0,-96.14755525374943,0,0.0,0,0.12842036668188792,0,2.0179368052902587,0,-14.486823017752394,0
TX001398,AC00141,train,-0.01788294757496456,0,-0.04658157565181864,0,-0.5948555236529218,0,-87.06983548639961,0,0.0,0,0.4106243597490782,0,2.6698488605123485,0,-0.35709235797990785,0
TX001399,AC00410,train,-0.1091255078174666,0,-0.13775094374475771,0,-0.8036079544066297,0,-92.4281665612091,0,0.0,0,0.27532357303767363,0,2.3518425296768712,0,-6.046429667896173,0
TX001400,AC00362,train,-0.06972096442349701,0,-0.17306682489861047,0,-1.3602014476965172,0,-91.51849004723935,0,4.2146848510894035e-08,0,0.32793836939573207,0,2.584929344499887,0,-4.733164907854292,0
TX001401,AC00315,train,-0.1278000550153769,0,-0.2548328189127348,0,-4.077118182928044,0,-98.81759977949697,0,2.9802322387695312e-08,0,0.09467706538410547,0,1.6096262927852065,0,-9.399166702844195,0
TX001402,AC00092,train,-0.09780493923230782,0,-0.23358185119840846,0,-3.5759809824143014,0,-100.77906418648159,0,0.0,0,0.1914352553056273,0,1.9737921146322959,0,-8.766888145768476,0
TX001403,AC00133,train,-0.09578656663894863,0,-0.24123714973357013,0,-2.9827811397759314,0,-99.58942620194557,0,0.0,0,0.09055381408184046,0,1.6288606352138517,0,-8.313576979516602,0
TX001404,AC00069,train,-0.06707661076430582,0,-0.09710601583046241,0,-0.3992675135325827,0,-92.41687412038343,0,0.0,0,0.385831938341884,0,2.9707903190809177,0,-9.94720420858518,0
TX001405,AC00498,train,-0.08441262817763695,0,-0.20776630584442057,0,-2.6929776600054085,0,-89.34704403813313,0,0.0,0,0.2734973758335429,0,2.297765905147784,0,-6.716736580824742,0
TX001406,AC00006,val,-0.11292104965112865,0,-0.24922213465126175,0,-2.6793893679389003,0,-76.23804433187706,0,0.0,0,0.2807706882092725,0,1.7554008907758054,0,-14.387861583871945,0
TX001407,AC00104,val,-0.08250221023290333,0,-0.16240062694951662,0,-1.9046291365596142,0,-92.70270597442038,0,0.0,0,0.20017963882694595,0,2.79213111055367,0,-0.3849089534099207,0
TX001408,AC00311,train,-0.08706779783032242,0,-0.2650847137822401,0,-3.731914594965093,0,-101.29370102179371,0,4.2146848510894035e-08,0,0.12495130791823711,0,1.7844435303977904,0,-13.348151517202696,0
TX001409,AC00144,train,-0.07667004692207863,0,-0.21429087130838398,0,-4.114337756814451,0,-78.78940200079279,0,0.0,0,0.3300608542095952,0,1.9366636154785863,0,1.9180909511001711,0
TX001410,AC00157,train,-0.09892643814635455,0,-0.25683864094367137,0,-3.320492395680742,0,-102.428352341668,0,0.0,0,0.0,0,1.397621936958792,0,-14.876724871023283,0
TX001411,AC00171,train,-0.09067627547074475,0,-0.2629885005838378,0,-3.227272193324386,0,-100.80237242263681,0,0.0,0,0.015372296311268857,0,1.5484199324798111,0,-14.876201487687158,0
TX001412,AC00374,train,-0.06434507842772452,0,-0.17977475026693424,0,-1.6271129746812223,0,-91.43965086480434,0,0.0,0,0.2860230091461933,0,2.551803138680848,0,-4.8811656349857495,0
TX001413,AC00219,train,-0.011372287968319017,0,-0.0971604970171327,0,-0.32789636322070326,0,-80.15303995012931,0,0.0,0,0.46168078394401896,0,2.6965582845758087,0,-0.8208341937383448,0
TX001414,AC00405,train,-0.034501069069210466,0,-0.15361938624443905,0,-3.1615429001622557,0,-93.84861368107795,0,0.0,0,0.302953331363593,0,2.0819468151692124,0,-10.54065073593246,0
TX001415,AC00075,train,-0.09406130412699909,0,-0.23837125561433714,0,-2.5316254269609386,0,-99.36919879506893,0,4.2146848510894035e-08,0,0.19771863897939276,0,1.7669244406911997,0,-15.268570070030908,0
TX001416,AC00136,train,0.015992310029490087,1,-0.027764042275143286,0,-0.00032472441325648305,0,483.479055810578,1,3.78381078733093,1,0.5393153808401077,1,6.435305223217653,1,-8.755739762974624,0
TX001417,AC00056,train,-0.04457361662761167,0,-0.17099431311491586,0,-2.936739382714637,0,-94.5555892152605,0,0.0,0,0.29679590705867276,0,2.219273655650801,0,-6.000104587369869,0
TX001418,AC00368,train,-0.09390277279943204,0,-0.2349554125626685,0,-1.687638036928683,0,-87.26212682392776,0,5.960464477539063e-08,0,0.320432281083487,0,2.0300104612444074,0,-12.333599132592575,0
TX001419,AC00261,train,-0.03798099671071853,0,-0.14299228268524633,0,-1.1882216300920136,0,-91.18079213054358,0,0.0,0,0.2898207074926006,0,2.311796818016647,0,-10.024738646401554,0
TX001420,AC00090,train,-0.07922229555218191,0,-0.21782896757299675,0,-2.9237422001483564,0,-99.32687783424853,0,0.0,0,0.23495082531920453,0,1.9402956405260012,0,-12.823886971028942,0
TX001421,AC00297,train,-0.10149758803584691,0,-0.21997639203306352,0,-3.624566586716182,0,-84.46760397261693,0,4.2146848510894035e-08,0,0.24212543799113448,0,2.0514347244144138,0,-6.7411975214286315,0
TX001422,AC00144,train,-0.09147118530575116,0,-0.2345286013505159,0,-3.102387456489951,0,-99.84575317928548,0,0.0,0,0.16449414347398758,0,1.821682330586617,0,-5.973636451842029,0
TX001423,AC00207,train,0.0064492362535392145,1,0.14276335938286855,1,1.670688044163211,1,-71.16518128914171,0,2.5388596570034414,0,0.57346155814467,1,3.9580731426942317,1,-3.6173833164784166,0
TX001424,AC00443,train,-0.015926923133338877,0,-0.09492499949666477,0,0.00037313081813472593,1,-68.77947750456158,0,0.0,0,0.41352172004408505,0,2.6741834007103322,0,1.8896968122094397,0
TX001425,AC00179,train,-0.06322801337742018,0,-0.0906292183124986,0,-0.8046565269999109,0,-90.71666378643002,0,0.0,0,0.424933513547546,0,2.5177237549825997,0,-9.337168710179025,0
TX001426,AC00175,train,-0.08947001869474203,0,-0.2359104562696699,0,-1.817393876328036,0,-95.9613481312388,0,0.0,0,0.18956130304602428,0,2.0997288466094886,0,-6.955491042195286,0
TX001427,AC00386,train,-0.09916493734313825,0,-0.2273823823943284,0,-3.224717999287072,0,-97.72286515170464,0,5.960464477539063e-08,0,0.2664269684872691,0,1.855745499371497,0,-13.525099348541564,0
TX001428,AC00067,train,-0.09734448044540045,0,-0.2503394558073111,0,-3.722500007704407,0,-100.28211524518242,0,0.0,0,0.1379502562546252,0,1.7132375728584912,0,-15.790149772598589,0
TX001429,AC00369,train,-0.04559418651242153,0,-0.08991672763440062,0,-0.48359486441952537,0,-90.69036782761248,0,0.0,0,0.25008390729539526,0,2.665235482480464,0,-9.861519296485701,0
TX001430,AC00257,train,-0.0627236142217602,0,-0.20230521291174441,0,-2.6433202501899027,0,-96.82449629895865,0,4.2146848510894035e-08,0,0.23190198889371597,0,2.2054886429517473,0,-11.951679696815754,0
TX001431,AC00059,train,-0.1149272329419101,0,-0.2126568110188367,0,-3.0235940353285136,0,-90.45402365370141,0,0.0,0,0.25404108744391946,0,1.6328218310859604,0,-6.829993539358986,0
TX001432,AC00341,train,-0.09451705328450477,0,-0.16908135886558218,0,-1.3119679843442151,0,-92.40920086584457,0,0.0,0,0.28960459237120123,0,2.1484677779548442,0,-5.966118242815355,0
TX001433,AC00357,train,-0.07820856525182512,0,-0.19606921072092764,0,-2.8171453077094073,0,-98.06915140462444,0,0.0,0,0.11623517219703608,0,1.8646733601952867,0,-12.80176789952005,0
TX001434,AC00455,train,-0.10956579345379136,0,-0.24398223621827364,0,-3.0215703719664413,0,-101.25722176604333,0,0.0,0,0.199421859060976,0,1.8160219993715707,0,-8.83015259614003,0
TX001435,AC00346,train,-0.07263598493507861,0,-0.12736521385063604,0,-1.76464411931651,0,-95.21905039174467,0,0.0,0,0.31325946551066214,0,2.8085469766455105,0,-11.61126283413853,0
TX001436,AC00118,train,-0.07798540662782633,0,-0.16007405180417877,0,-3.1201381519994884,0,-96.19945029798677,0,0.0,0,0.2573856819224782,0,2.3321757873210096,0,-7.601465130110572,0
TX001437,AC00275,val,-0.05044238702184317,0,-0.19004725384257548,0,-2.6561053780084114,0,-91.17849498034217,0,0.0,0,0.2669487249726872,0,2.210760125091387,0,-6.167836846831643,0
TX001438,AC00028,train,-0.06913770820970089,0,-0.19229038173300128,0,-1.4989734687133422,0,-97.17182799058163,0,0.0,0,0.2761350078866699,0,1.9408804140794853,0,-14.56857297059366,0
TX001439,AC00179,train,0.005498147084639915,1,-0.11570167170917922,0,-0.9822749484210096,0,-71.93528049351767,0,0.0,0,0.3673694163326994,0,2.801751597487395,0,9.76653151529905,1
TX001440,AC00090,train,-0.08902587024641229,0,-0.22406068928463196,0,-3.392242052901758,0,-99.25232700473578,0,0.0,0,0.1740391863049652,0,2.044338743067041,0,-15.464805999887023,0
TX001441,AC00367,train,-0.01964333877617208,0,-0.15602442947730943,0,-1.5631205435238842,0,-93.86029340653226,0,0.0,0,0.33556030266788484,0,2.2468305359341505,0,-9.885380250193325,0
TX001442,AC00441,train,-0.0706634692066524,0,-0.24605757251771365,0,-2.9657432649984043,0,-98.55653562400362,0,0.0,0,0.1257516898262891,0,1.5956581986807172,0,-7.426536483611251,0
TX001443,AC00266,train,-0.04326003528174183,0,-0.19290965605342758,0,-1.6434667668428302,0,-96.27782262340747,0,0.0,0,0.266157478588046,0,2.1735270437457705,0,-12.041290906530813,0
TX001444,AC00072,train,-0.06941741144681973,0,-0.19845819490038408,0,-2.507145989707932,0,-97.01251055073989,0,0.0,0,0.2188807796396646,0,1.938454257896681,0,-12.224083925096574,0
TX001445,AC00245,train,-0.13064967760580815,0,-0.26654539823584145,0,-4.440040676530935,0,-98.65622475643521,0,0.0,0,0.02871994024040998,0,1.5175724646659743,0,-10.412653785055703,0
TX001446,AC00119,train,-0.12362361129817245,0,-0.20320901113043455,0,-2.4956550383365306,0,-94.62984938761518,0,0.0,0,0.2730824977338802,0,1.6569580946478033,0,-6.833186582866963,0
TX001447,AC00061,train,-0.11855749473798449,0,-0.24626552506360255,0,-3.303907011508893,0,-97.81621835376616,0,0.0,0,0.1397428205741404,0,2.011603162583414,0,-8.170516929849757,0
TX001448,AC00080,val,-0.011729118374562697,0,-0.04735479429570111,0,-1.768841763955451,0,-70.23670582655691,0,5.960464477539063e-08,0,0.43082410543448346,0,2.963039554510586,0,1.6793884855171841,0
TX001449,AC00254,val,-0.07177000152936558,0,-0.1894152505769029,0,-1.944727356682674,0,-94.6020965761064,0,0.0,0,0.2509168748056471,0,2.32686639767495,0,-11.473922434386713,0
TX001450,AC00218,train,-0.06782743124265478,0,-0.21130929159701606,0,-2.2355385805892753,0,-73.00861381325606,0,0.0,0,0.4653648031831357,0,2.5058611602747587,0,5.279996672935223,1
TX001451,AC00268,val,-0.06583519252933179,0,-0.2028151005540979,0,-3.2849953636864955,0,-95.77411105241667,0,0.0,0,0.24214397648307273,0,1.8181571535021566,0,-7.960416383758371,0
TX001452,AC00460,train,-0.031219085594755946,0,-0.11253452706474598,0,-0.2702694293375494,0,-87.99135295012346,0,5.960464477539063e-08,0,0.4381854773316015,0,2.8490270854473048,0,-2.3812186912706705,0
TX001453,AC00257,val,-0.04688352655937528,0,0.03253085406387912,1,0.5786056391556738,1,-87.04781719062196,0,0.0,0,0.4304855697737332,0,3.216110848050641,1,-3.4964584007272705,0
TX001454,AC00398,val,-0.12022835171484675,0,-0.25094063005087197,0,-3.980879404367813,0,-99.63798877368262,0,2.9802322387695312e-08,0,0.0991153475402629,0,1.8431988958687793,0,-8.541735426465566,0
TX001455,AC00162,train,-0.07706771233755394,0,-0.11731317983140532,0,-1.309959951593597,0,-74.36387325411201,0,0.0,0,0.3821283932035744,0,2.6025830814385835,0,-3.041842478944809,0
TX001456,AC00015,train,-0.0800898713569877,0,-0.1631972117539453,0,-1.8340530461236808,0,-94.37491807188582,0,0.0,0,0.31797505714803875,0,2.3765995473740933,0,-4.994067625201846,0
TX001457,AC00462,train,-0.12279956201024106,0,-0.2618688682032019,0,-4.792967995815567,0,-103.0052215526408,0,0.0,0,0.04644322026155999,0,1.4469914848922234,0,-17.607171995306285,0
TX001458,AC00218,train,-0.07510867544561767,0,-0.20135419722534165,0,-2.1531356008132,0,-94.11304856222702,0,4.2146848510894035e-08,0,0.29425273933640733,0,2.2984135969095334,0,-11.683560274863584,0
TX001459,AC00217,train,-0.06540949203040819,0,-0.13811522091750428,0,-1.6608334096244795,0,-93.40408407295061,0,5.960464477539063e-08,0,0.40313738675635186,0,2.530422368810511,0,-12.551630391631916,0
TX001460,AC00460,train,0.028645831300726066,1,0.19249399124328948,1,1.9805993479918564,1,834.0848818653683,1,6.829076770971609,1,0.6212033634487013,1,9.627587981719214,1,-2.3307507896929205,0
TX001461,AC00068,train,-0.07302863861117287,0,-0.17369851533812808,0,-2.6922326302889283,0,-97.09047819000662,0,0.0,0,0.2601660612287205,0,1.9829203792059065,0,-11.524116730603799,0
TX001462,AC00214,val,-0.06338311125969676,0,-0.17947767383638813,0,-1.102595622356997,0,-97.01862795876052,0,4.2146848510894035e-08,0,0.24681713135613245,0,2.352014886788673,0,-12.103065969348414,0
TX001463,AC00266,train,-0.014359461580338961,0,-0.14495678713037918,0,-1.51576781926767,0,-89.50194624228043,0,0.0,0,0.30818415293002,0,2.351811644353408,0,-8.63637754350675,0
TX001464,AC00193,val,-0.05098677331837825,0,-0.11972252411128204,0,-1.1668003845907924,0,-95.69738803288693,0,0.0,0,0.29628853275768463,0,2.487915826196349,0,-11.123880385426173,0
TX001465,AC00132,train,-0.06435553380765408,0,-0.21363036187632845,0,-3.5899602573546927,0,-95.44576271174921,0,0.0,0,0.17529589840364931,0,2.0283963441690442,0,-1.308775927823467,0
TX001466,AC00241,train,-0.07446605796403077,0,-0.21114734521041933,0,-2.1169739767205416,0,-98.3451555220201,0,0.0,0,0.19891719461029378,0,2.0434720128279356,0,-12.443271506498974,0
TX001467,AC00015,train,-0.07121937670450568,0,-0.17139759601475224,0,-2.079223528593137,0,-94.97093875255666,0,0.0,0,0.3125920901298497,0,2.250872745845997,0,-14.14593881124308,0
TX001468,AC00352,train,-0.09546604031831696,0,-0.214621560781042,0,-2.548707774137461,0,-94.21100514397331,0,0.0,0,0.2227904032077038,0,1.8609230557655811,0,-7.359028209399037,0
TX001469,AC00396,train,-0.07546177007855359,0,-0.04561929378614704,0,-3.558503554089053,0,-95.70362433332711,0,4.2146848510894035e-08,0,0.4067264269947598,0,2.2958083887036733,0,-1.037617864749366,0
TX001470,AC00174,train,-0.09432677393521632,0,-0.25363488258011857,0,-3.4285944290019055,0,-100.74636038717378,0,4.2146848510894035e-08,0,0.015372296311268857,0,1.8682093384873244,0,-15.662221171418564,0
TX001471,AC00024,train,-0.019875242503295087,0,-0.029195369139693783,0,0.0004443024968479037,1,-88.41787905802208,0,0.0,0,0.4218411169221523,0,2.835501717045916,0,1.4214396464959733,0
TX001472,AC00250,train,-0.10858540572576392,0,-0.20649691023665118,0,-2.277481039737075,0,-96.30017495252439,0,0.0,0,0.23264218421066615,0,2.212752055941288,0,-8.497399451447237,0
TX001473,AC00373,val,-0.11352889657635629,0,-0.24661422214672224,0,-3.766090312755252,0,-98.89372534317974,0,0.0,0,0.07804599836154087,0,1.8526773766511146,0,-9.161348956668723,0
TX001474,AC00030,train,-0.11234389789752236,0,-0.23263894725800682,0,-2.6160660147752095,0,-97.2470463023393,0,0.0,0,0.1892154487031925,0,1.6862611741026006,0,-8.654868538025184,0
TX001475,AC00422,train,-0.08430377632909997,0,-0.2553973868783621,0,-4.273794667870111,0,-99.440001452269,0,0.0,0,0.11775666163790151,0,1.867004605161104,0,-13.197319061037518,0
TX001476,AC00229,val,-0.13211675343460355,0,-0.21472583417027957,0,-2.9018266398566803,0,-98.17611115323069,0,4.2146848510894035e-08,0,0.18551470636871656,0,2.040299602682606,0,-8.065863346584218,0
TX001477,AC00002,train,-0.07205319782565106,0,-0.0829687404844548,0,-1.8358048259378466,0,-84.04209052530587,0,0.0,0,0.3996860011776596,0,2.429762772301917,0,-4.4874461848271325,0
TX001478,AC00227,train,-0.002390694232346724,0,-0.19517679131562526,0,-0.8426573194231706,0,-39.30759276680406,0,0.0,0,0.4300967613286005,0,2.9609929116037255,0,-0.5287842390025914,0
TX001479,AC00393,train,-0.07655738779678689,0,-0.07697971538220849,0,-0.2711662822889114,0,-85.40345520654317,0,0.0,0,0.38221028357525144,0,3.0932151603165985,0,-2.1379204989878033,0
TX001480,AC00042,train,-0.10917132410176583,0,-0.2561796927836576,0,-4.635133858802527,0,-102.90977508396132,0,0.0,0,0.0,0,1.6539564188890306,0,-13.923332056878044,0
TX001481,AC00111,train,-0.0672135462672066,0,-0.18606903064784008,0,-1.8829316465102854,0,-95.91125759080704,0,0.0,0,0.08228450728192081,0,2.0014725704143816,0,-12.24736890712558,0
TX001482,AC00178,train,-0.13532190395811117,0,-0.2702618896789779,0,-4.478216507094779,0,-101.80858506107776,0,0.0,0,0.0,0,1.4552989288873364,0,-10.140839011559601,0
TX001483,AC00218,train,-0.1329245302423302,0,-0.2650147095384561,0,-4.489575344986304,0,-103.03009572897703,0,0.0,0,0.14188722512794819,0,1.463482680602964,0,-10.088024650225915,0
TX001484,AC00198,train,-0.05810184663756335,0,-0.054259761937143214,0,0.08003346393956079,1,-88.24216040245395,0,5.960464477539063e-08,0,0.38357201005946795,0,2.955791785448447,0,-2.5877207545662886,0
TX001485,AC00060,train,-0.12101271193704805,0,-0.24030778648467999,0,-3.5117697809078097,0,-97.18641299702688,0,0.0,0,0.16075308378003023,0,2.0487425353575093,0,-8.631945958033317,0
TX001486,AC00397,train,-0.08070806949876724,0,-0.16087585996138132,0,-2.1467961012265215,0,-92.02159046783663,0,4.2146848510894035e-08,0,0.2505773097081714,0,2.159732911085881,0,-6.148964928156194,0
TX001487,AC00338,train,-0.040353190364053604,0,-0.17791052385387074,0,-2.7886310269461623,0,-94.77475395589536,0,0.0,0,0.3233990059177308,0,2.00149576674546,0,-9.969711692483047,0
TX001488,AC00101,train,-0.06071607670683149,0,-0.193475273144756,0,-1.6559033775839653,0,-94.07365334532193,0,0.0,0,0.2744272556846759,0,2.256496153920438,0,-5.579385856641185,0
TX001489,AC00384,val,-0.014772019348330723,0,-0.14265342682218418,0,0.28110288522602467,1,230.28291686655075,1,2.5079548224802712,0,0.5347215968087377,1,3.5917085578607373,1,2.077747326128622,0
TX001490,AC00368,train,-0.11194957912991049,0,-0.21594187458874559,0,-3.9723048729695973,0,-93.98480484344013,0,0.0,0,0.17933806029195956,0,1.6709124239691224,0,-7.8671343819387545,0
TX001491,AC00233,val,-0.05425769614930037,0,-0.09903659667234455,0,-0.25836334026635743,0,-85.50708311746742,0,0.0,0,0.3954147999450998,0,2.4764636806805584,0,-3.769144898029703,0
TX001492,AC00375,val,5.015445317280154e-06,1,0.1812952867446116,1,1.4383803082178224,1,-74.84028621198038,0,2.111451983586685,0,0.5599301263412705,1,3.480971588471448,1,-3.0470029158059777,0
TX001493,AC00277,train,-0.08448409542849289,0,-0.11860473089453993,0,-1.0169903277719063,0,-88.67473877850807,0,0.0,0,0.30317604594128006,0,2.4582584738641704,0,-4.7261978640168465,0
TX001494,AC00202,train,-0.03323034911946443,0,-0.05982722686453523,0,-1.2863132899694127,0,-88.87859158188891,0,0.0,0,0.37927301345154635,0,2.538191156282043,0,-4.259130039882812,0
TX001495,AC00142,train,-0.07799505285465025,0,-0.20140901590870564,0,-2.2057712602132638,0,-93.69954955471148,0,4.2146848510894035e-08,0,0.23264610855666015,0,1.6816451573971642,0,-7.626104397424692,0
TX001496,AC00178,train,-0.10853282417528654,0,-0.2304721937831562,0,-2.7304456194715163,0,-91.77094824125767,0,0.0,0,0.3028756860938072,0,1.879237587143328,0,-13.683589632143201,0
TX001497,AC00130,train,-0.06213241125429453,0,-0.20333294939725555,0,-1.5687757595099958,0,-95.81683391263775,0,4.2146848510894035e-08,0,0.15395507633293357,0,2.119583694947115,0,-14.120155406297895,0
TX001498,AC00018,train,-0.010839710540601732,0,-0.2100944056330285,0,-1.2248303343521405,0,-59.005886693400456,0,0.0,0,0.3855637684706351,0,2.3991943485141527,0,2.2631027217939548,0
TX001499,AC00293,val,-0.04422697723360125,0,-0.1529364743429702,0,-1.941237039950356,0,-92.73689921975094,0,5.960464477539063e-08,0,0.27262249654883586,0,2.6815453426102223,0,-9.818357918497842,0
TX001500,AC00449,train,-0.09177493682393117,0,-0.1878310370430205,0,-2.9719763894906928,0,-97.93433359589574,0,0.0,0,0.2021701362384638,0,1.8721952945846587,0,-7.306916327254257,0
TX001501,AC00496,train,-0.05411455318035924,0,-0.22345069543709073,0,-0.842988525924671,0,-25.088543869873504,0,0.0,0,0.3524715453815148,0,2.590594153742483,0,-12.954468710322276,0
TX001502,AC00370,val,-0.07852392607185893,0,-0.22655782844225292,0,-2.807379576183444,0,-94.39793377720562,0,0.0,0,0.2539643884008487,0,1.8145102705309397,0,-7.291569340593095,0
TX001503,AC00341,train,-0.049192546535995973,0,-0.17789469023724291,0,-2.0346644363810507,0,-96.653591772983,0,0.0,0,0.2010571076258994,0,2.191943344311048,0,-11.897290721789002,0
TX001504,AC00400,train,-0.08074836748916547,0,-0.20188718336240896,0,-2.9178989128264794,0,-97.41550356654278,0,0.0,0,0.2605197559606281,0,1.780738840812139,0,-11.997761270739424,0
TX001505,AC00301,train,-0.025996395868247424,0,-0.17673298593939468,0,-2.4156930013962112,0,-95.43548009992303,0,0.0,0,0.2644188830454253,0,1.91044298428967,0,-8.07898095065037,0
TX001506,AC00249,train,-0.05301651365263643,0,-0.24547237882477857,0,-3.19017546505479,0,-97.64282530643862,0,0.0,0,0.11390333549820113,0,1.4741674357868186,0,-13.94535681264392,0
TX001507,AC00239,train,-0.06791475759776705,0,0.013935642358635647,1,-4.102489337016565,0,-76.38031026646996,0,0.0,0,0.4832569264704444,1,2.7387769009978404,0,10.595825962429213,1
TX001508,AC00419,val,-0.08532470722178637,0,-0.21007029119848153,0,-2.8147997310773727,0,-94.48940483872167,0,4.2146848510894035e-08,0,0.2206995473336296,0,2.0633227635087956,0,-7.161630436417911,0
TX001509,AC00435,train,-0.07806370693269571,0,-0.1774571982676607,0,-1.9132065250565669,0,-94.205162369718,0,0.0,0,0.2869192365227399,0,2.287621971152131,0,-13.876933102707651,0
TX001510,AC00012,val,-0.1191819578672702,0,-0.2405168743577173,0,-4.092828968138565,0,-100.3397013328583,0,0.0,0,0.0,0,1.5729800393946451,0,-14.592674566156443,0
TX001511,AC00438,train,-0.10135502827040971,0,-0.2668066603515088,0,-3.2528736376835594,0,-99.58433200521502,0,0.0,0,0.0,0,1.725338628777183,0,-9.419703479333762,0
TX001512,AC00345,train,-0.07780371170114736,0,-0.2266637845343653,0,-2.813645731368905,0,-100.10878417967992,0,0.0,0,0.18432491069468146,0,1.8296734395033125,0,-14.094482176986967,0
TX001513,AC00026,train,-0.05883276915846214,0,-0.15342304140231544,0,-1.7485357695748371,0,-87.2112263657553,0,0.0,0,0.35447704447450096,0,1.741839151032274,0,-3.4697634361676015,0
TX001514,AC00416,val,-0.08862754628200692,0,-0.19326678531212793,0,-2.0045467189171307,0,-97.75054245118656,0,0.0,0,0.2270624326987557,0,2.0433751690793804,0,-6.9737318427814365,0
TX001515,AC00272,train,-0.058242431160384966,0,-0.23006244778427587,0,-2.9030751312791194,0,-74.52372879392435,0,0.0,0,0.0,0,2.306660366352682,0,4.9276014426158135,1
TX001516,AC00468,train,-0.1349218319907134,0,-0.2397254188961031,0,-4.081221590539086,0,-92.37727678995243,0,0.0,0,0.1796969822553435,0,1.3431588621259807,0,-8.382597910182705,0
TX001517,AC00040,train,-0.011379405708555335,0,-0.18501997949858962,0,-0.5043976223311608,0,29.542727739103256,1,0.0,0,0.44258004673762535,0,2.214011418453399,0,2.704949741461985,0
TX001518,AC00302,train,-0.07610346689179426,0,-0.14858801023813606,0,-0.7447240005598346,0,-88.9682613820723,0,0.0,0,0.2597318803285816,0,2.2774007191434866,0,-5.049706719306845,0
TX001519,AC00271,train,-0.1284107842267167,0,-0.25773127087871417,0,-4.031118626066777,0,-102.02490055289206,0,0.0,0,0.0,0,1.7977814621178638,0,-9.765865344708667,0
TX001520,AC00495,train,-0.07122752232046936,0,-0.25019365800737703,0,-3.5018195443887956,0,-100.71764602803891,0,0.0,0,0.17861384007188705,0,1.6347511256576073,0,-14.143180455893027,0
TX001521,AC00246,train,-0.12338706534498617,0,-0.2812649397210829,0,-4.065856265138891,0,-104.04014046323667,0,0.0,0,0.0,0,1.1797986951842616,0,-16.088354888642613,0
TX001522,AC00139,train,-0.054024240083079766,0,-0.17420564948629402,0,-2.566356499098455,0,-93.8285208008251,0,0.0,0,0.3093808985208337,0,2.1481315213466305,0,-11.070926294190269,0
TX001523,AC00298,train,-0.07598645781640434,0,-0.1936870801654913,0,-2.28649526292775,0,-95.28902201092262,0,0.0,0,0.3029487610533873,0,2.1638225558702726,0,-6.6246730771723685,0
TX001524,AC00246,train,-0.06069904514555785,0,-0.19892486991836145,0,-1.408807109318233,0,-78.26327081950828,0,5.960464477539063e-08,0,0.28544947093809353,0,1.8347407414113732,0,-3.66969518201099,0
TX001525,AC00323,train,-0.0031822036896771433,0,-0.04902564767551554,0,-0.9840316141407168,0,-86.24334275596985,0,0.0,0,0.43366745695187986,0,2.7643094726251842,0,-5.83371881343444,0
TX001526,AC00310,val,-0.04681696721633111,0,-0.1476667980723394,0,0.3634412192428691,1,49.79328401038994,1,2.2082486823769396,0,0.5144003340427271,1,2.7544767757234507,0,-8.005717431574793,0
TX001527,AC00083,train,-0.09419950677767802,0,-0.24479148647533355,0,-2.489437375669623,0,-93.68523334498289,0,0.0,0,0.18158992031032212,0,1.869376832343705,0,-13.071671992545392,0
TX001528,AC00222,train,-0.06763799460572856,0,-0.18052735249156893,0,-2.6332406066360923,0,-92.78817186639618,0,0.0,0,0.3088155633439002,0,2.101045109490294,0,-10.514226588735806,0
TX001529,AC00459,train,-0.11290954222931787,0,-0.2513069131944119,0,-2.887746468265523,0,-99.73642689984791,0,0.0,0,0.11607946461411084,0,1.8173755398036762,0,-8.425176441328437,0
TX001530,AC00091,train,-0.013070608327752198,0,-0.13352996610852075,0,-2.263133288456875,0,-72.3615731268676,0,0.0,0,0.31222176264750523,0,2.3610637468345885,0,-0.5410604893859076,0
TX001531,AC00122,val,-0.020315498630265827,0,-0.12601508748178913,0,-0.7489719209620036,0,-91.75179128814615,0,5.960464477539063e-08,0,0.22954340231913248,0,2.3013834565468403,0,-9.514068081395722,0
TX001532,AC00432,train,-0.01188195240383727,0,0.04843511079080143,1,-0.05051470277106951,0,-64.27830703415032,0,3.056523712632466,1,0.5792529493197305,1,3.377852692761807,1,5.893086039388406,1
TX001533,AC00218,val,-0.04628441009498824,0,-0.03689290492758723,0,-0.6302698705076999,0,-79.71160279840177,0,5.960464477539063e-08,0,0.4507187555958934,0,3.2882177228795717,1,-0.007163982302789474,0
TX001534,AC00294,val,-0.09899969603113062,0,-0.24060734565032904,0,-3.079965583304081,0,-100.93815686367616,0,0.0,0,0.2274992743570502,0,1.8122982072197973,0,-14.279859453111166,0
TX001535,AC00407,train,-0.037875972946627035,0,-0.1473464051271669,0,0.017967033300456237,1,85.1753591812621,1,1.8370900398535803,0,0.4910313766716204,1,2.849554402880415,0,-8.480053477221064,0
TX001536,AC00480,train,-0.061836825983904775,0,-0.08745468804204148,0,-2.309801667146293,0,-93.5968521564902,0,0.0,0,0.3706234670083014,0,2.805490970482575,0,1.022863089226742,0
TX001537,AC00367,train,-0.0869453155653917,0,-0.23808148648750405,0,-2.8394419002087625,0,-97.39371862059505,0,5.960464477539063e-08,0,0.12026304034791901,0,1.8791995326705533,0,-13.997793344538126,0
TX001538,AC00324,train,-0.08230963253566237,0,-0.19400486438696407,0,-0.6224885844667325,0,-7.250299218838023,0,0.0,0,0.41411990932056886,0,2.4505784088367433,0,-12.309542383573321,0
TX001539,AC00253,train,-0.08515428780808787,0,-0.24449694490973262,0,-3.785874527949713,0,-97.183210954858,0,4.2146848510894035e-08,0,0.15554914634971156,0,1.7238890449636406,0,-13.787574899291542,0
TX001540,AC00344,train,-0.08293868216843919,0,-0.17928680466866753,0,-1.537132284113544,0,-97.1943372733128,0,0.0,0,0.2133147776187436,0,2.2742972491211737,0,-13.20854334558446,0
TX001541,AC00153,train,-0.06180326198941527,0,-0.1747045365960871,0,-2.014094373257792,0,-92.30015202675123,0,0.0,0,0.3209655973477294,0,2.178359485482821,0,-5.231073687229752,0
TX001542,AC00016,train,-0.07143058299061589,0,-0.1884347894277676,0,-2.4932164949141535,0,-86.15717313810433,0,0.0,0,0.3292768136722004,0,2.1675698030701516,0,-10.4578418584112,0
TX001543,AC00291,train,-0.07671611919166105,0,-0.1373039197689352,0,-0.78828944520198,0,-90.59031453968439,0,0.0,0,0.34693396310447067,0,2.6531855004461073,0,-4.62492146552053,0
TX001544,AC00362,train,-0.00959361638933598,0,-0.09894951034843236,0,-0.37130386102851887,0,-81.57363730860473,0,0.0,0,0.48093569135257513,1,2.8350406724145336,0,-9.144641083450155,0
TX001545,AC00202,train,-0.025282954872858143,0,-0.16778305370921265,0,-1.9032461674776533,0,-94.75554486677686,0,0.0,0,0.25838201170121794,0,2.5142425642858894,0,-10.926910155033305,0
TX001546,AC00163,train,-0.0072088224811680535,0,-0.0905011642740654,0,-1.0820854375928928,0,-90.2874007688637,0,0.0,0,0.3790915139512659,0,2.9384106627356097,0,-9.450207731156107,0
TX001547,AC00123,train,-0.08459604261516407,0,-0.1765753583092764,0,-2.1263547075549427,0,-94.68098602021058,0,4.2146848510894035e-08,0,0.2054053624613362,0,2.295818233185839,0,-5.876112867922754,0
TX001548,AC00054,train,-0.09622249477852513,0,-0.2361167163942055,0,-2.4930784245535262,0,-96.58808181058939,0,0.0,0,0.1844998454515943,0,1.962185489669328,0,-7.126493840836846,0
TX001549,AC00172,train,-0.07942915170063292,0,-0.13702843875494675,0,-2.414263858281175,0,-92.00832166162279,0,0.0,0,0.30465107867266566,0,2.4945053211218746,0,-7.1945249177867625,0
TX001550,AC00176,train,-0.09889684250646058,0,-0.23397309873382421,0,-3.230812342882232,0,-99.88457122296322,0,4.2146848510894035e-08,0,0.12261389584078725,0,1.9971047024970092,0,-8.062798455456273,0
TX001551,AC00093,train,-0.015867107458055085,0,-0.14252410498082968,0,-0.00011339940008614491,0,-29.714405987279875,0,0.0,0,0.4448340532546401,0,2.9643167381554862,0,-10.650004811043846,0
TX001552,AC00310,train,-0.09100935334670374,0,-0.19490642911002376,0,-2.9031176826489817,0,-97.6564489033712,0,4.2146848510894035e-08,0,0.2556510691929846,0,2.01152212594339,0,-2.4286904090402,0
TX001553,AC00127,train,-0.05241852739483105,0,-0.11058164563282102,0,-0.3083121618577165,0,-73.06295180931195,0,5.960464477539063e-08,0,0.3916891442093219,0,2.9657461123923845,0,-1.814807349638182,0
TX001554,AC00286,train,-0.05434761141744565,0,-0.21795249220288793,0,-3.0575053317503036,0,-98.17895018816188,0,0.0,0,0.16813442006929116,0,1.820662480670473,0,-12.557900743095395,0
TX001555,AC00497,train,-0.08059263688151658,0,-0.22188375152641004,0,-3.5635038607980354,0,-93.46511188834617,0,0.0,0,0.2703212064242896,0,1.837452335028626,0,-6.967469052449014,0
TX001556,AC00475,train,-0.07154327578386083,0,-0.1415961236253358,0,-1.8033692488940085,0,-89.03305280694133,0,0.0,0,0.31088089679466663,0,2.286860455115328,0,-4.712933535272461,0
TX001557,AC00470,val,-0.06880266087276993,0,-0.17323440256119516,0,-2.2836233489199946,0,-94.1673627833213,0,0.0,0,0.33680665086408806,0,2.545668630238891,0,-11.828671460966692,0
TX001558,AC00245,val,0.02353049384071071,1,-0.19264491754250956,0,1.4958820144586538,1,39.41927990831614,1,2.8380252265035493,1,0.5613471667430016,1,3.197950373374537,0,12.98751983921607,1
TX001559,AC00480,train,-0.0773904614004376,0,-0.16966497118030244,0,-1.3528065207057276,0,-82.50512838087509,0,0.0,0,0.4028783561805995,0,2.440048929122143,0,-11.341330555581534,0
TX001560,AC00011,train,-0.06782457150711346,0,-0.178709053333729,0,-1.566060093344162,0,-93.39051219436402,0,5.960464477539063e-08,0,0.30739901915672696,0,2.3078530607476777,0,-12.576609605820654,0
TX001561,AC00362,val,-0.02428627263628602,0,-0.05117348381850828,0,-0.8109342859925182,0,-90.10969709131902,0,0.0,0,0.389607329774824,0,2.7593936106982944,0,-3.086946847532161,0
TX001562,AC00015,train,-0.12050359800779298,0,-0.2594864869090274,0,-4.547105554293984,0,-103.21596234424464,0,0.0,0,0.07368075580144436,0,1.4477068114943341,0,-14.402713383207296,0
TX001563,AC00112,val,-0.06682565504893312,0,-0.019930170494935506,0,-0.5043145471207175,0,-88.58867460044179,0,0.0,0,0.3981476498747428,0,3.0160284779786606,0,-3.505078328021883,0
TX001564,AC00057,train,-0.0298668009462546,0,-0.09688555690372769,0,-1.6909875104782577,0,-92.02697723800689,0,0.0,0,0.3397977969646859,0,2.599088434501638,0,2.472310542112125,0
TX001565,AC00393,train,-0.0860788533519471,0,-0.14326904619831926,0,-3.9656163346057385,0,-80.97072958596611,0,0.0,0,0.3691317478314786,0,2.3537082904734414,0,-0.859800820147575,0
TX001566,AC00233,train,-0.11399261571354796,0,-0.22497039061470536,0,-3.68571886406058,0,-93.86606198763094,0,4.2146848510894035e-08,0,0.18935161940289533,0,1.8427576405149524,0,-8.732886255390211,0
TX001567,AC00466,train,-0.049897531690858976,0,-0.09602143690223208,0,-1.5682223091045406,0,-71.91296682063896,0,0.0,0,0.38905471285675564,0,2.1658005412487484,0,1.0392606832730331,0
TX001568,AC00453,train,-0.08990496607681164,0,-0.1818371257447231,0,-3.258703444121781,0,-82.0424623780169,0,0.0,0,0.3088852275591737,0,2.102124606747011,0,-1.3459627938028176,0
TX001569,AC00203,train,-0.0367967350904167,0,-0.18922255694967482,0,-2.971157397832303,0,-96.5179973509261,0,0.0,0,0.27482293453542134,0,2.1826154780533344,0,-11.654889879412826,0
TX001570,AC00228,train,-0.08764844099634972,0,-0.2214992607580908,0,-3.0586327781879623,0,-98.86937395999057,0,0.0,0,0.07751693192467729,0,1.7967361866534706,0,-12.982424523498723,0
TX001571,AC00131,train,-0.08316110804575355,0,-0.1795798342757735,0,-2.4850648392685377,0,-78.09274010695114,0,0.0,0,0.31213030425261734,0,1.9898071032879832,0,-4.413245436633443,0
TX001572,AC00247,train,-0.0539295596915676,0,-0.1449700866649286,0,-1.6676742869718728,0,-93.3736117626904,0,0.0,0,0.35407439166902954,0,2.396028433866079,0,-5.083523564908423,0
TX001573,AC00425,val,-0.11221063695036865,0,-0.24125631257454672,0,-4.4342542398868146,0,-102.36913054378459,0,0.0,0,0.1379502562546252,0,1.8015371720341729,0,-14.336845076826526,0
TX001574,AC00123,train,-0.0831763774546021,0,-0.23310445669302982,0,-2.541546062522653,0,-100.98142290304553,0,4.2146848510894035e-08,0,0.11925447285970119,0,1.9533601249939907,0,-13.957964050939992,0
TX001575,AC00139,train,-0.05755309728432373,0,-0.2349806428586778,0,-3.0116026162329126,0,-99.19014324818522,0,4.2146848510894035e-08,0,0.14639638591229162,0,2.0185561708432784,0,-15.135546064462709,0
TX001576,AC00379,train,-0.020488753765951273,0,-0.20374371258823043,0,0.00014027650834336214,1,75.86226877456097,1,0.0,0,0.4520694361675241,0,2.458045178644799,0,-10.555271358520292,0
TX001577,AC00059,train,-0.07246854241236717,0,-0.027977602831693593,0,-0.9562138030879508,0,-83.87156799593029,0,0.0,0,0.398727345698511,0,3.2243153139058602,1,-2.9863358587164504,0
TX001578,AC00233,train,-0.050403554965064046,0,-0.21175182778019086,0,-2.2063328215131124,0,-93.73051948570824,0,4.2146848510894035e-08,0,0.21670149684647544,0,1.80445943403111,0,-11.618435319766288,0
TX001579,AC00007,val,-0.11113236775350815,0,-0.2506016935276768,0,-2.8742272035021577,0,-98.76788922001303,0,0.0,0,0.1087737986802302,0,2.0173631075477014,0,-8.237330429671834,0
TX001580,AC00028,train,-0.06195447320014685,0,-0.08889025944343776,0,-0.1119963874766805,0,-93.04162919353777,0,0.0,0,0.40165539448929194,0,2.945639257044719,0,-10.74808749319154,0
TX001581,AC00428,train,-0.07926448270829917,0,-0.1622185812566208,0,-2.8052828798285754,0,-90.10582898473302,0,0.0,0,0.2926445197687298,0,2.270927190580806,0,-11.010649945637123,0
TX001582,AC00242,train,-0.10460208914395247,0,-0.1861628113068381,0,-4.321938715772586,0,-83.67192276572598,0,0.0,0,0.30729944914441715,0,2.0929523210498884,0,-3.480882144003173,0
TX001583,AC00447,val,-0.10562432366224234,0,-0.20680844310288582,0,-2.680554550475203,0,-96.38890458939254,0,0.0,0,0.24874481246461463,0,1.9583078839789976,0,-7.39542424496867,0
TX001584,AC00081,train,-0.04324635871585536,0,-0.22088323654060993,0,-2.6588880478132078,0,-96.09285660947329,0,0.0,0,0.26312407602035354,0,2.0827139930772938,0,-13.533808432232378,0
TX001585,AC00358,train,-0.0013871132568128441,0,-0.24065606322950772,0,-0.4688374717087971,0,26.04039440522793,1,1.7776534662562966,0,0.4913225640838925,1,2.4030965841310086,0,14.24726746021039,1
TX001586,AC00254,train,-0.11253229201108733,0,-0.2337401357252198,0,-3.8077176927412504,0,-100.49223051331579,0,0.0,0,0.23476335166201154,0,2.2429006535220877,0,-14.10817720822345,0
TX001587,AC00241,train,-0.08975957454134975,0,-0.21197271484385594,0,-2.330981063812863,0,-98.55570113359924,0,0.0,0,0.13566893293476906,0,2.201300892390404,0,-7.776791320709768,0
TX001588,AC00140,train,-0.03788063363188743,0,0.025781529303068984,1,0.2785034858354134,1,-77.87541572228693,0,2.513131655763408,0,0.5493931703927601,1,3.891788009886991,1,-5.168884247191871,0
TX001589,AC00132,train,-0.06750893846117695,0,-0.17685417628161315,0,-2.6156523473000357,0,-87.64152089729093,0,4.2146848510894035e-08,0,0.2543467006777054,0,2.210078456977953,0,-5.759275812211479,0
TX001590,AC00035,train,-0.017496176245612283,0,-0.10765683153774974,0,-1.4969350761062765,0,-91.35317445132654,0,0.0,0,0.359263545344116,0,2.426395745180792,0,-9.504905098928658,0
TX001591,AC00172,train,-0.033826009763011755,0,-0.19589628582953078,0,-2.6733133171824592,0,-78.68276452262526,0,0.0,0,0.2176561976855711,0,1.7988830317321938,0,-3.003477714376834,0
TX001592,AC00016,train,-0.05983385657629331,0,-0.21613020901502744,0,-2.4548130999404245,0,-96.85147151444166,0,0.0,0,0.19467102864780186,0,2.009209704580052,0,-12.05025755555158,0
TX001593,AC00382,val,-0.003129100582345723,0,0.011732202242912937,1,0.005918854245939187,1,-82.372580310473,0,0.0,0,0.4900551578607641,1,3.3653442231537376,1,-3.3254251586518215,0
TX001594,AC00413,val,-0.0609055505411531,0,-0.10053082181206774,0,-2.300792037926702,0,-93.89461585913811,0,0.0,0,0.2973583328531524,0,2.617559645701369,0,-6.569680267371595,0
TX001595,AC00297,train,-0.08640150551269399,0,-0.2252532144385806,0,-2.0167713991923124,0,-98.04429484626931,0,0.0,0,0.23757470961430333,0,1.9598594947942551,0,-12.98132096660299,0
TX001596,AC00207,train,-0.03719994429143492,0,-0.17192550798716466,0,-1.9367182220354424,0,-96.1740113364794,0,0.0,0,0.2839605109626731,0,2.1516530557414426,0,-11.445921179042728,0
TX001597,AC00411,train,-0.08080407756365499,0,-0.23103625869202316,0,-3.234058938600314,0,-95.24517265073568,0,4.2146848510894035e-08,0,0.1826161377778279,0,1.6533947640601614,0,-7.658520380440229,0
TX001598,AC00105,train,-0.06977751660808013,0,-0.12458320215644858,0,-0.8891777460136945,0,-94.04431489727074,0,0.0,0,0.24933091758567202,0,2.497149808831908,0,-12.716367873579049,0
TX001599,AC00002,train,-0.0783591643302346,0,-0.22163563644053164,0,-2.3043362754819006,0,-98.05599439780363,0,4.2146848510894035e-08,0,0.173647760104659,0,2.0513398276944805,0,-12.79168974090322,0
TX001600,AC00410,train,-0.0622608190104611,0,-0.14437145085185077,0,-2.344896456578291,0,-93.590340478352,0,0.0,0,0.329899398967125,0,2.316430827070959,0,-8.093817264285457,0
TX001601,AC00492,val,-0.11101847546547022,0,-0.26513459073872947,0,-3.4127359658534653,0,-101.47561063045752,0,2.9802322387695312e-08,0,0.07056040836483887,0,1.7169253299953993,0,-15.099416850765538,0
TX001602,AC00095,train,-0.0618709412551835,0,-0.15584547405681737,0,-1.8613387441743425,0,-87.82762565436678,0,0.0,0,0.2762575394410951,0,2.2121484352999183,0,-9.94807326372873,0
TX001603,AC00058,train,-0.10970952018693436,0,-0.2483268342883519,0,-3.2096626230035588,0,-99.60380035017745,0,0.0,0,0.1470777855999702,0,1.744220216018156,0,-8.381428980901882,0
TX001604,AC00405,train,-0.09321613036038934,0,-0.21182190620897168,0,-2.3072960609406588,0,-98.68876736998473,0,0.0,0,0.16556918119092595,0,1.9208670814850857,0,-13.735059797468693,0
TX001605,AC00258,val,-0.03627477823732672,0,-0.11767133389651496,0,-0.8278433067234356,0,-85.91679422720793,0,0.0,0,0.46466782146386515,0,2.7697240161075976,0,-10.05088117001576,0
TX001606,AC00257,train,0.021412551236938637,1,-0.09954404673954742,0,0.09618183504602662,1,300.6048869399729,1,2.81036042797129,1,0.5477982382199308,1,4.774640708800151,1,-7.092627017252558,0
TX001607,AC00317,val,-0.08868280093117825,0,-0.2470575744262754,0,-1.5793500912563507,0,-87.31726670627012,0,0.0,0,0.21735188258664478,0,1.9431231778219074,0,-12.858423656348798,0
TX001608,AC00409,val,-0.11891365422460831,0,-0.24091541176134623,0,-2.754248788523882,0,-99.47319709583874,0,0.0,0,0.15133597954145947,0,1.9836006732679836,0,-8.494254963260426,0
TX001609,AC00337,val,-0.09754436737590938,0,-0.2611699193447773,0,-3.991811489686529,0,-101.39600343827507,0,0.0,0,0.11754182651541763,0,1.5981187407910948,0,-13.86113185013473,0
TX001610,AC00273,val,-0.02748740061796029,0,-0.08447760031113671,0,-0.704464654633771,0,-66.67526624139649,0,0.0,0,0.41998563016344503,0,2.8987694136514377,0,0.9158904419476225,0
TX001611,AC00056,train,-0.11559858462249162,0,-0.2448218712137752,0,-4.721675202207018,0,-87.09626175848672,0,0.0,0,0.20941531563002827,0,1.5816537615606894,0,-5.841285569674682,0
TX001612,AC00259,val,-0.036478904022086645,0,-0.19812162346703555,0,-2.6655110530974317,0,-95.81016748352513,0,0.0,0,0.286122225167064,0,2.2599753536183584,0,-10.069943666335362,0
TX001613,AC00102,val,-0.05403509176800475,0,-0.10222777413617812,0,-1.3606624303280404,0,-89.16914024961767,0,0.0,0,0.3418891124831477,0,2.4295818829088844,0,-4.580945118467682,0
TX001614,AC00165,train,-0.11463714408911468,0,-0.24197349902506549,0,-3.80223938158315,0,-99.15772243872009,0,0.0,0,0.1662591684088569,0,1.5838276468407593,0,-8.386440495167104,0
TX001615,AC00455,val,-0.09731784038876495,0,-0.1894144904693813,0,-2.1190015595576464,0,-94.28440243668766,0,0.0,0,0.19879798014629146,0,1.5635281387180229,0,-6.653167525399939,0
TX001616,AC00030,train,-0.02507489825460052,0,-0.2015322159188444,0,-1.5136366031302169,0,-71.09884613021501,0,2.499238418227864,0,0.4984071106358799,1,2.786730021835598,0,-1.9911695858835796,0
TX001617,AC00114,train,-0.004650638181209921,0,-0.10433164235628811,0,0.00011417656331769166,1,-84.44270295785691,0,0.0,0,0.43654942742433306,0,2.724406967278206,0,-6.061700429114287,0
TX001618,AC00331,train,-0.041395441077163975,0,-0.15812414328993563,0,-2.2812906492861353,0,-94.57749928658684,0,0.0,0,0.3157670057040652,0,2.1646592304850607,0,-10.235752728261762,0
TX001619,AC00305,val,-0.03186802987341941,0,-0.25585877633259857,0,-1.1426294341168148,0,-24.9026707565545,0,8.429369702178807e-08,0,0.5013435520426042,1,2.2511200768272093,0,0.30626983498995236,0
TX001620,AC00015,val,-0.050855827544932564,0,-0.23731967532546205,0,-3.036550936838318,0,-96.8960858463026,0,0.0,0,0.015372296311268857,0,2.1296609269815625,0,-10.221986340231538,0
TX001621,AC00270,train,-0.02347373606284653,0,-0.1617823114498409,0,-0.5936370258283645,0,-86.35620717979828,0,0.0,0,0.36934590858320143,0,2.4862271802778175,0,-10.552424395959202,0
TX001622,AC00063,val,-0.07940210880129484,0,-0.22821515429327355,0,-2.512827952333219,0,-97.35072866585111,0,4.2146848510894035e-08,0,0.1308598294811836,0,1.9451923862144778,0,-15.13797174495548,0
TX001623,AC00087,train,-0.1007305337208465,0,-0.2454362243375371,0,-2.7081270834517897,0,-100.64717314928875,0,0.0,0,0.1252815730433877,0,1.7343678329943963,0,-9.188875821785155,0
TX001624,AC00130,val,-0.08714290323791662,0,-0.20700464484245407,0,-2.7602345030954227,0,-98.73159148371924,0,0.0,0,0.22419257788601613,0,1.912534008254497,0,-13.645265274776664,0
TX001625,AC00324,val,-0.065913098439013,0,-0.23668105742509438,0,-4.185271222885887,0,-100.42214162419289,0,4.2146848510894035e-08,0,0.16210069553270187,0,1.9840055647866666,0,-14.150077555051423,0
TX001626,AC00220,train,0.022168431763130658,1,-0.03272206112222786,0,-2.119249883163172,0,-71.46061500679714,0,0.0,0,0.4294971515485215,0,2.52295154994422,0,-1.491239017583923,0
TX001627,AC00257,train,-0.053527990429039884,0,-0.1164104900833196,0,-2.1318842184545543,0,-86.56816273345646,0,0.0,0,0.34945527961829925,0,2.7597433110132013,0,-5.73632826265478,0
TX001628,AC00141,train,-0.08241795018764009,0,-0.04499247292108932,0,-0.00038912568605642406,0,-83.03522829400555,0,5.960464477539063e-08,0,0.38180676795641044,0,2.4834274121872406,0,-2.709137386642046,0
TX001629,AC00422,val,-0.0947142507693744,0,-0.23977235146169806,0,-3.2786908995946673,0,-95.6647124615093,0,0.0,0,0.17151226808342757,0,1.8015575700340418,0,-14.230276026842798,0
TX001630,AC00334,train,-0.09237035078796924,0,-0.22922971665570446,0,-2.1295330966654715,0,-99.42613497468741,0,0.0,0,0.15835304314322673,0,1.948448166523389,0,-8.257690148581508,0
TX001631,AC00175,train,-0.10236998657328639,0,-0.23282807180512344,0,-2.528087675534697,0,-99.4786055072548,0,0.0,0,0.20563676662038047,0,1.8242134383008592,0,-8.674752077295846,0
TX001632,AC00380,train,-0.05964091670723709,0,-0.07217043626059261,0,-0.3919907481161786,0,-85.72286858568626,0,0.0,0,0.41096588073225115,0,2.611567611351145,0,-7.264733535508206,0
TX001633,AC00118,val,-0.12182411802377263,0,-0.22279799978844106,0,-3.353409851032331,0,-101.17983861893471,0,0.0,0,0.2528512091098032,0,2.0101198287053363,0,-14.675676095185906,0
TX001634,AC00196,train,-0.08942623610266126,0,-0.22631766461585223,0,-3.9196337348207004,0,-99.38331614732829,0,0.0,0,0.2014762980412447,0,2.009808985219755,0,-2.212782153961494,0
TX001635,AC00358,train,-0.015815651198018754,0,-0.24304450111740916,0,-0.48350170115816216,0,7.320813505414904,1,0.0,0,0.4069900420156988,0,1.977470050223807,0,-0.2292333567893663,0
TX001636,AC00465,train,-0.02468221664682213,0,0.029447757487622406,1,-0.003059802878003559,0,-72.07116252992904,0,0.0,0,0.4812105097892678,1,2.8955092927292845,0,-0.48030496138587947,0
TX001637,AC00126,train,-0.08352510905879051,0,-0.23389554912699428,0,-4.457038484181646,0,-100.80053595131304,0,4.2146848510894035e-08,0,0.22245202752757579,0,1.9111688852538387,0,-8.516855322641053,0
TX001638,AC00041,train,-0.11373784789399394,0,-0.23289296013634697,0,-3.5201908201543874,0,-99.37110973964742,0,0.0,0,0.2366924320011117,0,1.7850298487852925,0,-14.3576662944556,0
TX001639,AC00403,train,-0.08478539730089335,0,-0.2234544029836234,0,-2.4802979928013587,0,-99.3504929542282,0,0.0,0,0.21058129983796336,0,1.9429724721200277,0,-13.621864167664738,0
TX001640,AC00155,train,-0.07859200991263587,0,-0.10980388664665952,0,-1.2255328764206785,0,-85.80548896930202,0,5.960464477539063e-08,0,0.36685374617461136,0,2.8554784355769187,0,-3.960627866487421,0
TX001641,AC00261,val,-0.03308067321713648,0,0.0227392872743295,1,-0.15819523010040637,0,-76.00111911967016,0,0.0,0,0.40109848183561503,0,3.0581035512485126,0,-4.189726123867225,0
TX001642,AC00480,val,-0.03213347725118698,0,0.026768669933068923,1,0.14997623371928448,1,-84.06805587743774,0,0.0,0,0.4359351487544202,0,3.247688284628922,1,-2.05433603943427,0
TX001643,AC00291,train,-0.05719385619324191,0,-0.20938990636202415,0,-3.035704838098309,0,-94.87386025746312,0,0.0,0,0.2550636868258852,0,1.9751368613549054,0,-6.839522472074638,0
TX001644,AC00154,train,-0.055117720121772684,0,-0.15783934123217613,0,-1.4449104586881392,0,-95.67892636643494,0,0.0,0,0.2138075594822334,0,2.2234610942829964,0,-13.649388153660569,0
TX001645,AC00106,train,-0.09091830021307673,0,-0.2451687132089313,0,-4.044619895386934,0,-100.35816580356321,0,0.0,0,0.1344744242462471,0,1.7065530626743994,0,-13.70359966875593,0
TX001646,AC00378,train,-0.014923345435055357,0,-0.18889570401362743,0,-0.5603984929233929,0,92.76353495791734,1,0.0,0,0.48037807626138523,1,2.3749130291315823,0,2.003051197284505,0
TX001647,AC00303,train,-0.09112189607275539,0,-0.2597248816434934,0,-3.974974529365535,0,-101.34264835274492,0,0.0,0,0.029750209570642366,0,1.5236349981866082,0,-16.211478801443864,0
TX001648,AC00004,train,-0.03684061557589491,0,-0.21458009123589328,0,-2.4028501735108554,0,-96.89403921614873,0,0.0,0,0.20609883393344927,0,2.131031850563643,0,-12.201485260223937,0
TX001649,AC00157,train,-0.10301607422572073,0,-0.25011823620013374,0,-2.9614386761276004,0,-102.11040680838707,0,0.0,0,0.07452860132236672,0,1.4719358657875168,0,-15.28594327948909,0
TX001650,AC00434,train,-0.044459506327298615,0,-0.19084532208146698,0,-1.9632256880024075,0,-94.35320108644021,0,0.0,0,0.30008719412557544,0,2.460922939649261,0,-10.652666493380586,0
TX001651,AC00438,train,-0.09015835786717724,0,-0.15687557720725365,0,-1.1609338229197839,0,-87.44105425753203,0,0.0,0,0.35214871168251866,0,2.1012050598726946,0,-4.022427922919864,0
TX001652,AC00279,val,-0.0791957750631993,0,-0.16320462698249671,0,-1.7429757171625893,0,-84.49682864809542,0,4.2146848510894035e-08,0,0.28062065602556974,0,2.3094539100832625,0,-6.000453319425412,0
TX001653,AC00458,train,-0.0728897909145359,0,-0.2391932227075677,0,-1.9854502786164518,0,113.44978851643201,1,0.0,0,0.0,0,2.0660274262735663,0,-12.531918318529295,0
TX001654,AC00166,val,-0.11499675986162428,0,-0.28067474103665735,0,-3.9946153088408787,0,-102.29388959444518,0,0.0,0,0.0,0,1.0089217271022048,0,-17.0259254376632,0
TX001655,AC00129,train,-0.07955112120863594,0,-0.23686072019307547,0,-3.5230728432797696,0,-98.52582304710751,0,0.0,0,0.16997591063949102,0,2.0794506287886128,0,-12.530249953512644,0
TX001656,AC00292,train,-0.07138565146823428,0,-0.23677847074807512,0,-4.181646681425762,0,-98.45964594567208,0,0.0,0,0.14356823880115102,0,1.4822472153617219,0,-13.437987363823426,0
TX001657,AC00185,train,-0.12088960627332346,0,-0.21572983544208535,0,-2.4439818971311604,0,-95.181963730629,0,0.0,0,0.23744095478314867,0,1.9339858191038084,0,-8.026627887430887,0
TX001658,AC00498,train,-0.12158986129867522,0,-0.24767709291848172,0,-4.022393467574976,0,-100.93582419794221,0,0.0,0,0.19462143459304365,0,1.917061755134043,0,-9.348628124823113,0
TX001659,AC00171,train,-0.09603096856161802,0,-0.24376971349371557,0,-3.835556827673197,0,-101.65719329513604,0,0.0,0,0.18372684513365334,0,1.9834672610519197,0,-12.740815127471057,0
TX001660,AC00456,train,0.016706965775534655,1,-0.03983658086432329,0,0.6064954546786927,1,-53.99068732871966,0,2.1830878805819123,0,0.581096629024953,1,3.852381125588344,1,10.381274077458098,1
TX001661,AC00459,train,-0.09721799973656414,0,-0.23392316142249547,0,-2.9907165071787487,0,-101.16232596470383,0,0.0,0,0.09857109874053722,0,1.6076388595422448,0,-14.320593781977488,0
TX001662,AC00090,train,-0.09887547705522726,0,-0.26348693219721575,0,-2.673869087105376,0,-89.94694498441905,0,0.0,0,0.24129162445647498,0,1.6433554669169623,0,-14.339310619672744,0
TX001663,AC00289,train,-0.06522695878418122,0,-0.16994672278380984,0,-1.1276980089955027,0,-94.38767874197872,0,0.0,0,0.29304201578226635,0,2.37431852484409,0,-12.327824832147611,0
TX001664,AC00063,train,-0.04033224692674742,0,-0.19390838952163958,0,-1.9349785587051462,0,-95.25983788325712,0,0.0,0,0.26084557484300097,0,2.369113605881434,0,-10.95383893429685,0
TX001665,AC00394,train,-0.09180215924998336,0,-0.21612590115452734,0,-2.135424527562102,0,-97.58527304374763,0,0.0,0,0.22419257788601613,0,1.9584339844131013,0,-13.700386219035659,0
TX001666,AC00241,train,-0.002843947595743468,0,-0.17949517092513445,0,-0.9601183618027402,0,-63.166407589643114,0,2.1295485804689918,0,0.555151371155624,1,2.983634233844532,0,11.353559865147997,1
TX001667,AC00296,train,-0.07703511395582058,0,-0.2272763000120468,0,-1.9310063137772575,0,-92.92619424489833,0,5.960464477539063e-08,0,0.23438375397174016,0,1.9305613974408555,0,-13.307980952343275,0
TX001668,AC00495,train,-0.0898322606805908,0,-0.2559627059338909,0,-2.9087924328189265,0,-100.77252079090523,0,0.0,0,0.025672796180289635,0,1.5866996727044818,0,-15.845907171410841,0
TX001669,AC00368,train,-0.079952076777771,0,-0.21082488173079317,0,-2.337365817261447,0,-98.04850185905076,0,0.0,0,0.1681574377416535,0,1.8468627874149277,0,-13.684259836626678,0
TX001670,AC00017,train,-0.08790708252928603,0,-0.1970584326936189,0,-2.2332623688251276,0,-83.64673349060259,0,0.0,0,0.35926416156392027,0,2.2013487842546535,0,-13.459799280735643,0
TX001671,AC00458,train,-0.11981767812431826,0,-0.22053217410593828,0,-4.025770206598316,0,-99.19884628303694,0,0.0,0,0.19384839986631086,0,1.85995705240247,0,-8.599605777682264,0
TX001672,AC00335,train,-0.0071339889591589545,0,0.06347047135900996,1,1.0561240451104412,1,-78.03956742944766,0,2.6621188995236653,0,0.5200281901193777,1,3.497424656292642,1,-3.070813930253567,0
TX001673,AC00344,train,0.008823956485244921,1,0.016940065115479852,1,-1.3103511307440447,0,-71.53313117041563,0,0.0,0,0.4045984278369943,0,2.539292304582157,0,4.724994696787449,1
TX001674,AC00002,train,-0.10494390902905981,0,-0.22964482699728284,0,-3.5977713958691,0,-100.86992729379274,0,5.960464477539063e-08,0,0.16332752281742824,0,1.6542863124721043,0,-14.313055809519465,0
TX001675,AC00285,train,-0.03750829196037664,0,-0.09241671923381167,0,-0.39766211205467794,0,-86.97592002461374,0,0.0,0,0.40254160657998955,0,2.6725058822064223,0,-3.6181063627599186,0
TX001676,AC00091,train,-0.10614702095581358,0,-0.16185911719869872,0,-1.4720599495287656,0,-96.16069537010715,0,0.0,0,0.2959823967807302,0,2.1738048890593764,0,-7.436062153368991,0
TX001677,AC00399,train,-0.052821838912379904,0,-0.14994918152250647,0,-0.9452345146831798,0,-94.96320249546586,0,0.0,0,0.27527160115942506,0,2.1569766286171617,0,-11.424607837983121,0
TX001678,AC00133,train,-0.03754045275430962,0,-0.1508071612977755,0,-1.0092727421875374,0,-90.10401030798772,0,0.0,0,0.33577841529411634,0,2.4851629638857684,0,-8.421172887458356,0
TX001679,AC00322,train,-0.09627298073562662,0,-0.20017546889985405,0,-2.360454593134377,0,-97.03173951162981,0,0.0,0,0.25024312478553445,0,2.0601058222545756,0,-7.165465469359085,0
TX001680,AC00247,train,-0.0631463093137769,0,-0.1967428399759552,0,-2.4211461244689447,0,-98.27123487198809,0,0.0,0,0.2270700200375352,0,1.8729254868243823,0,-12.40343499204497,0
TX001681,AC00332,train,-0.09959553218667144,0,-0.23780303959633575,0,-3.3615581018226317,0,-95.49351453003148,0,0.0,0,0.21181169695354887,0,1.569980989317046,0,-8.280019709969086,0
TX001682,AC00230,train,-0.09634961073883935,0,-0.2548167705365447,0,-2.86418893906525,0,-100.58829412119307,0,0.0,0,0.14370924510537786,0,1.509919065714744,0,-16.281322890787393,0
TX001683,AC00019,train,-0.025901473793843444,0,-0.20896054570866096,0,-2.188673168439883,0,-95.96658778901082,0,0.0,0,0.190089404937717,0,2.043939707288483,0,-11.673762863207578,0
TX001684,AC00446,train,-0.03587373003484118,0,-0.18365989655667758,0,-2.7831031133963675,0,-96.2769730965345,0,0.0,0,0.2914624323178756,0,2.087574277551555,0,-11.539150211816061,0
TX001685,AC00219,train,-0.07557296657523876,0,-0.2293265709455683,0,-2.787341043526321,0,-99.65400418567833,0,0.0,0,0.047673328556730996,0,1.680578087750613,0,-13.351827709358504,0
TX001686,AC00050,train,-0.10153787873393294,0,-0.23426677722005085,0,-2.836282257110466,0,-87.38239852399613,0,0.0,0,0.23059491880941482,0,1.658730304419284,0,-14.174908107325928,0
TX001687,AC00449,train,-0.03299506027462473,0,0.045817753829757724,1,-0.5681932127064302,0,-82.13428156655306,0,1.982780871651877,0,0.527145893667466,1,3.610328089371862,1,-5.440981429669239,0
TX001688,AC00426,train,-0.10268942258836916,0,-0.2514171841513867,0,-3.7951381773449535,0,-101.86218228393332,0,0.0,0,0.19509836846625117,0,1.4565017263378972,0,-15.537439010585379,0
TX001689,AC00354,train,-0.023266478255831613,0,-0.2558343443359057,0,-1.7076935862831055,0,-33.13169442171859,0,0.0,0,0.0,0,1.7931897961707022,0,5.883546252094206,1
TX001690,AC00313,train,-0.03715201427206494,0,-0.1695897929846455,0,-2.076253806486302,0,-84.41922702064248,0,0.0,0,0.29578834412446603,0,2.427530942598901,0,-4.681201342710125,0
TX001691,AC00442,train,-0.0406168846449535,0,-0.16015773592465288,0,-1.4522861512867538,0,-92.70313827437629,0,0.0,0,0.28913692531653695,0,2.3969782502375936,0,-10.965870102178243,0
TX001692,AC00318,train,-0.051772530999763144,0,-0.1812502443996158,0,-2.8642652501004973,0,-92.64151354165728,0,0.0,0,0.3321789987194242,0,2.1504512441106596,0,-13.16624170415662,0
TX001693,AC00232,train,-0.041433946819760537,0,-0.18051822382165827,0,-1.1607947413169128,0,-84.31929480845073,0,0.0,0,0.31294922416126414,0,2.406816799655423,0,-3.659034387127354,0
TX001694,AC00424,train,-0.11756922571966344,0,-0.2771882237196116,0,-4.3985540413181825,0,-101.99782360079334,0,0.0,0,0.0,0,1.3420228408670019,0,-15.066883377648946,0
TX001695,AC00393,train,-0.12511463044745647,0,-0.24870211115219987,0,-4.297700886924583,0,-100.2184231535166,0,0.0,0,0.10093530486269896,0,1.5688593915286788,0,-8.757145118556686,0
TX001696,AC00175,train,-0.06911510660414688,0,-0.21789075874031738,0,-2.819463956310199,0,-98.37712264213813,0,0.0,0,0.2184402858905359,0,1.895519146935243,0,-3.9026195740740346,0
TX001697,AC00108,train,-0.04750670855119338,0,-0.1668799265069949,0,0.00024609187686053247,1,166.65920571869174,1,0.0,0,0.4974074136251688,1,3.5152949704556455,1,-9.695146186843601,0
TX001698,AC00067,train,-0.10368180473990846,0,-0.24371281022664182,0,-3.857573161799981,0,-94.77965781238105,0,0.0,0,0.14823902549682533,0,1.9422352686840871,0,-7.7082496292265725,0
TX001699,AC00356,train,-0.10381746537144249,0,-0.22838486739787522,0,-2.734923055058215,0,-96.71066891592577,0,0.0,0,0.21598452355429457,0,1.769697739074055,0,-8.39395249918331,0
TX001700,AC00244,train,-0.13240725239713302,0,-0.2713415941096471,0,-4.2028608032810455,0,-101.30492885699641,0,0.0,0,0.0,0,1.475802124829794,0,-10.267631699571485,0
TX001701,AC00244,train,-0.07425670869535522,0,-0.2247349811638122,0,-2.904914787521224,0,-97.65758012574068,0,0.0,0,0.165256636628765,0,2.2331788802031483,0,-13.644124012651027,0
TX001702,AC00411,val,-0.12267910718958036,0,-0.21893302458541974,0,-1.6870472270946797,0,-98.77877134423295,0,0.0,0,0.12220946153949964,0,2.2018869241095422,0,-8.47092992698901,0
TX001703,AC00294,val,-0.07505782935017491,0,-0.25184746607241604,0,-2.824088816968371,0,-98.1519591462242,0,0.0,0,0.057979658813719345,0,1.8260966325499188,0,-7.430003609108804,0
TX001704,AC00205,val,0.048744575450297534,1,0.16925388043118117,1,1.1792722398903903,1,-50.56536621964106,0,2.463774978613612,0,0.5890496132246044,1,3.8851063517915443,1,16.027093587808775,1
TX001705,AC00155,train,-0.10394038867378869,0,-0.25664659278823276,0,-3.549870827816725,0,-102.00521650474133,0,0.0,0,0.06172504879787719,0,1.4155927598998626,0,-14.860643724070012,0
TX001706,AC00305,train,-0.04658615849213543,0,-0.12436643301311112,0,-1.7063729074677179,0,-90.76879758456158,0,5.960464477539063e-08,0,0.35482215298979924,0,2.5551978489328486,0,-9.768250559763388,0
TX001707,AC00048,train,-0.06597116076262738,0,-0.13899534319918838,0,-1.6301936906247976,0,-76.38580513758207,0,0.0,0,0.32463985461214356,0,2.227586996786949,0,-1.949819007183178,0
TX001708,AC00366,train,-0.016360598006125104,0,-0.2505873001106337,0,-0.1881046973376561,0,51.003666284061026,1,0.0,0,0.3310896157730512,0,2.0230793427230656,0,-11.86077452317217,0
TX001709,AC00185,val,-0.09704542118001486,0,-0.20286330987920564,0,-2.6800993891987988,0,-94.43659464789984,0,0.0,0,0.28191268123554003,0,1.9595049701076284,0,-11.170254317311443,0
TX001710,AC00215,train,-0.06871355686244318,0,-0.1698274884411506,0,-1.1342148600814541,0,-96.1589981550357,0,0.0,0,0.25903750165474065,0,2.4386355749200286,0,-11.110813517401716,0
TX001711,AC00283,val,-0.06195603144675571,0,-0.10301912870605467,0,-0.5939710055619658,0,-94.28010634244484,0,0.0,0,0.373057059666971,0,2.694552049173029,0,-12.63373602522481,0
TX001712,AC00197,train,-0.04528553946020214,0,-0.16796250470010543,0,-2.0172479333074174,0,-95.1634019602155,0,0.0,0,0.3037907352967539,0,2.564099390062754,0,-11.686741593006687,0
TX001713,AC00390,train,-0.07037590245938757,0,-0.24004287295491655,0,-3.6952306482602184,0,-98.16042192953486,0,0.0,0,0.23909539814851272,0,1.7561468059446192,0,-6.109754235410996,0
TX001714,AC00320,train,-0.0685949377073673,0,-0.21327210670481933,0,-2.5464880149019455,0,-98.49704826724454,0,0.0,0,0.24047622666558635,0,1.9256582780421445,0,-12.142803498734258,0
TX001715,AC00020,val,-0.055621721285873615,0,-0.08265982145791395,0,-1.7627314179515254,0,-92.63812696452747,0,0.0,0,0.39988754527535647,0,2.705834220761876,0,-5.81532436150228,0
TX001716,AC00500,train,-0.0160966994870273,0,-0.13182424462115794,0,-1.4776029629004617,0,-91.1329683433064,0,0.0,0,0.362583321699483,0,2.653825710278558,0,-10.051864186667522,0
TX001717,AC00289,train,-0.06764208899499713,0,-0.18097734030093715,0,-2.8707042190440584,0,-97.03877092615912,0,5.960464477539063e-08,0,0.2314631864483519,0,2.234052490667616,0,-8.42821134279093,0
TX001718,AC00121,val,-0.07875643856390735,0,-0.0468383001048851,0,-0.42151450581933236,0,-78.35745797401005,0,5.960464477539063e-08,0,0.46592837340781507,1,3.185598813887795,0,-1.1034775544463629,0
TX001719,AC00023,train,-0.07079452932088992,0,-0.24343097547743964,0,-2.0669772037203247,0,-89.25481324020119,0,0.0,0,0.22329347118564952,0,1.863175047770019,0,-13.426016220471745,0
TX001720,AC00490,train,-0.03882117775264082,0,-0.18740016247151758,0,-3.3216402963182334,0,-97.07636212331246,0,0.0,0,0.26583888852310433,0,2.1166272876137033,0,-10.925312473313232,0
TX001721,AC00197,train,-0.061699439680416135,0,-0.15300410490878802,0,-1.5921312162447263,0,-94.23925082807688,0,0.0,0,0.29828518366027085,0,2.33494923502844,0,-10.730502378812794,0
TX001722,AC00494,train,-0.03111565470925237,0,-0.07864814139456366,0,0.0003448007733428682,1,-87.73563753011085,0,0.0,0,0.41143706942758185,0,3.093386739721427,0,-10.4403370761661,0
TX001723,AC00193,train,-0.09140517223113886,0,-0.2339045913883191,0,-2.6391096431526924,0,-99.47550917561188,0,0.0,0,0.0,0,1.852217968511268,0,-8.130164701247667,0
TX001724,AC00451,train,-0.042709445439560345,0,-0.23431808510573027,0,-2.2938938088472662,0,-69.56924518851413,0,0.0,0,0.3042115498848543,0,2.0687631980864656,0,-13.382673387604646,0
TX001725,AC00261,val,-0.07412166140907572,0,-0.1496980816000404,0,-2.062763778858037,0,-86.36668013319746,0,0.0,0,0.31585983357894654,0,2.383283804361859,0,-5.035228097930137,0
TX001726,AC00246,train,-0.10121022843661781,0,-0.2122247148331995,0,-2.3575132382464536,0,-95.06125411753086,0,0.0,0,0.16144885843437204,0,2.0143709956007068,0,-7.052215900042873,0
TX001727,AC00120,train,-0.10280179498526792,0,-0.1665222257133645,0,-1.9840866714213972,0,-89.32427696616722,0,0.0,0,0.34457752216437326,0,2.4158449423093087,0,-5.806461760226401,0
TX001728,AC00189,train,-0.024492786219797225,0,-0.19611735983006073,0,-1.2981011874080748,0,-69.53688521574894,0,8.429369702178807e-08,0,0.3865255959278488,0,2.6584206985613834,0,-11.890886708878183,0
TX001729,AC00499,val,-0.061230677073055795,0,-0.18388540747813353,0,-3.0041381893396073,0,-96.88803205314535,0,0.0,0,0.25804627253599305,0,2.0037295906529025,0,-13.66502770261846,0
TX001730,AC00287,train,-0.003956628863658107,0,-0.0986273596763172,0,-1.3576491296141127,0,-90.02738434778055,0,0.0,0,0.37058848289374946,0,2.8317006086798306,0,-8.164780592694472,0
TX001731,AC00087,train,-0.09812133518368221,0,-0.23485656374703034,0,-2.095833398826808,0,-97.41835368141545,0,0.0,0,0.149581241685956,0,2.060414275371798,0,-7.584516207159909,0
TX001732,AC00333,train,0.017093873963053063,1,-0.1615999548753051,0,0.5145947488916427,1,54.00698929019261,1,3.0985887036949187,1,0.5772136183557853,1,3.4263112698925657,1,12.082975702387898,1
TX001733,AC00423,val,-0.06390909478753953,0,-0.137897737912549,0,-1.7228701222390503,0,-92.35845989688198,0,0.0,0,0.34226165513585066,0,2.192281117611962,0,-10.07820074495127,0
TX001734,AC00108,train,-0.0066357864232525765,0,-0.18888994121935188,0,2.2294346161189083e-05,1,-28.271012598618157,0,2.992122848803737,1,0.5701970131545315,1,2.861138087187272,0,1.9919206148769875,0
TX001735,AC00099,train,0.00672427156294797,1,-0.10184548856700348,0,-1.321180739095758,0,-72.5656001278115,0,0.0,0,0.35339263218901923,0,2.618646796929944,0,-1.6506795439585042,0
TX001736,AC00387,val,-0.1057317781624138,0,-0.21974083310287895,0,-2.9735438453011183,0,-96.60815290182688,0,0.0,0,0.1566939402443135,0,1.8158021922179297,0,-7.319307563308027,0
TX001737,AC00010,train,-0.10080902419601834,0,-0.17770434017439074,0,-3.082716009295173,0,-86.71122692411225,0,0.0,0,0.2891278397686822,0,2.318025487503051,0,-6.569832976357868,0
TX001738,AC00087,val,-0.030904855171398404,0,0.014179411516596518,1,1.5315999317952746,1,40.8988426711975,1,2.312943620709855,0,0.5824790505397323,1,3.4735914175375533,1,6.451962288850966,1
TX001739,AC00294,train,-0.1279655530072501,0,-0.22238060210321997,0,-4.05798979576215,0,-97.40463881144728,0,0.0,0,0.2317546232509296,0,1.7276277364999544,0,-8.508518647419669,0
TX001740,AC00408,train,-0.0675005280270306,0,-0.2103214407921914,0,-2.9992093205747237,0,-98.44049917300539,0,0.0,0,0.21618512982385188,0,2.029358887957296,0,-13.289691369478009,0
TX001741,AC00495,train,-0.09387965727610703,0,-0.2608502234228597,0,-4.094660406702469,0,-99.78229785077117,0,0.0,0,0.10255141603427788,0,1.437416773192054,0,-9.314389905775233,0
TX001742,AC00304,train,-0.0759155325251985,0,-0.06573807182998959,0,-0.0742781279367648,0,-88.7453029272714,0,0.0,0,0.3520285800060644,0,2.5883525987701774,0,-3.67268604169592,0
TX001743,AC00053,train,-0.09877970613881987,0,-0.24907382268302591,0,-4.420714937018118,0,-96.18959679917425,0,0.0,0,0.18928351453254771,0,1.646213782049562,0,-8.579645008717357,0
TX001744,AC00432,train,-0.07575622412027161,0,-0.15574114169971054,0,-2.478827742208174,0,-91.43169777260896,0,0.0,0,0.3111900293739291,0,2.547314319317005,0,-4.9502571142249305,0
TX001745,AC00200,val,-0.10511537789916914,0,-0.2201708375439939,0,-3.6384535032408705,0,-100.07227865828123,0,0.0,0,0.14226536483834745,0,2.045675152539188,0,-14.663104554553744,0
TX001746,AC00438,train,-0.08079132804199629,0,-0.19130597851604514,0,-1.4290609553055509,0,-71.29887312483179,0,0.0,0,0.3617799962399807,0,2.3722511098670296,0,-13.133359367247555,0
TX001747,AC00151,train,-0.07009346237057401,0,-0.22968452966226516,0,-3.349062456498916,0,-96.908508779404,0,0.0,0,0.20171864660436864,0,2.062846860298768,0,-12.430839738111398,0
TX001748,AC00305,train,-0.06772789849201033,0,-0.21666334285764166,0,-2.240716583607555,0,-95.35500292672317,0,4.2146848510894035e-08,0,0.17862317573170203,0,1.9011775489162244,0,-5.693049479339875,0
TX001749,AC00142,train,-0.03008094681239115,0,-0.19222258470592002,0,-0.8201508636060275,0,-88.10043242453233,0,0.0,0,0.37253117551219755,0,2.409972547508124,0,-11.46443453727476,0
TX001750,AC00356,train,-0.09983329034437549,0,-0.2625449546343761,0,-3.858769103098962,0,-102.01045337453573,0,0.0,0,0.06451012342142508,0,1.5654827935174704,0,-8.948404862759206,0
TX001751,AC00155,train,-0.13728622860598716,0,-0.2010843196920835,0,-3.3401535111033445,0,-95.38422067583332,0,0.0,0,0.17463624687933776,0,1.8308203220444386,0,-8.302398318314623,0
TX001752,AC00265,train,-0.06762415405455874,0,-0.24762817816011484,0,-3.3674832682118927,0,-99.93607674049778,0,4.2146848510894035e-08,0,0.14155954523093242,0,1.587403900367505,0,-13.151418795062341,0
TX001753,AC00122,train,-0.048618698254040804,0,0.01550032430797521,1,-0.00025605664001648876,0,-85.33492909804403,0,2.0161970611832034,0,0.4910594407991511,1,3.2314323663633844,1,-8.2339400690969,0
TX001754,AC00426,train,-0.1191982589757205,0,-0.26286246847106487,0,-3.2347692256936993,0,-79.60088646394024,0,8.429369702178807e-08,0,0.22132375501846724,0,1.5452515468479895,0,-15.40971505936771,0
TX001755,AC00111,val,-0.025070276175296446,0,-0.16330999117146372,0,-0.14801542414153435,0,-21.268842646463327,0,0.0,0,0.41411990932056886,0,2.808167901119072,0,-11.608707893300036,0
TX001756,AC00405,val,-0.1046353459805971,0,-0.2307777477031936,0,-2.415541397744126,0,-99.55051001847126,0,0.0,0,0.14599209413532832,0,1.7511371796053672,0,-9.086882045639479,0
TX001757,AC00128,train,-0.05051943917118884,0,-0.0945277287329247,0,-0.8013154191958733,0,-93.83898222700458,0,0.0,0,0.3560437750953293,0,2.3812894177794526,0,-11.921742398932535,0
TX001758,AC00050,train,-0.03274718866621207,0,-0.23253553789666181,0,-0.7856500373595896,0,-5.020466652626354,0,0.0,0,0.36396568057102213,0,2.203340985734585,0,-11.8167879501235,0
TX001759,AC00141,train,-0.12161423216349121,0,-0.27633087998325667,0,-3.5310421588101155,0,-103.2664975493318,0,0.0,0,0.07376341182852234,0,1.1838205640622115,0,-16.34799180949421,0
TX001760,AC00010,train,-0.02905364988659409,0,-0.18860264591540354,0,-1.2467589940485615,0,-60.75574699145587,0,8.429369702178807e-08,0,0.355278157990826,0,2.26612754044703,0,-0.4895966847762181,0
TX001761,AC00259,train,-0.13969216593331585,0,-0.23448793109582833,0,-3.3084384790668944,0,-99.25414466091497,0,0.0,0,0.16579193296346573,0,1.8058248959747636,0,-9.102843754056797,0
TX001762,AC00302,val,-0.1059607898471705,0,-0.2132868318152088,0,-2.807179939085004,0,-98.62007252844575,0,0.0,0,0.19316404409592705,0,1.5716953399314846,0,-7.7448502012410785,0
TX001763,AC00124,val,-0.09842637336734167,0,-0.20705591130829948,0,-2.343285851335234,0,-92.58963345866118,0,0.0,0,0.337556808551715,0,1.8906786501113026,0,-13.11022679898537,0
TX001764,AC00464,train,-0.06610124791863142,0,-0.08002797634512615,0,-0.9305409439135346,0,-89.57145195373604,0,0.0,0,0.3743652330287984,0,2.3057486475967464,0,-6.3130004964566675,0
TX001765,AC00473,train,-0.04771271169912339,0,0.049819264208179614,1,-0.6256936329691136,0,-84.94864765412228,0,0.0,0,0.4596273064690749,0,3.0627475104509747,0,6.403085668244065,1
TX001766,AC00486,train,-0.058605603814521845,0,-0.06138702970215326,0,-0.7007748263918163,0,-89.48750919154563,0,0.0,0,0.3694543262759425,0,2.9019853634468937,0,-3.734659111310889,0
TX001767,AC00348,train,-0.08430264094991369,0,-0.2221757936460047,0,-2.955630193760615,0,-97.11519386641619,0,4.2146848510894035e-08,0,0.24317584246025195,0,2.3120157015499867,0,-7.147907719182008,0
TX001768,AC00398,train,-0.05764010921343132,0,-0.23646882050775409,0,-1.1004234942262139,0,149.5544448964826,1,0.0,0,0.3277922847703821,0,2.4516308501701096,0,1.4053476872827046,0
TX001769,AC00267,train,-0.10245323068577167,0,-0.2143727483253952,0,-3.4113278297331364,0,-99.21900190567793,0,0.0,0,0.20189245954191695,0,1.8531528258171281,0,-14.23521276947935,0
TX001770,AC00076,train,-0.09870633156080594,0,-0.18229886633751535,0,-2.413030487502291,0,-97.87710765368104,0,0.0,0,0.25243414559946326,0,2.079159055089539,0,-14.028056992008628,0
TX001771,AC00022,train,-0.001792337787073106,0,-0.1063207219121809,0,0.00030366958076299966,1,-74.36693661392377,0,0.0,0,0.375676750545577,0,2.589869677008569,0,-5.935441373551841,0
TX001772,AC00181,train,-0.1089035756710719,0,-0.22109640841533862,0,-2.2843430303066574,0,-87.17914725366302,0,0.0,0,0.20366410603191717,0,1.8906221957573248,0,-7.225010308312875,0
TX001773,AC00071,val,-0.10126020455831258,0,-0.1916082890803794,0,-2.883411017899376,0,-82.82325217895801,0,0.0,0,0.30874149431928555,0,1.9194412099051044,0,-5.800166201494405,0
TX001774,AC00369,train,-0.048659202258752254,0,-0.17590488489940803,0,-3.1025352710858742,0,-91.37433447963103,0,0.0,0,0.2736581030673338,0,1.9377202054033495,0,-4.475838212359131,0
TX001775,AC00358,train,0.015317075303886929,1,-0.21487500254121739,0,-0.17062806538240416,0,33.501537726284695,1,2.542845793358783,0,0.4942582280124267,1,2.8712407066527503,0,9.453642801937601,1
TX001776,AC00021,train,-0.03866205613507567,0,-0.1350242596829312,0,-2.860681110687511,0,-89.72714066605005,0,0.0,0,0.40014882562705545,0,2.471031096971305,0,0.5430510236060915,0
TX001777,AC00156,val,-0.08837117852166548,0,-0.21030080908126147,0,-3.174553190967351,0,-98.076834430712,0,0.0,0,0.22065325755496187,0,1.9262444067981663,0,-12.885945881249837,0
TX001778,AC00212,train,-0.12467853438023263,0,-0.23766265742088977,0,-3.1941567802288295,0,-99.25038212799359,0,0.0,0,0.13325001746987972,0,1.5278741296351384,0,-8.366495979815587,0
TX001779,AC00327,train,-0.10320277963515145,0,-0.2647178946952623,0,-2.309536687851284,0,52.643568532059916,1,1.1920928955078125e-07,0,0.0,0,1.3465646263012943,0,-13.469377200245557,0
TX001780,AC00349,train,-0.09604869696424523,0,-0.2527111308108496,0,-4.83569262333057,0,-99.78381174672936,0,0.0,0,0.14511783688164728,0,1.786848788060032,0,-13.36156534287841,0
TX001781,AC00183,val,-0.09933367852757652,0,-0.1982793231762221,0,-3.5117135365370684,0,-96.69655502164562,0,0.0,0,0.25178877299441027,0,2.064542183458659,0,-11.59646549523286,0
TX001782,AC00478,train,-0.05363175580541363,0,-0.2083404260217141,0,-3.7103571100872665,0,-91.06394838556554,0,0.0,0,0.2954507239526199,0,2.1102497070219552,0,-1.0794029737170572,0
TX001783,AC00398,train,-0.1327090324496844,0,-0.2338046083448928,0,-2.5607062209352813,0,-101.08325727969903,0,0.0,0,0.06251260899576674,0,1.5827324946631134,0,-9.564592659286104,0
TX001784,AC00380,train,-0.07336415309049693,0,-0.19041170955912,0,-3.6606062087297326,0,-91.01806751643754,0,0.0,0,0.30995575643921347,0,2.1365652935452566,0,-1.498022580073045,0
TX001785,AC00030,train,-0.08715207555196691,0,-0.17266526650677716,0,-2.404564714177039,0,-97.78413102462342,0,0.0,0,0.2064813919982057,0,2.0593192628275956,0,-12.68188769330933,0
TX001786,AC00341,train,-0.1057885911192149,0,-0.2582899545145805,0,-4.264206304034595,0,-102.23307537291703,0,0.0,0,0.14436404540348355,0,1.8228626635364036,0,-16.161852022511265,0
TX001787,AC00162,train,-0.05207749866467665,0,-0.1284846092209173,0,-0.8853537343030284,0,-91.68498394490979,0,0.0,0,0.35765858014998453,0,2.4149328199971647,0,-3.7655678164896202,0
TX001788,AC00319,train,-0.12315114237637792,0,-0.2426600439456036,0,-3.5107932948196305,0,-100.81877473497754,0,0.0,0,0.10521857857236452,0,1.9151776545053727,0,-2.7331589719831975,0
TX001789,AC00338,val,-0.004857175684753745,0,-0.07699489013608174,0,-1.3614522996516554,0,-69.76886754452316,0,0.0,0,0.42086100840672097,0,2.7045417272201835,0,-0.4313257810341398,0
TX001790,AC00374,train,-0.014696707625170058,0,-0.14976439271120445,0,-0.4290946105706892,0,-55.29232291691497,0,0.0,0,0.4720115980870411,1,3.009480433044367,0,-10.033714035129904,0
TX001791,AC00451,train,-0.07276729470789695,0,-0.2348227324737917,0,-3.3134552945627087,0,-97.83527968669257,0,0.0,0,0.2603683898578989,0,2.01513286049225,0,-13.167868610393485,0
TX001792,AC00005,train,-0.07075891586633254,0,-0.2234464361698303,0,-1.5090693754752573,0,-10.194852928134296,0,0.0,0,0.39785279560766773,0,1.91578192915856,0,-13.24068653090736,0
TX001793,AC00263,train,-0.10037457105175018,0,-0.23136407891820876,0,-3.1674234830249626,0,-101.28048057722005,0,4.2146848510894035e-08,0,0.18488950301968587,0,2.007632781198059,0,-14.318460297643375,0
TX001794,AC00432,train,-0.07797774469269109,0,-0.2031635525239246,0,-2.3158752375177807,0,-95.60845484788167,0,0.0,0,0.18674205382120002,0,1.8005933043560103,0,-6.573108923913647,0
TX001795,AC00274,train,-0.08208999529825861,0,-0.25166160329076714,0,-3.9720027172511605,0,-101.42803902480512,0,0.0,0,0.16855660510573667,0,1.9416822460328707,0,-14.419523452530976,0
TX001796,AC00103,train,-0.028857165856183253,0,-0.06094136605536371,0,-0.6169029299302808,0,-80.71399837726858,0,0.0,0,0.41291209975298343,0,2.7665671496023565,0,1.328485824180747,0
TX001797,AC00146,train,-0.014726716577892263,0,-0.055426191240246725,0,0.00042389316151592027,1,-65.98930589638942,0,0.0,0,0.4007836567495374,0,2.920825403739154,0,4.179650219984544,1
TX001798,AC00359,val,-0.1320792114297088,0,-0.22803777780593415,0,-5.192464808036216,0,-88.74516055812512,0,0.0,0,0.2312107375166257,0,1.9132033601252516,0,-3.849554831549287,0
TX001799,AC00164,train,-0.11562137001009143,0,-0.26264488804676056,0,-4.6366714357582035,0,-95.92784299119477,0,2.9802322387695312e-08,0,0.16540930985906407,0,1.5944361398910465,0,-7.609736436205545,0
TX001800,AC00079,train,-0.05624696340003338,0,-0.21184967235599172,0,-3.4849704458086643,0,-93.81273910982844,0,0.0,0,0.0989445241674432,0,1.5116371080792337,0,-7.799719653177222,0
TX001801,AC00209,train,-0.09540339629159067,0,-0.27054699826934403,0,-3.215399891557408,0,-101.92065316792477,0,0.0,0,0.0,0,1.1540384773630015,0,-15.31621168509999,0
TX001802,AC00018,train,-0.002646065161594602,0,-0.24189639928263074,0,0.022666546265135423,1,33.8980679767062,1,2.0915189267288006,0,0.5539152875635643,1,2.9282621923475918,0,9.990499175789683,1
TX001803,AC00401,train,-0.03552844368093455,0,-0.19275050352065448,0,-2.2679145439740305,0,-95.6676361240078,0,0.0,0,0.22065325755496187,0,2.0582336475277443,0,-11.772334158365586,0
TX001804,AC00179,train,-0.1278785599863282,0,-0.20862028702408608,0,-2.6760591089319705,0,-96.64357286523729,0,0.0,0,0.23710377380168568,0,2.2786761722382285,0,-7.750303246665526,0
TX001805,AC00274,val,-0.04834820880328816,0,-0.1121852537224266,0,-1.4843642003786384,0,-91.205277651297,0,0.0,0,0.34157847678303294,0,2.5310576976396826,0,-10.320421477604892,0
TX001806,AC00354,train,-0.0684424006900084,0,-0.21227131671664745,0,-3.434809575405679,0,-98.37695152417156,0,4.2146848510894035e-08,0,0.17066369203209206,0,2.118376514278956,0,-11.037405875854406,0
TX001807,AC00025,train,-0.017716919817776677,0,-0.11719949084313819,0,-1.0985492624715745,0,-92.1665757926323,0,0.0,0,0.3124690299040025,0,2.3949499117563713,0,-10.004819183922276,0
TX001808,AC00493,train,-0.07492274216927625,0,-0.1624319673580572,0,-1.2975587959219537,0,-83.41311682945924,0,0.0,0,0.39789021706086347,0,2.7907077299723912,0,-11.90204147977668,0
TX001809,AC00339,val,-0.05306512092802346,0,-0.05188282286342916,0,-0.42829687997430366,0,-89.16773700418427,0,0.0,0,0.42598034183611827,0,2.7655016441812155,0,-3.0410586183960073,0
TX001810,AC00454,train,-0.015392803468723293,0,-0.05494731503351691,0,-0.30850001564393725,0,-88.09478114235803,0,0.0,0,0.4440330337057038,0,3.2509460485544417,1,-7.997232143060136,0
TX001811,AC00152,train,-0.10006062960626089,0,-0.19374137685791548,0,-2.476421265090475,0,-99.79998396945469,0,0.0,0,0.18299071427125113,0,1.864418765078921,0,-12.282108412860806,0
TX001812,AC00314,train,-0.10942799145011434,0,-0.24497108896469066,0,-3.713120112538898,0,-94.77496413247412,0,0.0,0,0.18307094378885283,0,1.6618937989067588,0,-7.785382969249734,0
TX001813,AC00054,train,-0.06396456326713601,0,-0.19323236585958736,0,-1.5694804274334304,0,-93.57683948709371,0,0.0,0,0.34304182743548356,0,2.1109471615465,0,-5.627130722351048,0
TX001814,AC00036,train,-0.07321400775920267,0,-0.20216112006033282,0,-2.6644791981050693,0,-97.13107064519124,0,0.0,0,0.2010571076258994,0,1.9840964108710077,0,-12.450881339370557,0
TX001815,AC00397,train,-0.06244791816570161,0,-0.18273718202052858,0,-2.2849321947437504,0,-95.01661573322605,0,0.0,0,0.28533500394948474,0,1.9625378697978288,0,-5.696018733283441,0
TX001816,AC00355,train,-0.09260600186952955,0,-0.21250347843293227,0,-2.0245701580075552,0,-96.56136836345165,0,0.0,0,0.20407887136574923,0,2.0585520633252283,0,-5.83927733256874,0
TX001817,AC00188,train,-0.12428924856689244,0,-0.23550950519788172,0,-3.052792313279281,0,-99.11702276166744,0,0.0,0,0.14599469180222036,0,1.8488778662843903,0,-8.677174682224495,0
TX001818,AC00222,train,-0.014594239568215261,0,0.02606763311551452,1,-0.258813101363482,0,-54.326084743011066,0,2.4364315791126225,0,0.512059437541406,1,3.324743163916694,1,4.647896843018409,1
TX001819,AC00094,train,-0.07580738089905942,0,-0.14357126401983433,0,-1.4514628380360675,0,-93.16141866276882,0,5.960464477539063e-08,0,0.3224883370147696,0,2.5023632618932194,0,-5.16080429033913,0
TX001820,AC00004,train,-0.06235856876731438,0,-0.030202327592552702,0,-1.2766846739575781,0,-88.32190160727737,0,0.0,0,0.467358455871105,1,3.160356509451303,0,-8.977681735312146,0
TX001821,AC00021,val,-0.07326826623316884,0,-0.19409365255083322,0,-2.125641620850641,0,-98.26976530579489,0,4.2146848510894035e-08,0,0.2410598962682305,0,2.199663560230652,0,-12.286357633669802,0
TX001822,AC00102,train,-0.08710022960055602,0,-0.18628229089090742,0,-1.8242702679687826,0,-94.76118847540491,0,0.0,0,0.31028546872956536,0,1.8362312531000724,0,-5.723758792726641,0
TX001823,AC00367,val,-0.09798344764550004,0,-0.21809810829623721,0,-3.3440167366975926,0,-100.24661861291098,0,0.0,0,0.13775686895221087,0,1.7393218065426201,0,-16.33928058950252,0
TX001824,AC00137,train,-0.045557022916404566,0,-0.12450744362304045,0,-3.7397546517325964e-06,0,-90.91403788641118,0,0.0,0,0.33118751723560175,0,2.49407726199289,0,-11.654694122495103,0
TX001825,AC00289,train,-0.08323028063111076,0,-0.1836570908220223,0,-1.9392329012588183,0,-96.72233226525059,0,0.0,0,0.2957066649661087,0,2.2462127291600993,0,-7.280005232747697,0
TX001826,AC00458,train,-0.04983782860734187,0,-0.19243770875573563,0,-1.649099364125708,0,-95.19213549478869,0,5.960464477539063e-08,0,0.2596463740576077,0,2.272464943311963,0,-12.991694317731305,0
TX001827,AC00493,val,-0.09158180289563145,0,-0.21494835389763023,0,-1.3133597605985932,0,-96.65584802832949,0,0.0,0,0.19283158456150098,0,2.1003186368423306,0,-7.31225935775391,0
TX001828,AC00059,train,-0.12385400919082734,0,-0.27174997651331656,0,-3.392053569959665,0,-103.35906922093395,0,0.0,0,0.14370924510537786,0,1.3232488671764284,0,-15.595782505147444,0
TX001829,AC00281,train,-0.08000763505133607,0,-0.10785302923625362,0,-0.5628373322327027,0,-91.05404479263868,0,0.0,0,0.3552058095483887,0,2.5416606704024143,0,-4.97496179643103,0
TX001830,AC00020,train,-0.10473256775243683,0,-0.22844472007639616,0,-3.4291446113483817,0,-99.78515766998419,0,0.0,0,0.1458463170851694,0,1.9194602116511237,0,-8.540723110542633,0
TX001831,AC00396,train,-0.10743492875130117,0,-0.25400465682945006,0,-3.9443023797559844,0,-101.36770146830834,0,2.9802322387695312e-08,0,0.18732972069482068,0,1.8148055252656967,0,-8.51792808174701,0
TX001832,AC00402,train,-0.08941081456066102,0,-0.24282726829038603,0,-2.8186870130076533,0,-97.3503151826349,0,0.0,0,0.12303980416644118,0,1.9702911854235485,0,-7.746524111762586,0
TX001833,AC00385,val,-0.055550310846989914,0,-0.18982458111050282,0,-3.4967604653074984,0,-94.97607123593944,0,0.0,0,0.2036925944660646,0,1.8143362449368292,0,-0.05382156959673408,0
TX001834,AC00167,train,-0.09162904399472405,0,-0.21160097520266663,0,-3.934964204735844,0,-99.22145201546164,0,4.2146848510894035e-08,0,0.29738652575637453,0,2.057018019347365,0,-15.71141760327312,0
TX001835,AC00349,train,-0.05511828424888798,0,-0.15232969433609056,0,-0.8410643722260938,0,-63.37707392548186,0,0.0,0,0.31459851367572284,0,2.213429626061735,0,-3.3412549843783834,0
TX001836,AC00153,train,-0.11130511968382784,0,-0.28010137229076326,0,-4.1758741370203465,0,-103.12633762375448,0,0.0,0,2.1933258514952526e-05,0,1.3705182324270586,0,-15.136686382564651,0
TX001837,AC00197,train,-0.10937800827237387,0,-0.21734317768332234,0,-3.1850817943587986,0,-95.3445203925937,0,0.0,0,0.22483504258225112,0,1.7624029766180576,0,-7.296083088296532,0
TX001838,AC00219,train,-0.09331620379877287,0,-0.17796589183275557,0,-1.9210437886306044,0,-96.90478668112715,0,0.0,0,0.28100414876384594,0,2.327027972310134,0,-8.06093803521167,0
TX001839,AC00255,train,-0.07245692182052449,0,-0.23486305684412545,0,-3.6398762934358695,0,-95.7060020318131,0,0.0,0,0.2611604233565044,0,1.7693732875319743,0,-6.910925108463947,0
TX001840,AC00035,train,-0.040376795489719064,0,-0.09812739998429154,0,-0.19622324610484299,0,-84.98027636726404,0,0.0,0,0.41902992028568486,0,2.5649374515627215,0,-3.1985423243499587,0
TX001841,AC00003,train,-0.11514250946127047,0,-0.2332236706706705,0,-2.3224480808738646,0,-96.24249408903523,0,0.0,0,0.16380721737109966,0,2.102187787030502,0,-7.293992174663424,0
TX001842,AC00136,train,-0.07621255698343221,0,-0.257932921857264,0,-0.8155409773211106,0,9.877927654500951,1,0.0,0,0.0,0,1.6835887939220313,0,-13.020749827487274,0
TX001843,AC00337,train,-0.040064171476620114,0,-0.11835945546835291,0,-2.5210683222055588,0,-71.77435838655981,0,0.0,0,0.33090211684087156,0,2.464320583231647,0,0.01218664757965815,0
TX001844,AC00265,train,-0.08915570031573311,0,-0.20368918591519725,0,-1.7236624421343576,0,-94.22111069760678,0,4.2146848510894035e-08,0,0.24458021539149943,0,2.247380980033976,0,-6.134262906570332,0
TX001845,AC00356,val,-0.037785348626888204,0,-0.13328530211300582,0,-1.866934422114272,0,-90.51255137881506,0,0.0,0,0.2835153764105936,0,2.6866694003701266,0,-10.528186608188172,0
TX001846,AC00305,val,-0.08977330463465938,0,-0.21745295783203078,0,-3.170773815622245,0,-99.8537715333655,0,0.0,0,0.23289326643883387,0,2.0349531205458127,0,-12.9199983502802,0
TX001847,AC00300,train,-0.12616647859735364,0,-0.23222647791730489,0,-3.396887698681753,0,-101.16718512568907,0,0.0,0,0.15665460536080647,0,2.0124714481470676,0,-9.054666233886852,0
TX001848,AC00301,train,-0.06379700904329721,0,-0.2022764852160588,0,-2.7512386729293548,0,-95.65601689396229,0,4.2146848510894035e-08,0,0.23727833409120075,0,2.0039640435468384,0,-11.618564305920076,0
TX001849,AC00154,val,-0.13609195422084375,0,-0.22444917425466593,0,-4.1192347687018485,0,-89.57890255319155,0,0.0,0,0.22830973800450366,0,2.0046736253561566,0,-4.303147088527552,0
TX001850,AC00201,val,-0.08285455943742315,0,-0.2052896080294413,0,-3.0203052155514856,0,-96.29686271675806,0,0.0,0,0.2620563942226052,0,2.209866246948669,0,-6.862829763644637,0
TX001851,AC00004,train,-0.07285986117245474,0,-0.20355643698975867,0,-3.316533749779107,0,-96.22743412227697,0,0.0,0,0.16680099598619988,0,2.1137128940660563,0,-6.740142103694036,0
TX001852,AC00237,train,-0.09964003953516926,0,-0.03560939277602526,0,-2.901782307147694,0,-91.36236499814268,0,0.0,0,0.3833121290735476,0,2.351027429639333,0,-2.176035324979373,0
TX001853,AC00304,train,-0.0721178277631393,0,-0.20431713352937342,0,-2.7783368021659074,0,-96.87797987611071,0,0.0,0,0.25783565488809673,0,2.327455643931681,0,-12.396067843477946,0
TX001854,AC00086,train,-0.06880816478036972,0,-0.18540426561869316,0,-2.6822782267605954,0,-93.3169027625362,0,0.0,0,0.3153846299914135,0,1.9768394909790699,0,-5.17187035113226,0
TX001855,AC00483,train,-0.07598279665573088,0,-0.10924915826939396,0,-0.33560231640492244,0,-89.79219961613593,0,5.960464477539063e-08,0,0.3862125947941123,0,2.841822250943509,0,-4.459796219856631,0
TX001856,AC00288,train,-0.06941836151906983,0,-0.1156894933358068,0,-1.7892576029653062,0,-89.39530685789819,0,0.0,0,0.36322003027029304,0,2.5000791913894,0,-4.908620879157688,0
TX001857,AC00134,train,-0.06767398437984051,0,-0.12808559058854918,0,-0.5079107908011711,0,-94.01803377217983,0,0.0,0,0.2749980652627328,0,2.446321371628151,0,-5.4345433121573965,0
TX001858,AC00130,val,-0.006099560107113988,0,-0.2471368457587313,0,-0.7848047292949838,0,104.28766485775246,1,1.6858739404357614e-07,0,0.39067744192597953,0,2.4579943958429413,0,-11.71288702681798,0
TX001859,AC00393,train,-0.08894418198223203,0,-0.24879225736930832,0,-2.544596459737643,0,-100.23462109146674,0,0.0,0,0.1421882042778624,0,1.6806277575545592,0,-14.666637901907102,0
TX001860,AC00029,val,-0.0817407768109919,0,-0.18429096798886646,0,-1.4342961870172184,0,-94.75187676303867,0,5.960464477539063e-08,0,0.3340334174663146,0,2.420863217292649,0,-10.985491331375814,0
TX001861,AC00228,val,-0.042726347166098466,0,-0.148791858447612,0,-0.9637434634026638,0,-64.7017964497228,0,2.28646722953418,0,0.525233256794528,1,3.0583654149121866,0,9.788124832859502,1
TX001862,AC00131,train,-0.03866918878379877,0,-0.16625986246417956,0,-1.6747875558257794,0,-93.72725754124792,0,0.0,0,0.3375023138793762,0,2.5197778247145792,0,-5.017746710004482,0
TX001863,AC00233,val,-0.07107377695010281,0,-0.19240396789548986,0,-2.148531800927869,0,-93.91416257521547,0,0.0,0,0.25808263229141126,0,2.3988525516152,0,-13.202732971652335,0
TX001864,AC00017,train,-0.12399280842320753,0,-0.22313981706304675,0,-2.6046403473807915,0,-98.73164876866214,0,0.0,0,0.14135567904125831,0,2.0030224333522684,0,-8.429470860591195,0
TX001865,AC00071,val,-0.08367066492480313,0,-0.19822756974280886,0,-1.8543064769710353,0,-97.28456319249494,0,0.0,0,0.2064813919982057,0,2.1286915394292056,0,-13.231534004749268,0
TX001866,AC00128,train,-0.09036958647742283,0,-0.12073496203107359,0,-2.4844019988054855,0,-95.10209496960763,0,0.0,0,0.23284458575668762,0,2.2090328830637174,0,-9.727735415263398,0
TX001867,AC00073,train,-0.09842096517984372,0,-0.2071140776066076,0,-1.8826781678419264,0,-94.02368208805783,0,0.0,0,0.21730341916029322,0,1.9285277695891707,0,-7.218791371346543,0
TX001868,AC00353,val,-0.07424077899318565,0,-0.15756459246913201,0,-1.9715021567566433,0,-87.1070244829826,0,0.0,0,0.3576935653827036,0,2.1587758342787042,0,-5.090101299249449,0
TX001869,AC00209,train,-0.0390442816159442,0,-0.10454921346220902,0,-1.8701117836011933,0,-86.0671648401893,0,0.0,0,0.4171827042778777,0,2.582470355067375,0,-7.25720003711806,0
TX001870,AC00396,train,-0.10211078084684438,0,-0.24253005992453391,0,-3.3424193920564944,0,-101.43661743113796,0,0.0,0,0.09736729567085403,0,1.6363722729729473,0,-14.817930828378683,0
TX001871,AC00439,train,-0.07089303205257597,0,-0.20707524919662945,0,-0.9890938919882553,0,-95.90684985593556,0,4.2146848510894035e-08,0,0.22812539620570005,0,2.243394107555376,0,-5.495167934547584,0
TX001872,AC00063,train,-0.12874787749576994,0,-0.23492133051565012,0,-3.3384927432660847,0,-99.15756152441595,0,2.9802322387695312e-08,0,0.17385835568206873,0,1.7557130659356426,0,-8.708455607600511,0
TX001873,AC00203,train,-0.0932133246863448,0,-0.2490019455091259,0,-2.961412250296587,0,-82.33125535131732,0,0.0,0,0.2597727083341746,0,1.676919170968796,0,-14.037610656703123,0
TX001874,AC00394,train,-0.09700641659267129,0,-0.20697755602001888,0,-2.9610097221636957,0,-92.8031070818659,0,0.0,0,0.24872506350614604,0,2.1057170027306245,0,-7.120791515358295,0
TX001875,AC00258,train,-0.028157793838896494,0,-0.16522829025766117,0,-0.8132004639625432,0,-89.75776377013736,0,0.0,0,0.36116022947855214,0,2.346516044468209,0,-8.313577912950205,0
TX001876,AC00144,train,-0.10441272783721328,0,-0.25681129439005224,0,-3.1154652015976465,0,-100.37799954164495,0,0.0,0,0.032247316205392916,0,1.6947450786501759,0,-9.339932524226713,0
TX001877,AC00169,train,0.004747597076882326,1,-0.22468836849236018,0,0.0939269396227056,1,-23.644877886458417,0,1.8871751146731925,0,0.5377956008426106,1,2.7049738562640635,0,8.03786495225211,1
TX001878,AC00285,train,-0.11044439377775395,0,-0.2509704770663581,0,-2.969584157964216,0,-100.37736516621354,0,0.0,0,0.12453241328248084,0,1.6434919681866627,0,-13.534573447398532,0
TX001879,AC00047,train,-0.06040072949050923,0,-0.15449339480470825,0,-1.9248442586777736,0,-97.0395304783967,0,0.0,0,0.20639731364594757,0,1.9432707821910835,0,-11.596379180439667,0
TX001880,AC00460,train,-0.02195351311135041,0,-0.0008377638574419422,0,0.26527313094321503,1,-71.01728097603433,0,0.0,0,0.4428531454736326,0,3.611809988998658,1,1.421296738918041,0
TX001881,AC00073,train,-0.07108190869387498,0,-0.20537733442528983,0,-0.5634022593755441,0,-92.08332450531793,0,0.0,0,0.24919872653429617,0,2.394989296524498,0,-5.165208598184341,0
TX001882,AC00253,train,-0.11227292684673679,0,-0.17664056532059647,0,-2.833763419613688,0,-80.89336329355555,0,0.0,0,0.269304977300258,0,2.1936349080559743,0,-4.23042531052773,0
TX001883,AC00320,train,-0.11572215568446653,0,-0.17513051541842506,0,-3.667684215930943,0,-81.37904548012528,0,0.0,0,0.2826849939148285,0,2.076987726677671,0,-3.693446485766783,0
TX001884,AC00462,train,-0.07419501161180703,0,-0.21228783639866822,0,-2.0156352140441713,0,-92.9762511930901,0,0.0,0,0.28426833184045386,0,1.5130809661260352,0,-5.330526097672063,0
TX001885,AC00071,train,0.012428131272810616,1,-0.23293622459817054,0,0.00012178176805299756,1,27.3369771287431,1,2.486633467363029,0,0.5029847780510875,1,2.767162099017098,0,0.7664451321275241,0
TX001886,AC00363,val,-0.03841973468968285,0,-0.01502896190063141,0,-0.04852539718628357,0,-85.26248983286355,0,0.0,0,0.4583178710530286,0,2.923136211730223,0,-1.6225980307318042,0
TX001887,AC00448,val,-0.10679499334573811,0,-0.21017927513476398,0,-2.0611055942159107,0,-95.8038480215127,0,0.0,0,0.20325355445827528,0,2.2214019843226933,0,-8.086774284698345,0
TX001888,AC00206,train,0.03233897001960595,1,-0.06905653245694054,0,1.267914840796342,1,-14.919468355908009,0,3.033007791009543,1,0.6107014032994744,1,3.7395919736022183,1,12.693325414735426,1
TX001889,AC00181,val,-0.09370410770192611,0,-0.21345171818427078,0,-2.9436223963291743,0,-96.2487548480583,0,5.960464477539063e-08,0,0.14674118084487692,0,1.6897230756582435,0,-8.164321928780396,0
TX001890,AC00213,train,-0.09754634185835842,0,-0.22922659304308746,0,-3.3483849986066074,0,-96.01058760448984,0,2.9802322387695312e-08,0,0.19754157981546425,0,1.9882572346437046,0,-5.9584575386593075,0
TX001891,AC00470,train,-0.082820228623468,0,-0.2282499354802623,0,-2.253894355807865,0,-61.0367651542987,0,0.0,0,0.3223387808194908,0,2.319673349665185,0,-12.549702556714578,0
TX001892,AC00451,train,-0.059184260968141056,0,-0.22037967464687047,0,-3.5384716733669697,0,-96.11972120934621,0,0.0,0,0.1210584690219534,0,1.9587081160286608,0,-5.624892896744512,0
TX001893,AC00192,train,-0.09363680000646452,0,-0.20557324340138683,0,-0.666712606808213,0,-95.50960909805715,0,0.0,0,0.25380009946164256,0,2.1742792767365815,0,-6.398173799440871,0
TX001894,AC00378,val,-0.0372929989737113,0,-0.17580875405987695,0,-1.8538225706205909,0,-92.32461615291474,0,0.0,0,0.2984503313797686,0,2.2702921497962643,0,-2.662818659269246,0
TX001895,AC00143,train,-0.07735737066811932,0,-0.23575961691227842,0,-2.2637513680603023,0,-97.26111584078222,0,0.0,0,0.17857918799008823,0,1.833535626262818,0,-6.814113857637045,0
TX001896,AC00499,train,-0.0849581367410876,0,-0.2507310014814548,0,-2.9381640387744055,0,-99.77005117015418,0,0.0,0,0.06754734946894435,0,1.544370107758412,0,-14.83342060144514,0
TX001897,AC00168,train,-0.06664120025656073,0,-0.14073024825749214,0,-2.018451092453078,0,-93.80534440641443,0,0.0,0,0.2784497973974451,0,2.4675093516928284,0,-5.5415839373013,0
TX001898,AC00085,train,-0.09437650147551518,0,-0.19132930467265408,0,-1.2284903970881222,0,-82.86290073037554,0,8.429369702178807e-08,0,0.36216085698436035,0,2.466040297406513,0,-11.552379638174287,0
TX001899,AC00144,val,-0.10852825255243814,0,-0.25471854125814986,0,-4.1032749681295515,0,-103.05957592323131,0,0.0,0,0.0,0,1.3630065262652795,0,-15.275403375064275,0
TX001900,AC00185,train,-0.05016482900448149,0,-0.1432110741293695,0,-1.8252713937631961,0,-95.4689485468907,0,5.960464477539063e-08,0,0.3402505098344191,0,2.5724653642659896,0,-0.1615006672430044,0
TX001901,AC00338,train,-0.0812481351103087,0,-0.23646708260885996,0,-2.317772215714755,0,-99.3299013503511,0,4.2146848510894035e-08,0,0.0689656491557048,0,1.7826477297003347,0,-15.820935977720817,0
TX001902,AC00384,train,-0.07632139650350533,0,-0.22731601525062795,0,-2.0030821600208233,0,-98.33795773674927,0,4.2146848510894035e-08,0,0.18725836541473811,0,1.8650062220207104,0,-12.980499399137868,0
TX001903,AC00336,val,0.07232708680102196,1,0.09666172392501071,1,1.6507796260639909,1,-17.672259606265953,0,2.6120713576042873,0,0.5845862315515813,1,3.8184032619409845,1,23.16795991830413,1
TX001904,AC00003,train,-0.07523956868007675,0,-0.22754114738042697,0,-1.6936480093509383,0,-95.93824315918351,0,0.0,0,0.17725460756685033,0,2.0923111988158487,0,-12.03239394255621,0
TX001905,AC00378,val,-0.09066292097181528,0,-0.2598944124286644,0,-3.0422574590346203,0,-101.64302586904029,0,0.0,0,0.11561923202564756,0,1.554647708568321,0,-14.758143876265699,0
TX001906,AC00217,val,-0.116048653215996,0,-0.23848308753707959,0,-3.1465907619145588,0,-100.64781718198266,0,0.0,0,0.21992107795815444,0,1.630341405005559,0,-9.053741290448755,0
TX001907,AC00280,train,-0.07505134807420105,0,-0.14721874880072905,0,-1.9725195405768288,0,-93.83942284539124,0,0.0,0,0.3398246543429878,0,2.5304648235622365,0,-12.980639299352832,0
TX001908,AC00184,train,-0.10760217509342973,0,-0.24866031043937653,0,-3.7783350234242965,0,-97.55512140407137,0,0.0,0,0.09611453561418407,0,1.6917309363611273,0,-8.101883298131405,0
TX001909,AC00456,train,-0.07784773352474117,0,-0.1601537369741326,0,-1.4160550614186809,0,-84.39769959395842,0,0.0,0,0.39006654624931175,0,2.299559418352721,0,-3.3262066401651533,0
TX001910,AC00151,train,-0.0690651718976949,0,-0.21425431007657525,0,-1.8329034259398052,0,-81.49984653386802,0,0.0,0,0.31290209844768624,0,2.1757539968807946,0,-12.25484943793354,0
TX001911,AC00366,train,-0.07741566615937312,0,-0.1936257963282597,0,-2.71534657448682,0,-80.33307192255593,0,0.0,0,0.24268768565098167,0,2.275991024987016,0,-1.7305122925996699,0
TX001912,AC00383,train,-0.06475761611013908,0,-0.17167445049684216,0,-1.5513698316401578,0,-93.49455229159494,0,0.0,0,0.2912707437168149,0,2.2610667417744423,0,-4.900008245245439,0
TX001913,AC00076,train,-0.11850333666337154,0,-0.21469543043034212,0,-3.5870098646190156,0,-92.33844180639392,0,4.2146848510894035e-08,0,0.2719090214754904,0,1.7607046525840555,0,-2.843306133356416,0
TX001914,AC00290,train,-0.11479602356152085,0,-0.24263976429668577,0,-3.9044815371800583,0,-101.88003595244771,0,0.0,0,0.16695702908744545,0,1.8357727355772566,0,-9.635776015645195,0
TX001915,AC00347,train,-0.08644416298607688,0,-0.18590963752526846,0,-1.7865096765233224,0,-97.17134982573747,0,0.0,0,0.300270439673704,0,2.1186611210732105,0,-13.339402060499905,0
TX001916,AC00034,train,-0.0989927594684572,0,-0.26236320501319055,0,-3.4719782823860035,0,-100.79920335217118,0,0.0,0,0.0,0,1.3309052456686392,0,-16.423172518844755,0
TX001917,AC00373,val,-0.08299142949178179,0,-0.2431086266659418,0,-3.10623956553854,0,-101.78351618754776,0,0.0,0,0.0769457654710119,0,1.762303299798114,0,-14.448017042938384,0
TX001918,AC00382,train,-0.011113755000585535,0,-0.175157344197159,0,-1.602661089605868,0,-28.609822588724384,0,0.0,0,0.4388925100554936,0,2.7187309775099187,0,-0.7233185226145352,0
TX001919,AC00463,train,-0.010645262381229426,0,0.03063647326183383,1,-0.00016941451781260497,0,-74.23514948801744,0,0.0,0,0.48957352949826427,1,3.398458048234509,1,1.108749514744565,0
TX001920,AC00030,train,-0.13721294837426273,0,-0.2367276829579954,0,-4.64548928736517,0,-100.40999480409579,0,0.0,0,0.19305888863217316,0,1.6059204482732425,0,-9.997437037385938,0
TX001921,AC00431,train,-0.08651311110063675,0,-0.1488148039830839,0,-1.3886030360822756,0,-94.80597971306916,0,0.0,0,0.3267380221029907,0,2.5284213885981197,0,-11.04552123825704,0
TX001922,AC00243,train,-0.06576134807072448,0,-0.1966276328384633,0,-2.895447951670021,0,-94.60426121720664,0,0.0,0,0.1352352938277553,0,1.7429721004300045,0,-6.922946541615593,0
TX001923,AC00499,train,-0.13527879229495943,0,-0.18795452443259397,0,-4.551276203642483,0,-86.10517074341634,0,0.0,0,0.33623098809675506,0,2.0473960124743242,0,-4.310403476970617,0
TX001924,AC00065,train,-0.06431531960068065,0,-0.19924582533431057,0,-1.922635348668977,0,-96.29109250832646,0,0.0,0,0.22808679672055543,0,2.0520807911573415,0,-11.82269199015253,0
TX001925,AC00492,val,-0.1324316664958335,0,-0.2604495783889984,0,-4.844422852540023,0,-103.59354570077869,0,0.0,0,0.0,0,1.5804451144595806,0,-11.196676993585335,0
TX001926,AC00062,train,-0.07232084272416867,0,-0.19805973039783464,0,-1.2544203366051976,0,-73.19001824099806,0,0.0,0,0.34056852961122164,0,2.234360822012696,0,-12.307360242343133,0
TX001927,AC00026,val,-0.047559139251301064,0,-0.09648341736343502,0,-0.3619001808578366,0,-88.96687845026271,0,0.0,0,0.4003702485509958,0,2.6369291349776036,0,-11.398777691925568,0
TX001928,AC00201,train,-0.1131002435063232,0,-0.26472123056900343,0,-3.5836817851044502,0,-103.00875458866173,0,0.0,0,0.0,0,1.1870958553431357,0,-16.35007063704962,0
TX001929,AC00377,train,-0.09123401704211809,0,-0.230236545781477,0,-3.9307830355566127,0,-97.16309042118236,0,0.0,0,0.17756447200612288,0,2.1611823116560545,0,-0.922052074963635,0
TX001930,AC00269,train,-0.09842245454628512,0,-0.17331049313340974,0,-1.03881134436151,0,-91.47327366948241,0,0.0,0,0.27049388052024936,0,1.9662747661259992,0,-5.13428414103234,0
TX001931,AC00239,train,-0.04939992654751002,0,-0.17369482566771866,0,-1.9929194591754404,0,-93.23229589566901,0,0.0,0,0.2769686751038002,0,2.2494053388277213,0,-2.8110051954772675,0
TX001932,AC00070,train,-0.09160006294789369,0,-0.21903593894071283,0,-2.33607148082623,0,-97.4414043070585,0,0.0,0,0.21492101307723002,0,1.9324439705331837,0,-7.9671034363945274,0
TX001933,AC00284,val,-0.02964890777017848,0,-0.16435434745044808,0,-1.8541809541952423,0,-93.91922117588497,0,0.0,0,0.27140427496125513,0,2.3610519156299867,0,-5.2781602696251735,0
TX001934,AC00337,train,-0.09521909166073367,0,-0.2344199405529912,0,-2.5563547136104168,0,-96.86935062703814,0,0.0,0,0.0989445241674432,0,1.8358806969546146,0,-6.4464178914036,0
TX001935,AC00051,train,-0.07592063602552418,0,-0.176338269916968,0,-2.0861352539471687,0,-95.8531354532968,0,0.0,0,0.2862441796114881,0,2.358104432297869,0,-11.712048351195216,0
TX001936,AC00328,val,-0.10610912637074882,0,-0.1210101183690524,0,-0.8511631987924257,0,-91.31619014167288,0,0.0,0,0.2752139001405227,0,2.460258784033582,0,-6.005435647626132,0
TX001937,AC00064,val,-0.07707056522682276,0,-0.17187867487979447,0,-2.9516633502948837,0,-94.93068920182453,0,0.0,0,0.30485791555467107,0,2.200178162064169,0,-10.66199271769978,0
TX001938,AC00231,train,-0.018894367517617083,0,-0.17687596625243285,0,-2.543559522325908,0,-90.80978949914858,0,0.0,0,0.26978900689673296,0,2.226017042496899,0,-9.726217682260131,0
TX001939,AC00362,val,-0.028824864067378275,0,-0.030747308403484164,0,-0.3433985463761964,0,-88.30804424843467,0,0.0,0,0.45434620293943184,0,2.9785527638140827,0,-9.763751972451907,0
TX001940,AC00363,val,-0.060303733625764966,0,-0.15888319190486122,0,-1.5902226362432588,0,-94.24450590173551,0,0.0,0,0.3205277899289576,0,2.628006281671461,0,-1.3281552283890528,0
TX001941,AC00196,val,-0.09754472465703212,0,-0.241572922059756,0,-4.394256044600632,0,-100.59171444110545,0,0.0,0,0.14055789866976665,0,1.6029756933727124,0,-13.614513563263213,0
TX001942,AC00360,val,-0.07893537683908847,0,-0.20367054325153156,0,-2.1600603094442485,0,-94.69287871461319,0,5.960464477539063e-08,0,0.2576028310909062,0,1.980039392551544,0,-11.25219183587498,0
TX001943,AC00499,train,-0.05505666071863119,0,-0.17556235542242038,0,-3.2871168176458907,0,-94.28201185747007,0,0.0,0,0.33283178530251345,0,2.528839075323749,0,-11.030024829671964,0
TX001944,AC00213,train,-0.04579392803865229,0,-0.16540687137599286,0,-2.1460176628350416,0,-87.84729300603794,0,4.2146848510894035e-08,0,0.3083986526508789,0,2.406030309007796,0,-4.906542813076727,0
TX001945,AC00165,train,-0.14038701138669146,0,-0.2343178012207794,0,-3.3336481666785795,0,-99.4300610360157,0,0.0,0,0.1614213656998782,0,1.3183019316955646,0,-8.705757082802833,0
TX001946,AC00299,val,-0.047637671506703894,0,-0.047953438420120564,0,-0.8555332895135761,0,-89.27524978666283,0,5.960464477539063e-08,0,0.379995011626499,0,2.298736450888355,0,-7.813456967444746,0
TX001947,AC00119,train,-0.0946833985701962,0,-0.22429649771447746,0,-2.97596931569372,0,-99.43932857483202,0,0.0,0,0.16858337675504473,0,2.1309254521768968,0,-7.952084013433896,0
TX001948,AC00409,train,-0.0941885939121695,0,-0.17189103557047614,0,-2.586919256611462,0,-91.85769475150975,0,0.0,0,0.291938948714871,0,2.095847977593609,0,-6.6665169021945205,0
TX001949,AC00100,train,-0.12226899580438583,0,-0.24528755191229334,0,-2.2776827676486304,0,-99.27860344832183,0,0.0,0,0.14922808610470512,0,2.074083851203209,0,-8.46950341846563,0
TX001950,AC00244,train,-0.1087694990403279,0,-0.22170975967669837,0,-3.3597445289035557,0,-99.88487688026005,0,0.0,0,0.12241194603333992,0,1.8430583003345562,0,-13.230116666736649,0
TX001951,AC00382,val,-0.10888301197200512,0,-0.2320576752958472,0,-3.154973452064625,0,-100.36179102110543,0,0.0,0,0.04775878585582145,0,1.7687882307851532,0,-15.44496249556779,0
TX001952,AC00389,train,-0.11707318671740519,0,-0.2009816637240196,0,-2.898169528184611,0,-91.18345042236092,0,0.0,0,0.16716382774434418,0,2.140921076387623,0,-5.303169003276786,0
TX001953,AC00350,val,0.002128551057224759,1,-0.11391189373984845,0,0.3509255338290167,1,66.88373189379037,1,2.453534295743737,0,0.534856238089816,1,2.7083864312379315,0,7.796294265186767,1
TX001954,AC00275,train,-0.05700371330259013,0,-0.16482826154276875,0,-1.938972535479862,0,-93.28926792398568,0,0.0,0,0.3148839924578774,0,2.3129854708653013,0,-11.608543541922657,0
TX001955,AC00231,train,-0.1306378804305487,0,-0.25016826954885696,0,-4.021380685297136,0,-100.42673952418043,0,2.9802322387695312e-08,0,0.0,0,1.6535491704207859,0,-9.564140428459263,0
TX001956,AC00449,train,-0.12877242785735743,0,-0.2494011530386373,0,-3.7176181672574335,0,-101.94835858400891,0,0.0,0,0.07713656560301252,0,1.5085963018206743,0,-9.631851431211656,0
TX001957,AC00248,train,-0.07407969715211876,0,-0.19757353497865915,0,-3.192695819220307,0,-90.5247528381296,0,0.0,0,0.27366846228058217,0,1.5916227779018857,0,-6.199074084893967,0
TX001958,AC00301,train,0.03022538643996253,1,0.10437941629685588,1,-0.0004345021190612641,0,-62.38412330624851,0,3.0099388349579086,1,0.576102120612378,1,3.732807319698286,1,3.008054608650647,0
TX001959,AC00023,train,-0.10447853962294229,0,-0.2636092354945161,0,-3.2377542116526277,0,-100.70676241729278,0,0.0,0,0.04187021476504734,0,1.3680566786536543,0,-16.299601937485303,0
TX001960,AC00272,train,-0.10226848534377225,0,-0.23133559574269946,0,-2.67816628867518,0,-97.2081733317193,0,0.0,0,0.12548501614729513,0,1.7805311802444683,0,-6.8865427602843825,0
TX001961,AC00377,train,-0.07878540448558224,0,-0.14253492572328397,0,-1.3882531179074187,0,-92.79854022525873,0,0.0,0,0.2929591678110609,0,2.7076766920795667,0,-11.422348256702902,0
TX001962,AC00276,val,-0.1278297470898857,0,-0.2592749061938173,0,-3.6758278681328216,0,-101.25944656421035,0,0.0,0,0.09313909167520723,0,1.835394525259599,0,-9.309904865887072,0
TX001963,AC00427,val,-0.030527692475550094,0,-0.04688919798508029,0,-0.8219154106563415,0,-83.19833268147181,0,0.0,0,0.3938688389175398,0,2.8678990783250047,0,-2.8179447589439763,0
TX001964,AC00220,train,-0.10040215736285996,0,-0.24126936968641166,0,-3.41920465576493,0,-100.6514274478319,0,0.0,0,0.17632138927403593,0,1.556700770531715,0,-13.850187736893169,0
TX001965,AC00370,train,-0.13481934785710825,0,-0.2254591413291145,0,-3.8538191881265673,0,-98.5663005970728,0,0.0,0,0.18852961330780652,0,1.8285222159599988,0,-8.964879954444294,0
TX001966,AC00187,train,-0.043109254653244555,0,-0.1689969447400359,0,-1.757933296064965,0,-91.0509734369387,0,4.2146848510894035e-08,0,0.28654511313163034,0,2.3425611913251254,0,-9.882290869060027,0
TX001967,AC00293,train,-0.10673966872443297,0,-0.25013702807908156,0,-3.4172464977468637,0,-101.15214542448928,0,0.0,0,0.1384815790060824,0,1.903321388884221,0,-8.899314742013235,0
TX001968,AC00203,train,-0.049780381403492446,0,-0.19630776076071466,0,-1.5778213775284096,0,-73.39265532100868,0,0.0,0,0.2862927679690907,0,2.2028429103514653,0,-1.167205535713439,0
TX001969,AC00016,train,-0.05126665231454319,0,0.06293833002450255,1,-0.9551275543584428,0,-74.88563893709696,0,2.5114546650961502,0,0.5198629197572162,1,3.2773099297911297,1,4.137177063350077,1
TX001970,AC00189,train,0.015923377407071282,1,-0.2495350373371359,0,-0.412411574860311,0,28.134918343410064,1,0.0,0,0.49275560711030647,1,2.5101435730863106,0,-0.6305103523631723,0
TX001971,AC00005,val,-0.06841747261957126,0,-0.20476436866324255,0,-2.8288167972753717,0,-99.00253181430902,0,0.0,0,0.21971879175745473,0,2.1121111665813115,0,-12.987550954976433,0
TX001972,AC00190,train,-0.08272830570623912,0,-0.2142986985495252,0,-2.383414584479458,0,-98.95577753472263,0,0.0,0,0.20789889146017948,0,1.8401673264545195,0,-12.50976729303266,0
TX001973,AC00480,train,0.016173017373596665,1,-0.02152642618348577,0,-1.0081996489586862,0,-64.65395153691696,0,0.0,0,0.44481126662965337,0,2.865657246577808,0,1.2908432882171919,0
TX001974,AC00407,train,-0.10129376573366783,0,-0.2193960430427464,0,-2.994703765893745,0,-98.05086771403651,0,4.2146848510894035e-08,0,0.22201450868389672,0,1.8976658804956972,0,-14.85340304472065,0
TX001975,AC00195,train,-0.05047337146764386,0,-0.20188519316343023,0,-2.607286483788779,0,-95.9159716396884,0,0.0,0,0.23235856879291,0,2.063345157137527,0,-11.507489655429508,0
TX001976,AC00260,train,-0.08951110173808507,0,-0.23590960956935292,0,-2.7069592055595537,0,-99.53806996240593,0,0.0,0,0.09077108325386955,0,1.9080437775378605,0,-13.2035144581065,0
TX001977,AC00006,train,-0.04136181507511283,0,-0.18767889864995024,0,-1.7308595023504898,0,-92.79986394355853,0,0.0,0,0.30114410398428226,0,2.523479293198163,0,-10.788270330150727,0
TX001978,AC00294,train,-0.05196197943701919,0,-0.08501446346566599,0,-0.7312472658691131,0,-93.61885034299367,0,0.0,0,0.340085495481764,0,2.44736857228645,0,-10.429847789356934,0
TX001979,AC00327,train,-0.014860078503774132,0,-0.09608091171752986,0,-2.779073294964168,0,-72.14103359572857,0,0.0,0,0.3846725230663536,0,2.3433707919109903,0,5.274911080103092,1
TX001980,AC00013,val,-0.07689583592503868,0,-0.2294738628587134,0,-3.000361040435746,0,-99.5610974535207,0,0.0,0,0.22196259367533464,0,2.1309542846533813,0,-12.20202486137013,0
TX001981,AC00386,val,-0.09491580934224164,0,-0.1928291771818038,0,-2.9101328471141477,0,-97.67156042631669,0,0.0,0,0.15683893640911914,0,2.1807560985145655,0,-13.47966966974345,0
TX001982,AC00256,train,-0.05428001961787737,0,-0.18889965783066343,0,-0.18341661153456013,0,-22.912806459832694,0,0.0,0,0.4696077882738861,1,2.6685468168781084,0,-12.095943205370068,0
TX001983,AC00439,train,-0.060277190642449185,0,-0.18276487346211656,0,-1.24669969999655,0,-93.86708161321559,0,0.0,0,0.30186633061067225,0,2.5164013575524025,0,-11.861075854817376,0
TX001984,AC00088,train,-0.09483989935854414,0,-0.2307355964480331,0,-3.576518989321131,0,-84.72475538105515,0,0.0,0,0.25198090626711933,0,2.1254407981946453,0,2.2678452166587477,0
TX001985,AC00303,train,-0.004285200245865095,0,-0.07937396657162843,0,-0.5296221731422008,0,-63.96466041208466,0,0.0,0,0.3596858319549171,0,2.7486661657391456,0,13.679831552990446,1
TX001986,AC00245,train,-0.0734774081118752,0,-0.1666548338659226,0,-2.6203962199472466,0,-94.80476827838642,0,0.0,0,0.305404197748954,0,2.2339880420845044,0,-10.973332249749554,0
TX001987,AC00188,train,-0.039545639626572315,0,-0.18875541142730023,0,-1.8068377533153095,0,-95.29570057550004,0,0.0,0,0.27054111141989123,0,2.3790276931064653,0,-5.6681979452435405,0
TX001988,AC00225,train,-0.030246551784409603,0,-0.15701459113306804,0,-1.4067569503595125,0,-94.00371803864698,0,0.0,0,0.3647224857129037,0,2.6289574434757412,0,-4.595847547596149,0
TX001989,AC00278,val,-0.09915036339358474,0,-0.2157700478846203,0,-3.106099237978065,0,-100.17563723520749,0,0.0,0,0.19105026238649117,0,1.954142522752119,0,-13.973640852064747,0
TX001990,AC00311,train,-0.09337142029136036,0,-0.21333168410121184,0,-2.1461380259447624,0,-94.44487669538847,0,0.0,0,0.2829607503632058,0,2.032736146803723,0,-15.317128286415485,0
TX001991,AC00206,train,-0.06720687520918917,0,-0.22514623867349726,0,-1.6121181243171412,0,-95.13643690290476,0,0.0,0,0.26483950138212703,0,2.2766885068988274,0,-11.881464041008886,0
TX001992,AC00329,train,-0.0489738988548728,0,-0.13783563713028446,0,-0.8851032992545109,0,-92.05473169643031,0,0.0,0,0.24710937108947606,0,2.521151088672025,0,-9.076166407952451,0
TX001993,AC00338,val,-0.07908599289696888,0,-0.14961983579703508,0,-2.603752372538735,0,-94.4089428181293,0,0.0,0,0.29041432031554804,0,2.435749345163978,0,-5.381458968745331,0
TX001994,AC00409,val,-0.09431164775121414,0,-0.23161986129424705,0,-2.8667693450970466,0,-100.91747489897566,0,0.0,0,0.13153640442855977,0,1.6076472463928013,0,-12.67126592561771,0
TX001995,AC00114,train,-0.09685310030988725,0,-0.2037912692601085,0,-2.1748143498507604,0,-93.98966739156688,0,0.0,0,0.21695416132853854,0,2.3178437533614584,0,-6.391018605993937,0
TX001996,AC00460,val,0.014643973512118102,1,-0.0016971396776173098,0,-0.3502286428783945,0,-67.12655199341091,0,0.0,0,0.4441148123744006,0,3.2108296849190565,1,2.5028643729815707,0
TX001997,AC00373,train,0.01180574355851427,1,0.08263204328751583,1,0.5557818047935674,1,-80.4079956210611,0,8.429369702178807e-08,0,0.4943047253250224,1,3.1630109016447148,0,-4.893737820983711,0
TX001998,AC00021,train,0.06329343678187682,1,0.008855826932038457,1,-0.49795340312887326,0,-57.435836780078695,0,2.1633092931493625,0,0.5089650925483586,1,3.2999845674213426,1,-0.8476067765367654,0
TX001999,AC00235,train,-0.12382550232649236,0,-0.2731824755298964,0,-4.105228707110329,0,-100.74935718703854,0,0.0,0,0.15049775358296136,0,1.488100514743887,0,-9.821644253208571,0
TX002000,AC00261,train,-0.03887688265432632,0,-0.08772474472348013,0,-0.5816904323766794,0,-90.5681326372432,0,0.0,0,0.36060737573883345,0,2.598825408675869,0,-5.349600594216913,0
TX002001,AC00456,train,-0.046022239704353596,0,-0.07907871162666713,0,-0.9580075062323257,0,-69.93213747715045,0,0.0,0,0.3550437700934852,0,3.030711951249889,0,-2.2467613581833845,0
TX002002,AC00332,val,-0.04810727138343901,0,-0.1860413054349206,0,-2.8879230111556184,0,-98.35751246691981,0,0.0,0,0.224130403723043,0,1.9442457798345942,0,-12.747270560772185,0
TX002003,AC00245,train,-0.11702002290279723,0,-0.2660802633132373,0,-3.473452673983247,0,-101.91774424014262,0,2.9802322387695312e-08,0,0.0,0,1.4780441402178064,0,-10.186854481979605,0
TX002004,AC00388,val,-0.07296839168200853,0,-0.19244228504784466,0,-1.4671217846335294,0,-88.66549347173164,0,8.429369702178807e-08,0,0.27472034754535596,0,2.153415135926953,0,-11.949663448625284,0
TX002005,AC00008,val,-0.08460952680586531,0,-0.17236400714340694,0,-1.2322907962296457,0,-95.16066259666873,0,0.0,0,0.3044931876051686,0,2.280579272878715,0,-14.785529207813656,0
TX002006,AC00066,train,-0.12186290005213063,0,-0.23372603004214776,0,-3.394744436284367,0,-93.44018260204622,0,0.0,0,0.18474642940025485,0,2.0037767845748777,0,-7.583802497624831,0
TX002007,AC00227,train,0.0021904881828292977,1,-0.21909190320011374,0,0.00031312237249014885,1,33.82664099146048,1,2.5323760969235076,0,0.5587464517796387,1,3.0947155511791524,0,3.920405583873463,0
TX002008,AC00352,train,-0.07100876533640871,0,-0.05826635048760709,0,-0.10588705439532298,0,-85.05823986336799,0,0.0,0,0.4930652689617734,1,3.0883181265579513,0,-8.894829649846706,0
TX002009,AC00481,train,-0.06111308109668112,0,-0.1849533261556502,0,-1.5049924824811898,0,-95.99131265540866,0,0.0,0,0.1889720940236398,0,2.1793716162539574,0,-11.996015705739719,0
TX002010,AC00341,train,-0.07781786660383205,0,-0.1362136332507513,0,-0.5555334627136173,0,-83.80301550279421,0,5.960464477539063e-08,0,0.4458155629051503,0,2.3880735155543604,0,-3.5610985557253523,0
TX002011,AC00065,train,-0.037127269678219776,0,-0.20684377911579888,0,-1.7055788647529821,0,-50.241276451885504,0,8.429369702178807e-08,0,0.35445088902062266,0,2.4356700350127287,0,-13.076553844627549,0
TX002012,AC00248,val,-0.06603565326311273,0,-0.21135325163986263,0,-2.844415253523313,0,-96.27756698420914,0,0.0,0,0.23295513024698578,0,2.094414189609668,0,-12.27912297280891,0
TX002013,AC00177,val,-0.028030499184853563,0,-0.18907379512433464,0,-2.0816850148330532,0,-93.3328271385021,0,0.0,0,0.3493446480525866,0,2.297535896128113,0,-11.36121887404674,0
TX002014,AC00139,val,-0.02619967898336706,0,-0.12146560007307561,0,-1.9536530754559847,0,-88.94137643191658,0,4.2146848510894035e-08,0,0.39342982991612807,0,2.690197313569339,0,-2.6632333343343255,0
TX002015,AC00252,train,-0.06868341755867441,0,-0.22458450885487502,0,-1.8770324460897188,0,-97.00030327369802,0,0.0,0,0.16637345199123935,0,2.0057469475906147,0,-12.348607010247854,0
TX002016,AC00286,train,-0.06675817514387178,0,-0.12421522910107896,0,-1.054189773362359,0,-87.9947865763337,0,0.0,0,0.3632509525393796,0,2.2003233795763055,0,-4.049516962997615,0
TX002017,AC00001,val,-0.06869107325811025,0,-0.17407713251264068,0,-2.231856381784513,0,-93.55933107179322,0,0.0,0,0.28872408031154034,0,2.3505723021883638,0,-6.222827012955567,0
TX002018,AC00453,train,-0.06641720825684783,0,-0.17665406730227473,0,-1.616147786221501,0,-95.02095361357016,0,0.0,0,0.34352637895839166,0,2.4558951195581344,0,-11.175972720459827,0
TX002019,AC00291,val,-0.1164587543474267,0,-0.24272748843056957,0,-2.6475025637071328,0,-95.9368179405154,0,0.0,0,0.12930023187682216,0,1.6471564792311173,0,-8.322711451912891,0
TX002020,AC00113,val,-0.08039451511242623,0,-0.19811214141247402,0,-2.681467945519974,0,-93.16627075049706,0,0.0,0,0.19113121209440337,0,1.8748620827084896,0,-7.203212177374577,0
TX002021,AC00390,val,-0.09990123424438418,0,-0.23822259207801322,0,-2.178366735437945,0,-98.6368250813135,0,0.0,0,0.19448563739193117,0,1.8238503626522709,0,-8.885278851572822,0
TX002022,AC00345,train,-0.03271108411647361,0,-0.1820529777337856,0,-3.1240232767602043,0,-77.22149821216267,0,4.2146848510894035e-08,0,0.2671192123229658,0,2.315670360381709,0,-1.6377331650042377,0
TX002023,AC00011,train,-0.06756092315028195,0,-0.2593865768573337,0,-1.5614581721685612,0,105.46521751640257,1,0.0,0,0.0,0,1.9543212549031994,0,-12.652522469600228,0
TX002024,AC00106,train,-0.12926400808700916,0,-0.242725779665675,0,-3.205457835189077,0,-101.26505744924272,0,0.0,0,0.17076056381277582,0,1.7321639600679717,0,-15.317370879932174,0
TX002025,AC00087,train,-0.1130932938275449,0,-0.22182064229587195,0,-2.020517398848292,0,-94.7524097544707,0,0.0,0,0.274571024042896,0,1.852938410179877,0,-6.136878306632221,0
TX002026,AC00441,train,-0.01846921267262258,0,-0.19064741979883681,0,0.0002594987029009843,1,-11.696952116569236,0,0.0,0,0.37534897373906023,0,2.489611368754778,0,-11.037989338905124,0
TX002027,AC00069,train,-0.06754344871058582,0,-0.13315215696677285,0,-1.3819038604932397,0,-78.21660040256126,0,0.0,0,0.39223653726989655,0,2.809221140674367,0,-3.890201762445895,0
TX002028,AC00020,train,-0.09725595912388263,0,-0.2504503708183021,0,-3.2446771670860626,0,-100.15587049491505,0,0.0,0,0.029750209570642366,0,1.5815900891431196,0,-16.07887104663039,0
TX002029,AC00172,train,-0.03204940889559438,0,-0.24140456307618563,0,-0.789695726789807,0,11.31518358347408,1,1.1920928955078125e-07,0,0.33960179584178646,0,1.9444062109401583,0,-12.833716332211607,0
TX002030,AC00237,train,0.008847763942295361,1,-0.08872515679741122,0,-1.2718498107031175,0,-65.98438612743351,0,0.0,0,0.3827062223797333,0,2.342327333953721,0,2.026441429565538,0
TX002031,AC00186,train,-0.09729742552371057,0,-0.2125151210613554,0,-1.5006972913562793,0,-94.39510711081095,0,0.0,0,0.23849921466501747,0,2.1063104325595745,0,-7.657565464649419,0
TX002032,AC00165,train,-0.09498607867573339,0,-0.14716861727114217,0,-3.286119389233474,0,-82.32455470712073,0,0.0,0,0.3344112587781062,0,2.11309777322931,0,-1.1824255263305474,0
TX002033,AC00438,train,-0.11304749478725429,0,-0.2527376005114753,0,-3.1174890944120888,0,-99.50277187694968,0,0.0,0,0.05235353338041952,0,1.88190482139672,0,-8.61564519456134,0
TX002034,AC00435,train,-0.04935248359767269,0,-0.08035043479943393,0,-0.00014555291547413418,0,-89.66638583350814,0,0.0,0,0.35157905245695237,0,2.6639808945091765,0,-8.575110943531351,0
TX002035,AC00472,train,-0.02365094359524189,0,0.02946879344168818,1,8.790332387498268e-05,1,-84.05815011153089,0,2.3219021084860576,0,0.513801798042094,1,3.548777642615208,1,-5.584596527688538,0
TX002036,AC00446,train,-0.10314467265548666,0,-0.21939715551138717,0,-2.782822528163181,0,-94.53686573182821,0,0.0,0,0.24468515214751757,0,1.7081030126305092,0,-7.1171275141422035,0
TX002037,AC00427,train,-0.04678563812379716,0,-0.030969912379753106,0,-0.2459561522244016,0,-90.25671730166445,0,0.0,0,0.37911372373338037,0,2.9086853902561542,0,-3.8639296165173675,0
TX002038,AC00230,val,-0.07718806545747964,0,-0.2301042553764221,0,-2.829876599952871,0,-97.06873677438718,0,0.0,0,0.23084632262453114,0,2.0504752169349696,0,-7.109616248225816,0
TX002039,AC00172,train,-0.020279843859465574,0,-0.13415567115030513,0,-1.4942235542617892,0,-93.37718600871642,0,0.0,0,0.3414153879634031,0,2.4409637667934363,0,-9.89365698359683,0
TX002040,AC00103,train,-0.06661711013053673,0,-0.21942452712438354,0,-2.8847175719872338,0,-96.39394511952088,0,0.0,0,0.2647875699071287,0,1.9911398151748696,0,-14.448033420807585,0
TX002041,AC00467,val,-0.06624030876154141,0,-0.16579978288674058,0,-0.5014804664306896,0,-92.99853828150981,0,0.0,0,0.25181588162319135,0,2.4129571282989826,0,-4.673913202446955,0
TX002042,AC00094,train,-0.06061871887520548,0,-0.13890209365698003,0,-1.858154840100597,0,-87.73824961620032,0,0.0,0,0.3252922355825515,0,2.4302122156338073,0,-8.610907610068095,0
TX002043,AC00231,val,-0.03006931854576267,0,-0.20339159618133196,0,-2.779780170673548,0,-97.4762646927992,0,0.0,0,0.1635228873886247,0,1.8171018122331852,0,-11.137324098447499,0
TX002044,AC00032,train,-0.035467725834061326,0,-0.0843725970027358,0,-0.3510102082375921,0,-87.74580639412196,0,0.0,0,0.4088972080801721,0,2.6410371059089757,0,-10.676798139646218,0
TX002045,AC00241,val,-0.044112066716673226,0,-0.1544047282808252,0,-1.0117212240492055,0,-93.28001493020308,0,0.0,0,0.2530133759411167,0,2.4013528221741978,0,-10.439001970264405,0
TX002046,AC00263,val,-0.03341647754167376,0,-0.1696425090919338,0,-2.8346929859727235,0,-94.88253102535568,0,0.0,0,0.2098877494956189,0,2.144168625876744,0,-10.374374164544735,0
TX002047,AC00012,train,-0.052313788133302175,0,-0.20847125265153843,0,-3.6293281750112714,0,-99.06297395173152,0,0.0,0,0.20031192744790663,0,1.760227385103641,0,-13.052055448232469,0
TX002048,AC00009,train,-0.08394879209753187,0,-0.2500433989522406,0,-4.0924900165032385,0,-99.78808098852974,0,0.0,0,0.09968163880400069,0,1.5063564447934268,0,-8.007981021597493,0
TX002049,AC00041,train,-0.10097350125705262,0,-0.2478925304778583,0,-2.9593588001276094,0,-98.66757313014219,0,0.0,0,0.0906079454055361,0,1.7998149570153044,0,-8.42795032763018,0
TX002050,AC00317,train,-0.048526409409186066,0,-0.23410598925449833,0,-2.9483649155034586,0,-97.93161641690034,0,0.0,0,0.16281048986118676,0,1.6704533735049616,0,-4.910737521274979,0
TX002051,AC00475,train,-0.08553471243296751,0,-0.20221536801288953,0,-2.2908286831356213,0,-96.39147593602901,0,0.0,0,0.2600708576283499,0,2.10810913640079,0,-14.879953394924133,0
TX002052,AC00181,val,-0.0886197820112462,0,-0.1983476881735553,0,-3.3419887967176463,0,-97.15091261779303,0,0.0,0,0.25891328603793684,0,2.0890279217108265,0,-12.315070280989364,0
TX002053,AC00120,train,-0.11753305012663195,0,-0.2444874451148088,0,-4.199821118733992,0,-102.0341232037523,0,4.2146848510894035e-08,0,0.06865122632383744,0,1.993220329729097,0,-14.747482185842461,0
TX002054,AC00331,train,-0.004180526256045258,0,-0.20229878009100521,0,-0.00027851017020719127,0,-17.440538210733095,0,2.859583886963707,1,0.5711507928686038,1,2.6252177848383043,0,10.327397254404179,1
TX002055,AC00500,val,-0.11300330162798711,0,-0.23643975318716182,0,-2.3076810975931084,0,-98.03310559431822,0,0.0,0,0.12572566188711276,0,2.0546979656884203,0,-8.540780581932108,0
TX002056,AC00292,train,-0.1508698973147048,0,-0.26149635618609657,0,-4.4945304923974385,0,-97.07772005135648,0,0.0,0,0.133953505712554,0,1.638968803036649,0,-10.311033050370854,0
TX002057,AC00436,train,-0.07851910096992398,0,-0.2429589870734261,0,-3.4821546811341717,0,-97.06347187442623,0,0.0,0,0.20294239629101316,0,1.7800664122877852,0,-8.118380639356449,0
TX002058,AC00476,train,-0.07217843419555064,0,-0.07954141001127302,0,-0.6917032785948516,0,-89.54924259194969,0,5.960464477539063e-08,0,0.35237231180026907,0,2.9864029928693063,0,1.230259414749064,0
TX002059,AC00391,train,-0.10512916440549186,0,-0.228424410660794,0,-3.563421475409954,0,-98.3885442522727,0,0.0,0,0.21822177749729324,0,2.1348462952735647,0,-4.7489031105529715,0
TX002060,AC00267,train,-0.05386690642126413,0,-0.10630574939535231,0,-2.213205678678823,0,-78.93584388612709,0,0.0,0,0.4356346839488454,0,2.4127708699560175,0,1.6260338277465958,0
TX002061,AC00034,train,-0.11602295185767891,0,-0.2461047375555233,0,-3.80114117058785,0,-84.35334330706031,0,0.0,0,0.1955588414978992,0,1.8407570776352704,0,-7.356616732637527,0
TX002062,AC00425,train,-0.10133035690173953,0,-0.21330703758210157,0,-3.166800120488605,0,-100.50743016489471,0,0.0,0,0.03559485544400314,0,2.0536563537160655,0,-15.587889143654776,0
TX002063,AC00048,train,-0.06890452649075485,0,-0.22671481182209474,0,-1.0318880907462162,0,-65.4909511580457,0,0.0,0,0.34056852961122164,0,2.3546398690952266,0,-12.825961258781485,0
TX002064,AC00110,train,-0.044306008912104844,0,0.05768919640919434,1,-0.3888931680397745,0,-83.59951258967972,0,5.960464477539063e-08,0,0.49845538965124364,1,3.2115518888451304,1,-4.214284635544864,0
TX002065,AC00427,train,-0.05069933357790707,0,0.02017604851289767,1,-0.10439919950196597,0,-71.87367394731952,0,0.0,0,0.41995068090989685,0,3.1057647362038345,0,-0.08787222144356088,0
TX002066,AC00483,train,-0.09170415789331637,0,-0.1462525272143662,0,-0.05013106322172334,0,-50.31611213913375,0,0.0,0,0.439684280704006,0,3.1346100444784204,0,-9.416139050762007,0
TX002067,AC00310,val,-0.11412655892915541,0,-0.25573877430414305,0,-3.4972980043764563,0,-102.28422606081264,0,0.0,0,0.03559485544400314,0,1.6098563248935225,0,-14.692832081529145,0
TX002068,AC00179,train,-0.035060554300798796,0,-0.12981652034106728,0,-0.6463342498125266,0,-72.55239096385054,0,0.0,0,0.38344780420301916,0,2.365076234371964,0,-0.9427471101655042,0
TX002069,AC00363,train,0.021892196250106077,1,0.04925035769936348,1,-0.3727398009856211,0,-79.24100328509466,0,0.0,0,0.4764166431771944,1,3.1400887307072156,0,-5.589952696055523,0
TX002070,AC00080,val,-0.10854182948873375,0,-0.23695476324651743,0,-3.688729989170503,0,-100.2143472343476,0,0.0,0,0.13798844927029486,0,1.7289426558682033,0,-14.589266625727149,0
TX002071,AC00158,train,-0.03917549593456704,0,-0.1548380457773444,0,-3.675075734801644,0,-95.48951299937323,0,0.0,0,0.25561922125324193,0,2.1025880358729085,0,-7.452163216084655,0
TX002072,AC00033,train,-0.1036377345512125,0,-0.18663884173531664,0,-2.552452145317843,0,-95.30945995956719,0,0.0,0,0.20840376868690427,0,2.0460008617746124,0,-6.693292024378611,0
TX002073,AC00492,train,-0.10594398163436192,0,-0.24656050019683828,0,-3.1896687810355706,0,-100.67297379113613,0,2.9802322387695312e-08,0,0.13031012622450505,0,1.8133279614331512,0,-8.838881251031067,0
TX002074,AC00228,train,0.005173285153680762,1,-0.24261631825356478,0,0.2482118511296827,1,34.416339052129146,1,2.2619164471326982,0,0.5146492865233222,1,2.9205344856755744,0,10.562485414161799,1
TX002075,AC00058,train,-0.08956025597749917,0,-0.20179922499794434,0,-1.6060351532553172,0,-94.86262669132817,0,0.0,0,0.20563504981854644,0,2.0714932837213222,0,-5.901192979233966,0
TX002076,AC00427,val,-0.06924005391372601,0,-0.2302203391121802,0,-2.9424002925465667,0,-98.53244759927124,0,0.0,0,0.13673410732159394,0,1.8700658701991268,0,-14.70326508088659,0
TX002077,AC00236,train,-0.08885924932796851,0,-0.2231740891602041,0,-2.1069248243066427,0,-97.33389908911192,0,0.0,0,0.2220366198476069,0,2.00963826238113,0,-6.931449006649643,0
TX002078,AC00144,train,-0.1001380796768434,0,-0.2059152991290769,0,-3.1777804792214246,0,-99.43884036449226,0,0.0,0,0.13399720288300054,0,1.9867806696604258,0,-13.619762991753253,0
TX002079,AC00256,train,-0.09493049463168379,0,-0.24689011085411583,0,-2.700234841958605,0,-98.00417415321675,0,0.0,0,0.0743972254003219,0,1.9685444525311802,0,-8.58890758367311,0
TX002080,AC00054,train,-0.09652416844265937,0,-0.19532227843725858,0,-1.4114328865446586,0,-96.04669747984279,0,4.2146848510894035e-08,0,0.22890386754529232,0,1.9299370440515922,0,-6.874182442086877,0
TX002081,AC00492,train,-0.028147307964747847,0,-0.07729219163148326,0,-0.7406612855849177,0,-88.71609736829711,0,0.0,0,0.3718867970988235,0,2.6206434174003372,0,-3.98697995513765,0
TX002082,AC00498,val,-0.0848699882242116,0,-0.20547629297876324,0,-1.6948015906178915,0,-96.9919511451528,0,0.0,0,0.22341545865499166,0,2.1292963143120898,0,-13.04637576718396,0
TX002083,AC00005,train,-0.047116795006143186,0,-0.1888759121245589,0,-1.1303261598739756,0,-94.56394375567908,0,0.0,0,0.15538071615532417,0,2.2183916341606897,0,-10.78044344871161,0
TX002084,AC00204,val,-0.053505067642029114,0,-0.0962715689866096,0,-2.169064372418018,0,-93.04615329836307,0,5.960464477539063e-08,0,0.32108310528960643,0,2.540760363231075,0,-7.705019765568426,0
TX002085,AC00428,val,0.0018702738236573424,1,-0.12240632913659977,0,-0.5810281775171715,0,-31.878479875322768,0,0.0,0,0.46727246936479866,1,3.125385712811578,0,1.2287506069971534,0
TX002086,AC00019,train,-0.10683253990485597,0,-0.24720369863709324,0,-3.7481821202135057,0,-100.82935026424178,0,0.0,0,0.08113931720203213,0,1.7095061269816334,0,-14.498385747400999,0
TX002087,AC00029,train,0.03388243378562894,1,-0.029071476116064865,0,0.188077624679317,1,398.6109868242606,1,4.049283147419899,1,0.5125368595275392,1,6.010027977242201,1,1.7030199168220563,0
TX002088,AC00449,train,-0.10089271633225966,0,-0.25292574201843143,0,-3.6042134779185853,0,-101.84410844695759,0,0.0,0,0.2294736463925783,0,1.7226103912227215,0,-13.468556336065253,0
TX002089,AC00213,train,-0.03510274411913483,0,-0.19551780270589458,0,-3.688845386739245,0,-95.16879531504034,0,4.2146848510894035e-08,0,0.27128320714872484,0,1.88288904361802,0,-2.6744267301227733,0
TX002090,AC00076,val,-0.07819482318900833,0,-0.18652196938985455,0,-2.812524636816165,0,-94.94757900158812,0,0.0,0,0.3082973126604772,0,2.4409161399080777,0,-6.624199670356286,0
TX002091,AC00442,train,-0.10995385663570845,0,-0.2194709065916618,0,-3.326809489318271,0,-96.84906946182764,0,0.0,0,0.2285664462982701,0,2.152725910681334,0,-8.10601823559981,0
TX002092,AC00228,train,0.019430712145337092,1,-0.03342388245005368,0,-0.41214402637078784,0,-53.620406892807495,0,2.5717317874002643,0,0.5173324844651579,1,2.92498113829348,0,2.7815892860508074,0
TX002093,AC00081,train,-0.04551211101470087,0,-0.12373689097188145,0,-6.9859470177569e-05,0,66.78577902276062,1,1.9528504283366988,0,0.5355961369161738,1,2.783218278641909,0,-9.359468885455408,0
TX002094,AC00072,train,-0.056942699859026946,0,-0.22171900614562734,0,-2.675897579877044,0,-95.4743052286565,0,4.2146848510894035e-08,0,0.09968163880400069,0,1.9264966189021369,0,-6.497076665679095,0
TX002095,AC00261,train,-0.08722544981280012,0,-0.24146111506603962,0,-2.9463110217991355,0,-97.84443902300819,0,4.2146848510894035e-08,0,0.1743256630711989,0,1.853850830115159,0,-14.807774450743363,0
TX002096,AC00082,train,-0.0870939650639222,0,-0.24168411040057958,0,-1.711416094939369,0,-87.6636121642583,0,0.0,0,0.25220322942477463,0,1.9459404066167174,0,-13.300066415002302,0
TX002097,AC00334,val,-0.10438449909043346,0,-0.18095047609352855,0,-2.5810654568981155,0,-88.4496150086726,0,0.0,0,0.2948252766301902,0,2.1912331433249013,0,-6.078596454099906,0
TX002098,AC00251,train,0.0002866483536850817,1,-0.11127243266881348,0,-2.3211685608709756,0,-71.46297972724858,0,0.0,0,0.33876656108000747,0,2.659653621965244,0,-3.8394617376562303,0
TX002099,AC00481,train,-0.07043906609397799,0,-0.23131149158797215,0,-3.0893612225838405,0,-97.5022979743576,0,0.0,0,0.20206684279768974,0,2.1446996487916548,0,-7.686261740979469,0
TX002100,AC00239,train,-0.060529476400527416,0,-0.18279801463470835,0,-2.8734279721985656,0,-88.4610109992212,0,0.0,0,0.30704396975458303,0,2.035184899660492,0,-5.846675773706472,0
TX002101,AC00394,train,-0.06673597387924896,0,-0.14183302539581644,0,-0.9437433474940482,0,-91.5325479538197,0,0.0,0,0.3630401948503335,0,2.581432236315133,0,-12.684678029119993,0
TX002102,AC00374,train,-0.06760300470526309,0,-0.23799947527274878,0,-2.56140284457289,0,-98.95651536176979,0,0.0,0,0.1821176636748251,0,1.7583653689969043,0,-14.345429620537892,0
TX002103,AC00054,train,0.008957329713799589,1,-0.17560259392943034,0,-0.1508565278561722,0,-58.3534957562682,0,2.5509822602962475,0,0.5299746448341819,1,3.1408874407931404,0,11.011844761059567,1
TX002104,AC00281,train,-0.06706048594381686,0,-0.23483580610325072,0,-3.561763391851442,0,-97.61367963955139,0,0.0,0,0.1853326554545255,0,1.7118963080068448,0,-11.028594741795823,0
TX002105,AC00140,val,-0.03878489250026007,0,-0.15571483006301956,0,-0.9440012172095633,0,-83.53330219721082,0,5.960464477539063e-08,0,0.313742170041026,0,2.38021460208078,0,-8.971670386260655,0
TX002106,AC00058,train,-0.1043147790423975,0,-0.18635631924109597,0,-3.4395522153357954,0,-93.90022630407623,0,0.0,0,0.2185762841679189,0,1.7113658877481441,0,-7.429487639715163,0
TX002107,AC00066,train,-0.10602040835411275,0,-0.2501170039826629,0,-3.0604431113588513,0,-101.19309246895794,0,0.0,0,0.06662071613959664,0,1.7616286813303599,0,-13.969217585952709,0
TX002108,AC00190,train,-0.11372882473398965,0,-0.24284288362300377,0,-4.023903365525997,0,-88.80864030249953,0,2.9802322387695312e-08,0,0.20682174412173543,0,1.8560462755067142,0,-8.098391750014214,0
TX002109,AC00452,val,-0.09851215745352365,0,-0.1941759786639008,0,-2.158975013487228,0,-97.34635789950312,0,0.0,0,0.1770133408033836,0,2.044588111989947,0,-7.145429343955066,0
TX002110,AC00099,train,-0.058293349447264164,0,-0.21595869269045198,0,-2.24839236092632,0,-97.79958231171817,0,0.0,0,0.1448371950663999,0,1.870246120153813,0,-12.695242546410332,0
TX002111,AC00126,val,-0.09999379956440269,0,-0.22176306995960338,0,-3.3130265265529077,0,-98.6609304570458,0,0.0,0,0.19593398106098853,0,2.094816665912299,0,-4.947799046856081,0
TX002112,AC00021,train,-0.006490826048784593,0,0.036367760974203245,1,2.0908875396613498,1,460.2530536264772,1,3.2961492634819045,1,0.6369810022272889,1,6.374957479879448,1,4.507580463069593,1
TX002113,AC00353,train,-0.051543009574210985,0,-0.09407488969732936,0,-1.1783951038404714,0,-90.79916315714945,0,0.0,0,0.38640526429399297,0,2.4221908245563593,0,-4.258531110648353,0
TX002114,AC00482,val,-0.07909961239686586,0,-0.23778381458682873,0,-3.2166497970541394,0,-100.12957393072028,0,0.0,0,0.15236646132417234,0,1.7311452235319786,0,-15.153056513034981,0
TX002115,AC00427,train,-0.030282094453390918,0,-0.17796940853018461,0,-3.45650561891648,0,-72.26934346997189,0,4.2146848510894035e-08,0,0.29399482335054533,0,2.4583591412020125,0,-1.9971264656209895,0
TX002116,AC00430,train,-0.04701257013047322,0,-0.18119785696071689,0,-2.553751391538884,0,-95.86446116073193,0,0.0,0,0.2719036315545071,0,2.227815592104825,0,-5.979045340569335,0
TX002117,AC00043,train,-0.09252401200549476,0,-0.25928765176175717,0,-2.466571051367729,0,-98.5215339800566,0,0.0,0,0.05095846320639974,0,1.7203578968385416,0,-8.427324609288252,0
TX002118,AC00186,train,0.0019952275392257635,1,-0.03740847023107996,0,0.00020025058493100545,1,-83.17057749342825,0,0.0,0,0.4095097672255299,0,3.1283668157546565,0,-4.562101137545382,0
TX002119,AC00248,train,-0.02372746091804956,0,-0.12208887236405053,0,-0.6615137791039798,0,-88.2096824127892,0,0.0,0,0.40753313195943286,0,2.7915050322460804,0,-11.026459744320537,0
TX002120,AC00069,train,-0.05499070728963906,0,-0.1848670797043781,0,-3.434550247930983,0,-95.21353980776786,0,0.0,0,0.27313455510911333,0,2.18629050751037,0,-12.2423348610441,0
TX002121,AC00002,train,-0.08414040468314266,0,-0.2267905125293015,0,-2.3982175259086356,0,-93.54897322782278,0,0.0,0,0.15031178950482582,0,1.947164832554386,0,-13.479295001342308,0
TX002122,AC00090,train,-0.07355383995720582,0,-0.15581278776667573,0,-2.767514795365826,0,-95.35521736774204,0,0.0,0,0.2584189526654028,0,2.0817322151510615,0,-14.249082794986878,0
TX002123,AC00210,train,-0.10477675074842147,0,-0.2040864090153951,0,-1.5948790736489835,0,-95.4200186948469,0,0.0,0,0.17489769875733438,0,2.045825360425643,0,-6.90281335062917,0
TX002124,AC00014,train,-0.07215872082769653,0,-0.14976934700441547,0,-2.087610844432297,0,-88.81162100777644,0,0.0,0,0.32466591059278294,0,2.282611981146719,0,-6.373210653093336,0
TX002125,AC00039,train,0.03992788627028354,1,0.48977704337408845,1,3.877268115455678,1,98.86826879313118,1,5.543140184283976,1,0.7557664410311026,1,5.859304611069733,1,8.058928769297845,1
TX002126,AC00021,val,-0.06706809124833402,0,-0.15717625876258068,0,-1.8095981162823085,0,-80.83681481626249,0,0.0,0,0.4145115050439322,0,2.348293790107824,0,0.06588849485554277,0
TX002127,AC00242,train,-0.08555820330472341,0,-0.24483885856338283,0,-2.9942333038689766,0,-99.52165117815464,0,0.0,0,0.18668533168624696,0,1.64090429900973,0,-14.866466463199895,0
TX002128,AC00413,train,-0.09392723368938072,0,-0.2513878007222544,0,-3.658188330900466,0,-102.92687394981873,0,0.0,0,0.05358631672315796,0,1.6174067730038608,0,-15.000603261254117,0
TX002129,AC00082,train,-0.04168138251408071,0,-0.1656749763132379,0,-1.9026776642474674,0,-88.76620590375877,0,0.0,0,0.2615833835429169,0,1.9667583379215825,0,-11.189035274228898,0
TX002130,AC00304,train,-0.009506073208658483,0,-0.05007768201976637,0,-0.701009813452556,0,-64.37134632242775,0,0.0,0,0.4177669031570559,0,3.057386322326287,0,0.509329650019092,0
TX002131,AC00098,train,-0.111469729842962,0,-0.25465676367857826,0,-3.0734500499782067,0,-101.85898462458347,0,2.9802322387695312e-08,0,0.11064447479642033,0,1.6914824469542085,0,-9.213113254745753,0
TX002132,AC00372,train,-0.06482427251073536,0,-0.22184063279906363,0,-2.206190096168231,0,-94.5619958123546,0,0.0,0,0.21239744162848484,0,2.1406405763446217,0,-5.883963506656945,0
TX002133,AC00274,train,-0.1283910919302627,0,-0.2522402073153932,0,-3.4599834189827154,0,-101.84363100476858,0,0.0,0,0.0,0,1.6490956413615456,0,-8.771660742778227,0
TX002134,AC00080,train,-0.08329361128418489,0,-0.24430619184954094,0,-1.605235725069103,0,-79.48799143218451,0,0.0,0,0.21735188258664478,0,1.9922256239420746,0,-12.828448012312501,0
TX002135,AC00064,train,-0.11535321219042377,0,-0.24253159986410322,0,-3.472403040537775,0,-98.25205323052421,0,2.9802322387695312e-08,0,0.09600268358872037,0,1.5446866555409482,0,-8.887323455519912,0
TX002136,AC00241,train,-0.043665608764840935,0,-0.13485860019441143,0,-2.2440668533327974,0,-95.85267528325078,0,0.0,0,0.27816557674751435,0,2.2757767887633586,0,-11.645559725397819,0
TX002137,AC00055,train,-0.10026934077978511,0,-0.22388089626157082,0,-4.186860017978069,0,-99.42414647472356,0,0.0,0,0.14237449127144267,0,2.255910799788796,0,-1.5628438793488948,0
TX002138,AC00215,train,-0.08199163096567569,0,-0.1848997501556906,0,-1.6398986713166694,0,-71.93751356222259,0,5.960464477539063e-08,0,0.2956023546784795,0,1.9685461985078327,0,-3.9918768166163945,0
TX002139,AC00037,train,-0.0912125085857502,0,-0.18025363142201756,0,-1.4807622961623759,0,-93.71986587769416,0,0.0,0,0.289154711207287,0,2.22866718783463,0,-6.9744087336634735,0
TX002140,AC00325,train,-0.07798380319183873,0,-0.17292069312580427,0,-2.2107176436221136,0,-97.77171058770529,0,0.0,0,0.287580734149579,0,2.5446980381973647,0,-12.613189824634153,0
TX002141,AC00394,val,-0.00208209943422355,0,0.15619763860611258,1,0.225885585100011,1,-78.69634113410237,0,2.554937543861232,0,0.5483273848167617,1,3.5511018925325897,1,-1.7061723863961686,0
TX002142,AC00164,val,-0.11469579772227201,0,-0.23449376723678483,0,-2.773703494282633,0,-98.42219284201643,0,0.0,0,0.14101435534091258,0,2.0374493752550737,0,-8.131663185185662,0
TX002143,AC00096,train,-0.04277975524577882,0,-0.08695718261582397,0,-0.6967031018837266,0,-89.94361463176597,0,0.0,0,0.40237263211857843,0,2.5451093293471296,0,-9.136831156060929,0
TX002144,AC00402,train,-0.10012451940939199,0,-0.2159834518976682,0,-2.0801001707648163,0,-98.61147996801364,0,0.0,0,0.20747598131840997,0,1.850035148198641,0,-8.577493035722659,0
TX002145,AC00077,train,-0.041971143153367474,0,0.02800773590451633,1,0.00013284754479325755,1,-78.95828908525816,0,0.0,0,0.483391824870122,1,3.3381168295223214,1,1.6198237175570036,0
TX002146,AC00116,train,-0.07045006055189657,0,-0.18641023693550518,0,-1.5600499823441298,0,-79.43708144442215,0,0.0,0,0.3391528431457143,0,2.28938192181411,0,-4.394197586280967,0
TX002147,AC00145,train,-0.05191042718991645,0,-0.18657681060030407,0,-1.7472752317677473,0,-91.93460065158952,0,0.0,0,0.31464116565289807,0,2.216539177842925,0,-5.09371428411556,0
TX002148,AC00457,train,-0.08833181234897286,0,-0.23962260894433118,0,-2.728128362644237,0,-97.59331179211951,0,0.0,0,0.17340034121701883,0,2.01019901770119,0,-5.468250855603407,0
TX002149,AC00021,val,-0.044206656599964866,0,-0.12322700790284147,0,-1.3979246286234277,0,-91.8178860203737,0,0.0,0,0.37320253903356265,0,2.6818033525882234,0,-1.959311379511635,0
TX002150,AC00110,train,-0.023008902011325993,0,0.03221164111419772,1,-1.9560059941449426,0,-67.53270005888626,0,0.0,0,0.476337418901904,1,2.7952926821390753,0,-1.6077927716530422,0
TX002151,AC00284,train,-0.0872173829075516,0,-0.16754073679765358,0,-1.2814097122481618,0,-93.04097495152621,0,0.0,0,0.2608096116949966,0,2.397109445358968,0,-6.019259226208281,0
TX002152,AC00012,train,-0.034169577041644916,0,-0.23777444933183722,0,-1.8575065511160682,0,-51.46354127801119,0,0.0,0,0.005184447311262274,0,2.3637824837764305,0,-2.489114652860765,0
TX002153,AC00065,train,-0.09431371009620815,0,-0.24655811368229563,0,-3.787062111381105,0,-98.42372157563817,0,2.9802322387695312e-08,0,0.11705283620155488,0,1.7006513456167882,0,-9.503081372777988,0
TX002154,AC00439,train,-0.0864641270115214,0,-0.2505366566442895,0,-3.060340172276537,0,-99.19965592748598,0,0.0,0,0.17977595264842786,0,1.7673075525375064,0,-14.76475256119055,0
TX002155,AC00157,train,-0.059611468479704055,0,-0.12206162938047815,0,-1.2854063046474389,0,-91.71034412618445,0,0.0,0,0.3629257978423908,0,2.692181569349249,0,-9.420454951449676,0
TX002156,AC00013,val,-0.06839345743805647,0,-0.20632751601173838,0,-1.8427942042922778,0,-88.2779946392838,0,0.0,0,0.3379690508238611,0,2.6057261123932727,0,-11.707274782876413,0
TX002157,AC00355,train,-0.038055920970441415,0,-0.16503429017776727,0,-1.1936910866167247,0,-91.27577568763226,0,0.0,0,0.29961703793629063,0,2.4041583849982007,0,-9.155291654325497,0
TX002158,AC00155,train,-0.10620639754319622,0,-0.25297096908048067,0,-3.981860072732231,0,-98.97031021487334,0,0.0,0,0.16642154446977295,0,1.7321186210210238,0,-9.328027673351375,0
TX002159,AC00105,val,-0.04001921114066875,0,0.02688161884973228,1,-0.2439919608662917,0,-87.2497737065437,0,5.960464477539063e-08,0,0.46542770539203343,1,2.6756175020478037,0,-1.7673523953962584,0
TX002160,AC00216,train,0.004273194583680251,1,-0.23093147007361625,0,-0.24239880641623834,0,29.876874314093172,1,0.0,0,0.49323335181980854,1,2.6266844803795477,0,8.788873699341604,1
TX002161,AC00297,train,-0.08167388880212056,0,-0.23659445647589217,0,-2.479344004863777,0,-96.8560565669988,0,0.0,0,0.0989445241674432,0,1.994809882911082,0,-7.711686757405471,0
TX002162,AC00139,train,0.005068958365698206,1,-0.14563487158582755,0,0.8930596877363826,1,41.28228645514487,1,3.296711158481805,1,0.5796639957083345,1,3.40247686418897,1,8.612020417056922,1
TX002163,AC00205,train,-0.11057983417713368,0,-0.23702172877969718,0,-3.782756034389691,0,-94.57653246534164,0,0.0,0,0.17726691016171062,0,1.7366538150638935,0,-8.630489408089323,0
TX002164,AC00148,train,-0.0674057735918408,0,-0.23205507824461802,0,-3.7748094998700603,0,-96.78201735630414,0,4.2146848510894035e-08,0,0.11131685265311021,0,2.198283552635048,0,-3.106148776831387,0
TX002165,AC00064,train,-0.09818895814021,0,-0.23353720592928595,0,-2.9746293538715447,0,-98.27293159136565,0,0.0,0,0.1371323120128584,0,1.712709202446987,0,-12.73659152525845,0
TX002166,AC00344,train,-0.12462049932719887,0,-0.203824628188211,0,-3.230444200642565,0,-95.85943822007228,0,2.9802322387695312e-08,0,0.22574253197260205,0,2.031611610769969,0,-6.674655684734653,0
TX002167,AC00448,train,-0.10229999653726846,0,-0.2509492211769846,0,-4.13294509636891,0,-94.68392632259933,0,0.0,0,0.1408125471345339,0,1.5112893068335538,0,-8.600714187290679,0
TX002168,AC00446,train,-0.09429410635576124,0,-0.2328448153284015,0,-4.088768800208482,0,-101.2186955757294,0,0.0,0,0.11298030688198657,0,1.8535238816894588,0,-14.768641949923024,0
TX002169,AC00460,train,-0.004352700151399769,0,0.010517850037455423,1,0.0003876292859104069,1,-84.85171127515062,0,5.960464477539063e-08,0,0.4351853027354799,0,2.9391031639655782,0,-5.594315084502172,0
TX002170,AC00020,train,-0.12503094908172901,0,-0.23117551026544514,0,-2.1383383395808897,0,-98.55713411538667,0,0.0,0,0.2105501656174878,0,1.7858826436092496,0,-8.326785151742582,0
TX002171,AC00202,train,-0.030425760149433212,0,-0.18990336774052663,0,-1.703682400267792,0,-92.0274650403855,0,0.0,0,0.26652707140786785,0,2.485769149748956,0,-9.993306454686108,0
TX002172,AC00458,val,-0.0722901546684463,0,-0.24797930911655286,0,-3.4406792208946593,0,-100.37120539490483,0,4.2146848510894035e-08,0,0.03399267447377219,0,1.4067868497656228,0,-13.717800632091748,0
TX002173,AC00139,train,-0.07263192592115536,0,-0.06770995120318912,0,-1.7144204183523,0,-92.37310073403742,0,4.2146848510894035e-08,0,0.3417495996499623,0,2.4205921183160095,0,-6.929705074833913,0
TX002174,AC00210,val,-0.0882833247792163,0,-0.25059872460630483,0,-4.055523649833604,0,-101.36076024500075,0,4.2146848510894035e-08,0,0.054678860709893834,0,1.6647548779335568,0,-14.400083020107333,0
TX002175,AC00399,train,-0.05025529744485846,0,-0.22993569603668185,0,-2.68164066044588,0,-96.60753236017788,0,0.0,0,0.20107417253416102,0,1.8654605397319524,0,-8.236018149585606,0
TX002176,AC00267,train,-0.09562360462029063,0,-0.21659488569730656,0,-3.369172824876478,0,-100.67768669067542,0,0.0,0,0.0720335915500306,0,2.043792320037357,0,-9.021889408914273,0
TX002177,AC00414,train,-0.06127882176783134,0,-0.19647951339037295,0,-2.2519288557521593,0,-96.12070532365505,0,0.0,0,0.25776316578774733,0,2.4207783315700997,0,-13.866792891174805,0
TX002178,AC00272,train,-0.09902343504846683,0,-0.24964472877930066,0,-3.2763908718457033,0,-100.9522181254964,0,0.0,0,0.09871097574778143,0,1.4614219521690683,0,-14.714400140878658,0
TX002179,AC00220,train,-0.13322307853403453,0,-0.2498391283647281,0,-4.340591907982559,0,-100.00392640166989,0,0.0,0,0.12257005840925532,0,1.3292051673230092,0,-10.222886629590063,0
TX002180,AC00276,train,-0.08152547278181543,0,-0.1506395784034782,0,-1.8262283284304788,0,-96.1377687162607,0,0.0,0,0.27614497757677636,0,2.3515012943211655,0,-6.7760978269136345,0
TX002181,AC00084,train,-0.06283555438197863,0,-0.12068619183062057,0,-1.5212272216853977,0,-92.61124493086075,0,0.0,0,0.36280818428352946,0,2.4947400004578855,0,-8.502842979898471,0
TX002182,AC00189,train,-0.08008793506945139,0,-0.24087609279515954,0,-2.9719822639325217,0,-98.66233193572629,0,0.0,0,0.054946877287535924,0,1.6976144905444601,0,-16.093523549801482,0
TX002183,AC00209,train,-0.07772271308962259,0,-0.1757149852899158,0,-2.2031624242727057,0,-91.4113410924954,0,0.0,0,0.2784119928601032,0,2.073104681117692,0,-12.302447143846178,0
TX002184,AC00324,val,-0.062039577862684936,0,-0.1625022414158317,0,-2.247470290372747,0,-95.47773759854338,0,0.0,0,0.19326562980813256,0,2.1853612481825757,0,-12.098371228547347,0
TX002185,AC00159,train,-0.07464436734815239,0,-0.23339404786493145,0,-3.165597733131409,0,-97.62105161371942,0,0.0,0,0.06543115586693841,0,1.7632265415760366,0,-8.417100637576054,0
TX002186,AC00497,train,-0.1051064821588687,0,-0.17742726042594548,0,-0.8954785547532254,0,-95.20775516279599,0,0.0,0,0.21180595477358946,0,2.388759357078595,0,-6.5725822205245334,0
TX002187,AC00257,train,-0.09214589103190834,0,-0.17187607293378515,0,-1.4730487048784058,0,-89.27121780083765,0,0.0,0,0.31064422988994583,0,2.473345388872803,0,-4.812252744025599,0
TX002188,AC00353,train,-0.1149476649063727,0,-0.22472525929789566,0,-3.2750371205286326,0,-98.74116933043729,0,0.0,0,0.17630366658224914,0,1.8203006190752309,0,-9.258355564138641,0
TX002189,AC00115,train,-0.040537421133130414,0,-0.08509215052166441,0,-1.409962051697284,0,-85.87747348435477,0,0.0,0,0.41224787688914305,0,2.5197738260130813,0,-8.043430964981942,0
TX002190,AC00478,train,-0.09618820196717981,0,-0.2441041618329649,0,-3.9036520088371267,0,-100.71681541619823,0,0.0,0,0.054678860709893834,0,1.5397346336434805,0,-14.081819450036452,0
TX002191,AC00497,val,-0.10891669816056088,0,-0.25185868483399354,0,-3.377830972809277,0,-101.35358723380358,0,2.9802322387695312e-08,0,0.11984211877966695,0,1.6692549979304783,0,-14.492125543933502,0
TX002192,AC00131,train,0.08464625888224653,1,0.2944281993765274,1,2.9237686793006743,1,915.7797008371762,1,7.490269335361775,1,0.6514642560454511,1,10.500107498107491,1,10.523232119914576,1
TX002193,AC00059,train,-0.03476085109603233,0,-0.15149961750233487,0,-3.0766763797238132,0,-92.69273228013567,0,0.0,0,0.26576251592594097,0,2.2690283962915454,0,0.871894222556179,0
TX002194,AC00101,val,-0.04461924120411864,0,-0.13173457601977878,0,-1.2664665812146731,0,-87.47234860705535,0,0.0,0,0.35974735960885335,0,2.6022135564993647,0,-4.790427378516047,0
TX002195,AC00418,train,-0.042502621640962523,0,-0.2537266780380836,0,-2.4796410717747728,0,-71.5209234617513,0,0.0,0,0.2896483145302852,0,1.6226881685885952,0,-1.4350264164241102,0
TX002196,AC00384,val,-0.09829599042980264,0,-0.23152356046853795,0,-3.047062536479488,0,-100.40338765846955,0,0.0,0,0.14806032430851862,0,2.229940876767795,0,-13.592358544762805,0
TX002197,AC00496,train,-0.08646083383003139,0,-0.2188717363701056,0,-2.058779445056648,0,-98.48277992770235,0,0.0,0,0.22562142447938607,0,1.9377158069212703,0,-7.061898670086343,0
TX002198,AC00145,train,-0.1129460086556881,0,-0.24153956967852552,0,-2.608954740898068,0,-95.53963845049189,0,0.0,0,0.15367607826617918,0,2.1087679553451926,0,-8.095707123557018,0
TX002199,AC00131,train,-0.13546317319616608,0,-0.22870623172287385,0,-2.935073641174152,0,-98.5168631388481,0,0.0,0,0.20678336213221135,0,1.7096087994708222,0,-8.529748390177438,0
TX002200,AC00224,train,-0.05245023146741934,0,-0.21890863966135643,0,-0.7379938038125546,0,57.378966945316606,1,0.0,0,0.4740965605341024,1,2.0659910981210183,0,-11.334581969564407,0
TX002201,AC00219,train,-0.0855925914534692,0,-0.20781800681258966,0,-3.6287932399689735,0,-100.3171238308467,0,4.2146848510894035e-08,0,0.2265633670572561,0,2.046811407173681,0,-8.3828514541934,0
TX002202,AC00385,train,0.002964711277936516,1,-0.07898823464482874,0,0.19832955209628356,1,3.5382385136212378,1,2.535016845812109,0,0.5375182434964727,1,2.942469753690792,0,3.1474614735343196,0
TX002203,AC00133,val,-0.07557122367242886,0,-0.0991957497248459,0,-0.4804511718892357,0,-91.47175542693618,0,0.0,0,0.32086994572197125,0,2.7791188286896578,0,-5.0723574196056616,0
TX002204,AC00056,train,-0.09493069860003184,0,-0.21235057732232954,0,-2.9641546764079267,0,-97.91713267080586,0,0.0,0,0.2604112552462173,0,2.0863743905855094,0,-12.56565315910229,0
TX002205,AC00358,train,-0.08493298395241267,0,-0.15641635995616343,0,-1.052935829388697,0,-93.8839263614878,0,5.960464477539063e-08,0,0.2895537984085251,0,2.4115757481386915,0,-5.9155355951119875,0
TX002206,AC00419,train,-0.10067512381235405,0,-0.24405142573636773,0,-2.623385027645454,0,-98.33628538799354,0,0.0,0,0.06569665983589132,0,1.7610238835948824,0,-8.383455349522087,0
TX002207,AC00464,train,-0.0923646918197576,0,-0.21923863523438047,0,-2.177282529856421,0,-98.79030100501194,0,0.0,0,0.06856345838969774,0,2.1491545719686993,0,-7.655013775061697,0
TX002208,AC00430,train,-0.0724605625374326,0,-0.17882243653403807,0,-2.744073500726869,0,-91.08292231355999,0,0.0,0,0.2062334635831046,0,2.0780034060367494,0,-6.401408442848022,0
TX002209,AC00071,train,-0.0785379458720904,0,-0.17123468986320334,0,-1.8247054709571051,0,-94.13813359045976,0,0.0,0,0.2519093953803346,0,2.6578762046607984,0,-0.20705626691554752,0
TX002210,AC00404,train,-0.08100302514758745,0,-0.2094678050151897,0,-2.888175788497745,0,-98.53406086182183,0,0.0,0,0.25952800480705884,0,1.9073320188839682,0,-14.459416785936135,0
TX002211,AC00349,val,-0.05176447436722159,0,-0.13398216860705947,0,-0.906693218433424,0,-87.91163449536579,0,0.0,0,0.3507660445485378,0,2.3345121262119783,0,-4.7219927882044965,0
TX002212,AC00235,train,-0.04537923851918407,0,0.023174865956619994,1,-0.03666411894498811,0,-83.82512435258843,0,0.0,0,0.48513766262681474,1,3.0688359897183286,0,1.2249308040119191,0
TX002213,AC00228,train,-0.0665048401758398,0,-0.16517297312404833,0,-2.0956351860140403,0,-89.33830524021991,0,4.2146848510894035e-08,0,0.3114636590555815,0,2.198574356101153,0,-6.573011603262015,0
TX002214,AC00024,train,-0.10181914656718005,0,-0.2344101512603063,0,-4.401269661932541,0,-94.86548935413049,0,0.0,0,0.13896684441306123,0,1.733508925671485,0,-7.4775767022239465,0
TX002215,AC00330,train,-0.06012375411584109,0,-0.25232073112435405,0,-3.101342477351653,0,-98.7305203434269,0,0.0,0,0.12488480920128829,0,1.5584362392750737,0,-12.401284233172742,0
TX002216,AC00290,train,-0.008174159431599382,0,-0.06279114587679957,0,-1.264969164495045,0,-71.90598929000095,0,0.0,0,0.43016857868421354,0,2.6107006918857376,0,2.620168007193219,0
TX002217,AC00042,train,-0.09762145059161009,0,-0.22820711757952927,0,-3.128208417781738,0,-97.4878795617401,0,0.0,0,0.2377595996026217,0,1.8992603644028987,0,-15.24295494439901,0
TX002218,AC00203,train,-0.03402630061581946,0,-0.1686587415579237,0,-2.0124399191981377,0,-95.04425064202154,0,0.0,0,0.29252708670983885,0,2.1084086923234127,0,-11.021164227330011,0
TX002219,AC00248,train,-0.07117999928120178,0,-0.20405939437218135,0,-1.4351151733425267,0,-70.78411433262193,0,0.0,0,0.3470187834650758,0,2.3690061895513237,0,-11.187492753653538,0
TX002220,AC00140,train,-0.14258305419771838,0,-0.257599828336024,0,-3.502222715813054,0,-101.4441389312846,0,4.2146848510894035e-08,0,0.11666456091689156,0,1.6949144672916219,0,-10.286103270166421,0
TX002221,AC00095,train,-0.06489777873748753,0,-0.13856469147335582,0,-1.9855127674674309,0,-87.47125394446695,0,0.0,0,0.3620907014766047,0,2.046784810274678,0,-4.805782108852518,0
TX002222,AC00225,train,0.002174384931269091,1,-0.10337558510834799,0,0.20021576391902585,1,289.27045154750834,1,2.534109907945163,0,0.535070261655416,1,4.749242242956046,1,-7.974592622418625,0
TX002223,AC00445,train,-0.025329127125715667,0,-0.21705634293476606,0,-1.0887573322664368,0,-33.899045637107605,0,8.429369702178807e-08,0,0.34453068707619283,0,2.766083156762806,0,-12.513263258217615,0
TX002224,AC00385,train,-0.10585327401831834,0,-0.22707029865171213,0,-4.011254342895957,0,-99.86252702358183,0,4.2146848510894035e-08,0,0.19775895813535174,0,1.672198632043527,0,-13.511572802533195,0
TX002225,AC00143,train,-0.121451661296821,0,-0.2461627373146097,0,-3.00385595856302,0,-101.1070870351978,0,0.0,0,0.0,0,1.5732936273943325,0,-8.783540033281945,0
TX002226,AC00448,train,-0.051988105653643646,0,-0.03268336796750093,0,-1.15178738585238,0,-88.51632087177444,0,0.0,0,0.4201744271335832,0,2.6542422448072767,0,-3.6854721275908338,0
TX002227,AC00273,train,-0.05547066318092958,0,-0.17382312931940636,0,-2.341388710197287,0,-86.83199908432734,0,0.0,0,0.36294877003941745,0,2.1103073569734137,0,-4.879800910444047,0
TX002228,AC00291,train,-0.022997564513136837,0,-0.18096410753296932,0,-2.6405627126036793,0,-77.15023776844349,0,0.0,0,0.28399608178316665,0,2.05463746846645,0,-4.705968141121091,0
TX002229,AC00337,val,-0.12950909913467457,0,-0.25678358248791433,0,-4.06961197678467,0,-99.27649168858817,0,0.0,0,0.05301162092900001,0,1.419439868180385,0,-9.4268911652557,0
TX002230,AC00332,train,-0.08719524533339984,0,-0.2093643511552894,0,-2.3771820374407957,0,-95.19146003464002,0,0.0,0,0.23169432048589403,0,2.187006393691564,0,-13.961601942093854,0
TX002231,AC00040,train,-0.08968419284406387,0,-0.18312258442457208,0,-1.1151758572389943,0,-92.47585574270636,0,0.0,0,0.28307438502361254,0,2.3581220987678577,0,-5.4803367940290935,0
TX002232,AC00089,train,-0.07714432535966376,0,-0.21187939403989486,0,-1.4277658830072992,0,-89.36627240034049,0,0.0,0,0.28911169671228104,0,2.1871213213162397,0,-5.039401780503645,0
TX002233,AC00231,val,-0.13542087401465408,0,-0.2753374563005202,0,-4.0712320093417835,0,-102.88491604751017,0,0.0,0,0.06945552009705007,0,1.3738788689690085,0,-10.196216602967086,0
TX002234,AC00277,train,-0.07203542478215624,0,-0.11491624953061574,0,-1.263796351729913,0,-74.11734324565847,0,0.0,0,0.41209824502926784,0,2.6729209562181873,0,2.2959596363294885,0
TX002235,AC00465,val,-0.07595873998648872,0,-0.11734692232459087,0,-1.9719181071113328,0,-92.6391325155206,0,0.0,0,0.40891761451668307,0,2.8327139500065712,0,-10.28122568840835,0
TX002236,AC00205,train,-0.07725778253485355,0,-0.23099919506151112,0,-3.8068071188590116,0,-97.4873732485165,0,4.2146848510894035e-08,0,0.19727839241334588,0,1.8160678784264264,0,-14.366817804198007,0
TX002237,AC00036,train,-0.04209833071951352,0,-0.1862621290520854,0,-2.78284367974437,0,-97.8655450969513,0,5.960464477539063e-08,0,0.2710410136602293,0,2.2698731083644854,0,-12.202342607241516,0
TX002238,AC00227,train,-0.09682314277973908,0,-0.19869570377096335,0,-1.490749326166985,0,-92.24912594479929,0,4.2146848510894035e-08,0,0.26440194177513604,0,2.1829404722398578,0,-6.571372023099665,0
TX002239,AC00251,val,-0.06641877695104598,0,-0.10876928955278209,0,-0.569677729963475,0,-84.82605600416578,0,0.0,0,0.41223805185482815,0,2.518283915994719,0,-2.771155160516593,0
TX002240,AC00298,train,-0.083618279656278,0,-0.13501800185602608,0,-1.3497294087977112,0,-97.39029719108314,0,0.0,0,0.19753824293523436,0,2.3429928793597306,0,-11.16863479838945,0
TX002241,AC00315,train,-0.10473821016518597,0,-0.23491498956824275,0,-3.9761353630603766,0,-100.25614054228888,0,0.0,0,0.20258121170570922,0,1.8978008229541194,0,-8.485511259149831,0
TX002242,AC00292,train,-0.10303057878055794,0,-0.19167966242724455,0,-0.9954761876646128,0,-96.05317041716276,0,0.0,0,0.23189356241796638,0,2.2053522781702477,0,-7.040615642614159,0
TX002243,AC00252,train,-0.02405064330863893,0,-0.06841634316506906,0,-1.025305956557582,0,-70.1188217591999,0,0.0,0,0.4286745880990068,0,2.8462108165639965,0,12.296020552935516,1
TX002244,AC00400,train,-0.02963588395030914,0,-0.1219460238892569,0,-1.4048485433545528,0,-89.88265953990239,0,0.0,0,0.41915700920560184,0,2.9447569332248857,0,-9.887996497308604,0
TX002245,AC00384,train,-0.10132816729371513,0,-0.17435368266489815,0,-0.9971623819832551,0,-92.520782304932,0,0.0,0,0.2585715216785482,0,2.1694096852095366,0,-6.534545265325151,0
TX002246,AC00329,train,-0.078642525451536,0,-0.14371245934611876,0,-3.4928774311467423,0,-82.1505111174624,0,4.2146848510894035e-08,0,0.3565673267032876,0,2.316837031120931,0,1.044939969298674,0
TX002247,AC00033,train,-0.10571488903397519,0,-0.24218150568234476,0,-3.1663268497066666,0,-99.95901018360549,0,0.0,0,0.17206262479435638,0,1.8404623664538176,0,-8.667919373698284,0
TX002248,AC00003,train,-0.11921540433690486,0,-0.22639238352613655,0,-3.4356495010779584,0,-89.97179047242196,0,0.0,0,0.20286808742409987,0,2.0353953247688206,0,-5.5859722178680205,0
TX002249,AC00429,val,-0.09574938456316734,0,-0.20443283062232176,0,-1.8686407351589063,0,-96.68487444799463,0,4.2146848510894035e-08,0,0.2272062604245697,0,2.3492213884825692,0,-7.685188634609394,0
TX002250,AC00488,train,-0.044659548725889675,0,-0.21374421844530778,0,-3.0168653285920604,0,-98.14606435040015,0,4.2146848510894035e-08,0,0.19843397423201184,0,1.8233714706972661,0,-12.388690559935275,0
TX002251,AC00325,train,-0.03826834039009985,0,-0.16998412823986642,0,-1.7620155341393113,0,-66.17730695200193,0,2.06810887309798,0,0.5210841566144601,1,2.743783429878581,0,9.388566993950512,1
TX002252,AC00359,val,-0.09698311821191491,0,-0.22510707305882538,0,-2.2536810013782587,0,-98.39030623567825,0,0.0,0,0.2298645449980399,0,1.7955281548405433,0,-15.087043650735707,0
TX002253,AC00478,val,-0.06698497109384455,0,-0.1362422438543387,0,-0.822808806533291,0,-92.32908456439473,0,0.0,0,0.3542800752980998,0,2.4525643305041593,0,-10.375283273676303,0
TX002254,AC00236,train,-0.04215227421154666,0,0.008604461293971521,1,0.02575420138161899,1,-61.6492734740044,0,2.3501062701569313,0,0.5367891880908189,1,3.4302354276830624,1,0.8695830849969244,0
TX002255,AC00085,train,-0.0552231339032947,0,-0.008880286354140177,0,0.0003647233722547938,1,-84.58797450684439,0,0.0,0,0.5026827528916039,1,3.2016775522331944,0,-10.164879344823175,0
TX002256,AC00349,train,-0.08276698558640283,0,-0.25749799424094766,0,-4.389493268662508,0,-100.8251228363947,0,0.0,0,0.03874287973245577,0,1.6093295083080135,0,-8.394513670962034,0
TX002257,AC00314,train,-0.10991482565242167,0,-0.2578483268969177,0,-3.590578191334168,0,-102.1997328337339,0,0.0,0,0.10119936497029315,0,1.5386382233916733,0,-9.625160435789311,0
TX002258,AC00056,train,-0.10741200295329828,0,-0.22697105039920085,0,-3.1280551636606004,0,-98.61275847259114,0,0.0,0,0.12657241184432694,0,2.1471426173328925,0,-8.322839094832366,0
TX002259,AC00399,val,-0.03713130739917858,0,-0.12214857478552199,0,-0.8074296020086056,0,-85.4137387513141,0,0.0,0,0.3986712525165574,0,2.5788618532282754,0,-3.1005223152193024,0
TX002260,AC00324,train,-0.04888819559474056,0,-0.0835013888270657,0,-0.5798598427349315,0,-65.93200405770108,0,0.0,0,0.37873731237191344,0,2.5486520611473233,0,-1.8593588828865675,0
TX002261,AC00095,train,-0.1036587410275367,0,-0.2136414447254913,0,-1.890701101020416,0,-95.11197232004561,0,0.0,0,0.24259195607959827,0,1.9456688600315728,0,-7.058810320896037,0
TX002262,AC00086,val,-0.03333688968118165,0,-0.004970415124229355,0,-0.8649753448341677,0,-65.54039054444249,0,3.0020591115338324,1,0.5458551635068084,1,3.2618143676693956,1,2.0714456064597173,0
TX002263,AC00279,train,-0.005747578171725554,0,-0.20373508841285215,0,2.5252727634317296e-05,1,-15.479451832435927,0,2.5789766535502476,0,0.5615839890659763,1,2.8999685690785566,0,10.940394744045651,1
TX002264,AC00431,val,-0.09217582602887764,0,-0.20690081113672565,0,-2.3050074955333963,0,-94.3785251671093,0,4.2146848510894035e-08,0,0.21974821580498904,0,1.9581334361026324,0,-7.127315380311572,0
TX002265,AC00369,train,-0.09846977746625324,0,-0.25783891224219335,0,-4.089162391871185,0,-102.67097500190839,0,0.0,0,0.12330343193950472,0,1.5297457854347887,0,-7.642703828532118,0
TX002266,AC00089,train,-0.10496213073480098,0,-0.2204812786327346,0,-3.284322611780774,0,-98.75858792448129,0,0.0,0,0.23155499148608727,0,2.0373612229250533,0,-1.1454025547279314,0
TX002267,AC00035,train,-0.04507345898299153,0,-0.16044837694902125,0,-1.1060082272914302,0,-90.19388812766762,0,0.0,0,0.3382547825753868,0,2.213405942136398,0,-8.805338937979197,0
TX002268,AC00416,train,-0.012225128755249615,0,-0.14963276392839342,0,-2.4465984587232095,0,-69.15619678371667,0,0.0,0,0.40543318868574874,0,1.8976498076200317,0,-0.02371654475678664,0
TX002269,AC00056,train,-0.05062302778298966,0,-0.22605660663871063,0,-2.7697507105457015,0,-97.69461296953601,0,0.0,0,0.2245268883994831,0,1.6919624958236392,0,-9.639999832939685,0
TX002270,AC00197,train,-0.04132468584851079,0,-0.18659090534345135,0,-1.7789846830833307,0,-97.78562139356077,0,0.0,0,0.22986870871002194,0,1.9510400923605578,0,-12.5317169953017,0
TX002271,AC00396,val,-0.11477333253457139,0,-0.2254102777899618,0,-2.1843846593989964,0,-96.94706478211027,0,0.0,0,0.19708254239420145,0,1.7786474409961064,0,-7.9811215841601895,0
TX002272,AC00295,train,0.016448490412247274,1,-0.0852909796336574,0,0.00011048280960235246,1,-24.537260097245465,0,2.4738791627712247,0,0.5276596479963526,1,3.1848276128008473,0,4.114124279054492,0
TX002273,AC00268,train,-0.012926438707735577,0,-0.23575455967503012,0,-0.36805991279109396,0,1.644921490904835,1,0.0,0,0.36917770320779564,0,2.0702012837802366,0,1.155997675341466,0
TX002274,AC00357,train,0.007004744026498311,1,0.4320473133624565,1,3.984356221703262,1,1080.1360112313541,1,8.441357488702247,1,0.6965596397145466,1,11.308481744422481,1,-0.6247296396293087,0
TX002275,AC00490,train,-0.08746013840771072,0,-0.2097696782203402,0,-1.5458511129576609,0,-96.77047291555067,0,0.0,0,0.2870667687972281,0,2.355251635528506,0,-12.760511457232727,0
TX002276,AC00367,train,-0.11559159926222612,0,-0.2477941709203767,0,-2.733728602633957,0,-96.53425504526679,0,0.0,0,0.0,0,1.5939560743920853,0,-7.967037919529512,0
TX002277,AC00093,val,-0.024861054612385636,0,-0.0864719159695071,0,-2.8106157230188886,0,-68.15063116819331,0,4.2146848510894035e-08,0,0.3824796712390653,0,2.5119466413899296,0,-2.362694511487844,0
TX002278,AC00177,train,-0.027832751329013194,0,-0.16518253314386855,0,8.836704572523502e-06,1,226.09496396640935,1,2.0893622837777492,0,0.47692588094076865,1,3.572300490728582,1,0.5568285054534038,0
TX002279,AC00118,train,-0.10560214715214777,0,-0.26451388634832806,0,-3.382347272305572,0,-99.98593796632706,0,0.0,0,0.05131100359058164,0,1.6666995167609608,0,-14.002864828532978,0
TX002280,AC00183,val,-0.09276226325667547,0,-0.17160108734902102,0,-3.72909850199325,0,-83.68325707981255,0,0.0,0,0.29967475627227425,0,2.254803524969083,0,4.131738899152843,1
TX002281,AC00137,train,-0.07790313310249664,0,-0.1705808504364914,0,-0.2438043957004732,0,-94.17829971796084,0,4.2146848510894035e-08,0,0.24431135696043854,0,2.3428049966091353,0,-6.527987827027609,0
TX002282,AC00225,val,0.0034717435529492136,1,-0.06338086820444122,0,0.21633152292809932,1,-59.12108887040134,0,3.034627470601794,1,0.5864614190825895,1,3.434098978545185,1,12.495774144417798,1
TX002283,AC00191,val,-0.0828443104671146,0,-0.12716339491324047,0,-0.06254845421798993,0,-93.0654148318516,0,0.0,0,0.33483389070145875,0,2.6171750365884834,0,-4.879374760095419,0
TX002284,AC00373,train,-0.028979021396006388,0,-0.25035307244319693,0,-0.8726748539502456,0,47.743759931828365,1,0.0,0,0.3239888627858649,0,1.797170635468316,0,-12.058122085323676,0
TX002285,AC00167,val,-0.13017038113933527,0,-0.2357628917046115,0,-2.7264791914328255,0,-97.74160238514914,0,0.0,0,0.05273256318985806,0,1.8024214137763355,0,-9.277198527918086,0
TX002286,AC00149,train,-0.11208827672986349,0,-0.2532719970481453,0,-3.390898027096708,0,-98.26144471518043,0,0.0,0,0.1789199018417125,0,1.746805781220865,0,-9.413000274884554,0
TX002287,AC00453,train,-0.09278891333929234,0,-0.24132957312188963,0,-3.3449249521028053,0,-95.69274091257809,0,0.0,0,0.18501403902446717,0,1.8519204346513027,0,-8.32764232997915,0
TX002288,AC00253,train,-0.04806134360085956,0,-0.21814342614203786,0,-2.940249961591232,0,-94.9302734802363,0,0.0,0,0.18787169528580744,0,2.1798073990632365,0,-5.787040763110825,0
TX002289,AC00149,train,-0.05355759878726435,0,-0.26718634516276873,0,-2.4487432809174914,0,-32.28148179859113,0,0.0,0,0.0,0,1.4517774930344745,0,-4.035127064196036,0
TX002290,AC00359,train,-0.14540161303072713,0,-0.2573946732947856,0,-3.5743077517420607,0,-102.35997873194488,0,0.0,0,0.05273256318985806,0,1.4460612473499834,0,-9.928451943013112,0
TX002291,AC00050,train,-0.11142373060650573,0,-0.26049120335773734,0,-4.135505915140556,0,-100.35383074759122,0,0.0,0,0.08085186102448025,0,1.6604730004986508,0,-9.745632219855034,0
TX002292,AC00054,train,-0.05791287278810364,0,-0.20073110774672376,0,-2.666741648115768,0,-96.69584899778562,0,0.0,0,0.3069371389590905,0,1.9694208449104813,0,-13.762529254287644,0
TX002293,AC00388,train,-0.004707677930757548,0,-0.09084975024767394,0,-0.6300130531294448,0,-66.0107248086139,0,0.0,0,0.4475012209393167,0,2.5798909787228643,0,3.6563130198334948,0
TX002294,AC00322,train,-0.045229497634501625,0,-0.010708050535133573,0,-9.838225840574921e-05,0,-82.5167525995776,0,5.960464477539063e-08,0,0.46115781176245924,0,3.3876201570383078,1,2.9852828500177564,0
TX002295,AC00140,train,-0.07837493457860317,0,-0.23165355229174112,0,-3.0221013487346733,0,-96.65460960631614,0,4.2146848510894035e-08,0,0.20832690652034036,0,1.9902459779595538,0,-6.940260445801734,0
TX002296,AC00138,train,-0.05795343487538818,0,0.038811969014595604,1,-1.9451382789645253,0,-90.23121495087601,0,0.0,0,0.43541247994088544,0,2.619962435903135,0,8.847869588589198,1
TX002297,AC00408,train,-0.08804043226875496,0,-0.2177229029288681,0,-2.6703210859216453,0,-98.83945749634015,0,0.0,0,0.09070527515269906,0,1.95725913073562,0,-13.879608785334094,0
TX002298,AC00219,train,-0.06567091503247663,0,-0.03843391159272791,0,-1.2493271605050351,0,-92.34292152111237,0,0.0,0,0.4078617463617018,0,2.6350200695313752,0,-12.3669178037773,0
TX002299,AC00339,val,-0.07109808186194261,0,-0.09431822596641237,0,-2.0211198492626083,0,-89.04382747613354,0,0.0,0,0.381089306255265,0,2.9217998380283614,0,-2.746615453367131,0
TX002300,AC00446,train,-0.09550389008712196,0,-0.2673092266959445,0,-3.329624360590315,0,-100.17259051237208,0,0.0,0,0.029750209570642366,0,1.5137396874633442,0,-16.296565932163432,0
TX002301,AC00038,train,-0.05839705726694411,0,-0.057579140504989246,0,-0.6006817125774688,0,-74.1979802480335,0,5.960464477539063e-08,0,0.4123950000485575,0,3.1509903407031574,0,-0.3751351716374491,0
TX002302,AC00387,train,-0.07472025220957412,0,-0.21323064380699974,0,-2.0958067780344978,0,-96.95553751699073,0,0.0,0,0.20397998481376345,0,2.088809913605877,0,-12.275027555940026,0
TX002303,AC00126,train,-0.06639598548212683,0,-0.21446129275027315,0,-3.2606287059519277,0,-93.28157657558393,0,0.0,0,0.23816618075047793,0,1.859880735978662,0,-8.072669062028638,0
TX002304,AC00155,val,-0.10128577071032574,0,-0.2505511690840583,0,-3.652824995263681,0,-93.62390510868238,0,0.0,0,0.17814709438086895,0,1.687391150839878,0,-8.149656537176341,0
TX002305,AC00494,val,0.031577811668419664,1,-0.21290747835761548,0,-1.365058760049945,0,-49.30588732602439,0,0.0,0,0.3758794479185947,0,2.5053529246612194,0,3.202393772080511,0
TX002306,AC00202,train,-0.013799673407590696,0,-0.05249008560027657,0,0.0004359259476576227,1,-78.595997592348,0,0.0,0,0.468437464028544,1,3.263386413129036,1,0.05003980593440664,0
TX002307,AC00489,train,-0.12388971356505046,0,-0.23639217203065543,0,-3.8358336651725677,0,-100.01436552922337,0,2.9802322387695312e-08,0,0.13325001746987972,0,1.9289687069487516,0,-9.41217179152322,0
TX002308,AC00378,train,-0.11570044303717014,0,-0.2408390308060866,0,-3.723017290996416,0,-101.12526190954799,0,0.0,0,0.053785438234610725,0,1.801918218937867,0,-7.253789018291355,0
TX002309,AC00255,val,-0.08797090670849655,0,-0.21375737716052212,0,-1.7519594307288342,0,-96.24198751463278,0,0.0,0,0.1832270745801373,0,1.9384642204180316,0,-6.908115592607375,0
TX002310,AC00331,train,-0.051082890327089236,0,-0.04062726215826884,0,-1.0355475900779352,0,-88.73034561525853,0,5.960464477539063e-08,0,0.46581034981858477,1,2.759237119460832,0,-10.791793043823398,0
TX002311,AC00243,train,0.036720422664765606,1,-0.24739385986071372,0,0.00043597195847766557,1,30.67699340202573,1,2.1986726767904488,0,0.5091598025542025,1,2.779187191082485,0,8.75312138714358,1
TX002312,AC00066,train,-0.07093671995334871,0,-0.19402257384545818,0,-1.1879892083231676,0,-94.33067663580658,0,0.0,0,0.2171414897506061,0,2.1962857177567128,0,-12.781740372420481,0
TX002313,AC00166,train,-0.06240064710855031,0,-0.20264432468136984,0,-1.7493204777747513,0,-95.26430820253199,0,4.2146848510894035e-08,0,0.12843846878750195,0,1.9987508809946088,0,-11.11862538001459,0
TX002314,AC00288,train,-0.00961169877075152,0,0.11000347777268749,1,-0.00034552604929061204,0,-62.316448284981604,0,2.303483421482003,0,0.5058743374046741,1,3.3011084938494815,1,3.1457235244221318,0
TX002315,AC00005,train,-0.07375351927639034,0,-0.22262719651905272,0,-2.7512747171915963,0,-99.83610037872103,0,4.2146848510894035e-08,0,0.2090910909573473,0,2.0293505321012786,0,-13.192488569442453,0
TX002316,AC00191,train,-0.07521828717999635,0,-0.1999960228054225,0,-1.3505595508174393,0,-90.06833865550269,0,0.0,0,0.23966990112343453,0,2.2751232733239086,0,-5.660600812483261,0
TX002317,AC00443,val,-0.13361871521014557,0,-0.20018850087736362,0,-3.1674763224853306,0,-94.7573912717913,0,0.0,0,0.20122745471759013,0,1.510868658793496,0,-7.739873031343448,0
TX002318,AC00096,train,-0.03353984318761638,0,-0.13783496053538524,0,-9.068359229136291e-05,0,-54.66169244054429,0,0.0,0,0.4696077882738861,1,3.1578559338114154,0,-11.228807179316412,0
TX002319,AC00225,train,-0.0748362962909182,0,-0.16373796483484648,0,-2.5100317594645487,0,-96.1251423197136,0,0.0,0,0.2966036725448599,0,2.459845131071746,0,-7.478189403985453,0
TX002320,AC00042,train,-0.07765950820817641,0,-0.21361179416571097,0,-2.5202189398648356,0,-99.14918423202127,0,0.0,0,0.1868161946878652,0,1.8650548857912996,0,-13.278487817962427,0
TX002321,AC00460,train,-0.028402406090043297,0,-0.07987168898193642,0,-1.7657850032222475,0,-84.3184984792534,0,0.0,0,0.37763846536348517,0,2.60686604118113,0,-3.694375269545885,0
TX002322,AC00378,val,-0.024289620879916818,0,-0.06857505446778367,0,-0.25174160941198487,0,-80.42391898898211,0,0.0,0,0.4148888754626852,0,2.574399324768367,0,-0.7929565264953496,0
TX002323,AC00322,train,-0.07571967314078987,0,-0.210137008726613,0,-2.1295626813542894,0,-93.3687229114151,0,5.960464477539063e-08,0,0.30924672407901843,0,2.400116983165535,0,-11.750133700490226,0
TX002324,AC00328,train,-0.10185250767868193,0,-0.22319589403213969,0,-2.5701755908593578,0,-100.11763237177038,0,0.0,0,0.20923747730049427,0,1.719371764308345,0,-14.186694118842595,0
TX002325,AC00337,train,-0.06787901470647473,0,-0.23343034555412712,0,-3.3413953113685126,0,-98.91086612266636,0,0.0,0,0.19097931690702424,0,1.6922551576123528,0,-6.490146412797522,0
TX002326,AC00003,train,-0.07526627092452082,0,-0.24475356785790137,0,-3.47516029480106,0,-98.63133925957742,0,0.0,0,0.09102271137677245,0,1.8917427610245354,0,-13.889173562349558,0
TX002327,AC00146,train,-0.01603090346418401,0,-0.06850767747449393,0,-0.38092964770542714,0,-84.47674459334266,0,0.0,0,0.406144502614403,0,2.7076347583453027,0,-2.940053742413255,0
TX002328,AC00004,train,-0.07378979597019908,0,-0.17186447060342447,0,-3.3849961010184737,0,-96.01196910345878,0,0.0,0,0.29346450947796776,0,2.2484716235296904,0,-11.191939265518474,0
TX002329,AC00386,val,-0.08080548591672276,0,-0.15290655304609335,0,-1.3485869945496392,0,-93.61652405218062,0,0.0,0,0.28341519640385787,0,2.0787951894090138,0,-10.621594166156372,0
TX002330,AC00187,train,-0.10081360470436723,0,-0.2555085468584737,0,-3.038873001499531,0,-98.49056565250721,0,0.0,0,0.1540248826346283,0,1.8669112229910028,0,-6.511822671094642,0
TX002331,AC00415,train,-0.04627481360363411,0,0.07477405740367948,1,-0.35572498174310496,0,-79.14183353994196,0,0.0,0,0.4923726396580837,1,3.1633191504149427,0,12.975422796285127,1
TX002332,AC00315,val,-0.05812412155886315,0,-0.18239701283813958,0,-2.101124439309687,0,-93.62049486501174,0,4.2146848510894035e-08,0,0.31206706293920167,0,2.3503386472539147,0,-10.770675916382103,0
TX002333,AC00297,train,-0.09953795493612116,0,-0.23354553639892583,0,-3.0821926920218603,0,-94.05452455172184,0,0.0,0,0.2000812310800321,0,1.7431985591542982,0,-7.793593778570806,0
TX002334,AC00304,val,-0.07965975631451744,0,-0.14192196941577184,0,-1.221992676500375,0,-92.48275566182352,0,0.0,0,0.3453338699775469,0,2.412286603771006,0,-5.834576787550755,0
TX002335,AC00016,train,-0.02296698693044341,0,-0.14821937169976107,0,-2.030627862145246,0,-70.24962853215479,0,0.0,0,0.34123407128549926,0,2.277358742871721,0,-1.1391393833382137,0
TX002336,AC00048,train,-0.06487330409568198,0,-0.15236638401971248,0,-1.8116409490167404,0,-92.85709407871526,0,0.0,0,0.2620563942226052,0,2.2667496617265943,0,-6.218715248882382,0
TX002337,AC00485,train,-0.021848631677838015,0,-0.08869759708459979,0,-1.0650813292607904,0,-91.29241613541309,0,0.0,0,0.3897022879922267,0,2.5545950923745147,0,-8.726615857244363,0
TX002338,AC00064,val,-0.0924294290273695,0,-0.0416343728738513,0,-0.7750687101845841,0,-90.91613267824172,0,0.0,0,0.3646072885259332,0,2.675100104067669,0,-5.3070397477141285,0
TX002339,AC00081,train,-0.03363744480892916,0,-0.12653396660944272,0,-1.4206599731314453,0,-92.3099942892782,0,0.0,0,0.3566860994238468,0,2.6937714859372854,0,-11.476835612454357,0
TX002340,AC00228,train,-0.09958294587358807,0,-0.23386579877379576,0,-3.1084281843050094,0,-101.52580819736706,0,0.0,0,0.08228450728192081,0,1.4435930432090884,0,-14.916941072419009,0
TX002341,AC00204,train,-0.051954502545451475,0,0.007509389169919833,1,-1.546281422084415,0,-86.86217742927496,0,5.960464477539063e-08,0,0.49457343544030613,1,3.24922941461711,1,-7.526639298764383,0
TX002342,AC00144,train,-0.11495883053639072,0,-0.23202485284389396,0,-3.861201825867096,0,-95.61401674175856,0,0.0,0,0.20596277778102381,0,1.8576763851923532,0,-7.555341335898692,0
TX002343,AC00420,train,-0.004288399122152953,0,-0.10018703693952813,0,-0.627019070519709,0,-62.02241151035046,0,0.0,0,0.4083920000413441,0,2.338473036940493,0,11.252181566773299,1
TX002344,AC00448,train,-0.019081944700478415,0,-0.15089304057106867,0,-1.7779586684064457,0,-89.02484842686377,0,0.0,0,0.33968060949552265,0,2.5188792954572126,0,-9.942185900055762,0
TX002345,AC00363,train,-0.044338084546012235,0,-0.13260982499763552,0,-1.3914454732666899,0,-91.17088760444214,0,0.0,0,0.3565366414782149,0,2.66992809391068,0,-9.740738816687836,0
TX002346,AC00396,train,-0.06961096812258993,0,-0.23285999621644682,0,-1.763773775992104,0,-99.1133727274722,0,0.0,0,0.1707761250385872,0,1.8540596125435957,0,-14.889075396798944,0
TX002347,AC00456,train,-0.005345904264101642,0,-0.004479877150977751,0,-0.25425694235109475,0,-49.82627392323147,0,2.67694544225668,0,0.5479039950613058,1,3.085622888468361,0,6.08599208816169,1
TX002348,AC00363,train,-0.021367824507699584,0,0.0521662981815838,1,0.17633039482100532,1,-87.00742623853952,0,0.0,0,0.42846953238197777,0,2.964477781927226,0,-6.65067599936513,0
TX002349,AC00326,train,-0.08187568348244278,0,-0.2511208025194115,0,-2.7435906172804687,0,-79.89323590502353,0,0.0,0,0.2199087322941737,0,1.6438340935119204,0,-13.2205592623699,0
TX002350,AC00500,train,-0.07032925152307068,0,-0.056613343001785,0,-0.5792081833740887,0,-80.92831661772713,0,0.0,0,0.398727345698511,0,3.2513792961886354,1,-1.5115889547649384,0
TX002351,AC00076,val,-0.09694348889360765,0,-0.2211808606122896,0,-3.025139013967567,0,-97.19782332012271,0,0.0,0,0.22723582405627032,0,1.9322950653522741,0,-14.602593908478237,0
TX002352,AC00063,train,-0.042972120742721276,0,-0.158857134159067,0,-1.5266990962789118,0,-94.42573799453896,0,0.0,0,0.28127236619451845,0,2.4472849423420295,0,-12.643757610269292,0
TX002353,AC00376,train,-0.06875786924670646,0,-0.22658939926082744,0,-2.080548435754573,0,-97.20854112079111,0,0.0,0,0.26894856644946274,0,2.265099488103086,0,-12.408763588147748,0
TX002354,AC00392,val,-0.0733327567425251,0,-0.2038139702513877,0,-2.6830802716315345,0,-97.5121504695903,0,0.0,0,0.1780790828284266,0,2.0264301639239797,0,-6.773210897646835,0
TX002355,AC00282,train,-0.010640748417870771,0,-0.12672756053239542,0,-1.463040336262229,0,-70.44923811668949,0,5.960464477539063e-08,0,0.3298366826026008,0,2.554419148193303,0,-0.4754603615518928,0
TX002356,AC00238,val,-0.05935904793194674,0,-0.15999880553386814,0,-1.4455571005290109,0,-94.40291587679098,0,0.0,0,0.263568960645327,0,2.645644179320576,0,-11.749013736191774,0
TX002357,AC00130,train,-0.13079084576654892,0,-0.22706618152588032,0,-2.2806732435459525,0,-96.93896636414443,0,4.2146848510894035e-08,0,0.2345957184561589,0,2.035730083352884,0,-8.561132482956644,0
TX002358,AC00194,train,0.009486577275982566,1,-0.18105230766278702,0,-1.2468230554123059,0,-66.37400164043746,0,2.412758104259147,0,0.5440529643024734,1,2.9774633535550676,0,9.216235360237189,1
TX002359,AC00132,val,-0.09912116543815236,0,-0.24791446571322817,0,-2.825932983454,0,-99.96387008933064,0,0.0,0,0.10212045485141219,0,1.9427937256631664,0,-8.240629999177052,0
TX002360,AC00071,train,-0.034309260415887666,0,-0.2638856035473327,0,-1.8727105255961183,0,23.34428834698987,1,0.0,0,0.35504585522862575,0,1.4027166244087141,0,-13.297117015265075,0
TX002361,AC00457,val,-0.13164621548941174,0,-0.2449511063666564,0,-3.0192540721022274,0,-100.25343917579804,0,0.0,0,0.10918207060393405,0,1.6775325291019376,0,-9.380535937132244,0
TX002362,AC00153,train,-0.10197570502381514,0,-0.18802275784301536,0,-3.543640560923973,0,-97.77552430109328,0,4.2146848510894035e-08,0,0.21439446401371398,0,2.2851768629166633,0,-4.4773892737666445,0
TX002363,AC00003,val,-0.029984491616647735,0,-0.14810865505440063,0,-2.1273920106244537,0,-85.65143136639638,0,0.0,0,0.34821161787240235,0,2.194878518179626,0,13.722337434355028,1
TX002364,AC00327,train,-0.08129485587900603,0,-0.2316792623329138,0,-3.1434921776767366,0,-97.68605989103364,0,4.2146848510894035e-08,0,0.2377595996026217,0,2.1796851804433865,0,-14.53317279136315,0
TX002365,AC00362,train,-0.028982863927955238,0,-0.08981282155974024,0,-0.893546996210925,0,-90.87918624883298,0,0.0,0,0.3855007648337819,0,2.7480958520022427,0,-3.038605539727653,0
TX002366,AC00195,train,-0.14078715949248882,0,-0.24564842029694256,0,-3.3220598260803813,0,-101.47992261535695,0,0.0,0,0.10100404513790881,0,1.8854439416453963,0,-9.54965235477702,0
TX002367,AC00010,train,-0.03767167494168666,0,-0.16249908955075498,0,-0.33196314540743277,0,13.702163470696135,1,1.1920928955078125e-07,0,0.48395416990244383,1,2.4237855967876323,0,-10.857783667320108,0
TX002368,AC00032,train,-0.07877393997799792,0,-0.1624469133377524,0,-2.4563410335403555,0,-98.03612917226701,0,0.0,0,0.27523109138170027,0,2.2253974170396327,0,-11.717478204387708,0
TX002369,AC00202,train,-0.02257811706641777,0,-0.11960758096654556,0,-1.1646630099818305,0,-86.32203512647284,0,5.960464477539063e-08,0,0.38450288777232505,0,2.7836413383606966,0,-8.674050458575808,0
TX002370,AC00262,val,-0.021444950851761235,0,-0.13881669397585306,0,-1.739308816111337,0,-82.01408906857134,0,5.960464477539063e-08,0,0.3265779327534335,0,2.486430431170286,0,3.3152058832548104,0
TX002371,AC00158,train,-0.07324408167414215,0,-0.17560488175913136,0,-1.4816567302768346,0,-96.75163193673555,0,0.0,0,0.3051491651438096,0,2.031010567134484,0,-6.805050738584746,0
TX002372,AC00465,train,-0.01073892657938147,0,-0.22278010487261612,0,-1.0682801458097497,0,-30.60824758377464,0,2.918633369983531,1,0.525233256794528,1,2.2288037267720675,0,3.09525432389634,0
TX002373,AC00260,val,-0.025482201832767504,0,-0.17704828671204642,0,-1.0183605520372891,0,-68.44998344876964,0,2.6495463719463324,0,0.526265497728184,1,2.8822315235946063,0,2.3530579580983315,0
TX002374,AC00130,train,-0.08089266353285252,0,-0.23764441314733986,0,-2.904829194935412,0,-99.34742589455084,0,0.0,0,0.06514509190074687,0,1.7344536228550482,0,-13.162004995489287,0
TX002375,AC00500,train,-0.07551304595288988,0,-0.23323007822061048,0,-3.761385869237011,0,-97.29738125717493,0,0.0,0,0.2627475731575557,0,1.6760517034304816,0,-14.205143639250595,0
TX002376,AC00384,train,-0.09052934783942418,0,-0.223274032971579,0,-2.6179504552000727,0,-97.2899827571695,0,0.0,0,0.1901696466861454,0,2.251507485543807,0,-14.706846313333536,0
TX002377,AC00027,val,-0.07534859920564396,0,-0.1720243771979011,0,-1.8831676285711199,0,-91.53546191462331,0,0.0,0,0.296237081038915,0,2.287628181599685,0,-6.812459979152659,0
TX002378,AC00176,val,-0.06503827289537212,0,-0.16643033314292044,0,-1.865539507334394,0,-88.73105764775735,0,0.0,0,0.3469509627780496,0,2.490706374417973,0,-4.994915478734465,0
TX002379,AC00150,val,-0.12538181402634413,0,-0.25711979668371765,0,-4.228881335133713,0,-103.54588867587798,0,0.0,0,0.046738135972324533,0,1.6198667512613443,0,-15.592989735912228,0
TX002380,AC00443,train,-0.08380220227433216,0,-0.17295664444099157,0,-1.7889105417235909,0,-91.01835929762372,0,0.0,0,0.29634164743992625,0,2.014863206623601,0,-4.929814083002293,0
TX002381,AC00098,train,-0.008731484819536117,0,-0.16906130810644826,0,-1.6027640635760863,0,-72.68469136211675,0,0.0,0,0.2959588714589936,0,2.5596554970173977,0,7.68594435571313,1
TX002382,AC00452,train,-0.09921572305438325,0,-0.25218501003669136,0,-3.649688747862437,0,-100.27072517681184,0,0.0,0,0.15920024473639305,0,1.9299751671375132,0,-16.218889385318104,0
TX002383,AC00119,train,0.0014231325988106613,1,0.1210815326652328,1,1.2951722711598803,1,635.9732792893715,1,5.306900055884482,1,0.564252829616973,1,8.076999164421686,1,-6.136085768294646,0
TX002384,AC00342,train,-0.0976666003726292,0,-0.22161493094787899,0,-3.0451485514544983,0,-91.22134003075455,0,0.0,0,0.2808219753389976,0,1.8893553226489188,0,-2.6734999141860882,0
TX002385,AC00190,train,-0.1018075507173849,0,-0.23950479061040886,0,-3.836791990440889,0,-100.25454936971411,0,0.0,0,0.2171500567402625,0,1.7691972414793455,0,-13.455626412458217,0
TX002386,AC00075,val,-0.09331933047547719,0,-0.18409434646728462,0,-4.179902212001154,0,-83.11640794031555,0,0.0,0,0.29707138168053937,0,2.215367356916785,0,-6.105409130768928,0
TX002387,AC00450,val,-0.08613613466285636,0,-0.24616167450278859,0,-2.7106364485868424,0,-99.26417053896485,0,0.0,0,0.12499017517708966,0,1.6443907791804755,0,-14.665417504790225,0
TX002388,AC00300,train,-0.051677798543521725,0,-0.20961924793687992,0,-3.6116667134060263,0,-95.35803911717004,0,0.0,0,0.2370363249066185,0,1.8915655447869077,0,-11.487186243907615,0
TX002389,AC00183,train,-0.013334706560931164,0,-0.21781471635261584,0,-0.5830289906065245,0,17.90461969746353,1,0.0,0,0.43036969657464746,0,2.277836981707198,0,-12.00966189234011,0
TX002390,AC00079,train,-0.08663601938123094,0,-0.23365999767623058,0,-3.1550943219275718,0,-98.61870146027458,0,0.0,0,0.14573571002397884,0,1.9067250086977678,0,-7.951855197643541,0
TX002391,AC00004,train,-0.07709581411751676,0,-0.24563421370357807,0,-3.069278050886198,0,-101.58890991100837,0,0.0,0,0.12432753970228654,0,1.697738603343434,0,-14.421467019978701,0
TX002392,AC00063,train,-0.05003935027088069,0,-0.09718245698006944,0,-0.5387352683621192,0,-87.62213475522177,0,0.0,0,0.4048653197045894,0,2.8381212007146184,0,-9.821886281049192,0
TX002393,AC00345,train,-0.10453832672400287,0,-0.2518387440123071,0,-3.295852780668551,0,-100.38633346242709,0,0.0,0,0.11971371289320626,0,1.5632438731006413,0,-7.572316770877236,0
TX002394,AC00177,train,-0.053087323724985924,0,-0.21586284437169856,0,-3.582461834069149,0,-95.78866597200518,0,0.0,0,0.178460499828648,0,2.017618130915117,0,-7.368901839289168,0
TX002395,AC00165,train,-0.07415358929125204,0,-0.21780117018985234,0,-2.3832793761673132,0,-96.93006435279784,0,0.0,0,0.1729908309711649,0,2.2225162204597666,0,-14.661278710108771,0
TX002396,AC00097,train,-0.0991937292350672,0,-0.22084377523855214,0,-2.953354163806053,0,-92.8434902814739,0,0.0,0,0.1516202895503154,0,2.127193183319793,0,-6.976897461347466,0
TX002397,AC00241,train,-0.04562238507656374,0,-0.11370318881799979,0,-0.3944721137795044,0,-88.7548200923345,0,0.0,0,0.3998572219460452,0,2.8007084126754354,0,-10.865815722771758,0
TX002398,AC00308,train,-0.09858863022002545,0,-0.1892771004697258,0,-1.6764073454207304,0,-96.55512488081028,0,4.2146848510894035e-08,0,0.25812092892990923,0,2.4091131243995125,0,-7.309746411282421,0
TX002399,AC00308,train,-0.10713513264136038,0,-0.23110471560517953,0,-2.362015863667021,0,-93.36262178799525,0,0.0,0,0.2181931086981799,0,2.155387705470457,0,-7.82795357375983,0
TX002400,AC00088,val,-0.06781439633238373,0,-0.21863163051569634,0,-2.169774431677417,0,-96.62999822134202,0,0.0,0,0.17903983122482264,0,2.0143812740713125,0,-13.070708280263757,0
TX002401,AC00370,train,-0.08272129872504541,0,-0.24262128063875643,0,-3.572250787070259,0,-98.78107672760487,0,0.0,0,0.17768780925816746,0,1.7116599902746246,0,-7.900143357974909,0
TX002402,AC00073,train,0.0018529002006957285,1,-0.08274663441866226,0,-0.9813775365057689,0,-73.06801290649068,0,0.0,0,0.36861365532701024,0,2.726970789494215,0,-0.8049258469966019,0
TX002403,AC00452,train,-0.07896521374938004,0,-0.21572768966232658,0,-2.9013232110936658,0,-99.63865262424898,0,4.2146848510894035e-08,0,0.2083134232414534,0,1.9105217185598524,0,-13.25730310124135,0
TX002404,AC00111,train,-0.01849168247692423,0,-0.18651768483095066,0,-1.333255887138992,0,-26.079590207977077,0,0.0,0,0.4447332326846115,0,2.862173611302774,0,-1.2746116044810847,0
TX002405,AC00150,val,-0.11296907377332666,0,-0.249785546224488,0,-2.849553457180158,0,-100.27906917351444,0,0.0,0,0.09867908933177108,0,1.763015583151212,0,-8.447159156568913,0
TX002406,AC00103,val,-0.1109792551478202,0,-0.18516771281624922,0,-2.1963706538066807,0,-89.58777882667513,0,0.0,0,0.2593065550506914,0,2.2342440295962747,0,-6.345179229753015,0
TX002407,AC00176,train,-0.07275039340159994,0,-0.19435197241633273,0,-2.240319081237206,0,-84.37096165634014,0,0.0,0,0.31021709597435915,0,2.147858816859139,0,-11.637830418435811,0
TX002408,AC00194,train,-0.05056414571376061,0,-0.16299980326204855,0,-2.6215672347899828,0,-92.98046363349823,0,0.0,0,0.3547662833416758,0,2.33550870188734,0,-6.887097706184625,0
TX002409,AC00225,train,-0.10226528680697966,0,-0.22879847088041672,0,-3.036360705537077,0,-99.67378606849279,0,0.0,0,0.21387510316190178,0,1.9428261789162813,0,-14.523620303311436,0
TX002410,AC00267,train,-0.06308962167004922,0,-0.22111061635196827,0,-3.3475468143139944,0,-96.69888139137565,0,0.0,0,0.20847720440218045,0,1.921760751786129,0,-13.877047004501218,0
TX002411,AC00129,train,-0.10330591950462092,0,-0.24588756823143187,0,-3.5586847463569695,0,-101.38285642176564,0,4.2146848510894035e-08,0,0.06245033367502448,0,1.7903156351631657,0,-15.08948873350033,0
TX002412,AC00362,train,-0.07924673551702122,0,-0.15230826710740875,0,-1.4768795168900644,0,-95.13121236653535,0,0.0,0,0.30579813741764966,0,2.479580498815551,0,-6.518849221289751,0
TX002413,AC00155,val,-0.1199095189508364,0,-0.1837947453576947,0,-2.2870664768937834,0,-86.6762591913039,0,0.0,0,0.25636663937039644,0,2.250225181174827,0,-3.8120367689794543,0
TX002414,AC00019,val,-0.0765299624057812,0,-0.17578644476873273,0,-1.4477470053160308,0,-97.13573992446128,0,0.0,0,0.26085128362314997,0,2.4779395733082916,0,-5.825872516608779,0
TX002415,AC00028,train,0.004476529253771733,1,-0.226260084387234,0,-0.7255539605942536,0,-24.86867934448476,0,0.0,0,0.4618012363676105,0,2.3544387394739688,0,1.5121572309726319,0
TX002416,AC00459,train,-0.09115477301224134,0,-0.22343594951246115,0,-2.9423090565066863,0,-97.87247210264917,0,0.0,0,0.23702175693113534,0,1.9242737750845622,0,-7.2472096017138155,0
TX002417,AC00069,train,-0.09691271532388118,0,-0.23928100859119805,0,-2.394559388104409,0,-99.83573742632011,0,0.0,0,0.13576113744236035,0,1.6325619086494734,0,-8.313797458000082,0
TX002418,AC00046,train,-0.05943910787236223,0,-0.11516711858256579,0,-0.9055845379794185,0,-90.83432606897443,0,0.0,0,0.3492829660278547,0,2.4046976469280565,0,-4.9234602739579545,0
TX002419,AC00067,train,-0.09257215163915616,0,-0.22458955973406636,0,-2.259904764002063,0,-96.71761678537267,0,0.0,0,0.10552078655476643,0,2.130570663580297,0,-7.013438843574898,0
TX002420,AC00257,val,-0.06988541645177598,0,-0.1454424311057052,0,-0.3104745022558255,0,-90.57848670278524,0,5.960464477539063e-08,0,0.2608096116949966,0,2.653780097922173,0,-4.655218278615705,0
TX002421,AC00215,train,-0.09658409479065083,0,-0.24648082338768962,0,-4.314285998206903,0,-100.24852685562577,0,0.0,0,0.11131174590826613,0,1.7396937270754305,0,-13.564371992355222,0
TX002422,AC00152,train,-0.04841379333645646,0,-0.21412153695018277,0,-2.1552133020805444,0,-90.69681867361354,0,0.0,0,0.28197819952229103,0,1.7393375883654456,0,-5.026403546381531,0
TX002423,AC00306,val,-0.08412358543877796,0,-0.1430726262542954,0,-1.9879233532717686,0,-95.60540007229793,0,0.0,0,0.2811954528518552,0,2.266996219768817,0,-7.040150626162249,0
TX002424,AC00340,train,-0.02743925184112883,0,-0.25163234181070615,0,-0.7640129870442873,0,-21.77170326925045,0,2.266595818384037,0,0.46794675552650045,1,2.258553721603151,0,0.3570024520561774,0
TX002425,AC00116,train,-0.01970265322723852,0,-0.1629306609963197,0,-1.4830288471893978,0,-85.72619430572594,0,0.0,0,0.33968060949552265,0,2.17151441170326,0,-8.669857676192336,0
TX002426,AC00306,train,-0.09047442567781327,0,-0.24020875390095742,0,-3.036038531033502,0,-100.54889532079159,0,0.0,0,0.14001315347977525,0,1.4954283906430712,0,-14.237890056191253,0
TX002427,AC00032,train,-0.06820069730829287,0,-0.14968260558001445,0,-1.7105334628966302,0,-93.96762839856768,0,0.0,0,0.31633466318305853,0,2.2097334012106513,0,-5.940671030598154,0
TX002428,AC00374,train,-0.11876682656080562,0,-0.28675427021865785,0,-4.835757469639941,0,-104.38302956456506,0,0.0,0,0.0,0,1.0725708393349114,0,-17.064374627898864,0
TX002429,AC00303,val,-0.025341718956439774,0,-0.14784385107324916,0,-2.55403508741236,0,-72.43728932268232,0,0.0,0,0.2958745560608752,0,2.010133167702545,0,4.77268284287762,1
TX002430,AC00464,train,-0.1306271648470521,0,-0.22236106466552807,0,-3.532873953488676,0,-98.01029791302888,0,0.0,0,0.1250511228414308,0,2.0580003721561066,0,-9.223648551343882,0
TX002431,AC00245,train,-0.05197950926718237,0,-0.12148445319512358,0,-0.9040090627856756,0,-90.9211305506003,0,0.0,0,0.36101293290477426,0,2.335109708280583,0,-3.772857317869728,0
TX002432,AC00373,train,-0.03282100085071227,0,-0.18149120193163215,0,-2.076205159851715,0,-93.58943867670166,0,0.0,0,0.3183756436229043,0,2.181603249968482,0,-9.543084124355195,0
TX002433,AC00386,train,-0.09939219105841074,0,-0.18295485824258706,0,-2.2673971303188454,0,-97.07028867134431,0,0.0,0,0.25543919257821546,0,1.9482169125972535,0,-8.341911976336828,0
TX002434,AC00078,train,-0.12949672685596708,0,-0.25726747298565744,0,-3.863734604718741,0,-100.33225443336023,0,0.0,0,0.1600970210876622,0,1.6477170636572984,0,-10.006864311344064,0
TX002435,AC00424,val,-0.08646308287736865,0,-0.16465592425472764,0,-1.050828833534208,0,-97.49461988980522,0,0.0,0,0.29582262275075233,0,2.343472340981692,0,-7.65698914037327,0
TX002436,AC00033,train,-0.08406066222981745,0,-0.1267744804178892,0,-2.6259924649816773,0,-95.46987150133981,0,0.0,0,0.28461881467700006,0,2.610213860104438,0,-9.75411263091744,0
TX002437,AC00046,train,-0.035357560198384874,0,-0.09793678875060974,0,-1.374881835057841,0,-74.57047503519182,0,0.0,0,0.3540155478480107,0,2.5979549765200027,0,0.5344748963566248,0
TX002438,AC00298,val,-0.08727898089796948,0,-0.2036890785267842,0,-3.025588649148845,0,-96.7246175971149,0,0.0,0,0.1979165642980169,0,1.862637026427106,0,-14.235641406084557,0
TX002439,AC00432,train,-0.04135926454863015,0,-0.21766041238241685,0,-2.626323672426971,0,-96.06900952640468,0,5.960464477539063e-08,0,0.3161563673469612,0,2.3900699552541607,0,-12.106055563461286,0
TX002440,AC00439,train,-0.025612122004644355,0,-0.04794227991775468,0,-1.51559606004166,0,-88.12471315709566,0,0.0,0,0.38927297134721844,0,2.494506928030054,0,-1.5557321808623668,0
TX002441,AC00407,train,-0.10747401298891601,0,-0.2197681480856113,0,-3.129547276521735,0,-98.71320088941016,0,0.0,0,0.20060867486232054,0,1.9180053157164318,0,-7.661289353144465,0
TX002442,AC00004,train,-0.06722199977863347,0,-0.21300273876839593,0,-2.231391693785249,0,-95.23950058306488,0,5.960464477539063e-08,0,0.24285714181769172,0,2.3016884355921103,0,-6.780472161672538,0
TX002443,AC00079,train,-0.09812738643366081,0,-0.24319944893557832,0,-2.846296871691794,0,-99.13525822843083,0,0.0,0,0.13751867354022623,0,1.71235131254113,0,-8.142610040602857,0
TX002444,AC00356,train,-0.10321569707567219,0,-0.21329951981760886,0,-2.7876622720848756,0,-100.42054354772642,0,0.0,0,0.1535165056397315,0,1.7727495121244883,0,-14.29116314878857,0
TX002445,AC00269,train,-0.05840406266475662,0,-0.14868523307999548,0,-1.9856311613504571,0,-94.11390140320371,0,0.0,0,0.231323798402867,0,2.2259533949350954,0,-13.544080624737699,0
TX002446,AC00439,train,-0.030521349854903623,0,-0.17806179622282414,0,-0.02962715729619081,0,-60.362025695540154,0,2.6463513736631867,0,0.5443913329457152,1,3.3011972859257335,1,1.1092963511305618,0
TX002447,AC00014,train,-0.032290247541405526,0,-0.1607485965650759,0,-0.26982013077446343,0,-25.928022363399805,0,0.0,0,0.4603105419575526,0,2.6003566130097613,0,-9.896788893848434,0
TX002448,AC00140,train,-0.10231039449032686,0,-0.2317013297773205,0,-3.3896824673370736,0,-99.33456738736567,0,0.0,0,0.18817033327537097,0,2.029147346897071,0,-15.046767032936081,0
TX002449,AC00460,val,-0.06517790477150254,0,-0.19160108721482838,0,-1.7811476222698852,0,-96.56239871894806,0,0.0,0,0.26562369595224067,0,2.3722608934773106,0,-6.263298227169875,0
TX002450,AC00494,train,-0.06052549409933894,0,-0.20146937887498528,0,-2.6589036006037867,0,-96.07894257134045,0,4.2146848510894035e-08,0,0.2551092728673898,0,2.087614367593492,0,-5.308054617953287,0
TX002451,AC00325,train,-0.09558180631963958,0,-0.23165211104034023,0,-2.2141128342537426,0,-98.62078589275508,0,0.0,0,0.1684254852823465,0,1.88814694656217,0,-8.38431956976269,0
TX002452,AC00150,train,-0.12457446863752719,0,-0.2505593472000919,0,-3.8658874909818524,0,-100.42054908761486,0,0.0,0,0.09467706538410547,0,1.804760330762216,0,-9.401921295296345,0
TX002453,AC00242,train,-0.03074482884519314,0,-0.08584232055502139,0,-2.203965280800719,0,-64.30932043847322,0,0.0,0,0.40690243812885724,0,2.7399795895697556,0,4.239502900607391,1
TX002454,AC00222,train,-0.04528935952889013,0,-0.23550770643168772,0,-0.5618026606827415,0,138.38206567174217,1,0.0,0,0.3787703172063519,0,2.400988963942664,0,-11.026044357994978,0
TX002455,AC00170,val,-0.11383988184683586,0,-0.2714784882782725,0,-4.152716986751927,0,-104.70738466053564,0,0.0,0,0.0,0,1.5605088051113591,0,-10.279009047799969,0
TX002456,AC00043,train,-0.05564103223857292,0,0.028045486087588944,1,-3.223389602505688,0,-92.78096031885963,0,4.2146848510894035e-08,0,0.38939926326842494,0,2.2657971096694434,0,-3.8224345367763872,0
TX002457,AC00487,train,-0.013873627888865592,0,-0.21110873933852647,0,-1.447878848802298,0,-73.61580770209719,0,0.0,0,0.3826248427567463,0,2.1990243949299684,0,-12.226882787054235,0
TX002458,AC00315,val,-0.07109198726393418,0,-0.014098686797681115,0,-2.3562599298476448,0,-89.956123183892,0,0.0,0,0.40165184110058033,0,2.6487854190635125,0,8.525837714909258,1
TX002459,AC00312,train,-0.012679643077053382,0,-0.03679348802818727,0,0.6576323197843736,1,-80.23239891277349,0,8.429369702178807e-08,0,0.4715402972469452,1,3.0790458918296983,0,-6.716723318701556,0
TX002460,AC00483,train,-0.09495114646779246,0,-0.2138102364363177,0,-2.471613548094365,0,-93.75334719417988,0,0.0,0,0.23059491880941482,0,1.9576555756728051,0,-12.787961118483985,0
TX002461,AC00430,train,-0.0029535077928021236,0,0.1314937384146122,1,3.5280531163195405e-05,1,-75.97290738411942,0,2.394172498733495,0,0.5329010494208865,1,3.399402305156994,1,-1.1002641265202209,0
TX002462,AC00320,train,-0.12713022347110509,0,-0.21582327388780587,0,-2.422679079347046,0,-94.56454296286623,0,0.0,0,0.17900675988546913,0,2.2072430383618116,0,-7.310001775960132,0
TX002463,AC00464,train,-0.05470523924802756,0,-0.23607241764108888,0,-3.6693193066753116,0,-98.83227226352045,0,0.0,0,0.1210584690219534,0,1.8826060494492045,0,-6.538495030843192,0
TX002464,AC00436,val,-0.0953842985307985,0,-0.2480457589641064,0,-3.4492519918546014,0,-99.71759494536064,0,0.0,0,0.020973285145110418,0,1.6080999670238914,0,-14.103229893796184,0
TX002465,AC00279,train,-0.1081887911925779,0,-0.2217137202823376,0,-3.870223812339993,0,-95.03191564035886,0,0.0,0,0.18046141727823167,0,1.9562684425460468,0,-8.138437350478023,0
TX002466,AC00436,train,-0.13412237408502653,0,-0.25606635394027033,0,-4.7287872147168715,0,-97.6126080967014,0,0.0,0,0.06375997232992223,0,1.6689290027909036,0,-9.733036364358247,0
TX002467,AC00251,train,0.04499087982404992,1,-0.05415087792037743,0,-0.3322760910769471,0,-64.74789996850504,0,0.0,0,0.4425937149123907,0,2.893044847571139,0,18.118355417173543,1
TX002468,AC00412,train,-0.043653037655633886,0,-0.18779121011035382,0,-2.5850104335870148,0,-75.97686617145575,0,0.0,0,0.3483226511607022,0,1.962834245510387,0,-11.692923084641116,0
TX002469,AC00284,train,-0.06581124739792693,0,-0.1795434249272745,0,-2.3783750553103475,0,-96.57232310968841,0,0.0,0,0.24005301121350536,0,2.170931071711534,0,-12.22970554924823,0
TX002470,AC00054,val,-0.07126101046667338,0,-0.2017570293535882,0,-1.2675180813405378,0,-88.09628509005229,0,0.0,0,0.32369964921636635,0,2.2890414335568443,0,-12.068129592746187,0
TX002471,AC00128,train,-0.08351157278959587,0,-0.25367969992132444,0,-1.6902728971899021,0,-15.41362128362671,0,1.1920928955078125e-07,0,0.0,0,1.778994168629577,0,-14.400697047770462,0
TX002472,AC00236,train,-0.11005646057233787,0,-0.24818360885784663,0,-3.1228721474127985,0,-101.39234679810988,0,0.0,0,0.1049926732384392,0,1.5121288802752322,0,-14.600556450290052,0
TX002473,AC00275,train,-0.03752555697047544,0,-0.16889451396905275,0,-1.321839075658434,0,-88.8899815893233,0,0.0,0,0.3110461039035399,0,2.36157063840188,0,-5.0924527319935455,0
TX002474,AC00122,train,-0.08502324733201383,0,-0.20715775345124876,0,-2.996626410478595,0,-89.91828929759271,0,0.0,0,0.2755369490234759,0,2.1746301789494487,0,-6.574945263694452,0
TX002475,AC00302,train,-0.05537619316351672,0,-0.15589258867107803,0,-2.8387279855886627,0,-90.10502961364881,0,0.0,0,0.3089238982141467,0,2.2557002945111697,0,-10.285651158333737,0
TX002476,AC00058,train,-0.09157135635270841,0,-0.14441872880555917,0,-1.532111542768738,0,-93.48630489521162,0,5.960464477539063e-08,0,0.3105474370933817,0,1.8590411270381433,0,-6.175115298404013,0
TX002477,AC00058,val,-0.06984697447828275,0,-0.17948548314112234,0,-1.7728683561728742,0,-94.9152734512115,0,0.0,0,0.3148731212465029,0,2.6271824615264845,0,-12.15340182993385,0
TX002478,AC00042,val,-0.08541309655926843,0,-0.21028123897097495,0,-3.4706439460170637,0,-99.0414946175211,0,0.0,0,0.2133999473014846,0,1.73301065980397,0,-11.887011651558513,0
TX002479,AC00276,train,-0.11523914943089136,0,-0.21281080076686676,0,-3.2199563628873156,0,-97.03327530061226,0,0.0,0,0.23694173180230227,0,1.7134391265676492,0,-15.69901563128641,0
TX002480,AC00275,train,-0.05709119426176479,0,-0.1962678527875803,0,-1.819476684186502,0,-97.37597713199399,0,0.0,0,0.2934108210989911,0,1.903262606584386,0,-6.929126927866475,0
TX002481,AC00070,train,-0.034012210856993574,0,-0.12864362039765043,0,-1.4073563679266412,0,-94.63218581103902,0,0.0,0,0.31733949189897587,0,2.4657914902316294,0,-10.795182565450606,0
TX002482,AC00317,train,-0.08614630114725835,0,-0.2219646893915146,0,-2.5589173794566937,0,-95.10071833311433,0,0.0,0,0.18136512069783722,0,2.2496498475755953,0,-6.93118945968939,0
TX002483,AC00347,train,-0.07792967666238143,0,-0.2136275782901229,0,-0.7308725514908652,0,-85.57962710918954,0,0.0,0,0.24674226463276505,0,2.3366534115495696,0,-11.989773567857512,0
TX002484,AC00179,train,-0.1031164551449239,0,-0.25528686923209365,0,-3.6023640833104524,0,-100.47332707723739,0,0.0,0,0.14306971565344484,0,1.8521345425112037,0,-9.647090958362474,0
TX002485,AC00172,train,-0.11442570856731638,0,-0.2675800380496497,0,-4.145914287657239,0,-101.65918538618975,0,0.0,0,0.0,0,1.6133200105002417,0,-10.02914972560993,0
TX002486,AC00051,val,-0.045382165348912706,0,-0.05074664106826887,0,-0.30430133829986783,0,-88.87702073640386,0,0.0,0,0.3898446958644953,0,3.2469949915141947,1,-8.414475896866355,0
TX002487,AC00202,train,-0.05787277390911799,0,-0.19121214593256908,0,-0.8870865360122338,0,-93.77970101288952,0,0.0,0,0.2944790929945591,0,2.548282558661299,0,-3.8678018268382433,0
TX002488,AC00125,train,-0.05926356276231576,0,-0.21443214409894762,0,-2.959033012732884,0,-93.9054132217037,0,0.0,0,0.20573870721387555,0,2.091604133442228,0,-5.442011123334617,0
TX002489,AC00311,val,-0.06772455611929551,0,-0.16301394160582672,0,-1.8084448118504115,0,-89.77235952447589,0,0.0,0,0.28653806668071763,0,2.3563227092421344,0,-10.202329844548046,0
TX002490,AC00116,train,-0.06253697272969083,0,-0.19391879915900234,0,-2.5435044869207983,0,-97.1916703667032,0,0.0,0,0.2622425700836144,0,2.0644838374917427,0,-1.1448334220170722,0
TX002491,AC00265,train,-0.0999810375888644,0,-0.20297078025465853,0,-3.0841320827886944,0,-96.15845854821902,0,0.0,0,0.23927850720892463,0,2.0186610399204143,0,-7.079204189970109,0
TX002492,AC00493,train,-0.1446966958895533,0,-0.24959925498507718,0,-4.196563199407762,0,-100.89858119099524,0,2.9802322387695312e-08,0,0.11037245681981676,0,1.5345943062604173,0,-10.341197383418177,0
TX002493,AC00057,train,-0.04437511354755519,0,0.044346439123472026,1,-1.13064243675022,0,-83.3651274462041,0,2.057632383902262,0,0.49436573362514563,1,3.2661652437956854,1,3.1070675012160494,0
TX002494,AC00279,val,-0.08861606492382768,0,-0.21090514359370394,0,-2.6414836629951717,0,-98.36520905153793,0,0.0,0,0.1907043778458302,0,1.8051808828962017,0,-6.413551258249885,0
TX002495,AC00322,train,-0.05567710787530722,0,-0.050683101853143286,0,-0.2535616232810467,0,-83.05447386356933,0,0.0,0,0.46339683375421514,0,2.7774140490252393,0,-1.3283103888025676,0
TX002496,AC00182,train,-0.10069064505762543,0,-0.23239056479202747,0,-3.7289173032911416,0,-92.64866861081953,0,0.0,0,0.18501403902446717,0,1.5314304244777566,0,-8.664184650498838,0
TX002497,AC00432,train,-0.020345635175553656,0,-0.17768278055306963,0,-1.9413452993583773,0,-92.79778514065634,0,0.0,0,0.31400285003377043,0,2.2868440804457397,0,-8.846247073212608,0
TX002498,AC00030,train,-0.0751883662814225,0,-0.08876287300038421,0,-1.1111294672301497,0,-91.58460245499703,0,0.0,0,0.41744454663392944,0,2.8366967446026274,0,-10.672420426381066,0
TX002499,AC00407,val,-0.060449815325545664,0,-0.18580994429331743,0,-2.194164261492374,0,-95.39259210601604,0,0.0,0,0.2463867169141112,0,2.128193872373287,0,-13.086511079800824,0
TX002500,AC00089,train,-0.036909125349972816,0,-0.17090207785319267,0,-0.8417314612753923,0,-88.38957421423655,0,0.0,0,0.38697136002039634,0,2.443755437250687,0,-10.884019867513569,0
TX002501,AC00375,train,-0.07689870383266251,0,0.021590036201685647,1,7.315687305364804e-05,1,-79.33196813994982,0,0.0,0,0.4506605810032484,0,3.2608946032544828,1,0.10328437134029517,0
TX002502,AC00216,train,-0.076029225721707,0,-0.23256578660846228,0,-3.383641630752039,0,-99.0566318429531,0,4.2146848510894035e-08,0,0.13491943513255847,0,1.9691959343402605,0,-7.716392457773509,0
TX002503,AC00069,train,-0.08721988597143748,0,-0.1569748693916495,0,-0.9681315912568369,0,-89.49815209053577,0,0.0,0,0.2919910381175459,0,2.05517361981035,0,-4.146643632625507,0
TX002504,AC00427,train,-0.0802014707171057,0,-0.1532067614624737,0,-1.9796581799538595,0,-95.66443262374844,0,0.0,0,0.3167086360365793,0,2.151335754433512,0,-6.561513303327324,0
TX002505,AC00047,train,-0.10500399359310669,0,-0.2349526114679099,0,-2.6871307921583947,0,-97.18910568472207,0,0.0,0,0.20402013438772473,0,2.02633635194901,0,-7.504137506425634,0
TX002506,AC00377,train,-0.10166938768074296,0,-0.1908921329959299,0,-2.2327230706952426,0,-97.82217105742826,0,4.2146848510894035e-08,0,0.24022089655411552,0,2.284577915039912,0,-5.634185053875536,0
TX002507,AC00258,val,-0.08137708928904613,0,-0.18979322607810412,0,-1.7241830103696651,0,-94.70052503657914,0,0.0,0,0.26347337721268677,0,2.168736205512142,0,-6.843831153731583,0
TX002508,AC00297,val,-0.011600609369969983,0,0.0746971574181916,1,1.277200104739192,1,-81.05614301813401,0,0.0,0,0.45439511217234224,0,3.1716689618462897,0,-0.5137765815765492,0
TX002509,AC00322,train,-0.07148589832729241,0,-0.19442580570948964,0,-1.3346126352212968,0,-5.233060681095054,0,0.0,0,0.45968732510914334,0,2.528974919710877,0,-1.1891376564011036,0
TX002510,AC00095,train,-0.09084773963439524,0,-0.2428367597062493,0,-4.071007551855662,0,-101.44218018517611,0,0.0,0,0.06199206910385826,0,1.6290591243821493,0,-14.253065077050026,0
TX002511,AC00118,train,-0.07275234471664349,0,-0.23569788520470336,0,-1.9710445348395504,0,-96.61217697371703,0,4.2146848510894035e-08,0,0.265439570383698,0,2.1188152856216935,0,-14.244492674158172,0
TX002512,AC00009,train,-0.02432921304066149,0,-0.2531746532042154,0,-1.1532478579122474,0,121.10401752849624,1,0.0,0,0.35149851410499944,0,2.257786561689809,0,-12.85212306119647,0
