TransactionID,AccountID,reconstruction_mse,reconstruction_mae,split
TX001313,AC00001,0.21854633,0.3098906,train
TX002017,AC00001,0.17327547,0.302976,train
TX002121,AC00002,0.31884366,0.44481507,train
TX000021,AC00002,0.18694368,0.31081763,train
TX001477,AC00002,0.20567217,0.34293735,train
TX000062,AC00002,0.29292718,0.40480316,train
TX001599,AC00002,0.19091845,0.3221222,train
TX001674,AC00002,0.12750569,0.2600587,train
TX001029,AC00002,0.4270828,0.42188483,train
TX002326,AC00003,0.10388869,0.22145763,train
TX001841,AC00003,0.22457305,0.378326,train
TX002363,AC00003,0.23375139,0.38804635,train
TX001904,AC00003,0.1526227,0.29050824,train
TX002248,AC00003,0.26551333,0.33151037,train
TX001851,AC00004,0.07560491,0.1842973,train
TX000707,AC00004,0.646109,0.54810065,train
TX001648,AC00004,0.1916523,0.33090404,train
TX000223,AC00004,0.15126136,0.31262502,train
TX002442,AC00004,0.22187166,0.328306,train
TX002391,AC00004,0.14766762,0.30290177,train
TX001820,AC00004,0.29441878,0.41010964,train
TX002328,AC00004,0.22075395,0.381061,train
TX000245,AC00004,0.32302287,0.4220597,train
TX002315,AC00005,0.13954529,0.2687749,train
TX000944,AC00005,0.24088164,0.37990737,train
TX001792,AC00005,0.2552816,0.3424489,val
TX000547,AC00005,0.2263617,0.36239144,train
TX000760,AC00005,0.37882945,0.43670484,train
TX000195,AC00005,0.1918533,0.36457482,train
TX001971,AC00005,0.33010894,0.41574618,val
TX002083,AC00005,0.24958366,0.3906078,train
TX001038,AC00005,0.24368012,0.39801928,train
TX000662,AC00006,0.09518772,0.23938952,train
TX000216,AC00006,0.33761397,0.39900872,train
TX001406,AC00006,0.28255358,0.41553158,train
TX001977,AC00006,0.22515842,0.34596142,train
TX000077,AC00007,0.16768269,0.3096642,train
TX000839,AC00007,0.27076846,0.37150815,train
TX000977,AC00007,0.18232289,0.3226591,train
TX001336,AC00007,0.2096755,0.34263876,train
TX001579,AC00007,0.16355833,0.28259242,train
TX002005,AC00008,0.19609118,0.278446,train
TX002512,AC00009,0.2771414,0.4175843,train
TX002048,AC00009,0.1768847,0.3029246,val
TX000868,AC00009,0.26354635,0.37823656,val
TX000840,AC00009,0.25505978,0.31812066,train
TX000279,AC00009,0.56886035,0.3801894,train
TX002367,AC00010,0.3377886,0.43243426,train
TX001737,AC00010,0.17980056,0.3088785,val
TX001760,AC00010,0.37755617,0.47642985,val
TX001168,AC00010,0.5208692,0.5525026,train
TX000096,AC00010,0.34351465,0.48011184,val
TX000180,AC00010,0.47755432,0.4942576,train
TX000202,AC00010,0.17954512,0.31617764,train
TX000694,AC00011,0.5375766,0.40971813,train
TX000735,AC00011,0.113277785,0.24604574,train
TX001015,AC00011,0.46620888,0.46297222,val
TX000098,AC00011,0.27194193,0.38126507,train
TX000045,AC00011,0.22495857,0.3555262,train
TX002023,AC00011,0.098914154,0.22721109,train
TX001560,AC00011,0.25294837,0.3650656,train
TX002047,AC00012,0.12373093,0.25007853,train
TX000513,AC00012,0.61194056,0.49713942,train
TX001153,AC00012,0.19232187,0.32569027,train
TX000728,AC00012,0.18547693,0.31227598,train
TX002152,AC00012,0.28634655,0.39220065,train
TX001510,AC00012,0.32853714,0.39590222,train
TX000576,AC00013,0.08871087,0.19486555,val
TX001291,AC00013,0.20635462,0.35819814,train
TX001010,AC00013,0.31559736,0.4345329,val
TX002156,AC00013,0.30874848,0.43593735,val
TX000107,AC00013,0.21821213,0.33798674,train
TX001980,AC00013,0.19350299,0.32601714,train
TX000780,AC00013,0.18023394,0.33960062,val
TX000578,AC00013,0.1352213,0.2750436,train
TX002447,AC00014,0.23834847,0.36532032,train
TX000375,AC00014,1.2229105,0.67208,val
TX001234,AC00014,0.81850135,0.58774143,train
TX000520,AC00014,0.44718495,0.49657714,train
TX000080,AC00014,0.24123013,0.36513856,train
TX000657,AC00014,0.3564858,0.45061734,train
TX000022,AC00014,0.22795996,0.36968535,train
TX002124,AC00014,0.28133515,0.39074656,train
TX000740,AC00014,0.23776686,0.36717746,train
TX001456,AC00015,0.2561621,0.37767178,train
TX001467,AC00015,0.25498104,0.32024154,train
TX001620,AC00015,0.178261,0.33271885,train
TX001562,AC00015,0.40697753,0.3825885,train
TX001181,AC00016,0.19814628,0.29786298,train
TX002335,AC00016,0.26754203,0.42502117,train
TX001135,AC00016,0.5016993,0.5422503,train
TX001592,AC00016,0.35209548,0.4533931,train
TX001969,AC00016,0.7419883,0.6104449,train
TX001542,AC00016,0.17578797,0.33758998,val
TX001864,AC00017,0.17450385,0.28719184,train
TX000952,AC00017,0.31425983,0.4465101,train
TX001670,AC00017,0.26947963,0.38044345,val
TX000971,AC00017,0.12980603,0.25416282,train
TX001337,AC00017,0.4116889,0.3758178,train
TX001498,AC00018,0.192365,0.34419754,train
TX001802,AC00018,0.6373423,0.49298763,val
TX000102,AC00018,0.72837114,0.6445541,train
TX002086,AC00019,0.17272347,0.31554767,train
TX001683,AC00019,0.16686127,0.29469493,train
TX002414,AC00019,0.2756002,0.40803668,train
TX000003,AC00019,0.18403654,0.33408502,train
TX001326,AC00020,0.33030152,0.42598695,train
TX001830,AC00020,0.13129191,0.27056485,train
TX000404,AC00020,0.19594657,0.3628889,train
TX002028,AC00020,0.122232854,0.26471236,val
TX000206,AC00020,0.11539995,0.2591043,train
TX001259,AC00020,0.477613,0.55403364,val
TX001715,AC00020,0.20871322,0.34120923,train
TX002170,AC00020,0.25003424,0.38239932,train
TX001139,AC00020,0.3739981,0.47621566,train
TX001821,AC00021,0.24068572,0.3681543,train
TX002112,AC00021,0.30833954,0.4284335,train
TX002126,AC00021,0.3012719,0.45580047,train
TX000382,AC00021,0.17900915,0.31965914,train
TX001998,AC00021,0.34897327,0.5021408,train
TX000459,AC00021,0.26277062,0.37385386,train
TX001776,AC00021,0.27687922,0.44009167,train
TX002149,AC00021,0.31157774,0.44711354,train
TX000078,AC00022,0.13196398,0.24207859,train
TX001771,AC00022,0.22403835,0.35894713,val
TX000584,AC00022,0.34965757,0.49659452,train
TX001053,AC00022,0.2487002,0.39668292,train
TX001358,AC00023,0.25102976,0.39191446,train
TX000670,AC00023,0.4492362,0.382306,train
TX001959,AC00023,0.1264233,0.28160235,train
TX001719,AC00023,0.2305984,0.38829345,train
TX000271,AC00023,0.1515523,0.3040445,train
TX000617,AC00023,0.19002391,0.32536772,train
TX001471,AC00024,0.24566074,0.35768044,train
TX001041,AC00024,0.09778647,0.23720202,val
TX001308,AC00024,0.23451138,0.37575284,val
TX002214,AC00024,0.22518079,0.37511337,train
TX001387,AC00024,0.19023447,0.3257271,train
TX001807,AC00025,0.24796051,0.38380632,train
TX001064,AC00025,1.0804046,0.640673,train
TX000283,AC00026,0.32748306,0.42918852,train
TX000638,AC00026,0.2373904,0.30419433,val
TX000698,AC00026,0.13479221,0.27787063,train
TX000240,AC00026,0.13613005,0.2816956,train
TX001513,AC00026,0.42008686,0.42816362,train
TX001927,AC00026,0.30878347,0.40219718,train
TX000791,AC00027,0.21998957,0.33946648,train
TX002377,AC00027,0.23037069,0.35811955,train
TX001258,AC00027,0.5743526,0.56219065,train
TX001438,AC00028,0.15171532,0.2710966,val
TX001580,AC00028,0.2867064,0.3568223,train
TX002415,AC00028,0.42827627,0.4876129,train
TX001220,AC00029,0.19138987,0.2964483,train
TX000350,AC00029,0.13863182,0.2842242,train
TX001860,AC00029,0.33543742,0.41698572,train
TX000411,AC00029,0.29241544,0.38363287,train
TX000772,AC00029,0.2737461,0.39994526,train
TX002087,AC00029,0.31709892,0.46689376,val
TX001347,AC00030,0.23435962,0.38334373,train
TX001474,AC00030,0.15754357,0.30391207,train
TX001920,AC00030,0.3717769,0.42955676,train
TX002498,AC00030,0.3032994,0.40161228,train
TX001785,AC00030,0.17526066,0.30637977,train
TX000702,AC00030,0.12525009,0.2707292,val
TX000781,AC00030,0.3171763,0.4259197,train
TX001616,AC00030,0.28150192,0.37965193,train
TX000560,AC00030,0.3034002,0.42122546,train
TX002368,AC00032,0.26584688,0.38662085,train
TX001137,AC00032,0.46630245,0.39528668,val
TX002044,AC00032,0.35357654,0.3852856,train
TX000754,AC00032,0.30086243,0.37614688,val
TX001034,AC00032,0.3302125,0.41803983,train
TX001311,AC00032,0.18313698,0.3465623,train
TX000643,AC00032,0.2161829,0.3630955,val
TX002427,AC00032,0.293933,0.4417061,train
TX001161,AC00032,0.22445382,0.35723457,val
TX000532,AC00033,0.09893219,0.23037677,train
TX002072,AC00033,0.24347211,0.37814465,train
TX002247,AC00033,0.19503191,0.33561847,val
TX000978,AC00033,0.61253023,0.5506292,val
TX002436,AC00033,0.28628045,0.4202732,train
TX000286,AC00033,0.19639847,0.34740677,train
TX000348,AC00034,0.26012138,0.39343208,train
TX001916,AC00034,0.18708882,0.32323086,train
TX002061,AC00034,0.17668703,0.3436183,train
TX000675,AC00034,0.26166293,0.37693977,train
TX000176,AC00035,0.24277762,0.29550177,train
TX000716,AC00035,0.30782026,0.43423218,train
TX001840,AC00035,0.42171943,0.5019417,val
TX002267,AC00035,0.39463288,0.4461391,train
TX000300,AC00035,0.26048777,0.3721781,train
TX000878,AC00035,0.18268633,0.32805178,train
TX000989,AC00035,0.26329494,0.3726861,train
TX001590,AC00035,0.3224335,0.42547596,train
TX001296,AC00035,0.28244603,0.39600596,val
TX000470,AC00036,0.114364594,0.23435327,train
TX001316,AC00036,0.22877467,0.34040353,val
TX002237,AC00036,0.17299491,0.33321726,train
TX001814,AC00036,0.30615988,0.4190218,train
TX000181,AC00036,0.3155121,0.43614513,val
TX000766,AC00037,0.26290864,0.32812816,train
TX002139,AC00037,0.29941753,0.43003052,train
TX002301,AC00038,0.2751399,0.40874872,train
TX002125,AC00039,0.52646345,0.46766937,train
TX000597,AC00039,0.41259214,0.39393443,train
TX000496,AC00039,0.21998575,0.38159263,train
TX000996,AC00039,0.2588878,0.39034867,train
TX000397,AC00039,0.17777169,0.33375937,train
TX000824,AC00039,0.3116041,0.43951795,val
TX000594,AC00039,0.3774195,0.46001604,train
TX002231,AC00040,0.21187946,0.33392772,val
TX000351,AC00040,0.18254173,0.3263267,val
TX001145,AC00040,0.41034326,0.44446546,val
TX000441,AC00040,0.46283025,0.5076157,train
TX001517,AC00040,0.28807184,0.44616506,train
TX002049,AC00041,0.1208689,0.23678164,train
TX001397,AC00041,0.22076006,0.3592366,train
TX000549,AC00041,0.5120915,0.571792,train
TX001066,AC00041,0.21652514,0.3316186,val
TX000026,AC00041,0.50503606,0.53636026,train
TX001638,AC00041,0.24307355,0.3950735,train
TX000253,AC00041,0.18504843,0.33119822,train
TX002320,AC00042,0.14960931,0.26478845,train
TX002217,AC00042,0.26964676,0.34833068,train
TX001480,AC00042,0.11968566,0.27605912,train
TX002478,AC00042,0.14424203,0.29245496,train
TX001376,AC00042,0.3017761,0.42815325,train
TX000524,AC00043,0.20320071,0.3450314,train
TX002456,AC00043,0.24627745,0.3583408,train
TX002117,AC00043,0.45163366,0.42941886,val
TX000727,AC00043,0.3743029,0.46644345,train
TX001172,AC00044,0.24053155,0.35729927,val
TX001073,AC00045,0.30213684,0.39862138,train
TX000736,AC00045,0.2882792,0.39373866,val
TX000752,AC00045,0.5800821,0.6071181,train
TX000904,AC00045,0.3458849,0.45317182,train
TX000546,AC00045,0.24653244,0.397816,train
TX000734,AC00046,0.17176886,0.32575724,val
TX002418,AC00046,0.8135424,0.5272395,train
TX002437,AC00046,0.18460348,0.32692266,val
TX000194,AC00047,0.44276187,0.560798,val
TX000224,AC00047,0.44594616,0.5206616,train
TX001879,AC00047,0.37002066,0.46549544,train
TX002505,AC00047,0.33261356,0.4320946,train
TX002063,AC00048,0.31494975,0.43933076,train
TX001707,AC00048,0.30169094,0.41315576,train
TX002336,AC00048,0.85456806,0.6355798,val
TX000669,AC00049,0.3999758,0.4680604,val
TX000326,AC00049,0.57625765,0.54807377,train
TX000817,AC00050,0.12029465,0.22680801,train
TX000932,AC00050,0.28134376,0.41556287,train
TX001758,AC00050,1.7797644,0.80664366,val
TX002291,AC00050,0.15425351,0.306947,val
TX001686,AC00050,0.25225484,0.40137523,train
TX001935,AC00051,0.33008122,0.44695824,val
TX000595,AC00051,0.35919666,0.36827254,train
TX001333,AC00051,0.3318198,0.4427167,train
TX002486,AC00051,0.3740783,0.44565827,train
TX001148,AC00052,0.40479735,0.4656034,train
TX000505,AC00052,0.50891787,0.47815803,val
TX001054,AC00052,0.23536095,0.375592,train
TX001241,AC00053,0.11241402,0.24905603,val
TX000072,AC00053,0.20258188,0.3074333,train
TX001236,AC00053,0.24336062,0.4000646,train
TX001743,AC00053,0.34210488,0.33792648,train
TX000129,AC00053,0.28292516,0.43458587,train
TX000807,AC00053,0.30785826,0.4556881,train
TX000406,AC00053,0.25535256,0.37946162,train
TX000659,AC00054,0.09517762,0.21273296,train
TX001548,AC00054,0.12698996,0.26014814,train
TX001813,AC00054,0.32396328,0.4339818,train
TX000478,AC00054,0.37208417,0.4330903,train
TX002292,AC00054,0.39873528,0.48058328,train
TX002080,AC00054,0.24317518,0.35926384,train
TX000859,AC00054,0.20441565,0.35538664,train
TX002470,AC00054,0.40480828,0.5091398,train
TX002103,AC00054,0.3999782,0.44561997,train
TX002137,AC00055,0.24829373,0.40323663,train
TX000054,AC00055,0.4614917,0.39607015,train
TX000276,AC00055,0.16997375,0.29996434,val
TX000229,AC00055,0.21899824,0.34488615,train
TX000339,AC00055,0.33470014,0.4119791,train
TX000647,AC00056,0.15160762,0.27590287,val
TX001417,AC00056,0.2360868,0.36844245,train
TX002258,AC00056,0.21313311,0.3462177,train
TX001611,AC00056,0.21071099,0.36051917,train
TX002204,AC00056,0.20098184,0.36064065,train
TX002269,AC00056,0.27172935,0.42506844,train
TX001564,AC00057,0.20933384,0.3471829,train
TX002493,AC00057,0.50174636,0.49932322,val
TX000028,AC00057,0.19419011,0.33259743,train
TX000592,AC00057,0.25013775,0.35845727,train
TX001106,AC00057,0.26527125,0.38561642,train
TX000640,AC00058,0.2985033,0.4439928,train
TX002106,AC00058,0.18018925,0.29250968,train
TX002477,AC00058,0.25506234,0.38978395,train
TX000876,AC00058,0.16216092,0.30290833,val
TX001603,AC00058,0.19554971,0.3193709,train
TX002476,AC00058,0.36666784,0.3934732,val
TX002075,AC00058,0.23162583,0.33719864,train
TX001431,AC00059,0.30492112,0.3850784,train
TX001828,AC00059,0.27335137,0.3626002,train
TX001577,AC00059,0.31303242,0.36514613,train
TX002193,AC00059,0.21717928,0.38493815,train
TX001186,AC00060,0.15186091,0.2612718,train
TX001485,AC00060,0.2563624,0.38013947,train
TX000033,AC00060,0.2111488,0.32168248,train
TX001299,AC00060,0.15861563,0.31592897,train
TX001115,AC00061,0.18643609,0.32409602,train
TX001447,AC00061,0.18857987,0.30327663,train
TX001110,AC00061,0.14195535,0.29692957,train
TX000775,AC00061,0.17454937,0.31972235,train
TX000923,AC00061,0.35898677,0.41324607,train
TX001926,AC00062,0.4832497,0.5092672,train
TX001003,AC00062,0.21873988,0.333258,train
TX000164,AC00062,0.12946759,0.27322006,val
TX002352,AC00063,0.14125103,0.25242707,train
TX001872,AC00063,0.37088493,0.4315725,train
TX000363,AC00063,0.4115248,0.51501673,val
TX000893,AC00063,0.34250972,0.46800655,train
TX002392,AC00063,0.25763127,0.385286,train
TX001622,AC00063,0.17619964,0.33414713,val
TX001126,AC00063,0.20950848,0.37824163,val
TX001378,AC00063,0.46447805,0.42904162,train
TX001664,AC00063,0.2549471,0.37635106,val
TX000467,AC00063,0.48200542,0.5347411,train
TX002165,AC00064,0.13185897,0.26657668,train
TX002338,AC00064,0.23036677,0.31847078,train
TX002135,AC00064,0.15075324,0.28661466,train
TX001937,AC00064,0.19767211,0.33146605,train
TX002011,AC00065,0.4185929,0.51774144,train
TX001924,AC00065,0.18223663,0.3005079,train
TX001070,AC00065,0.20842855,0.34044284,val
TX000841,AC00065,0.28180277,0.40556696,train
TX002153,AC00065,0.15885235,0.3227845,train
TX002006,AC00066,0.24786682,0.36897936,train
TX002107,AC00066,0.12700677,0.24796273,train
TX000124,AC00066,0.5679412,0.46589395,train
TX002312,AC00066,0.2355618,0.36801845,train
TX000519,AC00067,0.2089894,0.3099303,train
TX000726,AC00067,0.24031708,0.39470083,train
TX002419,AC00067,0.660619,0.6020082,train
TX001037,AC00067,0.46368536,0.5728876,train
TX000309,AC00067,0.46840692,0.49404854,train
TX001428,AC00067,0.16447546,0.31049266,train
TX001698,AC00067,0.20301855,0.36176643,train
TX000853,AC00068,0.2914506,0.4194446,train
TX001147,AC00068,0.19070789,0.31998682,train
TX001461,AC00068,0.48771423,0.5179098,train
TX000111,AC00068,0.5037462,0.6004491,train
TX002503,AC00069,0.35576293,0.42773163,val
TX000008,AC00069,0.24338134,0.32258815,train
TX002027,AC00069,0.23468676,0.35011235,train
TX001404,AC00069,0.26380143,0.37502503,val
TX000373,AC00069,0.45086595,0.4570069,val
TX002417,AC00069,0.19700314,0.3403589,train
TX002120,AC00069,0.23688851,0.4096618,train
TX002481,AC00070,0.21515739,0.29814428,train
TX001297,AC00070,0.20712337,0.34992218,train
TX001932,AC00070,0.25856173,0.394308,train
TX000004,AC00070,0.24635072,0.3769514,train
TX001255,AC00070,0.41150358,0.42900068,val
TX000219,AC00070,0.30683112,0.4350106,train
TX001004,AC00070,0.3131747,0.43126813,train
TX000443,AC00070,0.16479146,0.33836696,train
TX002360,AC00071,0.14941265,0.2885843,train
TX001865,AC00071,0.223038,0.32473227,train
TX001773,AC00071,0.30031922,0.39030126,val
TX000658,AC00071,0.2506677,0.36084163,val
TX002209,AC00071,0.29229125,0.3789538,train
TX000686,AC00071,0.55167466,0.45151618,train
TX001885,AC00071,0.53067946,0.42171803,train
TX001248,AC00071,0.44573814,0.52489936,train
TX000448,AC00072,0.18971145,0.29650065,train
TX002094,AC00072,0.18284063,0.34541664,train
TX000151,AC00072,0.21760459,0.34062934,train
TX001444,AC00072,0.27465293,0.3994237,train
TX000257,AC00073,0.2213291,0.34953782,train
TX001881,AC00073,0.22422165,0.33509207,train
TX002402,AC00073,0.26328397,0.38713136,train
TX001867,AC00073,0.15858154,0.28745502,train
TX001249,AC00073,0.19424103,0.35965875,train
TX000782,AC00074,0.10438039,0.22683436,train
TX001377,AC00074,0.12809436,0.2705592,train
TX000463,AC00074,0.34246054,0.4168042,train
TX000494,AC00075,0.20461257,0.33682606,train
TX001415,AC00075,0.255384,0.36019936,train
TX002386,AC00075,0.15037195,0.2923819,val
TX000103,AC00075,0.25431812,0.38418618,train
TX001009,AC00075,0.2241948,0.37582588,train
TX000241,AC00076,0.15399627,0.28011385,train
TX000909,AC00076,0.27588284,0.3631861,train
TX002351,AC00076,0.17772901,0.31549054,train
TX001770,AC00076,0.2249935,0.3311712,train
TX002090,AC00076,0.27092743,0.4082153,train
TX000831,AC00076,0.22312859,0.33097076,train
TX001913,AC00076,0.27128044,0.34479254,train
TX002145,AC00077,0.47509152,0.4312942,train
TX000184,AC00077,0.3587832,0.40342396,train
TX000335,AC00077,0.28276405,0.39406726,train
TX001359,AC00077,0.22085164,0.3317514,train
TX000533,AC00077,0.29170653,0.3933074,train
TX000826,AC00077,0.2020724,0.32498267,val
TX000611,AC00078,0.17607176,0.3292056,train
TX002434,AC00078,0.090910055,0.21611293,train
TX001331,AC00078,0.24462306,0.4057116,train
TX000779,AC00078,0.27298647,0.4048887,train
TX001076,AC00078,0.3387151,0.46134865,val
TX000836,AC00078,0.47731355,0.52354324,val
TX001265,AC00079,0.13417587,0.25342795,train
TX001800,AC00079,0.1693402,0.31383818,val
TX002390,AC00079,0.21441062,0.3436607,train
TX002443,AC00079,0.18070242,0.34115478,train
TX001341,AC00079,0.2095273,0.36586642,train
TX001093,AC00080,0.13393016,0.28270942,val
TX000504,AC00080,0.09296031,0.24319479,train
TX002070,AC00080,0.27319184,0.4067868,train
TX002134,AC00080,0.35204783,0.49065274,train
TX000438,AC00080,0.25004774,0.35962072,train
TX001448,AC00080,0.22924837,0.3311426,train
TX002093,AC00081,0.3530518,0.440023,val
TX001584,AC00081,0.3350313,0.44430068,train
TX002339,AC00081,0.18241704,0.32767814,val
TX002129,AC00082,0.19348745,0.28572923,train
TX000984,AC00082,0.37153742,0.41509226,train
TX002096,AC00082,0.22923866,0.39735043,train
TX001022,AC00083,0.1946229,0.33086157,train
TX001305,AC00083,0.56983465,0.54541713,train
TX001527,AC00083,0.313169,0.4224915,train
TX000899,AC00083,0.60832316,0.5870672,train
TX000810,AC00083,0.40174848,0.48106563,val
TX000557,AC00083,0.36356205,0.46113256,train
TX000614,AC00084,0.16248417,0.25591314,val
TX002181,AC00084,1.6712061,0.8805149,val
TX000015,AC00085,0.43943596,0.500701,train
TX001379,AC00085,0.16300939,0.27832192,val
TX001898,AC00085,0.2856852,0.37944123,train
TX000119,AC00085,0.18304417,0.3375814,train
TX002255,AC00085,0.75131184,0.56054103,val
TX000261,AC00085,0.15127994,0.3005788,train
TX002262,AC00086,0.36019662,0.44886175,val
TX000864,AC00086,0.25267938,0.36356506,train
TX000566,AC00086,0.7528471,0.69124717,train
TX001256,AC00086,0.32457903,0.44988322,val
TX001854,AC00086,0.3608637,0.4604684,train
TX000554,AC00086,0.26855594,0.37401116,val
TX001084,AC00086,0.21198608,0.37470847,train
TX001623,AC00087,0.14213131,0.27887496,train
TX000287,AC00087,0.21807648,0.3568766,train
TX000155,AC00087,0.19982527,0.33976716,train
TX001738,AC00087,0.3713181,0.4424413,val
TX000368,AC00087,0.13253042,0.2803708,train
TX002025,AC00087,0.2889287,0.35604244,train
TX001206,AC00087,0.24545904,0.37271386,train
TX000331,AC00087,0.18829991,0.33795944,train
TX001731,AC00087,0.46177942,0.4477009,train
TX001984,AC00088,0.2223197,0.36237228,train
TX002400,AC00088,0.19476074,0.32622886,val
TX001062,AC00089,0.094927214,0.22172235,train
TX002500,AC00089,0.2536315,0.3796676,train
TX002232,AC00089,0.2718462,0.35468334,train
TX001364,AC00089,0.4921804,0.39763418,val
TX002266,AC00089,0.16797839,0.30845112,train
TX001235,AC00090,0.11610603,0.23713134,val
TX000993,AC00090,0.9286737,0.6614183,val
TX000385,AC00090,0.1893584,0.32460395,train
TX001420,AC00090,0.21678941,0.3681646,train
TX001440,AC00090,0.24680926,0.3760943,train
TX001662,AC00090,0.22498211,0.3543078,train
TX002122,AC00090,0.26214364,0.3889603,train
TX001396,AC00090,0.20342924,0.36893424,train
TX000894,AC00090,0.23307502,0.3898276,val
TX001530,AC00091,0.189641,0.3401925,train
TX001307,AC00091,0.15862437,0.30114198,train
TX001676,AC00091,0.39260152,0.45486885,train
TX000517,AC00092,0.19837728,0.2910442,train
TX000846,AC00092,0.33962193,0.3942798,train
TX000120,AC00092,0.1661957,0.3056075,train
TX000668,AC00092,0.22844087,0.37868312,val
TX000776,AC00092,0.13375992,0.27095214,val
TX000366,AC00092,0.21006139,0.35966313,val
TX001402,AC00092,0.16202247,0.3005091,train
TX001035,AC00092,0.43876037,0.5185553,val
TX000773,AC00093,0.48585203,0.4568644,train
TX002277,AC00093,1.5754077,0.77691734,train
TX000541,AC00093,1.6057427,0.74128723,val
TX001182,AC00093,0.52330786,0.5093539,val
TX000449,AC00093,0.32475096,0.41706443,train
TX001229,AC00093,0.36319575,0.43675306,train
TX001551,AC00093,0.3532209,0.45990053,train
TX000290,AC00093,0.31314814,0.43691236,train
TX001224,AC00093,0.20448689,0.35428214,train
TX001819,AC00094,0.15252043,0.25138456,train
TX001349,AC00094,0.23617068,0.36875704,train
TX002042,AC00094,0.22454597,0.39730722,train
TX000881,AC00094,0.30481976,0.39525357,val
TX002261,AC00095,0.2793123,0.40877268,train
TX002221,AC00095,0.36775285,0.43022877,train
TX000506,AC00095,0.35551906,0.38785756,val
TX000023,AC00095,0.40298527,0.48981443,train
TX000599,AC00095,0.21257937,0.36016425,train
TX002510,AC00095,0.09651764,0.24064885,train
TX001134,AC00095,0.42032424,0.5173689,train
TX001602,AC00095,0.3351925,0.43482932,train
TX002318,AC00096,0.3541459,0.43975946,train
TX000217,AC00096,0.15978521,0.262862,train
TX002143,AC00096,0.28697544,0.37080467,train
TX002396,AC00097,0.1254382,0.24895753,val
TX001355,AC00097,0.8195655,0.5555227,val
TX001216,AC00097,0.35554442,0.44545555,val
TX002131,AC00098,0.18048312,0.3150783,train
TX002381,AC00098,0.88685375,0.52271616,train
TX000086,AC00098,0.9151619,0.74980104,train
TX001372,AC00098,1.2190616,0.6942738,train
TX000521,AC00098,0.57086486,0.49273694,train
TX001735,AC00099,0.41169763,0.5145866,train
TX002110,AC00099,0.24516009,0.36988568,train
TX000187,AC00099,0.590452,0.59608346,train
TX000192,AC00099,0.8115289,0.57805866,val
TX001949,AC00100,0.16910847,0.3058196,train
TX001048,AC00100,0.18959315,0.3095718,train
TX001151,AC00100,0.26858795,0.318652,val
TX002194,AC00101,0.20973845,0.3014749,val
TX001488,AC00101,0.2406045,0.3442582,train
TX000680,AC00101,0.2925688,0.3610665,train
TX000721,AC00102,0.38546988,0.5064837,train
TX001613,AC00102,0.24401394,0.34262607,train
TX001822,AC00102,0.32070768,0.39409894,val
TX000788,AC00102,0.14315979,0.29440203,val
TX001081,AC00102,0.1661283,0.32979637,train
TX002040,AC00103,0.2251456,0.364421,val
TX001240,AC00103,0.21755387,0.33833104,train
TX000503,AC00103,0.1856326,0.341292,val
TX002406,AC00103,0.23479436,0.36729,train
TX001796,AC00103,0.23574288,0.3633797,train
TX001407,AC00104,0.21732044,0.35917306,train
TX001117,AC00105,0.20018959,0.32642627,train
TX001598,AC00105,0.28069553,0.39992723,train
TX002159,AC00105,0.48139033,0.50135744,train
TX000175,AC00106,0.20274524,0.3363517,train
TX000319,AC00106,0.15575734,0.2885433,train
TX002024,AC00106,0.15959267,0.2785948,train
TX000091,AC00106,0.23931444,0.38153797,train
TX000844,AC00106,0.12322079,0.268526,train
TX001645,AC00106,0.1568586,0.3067526,val
TX000785,AC00107,0.28098267,0.41132736,train
TX000341,AC00107,0.5689247,0.5579611,train
TX000198,AC00107,2.0265508,0.91931856,train
TX001185,AC00107,0.68437105,0.5839874,train
TX000603,AC00107,0.42606696,0.46108904,train
TX001734,AC00108,0.5524711,0.5551504,train
TX001697,AC00108,0.3210222,0.4031933,train
TX000218,AC00108,0.26648355,0.3959806,train
TX001203,AC00108,0.17323408,0.3143124,train
TX000144,AC00108,0.18682873,0.32439134,train
TX001159,AC00108,0.21312979,0.36065984,train
TX000907,AC00109,0.13986973,0.25547338,train
TX001165,AC00109,0.31294507,0.3925667,train
TX000746,AC00110,0.23840596,0.37123543,train
TX001330,AC00110,0.1308389,0.25783876,train
TX002150,AC00110,0.49918526,0.5582396,train
TX000298,AC00110,0.36737505,0.45063084,train
TX002064,AC00110,0.47579122,0.49687776,train
TX000074,AC00110,0.3631208,0.46503466,train
TX000747,AC00110,0.20238224,0.35801846,train
TX001339,AC00110,0.21683006,0.38120744,val
TX000975,AC00111,0.09479946,0.21347983,train
TX001755,AC00111,0.448436,0.53576034,val
TX000158,AC00111,0.2792004,0.4301795,val
TX000703,AC00111,0.15890893,0.2891761,train
TX002404,AC00111,0.5608742,0.54994684,train
TX000939,AC00111,0.5017987,0.51973855,train
TX001481,AC00111,0.4206868,0.50205255,val
TX001563,AC00112,0.2630738,0.36556226,train
TX000190,AC00113,0.3363689,0.37325725,train
TX001360,AC00113,0.24928379,0.37359217,train
TX000201,AC00113,0.30622023,0.35664496,train
TX002020,AC00113,0.20870636,0.36700183,train
TX000802,AC00114,0.16149537,0.31791896,train
TX000561,AC00114,0.32425168,0.41759244,train
TX001617,AC00114,0.37491807,0.4384037,train
TX000142,AC00114,0.4748888,0.5211557,val
TX000497,AC00114,0.27836075,0.41453826,val
TX000966,AC00114,0.17613378,0.32432255,train
TX001995,AC00114,0.30088687,0.39260438,train
TX000228,AC00115,0.17112926,0.3182779,train
TX002189,AC00115,0.33000472,0.4006959,train
TX000053,AC00115,0.29506308,0.34601104,train
TX002146,AC00116,0.19010076,0.25007418,train
TX000392,AC00116,0.18938683,0.34912863,train
TX002490,AC00116,0.2606159,0.38149804,train
TX001373,AC00116,0.19391045,0.29591617,train
TX002425,AC00116,0.23051962,0.38894993,train
TX000700,AC00116,0.17531648,0.31884664,train
TX000044,AC00117,0.34125355,0.36348057,train
TX002511,AC00118,0.20503445,0.3586649,train
TX001436,AC00118,0.16697311,0.31972718,val
TX002279,AC00118,0.13551036,0.28998467,train
TX001633,AC00118,0.26692265,0.38390312,train
TX000722,AC00119,0.310502,0.40358552,val
TX002383,AC00119,0.43254727,0.5391284,train
TX001947,AC00119,0.42727754,0.4606694,val
TX001446,AC00119,0.23494121,0.34075135,val
TX000301,AC00119,0.21601418,0.30128032,train
TX000452,AC00119,0.18020213,0.3372454,train
TX001391,AC00120,0.1656215,0.30377385,val
TX001727,AC00120,0.30235627,0.37163752,train
TX000043,AC00120,0.2171704,0.31761283,train
TX001059,AC00120,0.19175756,0.3502073,train
TX002053,AC00120,0.1876394,0.34560105,train
TX001169,AC00120,0.21097231,0.3272981,val
TX001718,AC00121,0.27832687,0.27313197,train
TX000114,AC00121,0.27891126,0.38215762,train
TX001118,AC00122,0.19830535,0.34631738,train
TX001531,AC00122,0.2400459,0.36295438,train
TX000518,AC00122,0.18784972,0.3512067,train
TX001753,AC00122,0.5474864,0.49317974,train
TX002474,AC00122,0.2551439,0.36767992,val
TX000447,AC00122,0.3610731,0.42101267,train
TX001574,AC00123,0.13129346,0.25362575,train
TX001320,AC00123,0.17614895,0.34481892,val
TX000685,AC00123,0.21300277,0.33707577,val
TX001547,AC00123,0.24245803,0.35242093,train
TX000963,AC00124,0.41945964,0.29646924,train
TX000851,AC00124,0.51111156,0.49578115,train
TX001763,AC00124,0.6111296,0.5511945,train
TX001196,AC00124,0.26999778,0.41951606,train
TX000811,AC00125,0.19468023,0.31351262,train
TX002488,AC00125,0.19389024,0.3257048,train
TX001293,AC00125,0.26805332,0.40860677,train
TX001210,AC00125,0.15125318,0.29465947,train
TX001317,AC00125,0.23546802,0.33995536,train
TX000537,AC00125,0.20497502,0.35614362,val
TX002111,AC00126,0.15933353,0.30495578,train
TX000250,AC00126,0.20231973,0.3316554,train
TX002303,AC00126,0.24231507,0.38933954,train
TX001637,AC00126,0.1295183,0.28168532,train
TX001380,AC00126,0.18159717,0.3356276,train
TX001189,AC00126,0.24040438,0.38320965,train
TX000761,AC00126,0.15082969,0.27702808,train
TX000515,AC00127,0.21782489,0.36969754,train
TX001553,AC00127,0.25598332,0.36691362,train
TX001866,AC00128,0.30479062,0.3993015,train
TX000488,AC00128,0.46300918,0.45825776,train
TX002471,AC00128,0.5220071,0.530195,train
TX000402,AC00128,0.5207882,0.5285434,train
TX000001,AC00128,0.15846115,0.31066272,train
TX001757,AC00128,0.25958142,0.38451332,val
TX001282,AC00128,0.57523316,0.5241722,train
TX000924,AC00129,0.2595993,0.33596092,val
TX001655,AC00129,0.27109274,0.38427478,train
TX000818,AC00129,0.08323446,0.2218184,train
TX002411,AC00129,0.14498487,0.27803692,train
TX002357,AC00130,0.23364973,0.35893854,train
TX000620,AC00130,0.3415862,0.40132996,val
TX001858,AC00130,0.1926938,0.339748,train
TX000215,AC00130,0.18962729,0.36208722,train
TX001624,AC00130,0.26220745,0.3692877,val
TX000674,AC00130,0.1845994,0.3209453,train
TX000949,AC00130,0.3533895,0.4045863,train
TX002374,AC00130,0.16320571,0.3020148,train
TX001497,AC00130,0.2524126,0.35282186,train
TX000664,AC00131,0.3725029,0.4256294,val
TX001862,AC00131,0.25768012,0.35157967,train
TX000827,AC00131,0.23253106,0.3585083,train
TX000377,AC00131,0.14355093,0.2800339,train
TX000393,AC00131,0.12278842,0.26766127,train
TX000644,AC00131,0.11830293,0.2814306,train
TX002199,AC00131,0.15567967,0.27295357,train
TX001571,AC00131,0.48416072,0.50622386,train
TX002192,AC00131,0.6434579,0.6494413,val
TX001465,AC00132,0.12709998,0.26764426,train
TX001589,AC00132,0.1802807,0.30280927,train
TX000189,AC00132,0.52007943,0.4980953,train
TX002359,AC00132,0.21677388,0.38347253,train
TX000665,AC00133,0.42613572,0.49003252,train
TX001403,AC00133,0.21355836,0.3523834,train
TX000886,AC00133,0.23162381,0.34246823,train
TX002203,AC00133,0.2629014,0.35345298,train
TX001678,AC00133,0.72433126,0.49379966,val
TX000895,AC00133,0.32733962,0.45108488,train
TX000281,AC00133,0.21217993,0.36016357,train
TX001857,AC00134,0.17845275,0.26557603,train
TX000009,AC00135,0.09529993,0.21866378,train
TX000388,AC00135,0.57537764,0.48477498,train
TX001362,AC00136,0.12480517,0.24191315,train
TX001842,AC00136,1.3070188,0.75167215,train
TX000679,AC00136,0.24160625,0.393161,train
TX000410,AC00136,0.6726381,0.5682,train
TX001312,AC00136,0.34425297,0.40987828,train
TX001262,AC00136,0.39628062,0.4618794,train
TX000919,AC00136,0.34005567,0.4628153,train
TX001416,AC00136,0.34899932,0.47014797,train
TX001824,AC00137,0.20317675,0.30158713,val
TX002281,AC00137,0.40246516,0.4194937,train
TX000706,AC00137,0.36724013,0.42028034,val
TX002296,AC00138,0.13652368,0.24845816,train
TX001290,AC00138,0.78806794,0.5722104,train
TX002162,AC00139,0.5100993,0.35573444,train
TX000651,AC00139,0.14838085,0.32572994,train
TX001085,AC00139,0.19153087,0.36148223,val
TX002014,AC00139,0.232563,0.33819053,train
TX001522,AC00139,0.21784724,0.3415604,train
TX001575,AC00139,0.18020277,0.35250184,train
TX002173,AC00139,0.19502057,0.32694,train
TX000646,AC00139,0.3237128,0.4679792,val
TX002448,AC00140,0.1834737,0.31851962,train
TX002105,AC00140,0.23061383,0.35620728,train
TX000085,AC00140,0.1317056,0.29127353,train
TX001588,AC00140,0.58009857,0.5492625,train
TX002220,AC00140,0.15002076,0.28344056,train
TX000332,AC00140,0.2223184,0.3342946,train
TX002295,AC00140,0.21670845,0.36843684,train
TX001759,AC00141,0.12851602,0.27408975,train
TX000774,AC00141,0.17977907,0.29805452,train
TX001398,AC00141,0.2966183,0.4206416,train
TX001628,AC00141,0.40996718,0.43589166,train
TX000336,AC00141,0.13779767,0.28863412,train
TX001749,AC00142,0.26849002,0.4050963,train
TX001495,AC00142,0.44056487,0.4023531,train
TX001146,AC00143,0.14812726,0.27628243,train
TX000650,AC00143,0.18764633,0.29697418,train
TX000059,AC00143,0.14169283,0.26297393,train
TX001895,AC00143,0.15947984,0.29576835,train
TX002225,AC00143,0.16920118,0.28514373,train
TX001899,AC00144,0.18139385,0.31553325,train
TX001422,AC00144,0.15440081,0.27723065,train
TX002078,AC00144,0.15311256,0.27370715,val
TX002342,AC00144,0.20610917,0.3463871,train
TX000994,AC00144,0.31898,0.43662396,val
TX001876,AC00144,0.23922233,0.3842797,train
TX000590,AC00144,0.2111843,0.32161975,train
TX001409,AC00144,0.2012722,0.3708599,train
TX002198,AC00145,0.20452636,0.3666906,train
TX000749,AC00145,0.18634765,0.30691043,train
TX002147,AC00145,0.29720765,0.3726031,train
TX000545,AC00145,0.17180844,0.32747513,train
TX000401,AC00145,0.32196996,0.35466704,train
TX002327,AC00146,0.25150666,0.31388637,train
TX001797,AC00146,0.82540447,0.6334771,train
TX000269,AC00147,0.26488233,0.39967725,train
TX001215,AC00147,0.1568657,0.3007732,val
TX000980,AC00147,0.19174924,0.33714053,val
TX000483,AC00148,0.20403825,0.34739715,train
TX000487,AC00148,0.4211964,0.48416114,train
TX000295,AC00148,1.166145,0.7599119,train
TX002164,AC00148,0.6940928,0.60487044,train
TX000461,AC00148,0.49061647,0.5247831,train
TX000738,AC00149,0.23047066,0.38288072,val
TX002286,AC00149,0.28004926,0.37777713,train
TX000093,AC00149,0.36668986,0.46947446,train
TX000182,AC00149,0.38029277,0.4730162,train
TX000613,AC00149,0.13041402,0.28152183,train
TX002289,AC00149,0.4773676,0.433634,train
TX002379,AC00150,0.20356523,0.3451133,train
TX002405,AC00150,0.18612635,0.32699174,val
TX000585,AC00150,0.41231674,0.49954513,val
TX002452,AC00150,0.38655216,0.46594277,train
TX000011,AC00150,0.30081517,0.38181612,train
TX001094,AC00150,0.23071581,0.3662063,train
TX000608,AC00150,0.4479281,0.4804968,train
TX001910,AC00151,0.37140223,0.478956,train
TX001242,AC00151,0.30255163,0.38255364,train
TX001055,AC00151,0.1841247,0.32581773,train
TX001747,AC00151,0.20329168,0.34882662,val
TX001811,AC00152,0.19596978,0.33951393,val
TX000535,AC00152,0.3411297,0.36968684,train
TX001138,AC00152,0.14953111,0.28803086,val
TX002422,AC00152,0.7347838,0.4070755,train
TX000741,AC00153,0.24831617,0.36930817,train
TX001252,AC00153,0.25236872,0.35977325,train
TX002362,AC00153,0.15606779,0.2982313,train
TX000755,AC00153,0.6431925,0.5323043,val
TX001541,AC00153,0.29716685,0.4031637,train
TX001836,AC00153,0.16324548,0.29373336,train
TX000512,AC00153,0.22700346,0.3871229,train
TX001086,AC00154,0.1468279,0.24681796,train
TX001849,AC00154,0.13553238,0.29940048,train
TX000110,AC00154,0.27122393,0.35035375,train
TX001644,AC00154,0.1793923,0.33464137,train
TX000757,AC00154,0.4139785,0.45740426,train
TX001751,AC00155,0.201982,0.34444705,val
TX002413,AC00155,0.20206186,0.29164475,val
TX001705,AC00155,0.22177611,0.382906,train
TX001640,AC00155,0.32421967,0.3695829,train
TX002304,AC00155,0.24112716,0.3137932,train
TX002158,AC00155,0.18144622,0.31714073,val
TX001777,AC00156,0.16221334,0.30478564,train
TX000865,AC00156,0.15189417,0.28023082,train
TX000345,AC00156,0.23720531,0.395021,train
TX000759,AC00156,0.42503947,0.50562096,train
TX000179,AC00156,0.18890359,0.34668374,train
TX001649,AC00157,0.116865635,0.25215557,train
TX002155,AC00157,0.45359704,0.5058559,train
TX000940,AC00157,0.21073878,0.3128466,train
TX001410,AC00157,0.16668038,0.31828123,train
TX001099,AC00157,0.36487305,0.457571,train
TX001338,AC00158,0.19169982,0.3257463,train
TX000553,AC00158,0.29013398,0.355527,val
TX002071,AC00158,0.24238057,0.4004684,train
TX001065,AC00158,0.24813667,0.35413986,train
TX001227,AC00158,0.22003451,0.3730361,val
TX000961,AC00158,0.1596847,0.30659372,val
TX002371,AC00158,0.31652656,0.42116973,train
TX000051,AC00159,0.26633358,0.3508674,train
TX002185,AC00159,0.20891206,0.3188159,train
TX000288,AC00159,0.20620617,0.3274665,train
TX000743,AC00159,0.15815914,0.3143283,train
TX000988,AC00159,0.10399451,0.25805178,val
TX000931,AC00160,0.16806586,0.3104672,val
TX001233,AC00160,0.5702146,0.42749098,train
TX000148,AC00161,0.5525186,0.44967917,train
TX000900,AC00161,0.1474842,0.29550794,val
TX000796,AC00161,0.10033194,0.2449131,train
TX000536,AC00161,0.5081166,0.5671388,train
TX001787,AC00162,0.15786763,0.27239925,train
TX001455,AC00162,1.0529813,0.6058342,train
TX000143,AC00163,0.43006036,0.5211719,val
TX001546,AC00163,0.52724725,0.5515741,train
TX001132,AC00164,0.24956657,0.37132666,val
TX001799,AC00164,0.34221262,0.3779373,train
TX000742,AC00164,0.613062,0.5593231,val
TX002142,AC00164,0.47308245,0.52314043,train
TX000316,AC00164,0.49817953,0.52986413,train
TX001033,AC00164,0.4775775,0.49344,train
TX000763,AC00165,0.21214363,0.3429077,train
TX001945,AC00165,0.33076215,0.3292527,train
TX002395,AC00165,0.28717685,0.42550084,train
TX000360,AC00165,0.1614029,0.30029434,train
TX002032,AC00165,0.2058047,0.32395846,val
TX001614,AC00165,0.2890134,0.4135992,train
TX001654,AC00166,0.107677415,0.23226272,train
TX000491,AC00166,0.5218066,0.44817013,train
TX001394,AC00166,0.38690788,0.4778011,train
TX002313,AC00166,0.21801579,0.3467274,train
TX000800,AC00166,0.26685628,0.395778,train
TX000943,AC00166,0.1302619,0.2822563,val
TX001329,AC00167,0.18729249,0.33608702,train
TX000511,AC00167,0.6051418,0.5697341,train
TX001370,AC00167,0.2799202,0.42065537,val
TX001834,AC00167,0.38000432,0.49595588,val
TX002285,AC00167,0.14584751,0.3018667,train
TX001897,AC00168,0.20726772,0.2771507,train
TX000838,AC00169,0.34704643,0.3353882,train
TX001877,AC00169,0.40776837,0.41591147,train
TX000105,AC00170,0.15246587,0.27302113,val
TX000587,AC00170,0.23548019,0.3651225,train
TX000967,AC00170,0.18807113,0.34721044,train
TX000619,AC00170,0.12050415,0.2743645,train
TX000641,AC00170,0.27152255,0.38853115,train
TX002455,AC00170,0.18521632,0.3507963,train
TX001214,AC00170,0.58163327,0.4935096,train
TX000270,AC00171,0.14338787,0.26476657,train
TX001659,AC00171,0.6072575,0.4733951,train
TX000915,AC00171,0.15913877,0.28042477,train
TX000342,AC00171,0.22384007,0.33192265,train
TX001411,AC00171,0.2729005,0.42776477,val
TX002029,AC00172,0.23049682,0.3650948,train
TX002485,AC00172,0.21424352,0.3646417,train
TX001549,AC00172,0.4619105,0.5075931,train
TX002039,AC00172,0.42330825,0.45138136,train
TX001591,AC00172,0.5242067,0.5625629,val
TX000713,AC00173,0.19037178,0.33397067,val
TX000527,AC00173,0.1831513,0.32042098,train
TX000847,AC00173,0.28184336,0.35803476,train
TX001061,AC00173,0.23773897,0.38019836,train
TX001017,AC00174,0.20804845,0.32308078,train
TX000962,AC00174,0.59625185,0.48034373,val
TX000156,AC00174,0.191578,0.32587498,train
TX001470,AC00174,0.21703158,0.37145117,val
TX001426,AC00175,0.23175122,0.36975974,train
TX001340,AC00175,0.4758713,0.55996054,train
TX001167,AC00175,0.19288026,0.33464015,train
TX000236,AC00175,0.493145,0.48771125,val
TX001696,AC00175,0.22146569,0.36127526,train
TX000715,AC00175,0.30710897,0.44241673,train
TX001631,AC00175,0.19139466,0.30522603,train
TX000645,AC00176,0.45241174,0.50300086,train
TX002378,AC00176,0.34934238,0.3969325,train
TX001550,AC00176,0.18316157,0.3362575,val
TX002407,AC00176,0.33395293,0.46125564,train
TX000128,AC00176,0.30787817,0.43549895,val
TX001266,AC00176,0.50615263,0.5321074,train
TX000889,AC00176,0.14721084,0.30239508,train
TX000987,AC00176,0.25801602,0.3719476,train
TX002394,AC00177,0.14602599,0.27317983,train
TX002278,AC00177,0.4307166,0.51932585,train
TX000289,AC00177,0.2078538,0.3763469,train
TX000466,AC00177,0.2286293,0.33510515,val
TX000409,AC00177,0.13096969,0.27139208,val
TX000136,AC00177,0.21393065,0.34845772,val
TX000237,AC00177,0.17952967,0.32814208,train
TX000371,AC00177,0.2131227,0.37249956,train
TX002013,AC00177,0.24717982,0.37232688,train
TX000267,AC00178,0.34958,0.32983077,train
TX000100,AC00178,0.39688882,0.47488967,train
TX001496,AC00178,0.3052326,0.44830236,train
TX001194,AC00178,0.22096558,0.351562,train
TX001482,AC00178,0.18314345,0.3362431,train
TX001425,AC00179,0.4773705,0.46975765,train
TX002068,AC00179,0.59559125,0.56006944,val
TX002484,AC00179,0.48653784,0.5257062,train
TX000913,AC00179,0.2371122,0.3449288,val
TX001439,AC00179,0.9212439,0.76065576,val
TX001804,AC00179,0.6032169,0.5227042,train
TX000828,AC00180,0.4744462,0.45628068,train
TX002052,AC00181,0.32791394,0.44977397,train
TX001889,AC00181,0.18275538,0.31216446,train
TX000207,AC00181,0.31973815,0.4535997,train
TX001772,AC00181,0.17196682,0.30689016,train
TX000737,AC00181,0.3646977,0.36693436,train
TX000942,AC00182,0.14177144,0.28477678,train
TX000166,AC00182,2.088916,0.90807474,train
TX002496,AC00182,0.25126535,0.39804065,train
TX000429,AC00182,0.29491967,0.41270232,train
TX000678,AC00182,0.2410479,0.38070327,train
TX000660,AC00182,0.1689583,0.31300297,train
TX000871,AC00182,0.36135226,0.4360787,train
TX000465,AC00182,0.1575162,0.29858756,train
TX000621,AC00183,0.22301365,0.35609108,train
TX002280,AC00183,0.27624074,0.38508004,train
TX002389,AC00183,0.3152959,0.45084986,train
TX000539,AC00183,0.21772395,0.3638206,train
TX001781,AC00183,0.16742305,0.2801807,train
TX001005,AC00183,0.26423112,0.3878121,train
TX001908,AC00184,0.15129298,0.2981547,train
TX001031,AC00184,0.26108763,0.36832532,train
TX001271,AC00184,0.5432718,0.5696475,train
TX000601,AC00184,0.18753622,0.34285212,train
TX001900,AC00185,0.19334596,0.32220575,val
TX001657,AC00185,0.20607425,0.30520204,train
TX001350,AC00185,0.28168574,0.4006707,train
TX000849,AC00185,0.27976665,0.39582387,train
TX000968,AC00185,0.22347629,0.367484,train
TX001709,AC00185,0.33884728,0.39785975,train
TX002031,AC00186,0.24677727,0.3626642,train
TX002118,AC00186,0.29330066,0.408436,train
TX002330,AC00187,0.23021528,0.3678047,val
TX001314,AC00187,0.15648475,0.30597815,train
TX000954,AC00187,0.5092562,0.42167783,train
TX001966,AC00187,0.21064372,0.33449286,train
TX000334,AC00187,0.3168988,0.38944626,val
TX001817,AC00188,0.12637675,0.25347292,train
TX000383,AC00188,0.19277306,0.35178727,train
TX000823,AC00188,0.27522734,0.39543033,train
TX000575,AC00188,0.23632543,0.37134042,train
TX001987,AC00188,0.30126247,0.44191316,train
TX001728,AC00189,0.30578488,0.41565865,train
TX002182,AC00189,0.20630923,0.32543406,train
TX001104,AC00189,0.21171857,0.36804962,val
TX001970,AC00189,0.5723272,0.45793647,train
TX000293,AC00189,0.09969813,0.24287209,train
TX001006,AC00190,0.15596944,0.2793697,val
TX001972,AC00190,0.18533309,0.33562213,train
TX002385,AC00190,0.1232725,0.26512936,train
TX000758,AC00190,0.26977217,0.39867738,train
TX002108,AC00190,0.16531196,0.3180212,train
TX001058,AC00191,0.5496533,0.41565704,train
TX002283,AC00191,0.17438635,0.30360642,train
TX002316,AC00191,0.9606944,0.4747925,train
TX001047,AC00192,0.19512448,0.33093372,train
TX000580,AC00192,0.19589831,0.3427661,train
TX000362,AC00192,0.23346116,0.3592581,train
TX001893,AC00192,0.4423059,0.48953196,train
TX001464,AC00193,0.13598354,0.25945514,val
TX001723,AC00193,0.19840501,0.3107803,val
TX000323,AC00194,0.0932559,0.20852384,train
TX000263,AC00194,0.26779348,0.4199702,train
TX002358,AC00194,0.32889602,0.41732043,train
TX002408,AC00194,0.20361699,0.34817687,train
TX001024,AC00194,0.37960508,0.44532594,train
TX001975,AC00195,0.18209648,0.32426786,train
TX002366,AC00195,0.11935663,0.2886616,train
TX001634,AC00196,0.16889597,0.31874192,val
TX001941,AC00196,0.19775967,0.34187022,train
TX001207,AC00196,0.46242723,0.45055124,train
TX000428,AC00196,0.32729703,0.45198813,train
TX001096,AC00196,0.18247154,0.3384794,train
TX000789,AC00196,0.28124204,0.3830494,train
TX001837,AC00197,0.1674996,0.23619804,train
TX001712,AC00197,0.43459743,0.5215811,train
TX002270,AC00197,0.26972732,0.36706445,train
TX001721,AC00197,0.24277182,0.37399358,train
TX000225,AC00198,0.30930388,0.41631252,train
TX001484,AC00198,0.544862,0.62811124,train
TX000007,AC00199,0.17011386,0.26609838,train
TX001083,AC00200,0.25934377,0.36394525,train
TX000933,AC00200,0.36006048,0.39368325,train
TX001082,AC00200,0.36507776,0.48302007,train
TX000462,AC00200,0.25555,0.39570597,train
TX001294,AC00200,0.27915168,0.38032842,train
TX001745,AC00200,0.19832951,0.35197118,train
TX000317,AC00200,0.21063909,0.34667358,train
TX000709,AC00201,0.24917164,0.39797965,val
TX000762,AC00201,0.35420626,0.43865523,train
TX001195,AC00201,0.2263998,0.3508574,train
TX001928,AC00201,0.2725618,0.37953612,train
TX001850,AC00201,0.18911059,0.34557948,train
TX000038,AC00202,0.18856679,0.32857564,val
TX000806,AC00202,0.37152892,0.35486528,train
TX002487,AC00202,0.22890675,0.3856869,val
TX001245,AC00202,0.25308436,0.38961497,val
TX002171,AC00202,0.20031452,0.33694467,train
TX001119,AC00202,0.16792633,0.32530308,train
TX002369,AC00202,0.17099643,0.33408508,train
TX000243,AC00202,0.2085655,0.33772668,train
TX001494,AC00202,0.2700647,0.39800876,train
TX000169,AC00202,0.31904894,0.40588462,train
TX002306,AC00202,0.5909841,0.58107054,train
TX001545,AC00202,0.28716606,0.40674403,train
TX000604,AC00203,0.23152003,0.3342802,train
TX001873,AC00203,1.3244388,0.7568929,val
TX001968,AC00203,0.75198877,0.6091184,train
TX001569,AC00203,0.68963766,0.5852038,train
TX000133,AC00203,0.2467512,0.35612604,train
TX002218,AC00203,0.2959978,0.4043915,train
TX001179,AC00204,0.325519,0.42595822,train
TX001027,AC00204,0.17107773,0.26419792,train
TX001363,AC00204,0.30434602,0.41710338,train
TX001346,AC00204,0.2152222,0.3612424,train
TX002341,AC00204,0.38577622,0.41041765,train
TX002084,AC00204,0.2746795,0.40765604,train
TX001123,AC00204,0.19793399,0.34586883,train
TX002236,AC00205,0.27696204,0.4356091,val
TX000582,AC00205,0.28291166,0.34777746,train
TX001704,AC00205,0.7818095,0.6039365,train
TX002163,AC00205,0.2884229,0.42075196,train
TX001991,AC00206,0.22432539,0.3605066,train
TX001888,AC00206,0.71672803,0.5643346,train
TX001596,AC00207,0.24076219,0.36582404,val
TX001423,AC00207,0.63785416,0.4986624,train
TX000408,AC00208,0.1455629,0.27766028,train
TX000127,AC00208,0.24259534,0.4100074,train
TX000652,AC00208,0.24764284,0.38406423,train
TX000798,AC00208,0.28681526,0.39083692,train
TX001869,AC00209,0.384229,0.456711,train
TX002183,AC00209,0.4312107,0.3746727,train
TX001801,AC00209,0.23752262,0.37303266,train
TX001020,AC00209,0.17054701,0.2956391,train
TX001108,AC00209,0.1682847,0.31141436,train
TX000412,AC00210,0.28263387,0.38179877,train
TX000390,AC00210,0.34744436,0.36196277,val
TX002123,AC00210,0.16246009,0.2990028,train
TX002174,AC00210,0.14777938,0.3028009,train
TX000786,AC00211,0.25241452,0.381551,train
TX001178,AC00211,0.16949628,0.29938123,train
TX000600,AC00211,0.23102553,0.34953445,train
TX001157,AC00211,0.34677657,0.47520563,train
TX000227,AC00212,0.3190645,0.3826455,train
TX001332,AC00212,0.28622416,0.42607242,train
TX001778,AC00212,0.17223135,0.30091566,train
TX002089,AC00213,0.15446433,0.2604547,train
TX001944,AC00213,0.19613747,0.34339547,train
TX001295,AC00213,0.20924927,0.34779188,train
TX001890,AC00213,0.23163293,0.3691226,train
TX000473,AC00213,0.21486904,0.3615267,val
TX000493,AC00213,0.24381791,0.34079078,val
TX001026,AC00214,0.17045176,0.31064746,val
TX001462,AC00214,0.17994185,0.31980675,train
TX000242,AC00215,0.31796017,0.40296674,train
TX002421,AC00215,0.123540275,0.2663217,train
TX000634,AC00215,0.25742576,0.3419803,train
TX001710,AC00215,0.22355095,0.33244386,train
TX002138,AC00215,0.3703398,0.43309104,train
TX000563,AC00216,0.19935215,0.28393042,train
TX002160,AC00216,0.5236623,0.42529222,train
TX000567,AC00216,0.32528287,0.361422,train
TX002502,AC00216,0.109822266,0.24197349,train
TX000891,AC00216,0.18574437,0.32335576,val
TX000435,AC00217,0.10254269,0.22696076,train
TX000856,AC00217,1.2563514,0.721677,val
TX000071,AC00217,0.3602566,0.45313913,val
TX001906,AC00217,0.21673527,0.33192635,train
TX001459,AC00217,0.44126004,0.50273323,train
TX000958,AC00217,0.41644922,0.52093714,train
TX001533,AC00218,0.30625525,0.34233755,val
TX001450,AC00218,0.21484534,0.29958892,train
TX001483,AC00218,0.13553275,0.2714701,train
TX000689,AC00218,0.20729065,0.32585397,val
TX001458,AC00218,0.2829304,0.38371354,train
TX001018,AC00218,0.23288795,0.28527218,train
TX000469,AC00218,0.14509213,0.28258988,train
TX000717,AC00219,0.19909921,0.338724,train
TX000475,AC00219,0.26401252,0.40311623,val
TX000622,AC00219,0.19083045,0.31815365,val
TX000313,AC00219,0.3081358,0.40871823,val
TX001685,AC00219,0.16572793,0.29771644,train
TX002201,AC00219,0.17305866,0.33048248,val
TX001413,AC00219,0.43857762,0.47523537,train
TX001838,AC00219,0.36542073,0.4529991,train
TX001244,AC00219,0.41530812,0.5012445,val
TX002298,AC00219,0.3926295,0.47416192,val
TX002179,AC00220,0.13068815,0.23410845,train
TX000278,AC00220,0.30084914,0.38249665,train
TX000704,AC00220,0.21873607,0.38651666,train
TX001626,AC00220,0.5432419,0.5623862,train
TX001964,AC00220,0.27816102,0.4077141,train
TX000084,AC00220,0.22296132,0.36631078,train
TX001276,AC00221,0.10693575,0.25298598,train
TX001818,AC00222,0.37802562,0.4125008,val
TX001528,AC00222,0.41452828,0.4153558,val
TX000912,AC00222,0.22029094,0.3785255,train
TX002454,AC00222,0.24830745,0.3974757,train
TX000632,AC00223,0.26536572,0.37299824,train
TX000564,AC00223,0.94660753,0.53164864,train
TX002200,AC00224,0.38328615,0.481543,val
TX000927,AC00224,0.29828587,0.4141105,val
TX002222,AC00225,0.23303758,0.35244626,train
TX000238,AC00225,0.5228817,0.51953036,train
TX000956,AC00225,0.4761688,0.4694743,train
TX001287,AC00225,0.1548603,0.30797827,train
TX002319,AC00225,0.17966412,0.32813397,train
TX002409,AC00225,0.16181304,0.29859948,train
TX001988,AC00225,0.21835871,0.34677547,train
TX000882,AC00225,0.22745696,0.33910638,train
TX002282,AC00225,0.39230016,0.47999582,train
TX000607,AC00225,0.21517155,0.314614,val
TX000183,AC00225,0.30440482,0.3932906,train
TX000162,AC00227,0.28716713,0.3978819,train
TX002007,AC00227,0.5474737,0.43195355,train
TX002238,AC00227,0.17929421,0.30526352,train
TX000812,AC00227,0.54301924,0.43054008,train
TX001478,AC00227,0.3294463,0.43329164,train
TX001570,AC00228,0.1530591,0.29847863,val
TX002074,AC00228,0.54498786,0.44773325,val
TX002092,AC00228,0.41230306,0.49545255,val
TX001343,AC00228,0.19365598,0.35251564,train
TX002340,AC00228,0.17600387,0.32315224,val
TX001861,AC00228,0.2853572,0.39600065,train
TX002213,AC00228,0.22723393,0.38641632,train
TX001052,AC00228,0.22900088,0.36721748,train
TX000427,AC00229,0.1634298,0.2589419,train
TX000482,AC00229,0.13906674,0.2850712,train
TX001476,AC00229,0.23806398,0.37700248,val
TX000405,AC00229,0.22041899,0.29324183,train
TX001230,AC00229,0.19886278,0.33003742,val
TX001682,AC00230,0.17691527,0.28629708,train
TX002038,AC00230,0.22248343,0.36315867,train
TX000926,AC00230,0.1768154,0.33834147,train
TX002043,AC00231,0.19575876,0.32570395,train
TX001270,AC00231,0.22425434,0.3108782,train
TX001938,AC00231,0.444424,0.45955512,train
TX001955,AC00231,0.17967345,0.32522607,train
TX002233,AC00231,0.16187485,0.31504595,train
TX000677,AC00232,0.24411334,0.37739065,train
TX001693,AC00232,0.2641285,0.35806304,train
TX000344,AC00232,0.21268469,0.36411953,train
TX001260,AC00232,0.17871638,0.31375632,train
TX000378,AC00232,0.15913154,0.3277221,train
TX001491,AC00233,0.2612538,0.30196586,train
TX001578,AC00233,0.21551137,0.3654819,train
TX000307,AC00233,0.22840554,0.38308367,val
TX001863,AC00233,0.28107354,0.4236107,train
TX000769,AC00233,0.4092083,0.51433665,train
TX001566,AC00233,0.36086637,0.4322084,train
TX002212,AC00235,0.33792996,0.37707844,train
TX001322,AC00235,0.13644114,0.25163326,train
TX000454,AC00235,0.19870074,0.33879924,train
TX000770,AC00235,0.33750236,0.32773185,train
TX001999,AC00235,0.14675374,0.2995371,train
TX000422,AC00235,0.27095366,0.41700912,train
TX000106,AC00235,0.17001927,0.3314088,train
TX002077,AC00236,0.261391,0.36386037,train
TX000083,AC00236,0.20090947,0.3310257,val
TX002472,AC00236,0.41961858,0.4955344,train
TX002254,AC00236,0.51304764,0.49365184,val
TX001133,AC00236,0.17614727,0.31421795,train
TX000950,AC00236,0.30969962,0.43117303,train
TX000925,AC00237,0.24819888,0.35903388,train
TX000724,AC00237,0.22593853,0.34088072,train
TX001852,AC00237,0.17835407,0.32200465,val
TX002030,AC00237,0.3532819,0.4915799,train
TX000199,AC00237,0.13805237,0.2894848,train
TX002356,AC00238,0.25843322,0.39029026,train
TX001931,AC00239,0.25234798,0.39222842,train
TX000992,AC00239,0.27943662,0.39842722,val
TX002100,AC00239,0.33160573,0.36173108,train
TX001507,AC00239,0.18557349,0.34157893,val
TX000076,AC00239,0.24099573,0.38314876,train
TX000568,AC00240,0.31059274,0.41015014,train
TX000696,AC00240,0.47793502,0.47569218,train
TX000845,AC00241,0.14837387,0.30501026,train
TX000025,AC00241,0.2097926,0.3158176,train
TX002397,AC00241,0.3939884,0.427882,train
TX001142,AC00241,0.2443463,0.36378753,train
TX001466,AC00241,0.21001577,0.32799098,val
TX001587,AC00241,0.265378,0.33770743,train
TX001666,AC00241,0.40497038,0.53393537,train
TX002136,AC00241,0.30936074,0.42073125,train
TX002045,AC00241,0.37312165,0.44713935,val
TX000019,AC00242,0.21838273,0.26767063,train
TX000684,AC00242,0.25459448,0.37465978,train
TX000066,AC00242,0.16527623,0.33113614,train
TX001582,AC00242,0.20710634,0.3603961,val
TX002453,AC00242,0.37051475,0.4821523,val
TX001383,AC00242,0.30921948,0.4016663,train
TX002127,AC00242,0.28112257,0.41697577,train
TX000612,AC00242,0.25186577,0.40496787,train
TX000152,AC00242,0.4425924,0.4795635,train
TX002311,AC00243,0.50030226,0.38450354,train
TX001160,AC00243,0.12622257,0.26734844,train
TX001922,AC00243,0.14241853,0.27654895,train
TX000951,AC00243,0.15284666,0.28708225,train
TX000729,AC00244,0.21606047,0.35610217,train
TX001701,AC00244,0.21877809,0.35453528,val
TX001950,AC00244,0.2990581,0.44409242,train
TX001239,AC00244,0.42700577,0.45042077,train
TX001700,AC00244,0.10201668,0.258957,train
TX001116,AC00245,0.1203746,0.22549058,val
TX001445,AC00245,0.13369508,0.27750275,train
TX002431,AC00245,0.24097994,0.35076058,train
TX001558,AC00245,0.5460131,0.431835,train
TX001986,AC00245,0.23694225,0.35105938,train
TX002003,AC00245,0.3220921,0.38798752,val
TX001524,AC00246,0.12303627,0.2490082,train
TX001521,AC00246,0.22529379,0.3768573,train
TX001726,AC00246,0.23016958,0.35805303,val
TX001043,AC00246,0.71147925,0.53630686,train
TX001023,AC00246,0.39123502,0.4836857,train
TX000964,AC00247,0.11330684,0.21174014,train
TX001011,AC00247,0.36987513,0.45127097,train
TX000173,AC00247,0.20085691,0.3383686,train
TX001680,AC00247,0.1899847,0.35028318,train
TX000985,AC00247,0.22186047,0.33909112,val
TX001572,AC00247,0.29833648,0.43393525,train
TX001261,AC00247,0.37596378,0.44399875,train
TX000324,AC00248,0.17422491,0.2719337,val
TX001068,AC00248,0.20791551,0.35387155,train
TX002012,AC00248,0.2645266,0.41573885,train
TX002219,AC00248,0.2288075,0.35639638,val
TX001075,AC00248,0.13970195,0.29034862,train
TX002119,AC00248,0.36632976,0.41505793,val
TX001957,AC00248,0.18165112,0.33262196,train
TX000211,AC00249,0.2979371,0.39026108,train
TX001506,AC00249,0.29045048,0.36222658,train
TX001071,AC00249,0.21944888,0.36464247,train
TX001201,AC00249,0.2129087,0.3499351,train
TX000829,AC00249,0.2595077,0.4203945,train
TX001334,AC00250,0.20837402,0.34647545,train
TX001472,AC00250,0.20786561,0.30394182,train
TX002098,AC00251,0.25999206,0.41338602,train
TX002239,AC00251,1.37272,0.77933484,val
TX002467,AC00251,0.80819935,0.6717125,train
TX000391,AC00251,0.8622297,0.63852304,train
TX002015,AC00252,0.2025011,0.34987417,train
TX002243,AC00252,0.43029842,0.44938734,train
TX000731,AC00253,0.24239491,0.39605778,train
TX001882,AC00253,0.36932522,0.4317805,val
TX000874,AC00253,0.6806611,0.5987183,train
TX002288,AC00253,0.56830364,0.51815724,train
TX000249,AC00253,0.385698,0.4944871,train
TX001539,AC00253,0.4378514,0.4927177,val
TX000934,AC00254,0.20493373,0.28820226,train
TX001586,AC00254,0.41414228,0.49254936,train
TX001112,AC00254,0.191846,0.33751234,train
TX001150,AC00254,0.3593832,0.4442482,val
TX001449,AC00254,0.3885185,0.49034142,train
TX001246,AC00254,0.18979777,0.34018266,train
TX002309,AC00255,0.21022849,0.34985915,train
TX001839,AC00255,0.4155487,0.36131793,train
TX001007,AC00255,0.11375637,0.26156703,train
TX000490,AC00256,0.15823577,0.27379367,train
TX002079,AC00256,0.15059966,0.31290254,train
TX001982,AC00256,0.61603403,0.4729449,val
TX000550,AC00257,0.15082985,0.27545133,train
TX000748,AC00257,0.15203403,0.31966084,train
TX001627,AC00257,0.17105769,0.3193154,train
TX001606,AC00257,0.2981232,0.44696352,train
TX002187,AC00257,0.24133511,0.3940458,train
TX000163,AC00257,0.2185642,0.34993386,train
TX001430,AC00257,0.16102496,0.30690825,train
TX001453,AC00257,0.31737643,0.3904206,train
TX001013,AC00257,0.44469905,0.5004244,val
TX002420,AC00257,0.3516882,0.4191908,val
TX000661,AC00257,0.25519395,0.40237552,train
TX000188,AC00258,0.22916444,0.37827244,train
TX001875,AC00258,0.25978202,0.34149814,train
TX002507,AC00258,0.2274658,0.37476414,train
TX001144,AC00258,0.19997416,0.33024818,train
TX000256,AC00258,0.11395382,0.26432025,train
TX001032,AC00258,0.40054712,0.41237268,train
TX001605,AC00258,0.46179348,0.54930896,val
TX001323,AC00259,0.15882942,0.32597312,train
TX001612,AC00259,0.21855268,0.3444914,train
TX001761,AC00259,0.23000807,0.29946512,train
TX000246,AC00260,0.1385975,0.26360497,val
TX001268,AC00260,0.45362264,0.47289976,val
TX002373,AC00260,0.3156414,0.4102194,train
TX001976,AC00260,0.19869854,0.34357494,val
TX000357,AC00261,0.2009315,0.295238,train
TX001725,AC00261,0.2745705,0.3929325,train
TX002095,AC00261,0.2922795,0.43636584,train
TX001419,AC00261,0.28004953,0.4123066,train
TX001288,AC00261,0.27929944,0.3606986,train
TX001641,AC00261,0.30725837,0.41899416,train
TX002000,AC00261,0.40511248,0.48454532,train
TX001384,AC00261,0.3423938,0.4368646,train
TX002370,AC00262,0.28785947,0.43265036,train
TX000794,AC00262,0.6035343,0.5464353,train
TX000424,AC00262,0.37536427,0.44916478,val
TX001130,AC00262,0.6373777,0.54907626,train
TX000642,AC00262,0.23398918,0.34782007,train
TX001793,AC00263,0.16586162,0.2663157,val
TX000272,AC00263,0.29093254,0.38938838,val
TX001202,AC00263,0.31631166,0.3947546,train
TX000867,AC00263,0.18817583,0.29297036,train
TX002046,AC00263,0.19278723,0.33589306,train
TX000374,AC00264,0.26853007,0.34326953,train
TX001319,AC00264,0.18701877,0.33190894,train
TX000908,AC00264,0.23293081,0.35239556,val
TX000455,AC00264,0.41903132,0.40530446,val
TX000329,AC00264,0.14286341,0.28661424,val
TX000014,AC00264,0.19790009,0.36372584,train
TX000530,AC00265,0.17357658,0.317301,train
TX000101,AC00265,0.36495972,0.45616627,train
TX000888,AC00265,0.51308346,0.49490568,train
TX001844,AC00265,0.275934,0.400659,train
TX001752,AC00265,0.16708097,0.31224278,val
TX000394,AC00265,0.2546488,0.38655666,train
TX000193,AC00265,0.20174195,0.3496238,train
TX000075,AC00265,0.26799557,0.41456214,train
TX002491,AC00265,0.236678,0.38433373,val
TX000510,AC00266,0.19627209,0.30693746,train
TX001278,AC00266,0.14908926,0.29599038,train
TX001443,AC00266,0.4864827,0.44368508,train
TX001463,AC00266,0.24767469,0.39038172,val
TX001374,AC00267,0.1780704,0.26729056,train
TX000425,AC00267,0.2382453,0.3850767,train
TX001769,AC00267,0.20271164,0.37426236,train
TX002060,AC00267,0.46655807,0.492127,train
TX001208,AC00267,0.23014508,0.3613537,train
TX001176,AC00267,0.30960515,0.3561927,train
TX001209,AC00267,0.19404818,0.34805512,train
TX000036,AC00267,0.26648408,0.38666165,val
TX002410,AC00267,0.23760064,0.37542439,train
TX002176,AC00267,0.2480538,0.3897472,train
TX001451,AC00268,0.20871072,0.30298242,train
TX001367,AC00268,0.17005596,0.3385099,val
TX000172,AC00268,0.1776347,0.31917474,train
TX002273,AC00268,0.72778136,0.5502414,train
TX000370,AC00269,0.2009984,0.32516596,train
TX002445,AC00269,0.18459117,0.33852807,train
TX001930,AC00269,0.27194634,0.3642932,train
TX001621,AC00270,0.4532759,0.5342322,train
TX000016,AC00270,0.29197773,0.4336586,train
TX001113,AC00271,0.11837727,0.2263039,train
TX000453,AC00271,0.18974885,0.319648,train
TX001519,AC00271,0.15015352,0.29801244,train
TX000057,AC00271,0.43799695,0.52713877,train
TX001101,AC00271,0.23170355,0.36026987,train
TX000138,AC00272,0.24581432,0.38275316,train
TX000917,AC00272,0.41621643,0.45111698,val
TX000805,AC00272,0.2736868,0.3977318,train
TX001960,AC00272,0.3203654,0.4312831,train
TX000296,AC00272,0.24767844,0.3387163,train
TX001515,AC00272,0.26456672,0.36191165,val
TX000365,AC00272,0.24671291,0.3675726,train
TX002178,AC00272,0.22608785,0.36713317,train
TX001610,AC00273,0.25315621,0.4030745,train
TX000178,AC00273,6.7077365,1.518356,val
TX000444,AC00273,2.2558868,0.86750704,val
TX002227,AC00273,0.7057181,0.5995216,train
TX002133,AC00274,0.21684574,0.35056573,train
TX001795,AC00274,0.1582204,0.29294592,train
TX000418,AC00274,0.3642186,0.44333974,val
TX000598,AC00274,0.299132,0.31653026,train
TX001805,AC00274,0.20379846,0.33438864,val
TX001292,AC00275,0.3203791,0.43692175,train
TX002473,AC00275,0.19074658,0.31746438,val
TX001437,AC00275,0.1425748,0.27589256,train
TX001223,AC00275,0.21521445,0.351684,val
TX000159,AC00275,0.18052997,0.34290814,train
TX001298,AC00275,0.13598904,0.29253986,train
TX002480,AC00275,0.24200666,0.35600427,train
TX000635,AC00275,0.2768887,0.36425096,train
TX001954,AC00275,0.28513163,0.38990802,train
TX002479,AC00276,0.24878035,0.3669954,train
TX000648,AC00276,0.2061436,0.3204563,val
TX002180,AC00276,0.2456235,0.3809256,val
TX001050,AC00276,0.14317086,0.29284433,train
TX001962,AC00276,0.12822916,0.28468305,val
TX002234,AC00277,0.27827424,0.3312097,val
TX001493,AC00277,0.24654254,0.3585415,train
TX000699,AC00277,0.3675202,0.4279338,train
TX001989,AC00278,0.2475926,0.39220607,train
TX000890,AC00278,0.2559145,0.3729219,train
TX000986,AC00278,0.35898346,0.45169917,train
TX000801,AC00279,0.24085946,0.371998,val
TX000150,AC00279,0.26631227,0.3503013,train
TX002465,AC00279,0.16939534,0.3147513,val
TX002263,AC00279,0.44225058,0.463496,train
TX002494,AC00279,0.3506279,0.46795696,train
TX000389,AC00279,0.18666129,0.31598014,train
TX001129,AC00279,0.1733992,0.33373946,val
TX001652,AC00279,0.24504888,0.35958397,train
TX000725,AC00279,0.28104547,0.4187642,val
TX001907,AC00280,0.20155144,0.27832898,train
TX000920,AC00280,0.5494883,0.42513797,train
TX000970,AC00280,0.29190183,0.4066873,train
TX001357,AC00280,0.17127416,0.29297522,train
TX000445,AC00280,0.1841998,0.32833743,train
TX000983,AC00281,0.20704211,0.35088515,train
TX001829,AC00281,0.40579936,0.4456125,train
TX001156,AC00281,0.1532308,0.30913967,train
TX002104,AC00281,0.18987207,0.32406846,train
TX002355,AC00282,0.23949416,0.38474557,val
TX000751,AC00282,0.27210554,0.35093603,val
TX000073,AC00282,0.538049,0.53753996,train
TX000117,AC00282,0.3188184,0.42983466,train
TX000959,AC00282,0.27543202,0.382093,train
TX000047,AC00282,0.2759548,0.42298552,train
TX001711,AC00283,0.2816572,0.33804828,train
TX000502,AC00284,0.1615891,0.31194568,train
TX002151,AC00284,0.23735228,0.31127053,train
TX001040,AC00284,0.27105737,0.42177013,train
TX000137,AC00284,0.22070996,0.37034556,train
TX000292,AC00284,0.25622436,0.38947728,train
TX000126,AC00284,0.42473653,0.4443815,train
TX002469,AC00284,0.21551037,0.3854317,train
TX001933,AC00284,0.29783243,0.4172374,train
TX000433,AC00285,0.117382266,0.23828942,train
TX000020,AC00285,0.2916767,0.41612336,train
TX000400,AC00285,0.31428096,0.43166646,train
TX001675,AC00285,0.262965,0.3790388,train
TX000312,AC00285,0.19936287,0.35089836,train
TX001878,AC00285,0.24351364,0.39008656,train
TX001247,AC00285,0.22624454,0.36036298,train
TX000325,AC00286,0.13434239,0.277515,train
TX000676,AC00286,0.16930375,0.31729382,train
TX001091,AC00286,0.31198636,0.39916238,train
TX001554,AC00286,0.24373975,0.38030797,train
TX001141,AC00286,0.30039975,0.44723412,train
TX002016,AC00286,0.3372027,0.42979103,train
TX000691,AC00287,0.19879417,0.32832244,train
TX001730,AC00287,0.40577486,0.4478552,train
TX000739,AC00288,0.30190647,0.39602184,train
TX002314,AC00288,0.63409895,0.4885208,val
TX001856,AC00288,0.50143087,0.5234286,train
TX001717,AC00289,0.21129878,0.3604467,train
TX001825,AC00289,0.1894574,0.3144417,train
TX001663,AC00289,0.23418538,0.3779782,train
TX001914,AC00290,0.06357481,0.16829194,train
TX000458,AC00290,0.36753294,0.42585465,train
TX002216,AC00290,0.21242136,0.35584322,train
TX000624,AC00290,0.426507,0.52513224,train
TX001543,AC00291,0.30453816,0.3326409,train
TX000032,AC00291,0.21170236,0.3319456,train
TX002019,AC00291,0.22249682,0.32281256,val
TX001221,AC00291,0.21193446,0.3391523,val
TX001039,AC00291,0.11333672,0.25755736,train
TX002228,AC00291,0.3523372,0.48271984,val
TX001643,AC00291,0.25806195,0.39041698,train
TX002242,AC00292,0.22745624,0.33892736,val
TX001656,AC00292,0.26986316,0.38892198,val
TX000403,AC00292,0.29731658,0.40466732,train
TX001386,AC00292,0.18708026,0.33728006,train
TX000938,AC00292,0.30634996,0.3384976,train
TX000813,AC00292,0.23182005,0.32448387,train
TX002056,AC00292,0.22425881,0.32588425,train
TX000767,AC00293,0.18884459,0.2818045,train
TX000398,AC00293,0.37294492,0.4465212,train
TX001499,AC00293,0.2682389,0.38862762,val
TX001967,AC00293,0.43763393,0.43254876,train
TX001978,AC00294,0.31498298,0.42249033,val
TX001703,AC00294,0.26098365,0.36257362,train
TX001739,AC00294,0.19460282,0.32649383,train
TX001534,AC00294,0.21049829,0.3319973,train
TX000525,AC00295,0.26497266,0.3335479,train
TX000705,AC00295,0.28171548,0.40191278,train
TX000121,AC00295,0.25843087,0.38118723,train
TX001098,AC00295,0.22053267,0.31966883,train
TX000953,AC00295,0.17939481,0.31216672,train
TX002272,AC00295,0.36212006,0.49631816,val
TX001667,AC00296,0.23094036,0.3786648,train
TX000630,AC00296,0.40153354,0.46077117,train
TX000049,AC00296,0.25262824,0.36651525,val
TX000579,AC00296,0.35317364,0.4419122,train
TX001595,AC00297,0.14712931,0.29907638,train
TX001421,AC00297,0.19128774,0.31627578,train
TX001000,AC00297,0.33143395,0.3754067,train
TX002333,AC00297,0.120406546,0.2911534,train
TX000965,AC00297,0.20682982,0.34118158,train
TX002508,AC00297,0.47110185,0.53058857,train
TX001279,AC00297,0.16649388,0.3208876,train
TX002161,AC00297,0.1786854,0.3196974,train
TX000712,AC00297,0.21770296,0.35075897,train
TX000787,AC00297,0.3604982,0.40325642,train
TX002438,AC00298,0.22208288,0.2819913,train
TX001523,AC00298,0.18115284,0.3286597,val
TX000174,AC00298,0.17379323,0.31720188,train
TX001321,AC00298,0.16102108,0.30978957,val
TX000569,AC00298,0.28515837,0.38252693,val
TX002240,AC00298,0.21137057,0.3229837,train
TX000857,AC00298,0.28463653,0.4199577,train
TX001277,AC00299,0.15931717,0.25737807,train
TX001946,AC00299,0.4146141,0.42444527,train
TX000340,AC00299,0.30378225,0.4072063,train
TX000233,AC00299,0.31589678,0.41870764,train
TX000310,AC00300,0.30137357,0.3975379,val
TX002388,AC00300,0.24155486,0.3605776,train
TX000322,AC00300,0.20587286,0.32849574,train
TX001847,AC00300,0.18803522,0.33067268,val
TX000468,AC00300,0.46205628,0.5032016,train
TX001958,AC00301,0.40860152,0.4313217,train
TX001848,AC00301,0.39806825,0.50089055,train
TX001505,AC00301,0.68034136,0.5275728,train
TX000416,AC00301,0.51381767,0.44321835,train
TX000213,AC00301,0.26156735,0.3821195,val
TX000562,AC00301,0.47325027,0.5067934,train
TX001518,AC00302,0.22520506,0.33383986,val
TX000855,AC00302,0.31254673,0.36822456,train
TX001762,AC00302,0.2393227,0.3455392,train
TX002475,AC00302,0.20743787,0.39323533,train
TX001985,AC00303,0.41618022,0.49396163,val
TX001200,AC00303,0.21407354,0.36993262,train
TX000153,AC00303,0.77959716,0.5677533,train
TX000087,AC00303,0.37248272,0.46976972,train
TX001647,AC00303,0.27300984,0.40001264,train
TX002429,AC00303,0.4570801,0.53918606,train
TX000877,AC00304,0.26415357,0.37182194,train
TX001742,AC00304,0.22667333,0.35333398,train
TX002334,AC00304,0.19696759,0.33522022,train
TX000799,AC00304,0.14997748,0.29760242,train
TX001382,AC00304,0.18018411,0.31705037,train
TX001300,AC00304,0.22491811,0.3582739,train
TX001853,AC00304,0.15905428,0.31113833,val
TX000973,AC00304,0.19512013,0.30658442,train
TX002130,AC00304,0.39856383,0.4972416,train
TX000251,AC00304,0.25895953,0.40055877,train
TX001335,AC00304,0.3434354,0.4144936,train
TX001706,AC00305,0.21737884,0.28557858,val
TX000484,AC00305,0.19993193,0.3484847,train
TX001365,AC00305,0.30764702,0.41362813,val
TX001846,AC00305,0.22726415,0.3555178,val
TX001619,AC00305,0.4462143,0.44691306,train
TX001748,AC00305,0.27955142,0.4322619,train
TX002423,AC00306,0.19133416,0.29037452,train
TX000305,AC00306,0.158288,0.30508575,train
TX000399,AC00306,0.10020413,0.2389484,train
TX002426,AC00306,0.16977791,0.32067752,train
TX001131,AC00306,0.14084193,0.29368046,train
TX000481,AC00306,0.36182413,0.42980585,train
TX000260,AC00307,0.45284444,0.5107113,train
TX000834,AC00307,0.32829326,0.40883988,train
TX000456,AC00307,0.2811294,0.3703342,train
TX002398,AC00308,0.23857899,0.37103143,train
TX002399,AC00308,0.5251831,0.39612082,train
TX001164,AC00309,0.19089234,0.29750377,train
TX001552,AC00310,0.19915892,0.31679517,train
TX002067,AC00310,0.19655947,0.319094,train
TX001526,AC00310,0.3255895,0.42786556,train
TX001103,AC00310,0.3656312,0.45936677,train
TX001042,AC00310,0.35009912,0.43604332,train
TX000092,AC00310,0.39871407,0.40804845,train
TX000318,AC00310,0.16595726,0.32562926,train
TX001408,AC00311,0.20542721,0.352563,train
TX002489,AC00311,0.25355968,0.31405902,val
TX000123,AC00311,0.21032074,0.38945058,val
TX001990,AC00311,0.23738703,0.30910236,train
TX000538,AC00311,0.19793072,0.34896597,train
TX001008,AC00311,0.17955408,0.31453505,val
TX000683,AC00312,0.21190202,0.26301435,train
TX001354,AC00312,1.3079612,0.7519878,val
TX000606,AC00312,1.0007038,0.7146452,train
TX002459,AC00312,0.6850434,0.6010869,train
TX000030,AC00313,0.16073465,0.25241297,train
TX001690,AC00313,0.4472614,0.5374269,train
TX000526,AC00313,3.1585567,0.9914282,train
TX001812,AC00314,0.11661357,0.23488665,train
TX002257,AC00314,0.16162539,0.29469615,train
TX000542,AC00314,0.23007557,0.3699306,train
TX000226,AC00314,0.7284751,0.40060005,train
TX002458,AC00315,0.17308775,0.27566415,val
TX001390,AC00315,0.5913723,0.60109484,train
TX002332,AC00315,0.26003936,0.3564613,train
TX002241,AC00315,0.1721977,0.31489232,train
TX001401,AC00315,0.13718034,0.26024932,train
TX001369,AC00316,0.2847423,0.40627554,train
TX000330,AC00316,0.1078525,0.25465354,val
TX000976,AC00316,0.529808,0.43016326,train
TX000808,AC00316,0.4189399,0.44220662,train
TX000376,AC00316,0.6710418,0.5969905,train
TX000544,AC00316,0.29338402,0.4336523,val
TX001607,AC00317,0.18076281,0.33212796,train
TX000559,AC00317,0.14251049,0.2669437,train
TX002482,AC00317,0.28574836,0.4098398,train
TX000947,AC00317,0.28527856,0.3970585,train
TX002050,AC00317,0.23546737,0.40481204,train
TX001056,AC00317,0.30482396,0.42089346,train
TX000017,AC00317,0.1367971,0.29213917,train
TX000492,AC00318,0.5393385,0.4159754,train
TX000112,AC00318,0.27082494,0.3550711,train
TX001045,AC00318,0.31135195,0.3503381,val
TX001692,AC00318,0.2724485,0.42983362,val
TX000421,AC00318,0.3068729,0.41762477,train
TX000067,AC00319,0.24435875,0.37784186,train
TX001788,AC00319,0.16681376,0.29996756,train
TX000264,AC00319,0.25949004,0.40248138,train
TX000825,AC00319,0.17202733,0.30067167,train
TX000814,AC00319,0.21945028,0.33282498,train
TX001714,AC00320,0.12948167,0.2490052,val
TX002462,AC00320,0.16287453,0.29239115,train
TX000936,AC00320,0.3089816,0.39535302,train
TX001883,AC00320,0.2029414,0.3414851,train
TX000130,AC00320,0.20947172,0.3718386,val
TX000186,AC00321,0.30064735,0.397878,train
TX000854,AC00321,0.20353125,0.3398733,val
TX002495,AC00322,0.43057746,0.4773794,val
TX002509,AC00322,0.6139169,0.54610556,val
TX000555,AC00322,0.24827237,0.38151583,val
TX002294,AC00322,0.36061615,0.3491483,train
TX000372,AC00322,0.21052456,0.35928714,val
TX002323,AC00322,0.23104784,0.35829133,val
TX000387,AC00322,0.19234972,0.32410997,train
TX001263,AC00322,0.25457373,0.3754157,val
TX001679,AC00322,0.2512542,0.39525023,train
TX000784,AC00323,0.24304017,0.37325594,train
TX001019,AC00323,0.15939946,0.2897113,train
TX001525,AC00323,0.56144613,0.57613546,val
TX000671,AC00323,0.2320749,0.38855577,val
TX000771,AC00324,0.17297086,0.3114245,train
TX001538,AC00324,0.33890337,0.4599799,val
TX001625,AC00324,0.21054813,0.32579157,train
TX002260,AC00324,0.21253808,0.36514047,val
TX002184,AC00324,0.22782299,0.35316586,val
TX002140,AC00325,0.25192925,0.3702274,train
TX000064,AC00325,0.4708378,0.4911451,train
TX002251,AC00325,0.5303236,0.5421645,train
TX000500,AC00325,0.39484024,0.42947826,val
TX002451,AC00325,0.36705104,0.36125067,train
TX002349,AC00326,0.22363518,0.36751536,train
TX000745,AC00326,0.2679329,0.39653555,train
TX001251,AC00326,0.3842551,0.47344568,val
TX000498,AC00326,0.16060749,0.30021697,train
TX000395,AC00326,0.6087841,0.48116493,train
TX000858,AC00327,0.18150559,0.27767688,train
TX000369,AC00327,0.20021842,0.3498617,train
TX002364,AC00327,0.24881296,0.38536975,train
TX000507,AC00327,0.18816884,0.35258856,train
TX001979,AC00327,0.48522156,0.5335592,train
TX001779,AC00327,0.19761361,0.3166473,val
TX001936,AC00328,0.27510217,0.40721577,val
TX000681,AC00328,0.2335441,0.29519343,train
TX002324,AC00328,0.16774872,0.31244263,train
TX001105,AC00328,0.24838993,0.3737091,train
TX001232,AC00328,0.18730094,0.3366969,train
TX000930,AC00329,0.121561535,0.23899339,train
TX001012,AC00329,1.5824105,1.0384929,train
TX001273,AC00329,0.29805297,0.41456595,train
TX000485,AC00329,0.2569685,0.34938413,train
TX001324,AC00329,0.230422,0.3643956,train
TX001992,AC00329,0.2768076,0.3866286,val
TX000765,AC00329,0.20758994,0.33583167,train
TX000381,AC00329,0.20003611,0.36216447,val
TX002246,AC00329,0.25677007,0.41848874,train
TX001088,AC00330,0.1957365,0.34630373,train
TX001257,AC00330,0.29396933,0.39090297,train
TX000688,AC00330,0.25924683,0.4052107,train
TX002215,AC00330,0.15471771,0.28566948,train
TX001143,AC00331,0.217113,0.36137062,train
TX000170,AC00331,0.20730041,0.32592553,train
TX002054,AC00331,0.4640287,0.4445592,train
TX000359,AC00331,0.15455554,0.26868293,train
TX001078,AC00331,0.12532002,0.2813128,train
TX001618,AC00331,0.25882587,0.38855508,train
TX002310,AC00331,0.52917176,0.5176827,train
TX000337,AC00332,0.08647299,0.21821447,train
TX002230,AC00332,0.21823321,0.3350186,train
TX002002,AC00332,0.19012947,0.32726336,train
TX000168,AC00332,0.27037036,0.41691464,train
TX001681,AC00332,0.3089944,0.39984098,train
TX001092,AC00332,0.2436141,0.35284394,train
TX000367,AC00332,0.29898974,0.4452323,train
TX001079,AC00332,0.19421571,0.33174926,train
TX000423,AC00333,0.20206916,0.30775443,train
TX000149,AC00333,0.17486763,0.3123542,train
TX001732,AC00333,0.47081175,0.36443385,train
TX001630,AC00334,0.1800963,0.33111963,train
TX002097,AC00334,0.18737596,0.3024556,train
TX001228,AC00334,0.81547797,0.62194467,train
TX001352,AC00335,0.17450824,0.32263684,train
TX001672,AC00335,0.5450352,0.3990934,train
TX000115,AC00336,0.2960574,0.42710683,train
TX000982,AC00336,0.33221242,0.40865043,train
TX001903,AC00336,0.5147297,0.5909967,train
TX000916,AC00336,0.35142726,0.41331473,train
TX001843,AC00337,0.14525399,0.28666458,train
TX002229,AC00337,0.19833146,0.33955926,train
TX001021,AC00337,0.5421212,0.54274774,train
TX001934,AC00337,0.37667182,0.48120806,train
TX002325,AC00337,0.3633583,0.4711031,train
TX001609,AC00337,0.28493416,0.3912616,train
TX000248,AC00337,0.18900712,0.34276867,train
TX001030,AC00337,0.29549393,0.4427289,train
TX001993,AC00338,0.17263454,0.33208644,train
TX001901,AC00338,0.19950204,0.3129715,train
TX000266,AC00338,0.25755936,0.39761457,train
TX001487,AC00338,0.28660786,0.40887916,train
TX001789,AC00338,0.6132357,0.5819229,train
TX001366,AC00338,0.5244347,0.57319254,train
TX001385,AC00338,0.3372092,0.43940765,train
TX001192,AC00339,0.26505664,0.390526,val
TX002299,AC00339,0.5686425,0.5708759,val
TX000529,AC00339,0.5940139,0.5368902,val
TX000999,AC00339,0.18714681,0.32570282,train
TX000210,AC00339,0.1591916,0.31804287,train
TX000991,AC00339,0.19051741,0.32713503,train
TX000792,AC00339,0.23711348,0.37143186,train
TX000821,AC00339,0.27964076,0.3824756,val
TX001809,AC00339,0.4445641,0.50064737,train
TX002424,AC00340,0.41080537,0.43682313,val
TX000354,AC00340,0.29097354,0.41340446,train
TX000125,AC00340,0.39404505,0.44389448,train
TX001432,AC00341,0.21354613,0.31481448,train
TX002010,AC00341,0.2964281,0.3737827,val
TX000384,AC00341,0.22783633,0.3636191,train
TX001503,AC00341,0.81140053,0.5854783,train
TX001786,AC00341,0.30992374,0.44838387,val
TX000790,AC00342,0.12682763,0.24363564,train
TX002384,AC00342,0.1977746,0.3502154,train
TX001174,AC00342,0.10855792,0.24206199,train
TX001344,AC00344,0.08898685,0.18526623,train
TX002166,AC00344,0.29237974,0.39586684,train
TX001540,AC00344,0.31133267,0.45003417,train
TX001673,AC00344,0.6836708,0.62103087,val
TX000234,AC00345,0.2011477,0.26919222,train
TX001001,AC00345,0.16847685,0.3209558,train
TX001512,AC00345,0.14641078,0.3188641,train
TX002393,AC00345,0.13129085,0.2834086,val
TX000577,AC00345,0.26327553,0.3714251,train
TX002022,AC00345,0.25556996,0.4086783,train
TX001111,AC00345,0.28757384,0.36171284,train
TX000522,AC00345,0.2899664,0.41118264,val
TX001077,AC00345,0.29159665,0.40891793,train
TX001435,AC00346,0.21984038,0.33832657,train
TX001198,AC00347,0.3167591,0.38341108,val
TX001915,AC00347,0.279152,0.39045691,train
TX002483,AC00347,0.25190234,0.39643362,val
TX000097,AC00348,0.17415996,0.31405157,train
TX001767,AC00348,0.15122195,0.2818347,train
TX000837,AC00348,0.29123047,0.42541516,train
TX001057,AC00348,0.1674402,0.30758741,train
TX000355,AC00349,0.26051635,0.33903828,train
TX002256,AC00349,0.19021337,0.32278255,train
TX000135,AC00349,0.25559407,0.30327278,val
TX001780,AC00349,0.15024465,0.30849096,train
TX001835,AC00349,0.18708527,0.3353551,train
TX002211,AC00349,0.24960878,0.361598,train
TX001953,AC00350,0.31133422,0.43036842,train
TX000480,AC00350,0.31587008,0.45469695,train
TX001351,AC00351,0.16335735,0.30764937,train
TX000442,AC00351,0.29688573,0.3593907,train
TX001149,AC00352,0.31222725,0.4512871,train
TX000921,AC00352,0.16043612,0.2917303,train
TX002008,AC00352,0.40905976,0.45929477,val
TX001468,AC00352,0.2016077,0.34209886,val
TX002188,AC00353,0.14755408,0.26964477,train
TX002113,AC00353,0.26939666,0.33710837,train
TX001154,AC00353,0.23709026,0.36696574,train
TX000509,AC00353,0.5739875,0.49487954,train
TX001868,AC00353,0.391622,0.49441832,train
TX001806,AC00354,0.23480104,0.37450984,val
TX000928,AC00354,0.21790928,0.32543668,val
TX001689,AC00354,0.4607363,0.41939315,train
TX000777,AC00354,0.16482455,0.31373915,train
TX000623,AC00354,0.3553397,0.47593382,train
TX001816,AC00355,0.24206176,0.37619382,train
TX000957,AC00355,0.31402564,0.4169835,train
TX002157,AC00355,0.38017794,0.33590394,train
TX001699,AC00356,0.15772487,0.3078091,train
TX000551,AC00356,0.22467496,0.35140598,train
TX001750,AC00356,0.26331046,0.34969708,train
TX001238,AC00356,0.19048372,0.3713777,val
TX001845,AC00356,0.22709878,0.3699451,train
TX001069,AC00356,0.30790687,0.43995342,train
TX000682,AC00356,0.37868232,0.45310825,train
TX002444,AC00356,0.18191485,0.33692622,val
TX000437,AC00357,0.22303842,0.35745767,train
TX002274,AC00357,0.9457154,0.76184744,train
TX000430,AC00357,0.40431938,0.45758173,train
TX000637,AC00357,0.1836503,0.3102656,val
TX001433,AC00357,0.17012206,0.29000106,train
TX000896,AC00357,0.2693968,0.39401606,train
TX001585,AC00358,0.539864,0.43103674,train
TX001775,AC00358,0.5076957,0.42099655,train
TX000629,AC00358,0.38075158,0.39534146,train
TX000200,AC00358,0.23928203,0.37337497,train
TX001635,AC00358,0.57912064,0.5500889,train
TX002205,AC00358,0.6713161,0.651198,val
TX000778,AC00358,0.4779942,0.5026813,train
TX000122,AC00358,0.52007264,0.56428754,train
TX000034,AC00359,0.1997171,0.3434863,train
TX002290,AC00359,0.16265325,0.29097715,train
TX002252,AC00359,0.29865417,0.40919337,train
TX000616,AC00359,0.3076283,0.37530977,train
TX001798,AC00359,0.11936368,0.27306575,train
TX000018,AC00359,0.2662165,0.3911792,train
TX000523,AC00360,0.23233722,0.37331212,val
TX001942,AC00360,0.33271506,0.40114433,train
TX001140,AC00360,0.4501264,0.4789345,train
TX000744,AC00360,0.1376498,0.2977578,train
TX001285,AC00360,0.18774386,0.30810964,train
TX001107,AC00360,0.2312807,0.3724371,train
TX001025,AC00361,0.20959863,0.33316252,train
TX000667,AC00361,0.557377,0.5582141,val
TX002412,AC00362,0.08955471,0.20641221,train
TX000282,AC00362,0.22854757,0.37679806,train
TX000842,AC00362,0.4028375,0.49989757,train
TX001561,AC00362,0.24869855,0.36248365,val
TX001089,AC00362,0.2480145,0.36043614,train
TX000880,AC00362,0.26353005,0.4017633,train
TX001121,AC00362,0.24297942,0.37347293,train
TX001544,AC00362,0.36054096,0.4670906,train
TX001939,AC00362,0.40702298,0.446885,train
TX001400,AC00362,0.2038618,0.31745723,train
TX000586,AC00362,0.3932101,0.4879761,train
TX002365,AC00362,0.3102576,0.39031577,train
TX002069,AC00363,0.1609021,0.26949838,train
TX000177,AC00363,1.3879503,0.7578265,train
TX000848,AC00363,0.70017195,0.61070275,train
TX000196,AC00363,0.35270682,0.44849434,val
TX002345,AC00363,0.3859944,0.4594231,train
TX001886,AC00363,0.33951283,0.45326966,val
TX002348,AC00363,0.3620957,0.4902707,train
TX000259,AC00363,0.27250084,0.41709518,train
TX000902,AC00363,0.1752901,0.32918167,train
TX001177,AC00363,0.34919968,0.4489837,val
TX001368,AC00363,0.32652548,0.39089996,train
TX001940,AC00363,0.24034263,0.33360478,train
TX000528,AC00364,0.18127632,0.28963593,train
TX000816,AC00365,0.17313261,0.32787907,train
TX001125,AC00365,0.40369067,0.40715733,train
TX000353,AC00365,0.3079207,0.3919951,val
TX000419,AC00365,0.22433239,0.32281542,train
TX000035,AC00365,0.27679473,0.41238135,train
TX000618,AC00366,0.24801785,0.31245288,train
TX001309,AC00366,0.14756583,0.2964025,train
TX001911,AC00366,0.22825892,0.35020795,train
TX000819,AC00366,0.12903582,0.27082828,train
TX000265,AC00366,0.1725955,0.29049802,train
TX001708,AC00366,0.19140399,0.3300209,train
TX001184,AC00366,0.26950827,0.3886078,train
TX000879,AC00366,0.42073685,0.5127326,train
TX000701,AC00367,0.3018756,0.43880692,train
TX001441,AC00367,0.25331157,0.37808883,val
TX002276,AC00367,0.2887266,0.39517477,val
TX000031,AC00367,0.3232899,0.4426763,train
TX001537,AC00367,0.16031452,0.30814427,train
TX001823,AC00367,0.18954055,0.3280136,val
TX001328,AC00367,0.25893232,0.39466804,val
TX001418,AC00368,0.33554545,0.46231404,train
TX000998,AC00368,0.19314183,0.36515826,train
TX001669,AC00368,0.17295724,0.3176141,train
TX001490,AC00368,0.15428711,0.29372978,train
TX000906,AC00369,0.22685768,0.3398232,train
TX002265,AC00369,0.52600616,0.55684996,train
TX000531,AC00369,1.0639738,0.6438312,train
TX001124,AC00369,0.81567234,0.56804335,val
TX001429,AC00369,0.29962003,0.41116956,train
TX001774,AC00369,0.25354615,0.37790948,val
TX000208,AC00370,0.15964966,0.3071878,val
TX001965,AC00370,0.1672819,0.28546116,train
TX001502,AC00370,0.17598258,0.34319758,val
TX000626,AC00370,0.6053852,0.5477616,train
TX002401,AC00370,0.15612325,0.3046863,val
TX000850,AC00370,0.0818843,0.22209434,train
TX000687,AC00370,0.1290231,0.28089607,train
TX000315,AC00371,0.22545329,0.3564081,val
TX000471,AC00371,0.27687472,0.38640988,train
TX001301,AC00372,0.23082018,0.3628241,train
TX000672,AC00372,1.6263567,0.73860633,train
TX002132,AC00372,0.9550342,0.63655233,train
TX001917,AC00373,0.08425158,0.21000127,train
TX001280,AC00373,0.21375991,0.33902568,train
TX001997,AC00373,0.3169307,0.42117712,train
TX001231,AC00373,0.295311,0.40555656,train
TX001473,AC00373,0.18788874,0.328157,train
TX000088,AC00373,0.17092882,0.28856117,train
TX002284,AC00373,0.18167038,0.33154717,train
TX002432,AC00373,0.25389412,0.41360694,train
TX000094,AC00373,0.3475773,0.4209174,train
TX002102,AC00374,0.18849467,0.2668647,train
TX001412,AC00374,0.29717594,0.39480335,train
TX001790,AC00374,0.582684,0.6319419,train
TX000056,AC00374,0.1552008,0.2973489,train
TX000356,AC00374,0.12000071,0.23968844,val
TX002428,AC00374,0.12193439,0.26636332,val
TX000347,AC00375,0.21540211,0.30730212,train
TX002501,AC00375,0.51198035,0.5009991,val
TX001492,AC00375,0.78028494,0.6461263,train
TX002353,AC00376,0.3287605,0.4474941,train
TX000875,AC00376,0.14521986,0.28025785,train
TX000349,AC00376,0.19706489,0.31456473,train
TX002506,AC00377,0.22442679,0.36725417,val
TX001961,AC00377,0.40895978,0.45385575,train
TX000948,AC00377,0.28873545,0.3637114,train
TX001929,AC00377,0.16974676,0.31654444,train
TX001905,AC00378,0.15895325,0.30851558,train
TX001646,AC00378,0.2521372,0.41532835,val
TX001894,AC00378,0.32064742,0.44698834,train
TX002322,AC00378,0.38592568,0.47287664,train
TX000581,AC00378,0.29606956,0.3773897,train
TX002308,AC00378,0.22306672,0.38564488,val
TX001576,AC00379,0.20995808,0.32649192,train
TX001158,AC00379,0.3304015,0.42374068,val
TX000204,AC00380,0.15104139,0.24662891,val
TX000214,AC00380,0.18211642,0.3101757,train
TX000804,AC00380,0.51181525,0.557963,train
TX001784,AC00380,0.21270433,0.36365658,train
TX000161,AC00380,0.18237446,0.3052133,train
TX001632,AC00380,0.31306058,0.3756599,train
TX000655,AC00381,0.24578333,0.36308196,train
TX001218,AC00381,0.2043507,0.34256673,train
TX000297,AC00381,0.23259084,0.35849562,train
TX001918,AC00382,0.21367067,0.37502122,train
TX001191,AC00382,0.30575046,0.42456084,train
TX001593,AC00382,1.0818589,0.72671866,val
TX000131,AC00382,0.32060274,0.43165556,train
TX001951,AC00382,0.27930814,0.4114789,train
TX000714,AC00382,0.27357227,0.41679534,train
TX001250,AC00383,0.2548576,0.34951362,train
TX001912,AC00383,0.45257547,0.4439569,train
TX000862,AC00383,0.26328135,0.39011243,train
TX000165,AC00383,0.22771558,0.36080658,train
TX001489,AC00384,0.32947436,0.45422155,val
TX002245,AC00384,0.24194954,0.35988966,train
TX002376,AC00384,0.28221446,0.38238296,val
TX001902,AC00384,0.22552614,0.3428848,train
TX001187,AC00384,0.3176398,0.40013993,train
TX000132,AC00384,0.13924013,0.2638664,train
TX002196,AC00384,0.15637502,0.30416968,train
TX000010,AC00385,0.21276142,0.35909197,train
TX002224,AC00385,0.17038237,0.28223166,val
TX001833,AC00385,0.18428734,0.33565682,train
TX000147,AC00385,0.5603455,0.5142048,train
TX000140,AC00385,0.18134698,0.32079303,val
TX000903,AC00385,0.19815004,0.3513867,val
TX002202,AC00385,0.4849721,0.5422916,train
TX000311,AC00386,0.09912801,0.22150438,val
TX000832,AC00386,0.32431743,0.42639616,val
TX000914,AC00386,0.14305845,0.31262073,val
TX001427,AC00386,0.29937282,0.4250076,val
TX001136,AC00386,0.21656981,0.3465446,train
TX001981,AC00386,0.25576717,0.39318973,train
TX002433,AC00386,0.27883953,0.41442502,train
TX002329,AC00386,0.28569865,0.34021682,val
TX001736,AC00387,0.14920078,0.2549742,train
TX000284,AC00387,0.28171965,0.40333575,train
TX002302,AC00387,0.18066618,0.31682616,train
TX002004,AC00388,0.39885998,0.50456595,train
TX002293,AC00388,0.3351712,0.46196347,val
TX000822,AC00389,0.17301898,0.3299183,train
TX000308,AC00389,0.20832656,0.3281798,val
TX001952,AC00389,0.18147215,0.30351466,train
TX000029,AC00390,0.13591155,0.27068046,train
TX001713,AC00390,0.17047536,0.30961993,train
TX002021,AC00390,0.15080832,0.2987823,train
TX000753,AC00390,0.26574233,0.3617342,train
TX000711,AC00390,0.21104892,0.34239957,train
TX001109,AC00390,0.38699013,0.49961874,train
TX000898,AC00390,0.2482395,0.3895584,train
TX001361,AC00391,0.20631853,0.2925754,val
TX000221,AC00391,0.41492274,0.47636533,val
TX002059,AC00391,0.21312055,0.35343137,train
TX000013,AC00392,0.18689938,0.31866834,train
TX000479,AC00392,0.3714857,0.45433193,train
TX002354,AC00392,0.33677477,0.43184754,train
TX000631,AC00393,0.30306834,0.43465957,train
TX000006,AC00393,0.13995543,0.26424003,train
TX001166,AC00393,0.22931291,0.39672118,train
TX001565,AC00393,0.2107937,0.36784038,val
TX001695,AC00393,0.10564894,0.25610995,train
TX000666,AC00393,0.31967077,0.34038386,train
TX001479,AC00393,0.33929488,0.35843545,train
TX001859,AC00393,0.20553696,0.35422367,train
TX000239,AC00394,0.18367694,0.28120774,train
TX001874,AC00394,0.20498754,0.33095652,train
TX001028,AC00394,0.32702777,0.43853366,train
TX001665,AC00394,0.28932366,0.40485212,train
TX000732,AC00394,0.18456766,0.34323815,val
TX002101,AC00394,0.39777732,0.45320958,val
TX002141,AC00394,0.43844372,0.4453784,train
TX000730,AC00395,0.27759317,0.40910774,train
TX000955,AC00395,0.288984,0.37789747,train
TX000070,AC00395,0.19910273,0.3265137,train
TX002346,AC00396,0.15031953,0.26962632,train
TX001870,AC00396,0.14931047,0.2698086,train
TX000113,AC00396,0.30901304,0.39718482,train
TX001304,AC00396,0.18412615,0.31043482,val
TX002271,AC00396,0.30734393,0.42510754,train
TX000191,AC00396,0.7643592,0.6944036,train
TX001831,AC00396,0.2661228,0.35313025,train
TX001469,AC00396,0.3990553,0.48725757,val
TX000861,AC00397,0.37885097,0.48673865,val
TX001815,AC00397,0.18913592,0.32026565,train
TX001486,AC00397,0.2865874,0.4043978,val
TX000108,AC00397,0.58783853,0.5651991,train
TX000835,AC00397,0.17309575,0.3212082,train
TX000361,AC00397,0.14515659,0.30409035,train
TX000145,AC00397,0.1814949,0.30940923,train
TX001454,AC00398,0.10700119,0.23260407,train
TX001783,AC00398,0.16669655,0.31616563,val
TX001768,AC00398,0.15975419,0.3136993,train
TX000605,AC00398,0.14161424,0.31125137,val
TX001275,AC00398,0.34674647,0.4914124,val
TX001219,AC00398,0.22045803,0.38530067,train
TX000472,AC00398,0.2572305,0.37257352,train
TX002175,AC00399,0.12191986,0.24308115,train
TX000783,AC00399,0.30962893,0.3860429,train
TX000870,AC00399,0.20065308,0.32430753,train
TX001677,AC00399,0.25598264,0.39993837,train
TX002259,AC00399,0.33638385,0.41517827,val
TX000414,AC00400,0.13455817,0.28037694,val
TX000486,AC00400,0.6666152,0.53379816,val
TX000244,AC00400,0.1925836,0.31188914,train
TX001504,AC00400,0.3453965,0.45802516,train
TX002244,AC00400,0.45845255,0.5126332,val
TX000981,AC00401,0.25695974,0.3026721,train
TX001803,AC00401,0.2740627,0.40607983,val
TX000046,AC00401,0.13213238,0.2787178,val
TX000407,AC00401,0.18260865,0.2882311,val
TX000231,AC00401,0.17642973,0.31442976,train
TX001183,AC00401,0.17080198,0.31614357,train
TX000558,AC00402,0.15516916,0.29782104,train
TX000918,AC00402,0.3457261,0.4455957,train
TX002144,AC00402,0.31369528,0.40879205,train
TX001832,AC00402,0.1263948,0.25588647,train
TX001639,AC00403,0.15529318,0.28054512,train
TX000277,AC00403,0.19215769,0.33954555,train
TX000628,AC00403,0.16077514,0.32011968,train
TX001087,AC00403,0.32489693,0.43157417,train
TX001342,AC00403,0.17341962,0.32293317,train
TX000141,AC00403,0.25284156,0.40439227,train
TX000860,AC00403,0.38141125,0.47301513,train
TX001318,AC00403,0.27059263,0.4239505,train
TX000897,AC00404,0.104658365,0.21613938,train
TX002210,AC00404,0.1738099,0.31761876,train
TX001197,AC00404,0.7044951,0.5571952,val
TX000037,AC00404,0.21084435,0.35871813,train
TX001604,AC00405,0.19343996,0.297583,train
TX001414,AC00405,0.24996598,0.3952891,val
TX000040,AC00405,0.32282957,0.40317288,train
TX001756,AC00405,0.43667242,0.36628693,val
TX001371,AC00405,0.16399075,0.3217207,train
TX000139,AC00405,0.25609562,0.4027117,val
TX000081,AC00406,0.3119937,0.40368077,val
TX001974,AC00407,0.16048929,0.2967495,train
TX000450,AC00407,0.74692297,0.5785632,train
TX001049,AC00407,0.4200988,0.44689965,train
TX001535,AC00407,0.42250296,0.4649455,train
TX002441,AC00407,0.37078688,0.46325818,train
TX002499,AC00407,0.28572476,0.40163848,val
TX000540,AC00407,0.21126269,0.35523328,train
TX002297,AC00408,0.18487771,0.33572528,train
TX001740,AC00408,0.13115439,0.26310974,val
TX001994,AC00409,0.2174626,0.34817174,train
TX001283,AC00409,0.29349467,0.3497915,train
TX001608,AC00409,0.21990624,0.33546355,train
TX001948,AC00409,0.19766748,0.32035488,train
TX001353,AC00409,0.36085963,0.4017955,train
TX001171,AC00410,0.18493433,0.30396065,train
TX001399,AC00410,0.246583,0.38627157,train
TX001284,AC00410,0.59106624,0.46468398,train
TX001600,AC00410,0.1985033,0.32895008,train
TX000379,AC00410,0.22890802,0.33148772,train
TX000803,AC00411,0.2120285,0.34725434,train
TX001205,AC00411,0.36949345,0.45345902,val
TX000396,AC00411,0.30200633,0.41251385,train
TX001597,AC00411,0.27641064,0.35523438,train
TX000005,AC00411,0.17175746,0.32065722,val
TX001702,AC00411,0.2552856,0.34960303,train
TX000852,AC00412,0.17819554,0.3012847,train
TX002468,AC00412,0.36035517,0.4624953,train
TX001389,AC00412,0.25155848,0.3810905,train
TX001152,AC00412,0.14854321,0.2910093,train
TX000565,AC00413,0.30101013,0.4380488,val
TX000609,AC00413,0.5271982,0.45425606,train
TX001594,AC00413,0.2141091,0.33631223,train
TX002128,AC00413,0.15206547,0.30181125,train
TX001014,AC00414,0.23389791,0.36551335,train
TX000222,AC00414,0.722555,0.6139279,train
TX002177,AC00414,0.6111382,0.58292586,val
TX002331,AC00415,0.29424158,0.36237073,train
TX001128,AC00415,0.3200547,0.42957738,val
TX000247,AC00415,0.48556882,0.46937913,val
TX000639,AC00416,0.23029597,0.3524882,train
TX001016,AC00416,0.165078,0.29667518,train
TX002268,AC00416,0.60693556,0.560387,train
TX001514,AC00416,0.85206753,0.6213287,train
TX000718,AC00416,0.31097722,0.4421026,val
TX000220,AC00417,0.21675672,0.35722786,train
TX000797,AC00417,0.22280645,0.35286286,train
TX001213,AC00417,0.18397464,0.3263483,train
TX001267,AC00417,0.39140955,0.44356185,train
TX000464,AC00417,0.51376414,0.42513022,train
TX000589,AC00418,0.6143657,0.49359217,train
TX000866,AC00418,0.1859002,0.28976217,val
TX000723,AC00418,0.17948489,0.34767655,train
TX000333,AC00418,0.33225143,0.43027887,train
TX002195,AC00418,0.20079066,0.3381549,train
TX000692,AC00418,0.6543772,0.51119584,train
TX002206,AC00419,0.16792497,0.31479865,train
TX000055,AC00419,0.15322977,0.2763354,train
TX001508,AC00419,0.2712061,0.33910578,train
TX001051,AC00420,0.41237023,0.30314827,val
TX000440,AC00420,0.18800122,0.31745052,train
TX002343,AC00420,0.3700288,0.45144463,train
TX000764,AC00420,0.21992213,0.37087896,train
TX000157,AC00421,0.1607512,0.29347637,val
TX000041,AC00421,0.22285521,0.33557016,train
TX000413,AC00421,0.35886753,0.44201988,val
TX001629,AC00422,0.21615045,0.3455576,train
TX001286,AC00422,0.2032325,0.32416207,train
TX000809,AC00422,0.1419797,0.30145442,val
TX001475,AC00422,0.13266093,0.27041808,train
TX001733,AC00423,0.31389588,0.39818847,train
TX000273,AC00423,0.28778976,0.3769602,train
TX001090,AC00423,0.11104986,0.25588536,train
TX000654,AC00423,0.9833347,0.74291605,train
TX001120,AC00423,0.64755577,0.56600827,train
TX000109,AC00423,0.51347655,0.48854405,train
TX002435,AC00424,0.22107872,0.32226643,train
TX001694,AC00424,0.12733123,0.24954446,train
TX000663,AC00424,0.22196753,0.3589006,train
TX000268,AC00424,0.20235826,0.34429383,train
TX000571,AC00424,0.20522499,0.33015928,val
TX000095,AC00425,0.26212925,0.39465016,train
TX000901,AC00425,0.2557145,0.3270922,train
TX002062,AC00425,0.18962139,0.3155324,train
TX000795,AC00425,0.13480632,0.2915034,train
TX000625,AC00425,0.268421,0.38206354,train
TX001573,AC00425,0.1508431,0.29759955,train
TX000063,AC00425,0.32719657,0.3935744,train
TX001122,AC00426,0.56967634,0.48052838,train
TX000593,AC00426,0.18030004,0.31702137,train
TX001688,AC00426,0.15462318,0.2914779,train
TX000197,AC00426,0.15447108,0.30683926,train
TX000653,AC00426,0.16562565,0.3055316,train
TX001754,AC00426,0.15211086,0.3062383,train
TX002076,AC00427,0.11917821,0.2414113,train
TX001963,AC00427,0.33633563,0.42820266,val
TX000291,AC00427,0.20430973,0.35519582,val
TX000060,AC00427,0.15446787,0.32144982,train
TX002504,AC00427,0.24915186,0.38565192,train
TX002065,AC00427,0.3438557,0.4304565,train
TX002037,AC00427,0.4623394,0.53479064,train
TX002115,AC00427,0.36449134,0.42353132,train
TX000230,AC00427,0.41696367,0.4966932,train
TX001211,AC00428,0.15606561,0.30189386,val
TX002085,AC00428,0.29767802,0.42016858,train
TX001581,AC00428,0.9839711,0.6117311,train
TX002249,AC00429,0.19213246,0.28688028,train
TX000588,AC00429,0.2407396,0.37266263,train
TX000941,AC00429,0.28029564,0.42214298,train
TX000258,AC00430,0.31371254,0.44666576,train
TX000232,AC00430,0.43515834,0.45929867,val
TX002116,AC00430,0.38914868,0.47321773,train
TX002208,AC00430,0.28041488,0.31213886,train
TX002461,AC00430,0.4438003,0.47682288,val
TX000235,AC00430,0.33085886,0.44571102,train
TX000255,AC00430,0.24185506,0.40370506,train
TX000892,AC00431,0.17028564,0.2621678,train
TX001222,AC00431,0.28477675,0.41475803,train
TX001921,AC00431,0.2181224,0.31237835,train
TX000815,AC00431,0.19793771,0.31747538,train
TX001274,AC00431,0.27999052,0.41497102,train
TX000306,AC00431,0.23296176,0.3800069,train
TX002264,AC00431,0.2864252,0.3875963,train
TX002497,AC00432,0.301324,0.42630395,train
TX001532,AC00432,0.29433566,0.39267212,train
TX002439,AC00432,0.2633717,0.38193554,train
TX001744,AC00432,0.18785144,0.3166988,val
TX000946,AC00432,0.16242152,0.29032862,train
TX001794,AC00432,0.1781532,0.31764102,val
TX000695,AC00432,0.2497164,0.4079546,train
TX001217,AC00433,0.35243705,0.4049138,train
TX000556,AC00433,0.36189383,0.4366224,train
TX000501,AC00433,1.2535604,0.7872773,train
TX000457,AC00434,0.20619105,0.31530982,train
TX000146,AC00434,0.21726157,0.33926117,train
TX000572,AC00434,0.36832058,0.43120533,train
TX000328,AC00434,0.2991678,0.45009136,train
TX001650,AC00434,0.25432482,0.38280338,train
TX000065,AC00434,0.40056768,0.4727049,val
TX000417,AC00434,0.23037127,0.37228817,train
TX001509,AC00435,0.14378552,0.2597538,train
TX002034,AC00435,0.47936368,0.42782846,train
TX002464,AC00436,0.150658,0.2916813,train
TX000869,AC00436,0.23931028,0.3613669,train
TX002057,AC00436,0.20443833,0.31537095,train
TX002466,AC00436,0.16539715,0.31556582,val
TX000602,AC00436,0.2684949,0.3934036,train
TX001190,AC00437,0.12874757,0.24256276,train
TX000690,AC00437,0.32383853,0.47069865,val
TX000090,AC00437,0.9180428,0.64176947,train
TX000534,AC00437,0.22454712,0.37073526,val
TX000089,AC00438,0.22402954,0.31496495,train
TX001395,AC00438,0.25176385,0.39668664,train
TX002033,AC00438,0.25247994,0.39318892,train
TX001511,AC00438,0.23406886,0.38901204,train
TX001746,AC00438,0.40670338,0.49003243,train
TX000061,AC00438,0.27922934,0.3918153,train
TX000910,AC00438,0.3762545,0.4085299,val
TX001651,AC00438,0.3504577,0.437818,train
TX001983,AC00439,0.35333073,0.43216246,train
TX000338,AC00439,0.2749848,0.35660413,train
TX001254,AC00439,0.27903947,0.41980532,train
TX000885,AC00439,0.33638623,0.44130483,train
TX002154,AC00439,0.21452892,0.36115193,train
TX002446,AC00439,0.40630046,0.47279286,train
TX002440,AC00439,0.299114,0.43527642,val
TX000048,AC00439,0.17462878,0.33469662,train
TX001871,AC00439,0.30167678,0.41361544,train
TX000185,AC00440,0.18331175,0.28478298,train
TX001095,AC00441,0.09688017,0.21830331,train
TX000027,AC00441,0.49243176,0.4268765,train
TX000321,AC00441,0.20416254,0.30896044,train
TX001442,AC00441,0.16007684,0.3089427,train
TX001388,AC00441,0.26557434,0.37773862,train
TX002026,AC00441,0.30576387,0.3503345,train
TX001691,AC00442,0.20174085,0.27785072,train
TX001225,AC00442,0.27160996,0.3687814,train
TX001074,AC00442,0.23986636,0.3874304,train
TX000254,AC00442,0.2260892,0.35902947,train
TX000346,AC00442,0.26270607,0.39516428,train
TX000477,AC00442,0.4437827,0.5126128,train
TX000154,AC00442,0.2420453,0.34670582,train
TX002091,AC00442,0.20911875,0.345865,train
TX000708,AC00442,0.1629129,0.3085862,val
TX000431,AC00443,0.2133406,0.36541048,train
TX002380,AC00443,0.49811238,0.42155752,train
TX002317,AC00443,0.28938827,0.40994635,train
TX001424,AC00443,0.63262385,0.6407165,val
TX000320,AC00444,0.15150525,0.24461512,train
TX001097,AC00444,0.36917076,0.43328103,val
TX000833,AC00444,0.22174919,0.38962322,train
TX000843,AC00444,0.24533372,0.36663428,train
TX002223,AC00445,0.41351363,0.5011209,train
TX001155,AC00445,0.389694,0.4470268,val
TX000280,AC00445,0.16761155,0.30266133,train
TX000082,AC00445,0.1411881,0.27914548,train
TX000314,AC00445,0.20384283,0.34807408,train
TX002168,AC00446,0.11284706,0.22405429,train
TX000937,AC00446,0.35025945,0.45139956,train
TX002300,AC00446,0.34304792,0.34786606,train
TX002036,AC00446,0.2713965,0.38703138,train
TX001684,AC00446,0.2835321,0.41771424,train
TX000649,AC00447,0.13205193,0.21553305,train
TX001356,AC00447,0.12701721,0.25628033,val
TX001583,AC00447,0.18402174,0.31320632,train
TX001375,AC00447,0.33511907,0.45978248,train
TX002344,AC00448,0.2003005,0.2891062,val
TX002167,AC00448,0.16719826,0.30961934,val
TX001887,AC00448,0.24521747,0.38063788,train
TX000884,AC00448,0.29801908,0.43984756,train
TX001080,AC00448,0.26632494,0.4201906,train
TX000262,AC00448,0.24424507,0.38481906,train
TX002226,AC00448,0.31214657,0.4141514,train
TX001956,AC00449,0.09848937,0.21569163,val
TX002088,AC00449,0.19126017,0.35264885,train
TX000591,AC00449,0.25813577,0.37746164,train
TX001500,AC00449,0.2344792,0.38286984,val
TX001687,AC00449,0.39206517,0.4150169,train
TX002387,AC00450,0.12542982,0.22760202,val
TX000499,AC00450,0.41486996,0.42122066,train
TX000863,AC00450,0.12956166,0.2684094,train
TX001114,AC00451,0.21320046,0.3252705,train
TX001724,AC00451,0.23264894,0.36589912,train
TX001791,AC00451,0.31959867,0.414025,train
TX001892,AC00451,0.118898146,0.26059914,train
TX000285,AC00451,0.17941415,0.30721134,val
TX002109,AC00452,0.21895897,0.34021947,train
TX000205,AC00452,0.14570887,0.24498281,train
TX002382,AC00452,0.17691103,0.32489455,train
TX000436,AC00452,0.18537782,0.31770143,train
TX001315,AC00452,0.24365632,0.33981812,train
TX000820,AC00452,0.2194903,0.3715368,val
TX002403,AC00452,0.29786596,0.45724162,train
TX000911,AC00453,0.15766156,0.31167594,train
TX002018,AC00453,0.28172442,0.38863716,val
TX000209,AC00453,0.32021406,0.4178254,train
TX000979,AC00453,0.20381118,0.3485524,val
TX001568,AC00453,0.22650862,0.3732279,val
TX001327,AC00453,0.31620154,0.39832073,train
TX000024,AC00453,0.3495224,0.43380284,val
TX000099,AC00453,0.35609025,0.4723556,train
TX002287,AC00453,0.19225867,0.30644748,train
TX000627,AC00454,0.3768744,0.45653692,train
TX000830,AC00454,0.16707706,0.30184516,train
TX001810,AC00454,0.32041046,0.4171215,train
TX000275,AC00454,0.5891791,0.49423283,train
TX000750,AC00455,0.4111236,0.5116323,train
TX000274,AC00455,0.2852614,0.36679906,train
TX001348,AC00455,0.22241692,0.3765119,train
TX000002,AC00455,0.18912978,0.3391468,train
TX001434,AC00455,0.19089682,0.3182755,train
TX001127,AC00455,0.18553257,0.32296398,train
TX001615,AC00455,0.25771853,0.3637103,train
TX001063,AC00456,0.18634634,0.2855101,val
TX000935,AC00456,2.0156443,1.0263914,train
TX001180,AC00456,0.49485174,0.55226344,train
TX000058,AC00456,0.3331903,0.44171885,train
TX000548,AC00456,0.42028388,0.432791,train
TX002001,AC00456,0.29708388,0.44089508,val
TX001909,AC00456,0.22610506,0.37237602,val
TX000386,AC00456,0.30670047,0.42977333,train
TX001100,AC00456,0.21671051,0.35847858,train
TX002347,AC00456,0.29297122,0.41488147,train
TX001660,AC00456,0.62384176,0.6148258,val
TX002148,AC00457,0.16158332,0.3103289,train
TX002361,AC00457,0.18650267,0.33147755,train
TX000733,AC00457,0.30050364,0.41097102,train
TX000656,AC00458,0.12782308,0.2613568,train
TX001067,AC00458,0.33961275,0.37880486,train
TX002172,AC00458,0.09320828,0.22106478,train
TX001671,AC00458,0.17203353,0.33453876,train
TX001826,AC00458,0.45749933,0.4746344,val
TX001653,AC00458,0.37373215,0.46255782,train
TX001002,AC00458,0.28848067,0.38740647,train
TX000012,AC00459,0.15718727,0.32059246,train
TX002416,AC00459,0.23912208,0.3808612,train
TX000945,AC00459,0.27534094,0.4160458,val
TX001163,AC00459,0.277593,0.39588073,train
TX000358,AC00459,0.25144905,0.3801347,train
TX001661,AC00459,0.2477486,0.3400006,train
TX001529,AC00459,0.17374653,0.32092252,train
TX001253,AC00460,0.1956217,0.3396265,train
TX000570,AC00460,0.24326572,0.33473733,train
TX001452,AC00460,0.3642932,0.40671358,val
TX000068,AC00460,0.30581102,0.35690638,train
TX001460,AC00460,0.6087574,0.645788,train
TX001996,AC00460,0.29115584,0.43163648,val
TX002321,AC00460,0.21858937,0.32733068,train
TX002169,AC00460,0.38293126,0.4529986,val
TX000756,AC00460,0.73842436,0.6491672,train
TX001162,AC00460,0.68845433,0.60770965,train
TX002449,AC00460,0.36954543,0.42416126,train
TX001880,AC00460,0.5093259,0.529996,val
TX000069,AC00461,0.13198987,0.2571265,train
TX001264,AC00461,0.2145627,0.3305881,train
TX000574,AC00461,0.67158854,0.46706367,train
TX001102,AC00462,0.13982417,0.2236423,train
TX001457,AC00462,0.20016131,0.3476049,train
TX001392,AC00462,0.23109882,0.35966796,train
TX000710,AC00462,0.23845059,0.4049775,train
TX001884,AC00462,0.23044194,0.33990508,train
TX001175,AC00462,0.22671206,0.3890457,train
TX000489,AC00463,0.17161916,0.32187313,train
TX001044,AC00463,0.18349275,0.32948804,train
TX000990,AC00463,0.43265095,0.39670232,train
TX001919,AC00463,0.64326054,0.5996331,val
TX000104,AC00464,0.18814729,0.3160695,train
TX000474,AC00464,0.1848793,0.336083,train
TX000476,AC00464,1.2726291,0.69207126,val
TX001764,AC00464,0.48673135,0.5305787,train
TX002463,AC00464,0.3582285,0.46300942,val
TX000079,AC00464,0.3423408,0.44740212,train
TX002207,AC00464,0.26896846,0.4134051,train
TX002430,AC00464,0.28910872,0.43295804,val
TX000720,AC00465,0.1806958,0.31057176,train
TX001303,AC00465,0.24080946,0.32289493,val
TX000552,AC00465,0.39716473,0.42341378,train
TX001636,AC00465,0.3558479,0.43394342,val
TX000693,AC00465,0.24809325,0.36560926,train
TX002372,AC00465,0.3856735,0.43156832,train
TX001226,AC00465,0.22385252,0.36315432,train
TX002235,AC00465,0.42602018,0.5305084,train
TX000615,AC00466,0.41035444,0.48262578,train
TX000303,AC00466,0.2708594,0.3988174,train
TX001345,AC00466,0.60718584,0.5497576,val
TX001567,AC00466,0.48818895,0.5480856,train
TX000543,AC00467,0.18235594,0.31857958,train
TX000719,AC00467,0.34005946,0.37290263,val
TX002041,AC00467,0.47090015,0.503972,train
TX000793,AC00468,0.5067119,0.42109814,train
TX001516,AC00468,0.16758849,0.23719157,train
TX000116,AC00468,0.2078902,0.3465059,val
TX001289,AC00468,0.1939828,0.36098713,val
TX000514,AC00469,0.13439994,0.22586222,val
TX000252,AC00470,0.1697544,0.32290775,train
TX001310,AC00470,0.30072585,0.41193846,train
TX001557,AC00470,0.26758552,0.38031936,train
TX001891,AC00470,0.16713308,0.32675698,train
TX000596,AC00471,0.25561234,0.3869081,train
TX000573,AC00471,0.18282504,0.3067297,train
TX000050,AC00471,0.18435849,0.3349692,val
TX001381,AC00471,0.121722355,0.2552475,val
TX001269,AC00471,0.18478177,0.32834306,train
TX000327,AC00471,0.36865512,0.42558482,train
TX002035,AC00472,0.3755256,0.44118795,train
TX001765,AC00473,0.20912054,0.31573564,train
TX000883,AC00474,0.1425151,0.24956916,train
TX000171,AC00474,0.29548335,0.39868298,train
TX001046,AC00474,0.23942891,0.36717492,train
TX001272,AC00475,0.1946517,0.3283041,train
TX000873,AC00475,0.2173289,0.33845067,train
TX000974,AC00475,0.3014017,0.4080473,train
TX001556,AC00475,0.20557813,0.3364375,train
TX000434,AC00475,0.30692554,0.4377469,train
TX000997,AC00475,0.2418328,0.37515917,val
TX002051,AC00475,0.29056263,0.42115456,train
TX000583,AC00475,0.23678498,0.38944012,train
TX002058,AC00476,0.2971043,0.40158767,train
TX001170,AC00477,0.27254885,0.3717541,train
TX000960,AC00477,0.25311044,0.30606297,val
TX001212,AC00477,0.571406,0.5056261,val
TX002190,AC00478,0.2086674,0.35021424,train
TX000167,AC00478,0.24544297,0.3402672,train
TX000364,AC00478,0.1567584,0.32022384,train
TX001237,AC00478,0.2876711,0.40577394,train
TX002253,AC00478,0.36753073,0.46830848,train
TX000039,AC00478,0.27045232,0.42535,train
TX001782,AC00478,0.13981251,0.30959117,val
TX000929,AC00479,0.15225922,0.24870968,val
TX000212,AC00479,0.51401496,0.49457467,train
TX001306,AC00479,0.38546044,0.46784228,train
TX000610,AC00479,0.22404766,0.3400387,train
TX000042,AC00480,0.19894959,0.28300443,train
TX000516,AC00480,0.4096539,0.4801307,train
TX001559,AC00480,0.33604106,0.43991372,val
TX000887,AC00480,0.18170998,0.31914425,train
TX001536,AC00480,0.22184002,0.35901368,train
TX001973,AC00480,0.35246935,0.46894696,val
TX000420,AC00480,0.14321308,0.28803372,train
TX001642,AC00480,0.37411967,0.4476309,train
TX000905,AC00480,0.31585717,0.41706955,train
TX001199,AC00480,0.3743635,0.4675883,train
TX000446,AC00480,0.34654057,0.446149,train
TX001393,AC00481,0.20458864,0.29418647,val
TX002099,AC00481,0.40997297,0.5090306,train
TX002009,AC00481,0.3313431,0.4352825,train
TX000768,AC00481,0.27982655,0.41327816,train
TX000052,AC00482,0.24725221,0.37491256,train
TX002114,AC00482,0.14933172,0.28575265,train
TX001325,AC00482,0.5050036,0.44641104,val
TX000636,AC00482,0.18080913,0.31542656,train
TX000352,AC00482,0.2116998,0.34850082,train
TX000872,AC00482,0.24651082,0.36405376,val
TX001855,AC00483,0.24208197,0.3204843,train
TX002066,AC00483,0.42677516,0.51249826,train
TX001188,AC00483,0.23831485,0.36165696,train
TX002460,AC00483,0.25647187,0.39245427,train
TX001036,AC00485,0.13043714,0.2629039,train
TX002337,AC00485,1.0440984,0.5595524,train
TX001766,AC00486,0.21733323,0.33570987,train
TX002457,AC00487,0.5571909,0.5412392,train
TX000633,AC00487,0.16436322,0.3082316,train
TX000969,AC00487,0.32449347,0.45324752,train
TX001060,AC00487,0.29306173,0.43662933,val
TX000995,AC00488,0.1421502,0.2473944,train
TX002250,AC00488,0.269196,0.38514253,train
TX000302,AC00488,0.27196178,0.43882987,train
TX000380,AC00488,0.15807939,0.27678943,train
TX001281,AC00489,0.17680657,0.27557492,train
TX000304,AC00489,0.175313,0.34318888,val
TX002307,AC00489,0.22507505,0.36876717,train
TX001720,AC00490,0.35740906,0.45022455,train
TX001204,AC00490,0.1347256,0.27627796,val
TX000426,AC00490,0.45621237,0.52112263,train
TX002275,AC00490,0.23206855,0.37166816,train
TX001173,AC00490,0.22563012,0.312664,train
TX000508,AC00491,0.34745353,0.36188605,train
TX002081,AC00492,0.23460387,0.3483699,train
TX000160,AC00492,0.30470577,0.41337955,val
TX001925,AC00492,0.13138214,0.3039215,train
TX002073,AC00492,0.17812002,0.3290662,train
TX001601,AC00492,0.21256965,0.3316585,train
TX000439,AC00493,0.13603012,0.23026566,train
TX002492,AC00493,0.20910247,0.34622627,train
TX000343,AC00493,0.3311136,0.44085577,val
TX001827,AC00493,0.27712396,0.4170316,train
TX001808,AC00493,0.51444566,0.55606264,train
TX001722,AC00494,0.2470565,0.31441203,train
TX002305,AC00494,0.3330062,0.4225782,train
TX001243,AC00494,0.7620872,0.5883414,train
TX002450,AC00494,0.22961468,0.3784984,train
TX000299,AC00495,0.1646653,0.2981443,val
TX000922,AC00495,0.12260075,0.24430624,val
TX000415,AC00495,0.6045594,0.50037235,train
TX001668,AC00495,0.17624813,0.31576937,train
TX000451,AC00495,0.25340402,0.41154912,train
TX001520,AC00495,0.14581189,0.29700616,train
TX001741,AC00495,0.135521,0.273496,train
TX000294,AC00495,0.28716904,0.42392623,train
TX002197,AC00496,0.11527449,0.23803705,train
TX001501,AC00496,0.60341424,0.60274065,val
TX000972,AC00496,0.17649199,0.3093793,train
TX000673,AC00497,0.197334,0.27185687,train
TX002191,AC00497,0.19365999,0.3530481,val
TX002186,AC00497,0.2921229,0.40357205,train
TX000697,AC00497,0.2989054,0.41272882,train
TX001072,AC00497,0.14788024,0.30013213,train
TX001555,AC00497,0.20689659,0.35302606,train
TX001658,AC00498,0.12978068,0.2716911,val
TX001302,AC00498,0.2826893,0.39781073,train
TX001405,AC00498,0.37497574,0.47376293,train
TX001193,AC00498,0.44358197,0.53504634,train
TX000495,AC00498,0.44479465,0.48879606,train
TX000134,AC00498,0.31465206,0.43258145,val
TX002082,AC00498,0.22945628,0.3694792,train
TX000118,AC00498,0.401664,0.4912083,train
TX001729,AC00499,0.106664754,0.22447184,train
TX000460,AC00499,0.37419888,0.42837813,train
TX001896,AC00499,0.22966555,0.34917292,train
TX000432,AC00499,0.17230943,0.33656394,train
TX001923,AC00499,0.15591149,0.3038351,train
TX000203,AC00499,0.32219154,0.36908478,val
TX001943,AC00499,0.2634249,0.4122301,val
TX002055,AC00500,0.13364452,0.24461752,train
TX001716,AC00500,0.27362132,0.37826338,train
TX002375,AC00500,0.20885657,0.33980638,train
TX002350,AC00500,0.3868333,0.40573588,train
