TransactionID,AccountID,ensemble_weighted_average,ensemble_rank_borda,ensemble_percentile_average,ensemble_pca_stacking_proxy,hybrid_vote_count_for_comparison
TX001313,AC00001,-0.23438333648628362,12384.0,0.4449641719745223,-0.4288202335181406,0
TX002017,AC00001,-0.12895140087873636,13206.5,0.47770700636942676,-0.3180624518503422,0
TX002121,AC00002,-0.15892945951235957,14418.5,0.5248611976267606,-0.4288384187297279,0
TX000021,AC00002,-0.07979746125129966,12749.5,0.4641420070950332,-0.1367564020445124,0
TX001477,AC00002,-0.3263878916018023,8843.5,0.32040590149494225,-0.8854793927902433,0
TX000062,AC00002,0.10362589622855127,16606.5,0.6024023450589091,0.1348476767809562,0
TX001599,AC00002,-0.3587393604480622,8794.5,0.31924249033448776,-0.9827794750256745,0
TX001674,AC00002,-0.6004619765491456,3148.5,0.11395789951627842,-1.5929342117081555,0
TX001029,AC00002,0.4591708396369524,21432.5,0.7786857283811455,1.0001608600970815,0
TX002326,AC00003,-0.44281388677355216,7183.0,0.2599015151916927,-0.9645567806520605,0
TX001841,AC00003,0.17550824753258765,18045.0,0.6557509496766591,0.4786215027033098,0
TX002363,AC00003,-0.06051831280909479,15361.5,0.5573906365184003,-0.2661276927910583,0
TX001904,AC00003,-0.4817552388786009,5644.5,0.2048066939729341,-1.3271116995517898,0
TX002248,AC00003,-0.2988951848515648,11591.5,0.4210275425516374,-0.8835582712558571,0
TX001851,AC00004,-0.5102052885904422,7825.5,0.2865261957199342,-1.1495495403092757,0
TX000707,AC00004,2.435306961634714,24356.0,0.8852062518351095,8.856748658849817,3
TX001648,AC00004,-0.2930768056321632,8733.5,0.31726858757925624,-0.8181472939638552,0
TX000223,AC00004,-0.46811987142405653,5719.5,0.20708837682070574,-1.2609155303768411,0
TX002442,AC00004,-0.34099176210878696,9651.5,0.3504843091816461,-0.9251059189283627,0
TX002391,AC00004,-0.5396947176108526,5182.0,0.18762800566214122,-1.3666112445853063,0
TX001820,AC00004,0.016546281189328597,15801.5,0.5734252440906463,-0.0806475238281861,0
TX002328,AC00004,-0.26911852130628783,9995.5,0.36184975353486065,-0.7370177502557475,0
TX000245,AC00004,0.02052257353287569,16364.5,0.5941548389997334,0.026267025888723986,0
TX002315,AC00005,-0.554425958847717,3943.5,0.14261784897935373,-1.3739651593796698,0
TX000944,AC00005,0.12869893936049487,17122.5,0.6215022784284665,0.2076497552768536,0
TX001792,AC00005,0.17567524615551783,17313.5,0.6295680514018669,0.35009165260649755,0
TX000547,AC00005,-0.3257029607983566,8906.5,0.3230206461561901,-1.0417868286338605,0
TX000760,AC00005,0.05784746188835948,17025.5,0.6184691649788079,-0.04097775151563859,0
TX000195,AC00005,-0.4908550646375722,8342.5,0.30305700603193536,-1.3867645284335397,0
TX001971,AC00005,-0.04059973810341226,15737.5,0.5710311946905854,-0.2797189093818077,0
TX002083,AC00005,-0.06809959592968332,12946.5,0.470310174473405,-0.3171593650173682,0
TX001038,AC00005,-0.0633032041409397,13400.5,0.4864868297601834,-0.2850332199660029,0
TX000662,AC00006,-0.6463900394575766,3222.5,0.11643044579719564,-1.601412391952468,0
TX000216,AC00006,-0.028622194416593787,14811.5,0.5386529338608486,-0.12121110940110306,0
TX001406,AC00006,0.07846749330904415,15326.5,0.5562449737889725,-0.004328133332310145,0
TX001977,AC00006,-0.008988291051993011,12686.5,0.4600621882121972,-0.2199036334787023,0
TX000077,AC00007,-0.5655743518401914,3968.5,0.14354082765905848,-1.4423640928808499,0
TX000839,AC00007,0.10019644567647418,18576.0,0.6755014579627959,0.2018736760687293,0
TX000977,AC00007,-0.31911118390326926,7707.5,0.2791797916665662,-0.9833556029688212,0
TX001336,AC00007,-0.3381387084091705,8228.5,0.29862806436153616,-0.9873650970857244,0
TX001579,AC00007,-0.5696216513706859,5115.0,0.18513035845924575,-1.4812930539611697,0
TX002005,AC00008,-0.2732483938622241,11670.0,0.4165406050955414,-0.5579177093626482,0
TX002512,AC00009,0.15000895692546015,18191.5,0.6619924762321691,0.5136478211006127,0
TX002048,AC00009,-0.26390742013596563,13947.5,0.5071329256839142,-0.6935024888803187,0
TX000868,AC00009,-0.19210107319762088,11548.5,0.41970008647011486,-0.5641284495027714,0
TX000840,AC00009,-0.0056997561157540256,14897.5,0.5404079192113115,-0.15331252380093344,0
TX000279,AC00009,0.18208235873688433,16638.5,0.6048779950552691,0.37716363353535376,0
TX002367,AC00010,0.0992308364549412,17841.5,0.6491619275242065,0.3497225043279797,0
TX001737,AC00010,-0.3584323136220478,12130.5,0.44186142832623077,-0.8268611558074753,0
TX001760,AC00010,0.9435426364575235,21182.5,0.7695272065066411,2.1416387079317163,0
TX001168,AC00010,0.35496873289429204,19970.5,0.725413104525422,0.7913843747596134,0
TX000096,AC00010,0.27546906568438106,18031.5,0.6535669434658533,0.511743304663878,0
TX000180,AC00010,0.43453137497411026,21427.5,0.7778733383973112,0.9890166384252362,0
TX000202,AC00010,-0.19252390514605813,11164.5,0.4052148054338041,-0.5241314617339455,0
TX000694,AC00011,0.5971067010652924,21604.5,0.7851855111813307,1.5180310005398672,0
TX000735,AC00011,0.005637239190966566,13100.5,0.47707172403136355,0.17726051303563573,0
TX001015,AC00011,0.5610524645644522,23731.5,0.8620322098164673,1.3107177492737667,0
TX000098,AC00011,-0.006717373430525676,15790.5,0.5732442643338619,-0.11643354634081818,0
TX000045,AC00011,-0.058440676571170164,15182.5,0.5513518307943536,-0.3355289089906987,0
TX002023,AC00011,-0.04733809494252964,16832.0,0.6126182545716824,-0.13012439983517465,0
TX001560,AC00011,0.05245033430337837,15398.5,0.5595019766147395,-0.009233540696015573,0
TX002047,AC00012,-0.4826345044586433,7318.5,0.26473895704072126,-1.1516555094960743,0
TX000513,AC00012,0.4256454000645323,20765.5,0.7546133415408025,1.1219150229035117,1
TX001153,AC00012,0.1668070522985262,19968.5,0.7256887626697884,0.3812870432741543,0
TX000728,AC00012,-0.3791589610726128,8598.5,0.31290831937967156,-0.9710909334283964,0
TX002152,AC00012,0.37703268649455596,19075.5,0.6929551716216027,0.8174959536435729,0
TX001510,AC00012,-0.04172917502205625,15540.5,0.5643989766537921,-0.232605012092707,0
TX000576,AC00013,-0.6356547118919228,4827.0,0.17455684367447122,-1.4283249985253044,0
TX001291,AC00013,0.1249607555550105,15640.5,0.5673815567947383,0.22022169893005308,0
TX001010,AC00013,-0.18814488930191825,12701.5,0.4617187586632834,-0.5446553549814591,0
TX002156,AC00013,-0.2059940557473705,12202.5,0.443248969928071,-0.6005554114536843,0
TX000107,AC00013,-0.23415574208001164,11333.5,0.41189273547376803,-0.6128832769592478,0
TX001980,AC00013,-0.31328892969085514,9811.5,0.35514440231962646,-0.882127059081757,0
TX000780,AC00013,-0.41522906071872695,6405.5,0.23221132613865975,-1.0909038284070645,0
TX000578,AC00013,-0.5269113839364825,4581.5,0.16571862222033654,-1.3659726666193694,0
TX002447,AC00014,0.11623241265563464,17406.5,0.6332005435298803,0.29065521725620924,0
TX000375,AC00014,0.613179205765561,20320.5,0.7370851839111104,1.4208509827212523,1
TX001234,AC00014,0.6820955486169819,22654.5,0.8233639231107837,1.8262029427064321,1
TX000520,AC00014,0.38916950278054313,21230.5,0.7698887441559751,0.8562498067527978,0
TX000080,AC00014,-0.261920647057493,11811.5,0.42873409812899593,-0.7579491846347636,0
TX000657,AC00014,0.0013180100103194203,17193.5,0.6243253336222903,-0.13402064898264426,0
TX000022,AC00014,-0.2804226010382596,12423.5,0.4503238139467834,-0.7686630397451621,0
TX002124,AC00014,-0.08791703728519983,13852.5,0.502869535592565,-0.32761753894516954,0
TX000740,AC00014,-0.1321247757458542,13355.5,0.48408431294226434,-0.4443584351668975,0
TX001456,AC00015,0.12556173042581878,16354.5,0.5950525058253424,0.351374173395661,0
TX001467,AC00015,0.35797116306570476,18735.5,0.6813997075637123,1.132378663164036,0
TX001620,AC00015,-0.24467847609079355,10171.5,0.36825398408583465,-0.7056037176123666,0
TX001562,AC00015,0.021422837174829856,15083.5,0.5481684432775813,-0.08122559004976172,0
TX001181,AC00016,0.021817781377161803,16429.5,0.5974866624608811,0.077494868047995,0
TX002335,AC00016,1.2073437226850332,22145.0,0.8050196239188825,4.266164803925033,2
TX001135,AC00016,0.5092300538749358,21855.5,0.7937355240301099,1.2139613788383505,0
TX001592,AC00016,0.1425040578519738,18221.5,0.6614970870877241,0.28300268656903393,0
TX001969,AC00016,0.920560013682327,23211.5,0.8431239534753658,2.219995684962646,3
TX001542,AC00016,-0.06688380158811186,14123.5,0.5135769320056102,-0.29755070451104315,0
TX001864,AC00017,-0.423186465175876,7305.5,0.26452371588142864,-0.9589854499864028,0
TX000952,AC00017,0.15263632172120434,17256.5,0.6275300855492456,0.23441481086421942,0
TX001670,AC00017,-0.06132783971056687,14139.5,0.5136455150769457,-0.3621449543088025,0
TX000971,AC00017,-0.5963546751936999,3303.0,0.11988733693741994,-1.5959288170216415,0
TX001337,AC00017,0.1502565195122085,17217.5,0.6258435627374793,0.2531272967820188,0
TX001498,AC00018,0.2681702319973272,18080.5,0.6579737372639186,0.8034668886311713,0
TX001802,AC00018,1.5454026053688346,25092.5,0.9117474333779948,4.411701314197545,3
TX000102,AC00018,0.499746665361245,20331.5,0.7374633851977243,1.1436277567547704,1
TX002086,AC00019,-0.5911950588822769,3590.0,0.1299108914256456,-1.5110322680196617,0
TX001683,AC00019,-0.44484400515920586,7945.0,0.288538925051359,-1.0780122193897816,0
TX002414,AC00019,-0.24690654249214075,11526.5,0.41922211429194073,-0.6728530054184884,0
TX000003,AC00019,-0.5157363573519789,4301.5,0.15608429775515192,-1.4052414764851198,0
TX001326,AC00020,0.2766058282929558,18978.0,0.6904028176673849,0.7439435085814368,0
TX001830,AC00020,-0.553680674990511,7287.0,0.26714896194881027,-1.3437817875405502,0
TX000404,AC00020,-0.48202265935791394,9412.5,0.3441551704644894,-1.3208320954577468,0
TX002028,AC00020,-0.5473404644568232,6599.5,0.24253190318143486,-1.4274553084787858,0
TX000206,AC00020,-0.6081424551042536,5303.5,0.19566787918483292,-1.5938915712107276,0
TX001259,AC00020,1.868323368053521,25976.0,0.9438289579181988,6.142953873637333,2
TX001715,AC00020,-0.07741180380466604,13952.5,0.5080165805902918,-0.3792983254807654,0
TX002170,AC00020,-0.30766105450727077,12460.5,0.45385382319886874,-0.8879773707836085,0
TX001139,AC00020,0.40639449159426666,21037.5,0.7644951195129326,0.8560055598305697,0
TX001821,AC00021,-0.2685216327299217,12129.5,0.4424334762287941,-0.6950580113802179,0
TX002112,AC00021,0.8517988742179734,23125.0,0.8406282799944265,2.8949260338326965,1
TX002126,AC00021,0.011411579543118801,14622.5,0.529824249551739,-0.15885669570281535,0
TX000382,AC00021,-0.5507960315426715,4689.0,0.17091335294319007,-1.5179483305791694,0
TX001998,AC00021,0.6634200914908127,23476.5,0.8525502084732518,1.5125411466690515,1
TX000459,AC00021,0.042240860585627316,14792.5,0.5367057592182156,-0.10506152137477327,0
TX001776,AC00021,0.39052160679273107,21223.5,0.7702817709571304,0.8035198454343093,1
TX002149,AC00021,0.3483036781993121,19605.5,0.7114364410906372,0.7052730777023158,0
TX000078,AC00022,-0.5538789565933508,6375.5,0.23058036887326575,-1.2807485458490275,0
TX001771,AC00022,-0.2872211792473258,10463.5,0.3801207839491024,-0.6765669839453708,0
TX000584,AC00022,0.34328004178126065,22423.5,0.8145681743451583,0.7715036695344113,0
TX001053,AC00022,-0.05380740528894904,12331.5,0.44721807958239784,-0.25419455194371754,0
TX001358,AC00023,-0.31634152784322256,9671.5,0.351892582397317,-0.8218388246583055,0
TX000670,AC00023,0.4322869908968117,21231.5,0.771491105052873,1.0569272326252401,0
TX001959,AC00023,-0.6023161586193941,3460.0,0.12536364697050853,-1.5504037815240095,0
TX001719,AC00023,-0.2537084465979828,9889.5,0.3603835945195255,-0.7659594302430028,0
TX000271,AC00023,-0.5650938546427842,3955.5,0.14303555483825245,-1.4734841641780754,0
TX000617,AC00023,-0.1892712841120686,10036.5,0.3636484319667986,-0.6300522092963993,0
TX001471,AC00024,0.25947988961287266,18370.5,0.66812077744034,0.762555607297006,0
TX001041,AC00024,0.12016422788059886,16694.0,0.607508032295033,0.5465406258361563,0
TX001308,AC00024,-0.19483602562138244,12233.5,0.4429936215333006,-0.5785972094538628,0
TX002214,AC00024,-0.11057381085367327,12856.5,0.4660968054270543,-0.4087264323897979,0
TX001387,AC00024,-0.3789452171445898,8149.5,0.29536467330592586,-1.0208966656481695,0
TX001807,AC00025,-0.3569026649180381,11928.5,0.42683121019108283,-0.8535053112941625,0
TX001064,AC00025,1.44934263767402,23051.0,0.8696058917197451,3.335073069765814,2
TX000283,AC00026,-0.2647797872865888,11546.5,0.4192664100366082,-0.7658032686240304,0
TX000638,AC00026,-0.1557296102671838,12481.5,0.4536774236823493,-0.42036330880475403,0
TX000698,AC00026,-0.5847759956002025,4679.0,0.1711762647610296,-1.5178410337092727,0
TX000240,AC00026,-0.49450948589595417,5094.5,0.18511105817049778,-1.2978627602313857,0
TX001513,AC00026,0.1810938406180375,18206.5,0.6616271116715611,0.3338924013444175,0
TX001927,AC00026,-0.04995702736628299,13459.5,0.48897504528411234,-0.15168675456614267,0
TX000791,AC00027,-0.36973661201527774,7586.5,0.27528640664240905,-0.9946509691688471,0
TX002377,AC00027,-0.13252250118774764,11736.5,0.4259635047661016,-0.47936992919495247,0
TX001258,AC00027,0.7233483633507644,22489.5,0.816991513176387,1.8477284536030134,1
TX001438,AC00028,-0.4730847668097741,6290.5,0.22770973342037396,-1.107428353787843,0
TX001580,AC00028,0.042397994575410394,16262.5,0.5915191819256969,0.06816979963581983,0
TX002415,AC00028,1.0157651532438592,23328.5,0.8477012406906617,2.520605613603961,0
TX001220,AC00029,-0.3175186706664252,8941.5,0.3239508567942078,-0.7878522233277853,0
TX000350,AC00029,-0.5466110659625616,5743.0,0.20788746301455988,-1.3050122579631231,0
TX001860,AC00029,0.09314898484411546,17679.5,0.6416186334057653,0.14963815090986674,0
TX000411,AC00029,0.24526232056182456,18813.5,0.6830425071608441,0.4812173837831733,0
TX000772,AC00029,-0.1989655191262714,12950.5,0.4710068229910705,-0.49796178109050987,0
TX002087,AC00029,1.5216210880773202,26337.0,0.9568918634201281,4.467594858404239,2
TX001347,AC00030,-0.13229698786653793,14611.5,0.5308067110885688,-0.29227557468044535,0
TX001474,AC00030,-0.318289334258871,8763.0,0.3186792563811184,-0.9046888782431709,0
TX001920,AC00030,-0.312773593043392,9134.5,0.3312669770221399,-0.9214906928971461,0
TX002498,AC00030,0.20259207130744472,17622.5,0.6400148863835242,0.3172832941414564,0
TX001785,AC00030,-0.4589289627275496,5876.5,0.21335688762067126,-1.2931629924368717,0
TX000702,AC00030,-0.5769590964221836,3791.5,0.13732414589366992,-1.5694003020206715,0
TX000781,AC00030,0.051999611702539944,16826.5,0.6111397560274757,0.014605081958159166,0
TX001616,AC00030,-0.004755447798536993,15976.5,0.5797153904992317,-0.17837644601579758,0
TX000560,AC00030,0.15398549991140945,18308.5,0.6639627931414036,0.21186327654141243,0
TX002368,AC00032,-0.2868626421697389,9443.5,0.3431291665119831,-0.7893541912564467,0
TX001137,AC00032,0.3899903654797065,20542.5,0.7462280968089224,0.882426954696034,0
TX002044,AC00032,0.012166357052549847,17069.5,0.6209100714421055,-0.0832847818781202,0
TX000754,AC00032,0.33112493818251787,19133.5,0.6945487035027266,0.693168892730041,0
TX001034,AC00032,0.16452522670003797,18219.5,0.6620180291515418,0.3190062305600518,0
TX001311,AC00032,0.041879554078493544,16067.5,0.5838887125764237,-0.00795129527561288,0
TX000643,AC00032,-0.2535358652473117,11187.5,0.40541076137092863,-0.7701200454442793,0
TX002427,AC00032,0.37492368421526384,20963.5,0.7615618372211537,0.7559746947211293,1
TX001161,AC00032,-0.06745935274563901,12836.5,0.4649520466924157,-0.30470182349982367,0
TX000532,AC00033,-0.5747551560822066,5509.0,0.19940079006733916,-1.278921226257556,0
TX002072,AC00033,-0.23681087897001488,12019.5,0.4366228990558438,-0.5636394412250204,0
TX002247,AC00033,-0.3396603907138778,10087.5,0.367893922961323,-0.7996812112581083,0
TX000978,AC00033,0.3481193785319082,17146.5,0.6214493646001427,0.6085622193241463,1
TX002436,AC00033,0.0631188888345156,15320.5,0.5565863523545086,0.034554095556575175,0
TX000286,AC00033,-0.5037808828698294,6070.5,0.21976452321868428,-1.2327839198005692,0
TX000348,AC00034,-0.3174074307235355,9295.5,0.3378211200423118,-0.870207849287492,0
TX001916,AC00034,-0.3939579755142883,7163.5,0.2601388288904199,-1.0508226122001425,0
TX002061,AC00034,-0.518327503391239,6278.0,0.2272258702094906,-1.3401630518535497,0
TX000675,AC00034,-0.021780432753221987,14643.5,0.5318570626340624,-0.14092170447987695,0
TX000176,AC00035,-0.11604711679492329,12950.5,0.4700538618175262,-0.21619406333296343,0
TX000716,AC00035,-0.17817180020533277,13544.0,0.4930208588962971,-0.45081843273840555,0
TX001840,AC00035,0.8971015072292091,24526.5,0.8911843844422255,2.286893299561876,1
TX002267,AC00035,0.16942807796035997,17988.5,0.6533515516407626,0.3599463791484043,0
TX000300,AC00035,-0.24963579712988285,10692.5,0.3878729611301526,-0.6822661552832315,0
TX000878,AC00035,-0.2520212879614041,10679.5,0.3866649830265938,-0.714649466878882,0
TX000989,AC00035,-0.010640242324531833,15880.5,0.5767052083840576,-0.13514799259725777,0
TX001590,AC00035,0.08767372499790742,15893.5,0.5764497695898082,0.13998720500766365,0
TX001296,AC00035,-0.037598244663749544,14756.5,0.5349537871837163,-0.15054259317997828,0
TX000470,AC00036,-0.5077470429156227,8276.0,0.2994123551740081,-1.1855426074044324,0
TX001316,AC00036,0.16007723065800014,17956.5,0.6530453384725236,0.3869916251764933,0
TX002237,AC00036,-0.38714293559769897,7259.5,0.26331805803116204,-1.0654281642026988,0
TX001814,AC00036,-0.10980724433920648,14212.5,0.5166387322232437,-0.3063592991712433,0
TX000181,AC00036,0.12980678741156484,17851.0,0.6482511377075753,0.22842296684553415,0
TX000766,AC00037,-0.14270153875466302,13483.0,0.4887141719745223,-0.25339824814798817,0
TX002139,AC00037,0.04440523215032038,16046.0,0.5907444267515924,0.09431847331507638,0
TX002301,AC00038,-0.3194574016606348,10706.0,0.3781648089171975,-0.7881715644009268,0
TX002125,AC00039,0.8554431119924392,23078.5,0.8386852486612439,2.2530871203323586,1
TX000597,AC00039,0.5174535809751428,20423.5,0.742423664872016,1.4345043831622994,0
TX000496,AC00039,-0.0356877483586264,16609.5,0.6043024818393474,-0.16950620818545098,0
TX000996,AC00039,-0.21678226240303988,13276.5,0.48179708559311946,-0.6301303966237083,0
TX000397,AC00039,-0.3825718549099668,7511.5,0.2724130592051499,-1.0810952715641486,0
TX000824,AC00039,0.06957643974909081,16262.0,0.5910718401042945,0.08267635990921747,0
TX000594,AC00039,0.4696674379497394,21324.5,0.7742899633195074,1.0707930063539561,0
TX002231,AC00040,-0.34611848775282633,9928.5,0.36090667603767757,-0.8624151479655296,0
TX000351,AC00040,-0.43176909055689905,7899.5,0.28611997059485755,-1.1411378548667523,0
TX001145,AC00040,0.30433841381052457,20619.5,0.749657762639414,0.8031356771421229,0
TX000441,AC00040,0.6336434863408836,24335.5,0.8841842706594147,1.4760159349933692,1
TX001517,AC00040,0.4031234933482594,20713.5,0.7532916408927708,0.985625004234193,0
TX002049,AC00041,-0.48706407143272823,7260.5,0.2627211502718975,-1.1100150952181858,0
TX001397,AC00041,-0.2637088618743431,10492.5,0.38073441561196586,-0.6260027970552485,0
TX000549,AC00041,0.41830423250346,21626.5,0.7860032347344208,1.0761447010597818,0
TX001066,AC00041,-0.23156146119315066,11235.5,0.4071130739583449,-0.611482701811915,0
TX000026,AC00041,0.3278425765369513,19365.5,0.7035231720381635,0.7572216580770491,0
TX001638,AC00041,-0.0983688514343157,13191.5,0.4778839934825591,-0.36382924457875543,0
TX000253,AC00041,-0.3284135646482334,8690.5,0.31459538458831116,-0.9135241560560332,0
TX002320,AC00042,-0.5015208599038657,5208.5,0.18840804769910424,-1.2046908863937558,0
TX002217,AC00042,-0.30049271124642074,11097.5,0.40249010487303816,-0.7675631610529646,0
TX001480,AC00042,-0.315392517099607,10019.5,0.36354531629451814,-0.8735458862311116,0
TX002478,AC00042,-0.5564866670813948,4471.5,0.1617327585292511,-1.4961928828363353,0
TX001376,AC00042,0.096590707140064,15443.5,0.5609747347920354,0.05087321729540822,0
TX000524,AC00043,-0.5504990409540336,4762.5,0.1729766758496466,-1.4130216710911645,0
TX002456,AC00043,0.136102152478408,18640.5,0.67771472347161,0.23886499831579697,0
TX002117,AC00043,-0.0715195598212117,12916.5,0.46921287546519574,-0.3918091227005527,0
TX000727,AC00043,0.025741272599701374,15999.5,0.5811725698329948,-0.13362537264975277,0
TX001172,AC00044,-0.18384398047846706,13978.0,0.5084195859872611,-0.4450737076683987,0
TX001073,AC00045,0.3248785331157217,19973.5,0.7263917692841373,0.8827897521010332,0
TX000736,AC00045,0.6656959350489824,22279.0,0.8098408993277654,2.0705283662199676,1
TX000752,AC00045,0.37062977183595136,18232.5,0.6610764583123405,0.7113117498387004,0
TX000904,AC00045,0.1671240131701738,18127.5,0.6582460506275652,0.31851481200867776,0
TX000546,AC00045,0.004075141088354597,16359.5,0.5945241208710942,-0.15476185600330902,0
TX000734,AC00046,-0.44569353165033593,7056.5,0.255867091913851,-1.0392891349494258,0
TX002418,AC00046,0.7022601915344449,22334.5,0.811668791857972,1.780282451174328,1
TX002437,AC00046,0.5384811347107865,23305.5,0.8467942928518841,1.3138518272080784,0
TX000194,AC00047,0.11265042301290507,18708.5,0.6803015949601929,0.2904129151646958,0
TX000224,AC00047,0.5039272945255496,20887.5,0.7588230042085176,1.0812709367887794,0
TX001879,AC00047,0.0005099481359373149,15625.0,0.5671620216601974,-0.22745219908697578,0
TX002505,AC00047,-0.14420445400073284,11169.5,0.4055283409598351,-0.5569971429807663,0
TX002063,AC00048,-0.1855127580284003,12460.0,0.4531711414006953,-0.5171233187689412,0
TX001707,AC00048,0.5902979039960772,21777.0,0.7917995137231231,1.6718543322484951,0
TX002336,AC00048,0.629546006087436,21061.5,0.7650703313972578,1.468308353161375,2
TX000669,AC00049,0.33041630835767005,19511.0,0.7286823248407643,0.7168447170901114,0
TX000326,AC00049,0.38218528264826634,17769.0,0.6593351910828026,0.7780104682792688,0
TX000817,AC00050,-0.4401899064657147,7510.5,0.2719559090402854,-0.951309633546577,0
TX000932,AC00050,0.0013079729516316321,15891.5,0.5781921592795427,-0.014637949395888163,0
TX001758,AC00050,2.018167522348744,24423.5,0.8870888963163779,4.87332494346898,2
TX002291,AC00050,-0.2381615800305169,10664.5,0.38610556091791876,-0.7331969476662645,0
TX001686,AC00050,0.015379364597349256,16040.5,0.5830491424825962,-0.14675597202115026,0
TX001935,AC00051,-0.2702651109834867,9728.5,0.3529477552483527,-0.763508069226604,0
TX000595,AC00051,0.1841530814370057,18958.5,0.6886082524117376,0.31862899576451337,0
TX001333,AC00051,0.12536183122699426,19894.5,0.7230886024578052,0.24838056008033008,0
TX002486,AC00051,0.01218367284132043,15823.5,0.5755737986391382,-0.056173531194420125,0
TX001148,AC00052,0.08827211471768576,17373.5,0.6312604803129219,0.18471438072133595,0
TX000505,AC00052,0.4839548334212406,20709.5,0.7526082509653459,1.2404817932280872,0
TX001054,AC00052,-0.18998266400470032,11447.5,0.41552947637729026,-0.4653667895418961,0
TX001241,AC00053,-0.5701560763583083,4825.5,0.17446941231178226,-1.3774269048383923,0
TX000072,AC00053,-0.31153693555989065,9543.5,0.3463421146583599,-0.78323883335852,0
TX001236,AC00053,0.1386716428204199,16410.5,0.5951069263116482,0.29448630579627433,0
TX001743,AC00053,0.005299105585738114,14800.5,0.537568712643922,-0.06983135133951561,0
TX000129,AC00053,-0.28102369166733027,9476.5,0.3437450280286598,-0.7211245024172497,0
TX000807,AC00053,-0.033156262369992584,13942.5,0.5048985518967739,-0.13179963624063623,0
TX000406,AC00053,-0.09971352941085597,14964.5,0.5428044696636223,-0.2960507308335043,0
TX000659,AC00054,-0.6370164072658501,4034.5,0.145829923264101,-1.5267226397868272,0
TX001548,AC00054,-0.4966473676266899,5557.5,0.20148912349629508,-1.2393045783365557,0
TX001813,AC00054,-0.12379641523425917,13852.5,0.5032788945662441,-0.32074590895142324,0
TX000478,AC00054,0.1584582823787246,16867.5,0.6120318783517114,0.3683918987893998,0
TX002292,AC00054,0.08493787692118861,17389.5,0.6318461484036416,0.15392261890813036,0
TX002080,AC00054,0.2914522437986357,19998.0,0.7263917542175575,0.5660016088769619,1
TX000859,AC00054,-0.2661610762161405,11068.5,0.40093345597931074,-0.7278952242457223,0
TX002470,AC00054,0.4941827207501269,21416.5,0.7775282835862992,1.1194806636143864,1
TX002103,AC00054,0.3836965429457262,20539.5,0.7455112892074592,0.899499654920911,0
TX002137,AC00055,-0.5160265323689099,5227.5,0.18943209299623406,-1.365500929141582,0
TX000054,AC00055,-0.03290320959321674,13721.5,0.49916448281614384,-0.20372622112867678,0
TX000276,AC00055,-0.454608838885879,6461.5,0.23570800811618575,-1.286074958222694,0
TX000229,AC00055,-0.2534311175889628,11563.5,0.4220162717856718,-0.7163099032620611,0
TX000339,AC00055,0.17777666189866323,18402.5,0.6696898713289977,0.45384899819486313,0
TX000647,AC00056,-0.2947902232989082,10324.5,0.3743628192728796,-0.6697115739662899,0
TX001417,AC00056,-0.3481029141884096,8969.5,0.3256287615223176,-0.8732566993267209,0
TX002258,AC00056,-0.302042919067434,10041.5,0.3636172441465735,-0.7272794816617095,0
TX001611,AC00056,-0.18151463105145627,12689.5,0.4596835047950295,-0.4896956374169148,0
TX002204,AC00056,-0.37784791904611037,9075.0,0.32860156345296115,-0.9312718691777879,0
TX002269,AC00056,-0.1442107854213626,13744.5,0.4984555399693461,-0.39485223758485066,0
TX001564,AC00057,-0.09481306367778053,14217.5,0.5165743979274171,-0.19952316678431303,0
TX002493,AC00057,0.496536712390338,23662.5,0.8592997650336744,1.2022514218856608,0
TX000028,AC00057,-0.45199312384220086,7258.0,0.2639648211030472,-1.22816488456927,0
TX000592,AC00057,-0.1540911811934453,11296.5,0.4101924116748878,-0.502795117831956,0
TX001106,AC00057,-0.2870548346256924,11264.5,0.40964091458719737,-0.7640178982444433,0
TX000640,AC00058,-0.157596901173252,15284.5,0.5563906073495017,-0.45981288192545966,0
TX002106,AC00058,-0.22385452664644268,11002.5,0.4003248866872665,-0.5299192902643777,0
TX002477,AC00058,-0.2633894275656963,11514.5,0.41899002869641055,-0.7646937422647573,0
TX000876,AC00058,-0.5281467500451423,6555.0,0.23928401563645812,-1.4206133451937124,0
TX001603,AC00058,-0.31827878613961136,8580.5,0.311110032678809,-0.8980301042730546,0
TX002476,AC00058,0.006210083053037752,15270.5,0.5545713479695313,-0.09143838098396116,0
TX002075,AC00058,-0.33725037878150915,10627.5,0.3860907354033769,-0.8752212012580791,0
TX001431,AC00059,-0.2855983911665763,10041.5,0.3645221429304957,-0.7919640978794386,0
TX001828,AC00059,-0.1671036177105867,12010.5,0.436852393199645,-0.5157269592654654,0
TX001577,AC00059,-0.20360422873502648,13368.5,0.48508844022087366,-0.5421822943937993,0
TX002193,AC00059,-0.24800818683043896,9635.5,0.3489274493558013,-0.6984244795934124,0
TX001186,AC00060,-0.3702771777275172,9340.5,0.338140380868674,-0.8718576180495695,0
TX001485,AC00060,0.04854064033146997,15220.5,0.5524867359857907,0.004049068561875276,0
TX000033,AC00060,-0.15539011157624502,11535.5,0.41884346100793246,-0.5873030653488357,0
TX001299,AC00060,-0.2593199193996894,9376.5,0.3394067570356106,-0.888793356489791,0
TX001115,AC00061,-0.5948208799745838,4077.0,0.1477326062965286,-1.532103672610018,0
TX001447,AC00061,-0.3016955714159336,8645.5,0.313780583951706,-0.8215886184708951,0
TX001110,AC00061,-0.4887524578366884,4949.0,0.1794808128913996,-1.3459462438608851,0
TX000775,AC00061,-0.4837697905127832,4569.5,0.1655793467564908,-1.3083633711994163,0
TX000923,AC00061,-0.14795992128035543,13493.5,0.4906314349362406,-0.4123569284346157,0
TX001926,AC00062,0.08916973595310766,16403.5,0.5965341231515717,0.1978537747547866,0
TX001003,AC00062,-0.07026409736855589,13879.5,0.5049487838738902,-0.22287194973023777,0
TX000164,AC00062,-0.5955950446863034,3506.5,0.1273829151975747,-1.579190812629227,0
TX002352,AC00063,-0.4148894039076995,9272.5,0.33884661173110425,-0.8610912833698409,0
TX001872,AC00063,1.8947226252140914,22355.0,0.8127802685177908,7.275254202045094,1
TX000363,AC00063,0.1532050732306709,20142.5,0.7319195166207276,0.257269350563083,0
TX000893,AC00063,-0.013920762071823039,14346.5,0.5206313457420881,-0.21757296768034934,0
TX002392,AC00063,0.016453956127970223,16431.5,0.5961751769539666,-0.033442964173262556,0
TX001622,AC00063,-0.27888941030981124,10327.0,0.374647200966961,-0.7712632305584981,0
TX001126,AC00063,-0.26934010237091716,11874.5,0.43072900369649486,-0.7987488887192251,0
TX001378,AC00063,0.39692346322360744,21134.5,0.7673757591748239,0.9470449680051776,0
TX001664,AC00063,-0.111340147467761,14151.5,0.513388690157353,-0.30906813552275736,0
TX000467,AC00063,0.4997248090771493,21059.5,0.7643515952735779,1.13804810681666,1
TX002165,AC00064,-0.543085627512236,4015.5,0.14531467636745485,-1.3707432514440239,0
TX002338,AC00064,-0.04655085846176792,15322.5,0.5578072575835521,-0.11890796546920512,0
TX002135,AC00064,-0.5247861690101262,6296.5,0.2307807845180165,-1.386123568837854,0
TX001937,AC00064,-0.292030948228156,10941.5,0.39931057440069967,-0.8831587211439854,0
TX002011,AC00065,-0.00029047150247007644,17130.5,0.6232286975435931,-0.00954824436481189,0
TX001924,AC00065,-0.35630421677975754,8791.5,0.321092877268364,-0.9511106752680445,0
TX001070,AC00065,-0.15011359110099842,13857.5,0.5044492664865747,-0.5366568663721801,0
TX000841,AC00065,-0.10468999152051817,12301.5,0.44672901840147683,-0.37518393903864217,0
TX002153,AC00065,-0.3828531426014509,6581.5,0.23835204220860148,-1.101216769623332,0
TX002006,AC00066,-0.3465795970910991,8986.5,0.3260683139219537,-0.9267857962821362,0
TX002107,AC00066,-0.5512784190545217,5432.0,0.1969174561152716,-1.3542420964705075,0
TX000124,AC00066,0.43266350476771004,20186.5,0.7333958606440203,0.9659459698898197,0
TX002312,AC00066,-0.21733723482262896,11809.5,0.4299676894182468,-0.6044160473011294,0
TX000519,AC00067,-0.35450423299948886,9763.5,0.3552187408244529,-0.8387432670337115,0
TX000726,AC00067,0.7367201342907267,22613.0,0.8220526334694067,2.346850144028022,1
TX002419,AC00067,0.4226650140556226,20106.5,0.7298990581338558,0.9299190382943942,1
TX001037,AC00067,0.4593282777895311,20227.5,0.7348829622053036,0.9302820605810899,1
TX000309,AC00067,0.33474503895115915,20007.5,0.7262864237580439,0.7216967859106841,0
TX001428,AC00067,-0.33511029754067506,10124.5,0.3665663162140023,-0.9591639531275278,0
TX001698,AC00067,-0.2926219586186504,11214.5,0.4078562782076507,-0.8091615485739858,0
TX000853,AC00068,-0.38577332579296286,7357.5,0.2670453189462362,-1.0592849199448218,0
TX001147,AC00068,0.11710450446410593,17890.5,0.6510396452338743,0.3791173363019332,0
TX001461,AC00068,0.2377937081885801,17356.5,0.6307314324291617,0.38630949116784374,0
TX000111,AC00068,0.7818436422196535,22789.5,0.8276313811786838,1.8605475033164856,2
TX002503,AC00069,0.134413072533523,19082.5,0.6933990933293863,0.34915807544533145,0
TX000008,AC00069,0.1600214873537699,17231.5,0.6263121032366871,0.41771942529684036,0
TX002027,AC00069,-0.306035524811972,9305.5,0.3376095852616547,-0.8362519970301242,0
TX001404,AC00069,-0.20872564026680013,11482.0,0.41683603511260403,-0.6116857371492218,0
TX000373,AC00069,0.3448827215430754,21302.5,0.773508700889579,0.755979612292102,0
TX002417,AC00069,-0.42397198637496875,7677.5,0.2792525632470914,-1.0945636441182232,0
TX002120,AC00069,-0.22807102363374673,11688.5,0.42328337114843984,-0.675232854635038,0
TX002481,AC00070,-0.15286072061555636,13269.5,0.48084105083729195,-0.3359744411059744,0
TX001297,AC00070,-0.368843476995615,8736.5,0.31780474688869104,-0.922413257645243,0
TX001932,AC00070,-0.07911501922733094,15173.5,0.5499389170720984,-0.19814159924540087,0
TX000004,AC00070,-0.2207763071827873,12643.5,0.4580933478277849,-0.5677503660834733,0
TX001255,AC00070,0.4668260543848884,20783.5,0.7549283234584959,1.1203684083233136,0
TX000219,AC00070,0.267335460978775,19334.5,0.7023946550765696,0.4774198588566005,0
TX001004,AC00070,0.0466808429108573,17422.5,0.632198495439286,0.019469374116284126,0
TX000443,AC00070,-0.32392424146487603,9037.5,0.3272643291611362,-0.9091811628801408,0
TX002360,AC00071,0.1770187428109562,16960.5,0.6172802611652999,0.5833483459891698,0
TX001865,AC00071,0.2023986754969739,15619.5,0.568317010602533,0.6157827700913248,0
TX001773,AC00071,0.0033892160804834866,15719.5,0.5706664930594896,-0.09637380402004579,0
TX000658,AC00071,-0.12273241869075684,12956.5,0.47032900769817854,-0.4836308693301189,0
TX002209,AC00071,-0.08436545848065788,13662.5,0.4965005909715268,-0.3754268945152364,0
TX000686,AC00071,0.5684529263183746,21566.5,0.7833876764778629,1.293789426033289,0
TX001885,AC00071,0.41929252239861753,21788.0,0.791733552236676,0.8509899716704922,0
TX001248,AC00071,1.053842297750923,23728.5,0.8619733597556948,2.6631564416796345,0
TX000448,AC00072,-0.3696620826874114,10068.5,0.3648280547671382,-0.8120119215273799,0
TX002094,AC00072,-0.0005855238085074113,15010.5,0.5450940172660593,-0.14057821187106206,0
TX000151,AC00072,-0.2563175109258143,11522.5,0.41885195855895035,-0.727517267993763,0
TX001444,AC00072,0.16736739995831912,17851.5,0.6484598249046467,0.24238922227840923,0
TX000257,AC00073,-0.3101768463444075,8987.5,0.3262172018637239,-0.8450289248820779,0
TX001881,AC00073,-0.1504117278322517,11861.5,0.4298674062629724,-0.43658322209739875,0
TX002402,AC00073,0.1469172513197745,18322.0,0.6657805307968123,0.16000693175937544,0
TX001867,AC00073,-0.47694838247761506,6276.5,0.22753619655402008,-1.242802301727656,0
TX001249,AC00073,-0.07902812073690182,12265.5,0.4454162371686979,-0.3289138522397237,0
TX000782,AC00074,-0.5745549548420745,4941.5,0.17865252766585651,-1.3659637715489208,0
TX001377,AC00074,-0.27238432575593396,8883.0,0.3220690861745688,-0.6941144595428101,0
TX000463,AC00074,-0.17939848139055103,12133.5,0.4408314166634927,-0.5208592370232193,0
TX000494,AC00075,-0.27459115450439264,8662.5,0.31380083343498255,-0.7453176375744232,0
TX001415,AC00075,-0.17938892480655882,12443.5,0.45162933308808956,-0.5133402399248567,0
TX002386,AC00075,-0.5210311981505955,6151.0,0.2228153700327897,-1.3700836852761002,0
TX000103,AC00075,-0.19221012619263633,13435.5,0.487970586540747,-0.5270611060057964,0
TX001009,AC00075,-0.003878388847626522,15264.5,0.5549160411826277,-0.10472510441342253,0
TX000241,AC00076,-0.4718908818336523,6053.5,0.21915592379348034,-1.1699233517433114,0
TX000909,AC00076,0.03796647460092408,16665.0,0.606020991000069,0.028007073014378093,0
TX002351,AC00076,-0.3831524458939886,7172.5,0.2602474287977545,-0.996015962482615,0
TX001770,AC00076,-0.3120672486088078,10261.5,0.37202650500668466,-0.8440111289818182,0
TX002090,AC00076,-0.23320041300067706,10811.5,0.3929154139307766,-0.6572005200765797,0
TX000831,AC00076,-0.041847822746600066,13167.5,0.4775573801652454,-0.25238669234318434,0
TX001913,AC00076,0.06981485102973703,15686.5,0.5699694226775892,-0.025062660804877162,0
TX002145,AC00077,0.1766785607108002,17248.5,0.626771543521684,0.44814162026564125,0
TX000184,AC00077,0.24366864935510227,18763.5,0.6818661086085857,0.5947488801452332,0
TX000335,AC00077,-0.04341725915362564,13937.5,0.5063633247867657,-0.2850114472133728,0
TX001359,AC00077,-0.01649109039870153,12346.5,0.44737642933629435,-0.23484165044429534,0
TX000533,AC00077,0.0374589532662928,16825.5,0.6106461447394494,-0.0692593759841111,0
TX000826,AC00077,-0.17684102227938173,12297.5,0.44672347390010353,-0.581794833906262,0
TX000611,AC00078,-0.38462795385204585,8816.5,0.319291215653622,-0.9980776402495751,0
TX002434,AC00078,-0.6337036931771067,4549.0,0.1646717209216215,-1.5346371046998193,0
TX001331,AC00078,-0.4172602310510208,7972.5,0.2898059490812279,-1.1840608891880833,0
TX000779,AC00078,-0.24906804256577894,11263.5,0.41016490010013856,-0.8056880715165314,0
TX001076,AC00078,0.3716252805334826,20735.5,0.7533867712777471,0.8792840723290174,0
TX000836,AC00078,0.3542393810755544,20395.5,0.7404109807403308,0.7823009002376824,0
TX001265,AC00079,-0.46974418185997824,6460.5,0.23382887414801504,-1.0907304794905652,0
TX001800,AC00079,-0.37568138988432853,10166.0,0.3693609106385482,-0.8829743563070689,0
TX002390,AC00079,0.24309674493291325,19524.5,0.7096618691864095,0.530859052956568,0
TX002443,AC00079,-0.46133930200668566,6496.0,0.23589090132860716,-1.1075017440111867,0
TX001341,AC00079,-0.4271021596956378,8516.5,0.30830993895262926,-1.035728057959783,0
TX001093,AC00080,-0.4941219873019419,5159.5,0.1865717630839385,-1.2299684892675005,0
TX000504,AC00080,-0.6462289494251668,2386.5,0.08617069675579171,-1.678626966127274,0
TX002070,AC00080,-0.21367202467498891,11915.5,0.4336811794793665,-0.6174728392888927,0
TX002134,AC00080,0.3175084251923619,17547.5,0.6357759041514816,0.5625538356332414,0
TX000438,AC00080,-0.34483531425144703,8771.5,0.31889074596203604,-0.9593428838932426,0
TX001448,AC00080,0.33470693434676263,18765.5,0.6814876963898546,0.7256440257694616,0
TX002093,AC00081,0.07558243907774222,16773.0,0.6106520960384779,0.3038169036263949,0
TX001584,AC00081,-0.07578151820723066,14328.5,0.521420141461926,-0.38607785313531273,0
TX002339,AC00081,-0.30649388986952986,10468.5,0.3823949335069646,-0.8221679975025057,0
TX002129,AC00082,-0.04299344944766138,14145.5,0.5131234882193809,-0.017034769248232422,0
TX000984,AC00082,0.38542564300407944,22364.5,0.8125887572217129,0.9897869096339412,0
TX002096,AC00082,-0.019958924769335057,14249.5,0.5184650126294099,-0.23167499742799733,0
TX001022,AC00083,-0.38247305982416935,9974.5,0.36328571912423874,-1.0062829633649257,0
TX001305,AC00083,0.5102847701767703,21682.5,0.7881143940318023,1.1673350336834332,0
TX001527,AC00083,-0.015507680844943878,15035.5,0.5473594282076266,-0.2170705083312475,0
TX000899,AC00083,1.1886879386822222,24122.5,0.8763962651515554,2.893459831793346,2
TX000810,AC00083,0.23144705683253436,18187.5,0.66014730233491,0.4224863063534433,1
TX000557,AC00083,0.40981112015407456,20755.5,0.7532570480255066,0.9487847857444259,1
TX000614,AC00084,-0.3271838833044689,10398.0,0.36590366242038214,-0.5892656047835972,0
TX002181,AC00084,11.715125767911816,26295.5,0.9987659235668792,37.44809048731495,3
TX000015,AC00085,-0.11518951036424575,13118.5,0.4773369862356548,-0.3390655530097697,0
TX001379,AC00085,-0.189825447049762,11328.5,0.41078368453330005,-0.5482903030916128,0
TX001898,AC00085,-0.011981195323628457,15562.5,0.5658381966244111,-0.19381619776002215,0
TX000119,AC00085,-0.41017234618853027,6839.5,0.2488458547861341,-1.1849698775672628,0
TX002255,AC00085,0.6789158457253435,23677.5,0.860126016270942,1.7074413376252944,1
TX000261,AC00085,-0.27058628348753494,10034.5,0.3646334246890378,-0.7716364221301961,0
TX002262,AC00086,-0.04728841420535497,14888.5,0.5414660752451513,-0.24370815815544702,0
TX000864,AC00086,0.3593747879160467,20430.5,0.7430449202242678,1.0352216425162328,0
TX000566,AC00086,0.9363277563974182,23291.5,0.8461268734990672,2.1620745508677266,2
TX001256,AC00086,0.3991330132048965,21728.0,0.7899963755835588,0.982192125369528,0
TX001854,AC00086,0.11505693918453161,18813.5,0.6829944447712218,0.17054691722989423,0
TX000554,AC00086,0.07183387084198345,17530.5,0.6373897759153611,0.039745402616676494,0
TX001084,AC00086,0.02862481524483047,14650.5,0.5307994489970961,-0.030923623861929633,0
TX001623,AC00087,-0.4888901329389225,5017.5,0.181484170810177,-1.1905510628949505,0
TX000287,AC00087,-0.11975941985665864,14582.5,0.5293843054210279,-0.3047240840193892,0
TX000155,AC00087,-0.18433945504050556,12105.5,0.4408920445806839,-0.5110315718324349,0
TX001738,AC00087,0.27401153774630305,21161.5,0.7691815490324363,0.6826993898479274,0
TX000368,AC00087,-0.5195504906581763,6158.0,0.22458846541219513,-1.3141032475615138,0
TX002025,AC00087,-0.24519561419106545,13249.5,0.4826678736403316,-0.637377764868007,0
TX001206,AC00087,-0.2004496877561606,13770.5,0.5018128560835475,-0.5276077916997682,0
TX000331,AC00087,-0.4089373289663681,9673.0,0.3537185464053069,-1.0493768672179555,0
TX001731,AC00087,0.26358551615186276,20059.5,0.7296615485695909,0.5871897137831316,0
TX001984,AC00088,-0.661356355248882,6940.0,0.22824442675159234,-1.5594680587598548,0
TX002400,AC00088,-0.4536014973917335,8624.0,0.2952826433121019,-1.0962631434179142,0
TX001062,AC00089,-0.6350233649951428,3195.5,0.11545497515340189,-1.5571870816257805,0
TX002500,AC00089,0.050977289360662155,17695.5,0.6434075185608211,-0.019299779905257688,0
TX002232,AC00089,-0.2695101842466497,13259.5,0.48265356038950363,-0.7375245480854835,0
TX001364,AC00089,0.28923292015933094,20919.5,0.7604617056959385,0.6010330943482642,0
TX002266,AC00089,-0.45244832559820064,8541.5,0.31258734096321006,-1.2217127749460868,0
TX001235,AC00090,-0.4339635847649122,9165.5,0.3351449941348818,-0.9244897603498459,0
TX000993,AC00090,4.667515529612589,27230.0,0.989226039437315,16.892474147652393,3
TX000385,AC00090,-0.3029935264207859,10562.5,0.38469798076491946,-0.8113313068711928,0
TX001420,AC00090,-0.27514635656565545,12049.5,0.43857869178213293,-0.723870604327384,0
TX001440,AC00090,-0.22022151651468602,12509.5,0.45569507978537477,-0.6070703490491385,0
TX001662,AC00090,-0.011113878748940754,15329.5,0.5557701655925601,-0.17176774847738913,0
TX002122,AC00090,-0.1712883497375907,12723.5,0.4614244179599417,-0.4994269711555902,0
TX001396,AC00090,-0.29808295874588353,12054.5,0.4379442381059597,-0.8299668961222718,0
TX000894,AC00090,-0.17160705721159503,13827.5,0.5012919140197298,-0.4587992444798057,0
TX001530,AC00091,0.07508850351192602,16770.5,0.6103643996968363,0.24036806036220115,0
TX001307,AC00091,0.2903109315568183,17274.5,0.628682015975878,1.0805434942201535,0
TX001676,AC00091,0.18345525462947013,18052.5,0.6550246651964898,0.39967600015519555,0
TX000517,AC00092,-0.3003917814947462,11922.5,0.4323849112180691,-0.6370328099766004,0
TX000846,AC00092,0.38734219434361294,20568.5,0.7477457835272382,1.0858059809895384,0
TX000120,AC00092,-0.29769532766480883,9094.5,0.33019393520743906,-0.8432803220422664,0
TX000668,AC00092,-0.1752940761040279,12206.5,0.4426843950490978,-0.5678096586232418,0
TX000776,AC00092,-0.49031937263533587,5856.5,0.21203479524156424,-1.3305902969746408,0
TX000366,AC00092,-0.2886961212551303,10810.5,0.3924698650323727,-0.8438448541170207,0
TX001402,AC00092,-0.37726657281851095,9008.5,0.3262579117623945,-0.9982583036748641,0
TX001035,AC00092,0.346205079402519,20042.5,0.7277734951861675,0.8155853754018998,0
TX000773,AC00093,0.6330519914981749,21473.5,0.7807694665032566,1.6030216044614007,0
TX002277,AC00093,1.9088619694818394,23435.5,0.8517558682520405,4.852376634388126,3
TX000541,AC00093,1.706227699237457,26484.0,0.9620775391285104,4.799496509075223,2
TX001182,AC00093,0.24419669697073873,18651.5,0.6776570486040633,0.4711974045852248,0
TX000449,AC00093,-0.008281063235501816,15910.5,0.5778737723148101,-0.10065868346942268,0
TX001229,AC00093,0.145839249455519,18557.5,0.6739552200757234,0.2643457213337229,0
TX001551,AC00093,0.5649716968717123,22632.5,0.8221384979077944,1.3458722431974366,1
TX000290,AC00093,0.19397437029210543,18452.5,0.6701867671314244,0.39690387083931045,0
TX001224,AC00093,-0.1409498178024333,12175.5,0.442291729845858,-0.49147993726694333,0
TX001819,AC00094,-0.31607941408764617,10038.5,0.3648461346629208,-0.6635734574425857,0
TX001349,AC00094,0.09108838215550841,15818.5,0.5741896319511776,0.20923587344992178,0
TX002042,AC00094,-0.06460355696165668,12845.5,0.4654020552984461,-0.19440960845451352,0
TX000881,AC00094,-0.0781409028639341,13533.5,0.4902476891482536,-0.20663498286634796,0
TX002261,AC00095,-0.2905360845932588,10812.5,0.3923748551800348,-0.7432624512336214,0
TX002221,AC00095,-0.11125197803451894,13856.5,0.5036954553650765,-0.41172004178613053,0
TX000506,AC00095,0.20250570633620057,18951.5,0.6886681571330975,0.42453248501375684,0
TX000023,AC00095,0.18223075547277343,19095.5,0.6933889384545884,0.3487438206823958,0
TX000599,AC00095,-0.16996063958472768,15311.5,0.5560402189692338,-0.5708050534085984,0
TX002510,AC00095,-0.5615096288580579,5826.0,0.21097740760329528,-1.4546318955070883,0
TX001134,AC00095,0.7560027342038562,22578.5,0.8203963794164966,1.8329632861114766,0
TX001602,AC00095,0.1853799648864108,18788.5,0.6820432915872556,0.41040947028325875,0
TX002318,AC00096,0.18883956345435257,18153.5,0.6601565230817592,0.4696516148834681,0
TX000217,AC00096,-0.20702754176560806,10531.0,0.383335916749553,-0.505127612971105,0
TX002143,AC00096,-0.13435319442825958,11391.0,0.41437307117645156,-0.4979624854029039,0
TX002396,AC00097,-0.5493070279144829,5623.5,0.20343018110752142,-1.2617329869977474,0
TX001355,AC00097,0.7195184967504236,20470.5,0.7440036066981434,1.8169895188975347,1
TX001216,AC00097,-0.010503906948154507,15211.5,0.5512030935183815,-0.12123391023078485,0
TX002131,AC00098,-0.4347616348326148,6609.5,0.23987415850138394,-1.0912785630159691,0
TX002381,AC00098,1.4207104195125617,25239.0,0.9170923477684828,3.9110932066035407,2
TX000086,AC00098,1.2896538339771841,24722.5,0.897826817620136,3.2057857662866187,3
TX001372,AC00098,1.0605383951192409,23876.5,0.8672466024259847,2.6800632677542247,2
TX000521,AC00098,0.2620721467309727,17143.5,0.620807136568783,0.5389056192661279,0
TX001735,AC00099,0.6742156187577949,22193.5,0.8067549473826819,1.7291567923835423,1
TX002110,AC00099,0.6108058921849955,20332.5,0.7393358898707746,1.8258359470331886,1
TX000187,AC00099,0.4295748077441766,21768.5,0.7906251190259804,0.9079666338928666,0
TX000192,AC00099,0.6852887694271782,22605.5,0.820805045327504,1.6853585209679263,1
TX001949,AC00100,-0.46563872287334174,5693.5,0.20605960061751283,-1.169903722933905,0
TX001048,AC00100,-0.20771566999671537,12132.5,0.43975774205243945,-0.564723803579087,0
TX001151,AC00100,-0.18358308357669334,12129.5,0.4405723016237675,-0.5800603826650225,0
TX002194,AC00101,-0.016025949588354276,15242.5,0.5527111376256131,0.041683197615410304,0
TX001488,AC00101,0.03522608442933221,17008.5,0.6179086279432262,0.05086134868516249,0
TX000680,AC00101,0.0027417588053880405,14563.5,0.5288541426103609,-0.05621296328170634,0
TX000721,AC00102,-0.2678369901516177,10240.5,0.37309288739310564,-0.7512693007119264,0
TX001613,AC00102,-0.09362063205661542,14726.5,0.5347630442832093,-0.23982724795110155,0
TX001822,AC00102,-0.10099144244013925,14036.5,0.5092914844414059,-0.2734285127156386,0
TX000788,AC00102,-0.3948375733055394,6354.5,0.23000102874607,-1.0632372440064084,0
TX001081,AC00102,-0.49152173199789195,5731.5,0.20812757909713342,-1.301575822260364,0
TX002040,AC00103,-0.15883492894572135,13014.5,0.4723865902377243,-0.4748231195488206,0
TX001240,AC00103,0.02672507596772384,14873.5,0.5406746278072654,0.13109936865120597,0
TX000503,AC00103,-0.154382284429228,12157.5,0.4422568356469975,-0.5648995329082056,0
TX002406,AC00103,-0.21672168483373563,11704.5,0.42472090366211906,-0.6795298011302708,0
TX001796,AC00103,-0.05121485330179711,14134.5,0.5125132616035565,-0.3213712646993005,0
TX001407,AC00104,-0.5027316214167545,6902.0,0.22673168789808917,-1.2295369897562882,0
TX001117,AC00105,-0.27514840152446135,11102.5,0.40215396947727894,-0.6539438867011153,0
TX001598,AC00105,-0.11858256344132355,12567.5,0.4566787165154303,-0.3371114558136223,0
TX002159,AC00105,0.2422769464835145,20245.5,0.7355857578875352,0.5835743590057213,0
TX000175,AC00106,-0.3801051153743604,7742.5,0.2805922835245865,-0.949302540865932,0
TX000319,AC00106,-0.2786974246598136,8460.0,0.3063099559477313,-0.7574995581430805,0
TX002024,AC00106,-0.5278701614444532,4921.0,0.17894646157154315,-1.4083437611290548,0
TX000091,AC00106,0.18184589789704894,19439.5,0.706085213803205,0.2188294815249211,0
TX000844,AC00106,-0.5198063409391311,5475.5,0.19815693843723164,-1.4765703783693054,0
TX001645,AC00106,-0.4949204984573184,7709.5,0.28150613185692097,-1.3967782195206664,0
TX000785,AC00107,-0.34929302621359365,8731.5,0.31883198630074244,-0.9741349163600401,0
TX000341,AC00107,1.649645547533249,25379.0,0.9222103142671593,5.274052778704207,2
TX000198,AC00107,1.9213788490122632,26511.5,0.9629318895371402,4.912326017603842,3
TX001185,AC00107,0.6718694677330723,23822.5,0.8643940770020351,1.6626729698843914,2
TX000603,AC00107,0.4987299562704746,23227.5,0.8426588782895166,1.2231800773763373,0
TX001734,AC00108,0.36640008087804105,19906.0,0.7231202874751642,0.8962382583605998,1
TX001697,AC00108,0.8282047804535917,25053.0,0.9103543924745207,2.5510122662912207,1
TX000218,AC00108,-0.18695295098745604,12377.5,0.4493220069214663,-0.5702003400149734,0
TX001203,AC00108,-0.3777302280796907,7756.5,0.281788389163248,-1.102234385100312,0
TX000144,AC00108,-0.35483684175327446,8483.5,0.3072797464909333,-1.052964602703844,0
TX001159,AC00108,-0.16548748892315315,13354.0,0.4844327577337357,-0.5609992608545858,0
TX000907,AC00109,-0.5300400942421258,7577.0,0.25360270700636944,-1.023884411739822,0
TX001165,AC00109,0.44624142365654185,19666.0,0.7348527070063694,0.993623249838164,0
TX000746,AC00110,-0.4195572706388609,8703.5,0.31563100101874186,-1.075087493750274,0
TX001330,AC00110,-0.5025756405030406,5144.5,0.18701004989086975,-1.3439236846138465,0
TX002150,AC00110,0.5923582790586915,22238.5,0.8080056241734475,1.3389134782294436,0
TX000298,AC00110,0.06717845393530142,17821.5,0.6464476831698348,0.06464210465719912,0
TX002064,AC00110,0.5393985880175551,23168.5,0.8409711501513648,1.2660161312655165,1
TX000074,AC00110,0.40901123308028114,20435.5,0.7418536057579889,0.9125346504653699,0
TX000747,AC00110,-0.2741856324544173,12892.5,0.4678570640804541,-0.7490196316420653,0
TX001339,AC00110,-0.29857373749653576,11480.5,0.4162414626732114,-0.7507742846948602,0
TX000975,AC00111,-0.5817132760154463,5628.0,0.20349028169441888,-1.3701036017015829,0
TX001755,AC00111,0.4750334123583593,22887.5,0.8317497705058561,1.132998805039719,0
TX000158,AC00111,-0.15049092657961088,16792.0,0.6103900580822679,-0.4469403486202809,0
TX000703,AC00111,-0.29248257134619915,12973.5,0.4725684137229784,-0.7811375446312324,0
TX002404,AC00111,0.8981906084588176,24393.5,0.8857993477496797,2.1887762610066526,0
TX000939,AC00111,0.46363908472094123,23110.5,0.8392433750440547,1.087844215517441,0
TX001481,AC00111,0.5152672644435492,21061.5,0.7640626785389709,1.1707801752787166,1
TX001563,AC00112,-0.14176464928398355,13099.0,0.4734275477707007,-0.2990267258758473,0
TX000190,AC00113,-0.11369009428209827,13373.5,0.4857384124742603,-0.28712624805157944,0
TX001360,AC00113,-0.31859494344723954,8972.5,0.32536774809353525,-0.8633247340484665,0
TX000201,AC00113,0.14735971744035706,16706.5,0.6060014496460439,0.2077875049434138,0
TX002020,AC00113,-0.06736352506381849,14638.5,0.53151369527999,-0.3749503266604969,0
TX000802,AC00114,-0.5023362843250355,5086.5,0.18558722235909375,-1.310347343809242,0
TX000561,AC00114,0.10127043824151859,17381.5,0.6314124418369752,0.29229336391386074,0
TX001617,AC00114,0.2004385902064733,18524.5,0.6730542988688735,0.46593674561750287,0
TX000142,AC00114,0.9229856545159423,23637.5,0.8586684753392633,2.205276309626715,1
TX000497,AC00114,0.2995918774778975,18581.5,0.6735874147291848,0.6215523168450249,0
TX000966,AC00114,-0.06727174995779416,12378.5,0.44818978358123684,-0.32112686295986986,0
TX001995,AC00114,0.122605620345804,17398.5,0.631071394736195,0.22965920703063272,0
TX000228,AC00115,-0.03920381437355445,16690.5,0.6074625764237194,-0.034995466913203495,0
TX002189,AC00115,0.40006910185189726,18711.5,0.6801549368722358,1.0700245624395524,1
TX000053,AC00115,-0.12548302534867847,12879.5,0.46685293680184486,-0.45269390241588137,0
TX002146,AC00116,-0.19891968141891928,12463.5,0.45322488389090926,-0.35450425096795135,0
TX000392,AC00116,0.8034427114092868,22229.0,0.8081739329366043,2.8119076806296324,1
TX002490,AC00116,0.11194164594711811,17146.5,0.6218636955451619,0.18791609781135882,0
TX001373,AC00116,-0.3658685487326888,8488.5,0.3079065162113988,-1.038993195006623,0
TX002425,AC00116,-0.15599553591557846,12681.0,0.460100140926761,-0.4347981364554677,0
TX000700,AC00116,-0.47789376634647207,6563.5,0.23794259283544347,-1.2369419846705216,0
TX000044,AC00117,0.16555790954052974,16573.0,0.6117237261146495,0.46787956311580703,0
TX002511,AC00118,-0.4099183112366599,6803.5,0.2465005608383672,-1.0400553950700804,0
TX001436,AC00118,-0.12029898516679122,12677.5,0.46191254501291396,-0.3803603846210152,0
TX002279,AC00118,-0.577343208999649,5876.0,0.2141889997574883,-1.5127214696543907,0
TX001633,AC00118,-0.22149214861667416,12321.5,0.4472158195954249,-0.6614279486599665,0
TX000722,AC00119,-0.039549774827172264,16229.5,0.5908502860480579,-0.16440306585240383,0
TX002383,AC00119,1.3641042313489606,23930.0,0.8697810572833776,4.987667003195944,1
TX001947,AC00119,0.1532795896451425,16247.0,0.5889959667368488,0.19969167867602905,0
TX001446,AC00119,-0.20326012584664566,11017.5,0.401086502297111,-0.6192178141884402,0
TX000301,AC00119,-0.2148666394478938,11711.5,0.42692324590056446,-0.6573605503681446,0
TX000452,AC00119,-0.4662104859560276,9189.5,0.33589256769233516,-1.1752154453893062,0
TX001391,AC00120,-0.6378485277717253,3222.0,0.11668746658232597,-1.62122129138251,0
TX001727,AC00120,-0.05049155533184065,14609.5,0.530585172098912,-0.13736832372592134,0
TX000043,AC00120,-0.27989889160476455,9939.5,0.36074790441954613,-0.8048502053857357,0
TX001059,AC00120,-0.17542240956568292,13661.0,0.4962540565259505,-0.6087207006380898,0
TX002053,AC00120,-0.3822819706172121,8513.5,0.308730055464299,-1.0889586160448117,0
TX001169,AC00120,-0.13577644784029486,12739.5,0.46202168731712184,-0.5241773548372942,0
TX001718,AC00121,-0.20263578712223115,14849.0,0.543093152866242,-0.33834108920087047,0
TX000114,AC00121,0.259958266240071,17462.0,0.6471138535031847,0.5392787162815864,0
TX001118,AC00122,-0.3600650929603181,6569.5,0.2378083797424169,-0.9877520610093963,0
TX001531,AC00122,0.14277977258985977,18206.5,0.6619701776940371,0.3188227230136803,0
TX000518,AC00122,-0.2908924938209172,10110.5,0.3675031862803001,-0.9224774072681842,0
TX001753,AC00122,0.24836473484178856,18998.5,0.6903972580994316,0.4754182744663936,0
TX002474,AC00122,-0.3512131009263467,8497.5,0.3088719525130332,-0.9837083133216079,0
TX000447,AC00122,-0.0010884406017998881,15256.5,0.5542801411147918,-0.09826855662768091,0
TX001574,AC00123,-0.5337709006598538,5541.5,0.2004841524892159,-1.2076822787524246,0
TX001320,AC00123,-0.3894400848735086,8867.5,0.3214169895334278,-1.0208341637638754,0
TX000685,AC00123,0.04139038437903161,14928.5,0.5425440890311924,-0.05298529985167251,0
TX001547,AC00123,-0.320342460737757,9833.5,0.35642120455979787,-0.8581494157310592,0
TX000963,AC00124,0.13120983466578878,17229.5,0.6260076980580264,0.5002417255112349,0
TX000851,AC00124,0.6006710269649042,23626.5,0.8582637568721684,1.5381378439885907,1
TX001763,AC00124,0.9658529336661643,24072.0,0.8747244623882723,2.824480410720546,2
TX001196,AC00124,-0.08476825015308534,13613.5,0.4947819763447466,-0.31904740769409484,0
TX000811,AC00125,-0.37855061801330464,7660.5,0.27757498998373775,-0.9589455932256964,0
TX002488,AC00125,-0.3340764052455929,9900.5,0.3589834873901164,-0.8869024858010944,0
TX001293,AC00125,-0.33672379326710344,9336.5,0.3388143391171322,-0.8346233523953754,0
TX001210,AC00125,-0.11054569994247623,14590.5,0.5298710463486566,-0.3658851780432236,0
TX001317,AC00125,-0.29111033822564286,10779.5,0.3907496834812912,-0.7775116839794834,0
TX000537,AC00125,-0.26649069838797296,9569.5,0.34675602373914427,-0.7213331358240159,0
TX002111,AC00126,-0.4788865284669969,4720.5,0.1707307911955247,-1.214191502085707,0
TX000250,AC00126,-0.3541913286960954,8382.5,0.3038101843570813,-0.8664302777551426,0
TX002303,AC00126,-0.16311943946402338,11020.5,0.3994018477412425,-0.5178485433256416,0
TX001637,AC00126,-0.5765172181508601,3433.5,0.12408640779952242,-1.471278913526388,0
TX001380,AC00126,-0.4369266494911578,5843.5,0.21166045099938433,-1.1160151649787016,0
TX001189,AC00126,0.19112505936669974,17151.5,0.6224075990766236,0.2685895901409619,0
TX000761,AC00126,-0.5033794148731741,5695.5,0.20628942622607002,-1.332029931235029,0
TX000515,AC00127,-0.28594430491680434,9865.0,0.3446855095541401,-0.7004900816344785,0
TX001553,AC00127,0.15121282948219184,15280.0,0.5602507961783438,0.47979488498269895,0
TX001866,AC00128,-0.03170620867128038,14914.5,0.5430865160378319,-0.1371126126137332,0
TX000488,AC00128,0.6762626825425991,21620.5,0.7858557027848344,1.7017707338465198,0
TX002471,AC00128,0.3309437838392913,19707.5,0.7159200141794596,0.8571280909090416,0
TX000402,AC00128,0.27625751477963745,18552.5,0.673545559770448,0.5400985117528929,0
TX000001,AC00128,-0.4740982504511458,7722.5,0.28092088563043627,-1.2275170956249768,0
TX001757,AC00128,0.02266235160402115,16689.5,0.6070418873820166,0.0186436158563875,0
TX001282,AC00128,1.2686139840125037,26018.5,0.9448217701953642,3.19384831902057,1
TX000924,AC00129,-0.37489735171672234,10259.5,0.37244469299613764,-0.9429657076272276,0
TX001655,AC00129,-0.16346435151898725,11731.5,0.42642062479780657,-0.4763769010057024,0
TX000818,AC00129,-0.5321721792034907,6620.5,0.2398993498228411,-1.4500494496105312,0
TX002411,AC00129,-0.54933528638705,3436.5,0.12434745136146437,-1.474226338932922,0
TX002357,AC00130,-0.28791536864723644,10518.5,0.38189909236512515,-0.7382318296477661,0
TX000620,AC00130,0.2990109869242345,21219.5,0.7712490755146623,0.7389168427080536,0
TX001858,AC00130,0.09509555103307962,16616.5,0.6049270518391594,0.15784604348072134,0
TX000215,AC00130,-0.42473758798598754,9271.5,0.3374696468682969,-1.229673532454411,0
TX001624,AC00130,-0.1552155741760899,10995.5,0.3985169875084795,-0.6067751768089829,0
TX000674,AC00130,-0.23274404570985985,11141.5,0.40620052135187484,-0.7375506277795176,0
TX000949,AC00130,0.16153095565859318,18721.5,0.6807157149730947,0.2930770480057018,0
TX002374,AC00130,-0.4542224171551519,8175.5,0.2993070247144943,-1.2881997079444212,0
TX001497,AC00130,-0.22339271093642457,13613.5,0.49630339957485725,-0.6111285615681293,0
TX000664,AC00131,0.26167094882921227,20728.5,0.7538378044112054,0.7755558249011204,0
TX001862,AC00131,0.014756674331260045,15251.5,0.5542036028893119,-0.007489669936071318,0
TX000827,AC00131,-0.1856113059514832,11804.5,0.42941218462032454,-0.5992498678836357,0
TX000377,AC00131,-0.5551244387029577,4526.0,0.16405480474435752,-1.4960143925409426,0
TX000393,AC00131,-0.5779681697009038,3130.0,0.11326518337594565,-1.5673491572666989,0
TX000644,AC00131,-0.5006531303930929,5554.5,0.2008468954649354,-1.4094480157035971,0
TX002199,AC00131,-0.5544271200038712,7756.0,0.2836878178144347,-1.457370311621375,0
TX001571,AC00131,0.3324348150782044,20490.5,0.7451964278224043,0.7908780663391036,0
TX002192,AC00131,3.078417933996155,26847.0,0.9753603262963165,10.605033232365185,3
TX001465,AC00132,-0.47237043773702714,7084.5,0.2563169197209236,-1.1986359245287628,0
TX001589,AC00132,-0.40992790844077065,7817.5,0.282999922979644,-1.0355180112610571,0
TX000189,AC00132,0.43263600302311456,20387.5,0.7403584586430821,1.0127546416059712,0
TX002359,AC00132,-0.21787288687722323,12193.5,0.4416056882003851,-0.5964661453697245,0
TX000665,AC00133,0.011119095595110935,17370.5,0.6310541284357225,-0.06885312991794094,0
TX001403,AC00133,-0.17323020390639654,13182.0,0.4801073837330115,-0.4586716228260991,0
TX000886,AC00133,-0.187465105006552,12193.5,0.4428486810354429,-0.543124853993952,0
TX002203,AC00133,-0.12505873756188773,12746.5,0.46358264525267745,-0.3955437776656082,0
TX001678,AC00133,0.6251364895999849,22992.5,0.8352961420636249,1.4891475511247096,1
TX000895,AC00133,-0.016323505367052595,15817.5,0.5755770831535388,-0.09432897855906397,0
TX000281,AC00133,-0.3303758714372604,11589.5,0.4229522378571804,-0.8656000974126329,0
TX001857,AC00134,-0.3753815051589191,9699.0,0.33807722929936307,-0.7285981876950325,0
TX000009,AC00135,-0.6012319353203298,7411.0,0.24699442675159236,-1.3149901656497962,0
TX000388,AC00135,0.3456020267359789,17750.0,0.658578821656051,0.8443236932472271,0
TX001362,AC00136,-0.4758654750361043,7239.5,0.2639615516552265,-1.0815371146735142,0
TX001842,AC00136,1.689390526458444,24775.0,0.899890863722424,4.462662151082233,2
TX000679,AC00136,-0.3549460404384953,9786.5,0.35591686586694066,-1.0429192822267996,0
TX000410,AC00136,0.5666398306771524,21433.5,0.7786158495839455,1.2980358378507353,2
TX001312,AC00136,0.10533468384969948,19822.5,0.7198514875173989,0.19906838952142944,0
TX001262,AC00136,0.10077456414963219,17416.5,0.6330586163479864,0.053809559035387915,0
TX000919,AC00136,0.29215175672709764,19852.5,0.7219332368509739,0.5660205817863914,0
TX001416,AC00136,0.9490879553734947,23719.5,0.8621547915098738,3.1616844502796146,1
TX001824,AC00137,-0.24615274133468573,11041.5,0.4004270079652789,-0.48144336869489757,0
TX002281,AC00137,0.4285094418178528,20255.5,0.7358349591177397,1.007489782911284,0
TX000706,AC00137,-0.10390833008976667,13902.5,0.5055540987846935,-0.32253449432048115,0
TX002296,AC00138,-0.3562089558575036,10366.0,0.36462977707006367,-0.7522705094608425,0
TX001290,AC00138,1.108724843115825,23181.0,0.874781050955414,2.527954671167733,1
TX002162,AC00139,0.4985928091032516,20597.5,0.7482019694309944,1.461696596906901,1
TX000651,AC00139,0.11263485893717501,17728.5,0.6447658611309722,0.4390142698691254,0
TX001085,AC00139,-0.3809480258852453,8222.5,0.2988136544917452,-0.9673736101845744,0
TX002014,AC00139,0.07551170036022614,16423.5,0.5960049848683325,0.07240141816737126,0
TX001522,AC00139,-0.012547060290275466,13314.5,0.48246296815479467,-0.2125337126803192,0
TX001575,AC00139,-0.2824929565168024,9852.5,0.3566298465571298,-0.7846406850295027,0
TX002173,AC00139,-0.3661702198394326,7979.5,0.2894427541081139,-1.0218330295631066,0
TX000646,AC00139,-0.10064859570357551,14456.5,0.5246155521093936,-0.2470648777227894,0
TX002448,AC00140,-0.41560450398325555,6503.5,0.23548945230933302,-1.067229198064481,0
TX002105,AC00140,-0.3069493612529922,11682.5,0.42432911232050885,-0.69281919353185,0
TX000085,AC00140,-0.5392722825599672,5394.5,0.19517252017354772,-1.3909536367706063,0
TX001588,AC00140,0.4941671355408723,21082.5,0.7659165006530458,1.2460905906517352,1
TX002220,AC00140,-0.5821987736631076,3953.5,0.14310404751010908,-1.4598944815427508,0
TX000332,AC00140,-0.3461271728623198,8481.5,0.30736149775303057,-0.8783537030095209,0
TX002295,AC00140,-0.3430114910186613,9435.5,0.3416712338492291,-0.8954567797048529,0
TX001759,AC00141,-0.6429459649445943,3082.5,0.11144506520092551,-1.592165923835537,0
TX000774,AC00141,-0.4463644427475065,6994.5,0.2539796411936202,-1.0969255260704929,0
TX001398,AC00141,0.252689719500571,18812.5,0.6832582304506908,0.4618777865778237,0
TX001628,AC00141,0.15277408428690167,17917.5,0.6509262541541573,0.31157757495689586,0
TX000336,AC00141,-0.5326607219125145,4120.5,0.14949580293299303,-1.404414950721914,0
TX001749,AC00142,-0.10368466653695135,14963.0,0.5476313694267516,-0.24472347512960752,0
TX001495,AC00142,0.38866052219722014,18906.0,0.7045979299363058,0.9698932116439828,0
TX001146,AC00143,-0.5524973854314627,4277.5,0.1549223932526793,-1.393535121740561,0
TX000650,AC00143,-0.41769136424907244,6164.5,0.22358402173540962,-1.1163519641161237,0
TX000059,AC00143,-0.4800791469346174,5125.5,0.1856180787145628,-1.2908904818831026,0
TX001895,AC00143,-0.4457880491676271,7148.5,0.25983297732009664,-1.2313566826920175,0
TX002225,AC00143,-0.4280591909101199,6201.5,0.22526942962026916,-1.181813325641947,0
TX001899,AC00144,-0.41400889480513525,7622.5,0.27613679454054646,-0.9996251757295211,0
TX001422,AC00144,-0.2436698439053179,10378.5,0.3780771530624692,-0.6526289883297921,0
TX002078,AC00144,-0.599836887874628,3864.5,0.13984834041020633,-1.6018107102850814,0
TX002342,AC00144,-0.17588868175062436,12973.5,0.47020175536502823,-0.5097383506587336,0
TX000994,AC00144,0.1788401195924505,17879.5,0.6490256653763246,0.3805016213569188,0
TX001876,AC00144,-0.28955994939285,10229.5,0.3709015738910877,-0.74966974378355,0
TX000590,AC00144,-0.066486532559892,12438.5,0.4510738282901674,-0.3197147946750486,0
TX001409,AC00144,0.12960005280188455,15568.5,0.5634649391045004,0.11399858097426249,0
TX002198,AC00145,-0.31907821532770475,9711.5,0.3526076422755212,-0.7827613019285401,0
TX000749,AC00145,-0.23930882513695836,9225.5,0.3348950395756866,-0.6526675206315374,0
TX002147,AC00145,-0.24341711481931078,11590.5,0.42177526677488897,-0.7209657377539914,0
TX000545,AC00145,-0.31717542399953064,8512.5,0.3082811919183348,-1.0067614333851895,0
TX000401,AC00145,0.19425737092642587,18529.5,0.6735269374777918,0.3434066492150888,0
TX002327,AC00146,-0.1239262740249673,14288.0,0.5207603503184713,-0.1624251847749155,0
TX001797,AC00146,2.3433674805341527,23583.5,0.8908041401273886,7.088837183124195,3
TX000269,AC00147,-0.17458868756974652,13165.5,0.4775330627054178,-0.4968888434098387,0
TX001215,AC00147,-0.5936993724219747,4886.0,0.1770235139892591,-1.4586697531832538,0
TX000980,AC00147,-0.4770223592708178,6202.5,0.22451507610189736,-1.2347655167445502,0
TX000483,AC00148,-0.5140745707513542,7870.0,0.28782507049954026,-1.2907138690134934,0
TX000487,AC00148,0.9105306716353885,24510.0,0.8907397244720309,2.5233158111675293,0
TX000295,AC00148,0.9409278296278305,23314.5,0.8470288493665046,2.2440611682609815,1
TX002164,AC00148,0.38865595677295733,18892.5,0.6855286133635983,0.8072301806817311,1
TX000461,AC00148,0.14953141430755454,18402.5,0.6679380800934562,0.2699595386868163,0
TX000738,AC00149,0.23769948284815742,18154.5,0.6605589815618813,0.6796077497283487,0
TX002286,AC00149,0.8308606433695213,20832.5,0.7575899553161403,2.7173701142535376,1
TX000093,AC00149,0.2105822901648074,18822.5,0.6834892011193143,0.4169008911803657,0
TX000182,AC00149,0.12244574248437809,17569.5,0.6379957236225168,0.19507917243321288,0
TX000613,AC00149,-0.4666593082717332,7156.5,0.2595987824033919,-1.2518050947056865,0
TX002289,AC00149,0.4139513464902123,21803.5,0.7917525511938276,0.8632475189671064,0
TX002379,AC00150,-0.5907097099292894,3920.5,0.14178879535823988,-1.513983842202314,0
TX002405,AC00150,-0.14315180725719792,13608.0,0.4948746207440528,-0.3844688018831404,0
TX000585,AC00150,0.3337145282459315,19730.5,0.7166695162591298,0.6311403413661282,0
TX002452,AC00150,0.2611948215309455,20983.5,0.7615862450804602,0.5584924742216314,0
TX000011,AC00150,0.17914874026431687,18947.5,0.6878389227130257,0.3531823519951792,0
TX001094,AC00150,-0.07944127199979259,13468.5,0.4880096993819569,-0.32526684993732713,0
TX000608,AC00150,0.41184273974451985,21278.0,0.7727330884270828,0.9539180012180407,0
TX001910,AC00151,-0.1294717708814334,13110.5,0.4771651368262406,-0.38589138038983717,0
TX001242,AC00151,0.02046312457179808,14343.5,0.5211276991476415,-0.10894951205655058,0
TX001055,AC00151,-0.3989799787389175,7743.5,0.2811803622680771,-1.1389873750031392,0
TX001747,AC00151,-0.43150947536494305,5731.5,0.20823199049527827,-1.2009643713641482,0
TX001811,AC00152,-0.20532034141612845,12895.5,0.46875617729772573,-0.522563782136019,0
TX000535,AC00152,0.14194905658677723,17497.5,0.63560218648617,0.4056261552681334,0
TX001138,AC00152,-0.5141037195873273,4641.0,0.16826636580112983,-1.3671552824326751,0
TX002422,AC00152,0.4735746751127893,20344.5,0.7393028036614923,1.126931887283576,1
TX000741,AC00153,-0.28154498605135214,11100.5,0.40321685641718175,-0.7557361583549641,0
TX001252,AC00153,-0.10925536900613514,13001.5,0.47328507065864334,-0.3421635388561163,0
TX002362,AC00153,-0.5281174074315832,4181.5,0.1515840610290498,-1.4755689811912804,0
TX000755,AC00153,0.6400250152890877,22245.5,0.8081064798587551,1.535411018001689,1
TX001541,AC00153,-0.23224024652510006,11696.0,0.4255468987675297,-0.6553903688427628,0
TX001836,AC00153,-0.28557807538798297,10815.5,0.3948086502176578,-0.8287729922571369,0
TX000512,AC00153,0.4690171298360253,22625.0,0.8224007317295421,1.1268861664299181,0
TX001086,AC00154,-0.3384299133128466,10022.5,0.36598408330348137,-0.6817526917010482,0
TX001849,AC00154,1.8170781374160487,19813.0,0.7207937664858516,7.342429597195811,1
TX000110,AC00154,-0.29072983050467865,11055.5,0.40190154399899325,-0.8114789645177657,0
TX001644,AC00154,-0.4026145083788508,7939.5,0.28972374582173605,-0.976275725531523,0
TX000757,AC00154,0.3481797369106155,19304.5,0.7013205586012814,0.8232290851632491,0
TX001751,AC00155,-0.30308700957931706,11028.5,0.4012857126154763,-0.7102986752510009,0
TX002413,AC00155,-0.050472945510702825,14866.5,0.5406201771878,0.019283511491676276,0
TX001705,AC00155,-0.2679005589548083,10710.5,0.3884912332996003,-0.761419922279874,0
TX001640,AC00155,-0.006714100226154828,14928.0,0.5420934325622299,-0.1374862289374232,0
TX002304,AC00155,-0.35906861068771695,9538.5,0.3462390592523987,-1.0237425202870671,0
TX002158,AC00155,-0.45991146186015636,7155.5,0.2592112398372906,-1.24039256965383,0
TX001777,AC00156,-0.46420973422907835,6058.5,0.2192738951134622,-1.1390091333179087,0
TX000865,AC00156,-0.48309765075443,6546.5,0.23837810739168816,-1.264599134109648,0
TX000345,AC00156,0.3951934948681701,17917.5,0.650682627558486,0.7066690771087781,0
TX000759,AC00156,0.2344487540136594,18998.5,0.6895868267709739,0.4906434374193476,0
TX000179,AC00156,-0.09791849416318836,12792.5,0.4631359512942072,-0.4377510426901324,0
TX001649,AC00157,-0.6327773650428712,3136.5,0.11332805621352983,-1.551906607178366,0
TX002155,AC00157,0.4456434844509069,21614.5,0.7852805812999879,1.0293290150281575,0
TX000940,AC00157,-0.23822815953143564,9979.5,0.3618971831281305,-0.7669485909771967,0
TX001410,AC00157,-0.5292331093791153,3853.5,0.1396292422064801,-1.401395467334195,0
TX001099,AC00157,0.33246098324728324,19320.5,0.7012797583031319,0.6779340219073129,0
TX001338,AC00158,-0.4252955695035523,6457.5,0.23421750150786327,-1.126084305509616,0
TX000553,AC00158,-0.09700527551924376,12733.5,0.46215258576258833,-0.375284669911346,0
TX002071,AC00158,-0.2187400871747317,10398.5,0.3762950780014917,-0.8028682146456524,0
TX001065,AC00158,-0.30597505764011246,9287.5,0.3367211693160544,-0.9230821782003257,0
TX001227,AC00158,-0.00952574363932188,16153.5,0.5857215921445504,-0.27032926537415414,0
TX000961,AC00158,-0.3599194807680474,8078.5,0.2924637238944385,-1.0434070786451708,0
TX002371,AC00158,-0.019915528917237878,16537.5,0.6004107240058106,-0.14754410634948378,0
TX000051,AC00159,-0.27812716267086945,11302.5,0.4100913450574627,-0.7586044051642991,0
TX002185,AC00159,-0.09692640841959435,11931.0,0.43282842612819755,-0.3616047199897259,0
TX000288,AC00159,-0.4197975815313186,6071.5,0.21988192200863302,-1.2008267906109302,0
TX000743,AC00159,-0.5413809818507116,4009.5,0.14559141930556807,-1.4148992795452717,0
TX000988,AC00159,-0.6381375402827737,3123.0,0.11289418391448547,-1.6517328445664101,0
TX000931,AC00160,-0.1764024699032986,12157.5,0.4359474522292993,-0.3333129377523972,0
TX001233,AC00160,0.8331661200556032,21073.0,0.7908638535031847,1.9974287985204622,1
TX000148,AC00161,0.5920543524193523,21972.5,0.7987072543050643,1.532173359084963,0
TX000900,AC00161,-0.17853781422159534,11463.5,0.4171890902774998,-0.3821092260373638,0
TX000796,AC00161,-0.6589259114656543,2930.0,0.10607194617301642,-1.7233093250583058,0
TX000536,AC00161,0.6411500711060194,23386.5,0.8495765176143988,1.4803005407169967,1
TX001787,AC00162,-0.37574476479192803,9214.0,0.3187699044585987,-0.705901064438491,0
TX001455,AC00162,1.0762939029648337,20697.0,0.7758957006369427,2.498484910289287,1
TX000143,AC00163,-0.05784757971764356,13943.0,0.5070262738853504,-0.18336188530066677,0
TX001546,AC00163,0.4561861729193172,18736.0,0.6978304140127387,0.937270392205635,0
TX001132,AC00164,-0.176841925253019,12100.5,0.4392460207354709,-0.48458857625122387,0
TX001799,AC00164,0.10893411595456698,18901.5,0.6873127676125909,0.2314700683366993,0
TX000742,AC00164,0.41652402908168107,19926.5,0.7238920127600672,0.8235455940729195,1
TX002142,AC00164,0.06563434612172694,17438.5,0.6338465080730351,-0.03879902521682369,0
TX000316,AC00164,0.27535816295550897,18438.5,0.6691481072518703,0.5032802742103745,0
TX001033,AC00164,0.17538412547269158,16935.5,0.6142011042477148,0.2619155533475812,0
TX000763,AC00165,0.015458952715642588,17246.5,0.6274068409263271,0.15701699763488758,0
TX001945,AC00165,0.46602625504297085,20146.5,0.7325018097975678,1.3647760506034137,0
TX002395,AC00165,0.27777824015393454,18960.5,0.6886126819862043,0.5551354566814017,0
TX000360,AC00165,-0.023707536548220276,14879.0,0.5414752809254206,-0.13564177455402077,0
TX002032,AC00165,-0.2299606709821595,13241.5,0.4808900774880227,-0.6477954485537472,0
TX001614,AC00165,-0.21540827944162946,13265.5,0.48268507967448476,-0.5535069026050546,0
TX001654,AC00166,-0.5051852796741501,5610.5,0.20290170575379426,-1.1868913768627298,0
TX000491,AC00166,0.1768318783452725,17005.5,0.6182989126268545,0.4236646783963125,0
TX001394,AC00166,0.6368194005192086,24332.5,0.8837260055676435,1.5556400096875334,1
TX002313,AC00166,-0.271128635701241,10570.5,0.38322576498449706,-0.7498060291074602,0
TX000800,AC00166,-0.044416998313495694,12501.5,0.45351621127828723,-0.23169285470412138,0
TX000943,AC00166,-0.4737364869285104,6860.5,0.24891473918906604,-1.2819914934101195,0
TX001329,AC00167,-0.32662045316922966,8810.5,0.31975026420754366,-0.8267619377771113,0
TX000511,AC00167,0.07131484346202294,14212.5,0.515505122757671,0.008783506705671396,1
TX001370,AC00167,0.056298152832646234,15837.5,0.5755335407378622,0.002328466701078825,0
TX001834,AC00167,0.000562136308158016,14650.0,0.5325662917458768,-0.1839854710475713,0
TX002285,AC00167,-0.565612366827413,4399.5,0.1595646174269946,-1.4817748272261348,0
TX001897,AC00168,-0.16231804126720917,13336.0,0.4828622611464968,-0.36394580568604784,0
TX000838,AC00169,0.23638623628716693,18995.0,0.7081409235668791,0.6694328540532642,1
TX001877,AC00169,0.5338766376835195,20945.0,0.7857683121019108,1.1909529492899247,0
TX000105,AC00170,-0.5039436838982754,5580.5,0.20193036335287087,-1.2035899131406418,0
TX000587,AC00170,-0.20860348454782365,12906.5,0.46811512445959197,-0.5185987618169572,0
TX000967,AC00170,-0.2235300528822962,10456.5,0.37859960178426877,-0.5485771169186696,0
TX000619,AC00170,-0.43426863966904095,6081.0,0.21989591886128476,-1.1623004752645747,0
TX000641,AC00170,-0.24605546159831335,10867.5,0.3944879429996332,-0.6210188724295882,0
TX002455,AC00170,-0.4193852431833144,7366.5,0.26922723090244716,-1.0762958204474296,0
TX001214,AC00170,1.1586711696702654,24893.5,0.9044047658364217,2.8636195417891166,1
TX000270,AC00171,-0.5349819372203998,6276.5,0.22703402744865675,-1.2447250855833398,0
TX001659,AC00171,0.37750803258378524,19995.5,0.7265896537434785,0.8749697234003101,1
TX000915,AC00171,-0.38460303808055424,9247.5,0.33602765464699125,-1.0153288886942304,0
TX000342,AC00171,-0.36956413990314707,8129.5,0.29480163521809416,-0.9661458389203892,0
TX001411,AC00171,0.011357259520370963,16452.5,0.5965274637232918,-0.03063601129207148,0
TX002029,AC00172,0.0411998655188269,16028.5,0.5832728209265874,0.1561490080538608,0
TX002485,AC00172,-0.24040228618182274,11164.5,0.40744224859422784,-0.8045458964414534,0
TX001549,AC00172,0.7770084178665657,23915.5,0.8691402907102603,1.906699951808288,1
TX002039,AC00172,0.16470985011125053,18045.5,0.6564584913315336,0.24940509386115584,0
TX001591,AC00172,0.7559946909110955,22529.5,0.8186694781708159,1.7000761448417505,1
TX000713,AC00173,-0.27130110283544173,12008.0,0.435739349615525,-0.6411955269530717,0
TX000527,AC00173,-0.1484577107997345,11112.5,0.4033196707578659,-0.5218941734632633,0
TX000847,AC00173,-0.5537089271307211,5849.5,0.21298799748038572,-1.54653706530468,0
TX001061,AC00173,-0.0568986936916871,14769.5,0.5351541124289882,-0.3384018052287189,0
TX001017,AC00174,-0.3994390843826702,8740.5,0.3166319341824295,-0.9989040594979003,0
TX000962,AC00174,0.5983369483859338,21994.5,0.7989067960881855,1.3438461595499211,1
TX000156,AC00174,-0.4118354798598039,7293.5,0.26408777946094913,-1.1157617058876266,0
TX001470,AC00174,-0.28183325345193094,8880.5,0.32226864302427,-0.8105333387569809,0
TX001426,AC00175,-0.19225068264952722,12810.5,0.46562368468758175,-0.4340941697785036,0
TX001340,AC00175,0.26617005921129266,20454.5,0.7437444313920989,0.4995381693192539,0
TX001167,AC00175,-0.02926995095330432,15970.5,0.5807180412530187,-0.16202778295997736,0
TX000236,AC00175,0.07038107839258273,14640.5,0.5306712324028373,-0.06177717162279601,0
TX001696,AC00175,-0.27119830565854225,11890.5,0.4324317080149865,-0.8499629323939342,0
TX000715,AC00175,0.16057317318415606,18945.5,0.6873903303654983,0.30954936657423743,0
TX001631,AC00175,-0.3689514643298628,8792.5,0.3185154675919074,-0.9796606807223937,0
TX000645,AC00176,-0.01954677557021556,15297.5,0.5563804524747038,-0.06624316497848935,0
TX002378,AC00176,0.022942765560276714,16329.5,0.5928948209294802,0.014900443469578379,0
TX001550,AC00176,-0.0786925564968334,13031.5,0.4729554138922062,-0.30887164891381047,0
TX002407,AC00176,0.005390932307438219,15619.5,0.5676988288325642,-0.08739340587582299,0
TX000128,AC00176,0.34010439667571285,19461.5,0.7069311118605562,0.7519395867110888,0
TX001266,AC00176,1.0084340594752572,24261.5,0.881295736109698,2.486114959328831,2
TX000889,AC00176,-0.384146546347554,9345.5,0.33844728709958455,-1.0000264083370847,0
TX000987,AC00176,-0.21781237833125755,11781.0,0.4273667909438526,-0.6407527794943727,0
TX002394,AC00177,-0.35958792630737535,9190.5,0.33273675201663155,-0.906918820332742,0
TX002278,AC00177,0.36734953603672654,21066.5,0.7660932015011617,0.9333323782502324,0
TX000289,AC00177,-0.2106477622458716,10263.5,0.372579508752357,-0.7124669647728422,0
TX000466,AC00177,-0.057021920324595396,15127.5,0.5501651869678182,-0.24634138804633027,0
TX000409,AC00177,-0.6396268063037437,3024.0,0.10933624122341593,-1.7155102585766373,0
TX000136,AC00177,-0.5249413130070841,5739.0,0.20796809934975052,-1.3495611847263695,0
TX000237,AC00177,-0.1697706129541542,12436.5,0.4529305733207272,-0.5933704278689251,0
TX000371,AC00177,-0.07365964085972286,13643.5,0.49427001396250086,-0.2779164294856034,0
TX002013,AC00177,0.03850396573024749,16967.5,0.6155514313974023,-0.06473817394207435,0
TX000267,AC00178,0.22652369756095828,19489.5,0.7073527651633675,0.6429406603319276,1
TX000100,AC00178,0.03724126111528933,16923.5,0.614771163361742,0.047806604341191765,0
TX001496,AC00178,0.10720800898264449,17135.5,0.6212236371012961,0.08264339515137475,0
TX001194,AC00178,-0.34781971213304047,8659.5,0.31384142280101457,-0.9136207501378109,0
TX001482,AC00178,-0.2934895857669693,8809.5,0.31961297753223405,-0.8249710532598918,0
TX001425,AC00179,0.0030440039481828877,16625.5,0.6045832023545328,-0.030811651385822935,0
TX002068,AC00179,0.9644500192646203,24508.5,0.8906290905764208,2.5387876738508055,2
TX002484,AC00179,0.2648932799572838,19991.5,0.726579137270765,0.47614398930120805,0
TX000913,AC00179,-0.22291325468701287,12070.5,0.4400281268938691,-0.7181111944328272,0
TX001439,AC00179,1.7278052139222815,26572.5,0.9651229017075618,4.421444528471275,3
TX001804,AC00179,0.45222726965955923,21657.5,0.7864141304992415,1.072167026358189,1
TX000828,AC00180,0.44281845219948507,20028.0,0.7492635350318471,1.0725122394162179,1
TX002052,AC00181,-0.3059908886620291,10209.5,0.3708390475848393,-0.865796820279447,0
TX001889,AC00181,-0.2613066526985409,10257.5,0.3734661468415386,-0.6892332892261718,0
TX000207,AC00181,0.1770410356744156,18023.5,0.6548618256018075,0.3155786594936871,0
TX001772,AC00181,-0.3508979740258536,9484.5,0.3438688150484517,-0.9077667288406114,0
TX000737,AC00181,-0.12135021465087067,13957.0,0.5071701250694871,-0.39584075912081934,0
TX000942,AC00182,-0.3475443781518976,9764.5,0.35619794798004173,-0.8333142817530067,0
TX000166,AC00182,2.2492878368077247,26619.0,0.9669946681182009,6.403388261122555,3
TX002496,AC00182,-0.25712297799597267,11687.5,0.4255823504298435,-0.8174824696538984,0
TX000429,AC00182,0.08985872989964949,16751.5,0.60855478292795,0.14365494419641792,0
TX000678,AC00182,-0.19929835253608075,10627.5,0.3849206648146426,-0.7446418903663451,0
TX000660,AC00182,-0.4975973636642306,6362.5,0.23140426972408148,-1.3663493516875087,0
TX000871,AC00182,0.2013018264121432,20897.5,0.7588700119375524,0.44754573169518524,0
TX000465,AC00182,-0.2563096712062124,12170.5,0.44252676849103256,-0.7876150777045533,0
TX000621,AC00183,-0.3515718520815404,8307.0,0.301119278134849,-0.9236117756254678,0
TX002280,AC00183,-0.302242659849364,8804.5,0.31861165263747104,-0.903762251141965,0
TX002389,AC00183,0.24918899176342194,20190.5,0.7341107397232668,0.6491024835042479,0
TX000539,AC00183,-0.4018498082683729,7979.0,0.29018537076080686,-1.105788053415103,0
TX001781,AC00183,-0.27428943044878884,9016.5,0.3279594710208198,-0.87471401122112,0
TX001005,AC00183,-0.21155849113637246,12665.0,0.4598956573054591,-0.5720637548455639,0
TX001908,AC00184,-0.43773166673156844,7669.5,0.2779636776099053,-1.112761844961899,0
TX001031,AC00184,-0.09686838398396026,13592.0,0.49450937671608347,-0.3890515986443847,0
TX001271,AC00184,0.19081675853924224,16530.5,0.6003794759192663,0.30928276427966367,0
TX000601,AC00184,-0.33098894132126444,8017.5,0.29055114211906985,-0.9422150452403636,0
TX001900,AC00185,0.09756951178102302,16001.5,0.5824233068900795,0.3620841652307736,0
TX001657,AC00185,0.26951663673826737,18757.0,0.682159560383718,0.9236177141093384,0
TX001350,AC00185,-0.0591291103248691,12798.5,0.46396464331740533,-0.2869215157633252,0
TX000849,AC00185,0.08889008242655852,15728.5,0.5704635160961696,0.01500817803688945,0
TX000968,AC00185,-0.34068917112468916,10952.5,0.3970204844013891,-0.9052201794330875,0
TX001709,AC00185,0.04480960590195434,16488.5,0.5976761699018431,0.05923495226600025,0
TX002031,AC00186,-0.13840819299450496,12166.0,0.4362858280254778,-0.37742372765885907,0
TX002118,AC00186,0.06133369064478823,15235.0,0.5584593949044585,0.011807015690026141,0
TX002330,AC00187,-0.5726671039419989,5075.0,0.18410372171038708,-1.4677981320016658,0
TX001314,AC00187,-0.5689394127656177,7254.5,0.265303230588098,-1.5155006948624234,0
TX000954,AC00187,0.561542555264757,22292.5,0.8099018737762923,1.3633549126056368,0
TX001966,AC00187,-0.31138718304164464,8572.5,0.31101110551571814,-0.8578622710229168,0
TX000334,AC00187,-0.1531632269446775,12430.5,0.451283163350171,-0.47037473334618324,0
TX001817,AC00188,-0.5450830536070511,5684.5,0.20555821497430002,-1.360793341657169,0
TX000383,AC00188,-0.3315849102649353,8056.5,0.29162942710354767,-0.8810116937867237,0
TX000823,AC00188,-0.12068817969066517,15351.5,0.5569723882626281,-0.29635473706458404,0
TX000575,AC00188,-0.21717640038547684,12531.5,0.4544825817078703,-0.5692135452828647,0
TX001987,AC00188,-0.18719931595950015,11557.5,0.4190214575819127,-0.4694616850018746,0
TX001728,AC00189,0.029095231942358087,18168.5,0.6603496766350374,0.08682213523609389,0
TX002182,AC00189,0.01515202812103098,13888.0,0.5053873268126784,0.14028771190514944,0
TX001104,AC00189,-0.19479047785409567,12180.5,0.44147994252521666,-0.6700512883959738,0
TX001970,AC00189,0.5989391054413349,21846.5,0.7935970922947341,1.3669986588913672,0
TX000293,AC00189,-0.6506635649491495,3133.5,0.11333384178018031,-1.7574262573708086,0
TX001006,AC00190,-0.3305509813530225,8410.5,0.3049047111146039,-0.6755681365869916,0
TX001972,AC00190,0.16904461855346783,19137.5,0.6948774261412151,0.5025161972000818,0
TX002385,AC00190,0.09467802566990055,16615.0,0.603931407044988,0.13725884759475804,0
TX000758,AC00190,-0.06600402044775615,12650.5,0.45892342597632646,-0.34394270011311284,0
TX002108,AC00190,-0.47087833242227656,7557.5,0.2737927360523247,-1.2244736722756808,0
TX001058,AC00191,0.5832376659890712,20807.5,0.7557885950329947,1.5958242102308426,1
TX002283,AC00191,-0.07532930293882635,13758.5,0.5008150869016217,-0.19349259632505494,0
TX002316,AC00191,0.8148175896311154,22163.5,0.8053924765696604,2.0170299162037266,1
TX001047,AC00192,-0.6186572344077789,4183.0,0.15175435858074265,-1.5587346898342098,0
TX000580,AC00192,-0.36964271714004077,8166.5,0.29691628996199365,-1.0744899667480436,0
TX000362,AC00192,0.07537307620124144,16750.0,0.6086446852097291,0.056302310346293176,0
TX001893,AC00192,0.07875852571574643,15915.5,0.5785486044248979,-0.01884909474422781,0
TX001464,AC00193,-0.5576658842533837,7349.0,0.24452627388535034,-1.1970430452665322,0
TX001723,AC00193,-0.14725484940507896,11743.0,0.41944665605095544,-0.4256614075001899,0
TX000323,AC00194,-0.6304434065725127,4984.0,0.18023037523738905,-1.40147433189739,0
TX000263,AC00194,-0.17917474647616674,13282.0,0.48323746569038445,-0.4304689982898797,0
TX002358,AC00194,0.4395601859604278,19797.5,0.7185522963396167,0.9072297401042233,1
TX002408,AC00194,-0.1303126031417327,11140.5,0.40388385390576376,-0.4711062229665497,0
TX001024,AC00194,0.06578991694572993,15835.5,0.5752059330262803,0.06574948116369742,0
TX001975,AC00195,-0.17002657438429383,13921.0,0.5061504777070065,-0.38062475098418025,0
TX002366,AC00195,-0.3238231378507978,9184.0,0.3175756369426751,-0.845046534755928,0
TX001634,AC00196,-0.0691454951772115,14063.5,0.5122656875639726,-0.1384979683809621,0
TX001941,AC00196,0.20809775527241797,16534.5,0.6010529219040106,0.6115814578264781,0
TX001207,AC00196,-0.10413516644262277,12885.5,0.467767809661607,-0.38320861638690895,0
TX000428,AC00196,0.056100428803491774,15977.0,0.5810145967435938,-0.0334892764568017,0
TX001096,AC00196,-0.2583275229902007,11376.5,0.4142841934221,-0.7426121281492467,0
TX000789,AC00196,-0.03730108280244648,15737.5,0.5730249551980182,-0.2227959839881074,0
TX001837,AC00197,-0.36731224521793404,8847.5,0.32053408795604127,-0.8261669334899512,0
TX001712,AC00197,0.3367527335458201,18726.5,0.6802536229700494,0.6487516029604649,0
TX002270,AC00197,-0.24271713073724463,10548.5,0.38322675937876516,-0.6460700498241051,0
TX001721,AC00197,-0.26183465958156743,10675.5,0.38787922882735715,-0.686022497960339,0
TX000225,AC00198,0.320045287097188,18649.0,0.6943670382165605,0.7181975286274446,0
TX001484,AC00198,0.5389475808693593,20113.0,0.7526472929936305,1.1142640406459419,0
TX000007,AC00199,-0.13187457620482396,15149.0,0.5550358280254778,-0.18484417966724107,0
TX001083,AC00200,-0.02872965228253068,15454.5,0.5602010960514954,-0.10457097809434134,0
TX000933,AC00200,0.2919660244673028,19501.5,0.7079859231136763,0.6851503474191972,0
TX001082,AC00200,0.055996200677548735,16773.5,0.609911136709565,0.05725876848551458,0
TX000462,AC00200,0.16486173444149932,17404.5,0.6316398869259211,0.15382976440214988,0
TX001294,AC00200,-0.21121270199435535,12341.5,0.44798768047954635,-0.5550350324948307,0
TX001745,AC00200,-0.22645871594480493,9811.5,0.35562668353962895,-0.7374723916439326,0
TX000317,AC00200,-0.332398761134796,10790.5,0.39209244720790964,-0.8767087405094828,0
TX000709,AC00201,-0.3638715740027666,10391.5,0.37682566267639356,-0.9905365838108562,0
TX000762,AC00201,0.07787339319252361,15759.5,0.5725350502886275,0.027673969130134885,0
TX001195,AC00201,-0.3710464183526865,7458.5,0.27045356010022537,-1.0861145664401086,0
TX001928,AC00201,-0.3021553072895113,9738.5,0.35350356137787126,-0.910911167646308,0
TX001850,AC00201,-0.41465906333660724,6173.5,0.22446327720047998,-1.125329259975639,0
TX000038,AC00202,-0.15730718674752645,14266.5,0.5189128516479463,-0.3904829898553437,0
TX000806,AC00202,0.2515262648259679,16964.5,0.6164505144815143,0.730689049524928,0
TX002487,AC00202,-0.3473085859066553,9488.5,0.3443549834460474,-1.0029948022541337,0
TX001245,AC00202,-0.12809689367263613,14331.5,0.5206387283661994,-0.5808880420443409,0
TX002171,AC00202,-0.3546709035728735,9285.5,0.3366338735525838,-1.033042290534828,0
TX001119,AC00202,-0.17188265507619976,14891.5,0.5413492489852357,-0.62267704679817,0
TX002369,AC00202,-0.42295690101722094,6330.5,0.229260084483737,-1.1971656618050766,0
TX000243,AC00202,-0.206945631891295,10322.5,0.37396394663875454,-0.675656182248206,0
TX001494,AC00202,-0.06716732159918738,15222.5,0.5518862423805293,-0.3173775014330924,0
TX000169,AC00202,-0.01010449112613106,15137.5,0.5495824116604239,-0.14275265569511364,0
TX002306,AC00202,0.7109814814706047,24363.5,0.8845512322774834,1.7644909867981162,0
TX001545,AC00202,0.02308777731205751,15489.5,0.5610418112053891,0.0013091740094406984,0
TX000604,AC00203,0.008802236999153609,17234.5,0.6269079262022047,-0.021533052288094028,0
TX001873,AC00203,0.7132147633884597,18946.5,0.6876834054761353,1.799587812546312,1
TX001968,AC00203,0.5352696286952363,21489.0,0.7804702592946334,1.1169328667999616,1
TX001569,AC00203,0.41406868883974074,18883.5,0.6851747295368124,0.8607774526089746,1
TX000133,AC00203,-0.06820702324914292,15199.5,0.5507621851265617,-0.304853291028878,0
TX002218,AC00203,0.2151300117968812,18437.5,0.6690870574704442,0.41277608873724025,0
TX001179,AC00204,0.3682754963676187,20507.5,0.7454271574257508,0.9906455788130856,0
TX001027,AC00204,0.023663242759910028,15134.5,0.5503571954610301,0.2192433560186241,0
TX001363,AC00204,0.004711996887657322,15027.5,0.5457854828802673,-0.16997580596051445,0
TX001346,AC00204,0.3328843489046212,20555.5,0.7472670278869132,0.7968375660407716,0
TX002341,AC00204,0.1499462103157409,17870.5,0.6489667851823924,0.24861637946941906,0
TX002084,AC00204,0.12726824089439953,16099.5,0.5844915867012964,0.11372498899761373,0
TX001123,AC00204,-0.27611599467255615,11581.5,0.41985024000459,-0.7909586031502139,0
TX002236,AC00205,-0.12999015265451838,13496.5,0.48898821347487403,-0.44857114251924096,0
TX000582,AC00205,-0.011566219479376898,15103.5,0.5493678936969626,-0.12383368079196626,0
TX001704,AC00205,1.563281212547183,25192.5,0.9152586998047855,3.990929614593373,3
TX002163,AC00205,0.08686008319197416,17740.5,0.644540525363201,0.17345507657541492,0
TX001991,AC00206,-0.3975671543032133,8594.0,0.29408837579617836,-0.9703140914404194,0
TX001888,AC00206,1.1633281052949602,23023.0,0.8684912420382165,2.653465567718651,3
TX001596,AC00207,-0.17300589525592328,12781.0,0.4607683121019108,-0.4593015172218028,0
TX001423,AC00207,0.6971134326169897,20121.0,0.7529657643312102,1.6575283701864587,2
TX000408,AC00208,-0.5706030352781388,4034.5,0.14625917012314094,-1.4749404448109134,0
TX000127,AC00208,-0.03983098475973998,16473.5,0.5996176493773042,-0.2187817874883531,0
TX000652,AC00208,0.3565814632904828,19985.5,0.726701749097331,0.8128281582600442,0
TX000798,AC00208,-0.07777940923982297,13122.5,0.47651221152320955,-0.3779182191160294,0
TX001869,AC00209,0.05626498521944906,15976.5,0.5800684004643881,0.0022058432568183334,0
TX002183,AC00209,0.10152040211806662,17197.0,0.6249541674641909,0.1424444620904517,0
TX001801,AC00209,-0.32058729077655307,8531.5,0.30898703104968983,-0.9160000686939359,0
TX001020,AC00209,-0.43289547775592785,5697.5,0.20631540100967782,-1.2562710177804475,0
TX001108,AC00209,-0.4615868931499529,4647.5,0.16822648456434927,-1.305203661007304,0
TX000412,AC00210,-0.240593113900664,10581.5,0.38425860916424115,-0.6716015522847013,0
TX000390,AC00210,0.051169511192152246,15603.5,0.5667038017681656,0.043819571413122156,0
TX002123,AC00210,-0.47214654013806984,5201.5,0.18900989729654932,-1.2493237650549331,0
TX002174,AC00210,-0.5200600923717306,4441.5,0.16185359249939857,-1.4476227398572545,0
TX000786,AC00211,-0.3430079643792557,10767.5,0.3913495744233598,-0.8776546732882555,0
TX001178,AC00211,-0.24548728453873114,9162.5,0.332651535441176,-0.6847365956439507,0
TX000600,AC00211,-0.39698283030113435,7539.5,0.27339985991696747,-1.1598224543921243,0
TX001157,AC00211,0.31143052658092485,21382.5,0.7771778650728717,0.49706302444388084,0
TX000227,AC00212,-0.05597421272787273,15694.5,0.5703136337601313,-0.13997549068628676,0
TX001332,AC00212,0.18148667072587946,18018.5,0.6554382729456779,0.3574522565232904,0
TX001778,AC00212,-0.5172638082838137,6149.5,0.2251990084261957,-1.4048359849796441,0
TX002089,AC00213,-0.3331122943712598,9809.5,0.3550140161378739,-0.807219667796962,0
TX001944,AC00213,-0.3077801613287144,9407.5,0.3408634241056599,-0.7884165202386048,0
TX001295,AC00213,-0.24758531352532354,13284.5,0.4838301096075602,-0.6628712329563894,0
TX001890,AC00213,0.3191448126851532,20863.0,0.7585727633843059,0.7714250083249224,0
TX000473,AC00213,0.1181316645729645,18132.5,0.6595191766222608,0.22808580334893253,0
TX000493,AC00213,-0.30447919204817975,10996.5,0.39889790077946047,-0.8621897921421516,0
TX001026,AC00214,-0.4216041321352205,8713.0,0.29882563694267517,-0.9328285168135556,0
TX001462,AC00214,-0.14473019411827265,14056.0,0.5115246815286625,-0.35823734089009873,0
TX000242,AC00215,0.1555620207427272,18020.5,0.6552637115518963,0.39478451798325914,0
TX002421,AC00215,-0.11365921021158559,12040.5,0.4385546153875822,-0.18856892813888473,0
TX000634,AC00215,-0.10175611343485438,12326.5,0.4479105395908736,-0.38992065871020887,0
TX001710,AC00215,-0.3826047821078381,7876.5,0.2860814604168404,-0.9795402259038478,0
TX002138,AC00215,-0.04893131351686355,14403.5,0.5226991434227508,-0.20163380714991075,0
TX000563,AC00216,-0.3191322079475632,9793.5,0.3547995885738916,-0.7342148500391471,0
TX002160,AC00216,0.7620876423755636,23377.5,0.849418197993662,1.8253441872154599,1
TX000567,AC00216,-0.05538429428436993,15656.5,0.5681594744439468,-0.2944722625216716,0
TX002502,AC00216,-0.5649504861565833,3548.5,0.12831288477031544,-1.5507211025684038,0
TX000891,AC00216,-0.45900684246135254,6467.5,0.23492743874892907,-1.2401735250033352,0
TX000435,AC00217,-0.5842913353788891,7013.0,0.25555073893739394,-1.348437931428328,0
TX000856,AC00217,2.9773865370932597,27037.0,0.9821005114440918,8.388610507211189,3
TX000071,AC00217,0.16430772228880605,17734.5,0.6430671343895529,0.3179983093872016,0
TX001906,AC00217,-0.18011855676995284,11250.5,0.4075349381932737,-0.5076837941078902,0
TX001459,AC00217,0.36682723659257516,20336.5,0.7386354144418351,0.8679328212840259,0
TX000958,AC00217,0.2767271843009177,21027.5,0.7631868883872588,0.6769994516470281,0
TX001533,AC00218,-0.03951981326514176,16009.0,0.5808202981302495,-0.08490840909569142,0
TX001450,AC00218,-0.06534589329293954,14189.5,0.5141274949653517,-0.2628498800578192,0
TX001483,AC00218,-0.15898689434358637,12457.0,0.4538564297171774,-0.450145232849277,0
TX000689,AC00218,-0.46024095923722486,5905.5,0.21421911785054626,-1.240342239328683,0
TX001458,AC00218,-0.10251497588149712,14598.5,0.5301887402507176,-0.32446477869201995,0
TX001018,AC00218,-0.09187319746616567,14167.5,0.5147450138058084,-0.36428512337569974,0
TX000469,AC00218,-0.5224042552992689,6033.5,0.21899395806042737,-1.3944663248350453,0
TX000717,AC00219,-0.24248136430221748,11084.5,0.40159370364013386,-0.6438519982091031,0
TX000475,AC00219,-0.14010298159656334,12505.5,0.4545940442653704,-0.43561443172475545,0
TX000622,AC00219,-0.2516151710846249,10205.5,0.37056335930731343,-0.7693906594403518,0
TX000313,AC00219,-0.14717496443158376,13149.5,0.4775025980810241,-0.4640355706682497,0
TX001685,AC00219,-0.4491223637845349,5894.0,0.21392060370459473,-1.1966304889178756,0
TX002201,AC00219,-0.46989716828696687,5891.5,0.2133544769679002,-1.261077281069203,0
TX001413,AC00219,0.33486880261034774,21323.5,0.7737880654125807,0.7738729872657726,0
TX001838,AC00219,0.0746713838358114,18152.5,0.6584530654342766,0.17221741458076154,0
TX001244,AC00219,0.22555782276474665,18429.5,0.6685887152763548,0.5659390219695088,0
TX002298,AC00219,0.1588616886687331,17816.5,0.6463462850876538,0.3887742201570945,0
TX002179,AC00220,-0.5073179790901494,6671.5,0.24153621318752416,-1.142524291297858,0
TX000278,AC00220,0.1885566352775787,16988.5,0.61681856089333,0.3230699059522224,0
TX000704,AC00220,-0.2842093751776233,11634.5,0.4234770068322721,-0.7615836825175913,0
TX001626,AC00220,0.7909269123385847,23624.5,0.8583885985525477,1.8965245538498283,0
TX001964,AC00220,0.06445450767450267,17557.5,0.63654550504863,0.04072903055200156,0
TX000084,AC00220,-0.03858665366238084,13760.5,0.4979606329554555,-0.21404649470856868,0
TX001276,AC00221,-0.70482120967016,4044.0,0.1129578025477707,-1.6023557323130726,0
TX001818,AC00222,0.3341291625182969,19897.5,0.7235965872629786,0.9084012536372904,0
TX001528,AC00222,0.8229113493994706,22386.5,0.8137760639777603,2.4463647666813526,2
TX000912,AC00222,-0.047946754131282666,13840.5,0.502362334249542,-0.3140875267826311,0
TX002454,AC00222,0.2453293277021258,19733.5,0.7177840815678114,0.7308541565155942,0
TX000632,AC00223,0.13657517173702394,16744.0,0.618531050955414,0.36855945259172285,0
TX000564,AC00223,1.577840527349676,22221.0,0.8365644904458598,3.895648072280258,3
TX002200,AC00224,0.3196060793721869,17904.0,0.6647093949044585,0.8837176162066275,0
TX000927,AC00224,0.10774127809220538,16670.0,0.6155851910828025,0.09954831671146644,0
TX002222,AC00225,0.34709275635236475,19668.5,0.7155179172972533,0.9276457320353044,0
TX000238,AC00225,0.2770510830842872,19575.5,0.7104170363000915,0.612391133141942,0
TX000956,AC00225,0.2286937576351946,17975.5,0.6525313873017419,0.3772726656206331,0
TX001287,AC00225,-0.5599924128132099,3459.5,0.12514335850697667,-1.488837999775575,0
TX002319,AC00225,-0.5159263949780456,5103.0,0.184904902158836,-1.358700830083744,0
TX002409,AC00225,-0.5185599430299961,5369.0,0.19431928469182455,-1.3692554428364418,0
TX001988,AC00225,-0.2504640521194132,11512.5,0.4172404371815226,-0.6786055680780191,0
TX000882,AC00225,-0.3072729090305743,9548.5,0.3458203589992319,-0.8131985223507847,0
TX002282,AC00225,0.31021637218274495,20981.5,0.7617757223882626,0.6263384947517668,0
TX000607,AC00225,-0.35150223296749256,8903.5,0.32244305375225335,-0.9216640160931729,0
TX000183,AC00225,0.07147483520191812,16117.5,0.5844651599202941,0.078743132247075,0
TX000162,AC00227,-0.27802227464453333,10628.5,0.38586175352328955,-0.7156338344257356,0
TX002007,AC00227,0.5767765013516315,23641.5,0.8585679511187116,1.5173175442867926,0
TX002238,AC00227,-0.4645200418859797,7972.5,0.2894264219355902,-1.171989009047618,0
TX000812,AC00227,0.2121642189556337,18085.5,0.6574652401950314,0.4238840937924319,0
TX001478,AC00227,0.7784981613422374,20069.5,0.728250111372158,1.7888882614766355,0
TX001570,AC00228,-0.42211634801623477,5737.5,0.20757074844018716,-1.0879215663140058,0
TX002074,AC00228,0.6747771456624935,23422.5,0.8508047753343938,1.6801520203305575,0
TX002092,AC00228,0.34667240017032597,19480.5,0.7075391688888867,0.6746025177336449,0
TX001343,AC00228,-0.40830397158071985,6935.5,0.250838440100341,-1.176100119219428,0
TX002340,AC00228,-0.4013673928946734,8249.5,0.29844337822611633,-1.1764448391448654,0
TX001861,AC00228,0.12512013815813555,17872.5,0.648517108041118,0.17046765163078526,0
TX002213,AC00228,-0.2521918516102115,13251.5,0.4809536584548583,-0.6604623463477407,0
TX001052,AC00228,-0.0752532323563744,13895.5,0.5043859265850162,-0.2878666663752226,0
TX000427,AC00229,-0.4925706245950995,6345.5,0.22967200477598526,-1.1407394329147151,0
TX000482,AC00229,-0.1312018009504489,12689.5,0.4610027345239708,-0.3946817560523953,0
TX001476,AC00229,-0.41597707618672203,7520.5,0.2733586076214234,-1.0957010344848266,0
TX000405,AC00229,-0.14852844085576716,12464.5,0.4525351659999605,-0.5442544761961837,0
TX001230,AC00229,-0.36778025954560173,8229.5,0.2995890409555442,-0.9758739623299654,0
TX001682,AC00230,-0.31079640536220604,9817.5,0.35556042072158545,-0.7147415143829947,0
TX002038,AC00230,0.1034009531418452,17964.5,0.6529371001631047,0.14781740504921437,0
TX000926,AC00230,-0.28926511233848756,9360.5,0.33929342622221303,-0.8907361601745115,0
TX002043,AC00231,0.05830352382665237,16072.0,0.5847277553399576,0.20536336247695122,0
TX001270,AC00231,0.4792510270241823,18388.5,0.6685451427275187,1.2684993604029657,1
TX001938,AC00231,0.21460086030857145,18878.5,0.6853617057923648,0.3822886563885448,0
TX001955,AC00231,-0.4365156886726108,7305.5,0.2646430431935942,-1.2120085276848118,0
TX002233,AC00231,-0.5067867344087214,6944.0,0.2514559740073775,-1.331331937272804,0
TX000677,AC00232,-0.33226987109605055,9388.5,0.34044098734069794,-0.9328420884707057,0
TX001693,AC00232,0.05843824961021097,16957.5,0.6169810991564161,0.2047518032413102,0
TX000344,AC00232,-0.3255822021349983,10113.5,0.3679581367245111,-0.9547484312702085,0
TX001260,AC00232,-0.3031795971171756,9618.5,0.35132689259143723,-0.881289711093446,0
TX000378,AC00232,-0.5134569560548207,7336.0,0.2691078885237018,-1.320610820099108,0
TX001491,AC00233,-0.03662682450459516,14695.5,0.533458851000927,0.04760074355838111,0
TX001578,AC00233,-0.03282503227856379,12581.5,0.45589763488445983,-0.1475163687250215,0
TX000307,AC00233,-0.04068196141081331,15987.5,0.5793693412939516,-0.11423894974321987,0
TX001863,AC00233,-0.3595414316838296,8455.5,0.3068498065692216,-0.859883971296266,0
TX000769,AC00233,0.19539037466553946,17377.5,0.6309130148491389,0.35556007650810034,0
TX001566,AC00233,-0.20411227982949248,12520.5,0.45526947903865095,-0.5244344955704596,0
TX002212,AC00235,-0.0015011792182562335,16250.5,0.5906904597693392,0.05011394590563654,0
TX001322,AC00235,-0.29785892978122924,9492.5,0.34641560943471633,-0.7849148414140452,0
TX000454,AC00235,-0.3792752318509002,8086.5,0.29388022346269066,-1.075600798853816,0
TX000770,AC00235,-0.0584979542265769,13193.5,0.4793634412212946,-0.2731611978249886,0
TX001999,AC00235,-0.5319588363772243,4945.5,0.1789978235421457,-1.3537825069936325,0
TX000422,AC00235,-0.26977468609518385,10408.5,0.3770182738327982,-0.6817652778820005,0
TX000106,AC00235,-0.33413687139592557,9566.5,0.34656790242352564,-0.8927168466269039,0
TX002077,AC00236,-0.3935540370873962,9322.5,0.3392125789549048,-1.0391879329324187,0
TX000083,AC00236,0.10038557135271971,17411.5,0.6337378177662216,0.29075157909070276,0
TX002472,AC00236,0.027470494140260145,15334.5,0.5566587924702777,-0.11963257660771155,0
TX002254,AC00236,0.3128072801319833,19431.5,0.7059945732590145,0.6563043391991022,0
TX001133,AC00236,-0.28134363120381556,9869.5,0.357738957763917,-0.7925115356615211,0
TX000950,AC00236,0.12482244006154923,16966.5,0.6160555290249825,0.13956007718523572,0
TX000925,AC00237,-0.04717900649046776,16744.5,0.6086561207438118,-0.13243473473124368,0
TX000724,AC00237,0.07223494640962153,14969.5,0.544680861514266,0.2972193693384185,0
TX001852,AC00237,-0.3272704783988609,9797.5,0.3546675752015185,-0.9694115528719763,0
TX002030,AC00237,0.39411333476330573,20506.5,0.745309758635802,0.7856317971704294,1
TX000199,AC00237,-0.5140768054686441,6250.0,0.22613963007086835,-1.3760837109879869,0
TX002356,AC00238,-0.31276042609843946,9432.0,0.3274482484076433,-0.8469118846305729,0
TX001931,AC00239,-0.30379346985797845,10455.5,0.3792429146093754,-0.8429528708885313,0
TX000992,AC00239,0.15644540940522592,17402.5,0.631521102010629,0.30016593397942026,0
TX002100,AC00239,-0.10673621344907827,12875.5,0.46754015364054363,-0.38448977345328983,0
TX001507,AC00239,-0.23771560459979205,10911.5,0.39508259077192476,-0.7752228720150037,0
TX000076,AC00239,-0.2569407590473977,9091.5,0.32952684731937826,-0.7556495777146884,0
TX000568,AC00240,-0.12798259915357657,14039.0,0.5108479299363058,-0.381258112732165,0
TX000696,AC00240,0.7524180715605318,21550.0,0.8098527070063695,1.8444265040352086,0
TX000845,AC00241,-0.5220211623767785,6635.5,0.2405267222064994,-1.3207120927924747,0
TX000025,AC00241,-0.37577886427003115,9032.5,0.3286810396615058,-0.9545111986496371,0
TX002397,AC00241,0.10822986300091109,16777.5,0.6093515338019322,0.22322870999962327,0
TX001142,AC00241,-0.24998776706955214,12913.5,0.4697606059079314,-0.6378111535511887,0
TX001466,AC00241,-0.3053406844613659,10671.5,0.3894647151548579,-0.7749776314432822,0
TX001587,AC00241,-0.21454050430208987,12776.5,0.4659958593422679,-0.5938592401235467,0
TX001666,AC00241,0.40817108024426046,21212.5,0.7714001330439264,0.9147564627063113,0
TX002136,AC00241,0.20173551953034355,18682.5,0.6798512247562468,0.432126351106916,0
TX002045,AC00241,0.3084743997667958,19535.5,0.7107394611082156,0.696095551663456,0
TX000019,AC00242,-0.1402443728261931,13250.5,0.48080145586552786,-0.20516335015110967,0
TX000684,AC00242,0.13273784446459883,17641.5,0.6399384686906829,0.3637638040412806,0
TX000066,AC00242,-0.37426034246574935,8342.5,0.30192173924258253,-1.00497972849621,0
TX001582,AC00242,-0.42467170277227884,7073.0,0.2566100701644596,-1.0576543793251039,0
TX002453,AC00242,0.06263703565147888,17987.5,0.6529689810460014,0.10114756520445806,0
TX001383,AC00242,0.11962155207851174,17742.5,0.6443510480553987,0.21807211896284465,0
TX002127,AC00242,-0.09873869496693183,13157.5,0.476897162637582,-0.32434654041489624,0
TX000612,AC00242,-0.25747410790845254,9997.5,0.3624524769939353,-0.6514314489170403,0
TX000152,AC00242,0.626758518343107,21852.5,0.7932921748523595,1.483536072428223,2
TX002311,AC00243,0.4911486486913275,20779.5,0.7545548530779456,1.2523142702283911,1
TX001160,AC00243,-0.5833691444420831,4511.0,0.16347715207410152,-1.5140564614035124,0
TX001922,AC00243,-0.49198883079801836,5838.0,0.21150615415545906,-1.225226735723674,0
TX000951,AC00243,-0.41303416534648285,7349.0,0.26602008338930067,-1.1425373435260708,0
TX000729,AC00244,-0.2804397667994556,11405.5,0.4145497870911473,-0.7330924180302348,0
TX001701,AC00244,0.12527909978772797,16339.5,0.5943853576709622,0.41342591264597217,0
TX001950,AC00244,0.01605695738396427,15615.5,0.5682103693505749,-0.1524926503572935,0
TX001239,AC00244,0.749140866805695,23124.5,0.8405770385564626,1.999880927402545,0
TX001700,AC00244,-0.6431458977017065,4530.0,0.1638995888390634,-1.6747142434724755,0
TX001116,AC00245,-0.5619104081586342,6037.0,0.21855381806417834,-1.2451968722918754,0
TX001445,AC00245,-0.4152302004767179,8724.0,0.3156022389178676,-1.0344157683499322,0
TX002431,AC00245,-0.08092116428041249,14587.5,0.5294558716751675,-0.30556086365959684,0
TX001558,AC00245,0.538049547345266,21702.5,0.7883907151056806,1.2603487881158335,0
TX001986,AC00245,-0.31949478331983594,9639.5,0.34962741252102686,-0.8379866597161224,0
TX002003,AC00245,-0.1006523110490451,12626.5,0.45896142389062966,-0.36894382668243836,0
TX001524,AC00246,-0.46634363374439036,7063.5,0.25683472793613893,-0.9907903428379673,0
TX001521,AC00246,0.6857678602552589,21797.0,0.7925432001029832,2.567976522452306,1
TX001726,AC00246,-0.005868130709881632,17046.5,0.6181005159037994,-0.03271043741564431,0
TX001043,AC00246,0.8292988453877339,22992.5,0.8352613382642431,1.976376526450647,1
TX001023,AC00246,0.10360010238058011,18424.5,0.6688867322251723,0.23997715101394132,0
TX000964,AC00247,-0.4848190488373442,8123.5,0.295757880906039,-1.049336654064862,0
TX001011,AC00247,0.8140447625849836,23164.0,0.8419866526977375,2.7563915578235876,1
TX000173,AC00247,-0.3048084340101552,9433.5,0.342669485161709,-0.8010233398976284,0
TX001680,AC00247,-0.4171317359994246,7236.5,0.26246414455334705,-1.0995792713201986,0
TX000985,AC00247,-0.3890676088902662,8980.5,0.3265588516276969,-0.9454191890379363,0
TX001572,AC00247,0.20675384324077697,16757.5,0.6081636846490114,0.4332131208559675,0
TX001261,AC00247,0.3430092931910048,20429.5,0.742324255578371,0.8126022657870337,0
TX000324,AC00248,-0.33634448303248954,10135.5,0.3670058384804788,-0.8411499534344727,0
TX001068,AC00248,-0.3226758534847775,8883.5,0.3220954677558317,-0.8503129721730631,0
TX002012,AC00248,0.04280808191638682,15238.5,0.5527089077718,-0.08853796361145631,0
TX002219,AC00248,-0.028221375362338673,16228.5,0.5893490219017447,-0.23812126150425134,0
TX001075,AC00248,-0.47010130934998184,6004.5,0.21840187160670485,-1.2670798477165672,0
TX002119,AC00248,0.2334465783851288,20422.5,0.7411312235219927,0.42121808881672806,0
TX001957,AC00248,-0.25675132377841825,10916.5,0.39622810283555443,-0.6886447999552988,0
TX000211,AC00249,-0.17679942867846635,11910.5,0.4326135616334005,-0.48940908513413894,0
TX001506,AC00249,0.07181626720146578,15350.5,0.5573505292829224,-0.016472498584881153,0
TX001071,AC00249,-0.28202084929857313,8728.5,0.31668822292463283,-0.7848528449221429,0
TX001201,AC00249,-0.3938060746106441,7856.0,0.28449101718457936,-0.9983250674961329,0
TX000829,AC00249,-0.29621527713673246,9682.5,0.3503317148612404,-0.741844734900741,0
TX001334,AC00250,0.10752327952550532,16079.5,0.592078025477707,0.33107046574310195,0
TX001472,AC00250,0.3318834371132518,16264.0,0.599422770700637,0.9714881627251649,0
TX002098,AC00251,0.23918818274942588,20113.5,0.7314318415651502,0.6316118774912912,0
TX002239,AC00251,1.5995922531995552,24728.5,0.8983124436208584,4.0986451686563825,2
TX002467,AC00251,0.7394258592964215,22309.5,0.8096536368071966,1.6650177511688342,2
TX000391,AC00251,0.8204039376122951,22946.5,0.833505448918991,2.107420034398851,2
TX002015,AC00252,-0.507093758915757,7562.0,0.25300557324840767,-1.2356209527752011,0
TX002243,AC00252,0.670619206416989,21058.0,0.7902667197452229,1.5985883138927746,0
TX000731,AC00253,-0.07616471673843127,15097.0,0.5498171339074223,-0.14541239606798384,0
TX001882,AC00253,0.21634501437682094,18965.5,0.6898510041815182,0.4692202417006066,0
TX000874,AC00253,0.4028815360839589,19096.0,0.6937733019723478,0.7874012533968878,1
TX002288,AC00253,0.16598883322585112,17063.5,0.6197698025482528,0.2104967242724642,0
TX000249,AC00253,0.3306314572256015,20658.5,0.7512050702536538,0.8137875430142434,0
TX001539,AC00253,0.13529372573240905,16050.5,0.5824580805563015,0.17587010170120257,0
TX000934,AC00254,-0.22238075599700916,11841.5,0.4293855770403645,-0.4122469207204431,0
TX001586,AC00254,0.22940607069960867,17850.5,0.6474739884539376,0.4887124241542363,0
TX001112,AC00254,-0.26434834056159445,10876.5,0.3942816513887529,-0.6983267567615233,0
TX001150,AC00254,1.7260834642720234e-05,15168.5,0.5515031293888947,-0.12767692612521972,0
TX001449,AC00254,0.004770467551245717,17068.5,0.6197933064127702,-0.04136087607019646,0
TX001246,AC00254,-0.2687238052139779,11365.5,0.41222380849870804,-0.7683463992889531,0
TX002309,AC00255,-0.17997271684188437,12603.5,0.45841080066456874,-0.39797951431034695,0
TX001839,AC00255,0.4029460896917392,20103.5,0.7307053310862834,1.0594162697854683,0
TX001007,AC00255,-0.6035421695786741,3045.0,0.11003822331033732,-1.6756813174072152,0
TX000490,AC00256,-0.44924024935105117,5907.5,0.2138324190129148,-1.1396038869951903,0
TX002079,AC00256,-0.22591390353815005,10980.0,0.40008736205642176,-0.6196841153921746,0
TX001982,AC00256,0.919829579791673,23760.5,0.8632491073352789,2.3577507819577823,2
TX000550,AC00257,-0.4931295827365235,6353.5,0.22989357389880177,-1.110796217015859,0
TX000748,AC00257,-0.19460003262578995,12067.0,0.43756960759876323,-0.5694988889325375,0
TX001627,AC00257,-0.47835516004900064,7037.5,0.2579372701141251,-1.2428984722706689,0
TX001606,AC00257,0.43533046569853695,20794.5,0.7562694298613345,1.1197320978789702,0
TX002187,AC00257,-0.4025565219397923,8077.5,0.29327442642133295,-1.0888756264448312,0
TX000163,AC00257,-0.20021758964446512,12449.5,0.4515216371755443,-0.5823132017444244,0
TX001430,AC00257,-0.38753842840543695,8389.5,0.3052485003329111,-1.021671874992129,0
TX001453,AC00257,-0.11637920276690225,15628.5,0.5685151059939918,-0.2342659476065669,0
TX001013,AC00257,0.35627036049085337,22436.5,0.8146922626965466,0.8345700456588468,0
TX002420,AC00257,0.003643461075070435,16598.5,0.6023233057811793,-0.015558255952919195,0
TX000661,AC00257,0.08288820975415735,17660.5,0.6402548367337197,0.11346064304037634,0
TX000188,AC00258,-0.20235424178763808,11487.0,0.4177495218470229,-0.5356946873040358,0
TX001875,AC00258,0.28894899703223464,17199.5,0.6254622878685827,0.8273054318422102,0
TX002507,AC00258,-0.148702282519729,12020.5,0.43624641535932956,-0.4460563871711423,0
TX001144,AC00258,-0.42906172333816434,6521.5,0.23648559430063829,-1.1379504708034245,0
TX000256,AC00258,-0.6171588974346651,6151.5,0.22294450568841737,-1.5786544845323374,0
TX001032,AC00258,0.05804688843485354,18033.5,0.6551010828893313,0.049533968038266145,0
TX001605,AC00258,0.40374168127219934,20169.5,0.7323116092939341,0.9093805973248269,0
TX001323,AC00259,-0.520874371293455,4075.5,0.14734685665342573,-1.3348067557893242,0
TX001612,AC00259,-0.32301737567216376,11185.5,0.4065034801388729,-0.8526745813167395,0
TX001761,AC00259,-0.2146026214250849,10583.5,0.38430778648077,-0.6274271819481982,0
TX000246,AC00260,-0.4827251624285673,7489.5,0.27098046852965124,-1.1301364258012347,0
TX001268,AC00260,0.2047139154768181,18964.5,0.6891900031917042,0.4477823213945828,0
TX002373,AC00260,0.1315717486154957,17085.5,0.6204251083708954,0.1996967920613809,0
TX001976,AC00260,-0.4291040607651077,8101.5,0.2941744737665533,-1.060070036062629,0
TX000357,AC00261,-0.21340531248782135,11087.5,0.4015083665320397,-0.5246620218071333,0
TX001725,AC00261,-0.05875626232518591,13684.5,0.49649296728213854,-0.1564621203248106,0
TX002095,AC00261,-0.15137685044205512,13294.5,0.4819347338663448,-0.31627930370375423,0
TX001419,AC00261,-0.24370560852155054,10941.5,0.39715936813415964,-0.525639954051108,0
TX001288,AC00261,0.4552566709310744,21300.0,0.7739717722203124,1.0975950272643262,1
TX001641,AC00261,-0.14942688685079347,13557.5,0.4920973830194583,-0.3626274098474081,0
TX002000,AC00261,0.2284455949728333,20528.5,0.7457446403956941,0.6250021857361859,0
TX001384,AC00261,0.15826996523846062,19611.5,0.7118425155499156,0.32670429900992265,0
TX002370,AC00262,-0.09780245565163126,15944.5,0.5788141980939451,-0.2944398032243764,0
TX000794,AC00262,0.34277392149569497,19285.5,0.7006677538308889,0.6003299191243517,1
TX000424,AC00262,0.4823513966398301,21124.5,0.7671232432970594,1.133219393548204,0
TX001130,AC00262,0.4170565363518687,19449.5,0.706113990970659,0.8611005497880836,1
TX000642,AC00262,-0.29713618693516963,9251.5,0.33481506617000795,-0.8903129643077223,0
TX001793,AC00263,-0.3568151033756044,8267.5,0.2994958692259442,-0.7987332198533791,0
TX000272,AC00263,0.29030524575485844,18646.5,0.6761386386899164,0.6087804737002597,0
TX001202,AC00263,0.2703066765410099,20303.5,0.7369936695052907,0.5371883781258525,0
TX000867,AC00263,-0.5178315455692047,5000.5,0.18185836438655878,-1.3749827404638968,0
TX002046,AC00263,-0.051313385336390877,14306.5,0.5194406339390018,-0.33015798960558274,0
TX000374,AC00264,-0.17186335868941063,12150.5,0.44104225838147815,-0.43576502370435244,0
TX001319,AC00264,-0.43981623898666694,7158.5,0.2603788395069347,-1.10555633808371,0
TX000908,AC00264,0.03458342716339088,15220.5,0.5535656537666208,-0.08161676175518288,0
TX000455,AC00264,0.5506601387897259,21358.5,0.7759645835332166,1.2138370408154586,0
TX000329,AC00264,-0.5774834388118701,5806.5,0.2136924203532378,-1.5583850295376636,0
TX000014,AC00264,0.573773001331006,20168.5,0.7336393968402127,2.2992655387511505,1
TX000530,AC00265,0.41640509387440594,20352.0,0.740058166640712,1.2344750906102213,0
TX000101,AC00265,0.6129152542842794,21034.5,0.7646533788673501,1.8268435966840797,1
TX000888,AC00265,0.1757752108780738,16041.5,0.5816252301570733,0.2723018434340489,0
TX001844,AC00265,-0.17520001321272663,11995.5,0.43585543761302953,-0.5625185873743127,0
TX001752,AC00265,-0.38637911227676414,10312.5,0.37620073107866586,-1.039447305769194,0
TX000394,AC00265,-0.005671721909002126,17438.0,0.6346156419062093,-0.1678290545206978,0
TX000193,AC00265,-0.3106955275908656,12353.5,0.4506775772409307,-0.9196760404872854,0
TX000075,AC00265,0.395714911413925,20983.5,0.7628424965057587,0.9183775395152491,0
TX002491,AC00265,-0.020315401969322338,16479.5,0.5991635727947227,-0.15806320944210647,0
TX000510,AC00266,-0.328792397497027,9136.5,0.33097474563997287,-0.7566788138512073,0
TX001278,AC00266,-0.5105124929202323,7332.5,0.26641402925182495,-1.2180937237073386,0
TX001443,AC00266,0.539829158329461,21956.5,0.7975713547193591,1.2770395966146053,0
TX001463,AC00266,-0.1446166511196481,12490.5,0.45293581649050424,-0.3963702016789944,0
TX001374,AC00267,-0.1909784056079839,11377.5,0.4126116825295654,-0.31517727389699285,0
TX000425,AC00267,0.27300466687291597,21067.0,0.7654881427222151,0.7756048314209609,0
TX001769,AC00267,-0.3709922051744938,8877.5,0.3229837631687935,-0.9365749558236515,0
TX002060,AC00267,0.3791371424366433,18898.5,0.6854789237833556,0.7496604776503174,0
TX001208,AC00267,-0.29442123971341316,10031.5,0.3642629977576108,-0.7604615872061865,0
TX001176,AC00267,-0.07684624462138484,15038.5,0.5463294165448885,-0.26471281975097355,0
TX001209,AC00267,-0.3191217328313764,10471.5,0.379850127909236,-0.9288896365956205,0
TX000036,AC00267,-0.15374974680688472,13957.5,0.5065518077003,-0.4087328376350132,0
TX002410,AC00267,-0.09711524002318066,13117.5,0.4748661876779966,-0.31056689040845553,0
TX002176,AC00267,-0.25372245761550083,12119.5,0.43852324676839943,-0.6527899655614722,0
TX001451,AC00268,-0.04997934029650279,13923.5,0.5049501097329141,-0.1434625143676107,0
TX001367,AC00268,-0.4167585378072097,7938.5,0.2874054210518449,-1.0357810056903942,0
TX000172,AC00268,-0.42207824947345146,7266.5,0.26614189668713634,-1.1133525900871397,0
TX002273,AC00268,2.0104435399367766,25385.0,0.9212805857596954,5.251169205275895,3
TX000370,AC00269,-0.349808980441198,7820.5,0.28326262386536605,-0.8928549293106461,0
TX002445,AC00269,-0.4160532931788106,6800.5,0.2463787324739517,-1.1351875424957032,0
TX001930,AC00269,-0.1014850506449102,12961.5,0.47025307213589146,-0.34412739302540374,0
TX001621,AC00270,0.06988603074498713,16194.0,0.5966361464968154,0.05559630032363049,0
TX000016,AC00270,-0.017002002186042642,14682.0,0.5364450636942675,-0.09396982788531727,0
TX001113,AC00271,-0.4709763766054197,7268.0,0.26332238213957004,-1.0551565689107998,0
TX000453,AC00271,-0.3413633292381466,9797.5,0.3564707434742424,-0.8119016263284169,0
TX001519,AC00271,-0.18059896257150382,11571.5,0.4197700857999534,-0.49348725387537096,0
TX000057,AC00271,0.30604839613484486,18257.5,0.6628181549394034,0.6449422803064591,0
TX001101,AC00271,-0.20301415784479077,11087.5,0.4018398312880553,-0.6170853518438724,0
TX000138,AC00272,-0.43175229654063196,8285.5,0.30104721468357537,-1.1730815863029918,0
TX000917,AC00272,0.5627731407455233,21902.5,0.7953071792373368,1.2080428468799431,1
TX000805,AC00272,0.016438997188777033,15679.5,0.5693249647924163,-0.13357522931118168,0
TX001960,AC00272,0.3334411667428073,21382.0,0.7771647420818493,0.8175100061152276,0
TX000296,AC00272,-0.3335120239509809,8714.5,0.31580866612796615,-0.9345005040834162,0
TX001515,AC00272,0.17275115428076265,17146.5,0.6219183872299043,0.2931365739947356,0
TX000365,AC00272,-0.0643695916885877,14337.5,0.5201995676976386,-0.2697494079428208,0
TX002178,AC00272,-0.2778463561229661,11345.5,0.4116325959066151,-0.8107076726901706,0
TX001610,AC00273,0.757041501606542,23245.5,0.8449659633908627,2.24662475572075,0
TX000178,AC00273,4.448675650965925,25186.0,0.915129534015998,11.784653379309402,2
TX000444,AC00273,2.140681463361282,24906.5,0.9046829852993574,5.463489073658619,3
TX002227,AC00273,0.49352581920995103,19893.5,0.7217182668901182,1.1252389703968337,1
TX002133,AC00274,-0.38569841316934467,7143.5,0.25969180346719367,-1.0564297856405704,0
TX001795,AC00274,-0.3823501854058249,8337.5,0.30317437468872444,-0.9373351049786115,0
TX000418,AC00274,0.11464524245519411,18659.5,0.6782548302249573,0.17569064840394732,0
TX000598,AC00274,-0.09170890202631994,14596.5,0.5300600113927451,-0.3290643316138091,0
TX001805,AC00274,-0.2759254073057026,9556.5,0.3465092934280302,-0.7498879122030974,0
TX001292,AC00275,-0.3127436348894491,9525.5,0.34651935790334926,-0.8725397665377045,0
TX002473,AC00275,-0.3044887340598403,10053.0,0.36553496362566035,-0.8029628326558629,0
TX001437,AC00275,-0.5764027922484295,4354.0,0.15755502194417217,-1.5296489631819508,0
TX001223,AC00275,-0.4441996806332446,6853.5,0.24933759781826284,-1.172919954097427,0
TX000159,AC00275,-0.4040460167631447,5802.5,0.21009379789665728,-1.0782041004178593,0
TX001298,AC00275,-0.2807729985141192,9370.5,0.3398873507986733,-0.8420303955289082,0
TX002480,AC00275,-0.14861463969071598,12022.5,0.4358895483497394,-0.46163556848943577,0
TX000635,AC00275,0.06908427943309438,15856.5,0.5751074277274246,0.036947470759820904,0
TX001954,AC00275,-0.02216194102124826,15338.5,0.5566891968283524,-0.10607275404426378,0
TX002479,AC00276,-0.3562120269798521,7781.5,0.2826914799575918,-0.9839224214714595,0
TX000648,AC00276,-0.2670255424411421,10849.5,0.39418787699596025,-0.6087199216987839,0
TX002180,AC00276,-0.20968087758126658,12798.5,0.4647402708464814,-0.5246685872565928,0
TX001050,AC00276,-0.19853391976393214,11218.5,0.40815848366565793,-0.6089920453537102,0
TX001962,AC00276,-0.5128959634223575,4717.5,0.1707962404182579,-1.374494348278917,0
TX002234,AC00277,-0.11741550304723909,13595.5,0.493308525104779,-0.2660578298033645,0
TX001493,AC00277,0.17615637861475344,18068.0,0.6572926525232061,0.40415208105206873,0
TX000699,AC00277,-0.015491067511103934,15097.5,0.5489087848767217,-0.23125764500101537,0
TX001989,AC00278,-0.4373298431831563,5887.5,0.21354449667257597,-1.2068043424916488,0
TX000890,AC00278,-0.01696360186606357,15615.5,0.5677927237579956,-0.18448842082117617,0
TX000986,AC00278,-0.1372067208924782,13041.5,0.47353607987842583,-0.5105134776611162,0
TX000801,AC00279,-0.08539623541369418,14323.5,0.5208530353975432,-0.17707830880915817,0
TX000150,AC00279,0.11181570111027041,16084.5,0.5847740850729005,0.316247022755769,0
TX002465,AC00279,-0.5056294536921981,6920.5,0.2507712431543488,-1.3548979982264475,0
TX002263,AC00279,0.5392777866536173,21629.5,0.7853742954264612,1.2828754741814696,1
TX002494,AC00279,0.03446996040643414,18136.5,0.659092159617034,-0.019821113591930988,0
TX000389,AC00279,-0.4162146197839352,8889.5,0.3219015910067223,-1.0702062129327672,0
TX001129,AC00279,-0.37965132507823024,7681.5,0.2779803111140253,-1.002942464764789,0
TX001652,AC00279,-0.26637868587485686,11298.5,0.4099648159201438,-0.6945096845756701,0
TX000725,AC00279,-0.16758720644294986,14274.5,0.5170544794267662,-0.4088730546487327,0
TX001907,AC00280,-0.14916561123892888,14909.5,0.5426354226380545,-0.24239181052396913,0
TX000920,AC00280,1.5455354071210419,23474.0,0.8532502771045362,5.477619848077863,2
TX000970,AC00280,0.0756667493575952,16380.5,0.5951316355025511,0.03692296805753454,0
TX001357,AC00280,-0.4111536276216341,6725.5,0.24416168525360307,-1.1842724507770035,0
TX000445,AC00280,-0.27705221705117905,10206.5,0.3699333050724473,-0.8344383421381623,0
TX000983,AC00281,-0.3634918121894717,9462.0,0.34408042516200793,-0.9172195383318865,0
TX001829,AC00281,0.30964181600910545,19404.5,0.7053754272279373,0.879740646149939,0
TX001156,AC00281,-0.4623900442278045,5902.5,0.21426799383547876,-1.305365230739436,0
TX002104,AC00281,-0.3540328407536916,9126.5,0.3307454322951295,-1.0232202840137903,0
TX002355,AC00282,0.1962538015792856,19829.5,0.7211290430865612,0.5905963199950234,0
TX000751,AC00282,0.6180499803743137,20821.5,0.7571371744594232,2.015151306318392,1
TX000073,AC00282,0.41268817210595743,21904.5,0.7951094153106343,0.9538600759599362,0
TX000117,AC00282,0.16187547573710445,18130.5,0.6578325634110158,0.28336653826334524,0
TX000959,AC00282,0.10471282551121258,16513.5,0.5987400211028543,0.11093851312523165,0
TX000047,AC00282,-0.02220570931009113,14541.5,0.5272342743477135,-0.17404580481821796,0
TX001711,AC00283,-0.05782372674181158,14351.0,0.5232683121019108,-0.07483528463577271,0
TX000502,AC00284,-0.5538108487080152,5040.5,0.18392580046930587,-1.4012180428662313,0
TX002151,AC00284,-0.10921151406338564,15134.5,0.5510168103255009,-0.3275815512639501,0
TX001040,AC00284,0.31028973593042863,19586.5,0.7125039384039646,0.7222331002874179,0
TX000137,AC00284,-0.10218402029945882,12202.5,0.4440395133711677,-0.48005758352954586,0
TX000292,AC00284,0.29240537700102165,20944.0,0.7615472377053094,0.6281421976624663,0
TX000126,AC00284,0.29509471661475134,20405.5,0.7412021268466202,0.6326338385137229,0
TX002469,AC00284,0.09864839319158022,18002.5,0.6538598679106922,0.07528482428119575,0
TX001933,AC00284,0.20935376676144435,17928.5,0.6499785964167093,0.4143334898509227,0
TX000433,AC00285,-0.5243896062844278,4942.5,0.17894726010027354,-1.3010295913235854,0
TX000020,AC00285,-0.08537975300146443,13185.5,0.4795230565678958,-0.30064984965716285,0
TX000400,AC00285,0.12891958792744487,20126.5,0.7320697002883624,0.33061838401427035,0
TX001675,AC00285,0.15955497359005963,17269.0,0.6270477289963441,0.23338503849613101,0
TX000312,AC00285,1.2819084945276085,22284.0,0.8102240424525596,4.7472939382422155,1
TX001878,AC00285,-0.167355343531009,14527.5,0.5281446272335301,-0.4815721448070791,0
TX001247,AC00285,-0.21286725421095676,13733.5,0.49986393371765564,-0.6116592667878339,0
TX000325,AC00286,-0.6038912021112949,2815.5,0.10171937699571916,-1.546770075051274,0
TX000676,AC00286,-0.4154742673888117,7538.5,0.2733951591440639,-1.0007377971917724,0
TX001091,AC00286,-0.016877369717499358,15796.5,0.5733835096645481,-0.015774854611733873,0
TX001554,AC00286,-0.19949900717562502,11350.5,0.41101803011580296,-0.5005378311871457,0
TX001141,AC00286,-0.26311151219791756,11984.5,0.43380002466097783,-0.6138358179479659,0
TX002016,AC00286,0.11696167491313102,17485.5,0.6345348097054809,0.2420310300450012,0
TX000691,AC00287,-0.1781300812640367,11951.0,0.42772691082802544,-0.43399177516517823,0
TX001730,AC00287,0.5660316243066951,19815.0,0.7407842356687898,1.3359732073886603,1
TX000739,AC00288,-0.32381603193826486,8937.5,0.32502588739744476,-0.8960433593598688,0
TX002314,AC00288,0.9499466954799374,25940.5,0.9423801405362351,2.359829012208354,2
TX001856,AC00288,0.2863709026407821,19258.5,0.6997751493760989,0.6077374393125338,0
TX001717,AC00289,-0.22370538697734432,10830.0,0.3940655514344107,-0.5866173755518108,0
TX001825,AC00289,0.11029441128406613,14829.0,0.5396193796233306,0.3815881754017082,0
TX001663,AC00289,-0.3038337713429214,8870.5,0.32161008282038656,-0.8898236719118647,0
TX001914,AC00290,-0.6420336134514282,4698.0,0.16983696634776943,-1.4641570689494452,0
TX000458,AC00290,0.10548465595007898,18180.5,0.6613225859602618,0.21748014518438386,0
TX002216,AC00290,1.1039959986593801,22862.0,0.8309661426228963,3.362630515798141,2
TX000624,AC00290,0.7174626698298738,23566.5,0.8560111525234472,1.7625783922501557,2
TX001543,AC00291,-0.14592599711093096,13273.5,0.481955344947537,-0.3174476539590739,0
TX000032,AC00291,-0.4269923557738975,8230.5,0.2986606684402643,-1.0081880314437661,0
TX002019,AC00291,-0.1256703811846306,11915.5,0.432423270730288,-0.42560930452621204,0
TX001221,AC00291,-0.3631161948063681,11111.5,0.40462757041878344,-0.9794303271237681,0
TX001039,AC00291,-0.5878379068421175,3232.0,0.1168422003570659,-1.506530099655196,0
TX002228,AC00291,0.34917631240647024,19997.5,0.7269918410251639,0.7639121477210077,0
TX001643,AC00291,0.16510412323616463,17092.5,0.6196707849856832,0.2728222754927618,0
TX002242,AC00292,-0.3610710340581901,8904.5,0.32296483954454086,-0.8842404254529029,0
TX001656,AC00292,0.1073715656708937,16536.0,0.6004293613650465,0.13439659647807084,0
TX000403,AC00292,-0.13390056083510013,12401.5,0.4499021907771317,-0.5167721325424088,0
TX001386,AC00292,-0.3875079038372423,6625.5,0.23998086001966132,-1.073906399742054,0
TX000938,AC00292,-0.12863807180575468,12005.5,0.435978682235948,-0.4892959618445963,0
TX000813,AC00292,-0.10771598234122792,12662.5,0.45917539945721747,-0.3704139175376844,0
TX002056,AC00292,-0.14910154248525645,12453.5,0.45133658944220867,-0.44778093511490946,0
TX000767,AC00293,-0.3575199158063149,8984.5,0.3263273988285192,-0.7503846635511534,0
TX000398,AC00293,0.1707338764910349,18652.5,0.6769457855039734,0.414514280261824,0
TX001499,AC00293,-0.2279587352071519,10710.5,0.38856747019348387,-0.5463809377625696,0
TX001967,AC00293,0.09894583870094811,17341.5,0.6299399849912759,0.19563835001575042,0
TX001978,AC00294,-0.20921557980383074,12517.5,0.4544051696207609,-0.5482193165847247,0
TX001703,AC00294,-0.10394303512047512,13312.5,0.4839567592775177,-0.4377775302930035,0
TX001739,AC00294,-0.3207760271757626,8968.5,0.32598535733347095,-0.946255928039973,0
TX001534,AC00294,-0.29398669769027075,7651.5,0.27699736744664133,-0.9450069564938283,0
TX000525,AC00295,-0.19112729332066672,12270.5,0.44523257556070583,-0.5251458598309796,0
TX000705,AC00295,-0.2215536266041074,12583.5,0.45723455277810854,-0.6388021737109538,0
TX000121,AC00295,-0.447755632041836,6138.5,0.222518784409055,-1.1942095968951707,0
TX001098,AC00295,-0.11940940202060978,12338.5,0.4478840826767117,-0.47103161030230617,0
TX000953,AC00295,-0.44644711794942304,5686.5,0.20674265908018172,-1.2237741909095954,0
TX002272,AC00295,0.6689424934957209,22159.5,0.8048383578970815,1.4984486224226279,1
TX001667,AC00296,-0.20071877182662373,11153.5,0.4055376521061632,-0.572363963595642,0
TX000630,AC00296,0.1947259107915229,19046.5,0.6925437334599086,0.2979881883218559,0
TX000049,AC00296,0.20297924352528635,20139.0,0.7324640680151216,0.48467397823624037,0
TX000579,AC00296,-0.03234122351084112,14076.5,0.5112992568680702,-0.22834326270449404,0
TX001595,AC00297,-0.5886978972717625,4436.5,0.1620704005829923,-1.4816485802822004,0
TX001421,AC00297,-0.5295571240974248,8073.0,0.29343474989718565,-1.2834204430634024,0
TX001000,AC00297,0.07011223243712963,16695.5,0.6062099409775775,0.13270234773091977,0
TX002333,AC00297,-0.5819129057900067,4268.0,0.1546515112141156,-1.498571672672532,0
TX000965,AC00297,-0.2989330402103469,9820.0,0.3569817265287999,-0.7917063942494561,0
TX002508,AC00297,0.37527742412196513,22982.5,0.8347817690286081,0.8729125519475119,0
TX001279,AC00297,0.002618331006338191,15283.5,0.5563328722156359,-0.06743448378061494,0
TX002161,AC00297,-0.32478985678571337,8643.5,0.31299721220060295,-0.8934559402919358,0
TX000712,AC00297,-0.26463239929582943,11760.5,0.42667461720039324,-0.6869533335709272,0
TX000787,AC00297,0.22645016478412533,20131.5,0.7303132384130769,0.5129849917322415,0
TX002438,AC00298,-0.3105524415933648,10210.5,0.37025374109203535,-0.7229480761478627,0
TX001523,AC00298,-0.32114873625822865,8701.5,0.3153398544303218,-0.8262443819316126,0
TX000174,AC00298,-0.1750454958567519,11669.5,0.4244652238025926,-0.5366647864289221,0
TX001321,AC00298,-0.42842763406419526,5466.5,0.19781134122934613,-1.0734618595768717,0
TX000569,AC00298,0.015395349234827046,15191.0,0.5515235446045493,0.012949829775201874,0
TX002240,AC00298,-0.38118148717200484,9349.5,0.3402443986072212,-0.9643487298244774,0
TX000857,AC00298,-0.14404949163518568,14895.5,0.5414127998189118,-0.36988001290607575,0
TX001277,AC00299,-0.4306309338570372,6955.5,0.2521008688233652,-0.9414708229582832,0
TX001946,AC00299,0.27493673731633694,18775.5,0.6818230784566229,0.6750462748806975,0
TX000340,AC00299,-0.16697386048812624,14769.5,0.5364352237109877,-0.3599546390992862,0
TX000233,AC00299,0.09627177523435335,16518.5,0.5997098568457958,0.14569602967478762,0
TX000310,AC00300,-0.20258357876572838,11592.5,0.4207919313764297,-0.5726832021900077,0
TX002388,AC00300,-0.04821836138523191,12935.5,0.46973475165696227,-0.165886134299469,0
TX000322,AC00300,-0.33578844422535126,7196.5,0.26072154393149505,-0.9796738021854311,0
TX001847,AC00300,-0.3132606368636813,7670.5,0.27778938741456044,-0.8881881109607564,0
TX000468,AC00300,0.16082653657552193,17537.5,0.6370613847416287,0.3562957403367227,0
TX001958,AC00301,0.4006585672899359,20279.5,0.7372056864165021,1.0717090473459832,0
TX001848,AC00301,0.3919239299203664,19985.5,0.7263155926565731,1.0538227758992837,0
TX001505,AC00301,0.27373242315255486,16990.5,0.6154242091974118,0.49604169678964943,1
TX000416,AC00301,0.4838575761174179,20066.5,0.7286039349326248,1.0109786245566121,1
TX000213,AC00301,-0.08960846215804769,14183.5,0.5145931728143937,-0.4048734261465509,0
TX000562,AC00301,0.31466969837669867,20789.5,0.7552962794708329,0.7745630852347256,0
TX001518,AC00302,0.0714858197652758,17775.5,0.6463938653467218,0.18291773016268764,0
TX000855,AC00302,0.4511545144637498,19285.5,0.7013323406666998,1.321669395703178,0
TX001762,AC00302,-0.2026613274808156,9784.5,0.35462303839157394,-0.6743124641164632,0
TX002475,AC00302,0.006801228590637308,15659.0,0.5693371536554898,-0.1351861217108294,0
TX001985,AC00303,1.2335482449493536,24788.0,0.9007988662217886,3.6535060503897503,2
TX001200,AC00303,1.5945049015088693,23233.0,0.844538449188502,5.682199544662787,1
TX000153,AC00303,0.6951986039858924,21714.5,0.7873300881527505,1.746150754011919,1
TX000087,AC00303,0.19458393294988516,17982.5,0.6517687772976294,0.42134804119700425,0
TX001647,AC00303,0.013884871809889638,17684.5,0.6415824736142001,-0.005730086745807074,0
TX002429,AC00303,0.5561248704120751,22519.5,0.8176015589932536,1.3378346825470298,0
TX000877,AC00304,-0.16579618746225688,11909.5,0.4325210227001529,-0.42282239383358666,0
TX001742,AC00304,-0.10555521128992294,14253.0,0.5188402759329588,-0.2532042031653479,0
TX002334,AC00304,-0.23359515005987874,10239.5,0.37138114312672266,-0.6859386411236394,0
TX000799,AC00304,-0.41892207467480247,6138.5,0.22233979344080665,-1.0883453822131612,0
TX001382,AC00304,-0.452451162794951,5753.0,0.20882942558483641,-1.1970538809724136,0
TX001300,AC00304,0.004530427575834569,14395.5,0.5221394802487986,-0.2064856563048011,0
TX001853,AC00304,-0.5627865433770772,4710.5,0.17124395890415584,-1.446317067202804,0
TX000973,AC00304,-0.3898807081692573,8983.5,0.32762203989919614,-1.0052579716792893,0
TX002130,AC00304,0.38073077962751317,21063.5,0.7653797085472587,0.8646484109642641,0
TX000251,AC00304,0.19579598496178183,18765.5,0.6810849667112959,0.37362410682783737,0
TX001335,AC00304,0.14944476180331087,18063.5,0.6550365979277064,0.28239391785577833,0
TX001706,AC00305,-0.08789303050673464,13503.5,0.49005860357152675,-0.0714857224599781,0
TX000484,AC00305,0.21013423943216186,16795.5,0.6080357091200297,0.5443158032490925,0
TX001365,AC00305,-0.08847579392062371,15085.0,0.5491574587766322,-0.22818517814200165,0
TX001846,AC00305,0.49161751519823055,21611.5,0.7855217068434093,1.2225810481290147,0
TX001619,AC00305,0.31085844662361617,20034.5,0.7276066177480935,0.7439259727150088,0
TX001748,AC00305,0.12618525573879807,17169.5,0.6232363513661411,0.1768035089456894,0
TX002423,AC00306,-0.30347505013755965,9416.5,0.34100351316481586,-0.7163269672157379,0
TX000305,AC00306,-0.1437153973335501,11833.5,0.43047495102758887,-0.3925422481046303,0
TX000399,AC00306,-0.6155119000715358,2762.5,0.09979799633773631,-1.655568899445829,0
TX002426,AC00306,-0.4964524095400632,5704.0,0.206893701542866,-1.349616938010407,0
TX001131,AC00306,-0.4933217336608757,5260.0,0.19106568691309642,-1.2947320383140277,0
TX000481,AC00306,0.09062424435560135,16755.5,0.6090227207639648,0.11067977672849753,0
TX000260,AC00307,0.34108675499852825,21679.5,0.7881118929795524,0.9261428693799163,0
TX000834,AC00307,0.06387169481465595,16934.5,0.6154327670147489,0.05145959443073302,0
TX000456,AC00307,-0.16599664275488502,14890.5,0.5410412579605782,-0.4365480314073128,0
TX002398,AC00308,-0.5910760976202623,6928.0,0.2277667197452229,-1.3747005512241341,0
TX002399,AC00308,0.2809839652093178,18388.0,0.6839769108280255,0.5716797508001862,0
TX001164,AC00309,-0.2192217699805926,12452.0,0.447671178343949,-0.4504506617273607,0
TX001552,AC00310,-0.16783081712709813,12502.5,0.4556389718421293,-0.3876035286400137,0
TX002067,AC00310,-0.011141495531545618,13104.5,0.47670934265355985,0.0881822904775335,0
TX001526,AC00310,0.35020843090159476,20604.5,0.7491845213673031,0.8777115894973533,0
TX001103,AC00310,0.1719725616423151,18484.0,0.6707914341792957,0.3023600481379287,0
TX001042,AC00310,-0.032299608643634,16374.5,0.5948929507450604,-0.2563571372434357,0
TX000092,AC00310,0.2676218697035896,19112.5,0.6942444791230238,0.4983016917818418,0
TX000318,AC00310,0.04087205632159963,16538.0,0.6019402982556035,0.17375352727218005,0
TX001408,AC00311,-0.41087122090001754,7437.5,0.27041782217289495,-1.1015529639885684,0
TX002489,AC00311,0.003915018757864598,15818.5,0.575853585026375,0.08750801172148866,0
TX000123,AC00311,0.12127914120082277,18329.5,0.667008231053354,0.34005566708810253,0
TX001990,AC00311,-0.3235876143079819,9919.5,0.3606141131907545,-0.8471017113188968,0
TX000538,AC00311,-0.4009074140773082,7790.5,0.28334865403613174,-1.0743116173287126,0
TX001008,AC00311,-0.4107739273845715,6090.5,0.22090928195332304,-1.1566940535525607,0
TX000683,AC00312,-0.09846067382946946,14226.5,0.5184381037178534,-0.0720289569272934,0
TX001354,AC00312,11.99258703922216,27492.0,0.9987127716865939,42.609284615661835,3
TX000606,AC00312,1.097143639420807,24369.5,0.8852904288165576,2.7948398679599094,3
TX002459,AC00312,0.9387535932020695,25348.5,0.9204551933174777,2.3687799837705734,3
TX000030,AC00313,-0.3646880191945441,9941.5,0.36016066940452535,-0.8212487661090376,0
TX001690,AC00313,0.39780187343046375,22466.5,0.8163679677040027,0.9666401318662938,0
TX000526,AC00313,3.51963763500767,26798.0,0.973119654678812,9.136914073809681,2
TX001812,AC00314,-0.5028622218856832,7244.5,0.2620260988116928,-1.1472854565832147,0
TX002257,AC00314,-0.25962185128797105,9053.5,0.32804887610546507,-0.6792315285775833,0
TX000542,AC00314,-0.1970146211099601,11839.5,0.4296844377176518,-0.5311453072075156,0
TX000226,AC00314,0.6768104773496355,21720.5,0.7892343833092188,1.6610426628920127,1
TX002458,AC00315,-0.22366054739625885,12753.5,0.4638442613446525,-0.5180485254281307,0
TX001390,AC00315,0.8545631975255719,23627.0,0.8588039088252551,2.691429517799669,1
TX002332,AC00315,-0.17884180706150565,13011.0,0.47292119768943747,-0.5613055922102106,0
TX002241,AC00315,-0.5037453361018343,5823.5,0.21116370586275576,-1.3154738774852779,0
TX001401,AC00315,-0.5566644936363893,4117.5,0.14971372594349333,-1.4402926172116584,0
TX001369,AC00316,0.14800129929769795,18117.5,0.6592696740604602,0.4326327699815833,0
TX000330,AC00316,-0.22663053189439528,10906.5,0.39773235016467173,-0.4577385635935931,0
TX000976,AC00316,0.26857448421813834,19023.5,0.6917693715235375,0.5377841184497365,0
TX000808,AC00316,0.2810409982945704,19589.5,0.7124550624190321,0.5507897545802001,0
TX000376,AC00316,0.8377341531139328,23514.5,0.8545021742882668,2.0535517756797863,1
TX000544,AC00316,0.581219930182253,21799.5,0.7913625075754762,1.3743298514631255,0
TX001607,AC00317,-0.09849784981925994,12987.5,0.472929228176481,-0.2789312172744981,0
TX000559,AC00317,-0.06437121289454195,12376.5,0.4504426289952351,-0.03491596288968558,0
TX002482,AC00317,-0.20759068046499904,10453.5,0.37936444164219446,-0.7211620006683267,0
TX000947,AC00317,-0.2609901304365926,9947.5,0.3614699853239459,-0.8302199868760868,0
TX002050,AC00317,0.011662153978150732,17071.5,0.6201703626393177,-0.1963973887752064,0
TX001056,AC00317,0.4426535169523931,19028.5,0.6903858074987694,0.9051221794953012,1
TX000017,AC00317,0.046488648591191235,13870.5,0.5020906838154077,-0.12002433419694443,0
TX000492,AC00318,0.41911971034782136,20012.5,0.7271916238735623,1.0806934853106587,1
TX000112,AC00318,-0.23948827728501365,9433.5,0.3421242256380636,-0.6601752720032493,0
TX001045,AC00318,-0.25350350573770514,9633.5,0.34939038508731624,-0.7856963429424645,0
TX001692,AC00318,0.10654793055393476,14580.5,0.5289158251881394,0.007844639671621554,0
TX000421,AC00318,0.0566332577072275,16242.5,0.5903628219245977,-0.003965566665791074,0
TX000067,AC00319,-0.43296367186655743,6367.5,0.23094714969237656,-1.1652986021424148,0
TX001788,AC00319,-0.5940378195227662,4564.0,0.1651134730419111,-1.5725155604472112,0
TX000264,AC00319,-0.09203275398545654,13338.5,0.48438558427232276,-0.4081254850561144,0
TX000825,AC00319,-0.49396434020372537,5173.5,0.1881739130487188,-1.3150090497821183,0
TX000814,AC00319,-0.1414372915790099,12512.5,0.4536773031497107,-0.5879523974801059,0
TX001714,AC00320,-0.46709690816576827,5963.5,0.2157032663621852,-1.1034671589235812,0
TX002462,AC00320,-0.253956236302045,10009.5,0.36392589810074316,-0.6572016426535044,0
TX000936,AC00320,-0.05857873394406485,13832.5,0.5023976503126375,-0.17613939972997003,0
TX001883,AC00320,-0.2929186517681416,10777.5,0.39189212196263773,-0.7905727419764488,0
TX000130,AC00320,-0.041235032907413094,15141.5,0.5503668983384334,-0.2391436771309646,0
TX000186,AC00321,-0.17562358254218058,11775.0,0.4207205414012739,-0.46203013915887625,0
TX000854,AC00321,-0.1784738483005475,12095.0,0.4334593949044586,-0.37871181237559703,0
TX002495,AC00322,0.13721620651274263,17675.5,0.6430317580601382,0.33211699505297354,0
TX002509,AC00322,0.5259177773961857,20519.5,0.7460918045278809,1.3708265588866586,2
TX000555,AC00322,-0.4877572961771829,5630.5,0.2037696914171601,-1.3084215588610786,0
TX002294,AC00322,0.022553390392234977,15438.5,0.5608783086811945,-0.025686140490571076,0
TX000372,AC00322,-0.4436915328940172,5658.5,0.20511778871303443,-1.1882896708930197,0
TX002323,AC00322,0.28771172981166365,17726.5,0.6444813438376724,0.5779034578087762,0
TX000387,AC00322,-0.3741525943987509,8763.5,0.3175521406114476,-0.9999546906078124,0
TX001263,AC00322,-0.07241702345920022,13785.5,0.5004796144353745,-0.33545695916004664,0
TX001679,AC00322,0.05443900155405937,16808.5,0.6110435408487525,0.03073389883301533,0
TX000784,AC00323,-0.3415913959178025,8438.5,0.30629755615254034,-0.9282259376467766,0
TX001019,AC00323,-0.46496297783632146,6689.5,0.2425522430641904,-1.2009342907432123,0
TX001525,AC00323,0.37853358702460815,19570.5,0.7111326988414886,0.8298560169885195,0
TX000671,AC00323,-0.11237231540203683,13691.0,0.49787672717244413,-0.3663895159344029,0
TX000771,AC00324,-0.4737479010100554,5462.5,0.19779419546151222,-1.1868689783120374,0
TX001538,AC00324,0.053306330745876956,17440.5,0.6347210326320424,0.1964615137166764,0
TX001625,AC00324,-0.1398115110468188,14434.5,0.5237729686996023,-0.5477936012788951,0
TX002260,AC00324,-0.2209749069856985,11255.5,0.4084434529563523,-0.6305952096471761,0
TX002184,AC00324,-0.29244183176592903,10135.0,0.36821416311537336,-0.8029834001163537,0
TX002140,AC00325,-0.32177386927854884,9173.5,0.33298996095706773,-0.8600850222793988,0
TX000064,AC00325,0.37158574408909234,19223.5,0.6990007271734083,0.7548963888436029,0
TX002251,AC00325,0.27319699022627414,19018.5,0.6902277590764693,0.4361488214125676,0
TX000500,AC00325,0.020100141538723717,14464.0,0.5248107396509472,-0.16149553438444253,0
TX002451,AC00325,-0.057576678754172515,15199.5,0.5523333280700748,-0.27205312927324726,0
TX002349,AC00326,-0.31050067509913387,11375.5,0.41434081362905933,-0.8546846240608361,0
TX000745,AC00326,-0.17863309910799474,12119.5,0.4418992153084165,-0.6262817503501743,0
TX001251,AC00326,0.01667431987543189,15140.5,0.5495965139791343,-0.19097543818081134,0
TX000498,AC00326,-0.5004837079914164,5803.5,0.21110615152784762,-1.4183790496695214,0
TX000395,AC00326,0.6886667909749618,22373.5,0.8125813444644421,1.6300974874877496,2
TX000858,AC00327,-0.22858932737159304,11177.5,0.4064078676233423,-0.4221683343690594,0
TX000369,AC00327,0.4911584413868207,20345.0,0.7399423950413836,1.8778523006154624,1
TX002364,AC00327,-0.2400880603737304,11899.0,0.4331569679677281,-0.6441064727724632,0
TX000507,AC00327,-0.07930504100687619,14299.5,0.5206490640399551,-0.3413149331273816,0
TX001979,AC00327,0.7563389941645359,25363.5,0.9213096190590065,1.8830661837606981,1
TX001779,AC00327,0.16594158764988595,18261.5,0.6643848984416094,0.41055743437734793,0
TX001936,AC00328,-0.26475455821438704,13087.5,0.47558365820897186,-0.6563146586690735,0
TX000681,AC00328,-0.30363267340797584,10358.5,0.37731855076858845,-0.7753942176392027,0
TX002324,AC00328,-0.4618678966320885,4749.5,0.17247306035262067,-1.270504824282687,0
TX001105,AC00328,-0.16361732469460816,11325.5,0.41061213645548217,-0.5315453219298776,0
TX001232,AC00328,-0.5198417652970077,7651.5,0.27933585130033023,-1.2836381591758121,0
TX000930,AC00329,-0.48659851827828227,9960.0,0.364032132555046,-1.014547818253535,0
TX001012,AC00329,18.162787248933093,24900.0,0.9049101441232866,71.49435283988635,3
TX001273,AC00329,0.05424843711844325,18170.5,0.6603093584674419,0.13117765962729994,0
TX000485,AC00329,0.11843511263662264,17806.5,0.6465130721262489,0.2238079787926573,0
TX001324,AC00329,-0.3566125665877576,10273.5,0.37314194417699587,-0.9806251303151972,0
TX001992,AC00329,-0.07311311859855474,13395.5,0.48606225354088733,-0.25213328457686063,0
TX000765,AC00329,-0.11540659395008661,13032.5,0.4728109555249027,-0.49267276649875186,0
TX000381,AC00329,-0.17214919044286392,11458.5,0.4154171098250011,-0.5624755405388157,0
TX002246,AC00329,-0.1023098105056667,12930.5,0.46839201806350345,-0.32189869146423933,0
TX001088,AC00330,-0.48679050915099015,4951.0,0.17952667556036828,-1.3032044490438728,0
TX001257,AC00330,0.05690407938097976,16605.5,0.6035295964277982,-0.045637253795777745,0
TX000688,AC00330,-0.38482331495545297,7532.5,0.27331392014568057,-1.0610092574059449,0
TX002215,AC00330,-0.3599783113532223,6987.5,0.25344456667793247,-1.0129838503009911,0
TX001143,AC00331,-0.22342045155190976,10840.0,0.3947075384004933,-0.6146897836820266,0
TX000170,AC00331,-0.1575670745521074,11832.5,0.4307718831826595,-0.4635711324644518,0
TX002054,AC00331,0.3414962523185569,19700.5,0.7164754587110626,0.6733472445024006,0
TX000359,AC00331,-0.5467451913276142,5859.5,0.21568009396242374,-1.4346885132865173,0
TX001078,AC00331,0.27249101332425124,20232.5,0.7355014453068688,0.6085721943195002,0
TX001618,AC00331,0.2794233114237709,19343.5,0.7034064964440461,0.5794991074872067,1
TX002310,AC00331,0.8180658308568229,23943.5,0.8700922876226962,2.045413040461289,2
TX000337,AC00332,-0.648270136896471,3918.0,0.14159722379584275,-1.5381917698977534,0
TX002230,AC00332,-0.09700379992531097,13066.5,0.47509878553724055,-0.30582569923219394,0
TX002002,AC00332,-0.3498336846189167,9300.5,0.3387097469200295,-1.047300330381907,0
TX000168,AC00332,0.06596716058717988,16450.5,0.5981107503301388,-0.08450306409510043,0
TX001681,AC00332,-0.1411602664464214,14455.5,0.5267322257749888,-0.5140334218232637,0
TX001092,AC00332,-0.2951897975992271,12425.5,0.4533777192765921,-0.820621667810641,0
TX000367,AC00332,0.07276645378141114,16591.5,0.6041847214514829,0.06896043134443618,0
TX001079,AC00332,-0.3005499732692092,10443.5,0.38169072156622996,-0.8202450951867706,0
TX000423,AC00333,-0.2722520387031327,10136.5,0.3679585284555864,-0.6822452202228325,0
TX000149,AC00333,-0.23921329616760542,10827.0,0.3940299039065593,-0.6118824625217227,0
TX001732,AC00333,0.2929571140314585,18967.5,0.6891079807311704,0.5923059597354883,0
TX001630,AC00334,-0.5485606191575549,5476.0,0.1984617504135475,-1.3701843591078176,0
TX002097,AC00334,-0.1869862049530557,12165.5,0.4421021922717365,-0.6120406376846176,0
TX001228,AC00334,0.7555470367613588,21636.5,0.786119850062219,1.7278419874376665,2
TX001352,AC00335,-0.6587065391520672,6786.0,0.22211385350318472,-1.5218128756617386,0
TX001672,AC00335,0.5405403366954552,19808.0,0.7405055732484076,1.3301821824980553,1
TX000115,AC00336,-0.24674868094747757,12043.0,0.43814789306537166,-0.6693920969575442,0
TX000982,AC00336,0.33175211763471907,20285.5,0.7369886071344716,0.6881472444925925,0
TX001903,AC00336,0.6637083666457553,23309.5,0.8460474123571025,1.5113522392794396,1
TX000916,AC00336,-0.011732545838941365,13786.5,0.49956781515789533,-0.2224429321487389,0
TX001843,AC00337,-0.12141283079187314,14916.5,0.5431605532110619,-0.24785512727376577,0
TX002229,AC00337,0.1402632188468639,15600.5,0.5671073450420345,0.46636882182642214,0
TX001021,AC00337,0.31241477868522605,18156.5,0.6579498115351664,0.5749432067827247,0
TX001934,AC00337,-0.09735312254710471,14716.5,0.5348254199236594,-0.44714835320996016,0
TX002325,AC00337,-0.0007087343454830275,15533.5,0.5642069681605804,-0.23011643510794597,0
TX001609,AC00337,-0.2662561739366017,13270.5,0.4827815057853256,-0.7822840230284432,0
TX000248,AC00337,-0.14947255995924044,13690.5,0.4979497850179859,-0.5763073497963863,0
TX001030,AC00337,0.5709273719879638,22133.5,0.8047360256869517,1.8228404508485314,1
TX001993,AC00338,-0.21822875639270525,11086.0,0.40384559985960355,-0.5575546857140093,0
TX001901,AC00338,0.21720089268272655,15749.5,0.5732454395270877,0.746457316198938,0
TX000266,AC00338,0.07695592635385674,16174.5,0.5877428039604132,0.09231892769602802,0
TX001487,AC00338,-0.0042310397408044185,14878.5,0.5406102935114387,-0.17002171231819008,0
TX001789,AC00338,1.1023825279242636,24025.5,0.8729040730148155,2.741528225095002,1
TX001366,AC00338,0.5727401236531545,22475.5,0.8164152466314744,1.3921858723052776,1
TX001385,AC00338,0.27181850316315564,19734.5,0.7148785217828996,0.5909626219907623,0
TX001192,AC00339,-0.23807258690078048,10752.5,0.3908564452658878,-0.6366624159780483,0
TX002299,AC00339,0.7125294948657226,21947.5,0.7975903687430904,1.6254709712825506,1
TX000529,AC00339,0.29482827459826566,18437.5,0.6692063847826097,0.5657620347436267,1
TX000999,AC00339,-0.3576464591095435,9775.5,0.35435367807757195,-0.9793359296780224,0
TX000210,AC00339,-0.29938253493131695,8877.5,0.32194296383490495,-0.9183460626273098,0
TX000991,AC00339,-0.3762407046752871,10394.5,0.37731044494864585,-1.0014197406432028,0
TX000792,AC00339,-0.2034873797343585,12937.5,0.46966460166132545,-0.5576005433233051,0
TX000821,AC00339,-0.05388594441522301,13798.5,0.5005059206837383,-0.2566061549373338,0
TX001809,AC00339,0.3049457112595734,21094.5,0.7660358882315307,0.7307850560676191,0
TX002424,AC00340,0.21551171970027053,18542.0,0.6732666623114207,0.4813312058242928,1
TX000354,AC00340,-0.13147950645021933,13714.5,0.49919455570946236,-0.43015693314288617,0
TX000125,AC00340,0.10145848748896817,16119.5,0.585459011791467,0.08527252899030666,0
TX001432,AC00341,-0.34751388552845186,9899.5,0.3586075460904756,-0.8419999492816156,0
TX002010,AC00341,-0.05013646040244165,14319.5,0.5198348660665427,-0.08975401980966953,0
TX000384,AC00341,-0.2731426131309669,10562.5,0.38408477096629096,-0.6410500129398552,0
TX001503,AC00341,0.6992667128041553,21180.5,0.7696122724162984,1.7406820114024797,1
TX001786,AC00341,-0.005070299848091015,13660.5,0.49524985391444204,-0.0815426811340687,0
TX000790,AC00342,-0.5092170268362809,5797.5,0.20968248026760172,-1.2026152293578243,0
TX002384,AC00342,-0.2975035769640546,9107.5,0.33132733374089435,-0.8789804085328514,0
TX001174,AC00342,-0.6439615860395388,2584.0,0.09345410743893696,-1.6772893755112548,0
TX001344,AC00344,-0.5741133648844194,5886.5,0.21358620096551464,-1.3011161743713424,0
TX002166,AC00344,0.4833188967108179,20749.5,0.7540459040116637,1.3860106193270598,0
TX001540,AC00344,0.15695053029019823,17897.5,0.6499754023017877,0.28503824890842955,0
TX001673,AC00344,1.1242087019397007,24130.5,0.8766890991969152,2.8282262329803,3
TX000234,AC00345,-0.38104220527928795,8545.5,0.30970251279212896,-0.8412842464669149,0
TX001001,AC00345,-0.4078857571042225,7104.5,0.257284344811094,-0.9665271853308426,0
TX001512,AC00345,-0.17265648245773402,11290.5,0.40884994927986573,-0.48734574526579777,0
TX002393,AC00345,-0.5341165591327501,5635.0,0.2037999601760162,-1.387793714457404,0
TX000577,AC00345,-0.25756728929201717,12004.5,0.43634356466600166,-0.6458725897247609,0
TX002022,AC00345,-0.02457740476066225,16494.5,0.5995241160497886,-0.19472960069190848,0
TX001111,AC00345,0.044487770896874404,16619.5,0.6036567282283101,0.004521933984430518,0
TX000522,AC00345,-0.04632997402537243,14399.5,0.5226206766750542,-0.23828084210216938,0
TX001077,AC00345,0.192848053143432,17756.5,0.6438931445615433,0.3762791677768647,0
TX001435,AC00346,-0.4618951594022618,7446.0,0.24838773885350318,-1.0898664718501432,0
TX001198,AC00347,-0.13026808657742056,13414.5,0.48765144624702345,-0.3673077889157749,0
TX001915,AC00347,-0.17553894107622076,12034.5,0.43627907970437685,-0.5336172732235637,0
TX002483,AC00347,-0.1376247553848889,11742.5,0.42571990830358997,-0.511890755914271,0
TX000097,AC00348,0.02681378547568161,14977.0,0.5452605481727976,0.10906080908430503,0
TX001767,AC00348,0.36882365227423325,17412.5,0.6336447364361006,1.2132450664594776,1
TX000837,AC00348,-0.03831876240850656,14537.0,0.5280227235362155,-0.27195061422155015,0
TX001057,AC00348,-0.3949297629245217,7310.5,0.2645521917172864,-1.0929402140762272,0
TX000355,AC00349,-0.1458868975273152,13068.5,0.47397623494125474,-0.3235659182518579,0
TX002256,AC00349,-0.18696786089658488,10545.5,0.3823889671413564,-0.563183930324395,0
TX000135,AC00349,-0.1804149312368645,11649.5,0.42370662150871186,-0.5642887728985801,0
TX001780,AC00349,-0.5817353811557457,4180.0,0.1513988475633363,-1.5906663195035715,0
TX001835,AC00349,-0.41747842394168716,6765.5,0.24514357426039968,-1.0982818798944738,0
TX002211,AC00349,-0.2727125137546672,13033.5,0.47366752072076596,-0.6377215530586847,0
TX001953,AC00350,1.0586003873579946,21296.5,0.7997611464968153,3.2157924336056958,2
TX000480,AC00350,1.712652342158434,22982.5,0.8668789808917199,5.214580244433407,2
TX001351,AC00351,-0.5683987447356893,5199.0,0.15893710191082802,-1.3271036540534673,0
TX000442,AC00351,-0.03405279139309613,14393.0,0.5249402866242038,-0.11295742149759848,0
TX001149,AC00352,-0.05888146436044624,15543.5,0.5652782019857029,-0.25692768063478133,0
TX000921,AC00352,-0.4891656010392362,6952.0,0.25239516432696746,-1.1850097836761269,0
TX002008,AC00352,0.17620002333420987,18697.5,0.6793333864078718,0.2683235370160476,0
TX001468,AC00352,-0.3970832346048131,7293.5,0.2653904359520897,-1.0721206335013949,0
TX002188,AC00353,-0.5080362747886249,6198.5,0.22430568077557445,-1.2619817165505471,0
TX002113,AC00353,-0.25047361628788156,11027.5,0.40026507236538555,-0.6352435403715521,0
TX001154,AC00353,-0.25146864338738667,10414.5,0.377795588818814,-0.6022448338535892,0
TX000509,AC00353,0.706298020839706,22689.5,0.8242444140353992,1.698791593516563,0
TX001868,AC00353,-0.006754886410982715,16515.5,0.6008840556774007,0.02487038319678689,0
TX001806,AC00354,-0.32522310610507393,8990.5,0.3264235537409233,-0.8575544451953517,0
TX000928,AC00354,-0.09551437367672438,12226.5,0.4439451664483418,-0.23478370776024532,0
TX001689,AC00354,0.3174939252371514,18936.0,0.6876829384121609,0.6353063161449372,0
TX000777,AC00354,-0.5387520820467867,4309.5,0.156813007954672,-1.4422777231160226,0
TX000623,AC00354,0.3731304583982925,22616.5,0.8217251914902028,0.8439560053639413,0
TX001816,AC00355,-0.3862500551613795,7240.5,0.2624630597596001,-1.0284154625905073,0
TX000957,AC00355,-0.268520623487651,10986.5,0.39860063715963395,-0.8459623673064383,0
TX002157,AC00355,0.18031413255642365,18983.0,0.6898230556759543,0.312439177667141,0
TX001699,AC00356,-0.48943897722218355,5061.5,0.18425157005814977,-1.2735320198199436,0
TX000551,AC00356,-0.1417706383996054,12371.5,0.44970150393394426,-0.39176734377769246,0
TX001750,AC00356,0.0251328794887517,15935.5,0.578844813384137,0.02399162344168571,0
TX001238,AC00356,0.2764835059851186,17418.5,0.6333497629364065,0.5371999022597472,0
TX001845,AC00356,-0.2635634984924216,10814.5,0.39329744212866424,-0.6948487354772058,0
TX001069,AC00356,0.19630221371476403,19389.5,0.7049701362308093,0.468844723661727,0
TX000682,AC00356,0.35039709862292495,20455.5,0.7431193491285732,0.8041350024075554,0
TX002444,AC00356,-0.39168742486013575,8374.5,0.30389190548601897,-1.092035090357465,0
TX000437,AC00357,-0.36442324674920495,9430.5,0.34477841460527736,-0.9454928556178284,0
TX002274,AC00357,2.902719689315151,24526.0,0.8913651683334723,10.8624564215042,2
TX000430,AC00357,-0.18568165822438407,11010.5,0.3999431899541349,-0.6708958716550714,0
TX000637,AC00357,-0.552102600426856,6048.0,0.21920713509828474,-1.4578232811945677,0
TX001433,AC00357,-0.4546351755671212,5757.5,0.2087900867449293,-1.2569250357738098,0
TX000896,AC00357,-0.1163927513486947,13698.5,0.49763603855983746,-0.4311514085432937,0
TX001585,AC00358,0.4920554683774222,20175.5,0.7331833917354144,1.2278580103295031,1
TX001775,AC00358,0.5728703497326504,22521.5,0.8180484940170009,1.5345827536950172,0
TX000629,AC00358,0.09216953519856413,17021.0,0.6185002171998147,0.12727624870423696,0
TX000200,AC00358,-0.2795697389300253,10805.5,0.3936379769657306,-0.8233500418615827,0
TX001635,AC00358,1.1948441057352808,24186.5,0.8786312114687288,3.037466171548832,1
TX002205,AC00358,0.9621166690028966,23541.5,0.854695388107864,2.287693588215581,2
TX000778,AC00358,0.4763702480895245,20654.5,0.7483820753261493,1.125621734874717,1
TX000122,AC00358,0.5550139006575849,21826.5,0.7916220143462769,1.3567735166305677,0
TX000034,AC00359,0.44119360882809583,20210.0,0.7350550978797344,1.5532753464257323,1
TX002290,AC00359,0.10889120678233011,15013.5,0.546549991273437,0.49443148815622984,0
TX002252,AC00359,-0.1387529161285123,13135.5,0.47600320219060843,-0.40019887907049423,0
TX000616,AC00359,0.12036706247613183,15085.5,0.5468138673523849,0.12058906784085534,0
TX001798,AC00359,-0.5606254264719567,6645.5,0.24056378599285386,-1.5193848302842625,0
TX000018,AC00359,-0.0724422099764754,13757.5,0.4994546952766152,-0.3354701622137455,0
TX000523,AC00360,-0.3486128546641925,8419.5,0.30543924323341815,-0.9179943726513794,0
TX001942,AC00360,-0.0676669273185744,13554.5,0.49299149413223003,-0.3177198972672637,0
TX001140,AC00360,-0.23760743817257002,12823.5,0.46600465822488213,-0.7093757508747914,0
TX000744,AC00360,-0.5437826038745497,4476.5,0.1620578953217426,-1.4667359014874657,0
TX001285,AC00360,-0.3344988914890931,8680.0,0.315009248469356,-0.9461998613219756,0
TX001107,AC00360,0.09223571912825458,15762.5,0.5725806417591595,0.043827073856380426,0
TX001025,AC00361,-0.33954270030558337,9874.0,0.3450437898089172,-0.7600159886055526,0
TX000667,AC00361,0.4478098742312553,19962.0,0.7466361464968154,0.9202706756675145,0
TX002412,AC00362,-0.6377316728491441,3630.0,0.13117618279883533,-1.5462134959007312,0
TX000282,AC00362,-0.0425237109704209,14342.5,0.5201236321353514,-0.12239921968638894,0
TX000842,AC00362,0.13286852439018307,17959.0,0.6514320844384168,0.09443834753219578,0
TX001561,AC00362,-0.1951588436223481,11884.5,0.43160135866800825,-0.5423216012259849,0
TX001089,AC00362,-0.3276782173826211,10386.5,0.3768336479636975,-0.8396590614750805,0
TX000880,AC00362,-0.10105162872563522,14979.5,0.5435147082362844,-0.28586638564294964,0
TX001121,AC00362,-0.18344908574288768,12558.5,0.4550569799968854,-0.5003072341711313,0
TX001544,AC00362,0.4657205333079245,20285.5,0.7359577517432636,0.9820558796446732,1
TX001939,AC00362,0.26718217747747774,20780.5,0.7538502192729761,0.6041199493692807,0
TX001400,AC00362,-0.35235776019891063,9267.5,0.3353559865186654,-0.9369903752804155,0
TX000586,AC00362,0.30518663434768795,19892.5,0.7215776655672483,0.7076752067429618,0
TX002365,AC00362,0.2461618817696135,19724.5,0.7157248115713261,0.5369251964023137,0
TX002069,AC00363,-0.2163038252016227,14260.5,0.5196138694737594,-0.4140330013707248,0
TX000177,AC00363,7.2290250488694525,24951.0,0.906750858312919,27.527139825789227,3
TX000848,AC00363,0.8179602972297461,25100.5,0.91151489578507,1.9828889455701844,2
TX000196,AC00363,0.2459439288237092,18343.5,0.664498560719763,0.5596920314069393,0
TX002345,AC00363,0.17348319187137884,17980.5,0.6518140674365649,0.35944987017096275,0
TX001886,AC00363,0.1584451731693641,20101.5,0.7298390931461767,0.3363641317241412,0
TX002348,AC00363,0.19130995130323372,20332.5,0.7380183174656132,0.38874007489573387,0
TX000259,AC00363,-0.046648200167737665,15417.5,0.5592117641542683,-0.22528626950114733,0
TX000902,AC00363,0.03594316215272746,16924.5,0.6138328469037816,-0.08156374352267255,0
TX001177,AC00363,0.09059406985571755,17827.5,0.6471023561961249,0.14514069724314435,0
TX001368,AC00363,0.13815395993950297,18701.5,0.6784174588875224,0.350382787096559,0
TX001940,AC00363,-0.0006928693704238284,15328.5,0.555064416860684,-0.08661481968302229,0
TX000528,AC00364,-0.4481320810453477,8115.0,0.2750199044585987,-1.018960032585873,0
TX000816,AC00365,-0.4885092713948244,4374.5,0.1583681803235771,-1.3049921249248426,0
TX001125,AC00365,0.21286026616507023,18490.5,0.6715520403282923,0.5656311600492538,0
TX000353,AC00365,-0.21986448027181163,11454.5,0.4158076657070662,-0.6404574085535268,0
TX000419,AC00365,-0.36056162612988923,7618.5,0.2764991759183502,-0.976911165879844,0
TX000035,AC00365,-0.21150863426785102,11812.5,0.42881172114822286,-0.6057753503848802,0
TX000618,AC00366,-0.1720109877381581,12687.5,0.46021604812530775,-0.3821142548414139,0
TX001309,AC00366,-0.5380925944763151,4626.5,0.16731070770979792,-1.3439546502015167,0
TX001911,AC00366,-0.17596488460758322,13449.5,0.48799993623823423,-0.4750218518852626,0
TX000819,AC00366,-0.4751456631211667,6407.5,0.23236160020577337,-1.2785338428417743,0
TX000265,AC00366,-0.46509139395088855,5920.5,0.21546798665173347,-1.274768222092223,0
TX001708,AC00366,0.11614482004009022,16618.5,0.6048718177575433,0.2333361322746109,0
TX001184,AC00366,-0.20107133589800233,14382.5,0.5219109804992654,-0.5724755780070115,0
TX000879,AC00366,0.6081526847410123,21852.5,0.7941075781521576,1.3601589399027219,1
TX000701,AC00367,-0.35588966299680924,9799.5,0.3564320826304272,-1.0112297999581719,0
TX001441,AC00367,-0.03567842591921604,14775.5,0.53606401331741,-0.2859977688297899,0
TX002276,AC00367,0.017387691762248744,16022.5,0.5817994299529393,-0.10920446718416467,0
TX000031,AC00367,-0.12163897546430624,13644.5,0.4952889968888115,-0.4675820061898075,0
TX001537,AC00367,-0.4582475652132814,6451.0,0.23392923263618862,-1.2097439547267608,0
TX001823,AC00367,-0.3474530925609877,9218.5,0.3345107815239858,-0.9425237284439877,0
TX001328,AC00367,-0.16616349885538104,14121.5,0.5121604625705176,-0.46599099778854036,0
TX001418,AC00368,-0.21069395884979378,11516.5,0.4192778606372705,-0.6086958702389509,0
TX000998,AC00368,-0.2496389824846064,11569.5,0.4207335333130517,-0.783959219743108,0
TX001669,AC00368,-0.29293733530839955,7886.0,0.2860092764329281,-0.9101563046028887,0
TX001490,AC00368,-0.3883076631027485,9083.5,0.3313288705320359,-1.0041282542375154,0
TX000906,AC00369,0.18818598100516262,17635.5,0.6414747777016547,0.499898412916714,0
TX002265,AC00369,0.44923041036788597,20551.5,0.7470708911508311,1.1335661574116476,0
TX000531,AC00369,0.6168060959957232,19573.5,0.710394376164044,1.357085060044152,1
TX001124,AC00369,0.4440710826986527,20131.5,0.7301193315308079,0.9210258301693611,1
TX001429,AC00369,0.045851911393147926,16100.5,0.5844250225516566,-0.007572850981453087,0
TX001774,AC00369,0.12113094835750374,16090.5,0.5838261260038562,0.13887869634805244,0
TX000208,AC00370,-0.41241569121947314,7105.5,0.25796523368626895,-1.0444247283366823,0
TX001965,AC00370,-0.17544179972556725,11572.0,0.4208372667151048,-0.36557645832728297,0
TX001502,AC00370,-0.5015538232844209,6467.5,0.23427611050335875,-1.3544820933309434,0
TX000626,AC00370,0.5901303765773899,21811.5,0.7923768499952029,1.3118314366199804,1
TX002401,AC00370,-0.38690982282957015,8286.5,0.30024977074692144,-1.1047461339543456,0
TX000850,AC00370,-0.6353648884399486,3450.0,0.12468685620504436,-1.720310540040227,0
TX000687,AC00370,-0.34387542994693543,8290.5,0.3004757393110451,-0.9666790054099612,0
TX000315,AC00371,-0.604101632355796,7321.5,0.24343152866242038,-1.3853355250482189,0
TX000471,AC00371,0.06691843390129103,17545.0,0.6504179936305733,0.2193644316685987,0
TX001301,AC00372,-0.02071636937077601,14839.5,0.5404203340730823,-0.07421629074258675,0
TX000672,AC00372,1.7142068728242221,25015.5,0.9089110894607709,4.327896100852984,2
TX002132,AC00372,1.2765066497052215,24303.5,0.882548883819554,3.2719296354634206,3
TX001917,AC00373,-0.6382062980896964,4107.0,0.1484338049212994,-1.4971820402224127,0
TX001280,AC00373,-0.11659395596433386,12499.5,0.4535664733885629,-0.3060729138520336,0
TX001997,AC00373,0.18376684381543523,18063.5,0.6558171974281228,0.48361813441774526,0
TX001231,AC00373,0.019526612911628254,16602.5,0.6024581215373986,0.006964665819126127,0
TX001473,AC00373,-0.5034482207504768,6511.0,0.2381142765124797,-1.2349627671379861,0
TX000088,AC00373,-0.12755564800949828,13527.5,0.49213535080060195,-0.40694216743101297,0
TX002284,AC00373,0.18363072876397274,19463.5,0.7078304962762647,0.4355531761712278,0
TX002432,AC00373,-0.1858907800516237,13737.5,0.49880216170465935,-0.51994678700107,0
TX000094,AC00373,0.21457475733599318,18725.5,0.6799290587075911,0.41485337498373664,0
TX002102,AC00374,-0.23336754916577535,11131.5,0.4037122756947863,-0.5115456696261927,0
TX001412,AC00374,0.06651648545529754,17254.5,0.6263953611567662,0.14085539925643384,0
TX001790,AC00374,0.5924320719993321,23736.5,0.86216675437425,1.4455337763121077,1
TX000056,AC00374,-0.4346377430734901,6484.0,0.23466110681747068,-1.1814289389556984,0
TX000356,AC00374,-0.24543311818433108,10243.5,0.3706657517837625,-0.801830276884392,0
TX002428,AC00374,-0.5088799138179089,4762.5,0.17218778973032992,-1.4118438273193221,0
TX000347,AC00375,-0.2878167080739511,9848.5,0.3573386086049697,-0.7300993565708565,0
TX002501,AC00375,0.37017659648083184,19279.5,0.700536795119103,0.8967982422195021,0
TX001492,AC00375,1.3061506835673158,24477.5,0.8891939687155127,3.255743794777292,3
TX002353,AC00376,-0.3214364094364299,10016.5,0.363882566617184,-0.889473915817312,0
TX000875,AC00376,-0.4776853490717663,6153.5,0.22283457992205877,-1.2212250839740697,0
TX000349,AC00376,-0.4031264624380836,6730.5,0.24419016108946082,-1.0662343586164806,0
TX002506,AC00377,-0.1940466594130845,12485.5,0.4538453859141702,-0.4559103858678992,0
TX001961,AC00377,0.12629315266659102,16510.5,0.5995777832071034,0.27193839836029904,0
TX000948,AC00377,-0.3945034665636837,8196.5,0.2975462236642211,-1.0968349268416744,0
TX001929,AC00377,-0.30920115218704336,9110.0,0.3303223175340758,-0.9395748192674545,0
TX001905,AC00378,-0.5190703099571355,5006.0,0.18283800847296236,-1.3371649609123846,0
TX001646,AC00378,0.6317060418943627,22702.5,0.8252303107524274,1.8249366864258063,0
TX001894,AC00378,0.20077247270671372,17735.5,0.6431878478270617,0.36417303070879725,0
TX002322,AC00378,0.38620924170821863,20575.5,0.7470312359127479,0.9066401285815657,0
TX000581,AC00378,0.028799492793013845,15985.5,0.5811614506970885,0.008095357914199425,0
TX002308,AC00378,-0.17623664309560555,13262.5,0.4805098271465537,-0.5480117317214421,0
TX001576,AC00379,0.48584864923416726,20819.0,0.7807523885350319,1.2360075938402515,0
TX001158,AC00379,0.60627883087054,19261.0,0.7187300955414013,1.5454091221619966,1
TX000204,AC00380,-0.43980220521355107,6760.5,0.24482506676302848,-0.9827294754494246,0
TX000214,AC00380,-0.37084690924399033,10063.5,0.36520065128605916,-0.9107504130725801,0
TX000804,AC00380,0.5413994215938324,19834.5,0.7196460396349885,1.1130978546728452,0
TX001784,AC00380,-0.08164972670250005,13357.5,0.4842925933416806,-0.40596119805154307,0
TX000161,AC00380,-0.3208104528206384,8618.5,0.3129376992103184,-0.9131272922386046,0
TX001632,AC00380,-0.10398697557688684,14543.5,0.5279844996232149,-0.2974295603601001,0
TX000655,AC00381,-0.41317510467122315,7364.5,0.26779584555333397,-1.1436799595662879,0
TX001218,AC00381,-0.08567043506014592,13622.5,0.49551372999339,-0.22541344036395072,0
TX000297,AC00381,-0.28902168213426527,10465.5,0.38020973703635313,-0.8432154195437432,0
TX001918,AC00382,0.49437446869691243,19539.5,0.7108345010937132,1.5606953656912377,0
TX001191,AC00382,1.4332880166644195,24278.0,0.8823386899645006,4.789484426828524,2
TX001593,AC00382,1.066325478141648,23618.5,0.8574455511885241,2.6575936855713094,3
TX000131,AC00382,0.08155304849145273,16067.5,0.581896609392771,0.08584615518626476,0
TX001951,AC00382,-0.09869935215687474,16046.5,0.5830790044437973,-0.33775496938848554,0
TX000714,AC00382,-0.033139005319399804,15142.5,0.5494783015938755,-0.20850960127334894,0
TX001250,AC00383,-0.2890028854918246,10326.0,0.37451985823433187,-0.8136611199324313,0
TX001912,AC00383,0.14556544439211114,18514.5,0.6727785804581878,0.30640351641991326,0
TX000862,AC00383,-0.15624887406281024,13093.0,0.47496564217138104,-0.47042287936537897,0
TX000165,AC00383,-0.31989750935916517,8665.5,0.31389282997135665,-0.8570165121695517,0
TX001489,AC00384,0.22741539733341878,19118.5,0.6955786548991455,0.7236566230040448,0
TX002245,AC00384,-0.05304949008106151,15134.5,0.5508063302054309,-0.15810997388624431,0
TX002376,AC00384,-0.30454054827477217,8645.5,0.3138750514071703,-0.9151726283176159,0
TX001902,AC00384,-0.14250877992128674,12087.5,0.4390821566133607,-0.4530983012416251,0
TX001187,AC00384,0.3795679078458831,19757.5,0.71735495524141,0.7476837254837226,1
TX000132,AC00384,-0.4482272275748904,6851.5,0.2481912721593229,-1.2328165287983612,0
TX002196,AC00384,-0.2958352733808234,9428.5,0.3417443971608296,-0.8742463537607849,0
TX000010,AC00385,-0.0826930150646756,14844.5,0.5404007475193178,-0.18982689575054812,0
TX002224,AC00385,0.13993314507459653,14741.5,0.5365289981037805,0.4856319642135888,0
TX001833,AC00385,-0.31736515760594003,8771.5,0.31934485267777724,-0.9663975770804807,0
TX000147,AC00385,0.6673282587667808,21959.5,0.7978688594044626,1.5439820352129756,1
TX000140,AC00385,0.11572906493302522,17958.5,0.6529983910098079,0.24595923274863002,0
TX000903,AC00385,-0.11152711311731663,14125.5,0.5138067576141673,-0.4320608872429462,0
TX002202,AC00385,0.9505669589735993,23257.5,0.8449428211242609,2.3578389103293684,1
TX000311,AC00386,-0.5693827807907899,5082.5,0.18387629168802103,-1.3021955235959037,0
TX000832,AC00386,-0.15176929648964613,13008.5,0.47308429341597696,-0.38331001537364084,0
TX000914,AC00386,-0.20843670384700635,10607.5,0.3837228717190413,-0.5918968603461453,0
TX001427,AC00386,0.2535199290863675,19269.5,0.6992782837068319,0.4625262894733204,0
TX001136,AC00386,-0.017801846103506977,14429.5,0.5227716438048393,-0.24168724808387995,0
TX001981,AC00386,-0.13624613501681376,14288.5,0.518562161936082,-0.40518449788551125,0
TX002433,AC00386,-0.26496704044619895,11383.5,0.4137867552227998,-0.6851904102717887,0
TX002329,AC00386,0.07466912018912344,16492.5,0.5989280218858344,0.077895699578071,0
TX001736,AC00387,-0.4267874457739204,7242.5,0.26219900288169434,-0.9487006442980309,0
TX000284,AC00387,0.22790294817238138,18305.5,0.66388074054771,0.41810326490469424,0
TX002302,AC00387,-0.3439496254640957,7143.5,0.25898744086066094,-1.0103874954115033,0
TX002004,AC00388,-0.15285557064801414,11660.5,0.4161624203821656,-0.48542527109419026,0
TX002293,AC00388,0.3780082744241726,19170.0,0.7151074840764331,0.8467640651356174,0
TX000822,AC00389,-0.4050427065782238,7623.5,0.2758514636519364,-1.1183496130842945,0
TX000308,AC00389,-0.3172124475478234,8406.5,0.30452958341027336,-0.9009954309377539,0
TX001952,AC00389,-0.34886116652477217,9727.5,0.353433622314352,-0.9836326279239286,0
TX000029,AC00390,-0.5217840221003102,5557.5,0.2009869543909317,-1.2687299348074044,0
TX001713,AC00390,-0.02641372754820127,14611.5,0.5317779028236941,-0.132295582937083,0
TX002021,AC00390,-0.4728172753752283,5667.0,0.20584967796089632,-1.2416372340443342,0
TX000753,AC00390,-0.36466947444969877,10210.0,0.37127976011112146,-0.9963991438198962,0
TX000711,AC00390,-0.3502274298370133,8557.0,0.3102363669148514,-0.9479404625950917,0
TX001109,AC00390,0.11000281612725214,17397.5,0.6312987192925024,0.18986720056215423,0
TX000898,AC00390,-0.20141142771368326,13762.5,0.4988799052565248,-0.47605213228706256,0
TX001361,AC00391,-0.08093621821130265,14382.5,0.5222954796162433,-0.10304600716292796,0
TX000221,AC00391,0.8290096704918244,25182.0,0.9148820202427334,2.3060269298050633,1
TX002059,AC00391,-0.3098121943547847,9987.5,0.3615237730138993,-0.8299019892479743,0
TX000013,AC00392,-0.26486389802054755,11618.5,0.4221372564216175,-0.7037803833584281,0
TX000479,AC00392,0.06458503410311661,15278.5,0.5551127805819026,0.008284965208781286,0
TX002354,AC00392,-0.361918800676188,8826.5,0.3202199196336579,-1.0282046015877548,0
TX000631,AC00393,-0.08123064192262133,14685.5,0.5332427962463243,-0.29757181264042254,0
TX000006,AC00393,-0.577260586252448,4869.0,0.17665356918838626,-1.4366765727007564,0
TX001166,AC00393,-0.04806493671832271,14888.5,0.5418356584481087,-0.24691578385488283,0
TX001565,AC00393,-0.4620199023648727,6048.5,0.21916225175700427,-1.2261038710825463,0
TX001695,AC00393,-0.6092958129759052,3734.0,0.1350592622823964,-1.5877561185813132,0
TX000666,AC00393,0.10779678907892615,16454.5,0.5972776889987933,0.1569560852728738,0
TX001479,AC00393,0.031098552662365313,17343.5,0.6297737102163946,0.0052624003011228675,0
TX001859,AC00393,-0.26319970530551384,10388.5,0.37760873309590015,-0.7591771220807735,0
TX000239,AC00394,-0.19383758756522942,11936.5,0.43256176273198316,-0.3602372012107968,0
TX001874,AC00394,-0.19960692470633387,12716.0,0.4631948164215596,-0.46098373379384083,0
TX001028,AC00394,0.20504788622890513,17903.5,0.6493754812265594,0.40385765850387156,0
TX001665,AC00394,-0.03935929347612728,14372.5,0.5216700658879616,-0.18316416639831473,0
TX000732,AC00394,-0.44511866084582574,6062.5,0.21977000745373834,-1.2529920514165311,0
TX002101,AC00394,0.18096294024745369,18182.5,0.6603591384471635,0.3416230675700418,0
TX002141,AC00394,0.5132867704704799,22892.5,0.8310125627553183,1.1789494560331792,0
TX000730,AC00395,-0.3300978440897281,10803.0,0.39216032214999375,-0.938600273326775,0
TX000955,AC00395,-0.4497241342486649,8731.5,0.3175956227608049,-1.322783931659565,0
TX000070,AC00395,-0.14105089321767336,12523.5,0.4558188969383263,-0.5537972266498696,0
TX002346,AC00396,-0.42228297690556615,6735.5,0.24404793257597052,-0.9640916890396486,0
TX001870,AC00396,-0.2687530372113276,8430.5,0.3053417925951496,-0.7039303798167688,0
TX000113,AC00396,-0.008866178793332803,14682.5,0.5327861884783333,-0.10113228107821186,0
TX001304,AC00396,-0.3352270132930391,8319.5,0.3022395536772821,-0.8712373780815071,0
TX002271,AC00396,-0.1215691993216536,16514.5,0.6003771857991338,-0.3460402315579347,0
TX000191,AC00396,1.3363303264180828,24652.5,0.8957111684819684,3.262166337926417,2
TX001831,AC00396,-0.0021784677431519028,15561.5,0.5644065400768613,-0.11266962519611062,0
TX001469,AC00396,0.42424749303331033,22130.5,0.8028607487632147,0.9454903513639019,0
TX000861,AC00397,-0.12753189766059064,12920.5,0.4696526387969493,-0.3570717947494183,0
TX001815,AC00397,-0.28623091604145395,10600.5,0.3852528226333296,-0.676599226648236,0
TX001486,AC00397,-0.20136985263914842,13587.5,0.49464484033523504,-0.4933007568969041,0
TX000108,AC00397,0.6740754171171551,24552.5,0.8921170358661741,1.6776334174306233,0
TX000835,AC00397,-0.37125002495800524,6769.5,0.24510271369593084,-1.035491139124679,0
TX000361,AC00397,-0.4873978305872399,5074.5,0.18364312129874397,-1.3648912678312255,0
TX000145,AC00397,-0.38720201107387825,9398.5,0.34075482419832537,-1.0443473950216264,0
TX001454,AC00398,-0.6163362885580077,3413.5,0.12337918254282404,-1.5360051549403029,0
TX001783,AC00398,-0.14229228234618668,11938.0,0.4350473416044437,-0.3959437384749349,0
TX001768,AC00398,-0.030990952591240465,15911.5,0.579393267022704,-0.08416994454704628,0
TX000605,AC00398,-0.5824565694954391,4501.5,0.16517682801004951,-1.6105302686228606,0
TX001275,AC00398,0.47848538843780447,21587.5,0.7847443014579146,1.16327991606041,0
TX001219,AC00398,0.21305355200346338,20279.5,0.7373913066798706,0.606640028255938,0
TX000472,AC00398,-0.04981770636093763,15448.5,0.5615650433893393,-0.23006805522856918,0
TX002175,AC00399,-0.3136343757979441,9536.5,0.3454540301775157,-0.656629010912566,0
TX000783,AC00399,0.4429911840420259,22594.0,0.8211495728082224,1.2808571552168768,0
TX000870,AC00399,-0.334636126760983,8087.5,0.29338938442535095,-0.9009103338377866,0
TX001677,AC00399,-0.3877765762990724,10375.5,0.3770305380287706,-1.0274582283667073,0
TX002259,AC00399,0.09618622262926428,17609.5,0.6397250656541282,0.1456677674969885,0
TX000414,AC00400,-0.5535783927669423,4364.5,0.15786209390746084,-1.381813272097735,0
TX000486,AC00400,0.4585307090790212,19660.5,0.7145522097971821,1.126375309421463,1
TX000244,AC00400,-0.3376149400288336,8678.5,0.31453068869456885,-0.8607906575949034,0
TX001504,AC00400,-0.1714631447098517,11851.5,0.4301369473759321,-0.48249802329009006,0
TX002244,AC00400,0.5023205123954751,20783.5,0.7545239364561571,1.1534544077236342,0
TX000981,AC00401,-0.12722355696931187,12824.5,0.4653398001906345,-0.26437629673152785,0
TX001803,AC00401,0.07071317006436276,15871.5,0.5762137666835252,0.12148101267625837,0
TX000046,AC00401,-0.4740319056462616,5186.5,0.187649987802097,-1.3078732015441612,0
TX000407,AC00401,-0.3466358826036064,7246.5,0.2626719126890494,-0.9944395007447132,0
TX000231,AC00401,-0.48530781257886085,7516.5,0.2727448252927618,-1.3334097150835171,0
TX001183,AC00401,-0.35512413232533496,8909.5,0.3231043560736638,-0.9489638023900306,0
TX000558,AC00402,-0.17293121811644593,12637.0,0.4604418810902129,-0.415367174450584,0
TX000918,AC00402,0.5863094071060262,21801.5,0.7919254552638292,1.472745056109535,1
TX002144,AC00402,-0.17632793981571937,12446.5,0.45148598964769265,-0.5652364263068923,0
TX001832,AC00402,-0.597213310645074,4342.0,0.15701633144932783,-1.6119525037789948,0
TX001639,AC00403,-0.5063956427422531,5467.5,0.19782432862115,-1.232844658667694,0
TX000277,AC00403,-0.38273872563320627,8203.5,0.29837132984142245,-0.9726066526269416,0
TX000628,AC00403,-0.468541186001275,6706.5,0.24265535873647082,-1.166648366293547,0
TX001087,AC00403,-0.27582817287674655,10637.5,0.38637142578540273,-0.6879497413979778,0
TX001342,AC00403,-0.33788029066093384,9518.5,0.345286550076249,-0.9433221725565807,0
TX000141,AC00403,-0.28708982417887086,9967.5,0.36118613096015817,-0.7396564934145436,0
TX000860,AC00403,-0.02229538937923789,16980.5,0.6162091780059754,-0.03878846692296465,0
TX001318,AC00403,-0.2687437068674147,11243.5,0.407990943298072,-0.6596189392868853,0
TX000897,AC00404,-0.6167366370444352,5821.5,0.21060738746952337,-1.4435319354784484,0
TX002210,AC00404,-0.4043919261207162,7806.5,0.28324653275811945,-0.9924858619366806,0
TX001197,AC00404,0.6434416675442058,21883.5,0.7950173283747812,1.6316216943471866,1
TX000037,AC00404,-0.3657323029520841,7460.5,0.270176244632079,-0.9251238943761703,0
TX001604,AC00405,-0.32950390058976553,8999.5,0.32607473228495654,-0.7558765492224444,0
TX001414,AC00405,0.1724089552530243,17560.5,0.6380014790560076,0.30037755552200757,0
TX000040,AC00405,-0.013801313595679661,14120.5,0.5126065538657951,-0.20719789150126972,0
TX001756,AC00405,0.009983247387206642,14794.5,0.5380227892265036,-0.10645608278466158,0
TX001371,AC00405,-0.47075126418779445,7513.5,0.27372014527075733,-1.3336285102219256,0
TX000139,AC00405,0.05600708307475428,16690.5,0.6064897273648142,-0.026393871907587834,0
TX000081,AC00406,-0.3715554629828996,9414.0,0.32673168789808915,-0.9110627266413666,0
TX001974,AC00407,-0.3818618733953248,9822.5,0.3589714943925806,-0.9027926224638507,0
TX000450,AC00407,1.3225700614084024,24409.0,0.8871094019315113,4.244351451673541,2
TX001049,AC00407,0.2440562958427141,18943.5,0.6878847552488349,0.5211029603263772,0
TX001535,AC00407,0.41481687267594863,21161.0,0.7694634296742677,0.9968649415855148,0
TX002441,AC00407,0.2317646453731314,18290.5,0.6641880987760151,0.3789903082560364,0
TX002499,AC00407,0.021422226746558203,17733.5,0.6439706470481316,-0.057728409340575375,0
TX000540,AC00407,-0.20274716400523496,12722.5,0.4624754324349473,-0.6607840078741735,0
TX002297,AC00408,-0.6807108413083391,4555.0,0.1333001592356688,-1.587241717256133,0
TX001740,AC00408,-0.6990716801804848,3790.0,0.10284633757961784,-1.7164348285561857,0
TX001994,AC00409,-0.13947449869921527,12869.5,0.46777380616037495,-0.373527491072866,0
TX001283,AC00409,0.23450038619118643,17927.5,0.6516179608336422,0.6741515139863958,0
TX001608,AC00409,-0.36802396757625594,7960.5,0.2884071075445236,-1.0285671471793834,0
TX001948,AC00409,-0.3360734200276225,9499.5,0.3448226802167852,-0.939841752880735,0
TX001353,AC00409,0.31274068381460324,18752.5,0.6806592454319335,0.6224820980433837,0
TX001171,AC00410,-0.41437900793937726,6896.5,0.2498861117231491,-1.0312451815948915,0
TX001399,AC00410,-0.060764530882867346,14135.0,0.5135290654815254,-0.1756301527572425,0
TX001284,AC00410,0.5365521701592441,21001.5,0.7629751728076439,1.1857207185214704,0
TX001600,AC00410,-0.13324411666417874,11716.5,0.4252049024722208,-0.5051676830258741,0
TX000379,AC00410,-0.37463625225210856,8524.5,0.3095507622001932,-1.0760525261828504,0
TX000803,AC00411,-0.5385578956709629,6999.0,0.25564071655207227,-1.372297617716911,0
TX001205,AC00411,-0.1979780298975414,10714.5,0.38847191794427255,-0.647079859420095,0
TX000396,AC00411,0.4243136942337693,21996.5,0.7995973577076042,1.0812644568479188,0
TX001597,AC00411,-0.3245644808683696,9404.5,0.34096864909911495,-0.9569389915330685,0
TX000005,AC00411,-0.16937153147149217,12951.5,0.4694983871527636,-0.507752596462686,0
TX001702,AC00411,-0.2683657422792085,13967.5,0.507182193399922,-0.6943559473443415,0
TX000852,AC00412,-0.48787728701087396,6428.5,0.23372982645228568,-1.2580787406516338,0
TX002468,AC00412,0.05348933690327104,16088.5,0.5851110943302893,0.0928517250285373,0
TX001389,AC00412,0.12323887671511413,17373.5,0.6322101268389062,0.3062541486839665,0
TX001152,AC00412,-0.4066614651389626,7312.0,0.26623894052774977,-1.1454012193553187,0
TX000565,AC00413,0.05815283467816121,17518.5,0.6373283946691789,0.11287208544636546,0
TX000609,AC00413,0.4507261579055161,21149.5,0.7684158051797213,1.0900682973115707,0
TX001594,AC00413,0.13210866127572113,15782.5,0.5730707576006677,0.10621017189948329,0
TX002128,AC00413,-0.4836375296802931,4733.0,0.17126271679603033,-1.3258343182660417,0
TX001014,AC00414,-0.3114680427269486,9315.0,0.33863454962015344,-0.8478241922542211,0
TX000222,AC00414,0.6646764468339724,22056.5,0.8015599303948118,1.499116184860217,1
TX002177,AC00414,0.3395742497070445,19040.5,0.6914332963940975,0.6954598294304953,1
TX002331,AC00415,0.09559279049433173,17405.5,0.6321434421566278,0.31835801004041964,0
TX001128,AC00415,-0.02001410824676256,14861.5,0.5402486353294663,-0.043714334317954254,0
TX000247,AC00415,0.25648448924542816,19208.5,0.6983020898672068,0.6191351922571061,0
TX000639,AC00416,-0.06984479236042765,14257.5,0.518656749924185,-0.17116058957775104,0
TX001016,AC00416,0.022352355894404645,14727.5,0.5356328680693131,0.052735936162878465,0
TX002268,AC00416,0.6458027458722205,23029.5,0.8364512063388596,1.4724050103061368,1
TX001514,AC00416,0.7329263512260423,23562.5,0.8555597879252332,1.720530792527551,1
TX000718,AC00416,0.25181158541451054,18168.5,0.6583708320416253,0.5146590685205497,0
TX000220,AC00417,-0.5227942808565085,7460.5,0.27115738030988457,-1.2948075280991282,0
TX000797,AC00417,-0.12186353298754218,12462.5,0.4533013919832296,-0.2598254868545317,0
TX001213,AC00417,-0.291705903539398,8947.5,0.3242342892937607,-0.7772220029326425,0
TX001267,AC00417,0.13760147192866012,16001.5,0.5807659831100024,0.28007697613770993,0
TX000464,AC00417,0.5180393026687224,21924.5,0.7961447906757878,1.21939282291542,0
TX000589,AC00418,0.736403882398664,23070.5,0.8378438404446786,1.8548484900302704,2
TX000866,AC00418,-0.43064411144510123,7904.5,0.28712958210852085,-1.0820917078241248,0
TX000723,AC00418,-0.4677141821414187,5232.0,0.18931320261488327,-1.2283402270869135,0
TX000333,AC00418,-0.03867756463113341,14668.5,0.5329590322820156,-0.16421300637677647,0
TX002195,AC00418,0.2735930896846081,17975.5,0.6528181043156952,0.44148124299236413,0
TX000692,AC00418,1.0318254672585072,25012.5,0.9082241136873489,2.4618284781393127,2
TX002206,AC00419,-0.4267335863548787,7394.5,0.26884011020058074,-1.0759964450862043,0
TX000055,AC00419,-0.24713692612636445,9302.0,0.3381193328566669,-0.6030467128122313,0
TX001508,AC00419,-0.2108666771339671,11948.5,0.433778298652879,-0.6887770038981268,0
TX001051,AC00420,0.14000193152283594,17198.5,0.6249935364372576,0.5076849771863804,0
TX000440,AC00420,-0.10353088753791002,14159.0,0.5137562393720345,-0.3176655850132264,0
TX002343,AC00420,0.3196355146747494,19944.5,0.7245484033764567,0.6697941769873007,0
TX000764,AC00420,0.24571102391712799,18645.5,0.6767405184205211,0.40852175736913804,1
TX000157,AC00421,-0.34318135594233506,10922.5,0.3954342748780571,-0.8206502375943895,0
TX000041,AC00421,-0.019911222563149162,14572.5,0.5290936710963214,-0.08310566670250207,0
TX000413,AC00421,0.37894360782956044,18717.5,0.6797406360603762,0.7243314871663915,1
TX001629,AC00422,-0.3598111512754791,9062.5,0.32927948421191183,-0.9000298106297979,0
TX001286,AC00422,-0.44195535455494156,6344.5,0.22993910510301444,-1.1198007364434637,0
TX000809,AC00422,-0.47779445457544123,5627.0,0.20350381148309624,-1.243769252135668,0
TX001475,AC00422,-0.5006785410902308,6536.5,0.2364898129429876,-1.3062024475355083,0
TX001733,AC00423,-0.12354225377880815,14341.5,0.5213320923694643,-0.3491946651287898,0
TX000273,AC00423,-0.058564298601372695,14085.5,0.511994549393552,-0.15716746910403015,0
TX001090,AC00423,-0.6061540452427616,4424.5,0.162328882826365,-1.5854272248468355,0
TX000654,AC00423,1.628583394024123,24991.5,0.9080110421155503,4.1457442687895,3
TX001120,AC00423,0.5506551549900737,22398.5,0.8134463168118441,1.3824060092551538,1
TX000109,AC00423,0.8490694167112316,25566.5,0.928530217170887,2.1849175421599374,0
TX002435,AC00424,-0.34751145688202073,8286.5,0.3005862074742771,-0.8706364543610381,0
TX001694,AC00424,-0.5599296711651953,4519.0,0.163504814314649,-1.4138104345529254,0
TX000663,AC00424,-0.4735074988191616,6104.0,0.2212437148255627,-1.2559433590653175,0
TX000268,AC00424,-0.3712334408714159,8625.5,0.31363519145645374,-0.9634965016266607,0
TX000571,AC00424,-0.12017579444590053,12957.5,0.46960448600784815,-0.4332217553274672,0
TX000095,AC00425,-0.014051901142725141,16837.5,0.6119654347347101,-0.058384808349456634,0
TX000901,AC00425,0.1302243050213053,15271.5,0.5554262558416144,0.41684125495011193,0
TX002062,AC00425,-0.4377238899148034,6822.5,0.24887532501625984,-1.2886144076822814,0
TX000795,AC00425,-0.5945442679751934,3666.0,0.13321652917106813,-1.5861996839007737,0
TX000625,AC00425,-0.07396087291069914,14434.5,0.524949668583457,-0.37655860484476533,0
TX001573,AC00425,-0.5030775367214131,5629.5,0.20533281894020952,-1.415528737116007,0
TX000063,AC00425,0.017737961301160444,15522.5,0.564178462191563,-0.0476814455448581,0
TX001122,AC00426,0.3485341793036192,20434.0,0.742331321804306,0.8240769003536903,0
TX000593,AC00426,-0.5426988993231489,5742.0,0.20810981559952693,-1.3481913602434774,0
TX001688,AC00426,-0.5178227731152779,3712.5,0.1343938769178551,-1.391059261550225,0
TX000197,AC00426,-0.5121154685795332,3950.5,0.14335511699621092,-1.3564037574581373,0
TX000653,AC00426,-0.4616918429386042,6948.5,0.25373688845957837,-1.1868624266425878,0
TX001754,AC00426,-0.18782372660972285,11175.5,0.4043649297993807,-0.6225382854677063,0
TX002076,AC00427,-0.5283503869691432,7243.5,0.26241252645088753,-1.1858387228217708,0
TX001963,AC00427,0.17764468991786772,18776.5,0.6813289247717232,0.39278643277521635,0
TX000291,AC00427,-0.4767272167029163,7040.0,0.25523018238516737,-1.1794148820821204,0
TX000060,AC00427,-0.46475373526416686,4975.5,0.18012495437839632,-1.194925489555544,0
TX002504,AC00427,-0.1747999565669965,11172.5,0.40499055445978,-0.5000166792367524,0
TX002065,AC00427,0.03463741418472257,16788.5,0.6100247387213994,0.10829023114690092,0
TX002037,AC00427,0.48534488713116203,21110.5,0.7671054948660327,1.1504811819146623,1
TX002115,AC00427,0.40333864312495893,21772.5,0.7906555233840552,0.8063528465895035,0
TX000230,AC00427,0.8521651826813392,24363.5,0.8852754827693773,2.048514209884003,1
TX001211,AC00428,-0.5383266081065411,5830.5,0.21105739607555377,-1.3333789925868342,0
TX002085,AC00428,0.44631444237331375,21458.5,0.7802034150994611,1.215489484769173,0
TX001581,AC00428,0.93387211070867,23346.5,0.8480443971126165,2.2691866762912687,2
TX002249,AC00429,-0.4014336972522157,7339.5,0.2661303858201547,-1.0120626348783723,0
TX000588,AC00429,-0.08931758221063867,12539.5,0.45475552786786916,-0.29555110102767784,0
TX000941,AC00429,-0.21687271646849132,11739.5,0.42562791176721576,-0.5785777914142111,0
TX000258,AC00430,-0.28768910077290866,12332.0,0.4495431692466276,-0.8007698520099168,0
TX000232,AC00430,0.47350577162964363,22530.5,0.8189741545479134,1.1664213614249046,0
TX002116,AC00430,0.06396906326543296,17452.5,0.6347674979642037,-0.0020286895920188885,0
TX002208,AC00430,-0.30737836421986187,9770.5,0.3557123822456388,-0.8828647650448446,0
TX002461,AC00430,0.38332148466191207,20860.5,0.7580994467792955,0.9184553508483718,0
TX000235,AC00430,0.16922248058475703,18826.5,0.6840300612016524,0.39568231014121336,0
TX000255,AC00430,-0.13071042047155995,13486.0,0.4909467031189508,-0.4358088027449952,0
TX000892,AC00431,-0.4297799176955086,7411.5,0.26837807846385486,-0.9687212306235374,0
TX001222,AC00431,0.021960676533547156,14440.5,0.5236221823687749,-0.07333168965453797,0
TX001921,AC00431,-0.2863318573138199,11191.5,0.4075492815772612,-0.7876039984495021,0
TX000815,AC00431,-0.3336004474732478,10865.5,0.39674410306119157,-0.9141670243575203,0
TX001274,AC00431,0.6340794705307805,24039.5,0.8736676171468768,1.6228398733251743,0
TX000306,AC00431,-0.24997005320336302,13116.5,0.4768071850229036,-0.7622822869741992,0
TX002264,AC00431,-0.011508555298296998,16047.5,0.5829494619905146,-0.1179166386184185,0
TX002497,AC00432,-0.11911517275340988,15351.5,0.5576601776313601,-0.4052871951457218,0
TX001532,AC00432,0.25819536897077267,19689.5,0.7152569942679498,0.6209130114402639,0
TX002439,AC00432,0.05108297258976078,17658.5,0.6409067073761636,-0.05604563320807743,0
TX001744,AC00432,-0.3597486708418855,7365.5,0.2670912117483645,-1.0057175315137221,0
TX000946,AC00432,-0.5658882081590286,4568.5,0.16584976173108013,-1.4661503878519457,0
TX001794,AC00432,-0.447576668268237,7519.5,0.2749134485255724,-1.1792144048697017,0
TX000695,AC00432,0.2743665394441597,19658.5,0.7147665469616856,0.6498639812745894,0
TX001217,AC00433,-0.1017576226263304,13611.5,0.49511729814519545,-0.3132560525977235,0
TX000556,AC00433,0.45404396054162627,21143.0,0.7688501294761604,1.3088370004890308,0
TX000501,AC00433,1.2217332027895467,25457.5,0.9245639701667255,3.0479128564103304,3
TX000457,AC00434,-0.32225944612864804,9006.0,0.3264906150876971,-0.7989781006334302,0
TX000146,AC00434,-0.3853178976816595,9120.5,0.3308630721503553,-0.9174973622781357,0
TX000572,AC00434,0.06120139607862015,16127.5,0.5860717093263816,0.12531172613376507,0
TX000328,AC00434,0.34271926773895267,20586.5,0.7480557934735915,0.7627081979578437,0
TX001650,AC00434,-0.12271070333394064,14029.5,0.5087414940116974,-0.3640915242153633,0
TX000065,AC00434,0.19456039759000218,19930.5,0.7237367968547731,0.46458832335944056,0
TX000417,AC00434,0.023557364528183064,17617.5,0.6396217993160497,-0.028710543948404343,0
TX001509,AC00435,-0.5289806622465077,7496.0,0.2503781847133758,-1.0749230128611098,0
TX002034,AC00435,0.4490532329099945,20922.0,0.7848527070063693,1.0026380103007395,0
TX002464,AC00436,-0.47886909048057386,5694.5,0.20605435744773581,-1.2401101466739648,0
TX000869,AC00436,0.001425777913261656,14014.5,0.5078655230610276,-0.11612701829577132,0
TX002057,AC00436,-0.24040038904314953,11554.5,0.41898083808272113,-0.7184091636676163,0
TX002466,AC00436,-0.5260266306030044,4018.5,0.14546633655991173,-1.390055712950396,0
TX000602,AC00436,-0.11977873501957,13862.5,0.5033176156763784,-0.37997461151939954,0
TX001190,AC00437,-0.4794888112372355,6613.5,0.23938747784007441,-1.0090185430255694,0
TX000690,AC00437,-0.028469950062555118,15903.5,0.578944644542017,-0.0869727682346972,0
TX000090,AC00437,1.4177148583067507,24562.0,0.8925735381681063,4.279151572085079,3
TX000534,AC00437,-0.13212198282994816,14080.5,0.5122975383137098,-0.4221007388995005,0
TX000089,AC00438,-0.0937907557339699,13924.5,0.505135458797846,-0.10930970308333095,0
TX001395,AC00438,0.39647126800830373,20745.5,0.7543370204669242,1.1501128704715686,0
TX002033,AC00438,-0.20717693592721087,11530.5,0.41817028622162467,-0.5312509796183557,0
TX001511,AC00438,-0.2785723608283021,9813.5,0.3560388147639947,-0.7333834559817103,0
TX001746,AC00438,0.18322148050016182,18893.5,0.6866072599459918,0.38672537673016955,0
TX000061,AC00438,0.07944324000836453,17067.5,0.6204896535988395,0.07649231371951049,0
TX000910,AC00438,0.17603727455411283,18956.5,0.6878315099557549,0.35736693382928364,0
TX001651,AC00438,0.03550707518729607,15599.5,0.5656591152566839,0.07302587813837993,0
TX001983,AC00439,-0.22844764067217074,9654.5,0.3505779630418002,-0.6842644883927789,0
TX000338,AC00439,-0.061358405748966616,14212.5,0.5175602042449667,-0.2516084668430375,0
TX001254,AC00439,0.04680319106024256,16720.5,0.6084819812142651,-0.04187489705177871,0
TX000885,AC00439,0.031467942489959926,16009.5,0.5825901843281535,-0.12168333946664733,0
TX002154,AC00439,-0.11737127121778185,13460.5,0.49056414759076944,-0.44849850106461786,0
TX002446,AC00439,0.3672864799613096,20608.5,0.7494336924643477,0.7513135684703032,0
TX002440,AC00439,0.24343636989309933,18567.5,0.675563426805591,0.38459800266492683,1
TX000048,AC00439,-0.0945294715763779,14753.5,0.5373660068790387,-0.3969467781771848,0
TX001871,AC00439,-0.08422450367028335,15243.5,0.5552979488478766,-0.3537994103422899,0
TX000185,AC00440,-0.46687614688273293,7658.0,0.2568272292993631,-1.0678624564016805,0
TX001095,AC00441,-0.6487397567205501,4241.0,0.15329319877712408,-1.509407833253985,0
TX000027,AC00441,0.5506389437735086,22078.5,0.8021506005900314,1.3316055868418035,0
TX000321,AC00441,-0.3670129880364736,7870.5,0.2862521346330288,-0.9929546360980218,0
TX001442,AC00441,-0.4562644944671068,9317.0,0.3380091961581909,-1.2340418081460762,0
TX001388,AC00441,-0.25059803707301087,11841.5,0.43134950571975583,-0.7263599767038311,0
TX002026,AC00441,0.27217918877203523,19420.5,0.7056279732388615,0.6005580029100654,0
TX001691,AC00442,-0.23473160436793417,12051.5,0.4384157316548118,-0.43483722106790595,0
TX001225,AC00442,0.6122888063990345,21548.0,0.7835053916659876,2.2143413413255497,1
TX001074,AC00442,-0.23644558824129122,12199.5,0.4430923377642738,-0.6219730776103379,0
TX000254,AC00442,-0.1587925935564976,10940.5,0.3970618572295718,-0.48660818523578986,0
TX000346,AC00442,-0.2913875107169384,10558.0,0.3838357354684646,-0.7357259497667588,0
TX000477,AC00442,0.5178293817436945,21628.5,0.7858734210827013,1.2254216754785785,1
TX000154,AC00442,0.15586653707888953,16851.5,0.6130090665856045,0.2777404673332393,0
TX002091,AC00442,-0.3589189486285064,10472.5,0.38238059012297704,-0.9382034690521633,0
TX000708,AC00442,-0.4595067109060044,7903.5,0.28940535885700347,-1.2174934291555766,0
TX000431,AC00443,-0.5160464618064766,7709.0,0.27981745452424084,-1.3129275850385427,0
TX002380,AC00443,0.43845570905258885,21050.5,0.7653832341269363,1.0963921919364414,0
TX002317,AC00443,-0.3004666290819054,11107.5,0.4053893668275858,-0.9567935136664857,0
TX001424,AC00443,0.9776166698001476,25009.5,0.9087121804740019,2.4356976441275293,2
TX000320,AC00444,-0.4123641327501901,8033.5,0.2912843120262163,-0.8816150808323846,0
TX001097,AC00444,0.17518667719750475,18986.5,0.6900773343435576,0.41568921647964663,0
TX000833,AC00444,-0.1476117846264193,11550.5,0.4184913550375651,-0.44985537998067904,0
TX000843,AC00444,-0.1926269055740432,12489.5,0.45298249275478314,-0.5197265550721887,0
TX002223,AC00445,0.07370774774131908,18306.5,0.6659322361890088,0.2062660717466601,0
TX001155,AC00445,0.05602206449786285,17134.5,0.6227337302633832,0.01567697790039978,0
TX000280,AC00445,-0.17534994042825156,11963.5,0.4342548545725503,-0.5992477456164675,0
TX000082,AC00445,-0.4140649142917689,7406.5,0.2687937654010579,-1.13868262055566,0
TX000314,AC00445,-0.09794905209089107,11975.5,0.43460792480402605,-0.4269381133151454,0
TX002168,AC00446,-0.6118748177203875,4693.0,0.16975711347472935,-1.4196376717744212,0
TX000937,AC00446,0.1687277701124629,17125.5,0.6226151864133681,0.29646629003953695,0
TX002300,AC00446,-0.0691205959888013,13455.5,0.48882862826143236,-0.29984630931432377,0
TX002036,AC00446,-0.16893798789978334,12622.5,0.4586310439283612,-0.4798038497141976,0
TX001684,AC00446,-0.02810708995534059,13966.5,0.5064234103070834,-0.1461644143458328,0
TX000649,AC00447,-0.46561128874452595,7124.5,0.2580661496378958,-1.0371539612409377,0
TX001356,AC00447,-0.28228085627292726,9959.0,0.3603067398958694,-0.7052410909214168,0
TX001583,AC00447,-0.47839688187602186,5176.5,0.18762121063464293,-1.2520650620252909,0
TX001375,AC00447,0.06433870471828136,15941.5,0.5789161084398399,0.06023494004034776,0
TX002344,AC00448,-0.06976177592316796,13718.5,0.4971963957607224,-0.10124356527049759,0
TX002167,AC00448,0.057388393139375,14789.5,0.5356492002418367,0.09339900283878443,0
TX001887,AC00448,-0.16467671855380664,13181.5,0.47920593519586796,-0.4282953283630074,0
TX000884,AC00448,0.16540424277324162,19979.5,0.7264713509587407,0.4838527746326029,0
TX001080,AC00448,0.03468394919090068,17486.5,0.6339445312413367,-0.07829791231044876,0
TX000262,AC00448,-0.31741510104098003,9384.5,0.34098070236297007,-0.8250368769853352,0
TX002226,AC00448,0.053716069002872235,16316.5,0.5927723899018719,0.06129521523691101,0
TX001956,AC00449,-0.6200632446920946,4596.0,0.16617045388252505,-1.4365555972195505,0
TX002088,AC00449,-0.3863054066051559,7579.0,0.27530004189714513,-0.9901841631901814,0
TX000591,AC00449,-0.09923682339540824,13997.5,0.5083888757776163,-0.18639124284613962,0
TX001500,AC00449,-0.10689222566198946,11933.5,0.43259406547911483,-0.3462909955101008,0
TX001687,AC00449,0.2188000642450488,18767.5,0.6813578827381351,0.4562002091373756,0
TX002387,AC00450,-0.5167891610717996,5923.0,0.2144845156540559,-1.1726254300402856,0
TX000499,AC00450,0.44346477473126,22505.0,0.8174032978694169,1.0904571186991816,0
TX000863,AC00450,-0.5152328096822616,4324.5,0.15670950055131627,-1.4189974704423844,0
TX001114,AC00451,-0.05057833411398729,15377.0,0.5600232350767335,-0.06811989139125739,0
TX001724,AC00451,0.15723321762935777,18398.5,0.6691838150460412,0.31610316703744906,0
TX001791,AC00451,-0.11160513003625609,12736.5,0.46277824055614725,-0.4342038857668392,0
TX001892,AC00451,-0.5043290040967487,5767.5,0.20901774276599258,-1.4423455993905736,0
TX000285,AC00451,-0.38772010197019124,8050.5,0.2919028553941007,-1.0159342556275583,0
TX002109,AC00452,-0.40101764829546227,7850.5,0.2856310902128944,-1.0318053447706736,0
TX000205,AC00452,-0.4473631910192951,6895.5,0.251459183188879,-1.2055605256411448,0
TX002382,AC00452,-0.5403848426164467,3918.5,0.14183242817339536,-1.4009853746962229,0
TX000436,AC00452,-0.2124093116799217,13812.0,0.502754562521967,-0.615245327678436,0
TX001315,AC00452,-0.24774130606643727,13146.5,0.47713548579715703,-0.6249667195885038,0
TX000820,AC00452,-0.19518503596287973,11123.5,0.4030763756269505,-0.5663896657079676,0
TX002403,AC00452,0.030899826311492185,15351.5,0.5565414840798081,-0.021689036807234798,0
TX000911,AC00453,-0.4779729732746148,4755.5,0.172231121213889,-1.2353320568692148,0
TX002018,AC00453,-0.1200027952190144,12678.5,0.46044222762154874,-0.4080914480393111,0
TX000209,AC00453,0.2537137034442109,19765.5,0.7181963634579754,0.5064033152698256,0
TX000979,AC00453,-0.47492555192250485,7945.5,0.2899574586078866,-1.320066629146118,0
TX001568,AC00453,-0.22128795453474212,12015.5,0.43783548753282714,-0.7260882082917347,0
TX001327,AC00453,-0.28673430948776224,12564.5,0.45665301293025934,-0.8021199075923344,0
TX000024,AC00453,0.3054985214593038,19230.5,0.6987502302173397,0.5912906110202548,0
TX000099,AC00453,0.057638276942549554,15974.5,0.5802860522764518,0.0003771781639731018,0
TX002287,AC00453,-0.31125717318791496,10466.5,0.3807563826853419,-0.8465227635649394,0
TX000627,AC00454,0.14724108502840158,18262.5,0.6643730259767121,0.41079885717569087,0
TX000830,AC00454,-0.4256991602648588,6621.5,0.24072939783822303,-1.1675024676180263,0
TX001810,AC00454,0.12472034476559649,17921.5,0.6520388909406223,0.1282195011961635,0
TX000275,AC00454,1.2681243005215914,24365.5,0.885515252320615,3.6488082657865437,2
TX000750,AC00455,-0.1285663463641469,13583.5,0.4935835805859526,-0.3491921123292667,0
TX000274,AC00455,-0.06209605752660978,14547.5,0.5296672557900265,-0.242811575673169,0
TX001348,AC00455,0.649025121417346,23044.0,0.8376670642636637,2.124104534149244,1
TX000002,AC00455,-0.5257924854596626,6186.5,0.2257789813497438,-1.4155612161932702,0
TX001434,AC00455,-0.37409838870009265,7290.5,0.264705117502448,-1.02900208966752,0
TX001127,AC00455,-0.3360023496780944,9700.0,0.3533051797213961,-0.9703548359001556,0
TX001615,AC00455,-0.0532381008677577,15676.5,0.5686827367610566,-0.25110243465570975,0
TX001063,AC00456,-0.37990440032979084,9963.5,0.36395494646663396,-0.81074348490202,0
TX000935,AC00456,3.585240294924222,24856.0,0.9032978995500276,10.948014893077243,3
TX001180,AC00456,0.5488641966570056,22855.5,0.8296072425892916,1.2434994968168414,1
TX000058,AC00456,0.1182261679138456,17211.5,0.6244580099241753,0.1918927843144893,0
TX000548,AC00456,0.36369452197858015,20193.5,0.7332729776190177,0.8061737201435092,0
TX002001,AC00456,0.14760750644511927,18003.5,0.6534535523861364,0.30694374442722455,0
TX001909,AC00456,-0.09057150414532439,15643.5,0.5673277088384657,-0.32119781077392306,0
TX000386,AC00456,-0.10083027917374704,14674.5,0.532783386094487,-0.2862357135923411,0
TX001100,AC00456,-0.16185267223704194,13989.5,0.5066989177856516,-0.4926721924883756,0
TX002347,AC00456,0.26055899728681314,21120.5,0.7669022467042761,0.5334100164362204,0
TX001660,AC00456,0.8880134041044992,23458.5,0.8517396867453151,2.206764179746938,3
TX002148,AC00457,-0.5607962945179101,3339.5,0.12073095994121864,-1.4662736740447222,0
TX002361,AC00457,-0.35499161195382806,8570.0,0.3112802699641825,-0.9964006678328912,0
TX000733,AC00457,-0.264795792554991,10095.5,0.36691227501980356,-0.7901761920866135,0
TX000656,AC00458,-0.448813423521318,6998.5,0.2531283493006937,-1.1473390123074907,0
TX001067,AC00458,0.14707500020152164,17836.5,0.6475175610027738,0.31724520571356585,0
TX002172,AC00458,-0.4984863519731975,6158.5,0.22338511274864076,-1.3316625159918236,0
TX001671,AC00458,-0.5558671870341239,3638.0,0.13182534145691174,-1.4450272241024418,0
TX001826,AC00458,0.057521527974344476,16349.5,0.5949047026773191,0.10060127672229689,0
TX001653,AC00458,0.6126083662739336,22374.5,0.813343442204841,1.4319314820672702,1
TX001002,AC00458,-0.157253042169018,13815.5,0.5015006765497002,-0.42646636726982295,0
TX000012,AC00459,-0.5505612382580533,4312.5,0.1562337883601149,-1.3786811625677664,0
TX002416,AC00459,0.03370480763700831,16835.5,0.6120670738821682,0.051704520298729094,0
TX000945,AC00459,0.25553108290244203,19113.5,0.6935464746131745,0.5131206109350931,0
TX001163,AC00459,-0.20720073365977945,11495.5,0.4176676651188668,-0.6090938969152552,0
TX000358,AC00459,-0.10515327562868869,14373.5,0.5218355270675324,-0.4059246686958562,0
TX001661,AC00459,-0.2692821957978871,9691.5,0.3517247406981347,-0.78508412607736,0
TX001529,AC00459,-0.49493358681058247,7097.0,0.2571786527536645,-1.2382119644732807,0
TX001253,AC00460,-0.4922334054749341,11072.5,0.40365701148001065,-1.2196480949849053,0
TX000570,AC00460,-0.14240743501788508,10942.5,0.39636192419750577,-0.4559316663952437,0
TX001452,AC00460,0.21277592622420746,18832.5,0.684800746892548,0.42945578677483487,0
TX000068,AC00460,0.06269042205727343,16749.5,0.609750255770259,0.005564988211546278,0
TX001460,AC00460,1.8729657487013276,23878.0,0.8679091251403602,7.107190603929312,2
TX001996,AC00460,0.12721972033649565,17462.5,0.63463054275365,0.1333841219468013,0
TX002321,AC00460,-0.05276860420977458,14418.5,0.5225508882773331,-0.24067773273459325,0
TX002169,AC00460,0.32555545752623727,19446.5,0.7061297204799899,0.6620423577363828,0
TX000756,AC00460,1.1343289213978356,24090.5,0.8751950971420748,2.8349880634661258,1
TX001162,AC00460,1.0928454146319584,24146.5,0.8768107166292132,2.6396772949942013,3
TX002449,AC00460,0.256004950443115,19092.5,0.6916346461667969,0.5848216087296464,0
TX001880,AC00460,0.525973217874758,22276.5,0.8085704099845382,1.3397552676614919,0
TX000069,AC00461,-0.4429617878197604,8999.5,0.3255576472655724,-1.0682923559548363,0
TX001264,AC00461,-0.3461872633525331,9205.5,0.3345375096365845,-0.8369046559969383,0
TX000574,AC00461,0.8358867472554014,23246.5,0.8444651804108427,2.0503508040231333,2
TX001102,AC00462,-0.427209508011516,7935.5,0.28829621751705653,-0.9391555664229492,0
TX001457,AC00462,-0.3755243699575912,8863.5,0.3224671602799636,-0.9520594106500113,0
TX001392,AC00462,-0.41801036614798476,8908.0,0.32348594734073666,-1.0277248102037055,0
TX000710,AC00462,-0.17323200249094745,12103.5,0.44024291605576704,-0.499835409674803,0
TX001884,AC00462,-0.2587597129113723,13307.5,0.48470391097073606,-0.6509119026159846,0
TX001175,AC00462,-0.3426895241455839,9638.5,0.35237055457549127,-0.862372107981383,0
TX000489,AC00463,-0.48305860299203884,5804.5,0.21007502493820293,-1.2881382670965706,0
TX001044,AC00463,-0.37791822243538675,10201.0,0.3704585109783538,-0.8469924775017269,0
TX000990,AC00463,-0.0014082947857422708,15328.5,0.556998513712034,-0.03292983872792649,0
TX001919,AC00463,0.6979936217125418,22188.5,0.8056674416513548,1.743971428816878,2
TX000104,AC00464,-0.3943936720841725,7348.5,0.26686545411635837,-1.004929875193671,0
TX000474,AC00464,-0.25786137165796325,12725.0,0.4633912544892382,-0.645027000886868,0
TX000476,AC00464,3.1958392832914155,26682.0,0.9690442653704426,8.262876495059249,3
TX001764,AC00464,0.5104604590494571,22041.5,0.8004221022868898,1.28560435058749,0
TX002463,AC00464,0.2319179095289303,20607.5,0.7469678658780297,0.5133471743641197,0
TX000079,AC00464,0.18841694012725016,19292.5,0.6994841835866367,0.37814594746680535,0
TX002207,AC00464,0.017607447284172295,16139.5,0.5854999928885742,-0.027404888196852144,0
TX002430,AC00464,0.13736273556907153,17567.5,0.6368626565538176,0.29444766817086276,0
TX000720,AC00465,-0.10410512203964895,13489.0,0.49115139767237004,-0.2260811776452924,0
TX001303,AC00465,0.387215297699175,18203.5,0.6617025048369748,1.0478507987340453,1
TX000552,AC00465,0.255511692657486,19935.5,0.7237984191662323,0.4953369552970307,0
TX001636,AC00465,0.3721979024193073,19557.5,0.709908147500129,0.8281062283709183,0
TX000693,AC00465,-0.27036766427239,11194.0,0.405607877434699,-0.7425360467933183,0
TX002372,AC00465,0.26048551578016765,20914.5,0.7590377632372559,0.6087142216945235,0
TX001226,AC00465,-0.34356691170773884,11119.5,0.40280897396832493,-0.8226729785201216,0
TX002235,AC00465,0.32464308419621773,19936.5,0.7233838170227764,0.7496430014987344,0
TX000615,AC00466,1.3274364269233094,24234.0,0.8807413613052625,4.38769393864559,2
TX000303,AC00466,1.3983377147397424,23725.0,0.8623372628580603,4.886516395591689,1
TX001345,AC00466,0.4049393474539418,19659.5,0.7119720278700389,0.9340212317787543,1
TX001567,AC00466,0.4251254449503532,20869.5,0.758097005993365,0.934205754497176,0
TX000543,AC00467,-0.3194987758556542,10231.5,0.3705877972997796,-0.8393497313675896,0
TX000719,AC00467,0.1279839057079319,17653.5,0.6414980706340547,0.37626986373253857,0
TX002041,AC00467,0.21795787017281196,18876.5,0.685851158704361,0.4013664970255072,0
TX000793,AC00468,0.2950393155362713,19608.5,0.7124283644395931,0.7299269006387862,1
TX001516,AC00468,-0.548112229496855,5481.5,0.19864753640929414,-1.4459516180839953,0
TX000116,AC00468,-0.331551394046549,8459.5,0.30753319649664657,-0.9295446893929576,0
TX001289,AC00468,-0.442828689674989,9488.5,0.34657579731135074,-1.096140006374716,0
TX000514,AC00469,-0.4534798142138509,8195.0,0.27820461783439493,-0.948760110771243,0
TX000252,AC00470,-0.43517099698555584,7190.5,0.26027403637771457,-1.1687249447159012,0
TX001310,AC00470,0.1962305998820145,19286.5,0.7008398443055802,0.3506028507814076,0
TX001557,AC00470,-0.2939210552825195,9068.5,0.3305258218276894,-0.920623954104839,0
TX001891,AC00470,-0.1219111126012832,12603.5,0.4566623240765873,-0.47793806224317936,0
TX000596,AC00471,-0.2934153189300159,9447.5,0.34346451844559184,-0.8059475213138371,0
TX000573,AC00471,-0.14711145195630657,10974.5,0.3985889756268541,-0.45952373982876205,0
TX000050,AC00471,-0.16334727921851958,11061.5,0.401321510809126,-0.5119749191017978,0
TX001381,AC00471,-0.46423694583951863,6372.5,0.23224016357243313,-1.267024228484962,0
TX001269,AC00471,0.06409054310860861,15718.0,0.5716944406007926,0.07913176420861255,0
TX000327,AC00471,0.11413138968068785,17352.5,0.630886648334456,0.14665942507378013,0
TX002035,AC00472,0.1789851575779681,18587.0,0.6918988853503184,0.3800419420956485,0
TX001765,AC00473,-0.07259927753072368,14026.0,0.5103304140127388,-0.08941364973422018,0
TX000883,AC00474,-0.5236204813244405,4991.5,0.1805498620624484,-1.2491144681031427,0
TX000171,AC00474,0.30988742293997457,21485.5,0.7809534897091645,0.7747095196974626,0
TX001046,AC00474,-0.23993729434638972,11337.5,0.4127468297505408,-0.7142490457327021,0
TX001272,AC00475,-0.2813044283303612,10513.5,0.38060442116128856,-0.7349905824929126,0
TX000873,AC00475,-0.36392389882119025,8806.5,0.3202120850121521,-0.9642544602660323,0
TX000974,AC00475,0.0340723278729587,15519.5,0.5633257540401334,0.06174514344545201,0
TX001556,AC00475,-0.40431459896123007,7728.5,0.2797989075644838,-0.9962461302109441,0
TX000434,AC00475,-0.10959248855509857,13513.5,0.489982969340836,-0.26861559816247416,0
TX000997,AC00475,-0.20765882548746026,11158.5,0.40448058086607036,-0.5178033554667848,0
TX002051,AC00475,-0.17103884045368076,12261.5,0.4447759376595551,-0.44274299647421733,0
TX000583,AC00475,-0.10033199239146569,12787.5,0.46320194291381384,-0.35995991639399516,0
TX002058,AC00476,-0.013154882045449264,15081.0,0.5523288216560509,-0.059232755400210106,0
TX001170,AC00477,0.004382786721294701,16003.5,0.5822338295822772,0.07092401145390133,0
TX000960,AC00477,0.15659211448933258,16108.5,0.5858829552144106,0.5183207421384022,0
TX001212,AC00477,0.39030665811926984,20790.5,0.7549678581639406,0.8385178125819835,0
TX002190,AC00478,-0.3850427067235472,9202.0,0.3339567381843059,-0.9913097504364988,0
TX000167,AC00478,-0.05533919446850197,13760.5,0.5007797407053668,-0.14631626795781283,0
TX000364,AC00478,-0.5746697888309346,3940.0,0.1429966679957399,-1.595585226501498,0
TX001237,AC00478,-0.042930337291445284,14715.0,0.5336855879606216,-0.36240680354408594,0
TX002253,AC00478,0.09124790499773416,17945.5,0.6517522944593075,0.09319785374614808,0
TX000039,AC00478,0.18272712627948143,18437.5,0.6697499869824751,0.259670402041376,0
TX001782,AC00478,-0.1505085412121826,10907.5,0.3947372948956357,-0.5723490795928657,0
TX000929,AC00479,-0.3248417961519052,11433.5,0.4153940579578782,-0.6821230891336935,0
TX000212,AC00479,0.6236784070142771,21880.5,0.7953910398206088,1.712920047801448,0
TX001306,AC00479,0.6012166562464921,22236.5,0.8079680481233791,1.3494790035112207,1
TX000610,AC00479,0.010869863683358554,15585.5,0.565505466275691,-0.11378535273354774,0
TX000042,AC00480,-0.3657780897621056,10742.5,0.3897752674980847,-0.7556615923648672,0
TX000516,AC00480,0.25927380167371467,17852.0,0.6478845979537415,0.48310811628220796,0
TX001559,AC00480,0.13780821576688074,17347.5,0.6301488379207252,0.19294435318810982,0
TX000887,AC00480,-0.31289932759009126,10186.5,0.36960560696138667,-0.8472471961458713,0
TX001536,AC00480,-0.375125424252142,9506.0,0.34497504853849353,-1.0508560847913935,0
TX001973,AC00480,0.5033189797140867,21148.5,0.7675774705454391,1.0449220251643447,0
TX000420,AC00480,-0.36988166922744514,9115.5,0.3303755176274162,-0.9988921948390282,0
TX001642,AC00480,0.2660741053539555,20673.5,0.7503524525017031,0.6116564835899247,0
TX000905,AC00480,-0.04349068598467728,15242.5,0.5525984396085678,-0.19600112588760835,0
TX001199,AC00480,0.1739766543181307,18799.5,0.6823784024555873,0.34253584398748826,0
TX000446,AC00480,0.33853085147203615,19723.5,0.7159587654227537,0.7716805620116973,0
TX001393,AC00481,-0.15237103270538632,14427.5,0.5232677260119559,-0.23280633820633373,0
TX002099,AC00481,0.23987295388766247,18927.5,0.6877399352836157,0.5552709066845021,0
TX002009,AC00481,0.5899740506530844,23387.5,0.849854676811015,1.582702483141504,0
TX000768,AC00481,0.10472648402096275,16194.5,0.5869186620443204,0.16875973438477182,0
TX000052,AC00482,-0.27066032436946386,10718.5,0.388696229184616,-0.7490993975525677,0
TX002114,AC00482,-0.2264998893140772,10446.0,0.38011061400772467,-0.46873193260824614,0
TX001325,AC00482,0.3867777165585794,20675.5,0.7510861045394037,0.8565338430794719,0
TX000636,AC00482,-0.42546725440643274,7923.5,0.28758516534908424,-1.17119585816689,0
TX000352,AC00482,-0.14568563811825605,11495.5,0.4169500439220935,-0.471024638130685,0
TX000872,AC00482,-0.06080050405376302,13901.5,0.5050654594680075,-0.2842241835890953,0
TX001855,AC00483,-0.2522649090940355,10846.5,0.39355393558350094,-0.585919072419921,0
TX002066,AC00483,0.46300202283955566,20780.5,0.7552606018098217,1.0552798516998807,0
TX001188,AC00483,-0.34919668043208274,9988.5,0.36423322619588866,-1.032244538271062,0
TX002460,AC00483,-0.041851362107731896,15623.5,0.5675402982797099,-0.2674845891517076,0
TX001036,AC00485,-0.3624297433146989,10195.0,0.35782245222929937,-0.7675003702957286,0
TX002337,AC00485,1.512223223173365,21981.0,0.8270103503184713,3.589684594708113,3
TX001766,AC00486,-0.36136271418238297,8283.0,0.2817078025477707,-0.9169173054969626,0
TX002457,AC00487,0.1493928141340919,17902.5,0.6507811629905015,0.3542644823387747,0
TX000633,AC00487,-0.5001208649735877,5183.5,0.18786625348881725,-1.2265700345180237,0
TX000969,AC00487,0.07309688024077583,16962.5,0.6158477910224398,0.09676896997190909,0
TX001060,AC00487,-0.29444120366599014,9783.0,0.3550394334580284,-0.743882279182556,0
TX000995,AC00488,-0.34337083963062653,10441.5,0.3809819293852305,-0.7097391283690702,0
TX002250,AC00488,3.4486800799740456,22957.0,0.8345848337637957,13.727138224837578,2
TX000302,AC00488,-0.13769696241677953,15364.0,0.5583495489909731,-0.4055758306450394,0
TX000380,AC00488,-0.3611421443721004,7494.5,0.2717365095049628,-0.9955806851984053,0
TX001281,AC00489,-0.17638378396491527,11971.5,0.43418142006251303,-0.38361060290874094,0
TX000304,AC00489,-0.004392621026634153,15673.5,0.568557593749081,0.0093941636540163,0
TX002307,AC00489,-0.274446756938472,10174.0,0.3690537934755201,-0.7419881639259744,0
TX001720,AC00490,-0.20175537255966947,13417.5,0.4868368866756954,-0.6256992322434425,0
TX001204,AC00490,-0.43229577298020083,6372.5,0.23073697090390322,-1.1099681180269199,0
TX000426,AC00490,0.1331374838547416,17886.5,0.6498358556395053,0.27336730190857167,0
TX002275,AC00490,-0.13137086083582827,11699.5,0.42474214753966366,-0.46989982003665354,0
TX001173,AC00490,-0.2167597209058169,15134.0,0.5499247695536483,-0.6656987675716259,0
TX000508,AC00491,0.21746486494219985,17450.0,0.6466361464968153,0.6290885025856643,1
TX002081,AC00492,-0.18960886351409675,13857.5,0.502281486982234,-0.5036934972656554,0
TX000160,AC00492,0.05390718370757484,15697.5,0.56985871344908,0.09627981152182631,0
TX001925,AC00492,-0.6179931140901547,4328.5,0.1564631318381179,-1.5810138518379453,0
TX002073,AC00492,-0.44314380153363436,5290.5,0.19146345968689477,-1.1313722167557212,0
TX001601,AC00492,-0.1882594793490365,12725.5,0.4613608972594253,-0.5243953558782367,0
TX000439,AC00493,-0.4155370504738734,7623.5,0.2764132964133826,-0.905847028122804,0
TX002492,AC00493,0.1224016631328381,18078.5,0.6573793004237445,0.3932656155875926,0
TX000343,AC00493,0.05112459548326543,16697.0,0.606436587537793,0.11878013036191028,0
TX001827,AC00493,0.0856559615950636,16928.5,0.6156133851736176,0.16321141940376938,0
TX001808,AC00493,0.46215761817065726,20847.5,0.7580383367315502,1.070062444652182,0
TX001722,AC00494,-0.03725336089070074,16069.5,0.5851543655475292,0.08600351565805013,0
TX002305,AC00494,7.908088797391268,24333.0,0.884387142156676,31.02983023085694,2
TX001243,AC00494,0.9280008755458389,25473.5,0.9252242178275487,2.3097427654150406,2
TX002450,AC00494,0.10061786275939692,14915.5,0.540572084665018,0.07952648460981972,0
TX000299,AC00495,-0.2536862885569249,10265.5,0.37403575395817135,-0.6841635106458527,0
TX000922,AC00495,0.00601924414230587,13779.5,0.501125940576445,0.07621805739412917,0
TX000415,AC00495,0.6410902476871619,23834.5,0.865721653616196,1.5126630829778847,1
TX001668,AC00495,-0.4800703557871646,8100.5,0.29661266824548355,-1.301810591843716,0
TX000451,AC00495,1.1465834052320087,22422.0,0.8152033361505828,4.043366668980648,2
TX001520,AC00495,-0.4855456206076784,6151.5,0.2229196458317162,-1.312203108812156,0
TX001741,AC00495,-0.5257404646454447,4599.5,0.16682580490490698,-1.3882569512411367,0
TX000294,AC00495,0.1934247742207429,18539.5,0.6722746033632462,0.3617819780214838,0
TX002197,AC00496,-0.5606670227945009,6578.0,0.2379038566587292,-1.2649212763149078,0
TX001501,AC00496,0.6959166451370608,20279.5,0.7372288889494232,1.61371896326932,1
TX000972,AC00496,-0.4131492983539837,8281.5,0.3016946557515523,-1.1066714638102817,0
TX000673,AC00497,-0.14501787038868405,13029.5,0.47319129626585055,-0.19279420552789456,0
TX002191,AC00497,0.49020903719361986,20888.0,0.7595951814908152,1.6337802249629887,1
TX002186,AC00497,-0.03789282319450998,15257.0,0.5538872197796952,-0.10192355445521119,0
TX000697,AC00497,-0.17669898080743718,13642.5,0.4950989470509761,-0.5150260093372749,0
TX001072,AC00497,-0.34906565717860455,7130.5,0.25790873401194814,-0.9978257337817492,0
TX001555,AC00497,-0.2805658930569919,10863.5,0.3937581480063661,-0.818855819645513,0
TX001658,AC00498,-0.5733110908925519,5829.5,0.21143885174340815,-1.3831980235465555,0
TX001302,AC00498,0.5547834483584413,21369.0,0.77701579387376,1.5035330625021952,0
TX001405,AC00498,0.0794634465254037,17655.5,0.6423261901272199,0.11949501319633049,0
TX001193,AC00498,0.7070066151906318,23029.5,0.8371141358508905,1.7250636455867576,1
TX000495,AC00498,0.17591224825107532,17871.5,0.6491107011528223,0.2675420127724255,0
TX000134,AC00498,0.2705717711224465,18713.5,0.6789428907921261,0.5745431981487531,0
TX002082,AC00498,-0.23239496011575228,10983.0,0.39823863244632557,-0.6530715966152042,0
TX000118,AC00498,0.6182279960884389,21641.5,0.7856693593256344,1.4367508490136558,1
TX001729,AC00499,-0.5118398567847113,5581.5,0.20189363103127242,-1.1550068020532689,0
TX000460,AC00499,0.2940118573445035,18215.0,0.6609585623252577,0.6037960889710209,0
TX001896,AC00499,-0.17091358365625747,12322.5,0.4481270764760307,-0.4720813699432749,0
TX000432,AC00499,-0.1698236235837559,12325.5,0.44656340655610766,-0.6032397214205782,0
TX001923,AC00499,-0.612622079084633,4660.5,0.16914443100639448,-1.6398282926296734,0
TX000203,AC00499,0.00037829460959161714,15197.5,0.5527117402888059,-0.16433114037170363,0
TX001943,AC00499,0.07357744115227995,16768.0,0.6088519410817178,0.03270563683939052,0
TX002055,AC00500,-0.519562702323283,4986.5,0.18032582202054168,-1.2784577342349928,0
TX001716,AC00500,-0.11447084633517379,12633.5,0.4581706393822557,-0.39245550891772774,0
TX002375,AC00500,-0.1515771362974574,9795.5,0.3548471085666403,-0.560704065246133,0
TX002350,AC00500,0.1286907465636493,17558.5,0.6375396281182396,0.24325543109576114,0
