TransactionID,AccountID,split,score_isolation_forest,flag_isolation_forest_native,score_lof,flag_lof_native,score_ocsvm,flag_ocsvm_native,score_elliptic_envelope,flag_elliptic_envelope_native,score_dbscan,flag_dbscan_native,score_hdbscan,flag_hdbscan_native,score_kmeans,flag_kmeans_top5pct,score_gmm,flag_gmm_top5pct
TX001313,AC00001,train,-0.08674194768296561,0,-0.19051180689287728,0,-0.6308794286866206,0,-464.2651871236505,0,0.0,0,0.2041125088753441,0,5.599163424330221,0,-70.82687532133895,0
TX002017,AC00001,train,-0.07109265152834682,0,-0.21409333697624344,0,-1.6468811307131226,0,-441.20595226917186,0,0.0,0,0.3535007901888135,1,6.721942438755399,0,-55.93486475792355,0
TX002121,AC00002,train,-0.08392405716804319,0,-0.16960244750058062,0,-1.9379689921526921,0,-469.33018098384485,0,1.1920928955078125e-07,0,0.3163112708527672,0,6.637163358562189,0,-77.96161297207593,0
TX000021,AC00002,train,-0.0651768543105064,0,-0.2274464444482358,0,-0.9841893419073457,0,-467.0431229697819,0,0.0,0,0.37802476309228317,1,8.823039199843118,0,-63.92112566470857,0
TX001477,AC00002,train,-0.09799889677813578,0,-0.22183331734063905,0,-1.9748746591353736,0,-459.8155141730011,0,0.0,0,0.18739315931516792,0,3.5213707812280384,0,-19.256604940672577,0
TX000062,AC00002,train,-0.039890837985991356,0,-0.1663092106207793,0,-1.5922278799210048,0,-382.9399567150291,0,0.0,0,0.37311876299188784,1,4.214422639459804,0,14.263671989427078,1
TX001599,AC00002,train,-0.08652945724187655,0,-0.2577310677298936,0,-2.089975490296844,0,-461.84917417397924,0,8.429369702178807e-08,0,0.15419449500978005,0,3.9325929585520654,0,-25.425051414409527,0
TX001674,AC00002,train,-0.10847368730491125,0,-0.2585456894205618,0,-2.692336296860679,0,-474.40244753515304,0,0.0,0,0.03184976747191012,0,3.1728966216287167,0,-27.72945948384847,0
TX001029,AC00002,train,-0.024202992256299127,0,-0.044169497598009144,0,-1.9628372654248913,0,-251.56956895509697,0,0.0,0,0.4912258029864323,1,5.845100120275034,0,24.9794423192379,1
TX002326,AC00003,train,-0.10717445704584289,0,-0.2651201940601551,0,-0.7193740770868864,0,-475.47936712199436,0,0.0,0,0.03065664887333536,0,5.8250164868276295,0,-80.05662165896334,0
TX001841,AC00003,train,-0.061138038379108584,0,-0.22293210803610686,0,-0.33578739052365414,0,-177.77599722296458,0,0.0,0,0.49763164568774065,1,7.078781879811643,0,-56.38975246334213,0
TX002363,AC00003,train,-0.05584447050858421,0,-0.187747302150842,0,-1.9603364957736353,0,-406.0754688403826,0,8.429369702178807e-08,0,0.34464066802800886,1,4.8241676390564185,0,-16.646749603357012,0
TX001904,AC00003,train,-0.0940770907512708,0,-0.2625527354164977,0,-2.618499464932599,0,-471.96562397300016,0,5.960464477539063e-08,0,0.10491354289503466,0,3.3125534685587996,0,-26.176946572623525,0
TX002248,AC00003,train,-0.09095575236206122,0,-0.22451031669512456,0,-2.5790071603704483,0,-369.19597237564363,0,0.0,0,0.17756252337383888,0,3.6421670146585634,0,-12.983460301463897,0
TX001851,AC00004,train,-0.10327630694063855,0,-0.26252333419485074,0,-0.9203726147156619,0,-475.53970976731995,0,0.0,0,0.06046879985871591,0,5.693413456993757,0,-79.15497211753748,0
TX000707,AC00004,train,0.04416866206949577,1,0.8546435756727673,1,6.684558580611771,1,5758.738085890875,1,28.278961930181065,1,0.9044526944728424,1,40.793022895538996,1,-125.12633744129195,0
TX001648,AC00004,train,-0.059548850499301864,0,-0.25198129760553867,0,-1.842689724891672,0,-460.62482906526174,0,0.0,0,0.09467064411344735,0,3.6390740663439742,0,-24.028623214501113,0
TX000223,AC00004,train,-0.10048715657439622,0,-0.24412661223224652,0,-2.553498827889273,0,-464.0516482018995,0,0.0,0,0.11544989150424649,0,3.978188674354764,0,-26.6331445353615,0
TX002442,AC00004,train,-0.09058821408742318,0,-0.24238372493322546,0,-2.0221562522622314,0,-418.5397479994172,0,0.0,0,0.13047381906773753,0,3.7529993163429083,0,-23.38429367969719,0
TX002391,AC00004,train,-0.10644844389994107,0,-0.26961493294428274,0,-1.8155950601892137,0,-455.04549309578834,0,0.0,0,0.0,0,3.0819758399872086,0,-25.34959551276737,0
TX001820,AC00004,train,-0.07068485180372791,0,-0.17144652003162553,0,-2.0394585991967062,0,-460.876319288376,0,8.429369702178807e-08,0,0.377935664549056,1,4.919785598410566,0,-22.217159822785536,0
TX002328,AC00004,train,-0.0690609804643425,0,-0.23899382037197725,0,-1.794676055023908,0,-444.8045798892244,0,0.0,0,0.10880348231933036,0,4.090248678539182,0,-22.60421757073424,0
TX000245,AC00004,train,-0.045064933245656635,0,-0.19452761408630437,0,-0.8741509672408281,0,-412.01954671729015,0,0.0,0,0.19934040326291358,0,4.288353075886022,0,-20.34599432409625,0
TX002315,AC00005,train,-0.10507211871067906,0,-0.26074742313835086,0,-1.6352874172455998,0,-479.25159643943704,0,0.0,0,0.06598313418727977,0,3.910315562611498,0,-79.72179633128748,0
TX000944,AC00005,train,-0.032828747423751914,0,-0.2058024204517961,0,-1.7746271243629579,0,-413.67079967655576,0,0.0,0,0.4013932110558204,1,6.593790125526616,0,6.809752315340685,0
TX001792,AC00005,val,-0.05814999343031124,0,-0.256202383230667,0,-2.0455739192317957,0,-364.3541096687718,0,0.0,0,0.5000977256201861,1,9.757456312849202,0,48.538004200778175,1
TX000547,AC00005,train,-0.09713649154470022,0,-0.2133387647873486,0,-3.289538361155115,0,-466.6574771225489,0,8.429369702178807e-08,0,0.33175577943606555,1,3.263235808566875,0,-24.61386883544727,0
TX000760,AC00005,train,-0.07159706489988865,0,-0.09347106690884788,0,-2.7847943237198862,0,-361.33836610277217,0,0.0,0,0.43421100393598366,1,4.579414154679302,0,-14.456945017727495,0
TX000195,AC00005,train,-0.10170904846007478,0,-0.23557246758565742,0,-3.1616745641759465,0,-423.1945720120092,0,5.960464477539063e-08,0,0.09445001642295198,0,3.178108959217797,0,-25.60196754428394,0
TX001971,AC00005,val,-0.06707702417177697,0,-0.19250066080571426,0,-2.4203244346974984,0,-387.03231761214715,0,8.429369702178807e-08,0,0.3397809444887638,1,4.117885930466531,0,-18.993090564426826,0
TX002083,AC00005,train,-0.051941811462121734,0,-0.16833241543325972,0,-2.1479989215506006,0,-448.1724824381773,0,0.0,0,0.32452141290231756,1,3.9197041101114887,0,-22.208064217923017,0
TX001038,AC00005,train,-0.05777095127873244,0,-0.19840559397594326,0,-1.878394068188861,0,-437.9877481843364,0,0.0,0,0.32269684318433217,1,4.001279362699131,0,-20.232833790779356,0
TX000662,AC00006,train,-0.12681597882621298,0,-0.2666881838506937,0,-1.8061861232085796,0,-476.10759624863795,0,0.0,0,0.10357523497034479,0,3.7458655403794507,0,-78.93929653960521,0
TX000216,AC00006,train,-0.09196448290162196,0,-0.13307523175831992,0,-1.5561449337805033,0,-461.3863388229903,0,0.0,0,0.3755845592795666,1,4.418468067429365,0,-58.31364193352601,0
TX001406,AC00006,train,-0.07565486206196598,0,-0.1733545414575819,0,-3.17811117035569,0,-458.1947310005131,0,0.0,0,0.4174141706180045,1,6.7335297512175565,0,-17.910762183014352,0
TX001977,AC00006,train,-0.030487000432959932,0,-0.21548552748292993,0,-2.1331312497657695,0,-438.44586581938916,0,0.0,0,0.3293731204412732,1,3.577337737236877,0,-15.703715589202194,0
TX000077,AC00007,train,-0.11233274868530818,0,-0.23864969620688514,0,-2.1653225759705155,0,-482.6752605905039,0,0.0,0,0.06527103631793266,0,3.7633782265465183,0,-81.845431039546,0
TX000839,AC00007,train,-0.05412933588999286,0,-0.19371906515622683,0,-0.9431838163158464,0,-434.17669955780497,0,1.6858739404357614e-07,0,0.4915692869008743,1,5.528007494085829,0,-57.92295850080551,0
TX000977,AC00007,train,-0.11334206199484853,0,-0.224219485029854,0,-3.0684957735886567,0,-467.0777981014413,0,0.0,0,0.3249026524603467,1,3.599812638493515,0,-26.45332872873823,0
TX001336,AC00007,train,-0.08103542437940209,0,-0.23201375102591815,0,-2.622082622680068,0,-463.65142696492245,0,0.0,0,0.16772977604751788,0,3.731041845982484,0,-23.206744300060873,0
TX001579,AC00007,train,-0.10972965155725689,0,-0.26181576323139666,0,-2.35110914336601,0,-468.2966828459585,0,5.960464477539063e-08,0,0.0,0,3.2840240413180184,0,-26.929352416218993,0
TX002005,AC00008,train,-0.10655315257684783,0,-0.1904449876734844,0,-1.087280037842092,0,-468.3433880362898,0,0.0,0,0.22973379214095127,0,4.989604156727007,0,-73.91530340399049,0
TX002512,AC00009,train,-0.07633242964903347,0,-0.2243421977914406,0,0.14906204252727306,1,26.234906059247407,1,0.0,0,0.5022178140991614,1,8.288353723409468,0,-67.2162592380835,0
TX002048,AC00009,val,-0.0761562615083376,0,-0.19851395731737398,0,-1.9967899676643945,0,-401.8490009704921,0,8.429369702178807e-08,0,0.19964692988148283,0,5.67811909757037,0,-57.047147863681445,0
TX000868,AC00009,val,-0.07350223520224675,0,-0.2006719130293637,0,-1.8716408961091275,0,-470.3569234371624,0,0.0,0,0.18967468096119544,0,3.80937831939828,0,-23.012469426960518,0
TX000840,AC00009,train,-0.054943041791266856,0,-0.18100690628341098,0,-1.9440113736643454,0,-136.96746656974938,0,0.0,0,0.34922211400184155,1,3.662880371714433,0,11.312333810135353,0
TX000279,AC00009,train,-0.07898274066504696,0,-0.21250537132839642,0,-1.214973429975279,0,-457.41181982376713,0,0.0,0,0.3391057399257457,1,5.329735987266922,0,-21.59453904245007,0
TX002367,AC00010,train,-0.08029697099564864,0,-0.1907838613963848,0,-0.6595651476735345,0,-402.9937503612431,0,0.0,0,0.47630007640789973,1,9.821564785280996,0,-75.66164177563829,0
TX001737,AC00010,val,-0.11591233671569284,0,-0.2252669721189895,0,-1.297805339901764,0,-470.6516242082003,0,1.1920928955078125e-07,0,0.19077122628834547,0,5.817423373099793,0,-62.97320214728134,0
TX001760,AC00010,val,-0.0029974815854104664,0,-0.14074467300786297,0,-1.8557242651485346,0,-420.2953561103736,0,0.0,0,0.5228636972699728,1,7.630832840569596,0,9.131488082503607,0
TX001168,AC00010,train,-0.05124131060592285,0,-0.08393277575477609,0,-1.5510467206663154,0,-409.2817682943016,0,0.0,0,0.41539636336797053,1,5.657312217201288,0,-14.589849652724514,0
TX000096,AC00010,val,-0.008024176925366722,0,-0.12123371721961851,0,-1.9912819491232234,0,-261.45200667470135,0,0.0,0,0.4084819274789303,1,5.02618906317714,0,34.77748713600249,1
TX000180,AC00010,train,-0.01632937926550182,0,-0.06709734851736626,0,-1.3777980716496838,0,71.10469633158965,1,0.0,0,0.47586610725355244,1,5.8898120591302705,0,8.035768143457826,0
TX000202,AC00010,train,-0.05203362474598461,0,-0.22935657480933158,0,-1.4012303846753724,0,-449.2328561434418,0,0.0,0,0.16619545192316518,0,4.407635009943838,0,-22.978546831730792,0
TX000694,AC00011,train,-0.020032131189863245,0,-0.08408838909992444,0,-0.00015490742217671993,0,-406.38867865901915,0,0.0,0,0.5424992146299,1,7.573098313228457,0,-57.96899930208988,0
TX000735,AC00011,train,-0.04918446863685316,0,-0.2639105996066595,0,-0.7019167028118822,0,-447.3275744985162,0,0.0,0,0.3899208213858493,1,13.416835722566837,1,-64.10089175134867,0
TX001015,AC00011,val,-0.02568311373072496,0,-0.054380293418944126,0,-1.3252491804660842,0,-250.83364598462268,0,1.1920928955078125e-07,0,0.5035014322958169,1,6.431801836540479,0,-6.568436619480903,0
TX000098,AC00011,train,-0.07427372622145145,0,-0.13561832252028672,0,-2.0085655134968565,0,-423.19655033914376,0,0.0,0,0.41039195326791644,1,4.9297698491554485,0,-15.230982497105462,0
TX000045,AC00011,train,-0.04993036451263383,0,-0.1818667148231199,0,-2.576220024962458,0,-423.0725323503575,0,8.429369702178807e-08,0,0.34632439014692323,1,4.302896028860727,0,-17.702066176743802,0
TX002023,AC00011,train,-0.07426613613685967,0,-0.2496800409662321,0,-1.2870846496646209,0,-270.8880077644498,0,2.384185791015625e-07,0,0.47300484804440285,1,7.123945318639106,0,-17.064739255929553,0
TX001560,AC00011,train,-0.02755886894497095,0,-0.18538542291932503,0,-1.687216192650041,0,-423.1614560486143,0,0.0,0,0.336516509955424,1,4.098763415083406,0,-15.103038557653068,0
TX002047,AC00012,train,-0.09383788331710813,0,-0.2437650890441554,0,-1.2926814930009645,0,-416.1356362500682,0,0.0,0,0.07125550600648956,0,4.640151122034489,0,-77.8419797079917,0
TX000513,AC00012,train,-0.07141300159554403,0,-0.017403678354943608,0,-0.224021669805488,0,-452.7513713830134,0,1.1920928955078125e-07,0,0.4515772050670851,1,5.687434852426076,0,-53.01258872565904,0
TX001153,AC00012,train,-0.042203600447742795,0,-0.17405305088950462,0,-1.1685480713858976,0,-280.45851459224235,0,2.384185791015625e-07,0,0.5080945221165062,1,7.0519286695296985,0,7.58397083582096,0
TX000728,AC00012,train,-0.10224969710402182,0,-0.24904372545463316,0,-1.6075760601103735,0,-461.29337751726223,0,0.0,0,0.10530801648258392,0,3.3877183340265167,0,-22.54214062675251,0
TX002152,AC00012,train,-0.03236806694178751,0,-0.1607032504618422,0,-2.123583296870141,0,-433.7064610788743,0,0.0,0,0.47361471183850484,1,8.65502013405706,0,-12.576052583876185,0
TX001510,AC00012,train,-0.08111621368382466,0,-0.20295175735444793,0,-2.0550573233921536,0,-322.6129388623541,0,0.0,0,0.35340550187794123,1,4.433427233682918,0,-14.236551247838566,0
TX000576,AC00013,val,-0.12435994762007263,0,-0.2822472308660089,0,-0.815001241254846,0,-479.06823699001876,0,0.0,0,0.0,0,5.523011676650528,0,-81.24153347532369,0
TX001291,AC00013,train,-0.0406772179756309,0,-0.190036627938184,0,-1.351712506389518,0,-170.37220387852489,0,0.0,0,0.5952145081626635,1,6.199092732854169,0,-56.6437188398199,0
TX001010,AC00013,val,-0.08482420258124862,0,-0.21694740482203634,0,-1.8293952893609102,0,-460.80652416981644,0,0.0,0,0.19541146371481655,0,4.19000882893944,0,-20.940624984060424,0
TX002156,AC00013,val,-0.08629119278003089,0,-0.20099098479734478,0,-2.129381053098424,0,-466.2066539263049,0,0.0,0,0.18360217991566175,0,4.424789251130064,0,-20.843200120115103,0
TX000107,AC00013,train,-0.060399968457084896,0,-0.24382640780445008,0,-1.2837323407729446,0,-448.8606429787472,0,0.0,0,0.08047119690257534,0,3.853155721323661,0,-21.198510888452276,0
TX001980,AC00013,train,-0.07904950119119014,0,-0.23318194506723366,0,-2.305650407168061,0,-452.7461216989043,0,8.429369702178807e-08,0,0.17932809721460577,0,4.4961412765399,0,-27.011505057721187,0
TX000780,AC00013,val,-0.07697085268772597,0,-0.2606435218810358,0,-1.8021886151715094,0,-465.4134423848379,0,0.0,0,0.031124797929974034,0,3.3350211291208294,0,-25.060027372416332,0
TX000578,AC00013,train,-0.10172495400631298,0,-0.25691504054442427,0,-2.0839533618595905,0,-467.13439985087433,0,0.0,0,0.05595111892608939,0,3.232558666026506,0,-23.712321467732995,0
TX002447,AC00014,train,-0.0525001742642866,0,-0.1295921394524544,0,-1.3602096967155184,0,-405.9565511836908,0,0.0,0,0.533016672099369,1,8.43688112236409,0,-70.67243459994896,0
TX000375,AC00014,val,-0.07075772265279229,0,-0.06661150325788245,0,-1.3875510538213742,0,-421.7382527041071,0,1.6858739404357614e-07,0,0.564875058920512,1,8.273022043989288,0,-56.15523265929197,0
TX001234,AC00014,train,-0.0507782575804856,0,-0.10283960454026331,0,0.40744459388829135,1,-331.3314430407878,0,0.0,0,0.6161859896436074,1,11.047939981687048,1,-13.160505168136917,0
TX000520,AC00014,train,-0.026475747713957998,0,-0.12945713506175904,0,-1.5458016180225496,0,-441.74792727237576,0,1.1920928955078125e-07,0,0.46714976965262,1,6.834054447251433,0,15.251885943210276,1
TX000080,AC00014,train,-0.08127233299598774,0,-0.22097803635517788,0,-2.2549557359957593,0,-406.17222383827055,0,0.0,0,0.197086003646944,0,4.265751068169169,0,-15.068975360939877,0
TX000657,AC00014,train,-0.06749372274974952,0,-0.1621365515336921,0,-2.129040349895817,0,-336.144388863916,0,8.429369702178807e-08,0,0.342185528856254,1,4.302851339595914,0,-17.520080512508816,0
TX000022,AC00014,train,-0.0795773511155955,0,-0.2134754564252075,0,-1.959948374834891,0,-392.01419403281716,0,8.429369702178807e-08,0,0.14093674309689613,0,3.9108621650266535,0,-17.811826490965988,0
TX002124,AC00014,train,-0.07080508363649007,0,-0.1915150563578869,0,-1.8550063147105842,0,-410.9358804254402,0,0.0,0,0.33927820735819525,1,4.233298161746028,0,-19.77702354114597,0
TX000740,AC00014,train,-0.07359163690031828,0,-0.21766756498928252,0,-1.856405525574944,0,-413.4164110535434,0,8.429369702178807e-08,0,0.32161860481501325,1,3.8805201716330133,0,-18.73198337942981,0
TX001456,AC00015,train,-0.07115754182308048,0,-0.23337140359277764,0,-0.4517224628735921,0,-444.01018911740533,0,0.0,0,0.39142352179966455,1,6.681831248873357,0,-75.52062804193326,0
TX001467,AC00015,train,-0.02172068432106594,0,-0.19208215591500877,0,0.13700288980938602,1,-432.5506124191813,0,0.0,0,0.4595268104174569,1,15.341344878452038,1,-61.06427063778996,0
TX001620,AC00015,train,-0.07218763797286182,0,-0.22397035687028288,0,-2.093347373749843,0,-448.9039816537491,0,0.0,0,0.1611088674687718,0,4.020215273694675,0,-21.91506831981003,0
TX001562,AC00015,train,-0.07658369886727873,0,-0.20679000969413885,0,-2.0094893983715423,0,-447.1168922475034,0,0.0,0,0.34535020595695803,1,4.879285370212377,0,-22.995682282027932,0
TX001181,AC00016,train,-0.05923139026147339,0,-0.0877534990641331,0,-1.1584274395046226,0,-427.2409837538459,0,0.0,0,0.33009864957824187,1,5.499211033355295,0,-51.660164270449634,0
TX002335,AC00016,train,0.01655335356709542,1,0.2407194765327394,1,5.1723853373843625,1,371.6040939321471,1,11.092695236647076,1,0.8197695506204282,1,19.718877448672107,1,-125.12635452366806,0
TX001135,AC00016,train,-0.0002108062933452448,0,-0.11242119485552027,0,-0.565680509076854,0,-383.5287253753667,0,0.0,0,0.4592589095442668,1,6.42024192818286,0,-7.047987400225271,0
TX001592,AC00016,train,-0.05346599999807805,0,-0.14290625336880014,0,-1.29952301393093,0,-392.04442457236604,0,0.0,0,0.38355982165316566,1,4.741583278625962,0,-13.225294658564994,0
TX001969,AC00016,train,0.0018505925989988903,1,0.10556526235772656,1,-0.9741039135440399,0,-372.8500334411897,0,0.0,0,0.5610901219805174,1,6.67261267639429,0,-1.202728257691707,0
TX001542,AC00016,val,-0.06276779361531637,0,-0.16044300959601854,0,-2.2528321199065573,0,-433.0925487627261,0,0.0,0,0.3580401396480259,1,4.480573421105728,0,-19.897280571697774,0
TX001864,AC00017,train,-0.1014521520707008,0,-0.22576021748717023,0,-0.8723441423175018,0,-472.0256429225732,0,0.0,0,0.10464524808269154,0,4.93758116000602,0,-78.34821470699626,0
TX000952,AC00017,train,-0.06256764615386856,0,-0.1328366538443111,0,-2.170631643830424,0,-434.44331653093144,0,0.0,0,0.5440651346233805,1,5.815813874806881,0,-58.29531253930458,0
TX001670,AC00017,val,-0.07127246681005578,0,-0.18494122310616534,0,-2.898999355084994,0,-458.14093389055245,0,0.0,0,0.42575158014429254,1,4.901988691352491,0,-13.569524427430386,0
TX000971,AC00017,train,-0.11616760361458817,0,-0.2613695705333394,0,-2.6861013240643565,0,-475.97017455435787,0,0.0,0,0.0719214497809484,0,2.6750507402612245,0,-26.608533346580547,0
TX001337,AC00017,train,-0.05219852883586684,0,-0.16620767808938508,0,-1.6237859475374847,0,-444.92138574453645,0,0.0,0,0.34490381474001436,1,4.48764619763802,0,-19.082718158375624,0
TX001498,AC00018,train,-0.025649620596408462,0,-0.13367117101612513,0,-0.5861043352907434,0,-377.21896058549413,0,0.0,0,0.5520267914355981,1,12.317634074820878,1,-71.32254979822244,0
TX001802,AC00018,val,0.05005879085774967,1,0.2434393447304113,1,2.3532106118124636,1,-322.7969205016846,0,0.0,0,0.6828835811164964,1,21.950959229397593,1,80.51272185512026,1
TX000102,AC00018,train,-0.00989392075027229,0,-0.15880348148777323,0,-0.9834807965126231,0,-401.2839946075627,0,0.0,0,0.43204007728766364,1,7.369736188595787,0,-11.227353313293992,0
TX002086,AC00019,train,-0.10969811146786618,0,-0.2626397412637437,0,-2.1539198641535684,0,-478.17356730488814,0,0.0,0,0.0,0,3.4752100220735556,0,-79.97911725150942,0
TX001683,AC00019,train,-0.07956786672429422,0,-0.25759093957769874,0,-1.5320954457271458,0,-463.5270456270461,0,0.0,0,0.0,0,5.371792994727764,0,-61.63986510839022,0
TX002414,AC00019,train,-0.07935953920077721,0,-0.228784486877738,0,-1.8713564214138199,0,-462.5429453572998,0,0.0,0,0.14133596015324953,0,4.763304709379007,0,-23.837110609079964,0
TX000003,AC00019,train,-0.09949015955649576,0,-0.26113644640783285,0,-2.6674468665345596,0,-476.23412090089244,0,0.0,0,0.05586844447694066,0,3.1915574976444527,0,-28.786896850249374,0
TX001326,AC00020,train,-0.05326528272371461,0,-0.2528453031033685,0,-0.4181374646612124,0,294.0405133823803,1,0.0,0,0.49444388236538583,1,8.858956038081656,0,-70.60187348437077,0
TX001830,AC00020,train,-0.09864020406955898,0,-0.26165006884467523,0,-1.8980478719900926,0,-475.53935035147845,0,0.0,0,0.0,0,5.775524616119674,0,-64.45990595611713,0
TX000404,AC00020,train,-0.12397479456834787,0,-0.21206094332234016,0,-3.117684571365915,0,-466.1064447649257,0,0.0,0,0.18858722163031225,0,4.221353429807396,0,-19.310855313651597,0
TX002028,AC00020,val,-0.10527243795811936,0,-0.26700314814164106,0,-2.3080922960043395,0,-472.693698767826,0,4.2146848510894035e-08,0,0.03665059250506581,0,2.821815510901585,0,-27.416634712684132,0
TX000206,AC00020,train,-0.11432465846235706,0,-0.2618615859028779,0,-2.8488289339971473,0,-471.44292905302444,0,0.0,0,0.009232308957998786,0,2.955858493815536,0,-27.38322042746883,0
TX001259,AC00020,val,0.03534378424266482,1,0.3122639962103604,1,4.702130287699678,1,1443.234205322629,1,17.756273705582643,1,0.750132667327667,1,20.229027809773427,1,225.61395464042718,1
TX001715,AC00020,train,-0.056191975553695483,0,-0.19133051684137614,0,-2.6550559744589943,0,-443.10841800835243,0,0.0,0,0.3532101780502581,1,4.617301692801284,0,-22.632282574570855,0
TX002170,AC00020,train,-0.09480903144572561,0,-0.21755625010276058,0,-2.563824861090609,0,-339.49551907103904,0,0.0,0,0.18482063486992056,0,3.932516321060323,0,-18.698571860482705,0
TX001139,AC00020,train,-0.02273672959883072,0,-0.13992199325260146,0,-1.896197542684881,0,96.85804329711124,1,0.0,0,0.45138510780548075,1,5.749353110024453,0,16.905913160892904,1
TX001821,AC00021,train,-0.10263621062364459,0,-0.2165120332463648,0,-1.557159884306234,0,-476.0289074212108,0,5.960464477539063e-08,0,0.22979472555939148,0,4.033464752878366,0,-78.69440872719132,0
TX002112,AC00021,train,-0.04060437528456656,0,0.014354493508460742,1,2.7717810579132385,1,472.4170672617889,1,8.988056945252037,1,0.7881819826274848,1,11.616995170815295,1,-138.38680490519695,0
TX002126,AC00021,train,-0.05760150881299192,0,-0.08052724070283834,0,-2.9520183094208914,0,-447.58817802001255,0,0.0,0,0.4336018537189467,1,5.070914718585579,0,-12.546633549298921,0
TX000382,AC00021,train,-0.09449389514638545,0,-0.26327258016994015,0,-2.9951243676462855,0,-472.71461505830916,0,0.0,0,0.03414926603364579,0,3.3432951160474547,0,-25.488521720378515,0
TX001998,AC00021,train,0.0013330045662022227,1,-0.05728567089072789,0,-1.9849473812416036,0,206.91977668459236,1,1.6858739404357614e-07,0,0.5194231591395939,1,7.548191789903653,0,13.036242184855979,1
TX000459,AC00021,train,-0.025693863440139852,0,-0.13715328230824309,0,-2.6380340586194855,0,-406.2551184685395,0,0.0,0,0.3873478605884609,1,4.572944208008707,0,-17.159121434131077,0
TX001776,AC00021,train,0.005745387872982621,1,-0.08748565214520698,0,-1.9780994218663963,0,-315.5889205227936,0,1.1920928955078125e-07,0,0.46628315689612376,1,5.782598822167035,0,9.273299095280418,0
TX002149,AC00021,train,-0.007535925100488505,0,-0.0813883702517737,0,-2.0158057011254265,0,-190.20000501593995,0,0.0,0,0.4693944888289627,1,5.476875327015477,0,-8.933645354155345,0
TX000078,AC00022,train,-0.11651598956595888,0,-0.2531517951042135,0,-1.105321179449584,0,-476.5934215189971,0,8.429369702178807e-08,0,0.03604843667785992,0,4.8368971535101135,0,-79.07562509174129,0
TX001771,AC00022,val,-0.08225586402223878,0,-0.2414816644466642,0,-0.8310674122360115,0,-456.1492016142652,0,0.0,0,0.12171151723879263,0,4.1935671155515495,0,-57.18847694179283,0
TX000584,AC00022,train,-0.02330198533304756,0,-0.1744163893923527,0,-1.1703240688591219,0,-282.74790461216566,0,2.384185791015625e-07,0,0.5254123632915874,1,7.110454780489583,0,9.96674381074983,0
TX001053,AC00022,train,-0.048275616194955795,0,-0.1985931342310554,0,-1.664925066733824,0,-455.0145382517238,0,0.0,0,0.32066297034666724,1,3.8281816062533576,0,-20.974259837814845,0
TX001358,AC00023,train,-0.09999035309467086,0,-0.25156943280094846,0,-1.7266774511472942,0,-471.3911350971474,0,0.0,0,0.23053275422860836,0,5.182423629623401,0,-78.68327296027485,0
TX000670,AC00023,train,-0.04974487567563973,0,-0.06449605694661331,0,-1.0979974154302905,0,-451.157186116052,0,0.0,0,0.5210267395776742,1,7.435543723544217,0,6.82502394475917,0
TX001959,AC00023,train,-0.12235192687851265,0,-0.2696499039317648,0,-2.19895114559281,0,-474.93503888490255,0,0.0,0,0.03665059250506581,0,2.8679333163141667,0,-25.762967256935664,0
TX001719,AC00023,train,-0.09762555450224897,0,-0.21395281090362328,0,-2.4460362286518524,0,-472.4568034909912,0,0.0,0,0.33793883047527357,1,4.217150269168645,0,-23.608147003461085,0
TX000271,AC00023,train,-0.10269725565596244,0,-0.2622028623267951,0,-2.266198945925206,0,-465.1180771088524,0,0.0,0,0.014743112489329909,0,3.1188236110744456,0,-27.85180221552017,0
TX000617,AC00023,train,-0.028369712164927008,0,-0.24318203896832347,0,-2.1551138208950107,0,-427.4654894401674,0,0.0,0,0.11347526799045449,0,3.4132165207153378,0,4.474361808917248,0
TX001471,AC00024,train,-0.03600408938161265,0,-0.2299390303261868,0,-0.19823749223895426,0,2620.800470859053,1,0.0,0,0.3774744822507216,1,6.889464974721952,0,-66.61672973087815,0
TX001041,AC00024,val,-0.028387773549518602,0,-0.20593191586352178,0,-0.4151213373675091,0,-431.4578133265749,0,3.371747880871523e-07,0,0.40523694001001564,1,15.931440247492892,1,-62.84769537416554,0
TX001308,AC00024,val,-0.05943129618056181,0,-0.1979290951984758,0,-2.088841495582429,0,-426.2575335156824,0,0.0,0,0.15947837175398843,0,4.464614163507486,0,-13.702141168498077,0
TX002214,AC00024,train,-0.060291334428520416,0,-0.1943029305355155,0,-2.0818843533002536,0,-376.71306442934934,0,0.0,0,0.3211262446318652,1,4.076257478941052,0,-15.095229817706073,0
TX001387,AC00024,train,-0.0899345457760401,0,-0.24727036924859425,0,-2.0575710964126515,0,-430.81798186154026,0,0.0,0,0.09050011056732578,0,3.4104291292619333,0,-25.90553243792745,0
TX001807,AC00025,train,-0.08748317119897292,0,-0.25466330811366333,0,-1.8599550487857126,0,101.5753093971212,1,5.960464477539063e-08,0,0.16196284277885856,0,4.225703978980002,0,-77.85071492305808,0
TX001064,AC00025,train,-0.012952285265587005,0,0.15799709567177023,1,0.28579371523057695,1,-419.1898550058351,0,1.6858739404357614e-07,0,0.6210451963438558,1,9.039926297739015,0,-44.46150901403868,0
TX000283,AC00026,train,-0.09036439536192747,0,-0.22279042034067165,0,-2.250965063260521,0,51.14645871740703,1,0.0,0,0.2521320590424833,0,4.114948898335586,0,-77.8125225541161,0
TX000638,AC00026,val,-0.089572072641604,0,-0.20186440292024588,0,-1.5607776240923013,0,-466.9553889211585,0,0.0,0,0.35765950405875935,1,5.5502714305671805,0,-57.59885312396053,0
TX000698,AC00026,train,-0.11943161912254874,0,-0.2698170301989684,0,-2.33711688681068,0,-473.7685550306216,0,0.0,0,0.03478652543507396,0,3.1445541739069482,0,-26.170419071220184,0
TX000240,AC00026,train,-0.09619412666474919,0,-0.25538983287249695,0,-2.025115099320381,0,-469.4185493429544,0,0.0,0,0.07211321181143494,0,2.865271766113036,0,-25.488727485518286,0
TX001513,AC00026,train,-0.04096977761399384,0,-0.16556921750302211,0,-1.5085723548930794,0,-431.1919643182564,0,0.0,0,0.3485855034535494,1,4.736927135026819,0,-12.46766437765837,0
TX001927,AC00026,train,-0.07825328996994263,0,-0.20663471850747372,0,-0.9358561301899933,0,-464.9575211089976,0,0.0,0,0.3216305501989775,1,4.096489355924866,0,-22.455934007213838,0
TX000791,AC00027,train,-0.10096612452556458,0,-0.21217831273581167,0,-2.0168763415801347,0,-471.6330002079389,0,0.0,0,0.23224844617025978,0,3.5764103367928115,0,-76.12829378756672,0
TX002377,AC00027,train,-0.07411105531504714,0,-0.1821249211890259,0,-2.292222552860089,0,-450.54261026129325,0,0.0,0,0.35374530084724226,1,3.8050318571971418,0,-42.95289991518828,0
TX001258,AC00027,train,-0.02570547276322721,0,0.07666852807760516,1,-0.2514064316630087,0,-447.7820046141939,0,0.0,0,0.5226783786233222,1,6.630723903513688,0,10.697189325834128,0
TX001438,AC00028,val,-0.10164357243388644,0,-0.23330867478072026,0,-1.1641742979448022,0,-475.69128073026974,0,0.0,0,0.06546171001714425,0,4.673676720064694,0,-79.38880869413711,0
TX001580,AC00028,train,-0.07368361328553169,0,-0.17910979589914233,0,-1.301826435514645,0,-457.1023182624389,0,0.0,0,0.44987080288395404,1,6.063973208378579,0,-61.52849324560333,0
TX002415,AC00028,train,-0.0017369892615297644,0,-0.07139514408697423,0,-0.4928697620160012,0,-368.1779309006087,0,0.0,0,0.5836972725093654,1,9.980102622542688,0,-14.78878879792376,0
TX001220,AC00029,train,-0.0884623235463699,0,-0.202451271213844,0,-1.4066899569442217,0,-470.67293683875533,0,0.0,0,0.215792488247621,0,4.581310558874705,0,-75.19103747390238,0
TX000350,AC00029,train,-0.11041679834340506,0,-0.2605431001510594,0,-1.1991082786937604,0,-472.99661786620305,0,5.960464477539063e-08,0,0.029157455205462396,0,3.7561908748220625,0,-64.91930864702746,0
TX001860,AC00029,train,-0.06833354347007586,0,-0.15430534113930494,0,-1.4804748485249561,0,-455.7459288775083,0,1.1920928955078125e-07,0,0.4167627300486663,1,4.7915929153766,0,-20.60725179124257,0
TX000411,AC00029,train,-0.021418577999681165,0,-0.19256425158248813,0,-1.7080872605381945,0,-406.8537632181762,0,0.0,0,0.411266903285203,1,6.512383623045109,0,4.424524355407154,0
TX000772,AC00029,train,-0.07732824661172782,0,-0.21948860960190486,0,-1.1309274039646038,0,-454.9259619251963,0,0.0,0,0.1384052638479435,0,4.0986615218068145,0,-19.423165546748816,0
TX002087,AC00029,val,0.02008705650641307,1,0.07135059482939266,1,2.9235792933140035,1,371.476289756113,1,7.73268421438541,0,0.735284572517303,1,11.078190907987604,1,83.1275990880603,1
TX001347,AC00030,train,-0.07280817843518989,0,-0.225552223888134,0,-1.3811584822284573,0,778.8077334886661,1,0.0,0,0.25812251292613037,0,6.7162216874945955,0,-74.20893344471565,0
TX001474,AC00030,train,-0.1022120561209463,0,-0.2081683419388367,0,-2.5609115470460715,0,-468.4895211760903,0,0.0,0,0.3695749743804173,1,5.089030692554712,0,-63.55887986577537,0
TX001920,AC00030,train,-0.09651139489715671,0,-0.23458140256114968,0,-2.618213867594722,0,-468.83602553901227,0,0.0,0,0.16099445889164946,0,4.000420251845531,0,-16.436229793634904,0
TX002498,AC00030,train,-0.025440850668496162,0,-0.11776778159184409,0,-2.1305540161008363,0,-410.43657651480623,0,0.0,0,0.40607702491125386,1,4.042924055594536,0,11.649213787428504,0
TX001785,AC00030,train,-0.09409079992498415,0,-0.24862615222239415,0,-2.744561347519582,0,-459.3583245701619,0,0.0,0,0.13258225218673386,0,2.9607186827703345,0,-25.037871930312694,0
TX000702,AC00030,val,-0.10279371951272032,0,-0.26585537917676627,0,-2.7733427464408216,0,-461.70571240894606,0,0.0,0,0.058127685744480816,0,2.620534570407588,0,-27.327021617736516,0
TX000781,AC00030,train,-0.06067586827296928,0,-0.15900601711193274,0,-1.8521386297752045,0,-371.02072644698484,0,0.0,0,0.37126760188403435,1,4.618911235019024,0,-18.905163972294662,0
TX001616,AC00030,train,-0.05516328929573122,0,-0.1585285457495209,0,-2.256243251146806,0,-431.0454997045503,0,1.1920928955078125e-07,0,0.35465767205662563,1,3.8518150396263633,0,4.328193777358802,0
TX000560,AC00030,train,-0.031521531408236214,0,-0.14279554371866277,0,-2.0980760248646195,0,-389.50883786905285,0,8.429369702178807e-08,0,0.4257696373168246,1,4.774730949547441,0,-13.317642643343593,0
TX002368,AC00032,train,-0.09833103317493169,0,-0.22228633494977124,0,-1.8958405822384083,0,-473.34228657949814,0,0.0,0,0.24330595758621473,0,3.921124235253228,0,-77.82004411788866,0
TX001137,AC00032,val,-0.0522348322480759,0,-0.0757502973165558,0,-1.5279320541905257,0,-428.4513058456782,0,0.0,0,0.4825924417912562,1,5.990449635001366,0,4.1715168196880335,0
TX002044,AC00032,train,-0.08282962760745444,0,-0.16522652330263354,0,-1.8470750038857133,0,-456.8688586567388,0,8.429369702178807e-08,0,0.3852406957440363,1,4.083917044046057,0,-14.093940656400873,0
TX000754,AC00032,val,-0.05508497909634974,0,-0.10256241696494528,0,-2.453269856013465,0,-427.730044770707,0,0.0,0,0.5757426297384068,1,8.288821969908668,0,29.649364958040785,1
TX001034,AC00032,train,-0.044384106090649966,0,-0.11480849865727993,0,-1.5155759169428666,0,-433.81932406151014,0,0.0,0,0.4210658693667324,1,4.945028905586503,0,-17.353260182212093,0
TX001311,AC00032,train,-0.06887485343709931,0,-0.14612479940095446,0,-2.0512023571012747,0,-418.03344439253834,0,0.0,0,0.41006053674919013,1,4.822647908888218,0,-11.689972432884352,0
TX000643,AC00032,val,-0.06459325178787534,0,-0.2196872153006355,0,-2.4218358039721295,0,-281.6509525551096,0,0.0,0,0.18109538446099907,0,3.798640184987579,0,-12.967595221992488,0
TX002427,AC00032,train,0.014392317207864713,1,-0.15462349450353963,0,-1.634142774196354,0,-363.65104139179505,0,8.429369702178807e-08,0,0.42593391663492536,1,5.281962189849014,0,-9.859740813959508,0
TX001161,AC00032,val,-0.057636333699850495,0,-0.20175300114409356,0,-1.9905687904336578,0,-401.0589385543333,0,0.0,0,0.351583624669861,1,4.236588468887875,0,-22.447541497611173,0
TX000532,AC00033,train,-0.11303977856208486,0,-0.25205105606021816,0,-0.8092670009984193,0,-476.52859790578344,0,0.0,0,0.0,0,5.52618322422022,0,-81.0955083165384,0
TX002072,AC00033,train,-0.08571105079454355,0,-0.20583000070070967,0,-1.1207443816342657,0,-463.1401631757176,0,0.0,0,0.1731008297031054,0,4.744213461599461,0,-59.664688177218494,0
TX002247,AC00033,val,-0.10529213890603434,0,-0.23943092890039508,0,-1.0017822465328443,0,-471.72182765220145,0,0.0,0,0.13195691691163133,0,4.070077641153969,0,-18.828343645890964,0
TX000978,AC00033,val,-0.06513931810559032,0,-0.14019679197801516,0,-2.3171755225784985,0,-392.86476165084355,0,0.0,0,0.5693837152202386,1,3.78557115637542,0,5.927688725976987,0
TX002436,AC00033,train,-0.053841120170739554,0,-0.14852349991019187,0,-2.008212252183954,0,-463.4251190246415,0,0.0,0,0.3889287733540837,1,5.162922853008781,0,-23.66733778809243,0
TX000286,AC00033,train,-0.11852514811935172,0,-0.27206158868681163,0,-1.372656875799878,0,-459.198308072823,0,0.0,0,0.040773709107883985,0,3.39343347895673,0,-24.568730893667404,0
TX000348,AC00034,train,-0.1017882292268566,0,-0.21188194965791562,0,-2.0473074840997594,0,-470.5610811155035,0,0.0,0,0.24645021044836618,0,3.890538882222166,0,-73.16911038202483,0
TX001916,AC00034,train,-0.10069903442679262,0,-0.23683807219344266,0,-2.0504057121018864,0,-473.6679397414041,0,0.0,0,0.1785641300313737,0,3.7486344834857284,0,-63.15691048869414,0
TX002061,AC00034,train,-0.10785733315036522,0,-0.25863867889815284,0,-2.0588309734085097,0,-467.1003922920346,0,8.429369702178807e-08,0,0.03685243591315261,0,3.1806613732533204,0,-21.23061642163467,0
TX000675,AC00034,train,-0.05800728288786633,0,-0.22344004314456245,0,-1.9275609494905481,0,-450.4141731237767,0,0.0,0,0.3602066901588835,1,6.964699258318618,0,-15.645758249779337,0
TX000176,AC00035,train,-0.0828998182532164,0,-0.13237844887206296,0,-0.7584425262573085,0,-467.5630683540326,0,0.0,0,0.30901753102021784,0,5.4742748882611245,0,-74.7916408995395,0
TX000716,AC00035,train,-0.06908090713458681,0,-0.22752507474658756,0,-1.074242921309697,0,-449.59136966116426,0,0.0,0,0.1491174719307127,0,4.384082249542151,0,-53.7411312442414,0
TX001840,AC00035,val,0.02552649206568436,1,-0.030397658992565857,0,0.240346001164907,1,-32.89920897361611,0,0.0,0,0.6006783382581616,1,8.788674768669235,0,33.736291562654145,1
TX002267,AC00035,train,-0.05503431707105905,0,-0.1683828125241411,0,-1.1299653273141956,0,-433.09397235213686,0,0.0,0,0.36156517046359027,1,5.0450409709906685,0,-19.068807504584374,0
TX000300,AC00035,train,-0.0862876413283919,0,-0.22454961621099567,0,-1.6964228731477693,0,-453.53385829615144,0,0.0,0,0.18081947960540362,0,3.819470249477902,0,-23.96343071724127,0
TX000878,AC00035,train,-0.04839607061871437,0,-0.24154814149441495,0,-1.7305810429747517,0,-416.3498610214074,0,5.960464477539063e-08,0,0.11479724524492263,0,3.6751229535285366,0,-19.66688707432272,0
TX000989,AC00035,train,-0.05452246872867361,0,-0.19306892868942938,0,-1.7411517097833702,0,-242.93596030923283,0,0.0,0,0.34524339301075674,1,4.46844065240774,0,-8.299544441635875,0
TX001590,AC00035,train,-0.04202200866207478,0,-0.20424018319582116,0,-1.067234197383776,0,-414.11002470941503,0,0.0,0,0.32046529512064387,1,4.292163192250812,0,-19.7031669674062,0
TX001296,AC00035,val,-0.04518113144534103,0,-0.22154473351103632,0,-1.1314306151823192,0,-397.21610337079045,0,0.0,0,0.19208757625908546,0,4.0386572471750055,0,-17.31990919149361,0
TX000470,AC00036,train,-0.0930806425347116,0,-0.26753101990956896,0,-1.1112195918798253,0,-434.4213924778391,0,8.429369702178807e-08,0,0.0,0,4.942310677228463,0,-76.18222012076481,0
TX001316,AC00036,val,-0.046622555768631224,0,-0.12022457389328056,0,-0.9136311827349708,0,-343.2677203042617,0,0.0,0,0.5601923378644115,1,6.325109534884206,0,-58.80478455088187,0
TX002237,AC00036,train,-0.07552339535514135,0,-0.24032088851697675,0,-2.3011430908341577,0,-457.95549264814696,0,0.0,0,0.08743272113916281,0,3.6815966008585725,0,-24.411479436335366,0
TX001814,AC00036,train,-0.06443040388806465,0,-0.2263255753214528,0,-1.1347120764723542,0,-445.14861952361866,0,0.0,0,0.17479575694469485,0,4.167755727026238,0,-20.675739096092062,0
TX000181,AC00036,val,-0.04965818562965396,0,-0.13611095520674232,0,-1.769852570686533,0,-434.4235538487485,0,0.0,0,0.4089654718964226,1,5.779418066455347,0,-15.324298117380286,0
TX000766,AC00037,train,-0.09477589511229734,0,-0.10122197418208545,0,-0.9937678966418488,0,-456.8930867618813,0,0.0,0,0.3153643688027704,0,5.11315510432358,0,-67.8019911917701,0
TX002139,AC00037,train,-0.07258582965310378,0,-0.11208561914860105,0,-1.1627228786925254,0,-444.4123752626698,0,0.0,0,0.4232881558111875,1,5.261457029159393,0,-48.930015186649555,0
TX002301,AC00038,train,-0.11105170790360691,0,-0.1971509751335685,0,-2.1228851525437413,0,-463.16046116174675,0,0.0,0,0.2505682570100134,0,4.146534164539159,0,-72.9284974812517,0
TX002125,AC00039,train,0.014996415387826811,1,-0.008971869780770358,0,-0.0001642527751464229,0,2155.251599269832,1,0.0,0,0.6218782507074005,1,9.870058508100755,0,-54.78560551930949,0
TX000597,AC00039,train,-0.016658141624489253,0,-0.1888995038260466,0,-1.6962618541782604e-05,0,-433.51384677050083,0,0.0,0,0.5308719190995866,1,13.781970316944179,1,-58.85572847468415,0
TX000496,AC00039,train,-0.07512863988780155,0,-0.22935647081114152,0,-2.2926042653528373,0,-419.350768951934,0,1.6858739404357614e-07,0,0.4622426769931212,1,8.683469065607428,0,-10.821237948937577,0
TX000996,AC00039,train,-0.07407516844523293,0,-0.22445459723381478,0,-2.0420335659137745,0,-434.7672520043637,0,8.429369702178807e-08,0,0.20075779705846572,0,4.684830138121454,0,-21.658848813935382,0
TX000397,AC00039,train,-0.08379718354981658,0,-0.23972486199484755,0,-2.5304336074090674,0,-449.89654101866677,0,0.0,0,0.1394108834159444,0,3.587660800344388,0,-24.617520550228537,0
TX000824,AC00039,val,-0.03637612068492041,0,-0.1855747812341293,0,-1.3718738323825974,0,-438.6968473154113,0,0.0,0,0.3193016119348976,1,4.758231449872423,0,-20.07451402097954,0
TX000594,AC00039,train,-0.01499750512840814,0,-0.034016336879102216,0,-1.3661017816438576,0,-389.31603706244977,0,0.0,0,0.5035356976350078,1,5.540405032343872,0,13.993410589579593,1
TX002231,AC00040,val,-0.10707608586322553,0,-0.21730349922457215,0,-1.4921724827070175,0,-463.6863729609268,0,0.0,0,0.17491697111719928,0,4.041821424786529,0,-72.79736438114176,0
TX000351,AC00040,val,-0.11484561121748893,0,-0.2206811655691825,0,-2.262108914296215,0,-472.1759226931123,0,5.960464477539063e-08,0,0.19450805512073402,0,3.9336326809108044,0,-62.68929689921535,0
TX001145,AC00040,val,-0.08564150293669653,0,-0.19007716700172472,0,-0.8093463106019438,0,-391.4461582239818,0,0.0,0,0.5649451271694033,1,9.60057351808331,0,-1.7225105896092945,0
TX000441,AC00040,train,-0.014632776403522452,0,0.005014671703631013,1,-1.4082125524492248,0,325.73970546693505,1,1.6858739404357614e-07,0,0.6152153094280728,1,5.693297986304364,0,10.975495905611648,0
TX001517,AC00040,train,-0.032798144149475184,0,-0.22471694663193076,0,-1.3354614097541617,0,-322.93241007907216,0,0.0,0,0.5205763910556932,1,10.856471337366834,1,-9.01672418853437,0
TX002049,AC00041,train,-0.10049121856135795,0,-0.26749618394838226,0,-0.850866079586023,0,-474.11826774351266,0,1.1920928955078125e-07,0,0.08436287704449104,0,5.401148452611069,0,-78.460426169714,0
TX001397,AC00041,train,-0.09349080146738376,0,-0.22670925711911516,0,-0.9673568550624267,0,-466.97315479830195,0,0.0,0,0.1943330483712327,0,4.388958656555545,0,-61.454380185060685,0
TX000549,AC00041,train,-0.06741586979649389,0,-0.07933340885420104,0,-0.8652282551356496,0,-416.7234618736241,0,0.0,0,0.5444722387961872,1,8.700025265743424,0,-9.229181017123794,0
TX001066,AC00041,val,-0.082050344229947,0,-0.233133474454142,0,-1.602809908351821,0,-458.585192660169,0,0.0,0,0.18877930977684418,0,4.835084023794273,0,-15.944860929728552,0
TX000026,AC00041,train,-0.03961473415888361,0,-0.1546769815968725,0,-0.7402325318466758,0,-443.9825916787848,0,0.0,0,0.39170394239487294,1,5.1399535944501595,0,-17.432932791758734,0
TX001638,AC00041,train,-0.07225830410318418,0,-0.21836444899344576,0,-2.2325408209069284,0,-464.6593548375226,0,8.429369702178807e-08,0,0.33387766999818624,1,5.698464291513385,0,-21.942369205660565,0
TX000253,AC00041,train,-0.07062664217617415,0,-0.24493717867066134,0,-2.1680418659934677,0,-466.275094722816,0,8.429369702178807e-08,0,0.1470543564925119,0,4.390605544920772,0,-26.297477328108236,0
TX002320,AC00042,train,-0.09599605463313299,0,-0.25626089706907573,0,-1.2698074881163315,0,-476.77016571278904,0,0.0,0,0.05208632324276598,0,4.391197144413004,0,-79.18785589115163,0
TX002217,AC00042,train,-0.09685285334699284,0,-0.2173085089019089,0,-1.508305941684963,0,-468.83770161563456,0,8.429369702178807e-08,0,0.1652142101546975,0,4.022039158723411,0,-62.0256767089966,0
TX001480,AC00042,train,-0.10420605559674301,0,-0.22969627328572417,0,-2.5683680724562894,0,-471.7969573038051,0,8.429369702178807e-08,0,0.3348189322911741,1,6.095275485825908,0,4.294700706524164,0
TX002478,AC00042,train,-0.1087611656310476,0,-0.2653394604406567,0,-2.6501773774478146,0,-474.93551544807144,0,5.960464477539063e-08,0,0.057530820005547524,0,3.0146344707422212,0,-26.06299354022634,0
TX001376,AC00042,train,-0.041423691471149326,0,-0.136366925522023,0,-2.4011825338031265,0,-456.50203537407583,0,0.0,0,0.3896361298375669,1,4.340796892255445,0,-21.312665178107782,0
TX000524,AC00043,train,-0.11258136364541549,0,-0.25645712286124633,0,-2.1497373998470835,0,-482.1351720648709,0,0.0,0,0.040157085661658265,0,3.6775510127218825,0,-82.17220824787927,0
TX002456,AC00043,train,-0.049865307360313804,0,-0.18822343055017243,0,-1.8405160297880663,0,-371.99484724168036,0,0.0,0,0.4547404911587975,1,6.809617408995199,0,6.636169381482485,0
TX002117,AC00043,val,-0.08539266459264933,0,-0.18189691471351166,0,-2.9522884801983533,0,-467.0008531969382,0,0.0,0,0.3601583293491605,1,4.547032488243883,0,-22.91897122764679,0
TX000727,AC00043,train,-0.07160449092190857,0,-0.20696588485622258,0,-2.603483654462142,0,-450.546066557421,0,8.429369702178807e-08,0,0.33377121224726186,1,4.658251722695347,0,-17.432607039810158,0
TX001172,AC00044,val,-0.09396819775603071,0,-0.16366493370894397,0,-1.8960127568369902,0,-453.72105881345027,0,8.429369702178807e-08,0,0.36283537562991197,1,5.976884856699952,0,-68.06059505885123,0
TX001073,AC00045,train,-0.034630985962063154,0,-0.13631575427404563,0,-0.4935909190485006,0,-402.78488197495284,0,0.0,0,0.5454328619507076,1,9.782797007513917,0,-72.77526613507992,0
TX000736,AC00045,val,0.013540975633859587,1,-0.010118818073024283,0,0.8325555457209504,1,-378.87281717617094,0,3.371747880871523e-07,0,0.5354626962642006,1,19.43307907615966,1,-49.79312603781655,0
TX000752,AC00045,train,-0.0037605654570975755,0,-0.155571666578046,0,-2.0100497669532995,0,-412.80268731014905,0,0.0,0,0.45891276338185905,1,6.170596079930177,0,-13.470129907482505,0
TX000904,AC00045,train,-0.03436684838191595,0,-0.13935146097340478,0,-1.430785717476141,0,-414.701473525686,0,0.0,0,0.37268965140539656,1,4.822418707306631,0,-13.18621957445308,0
TX000546,AC00045,train,-0.05678644380934894,0,-0.19771988662304252,0,-2.363524716899791,0,-232.11262661719104,0,0.0,0,0.40997648749316584,1,5.123851588934558,0,-7.437905119281826,0
TX000734,AC00046,val,-0.10373430100044151,0,-0.23464921294243601,0,-1.1633879934676195,0,-476.87720574020585,0,0.0,0,0.07867765142598851,0,4.906249011271671,0,-80.1741047176457,0
TX002418,AC00046,train,-0.05036930874048795,0,-0.08056771452728606,0,0.14118548862079194,1,-438.3685061210658,0,1.6858739404357614e-07,0,0.4647432508457948,1,6.781419204487645,0,-54.108008394732366,0
TX002437,AC00046,val,-0.014223012778305621,0,-0.11184070960697734,0,-0.927626777642903,0,-174.5205368859382,0,2.384185791015625e-07,0,0.626196880311893,1,8.431788181997382,0,19.847077621887177,1
TX000194,AC00047,val,-0.06749916381957288,0,-0.14269253862010056,0,-1.3289706902437786,0,-45.21863460026526,0,0.0,0,0.4018587110277377,1,7.746134429733965,0,-72.94743716532582,0
TX000224,AC00047,train,-0.01019663468807952,0,-0.07410478552443323,0,-2.0208365629401612,0,-426.82447043270423,0,0.0,0,0.495935221468225,1,6.38507858284103,0,13.926501211749137,1
TX001879,AC00047,train,-0.06305484189725674,0,-0.1908251070469269,0,-2.959480035935739,0,-460.1645014356661,0,8.429369702178807e-08,0,0.35991029779481687,1,4.90164113285355,0,-18.705861774617343,0
TX002505,AC00047,train,-0.07421814837821161,0,-0.1935562291879307,0,-2.800164095576937,0,-468.20602403955763,0,0.0,0,0.34936341317410513,1,4.374527700136223,0,-24.363680094366625,0
TX002063,AC00048,train,-0.09035274406482369,0,-0.17347347842550742,0,-2.03684613272722,0,-456.8388252214688,0,0.0,0,0.3514299143468509,1,6.107519115810537,0,-78.63225071236283,0
TX001707,AC00048,train,-0.031568047471094984,0,-0.13190039106173312,0,0.3021045008400254,1,-271.15426378548676,0,0.0,0,0.5994594221630002,1,13.003418847898407,1,-53.775440370468466,0
TX002336,AC00048,val,0.0076517667742616036,1,-0.11188888061879543,0,-0.8192222423211728,0,-400.61034134718324,0,0.0,0,0.48697172990332566,1,7.87044363543002,0,-13.169278480099397,0
TX000669,AC00049,val,-0.0440170743124898,0,-0.005401142855851138,0,-1.5683830581464235,0,-445.849747110847,0,1.1920928955078125e-07,0,0.4730602380826361,1,6.835863693177319,0,-63.009952012608984,0
TX000326,AC00049,train,-0.0718147444875521,0,-0.02002242529846443,0,-1.9008623811404366,0,-437.962032827941,0,0.0,0,0.495881506224841,1,6.146252440271558,0,-56.66701881258134,0
TX000817,AC00050,train,-0.10496884862514516,0,-0.22255397910097385,0,-0.6718647817188774,0,-470.14388296097735,0,0.0,0,0.1113744537798102,0,5.832119105847999,0,-77.62104906954895,0
TX000932,AC00050,train,-0.06084856973371999,0,-0.19565695385928872,0,-0.8650531622367996,0,-443.0945244282743,0,0.0,0,0.35343753136949313,1,4.897373272506359,0,-55.79774178810782,0
TX001758,AC00050,val,-0.021483661248446362,0,0.1724328776125601,1,-0.38339178069935187,0,-210.20233894315743,0,0.0,0,0.6902537932024336,1,8.081361888548704,0,30.013874192634088,1
TX002291,AC00050,val,-0.031737569956774125,0,-0.23201541568321593,0,-2.327486089646804,0,-442.93165307673564,0,8.429369702178807e-08,0,0.120632141862963,0,4.3403129551583435,0,-16.489051402675987,0
TX001686,AC00050,train,-0.06716395988365442,0,-0.1924579086449456,0,-2.6150123652941932,0,-461.62042040414775,0,8.429369702178807e-08,0,0.4087572771155598,1,5.184614282562502,0,-18.811099187426013,0
TX001935,AC00051,val,-0.10003754379507174,0,-0.21653682336945335,0,-2.028374445941683,0,-470.478195902528,0,0.0,0,0.23532869358754463,0,3.89700109726441,0,-76.06472846399373,0
TX000595,AC00051,train,-0.06289308391217147,0,-0.08960954282430089,0,-2.156383559659986,0,-450.40713895784415,0,8.429369702178807e-08,0,0.45902383538875197,1,4.874204363730973,0,5.426514855629765,0
TX001333,AC00051,train,-0.07404467650142127,0,-0.1119663901319159,0,-1.8259834701982935,0,-434.761649507419,0,1.1920928955078125e-07,0,0.4977979608486027,1,6.660054666068401,0,-10.185195173207179,0
TX002486,AC00051,train,-0.08385578806870492,0,-0.11872557143869122,0,-1.7727701455021112,0,-460.1306408764224,0,0.0,0,0.388552678909245,1,4.141834077763732,0,-13.519320100051733,0
TX001148,AC00052,train,-0.08024335391153148,0,-0.12784873403050034,0,-1.4068963392557965,0,-457.64858909582904,0,8.429369702178807e-08,0,0.3703179667768444,1,5.479747049090604,0,-69.24879036989331,0
TX000505,AC00052,val,-0.04269153055553143,0,-0.07711649950193888,0,-0.7293994281799812,0,-436.39755771827134,0,0.0,0,0.5008487263830264,1,9.047450594128259,0,-55.644561295406874,0
TX001054,AC00052,train,-0.07575643042682251,0,-0.24192660446705805,0,-0.8717606624030481,0,-459.35109659436404,0,0.0,0,0.15920598887705428,0,4.014428959562309,0,-22.684279504770462,0
TX001241,AC00053,val,-0.1274274297611916,0,-0.24639311034352374,0,-1.5366292971008484,0,-474.5543423356476,0,0.0,0,0.12083069633112395,0,4.1953538962961625,0,-77.61669488658663,0
TX000072,AC00053,train,-0.0976572468727896,0,-0.22059944445929558,0,-1.3970893858451134,0,-468.09907916793486,0,0.0,0,0.19864910394391383,0,4.043443031836898,0,-60.32894820171458,0
TX001236,AC00053,train,-0.04273287547997179,0,-0.20523869351233381,0,-0.8104857393883336,0,-435.04432173609194,0,0.0,0,0.32276172616735493,1,4.354335451486163,0,11.846125295303274,0
TX001743,AC00053,train,-0.07584589722346985,0,-0.21059038201772662,0,-1.5361130596236272,0,-459.2564580082751,0,0.0,0,0.3240646133715088,1,4.760368889956392,0,-20.460629518122804,0
TX000129,AC00053,train,-0.09364280041167766,0,-0.2490012639158592,0,-1.3958811606107062,0,-472.7222023126656,0,0.0,0,0.10834386427105473,0,3.8901645031698546,0,-25.001369440412734,0
TX000807,AC00053,train,-0.03983779689435135,0,-0.22501636247780366,0,-0.99074816026687,0,-434.35823765478415,0,0.0,0,0.1915879806249153,0,4.196466584480207,0,-15.411823218726271,0
TX000406,AC00053,train,-0.04916400376432051,0,-0.19894923660173514,0,-1.4139339038988954,0,-450.2438694549166,0,8.429369702178807e-08,0,0.19935467077235305,0,4.7848415070448915,0,-17.62115483420349,0
TX000659,AC00054,train,-0.11946147828791409,0,-0.2731345981728357,0,-1.4535378373261203,0,-475.342987506176,0,0.0,0,0.0407013676267174,0,4.433948066276496,0,-78.4043918350224,0
TX001548,AC00054,train,-0.10371672127737641,0,-0.244912629154578,0,-1.7115250128978854,0,-472.38272184611833,0,0.0,0,0.09374152705626458,0,3.968629820798341,0,-62.03189658759001,0
TX001813,AC00054,train,-0.07847717308977026,0,-0.22217009302805657,0,-1.0338594309765572,0,-461.54912636287736,0,0.0,0,0.1900661801712625,0,4.187013437743374,0,-12.536773820469703,0
TX000478,AC00054,train,-0.06644237408067216,0,-0.15870142928584996,0,-0.7747033070163383,0,-461.8511725403279,0,0.0,0,0.3712905620554272,1,4.4902240288267965,0,-14.020182275183235,0
TX002292,AC00054,train,-0.06374409683511689,0,-0.20034931154062763,0,-1.064401100664579,0,-460.0305966469701,0,8.429369702178807e-08,0,0.3366019720369489,1,4.7420679433899835,0,-19.805058124993526,0
TX002080,AC00054,train,5.829273213109332e-05,1,-0.1922939902033669,0,-1.4526620754182282,0,-339.6054983652107,0,1.6858739404357614e-07,0,0.5150025894461518,1,5.574740765655179,0,9.804535811702213,0
TX000859,AC00054,train,-0.08813704683658508,0,-0.2203476260626267,0,-1.9069794973193464,0,-411.0485249071588,0,0.0,0,0.19967991710492716,0,4.179740444667911,0,-20.273252218377902,0
TX002470,AC00054,train,0.0004468839425144644,1,-0.08339576498816603,0,-1.1471924460597656,0,-346.1137071255108,0,0.0,0,0.4447627615789839,1,5.310007667321831,0,16.98573093964728,1
TX002103,AC00054,train,-0.016529465231907126,0,-0.044843707920346976,0,-0.9184126247625688,0,-319.52375787685605,0,0.0,0,0.4200048373560892,1,4.668394956108139,0,20.113425694060947,1
TX002137,AC00055,train,-0.10977902415944246,0,-0.2550887876842627,0,-2.4171582108755736,0,-477.4578406757903,0,0.0,0,0.05261732665933554,0,3.63678729650691,0,-80.19924244628902,0
TX000054,AC00055,train,-0.10225400139269575,0,-0.20066128981133402,0,-2.1996232204555177,0,-465.1062639298668,0,0.0,0,0.37622743158622396,1,5.413858717709211,0,-62.866316253597546,0
TX000276,AC00055,val,-0.102622866397858,0,-0.24239535695998748,0,-3.0067498035024567,0,-475.0972249367649,0,0.0,0,0.15298533588350613,0,3.634701333061553,0,-26.423933610477174,0
TX000229,AC00055,train,-0.07550521958899503,0,-0.23613031665610684,0,-1.809773055754368,0,-454.48055009122766,0,0.0,0,0.18269535734599562,0,3.4471442342302847,0,-18.98501870506499,0
TX000339,AC00055,train,-0.0551588971338321,0,-0.15608024510913232,0,-0.48724086571710146,0,-451.4873662768552,0,0.0,0,0.3768555137343448,1,4.526583964373496,0,-17.47569900324424,0
TX000647,AC00056,val,-0.07257132113839021,0,-0.2357782302413074,0,-0.8199191402987509,0,-428.67904794835107,0,0.0,0,0.15440993283226037,0,5.40915061400532,0,-71.3391390382432,0
TX001417,AC00056,train,-0.07918655666208801,0,-0.26163573502015014,0,-1.251857711144222,0,-455.041257243649,0,0.0,0,0.0843753116315249,0,4.0227235900265885,0,-59.549925114457764,0
TX002258,AC00056,train,-0.0900457240151375,0,-0.25059134914212755,0,-1.0797479857728458,0,-468.94628463777906,0,8.429369702178807e-08,0,0.12749958811685758,0,4.500026217217864,0,-23.65671316255383,0
TX001611,AC00056,train,-0.07234240877992498,0,-0.22239850352574186,0,-1.515940285591201,0,-413.0154868694649,0,0.0,0,0.1981165126277068,0,4.692745923391016,0,7.013423616835876,0
TX002204,AC00056,train,-0.08537815075252819,0,-0.22603900896439488,0,-1.5300612496937056,0,-473.3373221816426,0,8.429369702178807e-08,0,0.0451092121865083,0,4.453974876775978,0,-26.488817168922782,0
TX002269,AC00056,train,-0.05671074240074836,0,-0.2293882946092476,0,-1.1931658489024954,0,-449.28417075532286,0,8.429369702178807e-08,0,0.14196651295771573,0,4.131637357520936,0,-20.46324024392015,0
TX001564,AC00057,train,-0.06769479468354561,0,-0.21221889984390874,0,-1.3688234185495496,0,1176.7611437525197,1,0.0,0,0.3535926860347968,1,6.863027728391667,0,-74.88999806261566,0
TX002493,AC00057,val,-0.01980365957348168,0,-0.12080391505599208,0,-1.0004618613652756,0,-381.62400683336585,0,1.6858739404357614e-07,0,0.48723256480381416,1,8.693419435463,0,29.363430480252855,1
TX000028,AC00057,train,-0.09490540689879168,0,-0.2514148637772323,0,-2.56031666513881,0,-466.6095118996576,0,0.0,0,0.03414926603364579,0,3.640982217482476,0,-21.800111119759645,0
TX000592,AC00057,train,-0.08621289709128915,0,-0.1931666577157185,0,-2.032073001713993,0,-461.51612757221733,0,0.0,0,0.3350200394696263,1,3.6399018233006863,0,-23.731036516023256,0
TX001106,AC00057,train,-0.08955887137409607,0,-0.2214759229279093,0,-1.7380773095455009,0,-444.1748961148015,0,0.0,0,0.1314881232265476,0,3.7711480196074305,0,-22.6969154167401,0
TX000640,AC00058,train,-0.09625021220819341,0,-0.16334562595378732,0,-2.191897736886613,0,-450.688488729951,0,1.1920928955078125e-07,0,0.3894652554015255,1,6.086088321611174,0,-72.36761119690475,0
TX002106,AC00058,train,-0.10222322696165881,0,-0.24788533080741515,0,-1.1637000506815802,0,-465.01398495104314,0,0.0,0,0.3330190885918507,1,6.19875219522191,0,-60.52860315287384,0
TX002477,AC00058,train,-0.08803863590115663,0,-0.20552853801028093,0,-2.3593283015602147,0,-462.7207844116746,0,0.0,0,0.1993735763585113,0,4.147235603095102,0,-20.288898166555587,0
TX000876,AC00058,val,-0.1003583165540447,0,-0.25449335880370494,0,-2.840509846727473,0,-461.96964666792996,0,0.0,0,0.05125456559111769,0,4.214887326118079,0,-25.142952485300366,0
TX001603,AC00058,train,-0.0737185857608369,0,-0.25177617732422675,0,-2.0256938916647016,0,-446.7010287701407,0,0.0,0,0.1320957235358272,0,3.3332088751819158,0,-20.492292992979717,0
TX002476,AC00058,val,-0.07832817389433167,0,-0.18186224473856383,0,-1.8014674350869928,0,-439.21937274460697,0,0.0,0,0.33476063754964624,1,4.360123808214526,0,-20.095658140333914,0
TX002075,AC00058,train,-0.10031015949240485,0,-0.23742145982605822,0,-1.676308285812489,0,-458.31292518223233,0,5.960464477539063e-08,0,0.11751174341673014,0,3.6056160578608543,0,-23.173634347066976,0
TX001431,AC00059,train,-0.10499525575620117,0,-0.21625627686827342,0,-2.0553353803182457,0,-466.4661734025949,0,0.0,0,0.252597983576308,0,4.205120134122463,0,-74.72908921893722,0
TX001828,AC00059,train,-0.08860816904806207,0,-0.20054553034130662,0,-2.2221935242631297,0,-471.29473646074473,0,0.0,0,0.3581744617518131,1,5.544533212354404,0,-64.2835286545266,0
TX001577,AC00059,train,-0.10099354024506091,0,-0.199395150107333,0,-1.5793886291372097,0,-463.5241690556711,0,8.429369702178807e-08,0,0.1976751255969988,0,3.9487554995397147,0,-21.481832826578252,0
TX002193,AC00059,train,-0.05531450519533404,0,-0.25319184997406374,0,-1.607378809633559,0,-443.5075743562594,0,0.0,0,0.10553000237617623,0,3.511198873182926,0,-18.53433639653301,0
TX001186,AC00060,train,-0.10508734598783498,0,-0.2121232274406808,0,-1.1999538429145762,0,-429.41710608567604,0,0.0,0,0.22169890449580715,0,4.963777612634436,0,-73.15575873760787,0
TX001485,AC00060,train,-0.052592590135991324,0,-0.1686206010977116,0,-1.5755229663148569,0,-426.8470615859978,0,0.0,0,0.478109980871757,1,4.4814161271795205,0,-57.65190361569311,0
TX000033,AC00060,train,-0.07398021299823754,0,-0.21218157917363833,0,-2.6647949298644207,0,-445.1431365787996,0,0.0,0,0.3543924845587094,1,3.5628369980964147,0,2.56980038495335,0
TX001299,AC00060,train,-0.0807042615779418,0,-0.19677816950758387,0,-3.5895014712682496,0,-461.3556628820313,0,0.0,0,0.36970554096341035,1,4.58764121686637,0,-23.64214472799927,0
TX001115,AC00061,train,-0.11296102033177119,0,-0.26342628042204896,0,-2.3861529391985723,0,-481.51268165497174,0,0.0,0,0.0,0,3.8686597575712955,0,-82.11004476679642,0
TX001447,AC00061,train,-0.10308323442136264,0,-0.23363363928063352,0,-2.0113102169614923,0,-467.02302128873987,0,0.0,0,0.3310184454959823,1,4.942505984030748,0,-57.90637225030551,0
TX001110,AC00061,train,-0.10550455651754365,0,-0.2673889421712501,0,-2.761828888175934,0,-477.38845755407675,0,0.0,0,0.044955986585786284,0,3.039667124533881,0,-27.29253514147967,0
TX000775,AC00061,train,-0.0979660889108297,0,-0.26341331032602544,0,-2.4008783343440783,0,-474.9685020602065,0,0.0,0,0.06369955988325247,0,3.077027900726731,0,-27.634747648638115,0
TX000923,AC00061,train,-0.08529056998335344,0,-0.2120597286784338,0,-1.5442377370566298,0,-459.5756524593897,0,0.0,0,0.16124199041952952,0,4.348623344634337,0,-24.06170084709085,0
TX001926,AC00062,train,-0.08902556509252657,0,-0.08273920333936147,0,-1.4780034320072915,0,-458.31597296242546,0,0.0,0,0.4170123998923343,1,5.693613389935955,0,-76.83101289403129,0
TX001003,AC00062,train,-0.06973821372053357,0,-0.21718177891743418,0,-1.3394086326781345,0,-455.8585302828623,0,0.0,0,0.41528014116138,1,5.652135886369822,0,-59.02640062190272,0
TX000164,AC00062,val,-0.10514181402476613,0,-0.2729579963499099,0,-2.529570323967665,0,-472.1581724642388,0,0.0,0,0.013950178145316003,0,2.8379728617474957,0,-26.266641270081855,0
TX002352,AC00063,train,-0.09445338029766576,0,-0.24683255662198378,0,-0.3701066156369901,0,-470.99704822695736,0,0.0,0,0.04179384641979869,0,6.12893429282779,0,-78.1561585944348,0
TX001872,AC00063,train,-0.0075450802436329845,0,0.7488335990667359,1,6.232446936740585,1,4911.5925235474,1,24.145367825988995,1,0.8877181056426084,1,37.071815895495284,1,-125.12667795674153,0
TX000363,AC00063,val,-0.05418041553733516,0,-0.19382109603113284,0,-1.8545066686487228,0,-82.79063638993046,0,8.429369702178807e-08,0,0.37469530509198623,1,5.552695043550558,0,1.3854212263690804,0
TX000893,AC00063,train,-0.05542676953026199,0,-0.191778112443038,0,-2.3884535862255483,0,-436.7749391060577,0,0.0,0,0.34442571071917144,1,4.457863789928088,0,-19.477668248464898,0
TX002392,AC00063,train,-0.05807989033479216,0,-0.19120051209654276,0,-1.5404274466926893,0,-115.42558696319412,0,0.0,0,0.3324114464628681,1,4.794461631049907,0,-1.2170286402114283,0
TX001622,AC00063,val,-0.07710371434338925,0,-0.24512062525316014,0,-1.8792271859885528,0,-424.4318862851583,0,0.0,0,0.17874163981422095,0,4.118597916296678,0,-18.703621313492445,0
TX001126,AC00063,val,-0.07382233049498244,0,-0.2263295739726594,0,-2.3972896496989087,0,-423.37235663806405,0,8.429369702178807e-08,0,0.1761604699234447,0,3.9928432640880893,0,-21.613297321292873,0
TX001378,AC00063,train,-0.03415509836052011,0,-0.09823903829757885,0,-0.7585322013705866,0,-283.0623536890921,0,0.0,0,0.4106910051104264,1,5.202270722969127,0,-1.0550344486974592,0
TX001664,AC00063,val,-0.05688244623651273,0,-0.212658082529241,0,-1.209766187357328,0,-419.68762043268157,0,0.0,0,0.15808326160650157,0,4.20711032585268,0,-17.595548341889707,0
TX000467,AC00063,train,0.004476889773619264,1,-0.08144036532800358,0,-1.0008050775046051,0,-390.5770219453523,0,0.0,0,0.42014061285246496,1,5.198714612441512,0,13.341598713099796,1
TX002165,AC00064,train,-0.10617841057566552,0,-0.2482479515721434,0,-1.82015848762914,0,-476.2492087015133,0,0.0,0,0.09798788451021787,0,3.582892287682405,0,-78.97249764944306,0
TX002338,AC00064,train,-0.08976532684538097,0,-0.20824166318563275,0,-1.0336801214945979,0,-443.4953702323414,0,0.0,0,0.46054954182186325,1,5.814569210834195,0,-60.808319097857954,0
TX002135,AC00064,train,-0.1067309730204164,0,-0.26869712186314565,0,-2.392915702992358,0,-467.0177157823478,0,0.0,0,0.04748327192767561,0,3.4142463256738327,0,-24.723082387336557,0
TX001937,AC00064,train,-0.07265703415594355,0,-0.21644543330653754,0,-2.8308081757139725,0,-462.57287752099376,0,0.0,0,0.17481328411795807,0,4.232771191771627,0,-25.27370878195124,0
TX002011,AC00065,train,-0.07563053464383279,0,-0.13304106069087362,0,-1.467132584727386,0,-252.61148626330663,0,0.0,0,0.3794705182383467,1,6.533699854185677,0,-76.53370459840906,0
TX001924,AC00065,train,-0.08861946361548623,0,-0.24181178761245392,0,-1.8588920616389046,0,-473.6572982306253,0,0.0,0,0.15882975049816073,0,3.6665039789110527,0,-62.9832502840959,0
TX001070,AC00065,val,-0.07556638414664507,0,-0.1757473905541298,0,-2.6850071549633654,0,-465.7200820370219,0,8.429369702178807e-08,0,0.37034908012153034,1,4.617202099436441,0,-15.868537330195135,0
TX000841,AC00065,train,-0.07599414943790411,0,-0.19979985563411273,0,-1.8347437677781304,0,-462.8035039073934,0,0.0,0,0.32233247887390387,1,3.738006892717916,0,-20.3718640106559,0
TX002153,AC00065,train,-0.0698823452546179,0,-0.2597478514114786,0,-2.484431408351144,0,-467.09426567188467,0,0.0,0,0.09084385305560597,0,3.0237836853700233,0,0.45794709342569107,0
TX002006,AC00066,train,-0.10587110624433299,0,-0.2452333304488039,0,-1.988860884018985,0,-464.1872945520772,0,0.0,0,0.18587742562192067,0,4.20985804186333,0,-72.66621040961775,0
TX002107,AC00066,train,-0.10088362549900648,0,-0.25125098904107057,0,-1.9003552618450978,0,-476.4548268278924,0,0.0,0,0.0,0,4.967906639612145,0,-64.76128148875247,0
TX000124,AC00066,train,-0.036339957480124974,0,-0.08267749385450762,0,-1.3852258256633565,0,-442.7472811994178,0,0.0,0,0.440855257667853,1,5.386694214829084,0,-13.001190307307201,0
TX002312,AC00066,train,-0.08551109584265065,0,-0.22230172034014806,0,-1.6707137971401647,0,-464.7814092289339,0,0.0,0,0.1896522084558025,0,3.675347292753069,0,-22.577161030785366,0
TX000519,AC00067,train,-0.11020310790747823,0,-0.20252886533433623,0,-1.1584482545119474,0,-469.5036097125392,0,0.0,0,0.21546992948756696,0,4.415399835168823,0,-76.02027051743356,0
TX000726,AC00067,train,0.003793215333165456,1,-0.06549185120225953,0,1.1718770414933353,1,-263.93755166177965,0,4.796436371535795,0,0.6772425046313277,1,16.453603987369476,1,-52.996128880253124,0
TX002419,AC00067,train,-0.019299834431932394,0,-0.1595348579648126,0,-1.2356626163558726,0,-379.5450053479775,0,0.0,0,0.48185966040806094,1,6.907693481776977,0,-9.777004714938773,0
TX001037,AC00067,train,0.015798067165080587,1,-0.09776801861974205,0,-2.0976707017580907,0,-388.4343251459809,0,0.0,0,0.47512407432849246,1,6.047351711127205,0,-13.572964830303679,0
TX000309,AC00067,train,-0.013719921948747826,0,-0.18761327992261068,0,-1.21629552932853,0,-242.50768340787172,0,0.0,0,0.44200508816573075,1,6.463978007555844,0,-9.433128095764491,0
TX001428,AC00067,train,-0.07545581529083584,0,-0.23191954719758234,0,-2.4865981484947373,0,-423.47334798438027,0,8.429369702178807e-08,0,0.17901585442959866,0,4.13659361770009,0,-19.121190708370765,0
TX001698,AC00067,train,-0.08088365675306791,0,-0.23493930315143086,0,-2.0082191939793415,0,-416.2610255076227,0,0.0,0,0.1845724643532953,0,4.2252306304279825,0,-16.74619027336667,0
TX000853,AC00068,train,-0.1038751965373933,0,-0.21893477340438294,0,-2.290902900526673,0,-475.860938759405,0,0.0,0,0.20758520523892052,0,3.7096364810895355,0,-79.53669334611611,0
TX001147,AC00068,train,-0.06293514838019287,0,-0.14250209699983452,0,-0.5669085720845288,0,-378.00349161215985,0,0.0,0,0.5101539028469076,1,8.129190999570884,0,-59.71564768018038,0
TX001461,AC00068,train,-0.02150059543350008,0,-0.09054475331897094,0,-2.517463019072773,0,-445.12100667311694,0,0.0,0,0.44407358120859247,1,5.645273977504986,0,-20.123002072062977,0
TX000111,AC00068,train,0.005585476883891438,1,0.007917412001836599,1,-1.2533070578910976,0,-387.85884754261735,0,0.0,0,0.5859736924054646,1,7.9727773323848785,0,-1.7433616013624142,0
TX002503,AC00069,val,-0.06000284306113296,0,-0.147906151352186,0,-1.001118673038988,0,-449.8565353449198,0,1.1920928955078125e-07,0,0.4123269264977227,1,7.314910815925785,0,-68.1630797950336,0
TX000008,AC00069,train,-0.02557168024031503,0,-0.23913691617503252,0,-0.8529767597206757,0,-454.63448435451943,0,1.6858739404357614e-07,0,0.4421589979388036,1,9.792035962964833,0,-60.644926723844705,0
TX002027,AC00069,train,-0.09142716105595355,0,-0.19861236723903097,0,-2.080860319993503,0,-466.57007323932487,0,0.0,0,0.1895793533888763,0,3.909958098874891,0,-23.934052615308165,0
TX001404,AC00069,val,-0.08461686917049632,0,-0.18962982877343126,0,-2.1173785959254694,0,-466.10603973634505,0,0.0,0,0.1885220852006453,0,3.8934718112218634,0,-22.76432638372034,0
TX000373,AC00069,val,-0.021432257853435943,0,-0.10401741073767812,0,-1.2164814320515926,0,-413.73771034542426,0,1.1920928955078125e-07,0,0.4029869601780495,1,4.8641411815356435,0,-11.349756694096062,0
TX002417,AC00069,train,-0.09440625263728336,0,-0.2531644133927533,0,-1.8090906100935005,0,-455.97255381060654,0,0.0,0,0.054521022780439694,0,3.552155747783388,0,-26.181082338680365,0
TX002120,AC00069,train,-0.06490991339132196,0,-0.22070894561593835,0,-2.0240879752567427,0,-422.6886358666989,0,5.960464477539063e-08,0,0.15908086548936703,0,3.694092916402137,0,-23.18687105552721,0
TX002481,AC00070,train,-0.07479574949383977,0,-0.1706402634243398,0,-0.8626106726124672,0,-408.5751796911281,0,0.0,0,0.25228497830147323,0,4.978654260942915,0,-73.77189048846849,0
TX001297,AC00070,train,-0.0878313051222317,0,-0.2527086332065722,0,-1.3372044286577314,0,-464.6425018392169,0,0.0,0,0.09220251640325781,0,3.8721834638234562,0,-59.885610323732905,0
TX001932,AC00070,train,-0.057606591802699336,0,-0.22180326079793256,0,-0.7956099563217762,0,-440.0620657631107,0,8.429369702178807e-08,0,0.15252931317566007,0,4.072993537075888,0,2.971954804068802,0
TX000004,AC00070,train,-0.08449525809202685,0,-0.18041557853703738,0,-1.583993406255761,0,-465.316852748806,0,8.429369702178807e-08,0,0.19966640368699415,0,4.634415287039712,0,-20.433433177724982,0
TX001255,AC00070,val,-0.026981236379613527,0,-0.025736798894341106,0,-0.8887574170662322,0,-452.92039215745353,0,0.0,0,0.4938492423511202,1,5.49829891380378,0,3.170293286143245,0
TX000219,AC00070,train,-0.02169065873117737,0,-0.17259927245751738,0,-2.010206221452755,0,-70.41982827534036,0,0.0,0,0.49695546422428316,1,5.213888142441845,0,12.31871114636889,1
TX001004,AC00070,train,-0.05334883017363784,0,-0.1635571964616398,0,-1.514041754454567,0,-399.98683442686695,0,8.429369702178807e-08,0,0.35418755585688116,1,4.203773150137343,0,-15.939245707971825,0
TX000443,AC00070,train,-0.0734558695212984,0,-0.24846826273478473,0,-2.1805550178355215,0,-389.57324277734097,0,0.0,0,0.12948792844756085,0,3.835324066625013,0,-21.40290429426671,0
TX002360,AC00071,train,-0.048703187644040635,0,-0.09728381337972403,0,-1.126173192301147,0,2008.3051375546715,1,0.0,0,0.5868193094177044,1,10.398649353363298,0,-74.90983941405185,0
TX001865,AC00071,train,-0.018388813956412897,0,-0.26288607412262166,0,-0.41960898468772534,0,-443.32024435109844,0,0.0,0,0.422353096204439,1,12.589091272918097,1,-58.34690213308006,0
TX001773,AC00071,val,-0.06609582011782578,0,-0.15877646401518075,0,-1.809950949067911,0,-435.9837124805,0,0.0,0,0.3620934726661354,1,4.415667019107161,0,-8.972514703205352,0
TX000658,AC00071,val,-0.06881907198764436,0,-0.18142674991849939,0,-2.7311623644192267,0,-445.1539282781027,0,0.0,0,0.38502230861119724,1,4.92127713119965,0,-15.20798984554006,0
TX002209,AC00071,train,-0.07724722415416735,0,-0.17003226613534594,0,-2.4820210558672713,0,-445.0245534799783,0,0.0,0,0.35482116477998005,1,3.993578102798737,0,-21.18338038722408,0
TX000686,AC00071,train,-0.03341716748454232,0,-0.026965913858545854,0,-1.5143584607750746,0,-407.3962384416562,0,0.0,0,0.5225678759877858,1,5.612417681200692,0,11.490995206725383,0
TX001885,AC00071,train,-0.03648687913919496,0,-0.1391225805354419,0,-1.9246106251876167,0,-407.5074182839281,0,1.4600096599955427e-07,0,0.4829922955278545,1,5.233716975912933,0,6.153254060995518,0
TX001248,AC00071,train,-0.0012930504803335685,0,-0.09552287167218032,0,-0.05628262013288321,0,-300.7913859884557,0,0.0,0,0.6197696101641856,1,11.160716724718027,1,-7.232847484257585,0
TX000448,AC00072,train,-0.09195225279919572,0,-0.21849568272742448,0,-0.7416011898054133,0,-470.7755761923505,0,1.1920928955078125e-07,0,0.086926598645009,0,5.3312983086697985,0,-77.64431113154012,0
TX002094,AC00072,train,-0.040741117950489014,0,-0.1753149120040931,0,-1.6312290196308545,0,-333.2601559825511,0,1.6858739404357614e-07,0,0.48856672075596513,1,3.775148823806492,0,-58.98051730105677,0
TX000151,AC00072,train,-0.07294801166615561,0,-0.22446057871496694,0,-1.908098811953277,0,-462.1932237085939,0,8.429369702178807e-08,0,0.15662999677231831,0,3.5780639743115477,0,-22.821963080237854,0
TX001444,AC00072,train,-0.023519158491448477,0,-0.18232422477421362,0,-2.1267971858615784,0,-453.7705243521312,0,1.1920928955078125e-07,0,0.4140367328336447,1,5.738967840578927,0,-21.691552604122396,0
TX000257,AC00073,train,-0.09313182423829741,0,-0.2125601692298611,0,-1.8936742215384204,0,-463.52989258357303,0,0.0,0,0.25398129073028314,0,3.8142334397443753,0,-71.37330049650967,0
TX001881,AC00073,train,-0.08353279800212376,0,-0.18325841060581638,0,-1.6431258970382938,0,-454.7813661718054,0,0.0,0,0.3466139145991243,1,4.385777856636569,0,-54.286591725823214,0
TX002402,AC00073,train,-0.0415113200145793,0,-0.13668149978385657,0,-2.6569506235049722,0,-457.2172958812484,0,1.1920928955078125e-07,0,0.5077867846797327,1,5.637736817969507,0,5.225416310233509,0
TX001867,AC00073,train,-0.1105210685509111,0,-0.2516978217392891,0,-2.1401433981994717,0,-449.3954216323883,0,0.0,0,0.11569608592248277,0,3.72109768950703,0,-24.857201889279292,0
TX001249,AC00073,train,-0.055507831087118376,0,-0.1972482941364504,0,-2.084275548682264,0,-458.0357943993874,0,0.0,0,0.3425665849440669,1,4.641743936413968,0,-25.88955697519889,0
TX000782,AC00074,train,-0.10461650197468175,0,-0.25874282062940823,0,-1.2980440080995361,0,-471.62989861353753,0,0.0,0,0.0374455447761525,0,4.5382869689409135,0,-77.56851277806754,0
TX001377,AC00074,train,-0.10302641915379307,0,-0.24153063880193182,0,-1.6905264343096178,0,-473.19912768476325,0,0.0,0,0.3198072250122371,1,5.930759165234648,0,-65.5969960657103,0
TX000463,AC00074,train,-0.08039411635695515,0,-0.211078176907193,0,-1.779380357547364,0,-467.9947041064426,0,0.0,0,0.17370502844537813,0,4.106457298676288,0,-23.569374224881056,0
TX000494,AC00075,train,-0.09346840564069908,0,-0.21792353621880167,0,-1.736169751624388,0,-473.92031414992186,0,0.0,0,0.25629665821503067,0,3.857896969223551,0,-77.56451592715635,0
TX001415,AC00075,train,-0.092369682484579,0,-0.1895902353833685,0,-1.7970542804412375,0,-471.63897916039525,0,8.429369702178807e-08,0,0.32820781144698324,1,4.50818078987984,0,-62.92252086164683,0
TX002386,AC00075,val,-0.09732113372596668,0,-0.2731767548716155,0,-2.114876209863718,0,-458.0542642432108,0,5.960464477539063e-08,0,0.03685243591315261,0,2.946029649485474,0,-21.16864843914033,0
TX000103,AC00075,train,-0.06682959046748943,0,-0.22828061488494544,0,-1.4008393465135498,0,-447.22752022680925,0,5.960464477539063e-08,0,0.1650890269245886,0,3.956092364246944,0,-15.561886284885464,0
TX001009,AC00075,train,-0.05488424786633789,0,-0.22594520548572183,0,-1.9724404407943101,0,-442.0260444544089,0,0.0,0,0.3595405506777189,1,6.860002908784819,0,-17.24371885113844,0
TX000241,AC00076,train,-0.1163023903045508,0,-0.22988304394656067,0,-1.5888919618241886,0,-471.9001906046125,0,0.0,0,0.19122265879425207,0,3.9880922516364,0,-75.24896391483917,0
TX000909,AC00076,train,-0.05505636338164954,0,-0.14685925320213866,0,-1.716978963798784,0,-426.31448431336133,0,0.0,0,0.43133511407788316,1,6.371387455702882,0,-59.94673483245029,0
TX002351,AC00076,train,-0.10425990232596938,0,-0.24358219517617008,0,-1.7545760821408276,0,-471.8610183158642,0,0.0,0,0.1389962142479564,0,3.415904539280069,0,-24.415928257064056,0
TX001770,AC00076,train,-0.08878845325804885,0,-0.21037794760913187,0,-1.9574793536650148,0,-468.11563402368546,0,8.429369702178807e-08,0,0.14662390695682007,0,3.647196385532916,0,-21.736507774825842,0
TX002090,AC00076,train,-0.06332614196942221,0,-0.23750428377999966,0,-1.6995537387136714,0,-461.7481858680388,0,0.0,0,0.10582526014490064,0,3.7702915981592553,0,-21.386489309743215,0
TX000831,AC00076,train,-0.04350175525602068,0,-0.21813104376579262,0,-1.8852932302464822,0,-405.82533107954333,0,0.0,0,0.3287987138797249,1,4.04214262650551,0,5.381644239638451,0
TX001913,AC00076,train,-0.06375848918330879,0,-0.18095809141489094,0,-2.7459748945327487,0,-455.5230334601939,0,0.0,0,0.4386791492827483,1,5.575761335823178,0,-18.51293526105675,0
TX002145,AC00077,train,-0.08732123761415589,0,-0.055013836433291274,0,-1.241616976313642,0,-456.8953865955798,0,0.0,0,0.4425385567745097,1,6.184618361319777,0,-71.14266687791712,0
TX000184,AC00077,train,-0.032086064534159964,0,-0.17714178644003997,0,-0.8162941342400529,0,-436.41407340930317,0,0.0,0,0.45524130063219004,1,7.735724581916062,0,-50.138061474262685,0
TX000335,AC00077,train,-0.08116862480630122,0,-0.1567062975976774,0,-2.7709724672270237,0,-463.9663836616346,0,0.0,0,0.4181297242516995,1,4.9550857808237625,0,-22.460617906695493,0
TX001359,AC00077,train,-0.031201841697575894,0,-0.21212831877163807,0,-2.214163241977472,0,-444.0481143152666,0,0.0,0,0.32520231774663966,1,3.9124880129764574,0,8.996064397192168,0
TX000533,AC00077,train,-0.047860222526209306,0,-0.21297029570618742,0,-1.9662772309220866,0,-380.5787018898337,0,8.429369702178807e-08,0,0.34391049382748234,1,4.185569468916579,0,8.438159055119765,0
TX000826,AC00077,val,-0.06291134100121565,0,-0.21619741200144893,0,-2.4148661118927475,0,-439.7436628485558,0,0.0,0,0.19276287496740627,0,4.198276489572653,0,-22.17720919159633,0
TX000611,AC00078,train,-0.08638726122134893,0,-0.2527748625136015,0,-2.1019636944764937,0,351.62999820513636,1,0.0,0,0.14780752283835416,0,4.849156921838032,0,-79.54952920587135,0
TX002434,AC00078,train,-0.11962593539351452,0,-0.2632636404518224,0,-2.096339845366572,0,-478.8315514991449,0,0.0,0,0.0,0,5.9370452745912115,0,-66.14598444420946,0
TX001331,AC00078,train,-0.10149488223610093,0,-0.23547922041444536,0,-3.011239925387434,0,-470.86249398010125,0,0.0,0,0.11322028037746323,0,4.103877708601093,0,-26.333007073312405,0
TX000779,AC00078,train,-0.08176448481552612,0,-0.20389278868449567,0,-2.9832552095736293,0,-468.1793454626322,0,0.0,0,0.19580209603261026,0,3.763359927400151,0,-24.650606101868934,0
TX001076,AC00078,val,-0.03891415126797404,0,-0.21713293861906036,0,-1.6692994070598441,0,335.1507472632989,1,0.0,0,0.526137829254871,1,10.431660871376275,0,15.314735607539353,1
TX000836,AC00078,val,-0.013565062338641742,0,-0.10573361561795713,0,-1.3340724544131497,0,-292.28660975784067,0,0.0,0,0.43734376760455457,1,6.058742993957194,0,-9.119280475681226,0
TX001265,AC00079,train,-0.10224422004860373,0,-0.2451575613494439,0,-1.067197117178564,0,-470.0163858947512,0,0.0,0,0.10053318000052004,0,5.033032521302042,0,-77.2399866048753,0
TX001800,AC00079,val,-0.09195332513797005,0,-0.25832262461650624,0,-0.9443146891236474,0,-458.80719710585623,0,5.960464477539063e-08,0,0.029157455205462396,0,3.973220623634587,0,-58.5187560297384,0
TX002390,AC00079,train,-0.027928808972262242,0,-0.15016229722180352,0,-1.6162462975420375,0,-389.84585514269605,0,0.0,0,0.4552396318848314,1,7.409209873465711,0,-3.5242649296489734,0
TX002443,AC00079,train,-0.10126345108132656,0,-0.2609445841389144,0,-1.1550830768678697,0,-470.26653017739216,0,0.0,0,0.0,0,3.5539958609289157,0,-26.553031490969605,0
TX001341,AC00079,train,-0.10209057766862717,0,-0.25416219433129994,0,-1.2222401444357853,0,-456.5723681575541,0,5.960464477539063e-08,0,0.0412562786927539,0,3.6519967197212577,0,-21.45294889206556,0
TX001093,AC00080,val,-0.10758197033104266,0,-0.24511163239040878,0,-1.6711625909012753,0,-477.1852073707023,0,0.0,0,0.08874085575262997,0,3.820970177315526,0,-79.15450331851955,0
TX000504,AC00080,train,-0.11439709830676731,0,-0.2675497408589078,0,-2.3991780840975583,0,-477.8377147115514,0,0.0,0,0.05193793334017465,0,2.9661908501283345,0,-64.20272562941216,0
TX002070,AC00080,train,-0.08427867651388393,0,-0.22611325509415892,0,-1.893566743862925,0,-474.6307634800002,0,0.0,0,0.17828554305845495,0,3.858188763669257,0,-7.726637206312371,0
TX002134,AC00080,train,-0.022993778272412224,0,-0.17117954343256647,0,-2.6616327970373916,0,-432.6548474112795,0,0.0,0,0.4241521223114623,1,6.507100314912302,0,2.6503703108120362,0
TX000438,AC00080,train,-0.09510057513416514,0,-0.24041555049175511,0,-2.2957163987474427,0,-464.8386443415419,0,0.0,0,0.14899373526659387,0,3.920040695087232,0,-25.08247259766227,0
TX001448,AC00080,train,-0.025221276660358782,0,-0.12018292104715966,0,-1.8660520346488152,0,-416.0652263006427,0,0.0,0,0.46269641140473344,1,7.1455330767745195,0,-18.758105366705703,0
TX002093,AC00081,val,-0.08859477428461737,0,-0.25867804683886286,0,-0.39415043059571886,0,-348.76930191518613,0,0.0,0,0.47300484804440285,1,9.934739584009908,0,-71.07447333384195,0
TX001584,AC00081,train,-0.06355309828182032,0,-0.1462470119648207,0,-2.777713667238144,0,-439.51094995730807,0,0.0,0,0.38208237182751353,1,4.257565958949609,0,-56.88158211327668,0
TX002339,AC00081,val,-0.08956828795037691,0,-0.2460660194794264,0,-2.041666802565711,0,-476.85339846721746,0,0.0,0,0.18276594857505454,0,4.887248406217192,0,6.047173558629904,0
TX002129,AC00082,train,-0.03708353384226626,0,-0.19797153389263666,0,-0.24313864698403798,0,-443.89960613792,0,0.0,0,0.19134559009894048,0,6.173805849438109,0,-56.98131436291958,0
TX000984,AC00082,train,-0.04260626270410767,0,-0.1552827063938398,0,-0.5473824508139149,0,9.390608912141545,1,2.384185791015625e-07,0,0.617532052525641,1,8.913861642412327,0,-51.71562344754919,0
TX002096,AC00082,train,-0.0738115495002607,0,-0.2275114520445316,0,-2.7220282007523213,0,-459.2400244853536,0,0.0,0,0.35423488316214186,1,5.5415383359412,0,-13.696731665219838,0
TX001022,AC00083,train,-0.09113836828280925,0,-0.2617097598049911,0,-2.0323463824194548,0,186.98915986638082,1,0.0,0,0.16362935723437638,0,4.329637590129059,0,-78.74851164356693,0
TX001305,AC00083,train,-0.040427977209652244,0,-0.04925023419570351,0,-1.7442237958727365,0,-434.28139828418733,0,1.6858739404357614e-07,0,0.5588401542150339,1,7.577729136024521,0,-55.64017450962505,0
TX001527,AC00083,train,-0.08328535464842435,0,-0.13314803900933625,0,-2.8178328659069756,0,-468.4742974575231,0,0.0,0,0.4326198951469124,1,4.825609929889324,0,-19.9335609341617,0
TX000899,AC00083,train,0.048563056394740456,1,-0.13728998906013223,0,0.2894328126392143,1,-259.9341249032886,0,0.0,0,0.6488984718960453,1,9.040290904103475,0,4.185845363164708,0
TX000810,AC00083,val,0.002600457898102815,1,-0.21907587874017564,0,-1.4713519543967006,0,-402.02059851526553,0,1.1920928955078125e-07,0,0.40640707357516953,1,6.144254138958765,0,-16.260662783022656,0
TX000557,AC00083,train,0.003720393202186978,1,-0.14288263433437676,0,-0.7492605002938646,0,-303.69157980194063,0,0.0,0,0.4234767002730558,1,5.863474299965805,0,20.823493266268112,1
TX000614,AC00084,val,-0.09128393445387845,0,-0.2007962197583013,0,-0.45936506208096617,0,-469.5566601298057,0,0.0,0,0.17612347177075993,0,6.248484928885982,0,-77.23855586562355,0
TX002181,AC00084,val,0.0736308726199002,1,5.335153303014158,1,9.182189322540975,1,62800.56347246356,1,120.40871575901389,1,0.9673539651928533,1,134.3211112456022,1,1688.6414188390606,1
TX000015,AC00085,train,-0.09736756327737639,0,-0.16586568318722317,0,-1.7988777230929411,0,-470.6943900752305,0,0.0,0,0.2901558637403141,0,5.164453845743098,0,-81.41381104089217,0
TX001379,AC00085,val,-0.08205969013014541,0,-0.21483596162598606,0,-1.9746134788194603,0,-441.40164472782413,0,0.0,0,0.35301037704858734,1,5.481445130742123,0,-58.80342427504774,0
TX001898,AC00085,train,-0.07124411124913266,0,-0.1263106598019197,0,-2.954340142235763,0,-462.43951190310446,0,0.0,0,0.44162293945826525,1,6.347808203383957,0,-16.24903090660061,0
TX000119,AC00085,train,-0.09079610972481877,0,-0.2372718860462777,0,-2.8335777722358184,0,-466.57101489945245,0,0.0,0,0.1733721984753414,0,3.210797282664998,0,-24.778803378862992,0
TX002255,AC00085,val,-0.051184263000143115,0,-0.05135558649721772,0,-0.17469423160881448,0,-409.8639544126541,0,1.1920928955078125e-07,0,0.490904183672563,1,6.7453803994437465,0,-12.824034078212026,0
TX000261,AC00085,train,-0.05031115210884102,0,-0.24900170438529268,0,-1.8759781021117554,0,-437.362262702325,0,0.0,0,0.07492095059485622,0,3.4118432216909755,0,-18.925965101214327,0
TX002262,AC00086,val,-0.06246429242959767,0,-0.12304841666808852,0,-2.2830784398383592,0,-437.1249298672575,0,0.0,0,0.3380218708482302,1,4.750700463661648,0,-55.78257459730937,0
TX000864,AC00086,train,-0.03592838302383189,0,-0.06774306698111388,0,-0.3820228832926915,0,-309.2101697111497,0,0.0,0,0.5765290375786285,1,10.666859929176034,1,-57.20668956027153,0
TX000566,AC00086,train,0.0817185966710745,1,-0.11553839791318588,0,-0.5746387396582051,0,-335.2557364211139,0,0.0,0,0.49410942085522275,1,7.422517780323934,0,21.006073658829646,1
TX001256,AC00086,val,-0.03770899756512386,0,-0.20767568070136022,0,-0.3997728991342875,0,-207.26034754718796,0,0.0,0,0.5427303740479517,1,6.875961758222817,0,6.750146340983241,0
TX001854,AC00086,train,-0.041728620950686135,0,-0.18640750020167096,0,-1.6313793665683232,0,-389.42560294240684,0,1.1920928955078125e-07,0,0.3944185066062053,1,5.474964097295019,0,-16.18199352917286,0
TX000554,AC00086,val,-0.06826219945621542,0,-0.15386604351627575,0,-2.3199223014674537,0,-373.971097153694,0,0.0,0,0.40522402676479735,1,5.293703150547899,0,-12.004113654462973,0
TX001084,AC00086,train,-0.03127054856984829,0,-0.182010099062347,0,-1.5526198939071119,0,-367.32825404341696,0,0.0,0,0.34412961342753345,1,4.716634300737428,0,-14.970359791954866,0
TX001623,AC00087,train,-0.09897689239215685,0,-0.25382271351232844,0,-1.34036340416087,0,-477.0391364157122,0,0.0,0,0.10202072968594189,0,4.187189219462272,0,-80.26425227268632,0
TX000287,AC00087,train,-0.06052536354576471,0,-0.23065304035287637,0,-0.9155866612360963,0,-447.5898496510957,0,8.429369702178807e-08,0,0.16994034160024643,0,4.204938918646862,0,8.353431513188601,0
TX000155,AC00087,train,-0.08655336504895395,0,-0.21601637497876292,0,-1.7713879176688554,0,-463.06837505333954,0,0.0,0,0.3209423646924996,1,5.390364554033565,0,-22.225650992827706,0
TX001738,AC00087,val,-0.06981659550607694,0,-0.23967200773731334,0,-1.2065813381114978,0,-378.41072582542716,0,1.6858739404357614e-07,0,0.5434326957292794,1,10.427747273529453,0,3.9398329515875528,0
TX000368,AC00087,train,-0.11636677052041355,0,-0.25342292730455274,0,-1.8852832556898722,0,-471.42637922101807,0,0.0,0,0.030956673888641,0,3.0700844030337096,0,-26.873985029550067,0
TX002025,AC00087,train,-0.09645668312748057,0,-0.21349595935733068,0,-1.5367767281237494,0,-449.5534071421801,0,0.0,0,0.1600460847127926,0,3.9090159362451438,0,-15.456066404624043,0
TX001206,AC00087,train,-0.073182643819651,0,-0.2355582168210526,0,-1.2481809627304852,0,-455.2634296560001,0,5.960464477539063e-08,0,0.15412629227976726,0,3.776460013080886,0,-21.25729699103562,0
TX000331,AC00087,train,-0.09428945846055825,0,-0.2546572685321795,0,-1.7891988797766771,0,-413.1957038250448,0,0.0,0,0.08205728146003761,0,3.578790217942082,0,-24.735495108502057,0
TX001731,AC00087,train,-0.05682888104336131,0,-0.15749981703990446,0,-1.3087607771019503,0,-397.8629247827016,0,0.0,0,0.4168862304439598,1,5.502203718447206,0,-15.785843598929798,0
TX001984,AC00088,train,-0.12800382988764109,0,-0.2572234617807614,0,-2.6176038998529414,0,-471.88538866545275,0,5.960464477539063e-08,0,0.019645116736962818,0,3.5453660176049295,0,-76.51583230177518,0
TX002400,AC00088,val,-0.10364542762683099,0,-0.22943000085982268,0,-2.2071734060897388,0,-476.7151983555885,0,8.429369702178807e-08,0,0.146853022973162,0,3.5691548816508956,0,-63.70975635074976,0
TX001062,AC00089,train,-0.11590019341021596,0,-0.27320113701783155,0,-1.6714797881846266,0,-481.3787487466391,0,0.0,0,0.04283212454253199,0,3.9865249661371434,0,-81.9023780826445,0
TX002500,AC00089,train,-0.053729977296137266,0,-0.1933621573978035,0,-1.8110043957935726,0,-331.806665227435,0,1.6858739404357614e-07,0,0.5159168162248372,1,4.745554740150188,0,-55.508885261412914,0
TX002232,AC00089,train,-0.09631064170087006,0,-0.20857241367232193,0,-1.9607874208123484,0,-459.255967048567,0,8.429369702178807e-08,0,0.1769063450014028,0,3.900973116278745,0,-17.808118785444353,0
TX001364,AC00089,val,-0.05234529944641381,0,-0.1958509283779053,0,-1.3005161902633784,0,-419.9969343444766,0,8.429369702178807e-08,0,0.4058271448819573,1,4.9870285812706125,0,14.960210753331776,1
TX002266,AC00089,train,-0.09763781574822039,0,-0.24860613215720628,0,-2.3490511607838407,0,-466.89084827687924,0,8.429369702178807e-08,0,0.10762757609975034,0,3.1844192441077146,0,-25.24317936056185,0
TX001235,AC00090,val,-0.09781980185019334,0,-0.25452790521465907,0,-0.5147453406680338,0,-467.312791835391,0,0.0,0,0.07290957500535236,0,6.0643243545516015,0,-77.251066800255,0
TX000993,AC00090,val,0.03878628163060038,1,2.209328243960326,1,8.911529924962725,1,15027.40625997055,1,53.48537667074649,1,0.9423841869746566,1,66.52394061687866,1,371.4983284523355,1
TX000385,AC00090,train,-0.07639435958561613,0,-0.2486290401387321,0,-1.799473099864807,0,-449.90427716533617,0,0.0,0,0.11686490849869685,0,4.221813449320893,0,-22.485046154950187,0
TX001420,AC00090,train,-0.07813801364415757,0,-0.22712676654294173,0,-1.5052096825385384,0,-447.789685027313,0,5.960464477539063e-08,0,0.14821604298920082,0,3.7407109757648542,0,-22.885379355559397,0
TX001440,AC00090,train,-0.07185739121786072,0,-0.2100726361426728,0,-1.6787977398294593,0,-454.28570528229085,0,0.0,0,0.1402990225121551,0,3.782094157736949,0,-23.110436547626936,0
TX001662,AC00090,train,-0.06856829896771194,0,-0.20701252367249245,0,-2.372418192150807,0,-248.9461225119461,0,0.0,0,0.38146237782012565,1,5.514911154633731,0,-12.47870486668285,0
TX002122,AC00090,train,-0.07305283925305084,0,-0.19901509326184152,0,-1.7291154261822168,0,-435.99604300397914,0,0.0,0,0.19728506519956499,0,3.86199262971104,0,-21.31171029326143,0
TX001396,AC00090,train,-0.08487148636409719,0,-0.21549094000144398,0,-2.186633425182608,0,-420.7639080435363,0,8.429369702178807e-08,0,0.19087796859141898,0,4.189545946167778,0,-23.14057812951511,0
TX000894,AC00090,val,-0.07304983224573697,0,-0.21782417582056635,0,-1.4281107405103501,0,-223.7207712133375,0,0.0,0,0.1696235476242351,0,4.170747016729552,0,-14.370824780355708,0
TX001530,AC00091,train,-0.05286538011841535,0,-0.2069874397547884,0,-0.5442189534616908,0,-424.7631850261218,0,0.0,0,0.414330228846344,1,7.444814133219891,0,-75.69720510753234,0
TX001307,AC00091,train,-0.027429682573348435,0,-0.10587135818406512,0,0.022233186475538957,1,-407.07199577885666,0,0.0,0,0.465528328712365,1,18.26095711096153,1,-61.14693014065066,0
TX001676,AC00091,train,-0.05150972762713352,0,-0.114858196596342,0,-1.3162328545152828,0,-436.7523326593778,0,0.0,0,0.3958450698582198,1,5.462545530633482,0,-18.635449296532915,0
TX000517,AC00092,train,-0.09301265961200794,0,-0.23462703049236988,0,-0.47234831176961656,0,-435.64325026713,0,1.1920928955078125e-07,0,0.18051596267156572,0,5.555334953496587,0,-75.84090725373656,0
TX000846,AC00092,train,-0.03616152438010295,0,-0.055004601340050696,0,0.0002383344392473674,1,-252.22526515815431,0,0.0,0,0.6018290710659404,1,8.894191304977612,0,-56.44611249703624,0
TX000120,AC00092,train,-0.05955019171506937,0,-0.24913139504240034,0,-2.079897112089295,0,-453.07557992227726,0,0.0,0,0.1088875191830541,0,3.9768615282081092,0,-20.77127402656618,0
TX000668,AC00092,val,-0.06020504127465154,0,-0.21575474614270385,0,-2.23678593391697,0,-414.03917588616156,0,0.0,0,0.17682109385935924,0,3.9403685812813007,0,-21.72003068850407,0
TX000776,AC00092,val,-0.0935954769001891,0,-0.2590765843413989,0,-2.477174235853827,0,-459.4638241391888,0,5.960464477539063e-08,0,0.08662760576808494,0,3.187857983928701,0,-27.953690640212532,0
TX000366,AC00092,val,-0.07413614658292439,0,-0.22605416174351745,0,-2.471347294648984,0,-410.83338579983484,0,0.0,0,0.16100896742033893,0,4.208001461398105,0,-21.82904554089283,0
TX001402,AC00092,train,-0.0892938819541163,0,-0.24578602323200038,0,-1.8866766337922503,0,-436.3110340037496,0,5.960464477539063e-08,0,0.0988520861721155,0,3.453572317415394,0,-23.594080349886955,0
TX001035,AC00092,val,-0.03294468347117685,0,-0.12000290185354845,0,-0.7761463664401482,0,-430.2605844861774,0,0.0,0,0.41393269916967573,1,5.4038043335234685,0,-15.009919486456686,0
TX000773,AC00093,train,-0.0024465746786540565,0,-0.11618725637450655,0,0.08470012879717537,1,-414.0751749989526,0,0.0,0,0.49976428429164244,1,7.649169599089196,0,-63.8331424675064,0
TX002277,AC00093,train,0.006543851369541498,1,0.30955491811244973,1,0.8770260079282277,1,-324.90024722145233,0,0.0,0,0.6698642275487205,1,10.476704711511431,0,-47.384472782413965,0
TX000541,AC00093,val,-0.009180019885038693,0,0.28836877656960813,1,2.604062986924059,1,-296.5021968119526,0,5.334423339427349,0,0.716079798852527,1,13.954322265516794,1,38.588187427335306,1
TX001182,AC00093,val,-0.0482942668437123,0,-0.1715000064490808,0,-1.8107910977469022,0,-430.10778270284743,0,0.0,0,0.43860665597395415,1,6.3379878848766875,0,-18.661234322904082,0
TX000449,AC00093,train,-0.07357897405636388,0,-0.19059761318477264,0,-1.6394637301131105,0,-416.52258686507514,0,0.0,0,0.3517263008989813,1,5.0460467385753,0,-20.493660955436145,0
TX001229,AC00093,train,-0.06040532078126187,0,-0.17972637955833282,0,-1.495406842270203,0,-205.05808813881828,0,0.0,0,0.3891596008716995,1,4.724264760613422,0,-5.439637938657672,0
TX001551,AC00093,train,0.004752262187503575,1,-0.12338722938431412,0,-0.9209743378651218,0,-159.1602058612649,0,0.0,0,0.5409951134293075,1,8.007846819125087,0,-0.6608860672408334,0
TX000290,AC00093,train,-0.03697680332544118,0,-0.17508743056696674,0,-1.1149326865119722,0,-323.3600704797716,0,0.0,0,0.3412543536374749,1,4.230996855378257,0,-9.76775690582311,0
TX001224,AC00093,train,-0.06171435653630647,0,-0.20586058487587056,0,-2.0688289215296507,0,-325.84770928555406,0,0.0,0,0.32812271588900793,1,3.6548272616673114,0,-21.05897485318963,0
TX001819,AC00094,train,-0.09660178771946193,0,-0.20485578766038892,0,-0.650310789166193,0,-471.22964755731886,0,0.0,0,0.18189492898636397,0,5.951013622686207,0,-77.61077795915412,0
TX001349,AC00094,train,-0.03640296249428632,0,-0.18845086328277816,0,-0.6409148117036754,0,-425.70823113462285,0,0.0,0,0.35693156207758414,1,4.988467441443206,0,-36.84677445530984,0
TX002042,AC00094,train,-0.06921038376428607,0,-0.20623816703267672,0,-1.1737026809616822,0,-461.81813720379205,0,0.0,0,0.34019233045238845,1,4.916581519584223,0,-18.122397147959997,0
TX000881,AC00094,val,-0.09551253584105651,0,-0.19436136563784068,0,-1.242788875107662,0,-457.75240763417554,0,0.0,0,0.36821733406926277,1,5.411347199396537,0,-19.158026825081674,0
TX002261,AC00095,train,-0.10254694194054026,0,-0.21143192090211138,0,-1.663325404160485,0,-464.94679411867793,0,0.0,0,0.18977419467608736,0,4.596916805315755,0,-74.85213713184115,0
TX002221,AC00095,train,-0.09671228011764788,0,-0.16936437552316974,0,-2.377728520370937,0,-415.2464243203919,0,0.0,0,0.35321222908369543,1,4.294736486125303,0,-59.670632957299894,0
TX000506,AC00095,val,-0.06451226703693352,0,-0.14008622362217538,0,-1.491820713313258,0,-448.9848754810426,0,0.0,0,0.46533936765342737,1,5.66744323787189,0,24.283077008407158,1
TX000023,AC00095,train,-0.04261592395770347,0,-0.13327250011613123,0,-1.4646874474798874,0,-441.30069259136275,0,8.429369702178807e-08,0,0.3730171850815221,1,4.547304067197189,0,-14.395113422894614,0
TX000599,AC00095,train,-0.052056918650389084,0,-0.234389692818598,0,-2.7600959715821034,0,-147.56408039466385,0,8.429369702178807e-08,0,0.16191848376837747,0,5.602454175496397,0,-11.741894289335853,0
TX002510,AC00095,train,-0.09332945808705101,0,-0.2681864482760846,0,-2.172751432715815,0,-400.75451305104286,0,0.0,0,0.0,0,3.2182612230352627,0,-21.874431880257756,0
TX001134,AC00095,train,-0.0011943752671311758,0,-0.1329643567034433,0,-0.8912916906062378,0,-321.5052512518275,0,0.0,0,0.44243741357565036,1,8.875694747886454,0,-8.313777886538919,0
TX001602,AC00095,train,-0.03139678939413393,0,-0.19449542337900394,0,-0.9061815185527244,0,-296.2617988415084,0,0.0,0,0.3606336441713596,1,5.58836821098199,0,-9.55611546223074,0
TX002318,AC00096,train,-0.05707361420307011,0,-0.03499443320443674,0,-1.7172116989986996,0,-438.38889886454666,0,0.0,0,0.5143519255198443,1,8.555828250555999,0,-73.1571022571455,0
TX000217,AC00096,train,-0.08043262724702777,0,-0.23573892877846503,0,-1.5734602375490283,0,-470.97187619451114,0,0.0,0,0.33559907001111255,1,7.7511672399855485,0,-64.03998522184227,0
TX002143,AC00096,train,-0.0707082727987065,0,-0.21351871053649707,0,-2.285339480418033,0,-467.96702773408146,0,0.0,0,0.3193016119348976,1,3.8381130422859884,0,-23.22977437415248,0
TX002396,AC00097,val,-0.11946781326824307,0,-0.2507734572451513,0,-1.0775203465252794,0,-472.7568798233641,0,0.0,0,0.056479079586615896,0,5.037333563944155,0,-78.04493831059064,0
TX001355,AC00097,val,-0.047979565650037026,0,-0.11605350849780471,0,0.3093382608699642,1,-442.30703808299245,0,0.0,0,0.45924533613905233,1,6.692213624533393,0,-57.841367802011156,0
TX001216,AC00097,val,-0.07470398898766328,0,-0.21116451199517616,0,-1.9122344764209487,0,-423.9224846413666,0,0.0,0,0.34677598596835263,1,5.993580994300887,0,-5.409519515873361,0
TX002131,AC00098,train,-0.10493759135468078,0,-0.23735754540981513,0,-1.6116178182132188,0,-476.65216677176863,0,0.0,0,0.12217733758455857,0,3.787571196489384,0,-79.3471388216611,0
TX002381,AC00098,train,0.020818430070783878,1,-0.0721083643711562,0,1.4077899003405436,1,373.3722781418333,1,5.96032094762848,0,0.687192226266603,1,13.135316559502574,1,-27.859638378025597,0
TX000086,AC00098,train,0.04167311787175865,1,0.09070502495462729,1,-0.015896471390862033,0,609.6609993620282,1,0.0,0,0.5796901993509271,1,8.435315452575363,0,24.655457686184757,1
TX001372,AC00098,train,-0.007265432893426627,0,0.04477414021019599,1,0.34986832310003635,1,-330.5377257347275,0,0.0,0,0.5620945943008884,1,9.081688965507633,0,0.13222158223760117,0
TX000521,AC00098,train,-0.023019594753175443,0,-0.19295881131122772,0,-1.4103441550218765,0,-293.797927671613,0,0.0,0,0.4153946928895309,1,6.930932958390262,0,-16.295519521288046,0
TX001735,AC00099,train,0.014080006415131852,1,-0.07907254453020385,0,0.075233519500717,1,-382.15620211337813,0,0.0,0,0.5586572276306866,1,9.009784416590268,0,-54.00186493484315,0
TX002110,AC00099,train,0.031237281242860182,1,-0.08252546532682614,0,0.36998129383927925,1,-380.2161230819374,0,0.0,0,0.4910093676690001,1,18.06574613278155,1,-52.860745069661164,0
TX000187,AC00099,train,-0.02015120359930933,0,-0.12717032814259022,0,-1.8417808142331218,0,-407.4279675804507,0,1.1920928955078125e-07,0,0.42826041533827375,1,6.504567617246963,0,-13.277810905335752,0
TX000192,AC00099,val,-0.0196065038218598,0,-0.02346535238832348,0,-0.5673908974082043,0,-375.3077187801987,0,0.0,0,0.4849386525498919,1,7.569097226163907,0,-9.417838575009373,0
TX001949,AC00100,train,-0.11518035182686132,0,-0.23220097449333066,0,-1.6646131947614382,0,-475.53886791345417,0,0.0,0,0.18099804891837032,0,3.736710110855157,0,-78.25386610010369,0
TX001048,AC00100,train,-0.07341364889870283,0,-0.22867587995956962,0,-1.551730821645977,0,-400.2484260967961,0,0.0,0,0.18466899736712675,0,4.193410491100643,0,2.9249427970062207,0
TX001151,AC00100,val,-0.06307655898644915,0,-0.22925017160934646,0,-2.1142929235374766,0,-450.65666579100093,0,0.0,0,0.1719622854485553,0,4.052523116031968,0,-19.932012473829037,0
TX002194,AC00101,val,-0.04547176322567892,0,-0.15849119537510292,0,-0.4046206445014491,0,-433.55380802325993,0,0.0,0,0.21432452673547842,0,5.773202929862113,0,-54.040830816719,0
TX001488,AC00101,train,-0.05832069420032504,0,-0.17212872046748062,0,-1.3277710418940796,0,-459.1085693180692,0,1.1920928955078125e-07,0,0.40105500031288366,1,6.083915317182458,0,-59.89150075402341,0
TX000680,AC00101,train,-0.062017427398501246,0,-0.20284104465154762,0,-1.2066339350967308,0,-461.6812543052223,0,0.0,0,0.3343033549121113,1,4.4631704007409665,0,-19.878151497718466,0
TX000721,AC00102,train,-0.09714978470702057,0,-0.20462515217612887,0,-2.1082472360926072,0,-477.13457762228876,0,0.0,0,0.25837259086151665,0,4.735327541911326,0,-81.56959549356992,0
TX001613,AC00102,train,-0.07168971824548664,0,-0.209136656122616,0,-0.9704772252485423,0,-456.34192564641893,0,1.1920928955078125e-07,0,0.3386028766825931,1,5.104635332433113,0,-55.736264226868734,0
TX001822,AC00102,val,-0.07673532482603479,0,-0.1917218603206592,0,-1.2449574898063887,0,-459.4699436491398,0,0.0,0,0.1907413849390636,0,4.252086676147575,0,-19.504459649983335,0
TX000788,AC00102,val,-0.0885735595302029,0,-0.2520817690475753,0,-2.216051143576621,0,-470.1746930557499,0,0.0,0,0.16958790413510688,0,4.489858284108616,0,-26.00071550052007,0
TX001081,AC00102,train,-0.09681827611303018,0,-0.2698420813193826,0,-2.2167105433635506,0,-475.8883352073876,0,5.960464477539063e-08,0,0.04495337634307102,0,3.380377654582149,0,-30.04438236203945,0
TX002040,AC00103,val,-0.051463634292867655,0,-0.20370558043973275,0,-2.2882616992798397,0,590.5753051989202,1,0.0,0,0.26572387847734397,0,5.990721439043,0,-54.16947412941783,0
TX001240,AC00103,train,-0.047893263829936306,0,-0.2209835042425341,0,-0.7827899831770555,0,-447.2843970049293,0,0.0,0,0.37488504306567094,1,9.130049617382896,0,-54.291580002183224,0
TX000503,AC00103,val,-0.06979043946595509,0,-0.22492646728218335,0,-2.8157562641476908,0,-454.2400737268784,0,0.0,0,0.3199046640428313,1,5.105393582369155,0,-22.429799953002828,0
TX002406,AC00103,train,-0.06680668569318216,0,-0.21310328240613252,0,-2.3686265881523045,0,-438.2999625886569,0,0.0,0,0.19931206728627207,0,3.8711513115309164,0,-16.706662802009607,0
TX001796,AC00103,train,-0.06409513985030812,0,-0.1259385921341405,0,-2.9280153185766657,0,-425.5490055611166,0,0.0,0,0.4321215726695914,1,4.764763359266024,0,-16.268294340858777,0
TX001407,AC00104,train,-0.11494036451258793,0,-0.24052635020290514,0,-2.416992900916739,0,-475.167612235014,0,0.0,0,0.16637174881540323,0,3.3339207789578396,0,-76.73306102291498,0
TX001117,AC00105,train,-0.062407199069288155,0,-0.2056552928226374,0,-1.046762108585762,0,-386.9303029206034,0,0.0,0,0.11828088362233297,0,4.678183171912514,0,-74.39423147069675,0
TX001598,AC00105,train,-0.08917658513119198,0,-0.20821666721804988,0,-1.320717347839235,0,-469.18329377191435,0,0.0,0,0.34251036713011834,1,4.498405844327353,0,-62.39349559458478,0
TX002159,AC00105,train,-0.06849447245659812,0,-0.10718527305201353,0,-0.8627729635853232,0,-454.75213503436333,0,8.429369702178807e-08,0,0.40392614177946995,1,5.038277551516282,0,-7.779716531394438,0
TX000175,AC00106,train,-0.09582368014924847,0,-0.21407944200506535,0,-1.5361954874150285,0,-474.79627845209745,0,0.0,0,0.14747738287082662,0,4.114082682177035,0,-78.7432558133433,0
TX000319,AC00106,train,-0.10020753788487918,0,-0.2005463852434224,0,-2.0347749401454713,0,-473.9819367661203,0,0.0,0,0.3426088814321574,1,4.891824140669179,0,-64.0577930594345,0
TX002024,AC00106,train,-0.1120718521689853,0,-0.2469027777482622,0,-2.5719777673422914,0,-475.82227572073094,0,0.0,0,0.0719214497809484,0,3.2030697391799676,0,-24.03727805683708,0
TX000091,AC00106,train,-0.01628867239710624,0,-0.17589160274282967,0,-2.834969906937161,0,-250.98815470136418,0,1.1920928955078125e-07,0,0.429364577608085,1,6.071098550071892,0,1.5202303467799752,0
TX000844,AC00106,train,-0.09399118105424126,0,-0.2362588565871444,0,-3.346962943546643,0,-472.4552997997297,0,5.960464477539063e-08,0,0.128536054697416,0,3.4278708343512787,0,-28.153271804046955,0
TX001645,AC00106,val,-0.08628289721809185,0,-0.23351014343248955,0,-3.0791662558439175,0,-462.5173776620874,0,5.960464477539063e-08,0,0.0773748989275273,0,3.087158588411438,0,-27.42305034181663,0
TX000785,AC00107,train,-0.10210783350115021,0,-0.2555529112838072,0,-2.2092684483307714,0,-476.8982182631695,0,0.0,0,0.2338730715258841,0,4.147582856070239,0,-79.6239637665549,0
TX000341,AC00107,train,0.021529338251833563,1,0.26187263467663624,1,4.692632224602857,1,12.303988977939866,1,8.531706691555547,1,0.7660038513738853,1,23.116403557316122,1,-39.1379041023242,0
TX000198,AC00107,train,0.05975516630448485,1,0.21698343725115632,1,2.1916329927967118,1,-253.25201665837056,0,2.384185791015625e-07,0,0.6557046571717149,1,11.515270326206807,1,17.137914933479347,1
TX001185,AC00107,train,0.005105459543145674,1,-0.10948417128683885,0,0.0001840984435155235,1,-284.87550037276964,0,1.1920928955078125e-07,0,0.42915359154154714,1,7.135599679872402,0,-0.7545823124941688,0
TX000603,AC00107,train,-0.027487178076688157,0,-0.0032411410625659,0,-1.099546471665679,0,-307.10685924162215,0,1.1920928955078125e-07,0,0.5199398120295713,1,7.187448937419212,0,-2.6102656525710057,0
TX001734,AC00108,train,-0.050282900910833206,0,0.04988444732720865,1,-1.1779853155827844,0,-451.62223156288184,0,1.4600096599955427e-07,0,0.43897059861324855,1,5.258803529351604,0,-66.05734292816885,0
TX001697,AC00108,train,-0.01830204675979974,0,0.06900470395703251,1,1.1103606784273925,1,-125.68599055391445,0,6.896934296129412,0,0.7435152045044044,1,10.189838537273422,0,-5.223551933585279,0
TX000218,AC00108,train,-0.06546792318775918,0,-0.2177572340332028,0,-2.115085084304935,0,-448.4803621590215,0,0.0,0,0.19703543526158707,0,4.699712469789819,0,-20.381852848664156,0
TX001203,AC00108,train,-0.08039731385826149,0,-0.2493614416628488,0,-2.741004219285923,0,-454.5730905461809,0,0.0,0,0.1269980831295932,0,3.260580360093331,0,-22.635562733684377,0
TX000144,AC00108,train,-0.07494939946421125,0,-0.219248441726958,0,-2.7804308586386064,0,-456.44407922501136,0,5.960464477539063e-08,0,0.17604429243934594,0,3.2377294623051984,0,-25.16149584597351,0
TX001159,AC00108,train,-0.0828718917414542,0,-0.2126497357517072,0,-2.452717466611025,0,-389.98247134016094,0,8.429369702178807e-08,0,0.3224278677563103,1,4.253532430136248,0,-22.652901208675992,0
TX000907,AC00109,train,-0.1037966223439537,0,-0.2574758037271352,0,-0.4644735824947883,0,-470.51619422706307,0,0.0,0,0.01670061992956354,0,5.846657912476122,0,-77.94906499149505,0
TX001165,AC00109,train,-0.01892363898713273,0,-0.17737928862168117,0,-0.3534378841388879,0,-74.71280240660002,0,0.0,0,0.6064429519749703,1,7.238908807701511,0,-47.12193941455436,0
TX000746,AC00110,train,-0.09169288921715374,0,-0.2492364351886197,0,-1.8008987351813044,0,-469.9379269155678,0,5.960464477539063e-08,0,0.04311477783726808,0,4.0399361439829455,0,-77.07641297800063,0
TX001330,AC00110,train,-0.10998960224943177,0,-0.2454727566044912,0,-2.484377327612222,0,-476.7311707644601,0,0.0,0,0.14532644305113743,0,3.506122378953421,0,-65.30153521907069,0
TX002150,AC00110,train,-0.016721598520829883,0,-0.02487955512186346,0,-1.7211660759008751,0,-354.7166128760809,0,0.0,0,0.5524042209648469,1,6.44411091441707,0,15.933913398888873,1
TX000298,AC00110,train,-0.0569653091860442,0,-0.16387128511786297,0,-1.7622766222435082,0,-407.56483590917315,0,8.429369702178807e-08,0,0.35812645100167706,1,5.20694972740752,0,-17.357309339501587,0
TX002064,AC00110,train,-0.002576332523095193,0,0.0029759401268998342,1,-1.101588375904738,0,-359.99836151225225,0,1.1920928955078125e-07,0,0.4763934848424835,1,5.53004204151991,0,16.744682882139525,1
TX000074,AC00110,train,-0.004661236175117711,0,-0.08310493010818099,0,-1.3097585421849693,0,-402.27154838947627,0,0.0,0,0.4605179032378647,1,5.698340841088952,0,-12.754634084650878,0
TX000747,AC00110,train,-0.08912430854882042,0,-0.21005221190300438,0,-1.9304499639059092,0,-318.74867453722857,0,5.960464477539063e-08,0,0.18347618064634216,0,3.7093356984470542,0,-16.27255344973911,0
TX001339,AC00110,val,-0.09230977985270816,0,-0.2268114717315386,0,-1.4252208500336678,0,-266.39197595784003,0,0.0,0,0.1449676630062218,0,3.935606021258649,0,-12.466486738212982,0
TX000975,AC00111,train,-0.10905284642506652,0,-0.27271635883108325,0,-1.2103653471249594,0,-477.8747629331847,0,8.429369702178807e-08,0,0.03744598885822733,0,4.811058537318671,0,-81.09854949410234,0
TX001755,AC00111,val,-0.026592435657924685,0,-0.10966108330983748,0,-1.248681692256529,0,-398.0564925000894,0,1.6858739404357614e-07,0,0.5772070572793073,1,8.895591724564955,0,-22.102264341674672,0
TX000158,AC00111,val,-0.06390378652318868,0,-0.23966956698417086,0,-2.2069810150648497,0,-192.1557763583814,0,1.1920928955078125e-07,0,0.12968527224391332,0,6.322965127539355,0,-10.893143521738121,0
TX000703,AC00111,train,-0.08098941388778125,0,-0.24213603437466946,0,-1.7585896722501015,0,-132.57079405644237,0,5.960464477539063e-08,0,0.15239190398587332,0,3.6959385602420647,0,10.141747152262202,0
TX002404,AC00111,train,-0.018229514030617344,0,-0.1478266427974504,0,-0.6850952109705801,0,-370.1178813629517,0,2.384185791015625e-07,0,0.578109785931757,1,10.016489404429906,0,-6.482551618202661,0
TX000939,AC00111,train,-0.005615086237133804,0,-0.09961938927207425,0,-0.805462340297554,0,-315.3532246622901,0,1.1920928955078125e-07,0,0.45446287148361036,1,6.125697252090344,0,-6.9760394694884305,0
TX001481,AC00111,val,0.02447408017373154,1,-0.10467686541347554,0,-0.9139394997817174,0,-265.79258187025846,0,0.0,0,0.4476413118359661,1,5.639484704627552,0,-2.251887817328058,0
TX001563,AC00112,train,-0.10026863721305485,0,-0.20509235477320287,0,-1.5398284816163237,0,-463.2730337061849,0,0.0,0,0.3275905643538959,1,7.254002023460567,0,-75.9522359064157,0
TX000190,AC00113,train,-0.09165680636901707,0,-0.16853972424337793,0,-1.1724070886226734,0,-461.8377240278063,0,0.0,0,0.30659174207696666,0,4.615591234318752,0,-73.03305787432424,0
TX001360,AC00113,train,-0.08741976410239444,0,-0.22143133124150927,0,-1.8747870894150953,0,-464.6741021329582,0,0.0,0,0.18456889722791558,0,3.7788470270726315,0,-59.993239847308075,0
TX000201,AC00113,train,-0.04402344907681188,0,-0.10619517302844605,0,-2.303288979646105,0,-449.5499214575166,0,0.0,0,0.4171219555966072,1,5.015686372850233,0,-7.67102726217191,0
TX002020,AC00113,train,-0.050365080923875205,0,-0.1968470021401878,0,-2.9477445892667795,0,-306.11261408394006,0,0.0,0,0.3568940619685408,1,5.2286838535786435,0,4.394135359327674,0
TX000802,AC00114,train,-0.11087817523435511,0,-0.2682540597971068,0,-2.025757198156379,0,-477.1757786256577,0,0.0,0,0.1419385507434225,0,3.4878647613991336,0,-79.82545165498448,0
TX000561,AC00114,train,-0.058986217057563184,0,-0.13716392896341767,0,-0.5629894551489958,0,-441.0842238311388,0,0.0,0,0.3792697740995934,1,5.9058341829791825,0,-53.68775085150421,0
TX001617,AC00114,train,-0.04651043002916683,0,-0.12749820178364657,0,-0.7758191496840929,0,-443.9285332070987,0,0.0,0,0.3771493064116734,1,4.489146453374844,0,-14.462144234913755,0
TX000142,AC00114,val,0.017733775131761997,1,-0.0770703965243622,0,-0.6797699914044397,0,-383.1646925012241,0,0.0,0,0.6148843057014105,1,8.004039206658666,0,17.650226365989944,1
TX000497,AC00114,val,-0.0037091764425669638,0,-0.13216955865902058,0,-1.3251612109920732,0,-352.098073879635,0,0.0,0,0.40074189369514973,1,4.65191507673116,0,14.681679563158436,1
TX000966,AC00114,train,-0.046450339799338214,0,-0.2091091292760756,0,-2.158949866500226,0,-410.90574074261457,0,0.0,0,0.33628041411456366,1,4.478077329802543,0,-19.36798357830016,0
TX001995,AC00114,train,-0.03827400140453768,0,-0.17374916240123972,0,-1.1821480332482182,0,-318.36622827519267,0,0.0,0,0.3645424224332932,1,4.7207557827934545,0,-14.831854811011613,0
TX000228,AC00115,train,-0.08648577871349056,0,-0.1277656696727203,0,-1.600325337952464,0,-410.5287492311615,0,2.384185791015625e-07,0,0.5160870951330156,1,9.735871600428828,0,-75.87067011894257,0
TX002189,AC00115,train,0.001529338308542516,1,-0.22911345948025663,0,-0.06248239175614145,0,-436.3414803505911,0,0.0,0,0.44411870999852254,1,10.937077609445916,1,-43.7859106394546,0
TX000053,AC00115,train,-0.0778144331522665,0,-0.20456783852865001,0,-2.146713512653177,0,-457.6047818171621,0,8.429369702178807e-08,0,0.3346796852477748,1,4.0216263508291705,0,-20.317447345888016,0
TX002146,AC00116,train,-0.08126051083170471,0,-0.17846249887888943,0,-0.33053672191014094,0,-462.34478836431725,0,0.0,0,0.21931797341169657,0,6.299810003793204,0,-73.13527650396723,0
TX000392,AC00116,train,-0.023394162140980224,0,0.17784701052408125,1,1.8629552866878711,1,1301.7445156415204,1,4.858991923033196,0,0.637830181062598,1,18.57894938758845,1,-125.12646002364693,0
TX002490,AC00116,train,-0.03800766742314826,0,-0.21307371809948883,0,-1.6884618542231458,0,-378.56192903109303,0,0.0,0,0.35502958215905406,1,6.762258191375743,0,-3.6205249884366,0
TX001373,AC00116,train,-0.08456814338647761,0,-0.23142032514320365,0,-2.597933688541655,0,-471.9877483827773,0,8.429369702178807e-08,0,0.15709272096047716,0,3.996351136462629,0,-26.768276842791135,0
TX002425,AC00116,train,-0.06233302061862134,0,-0.24514210929507718,0,-1.2896174687476787,0,-414.4087043897568,0,0.0,0,0.11172906789023729,0,3.711522136577553,0,-19.095341458824567,0
TX000700,AC00116,train,-0.1049747781773685,0,-0.2656109749701674,0,-1.949341937389189,0,-463.7273682129547,0,5.960464477539063e-08,0,0.07278296536884157,0,3.494871735202401,0,-26.250947275646727,0
TX000044,AC00117,train,-0.07117144563578881,0,-0.01729547223879968,0,-0.6400386426055444,0,-464.167033012741,0,0.0,0,0.3914707947614709,1,6.04679494470978,0,-74.7387893360921,0
TX002511,AC00118,train,-0.10473932603773145,0,-0.23273685357978025,0,-1.6236052861430572,0,-475.3341391252552,0,0.0,0,0.18002321976555463,0,3.9293334469574206,0,-78.0883636217039,0
TX001436,AC00118,val,-0.07091487800899504,0,-0.23314189550713027,0,-1.5373731672453346,0,-436.0454540664427,0,0.0,0,0.4705749055841948,1,5.26537781354283,0,-62.92049492970756,0
TX002279,AC00118,train,-0.11467503604883622,0,-0.2586417926256094,0,-2.5511225416815346,0,-469.4647922367271,0,5.960464477539063e-08,0,0.03414926603364579,0,3.455461094244893,0,-27.689933197434318,0
TX001633,AC00118,train,-0.07352749504898232,0,-0.20136292685960133,0,-2.1442139576396837,0,-454.54781076971364,0,5.960464477539063e-08,0,0.19566644847593595,0,3.8448119335338387,0,-21.9046617395157,0
TX000722,AC00119,val,-0.07506881150851241,0,-0.1087545119056148,0,-1.934847060904195,0,-463.70272270699047,0,8.429369702178807e-08,0,0.36159081539168425,1,5.036885088199203,0,-69.01435880547973,0
TX002383,AC00119,train,-0.026904275541294598,0,0.30187577305963975,1,4.894961426978385,1,1331.8465162463826,1,17.726257874276822,1,0.7803989769584491,1,19.933059841078112,1,-138.38691447433283,0
TX001947,AC00119,val,-0.027928239947848543,0,-0.1949103956310818,0,-2.029419187185823,0,-433.039988377527,0,0.0,0,0.3677547884231188,1,5.2480314686895095,0,-10.644320428267479,0
TX001446,AC00119,val,-0.08573336218191141,0,-0.21344130234634506,0,-2.0413555168638364,0,-459.26243851250894,0,0.0,0,0.325886504558821,1,3.9760536919978136,0,-22.41332330263401,0
TX000301,AC00119,train,-0.05990949883089558,0,-0.22466123316265296,0,-2.048256854782899,0,-444.3633365216448,0,0.0,0,0.19719189861148703,0,3.604078530957872,0,-23.2657216757631,0
TX000452,AC00119,train,-0.10067843919373332,0,-0.25492416548999586,0,-1.6893022968765248,0,-390.9327901898523,0,0.0,0,0.029397452367335,0,3.2825478658335037,0,-23.909309235653357,0
TX001391,AC00120,val,-0.12024768954768877,0,-0.26077345956736786,0,-2.2526409441412074,0,-479.4961886607633,0,0.0,0,0.0,0,3.504814497231615,0,-80.42244383610797,0
TX001727,AC00120,train,-0.0902550019812155,0,-0.1352570307832499,0,-1.4316862981687724,0,-463.3434142972255,0,0.0,0,0.3683573881045923,1,5.3931313643163605,0,-56.821168224669414,0
TX000043,AC00120,train,-0.07347402705246892,0,-0.2214769558098817,0,-2.1281215133986855,0,-451.3587905639688,0,0.0,0,0.16848633292406515,0,3.606388653171291,0,-18.80960123438184,0
TX001059,AC00120,train,-0.0416704028330917,0,-0.21199491697632467,0,-2.9281972384144286,0,-242.9506580394713,0,0.0,0,0.20088637197628964,0,5.505246640253581,0,-16.004836700300114,0
TX002053,AC00120,train,-0.08857726791555603,0,-0.23715728085259102,0,-2.6863125325979738,0,-464.881759327403,0,8.429369702178807e-08,0,0.1382573382935319,0,3.7020927470192606,0,-25.8011888793193,0
TX001169,AC00120,val,-0.03751421324137505,0,-0.19125711234602694,0,-2.649661215813312,0,-384.684014602449,0,0.0,0,0.18217210689803215,0,3.7557643923876163,0,12.271063771066022,0
TX001718,AC00121,train,-0.10822630842473102,0,-0.10627201133914177,0,-0.8047190700849551,0,-457.8228904522564,0,1.1920928955078125e-07,0,0.263508096490333,0,5.543765672484117,0,-72.59275164381826,0
TX000114,AC00121,train,-0.024398654765933836,0,-0.13785469944619266,0,-1.116042728732424,0,-450.0625905897563,0,0.0,0,0.39538083916121275,1,6.062247465907219,0,-41.18334183175324,0
TX001118,AC00122,train,-0.09252547496878055,0,-0.23976510983781663,0,-1.980924828026934,0,-470.78712666823276,0,0.0,0,0.24556985952709404,0,3.5841851817536043,0,-77.13235529556505,0
TX001531,AC00122,train,-0.038943025947159204,0,-0.19660538208851075,0,-1.0024209755189535,0,-293.91927141925817,0,0.0,0,0.4567813011845219,1,6.516596171897872,0,-54.25916984422882,0
TX000518,AC00122,train,-0.10005593800023771,0,-0.18547078310210496,0,-3.4036219510856522,0,-468.9839888655617,0,0.0,0,0.38498882226701375,1,4.901883819529282,0,-18.44078108178974,0
TX001753,AC00122,train,-0.06346642468314884,0,-0.10820593256306088,0,-1.998650898960543,0,-462.7298724546321,0,1.1920928955078125e-07,0,0.430955490537029,1,5.1930500735555265,0,-18.344692416383555,0
TX002474,AC00122,val,-0.08962326019006756,0,-0.22739887639074885,0,-2.412054193752999,0,-468.51146881323973,0,0.0,0,0.1264331366590265,0,3.82001194208942,0,-25.944631859070515,0
TX000447,AC00122,train,-0.06744408283197822,0,-0.18996772375590854,0,-1.5849106694666144,0,-445.40802424079635,0,0.0,0,0.32673812628069515,1,4.369378634329293,0,-19.869063869734074,0
TX001574,AC00123,train,-0.10689135467100969,0,-0.25245323609091974,0,-0.8518145515814339,0,-476.6139055821253,0,0.0,0,0.021657634008684368,0,5.066574845893654,0,-79.01450264081451,0
TX001320,AC00123,val,-0.09342924759637167,0,-0.22739518617132082,0,-2.0671517297567927,0,-467.7196739210184,0,8.429369702178807e-08,0,0.182349690349515,0,4.707275678819111,0,-59.08657692375279,0
TX000685,AC00123,val,-0.05968862523344054,0,-0.20416373527649156,0,-2.588457854612283,0,-465.6656107600289,0,0.0,0,0.4182883076276269,1,6.866684024261767,0,-16.79159021722898,0
TX001547,AC00123,train,-0.08559799668185342,0,-0.24588075940046017,0,-1.8046334198670255,0,-461.68180248520446,0,5.960464477539063e-08,0,0.09607868123638548,0,3.7268321986216244,0,-24.549687750428465,0
TX000963,AC00124,train,-0.09438341661638472,0,-0.04797514943313952,0,6.222698084634715e-05,1,-446.87078289653374,0,0.0,0,0.34207727784925873,1,6.5377153255417735,0,-69.05904561696464,0
TX000851,AC00124,train,-0.027486693623307357,0,0.011594923372607147,1,-3.641269306697836e-05,0,-436.48092894444505,0,1.1920928955078125e-07,0,0.5109076602117715,1,5.682190558619889,0,10.511731001496042,0
TX001763,AC00124,train,0.0022871069143939327,1,-0.03813571857797515,0,0.8127377587213633,1,313.9003028087505,1,6.008875894978586,0,0.7383734056456642,1,14.0996006938886,1,-125.12635680596495,0
TX001196,AC00124,train,-0.06811306776377185,0,-0.21242062261863093,0,-1.787975735398911,0,-443.1325603592411,0,0.0,0,0.32394728557606045,1,4.365526228572262,0,-22.20699538704073,0
TX000811,AC00125,train,-0.09367249061099281,0,-0.21734102941017897,0,-1.5892480005994933,0,-470.9218669471485,0,0.0,0,0.17132994378814134,0,4.0416623058361525,0,-76.44041773744206,0
TX002488,AC00125,train,-0.07822653570440269,0,-0.23538790426985545,0,-1.7256392319014928,0,-456.87894705145465,0,8.429369702178807e-08,0,0.1412530362922812,0,3.7859891323624986,0,-57.01714597889455,0
TX001293,AC00125,train,-0.10214873746557956,0,-0.2370986387193097,0,-1.357275690659094,0,-467.3472187968792,0,0.0,0,0.09045474133985988,0,3.8403276490045624,0,-22.901211145316747,0
TX001210,AC00125,train,-0.057611799829267785,0,-0.2337045373749218,0,-2.055517166771738,0,-384.8693149783682,0,1.1920928955078125e-07,0,0.3528355639854117,1,6.6099779984966185,0,-14.580747614531163,0
TX001317,AC00125,train,-0.08859159212890527,0,-0.24247513978331914,0,-1.7078446991846299,0,-457.11032529586595,0,5.960464477539063e-08,0,0.1397341378182181,0,3.903201955544487,0,-22.37626531824834,0
TX000537,AC00125,val,-0.07303125603614646,0,-0.2484129116131626,0,-1.586890072552496,0,-455.7874552424722,0,0.0,0,0.09611709860217302,0,3.5170632631187324,0,-23.509732080846216,0
TX002111,AC00126,train,-0.10654319606241852,0,-0.26065460212308944,0,-1.6715868572581982,0,-476.0399059505408,0,0.0,0,0.1635073768535988,0,3.9118478436604533,0,-80.19738693160555,0
TX000250,AC00126,train,-0.08631089961240768,0,-0.25132357501652514,0,-1.14438036127307,0,-462.7382910457195,0,0.0,0,0.09215545638426607,0,3.989285538001113,0,-58.406590016947284,0
TX002303,AC00126,train,-0.0546589116193783,0,-0.23288182139951874,0,-1.8831098659296632,0,-466.6129058752421,0,0.0,0,0.15662885078347902,0,3.8386101660735874,0,2.9896942673174003,0
TX001637,AC00126,train,-0.10801412486864387,0,-0.26819815906274425,0,-2.0161662686630812,0,-477.0721144012723,0,0.0,0,0.012161123472620572,0,3.1796148883649114,0,-26.06441724155322,0
TX001380,AC00126,train,-0.09639894797593462,0,-0.2678894260478254,0,-1.631397344144224,0,-472.04916312227135,0,0.0,0,0.06427518343323627,0,3.4745901927407408,0,-23.911882286669506,0
TX001189,AC00126,train,-0.016065970315499833,0,-0.18151209156954007,0,-2.2932186511382557,0,-274.2543861783574,0,0.0,0,0.488964370922843,1,5.589336691653654,0,9.924044701607233,0
TX000761,AC00126,train,-0.10278846079292175,0,-0.2646685117536558,0,-2.2553591173117997,0,-430.74282551538477,0,0.0,0,0.08443477395399576,0,3.3254258092828475,0,-23.925989948179765,0
TX000515,AC00127,train,-0.08981806903159795,0,-0.23395406355995396,0,-2.17362126545806,0,-464.865249838216,0,0.0,0,0.3416921321244534,1,6.932007943423146,0,-76.08440557718095,0
TX001553,AC00127,train,-0.05372273165566688,0,-0.24083249698382359,0,-0.23775367968153915,0,-446.6393470834507,0,0.0,0,0.4506917829873054,1,11.196925812234465,1,-59.3645626045653,0
TX001866,AC00128,train,-0.07327791229800701,0,-0.18339270740983493,0,-1.8280864861464305,0,-467.6086346405304,0,0.0,0,0.37465271700421243,1,6.620996733939628,0,-78.15568954620272,0
TX000488,AC00128,train,-0.05349638279153157,0,-0.12332143910434623,0,-0.6196409534994274,0,-326.0260216942658,0,0.0,0,0.6280287126773703,1,9.731622765968321,0,-28.622295861841256,0
TX002471,AC00128,train,-0.06653321000912188,0,-0.0439966158904217,0,-1.2477069900735405,0,-411.29547134744973,0,0.0,0,0.5748538383261194,1,9.553697142641612,0,-16.53414946651209,0
TX000402,AC00128,train,-0.03774873753993219,0,-0.1065411245041159,0,-1.8245819707966415,0,-441.38674231060946,0,0.0,0,0.43684137943417467,1,5.207547496203387,0,-9.94203872944429,0
TX000001,AC00128,train,-0.10741378974023263,0,-0.2570071613802404,0,-2.103467658029226,0,-440.09720699455744,0,0.0,0,0.07083046187780631,0,3.7845768565200295,0,-18.597196440728457,0
TX001757,AC00128,val,-0.0633832597946758,0,-0.1769055548891898,0,-1.0282170522432867,0,-416.670161045747,0,0.0,0,0.3483773095100659,1,4.210974323029169,0,-16.517635193324804,0
TX001282,AC00128,train,0.044679425329429256,1,-0.04869411738182228,0,0.00037705190472614447,1,769.8142930018514,1,2.384185791015625e-07,0,0.6292860626232807,1,11.701327615032218,1,-3.16405751941212,0
TX000924,AC00129,val,-0.12175778828393918,0,-0.1911306630093097,0,-1.7277247002303788,0,-473.7283693574762,0,5.960464477539063e-08,0,0.22107258666205765,0,4.03669605602655,0,-76.4487125559472,0
TX001655,AC00129,train,-0.08967862353872952,0,-0.19976748477895323,0,-1.6108492493268844,0,-468.39401144043535,0,0.0,0,0.3480000003804604,1,4.15893196040714,0,-60.04954656270594,0
TX000818,AC00129,train,-0.0996417697566847,0,-0.2535022134731506,0,-3.135155747873041,0,-472.46244426324427,0,8.429369702178807e-08,0,0.14810102475927656,0,5.0686368705059985,0,-25.29364532241135,0
TX002411,AC00129,train,-0.10611607826656139,0,-0.2630677404928069,0,-2.586264360007526,0,-477.63033413516905,0,0.0,0,0.05268961888444565,0,2.9760796582250073,0,-28.371629637792733,0
TX002357,AC00130,train,-0.10647261415453851,0,-0.23747652939653863,0,-1.724519472766504,0,-463.95604455564876,0,0.0,0,0.22108188134891518,0,5.218801744949785,0,-75.21835014273718,0
TX000620,AC00130,val,-0.056020370652996476,0,-0.14320520668823677,0,-0.8405956013881681,0,-369.3573892170515,0,0.0,0,0.469339894039346,1,6.711781824458621,0,33.6857581415091,1
TX001858,AC00130,train,-0.03773871260324041,0,-0.2520178465663432,0,-1.331264332879467,0,-65.20750502905855,0,0.0,0,0.49933299672231457,1,6.611378441749547,0,-13.86312945394078,0
TX000215,AC00130,train,-0.08849324683040094,0,-0.240178604026676,0,-2.9654403032042413,0,-428.0549997968423,0,5.960464477539063e-08,0,0.1410401733685024,0,3.20350929692247,0,-22.844247588734955,0
TX001624,AC00130,val,-0.07169791721298485,0,-0.18862139241361797,0,-2.905477988958163,0,-456.8454869906051,0,0.0,0,0.3566703261827608,1,3.5882994541186846,0,-19.23416437574487,0
TX000674,AC00130,train,-0.05090727517137278,0,-0.23006655254783093,0,-2.3804756709611077,0,-446.7063569125109,0,0.0,0,0.15621428083054598,0,3.4038077843382926,0,-20.415389923781806,0
TX000949,AC00130,train,-0.053440026510592986,0,-0.08179539093683341,0,-1.7717207836189868,0,-381.0360430840832,0,0.0,0,0.4147036557662571,1,4.181850234721841,0,-4.67410651800353,0
TX002374,AC00130,train,-0.0900168771358385,0,-0.26503485279269867,0,-2.7778964945122606,0,-410.69278672452356,0,0.0,0,0.12455798716030218,0,2.957923630135255,0,-24.768407292994247,0
TX001497,AC00130,train,-0.08777581991062133,0,-0.218367970906997,0,-1.6939124036070403,0,-403.22433633126377,0,0.0,0,0.197871418497029,0,3.657449341230069,0,-20.26134848321472,0
TX000664,AC00131,val,-0.0709373161507556,0,-0.2243006164483663,0,0.2711696763700999,1,-282.0889177590618,0,2.384185791015625e-07,0,0.5265167070660637,1,8.549872003635272,0,-62.46065572218544,0
TX001862,AC00131,train,-0.050814968266442384,0,-0.1866707539743735,0,-1.1169976405944926,0,-454.2284223338971,0,0.0,0,0.36325046208230427,1,5.114209906587609,0,-52.83405478013837,0
TX000827,AC00131,train,-0.09149987531433412,0,-0.2015267236101559,0,-2.51724459006987,0,-464.67990549059067,0,0.0,0,0.3318887952515934,1,4.638316311904874,0,-22.320255607426876,0
TX000377,AC00131,train,-0.10905604185580248,0,-0.265729478567585,0,-2.6447329722801847,0,-476.4663167536838,0,4.2146848510894035e-08,0,0.058775196201818904,0,2.8581500727643188,0,-28.149667607549222,0
TX000393,AC00131,train,-0.10033424486867049,0,-0.2664458831089438,0,-2.748599171001402,0,-474.5098725783216,0,0.0,0,0.04867769992155446,0,2.7465569006808415,0,-29.010493407076563,0
TX000644,AC00131,train,-0.10522118964483107,0,-0.25342662713866704,0,-3.05635603958315,0,-472.98196984270976,0,5.960464477539063e-08,0,0.11933062268021294,0,2.9793967684101776,0,-28.63048171554079,0
TX002199,AC00131,train,-0.12316043246795993,0,-0.26740218533351967,0,-2.3973523346494066,0,-438.6788278244445,0,4.2146848510894035e-08,0,0.09023755241365232,0,3.0948895148756055,0,-26.78502407779928,0
TX001571,AC00131,train,-0.04504959843886408,0,-0.1733733102182955,0,-0.6325540113257819,0,-411.0148747210239,0,0.0,0,0.3845994097238277,1,5.281141657010779,0,-12.199177654924373,0
TX002192,AC00131,val,0.014077095665895545,1,0.9390156063827619,1,8.133915791148919,1,3472.8615150011337,1,32.149651099018335,1,0.8658451032946998,1,34.741850101083934,1,442.7740208272643,1
TX001465,AC00132,train,-0.09275679882642907,0,-0.24760176300249337,0,-1.744609446229589,0,-375.8383164762485,0,0.0,0,0.14059311802161453,0,4.04671779147391,0,-74.68872420588107,0
TX001589,AC00132,train,-0.10064553375056462,0,-0.2337608728129419,0,-1.570874680363623,0,-467.9443263074871,0,5.960464477539063e-08,0,0.15989391582533943,0,3.8170214769987063,0,-60.99734835129736,0
TX000189,AC00132,train,-0.020358870038695798,0,-0.17739431085233526,0,-0.4952788871953846,0,-428.5293868942289,0,0.0,0,0.3771463607312806,1,5.386742254374956,0,11.868134419758132,0
TX002359,AC00132,train,-0.06787113915052645,0,-0.23668786736845826,0,-1.7829531799941023,0,-456.8046917558567,0,8.429369702178807e-08,0,0.17254176794189385,0,5.287393100577776,0,-19.632499707122815,0
TX000665,AC00133,train,-0.07196265233115862,0,-0.1536611828961203,0,-1.788733773349879,0,-171.95108088211748,0,8.429369702178807e-08,0,0.35913822946559115,1,4.545989626256771,0,-73.30096313327857,0
TX001403,AC00133,train,-0.08641370371081636,0,-0.19050544806036007,0,-1.8105274079454308,0,-460.10407854384624,0,0.0,0,0.3198072250122371,1,6.2168814716435055,0,-61.804735711804355,0
TX000886,AC00133,train,-0.06591176664942144,0,-0.19537207036848603,0,-1.796524472013445,0,-456.10186873634206,0,0.0,0,0.17100334182827692,0,3.819522574775345,0,-20.88443108441071,0
TX002203,AC00133,train,-0.08655354737201204,0,-0.1929642071239963,0,-1.6695785349491015,0,-460.3957156463956,0,0.0,0,0.3351927514047092,1,3.7601489731520954,0,-21.377247648355752,0
TX001678,AC00133,val,-0.03132062714298012,0,-0.11300266286685123,0,-0.5581160230731008,0,-431.6790002931118,0,1.1920928955078125e-07,0,0.44283008533860957,1,5.950894176824604,0,-11.380926199811004,0
TX000895,AC00133,train,-0.05615122839113168,0,-0.20457714687000972,0,-1.2899845032946082,0,-450.5068968067185,0,0.0,0,0.19027892405192678,0,4.3604245892024345,0,-23.68711115556862,0
TX000281,AC00133,train,-0.0913700329562786,0,-0.25176667890549087,0,-1.7449979617514408,0,-454.51748704332465,0,5.960464477539063e-08,0,0.10522818585628389,0,3.8027268808455954,0,-24.887747415475605,0
TX001857,AC00134,train,-0.09882151955569374,0,-0.22357409853011956,0,-0.6132788077870295,0,-467.9880984530562,0,0.0,0,0.16445788688181695,0,5.527029757785104,0,-74.01155519782984,0
TX000009,AC00135,train,-0.10146030886506668,0,-0.2706488750530238,0,-1.4147460752683934,0,-408.1984708482741,0,0.0,0,0.06694418471196972,0,4.409147186949725,0,-77.65719671878237,0
TX000388,AC00135,train,-0.08878351572339088,0,-0.04701816953701243,0,-0.3596483846156193,0,-452.3741765237404,0,0.0,0,0.44003509223742276,1,5.4437736853705,0,-53.77390935406046,0
TX001362,AC00136,train,-0.1007950898749933,0,-0.25405559766050967,0,-0.8763104826077672,0,-475.1193344106117,0,0.0,0,0.08362206232278538,0,5.2929482714818015,0,-79.01695822505704,0
TX001842,AC00136,train,-0.014061697790375471,0,0.11520261809892851,1,0.22363535699721915,1,-226.94283557975672,0,7.587550856130843,0,0.7394682456176932,1,10.194554402809644,0,-33.60664509671352,0
TX000679,AC00136,train,-0.09698201613223056,0,-0.23437766256586645,0,-2.8979257137259253,0,-449.2762185731217,0,0.0,0,0.18052106270055399,0,3.8870932445546442,0,-21.730287501053784,0
TX000410,AC00136,train,-0.04309383067889372,0,0.0599481553816672,1,-1.9149427739041212,0,-175.69752798513986,0,0.0,0,0.521196005083941,1,5.819810953057964,0,-0.23138735829784168,0
TX001312,AC00136,train,-0.07822099816198314,0,-0.15019427966846655,0,-1.6461019275854607,0,88.62455681503985,1,8.429369702178807e-08,0,0.39082546810177266,1,5.0928094890037325,0,7.153304895915564,0
TX001262,AC00136,train,-0.05645387831487769,0,-0.1927726508528833,0,-2.507030984204807,0,-380.5830359966933,0,0.0,0,0.3829014229886817,1,5.2074782198107785,0,-14.378673411990935,0
TX000919,AC00136,train,-0.013948244990445335,0,-0.1448998875496288,0,-1.8242189829787439,0,-405.63518031458113,0,0.0,0,0.41203283176611205,1,5.191935589126928,0,13.283136178220897,1
TX001416,AC00136,train,-0.006922204464737125,0,0.11719097449850246,1,2.0110621882889443,1,939.0967071513458,1,10.44441086096039,1,0.7281412830772469,1,12.08804918027599,1,-138.38683006917017,0
TX001824,AC00137,val,-0.08488188933973717,0,-0.21231919452740633,0,-0.38556534298855993,0,-464.68035259022423,0,0.0,0,0.1521818864689841,0,6.021093724845338,0,-74.94860028620471,0
TX002281,AC00137,train,-0.02707921874274627,0,-0.18905239524745077,0,-0.408307188951607,0,-264.128762951393,0,0.0,0,0.6110724522073,1,6.3045328456244825,0,-57.98839637724517,0
TX000706,AC00137,val,-0.0722745144745382,0,-0.22146690458856888,0,-1.5113644122730907,0,-462.5635005273997,0,0.0,0,0.18825695525461356,0,4.419674099149586,0,-22.250378832459628,0
TX002296,AC00138,train,-0.07664605367900834,0,-0.26702698185199025,0,-0.9968078204471436,0,-400.31044847826803,0,0.0,0,0.11488429922002497,0,5.333492339519795,0,-26.279965004361195,0
TX001290,AC00138,train,-0.023900162829268268,0,-0.016627101570127367,0,0.1792678297894721,1,-170.35888857571393,0,0.0,0,0.7129348997042717,1,8.713363664882603,0,-7.76004808817647,0
TX002162,AC00139,train,-0.0524264109701606,0,0.16346179625299873,1,0.38288543126096997,1,-418.15569213607324,0,0.0,0,0.48187007586987657,1,7.313661317871462,0,-57.49501981163885,0
TX000651,AC00139,train,-0.07607975902749009,0,-0.1574490267703792,0,-0.00036469265234551074,0,-134.4203218183569,0,0.0,0,0.5048136683764557,1,8.317820671735527,0,-57.587751716637264,0
TX001085,AC00139,val,-0.0964331030035201,0,-0.24638951176039714,0,-1.5827544994547793,0,-461.08156708306956,0,0.0,0,0.12596500464080512,0,3.965477419910209,0,-23.5244812472796,0
TX002014,AC00139,train,-0.04095581708985163,0,-0.2055738754513945,0,-1.8977031842482397,0,-344.0134660067745,0,0.0,0,0.43349288733543334,1,6.592297059738504,0,-5.002390746851537,0
TX001522,AC00139,train,-0.025102169855640566,0,-0.21585637071340602,0,-1.9487382724453042,0,-432.55960332530617,0,8.429369702178807e-08,0,0.33848552736667314,1,3.7215305803469394,0,-18.35315250402225,0
TX001575,AC00139,train,-0.05605334691311409,0,-0.24957625164247743,0,-1.7012889775471667,0,-441.44853061522224,0,5.960464477539063e-08,0,0.07256956441835505,0,3.265392920604883,0,-22.351076414602364,0
TX002173,AC00139,train,-0.09249520790363691,0,-0.23556925014030816,0,-2.4233957951958836,0,-457.80843944407036,0,0.0,0,0.17054325637707535,0,3.9162081346992426,0,-24.981335151666354,0
TX000646,AC00139,val,-0.07260875563738978,0,-0.21133714755061916,0,-0.9058881122806941,0,-445.78298486313247,0,0.0,0,0.1762793477131201,0,4.333364112529462,0,-17.899603711669197,0
TX002448,AC00140,train,-0.09452643335015343,0,-0.2204332010434935,0,-1.7788023450510302,0,-474.6811797630287,0,0.0,0,0.1607934533939725,0,3.9036940446145176,0,-76.7548950734739,0
TX002105,AC00140,train,-0.10089457016373632,0,-0.21469192115562863,0,-0.8084567027068719,0,-467.1814081449049,0,8.429369702178807e-08,0,0.15571430878431036,0,4.540131458418517,0,-61.60548700824139,0
TX000085,AC00140,train,-0.10047664039316045,0,-0.2640967553012805,0,-2.1376715533240613,0,-454.13811784934103,0,0.0,0,0.029122138270982402,0,3.606699726988075,0,-19.643479880313652,0
TX001588,AC00140,train,-0.04807625318519404,0,0.005228871600483576,1,-0.6672817471967782,0,-442.6938440372078,0,0.0,0,0.44630681167147146,1,6.086068126429997,0,-13.288133390434869,0
TX002220,AC00140,train,-0.12705398928136002,0,-0.25981399915655734,0,-1.9419661113185427,0,-477.3432209456373,0,0.0,0,0.05311684886728548,0,3.4762591734115564,0,-29.494194651171465,0
TX000332,AC00140,train,-0.08944729304057991,0,-0.2534911058599234,0,-1.3813539366172307,0,-453.19797262514373,0,0.0,0,0.10127383012848581,0,3.690878359305265,0,-23.63365807701388,0
TX002295,AC00140,train,-0.0886866144333468,0,-0.2446070451304918,0,-1.678953509881886,0,-453.80245915857006,0,5.960464477539063e-08,0,0.11955930998554262,0,3.860805284473943,0,-23.7931172797704,0
TX001759,AC00141,train,-0.12200995701671713,0,-0.25617044545984824,0,-1.8918806547147806,0,-482.32472321047464,0,0.0,0,0.0407013676267174,0,3.7823896351150057,0,-81.95242573082855,0
TX000774,AC00141,train,-0.10541062933132833,0,-0.2482904154021517,0,-1.3865012460307558,0,-467.7218368173997,0,0.0,0,0.08300033839798421,0,3.671262770319521,0,-60.352221497934195,0
TX001398,AC00141,train,-0.012238402239022728,0,-0.15655940742307473,0,-1.900339059221734,0,-166.6224482322528,0,0.0,0,0.477933882089115,1,5.5672831874888615,0,11.907312449890892,0
TX001628,AC00141,train,-0.075172508307424,0,-0.08424083165642071,0,-1.5671025926661208,0,-436.8211264830758,0,0.0,0,0.4103419487998843,1,4.599793580897809,0,-14.440018142381437,0
TX000336,AC00141,train,-0.1006635656162721,0,-0.27119986490058956,0,-2.286328560473521,0,-471.51582393491606,0,0.0,0,0.06709642304425646,0,3.4202483174779186,0,-27.94023830767151,0
TX001749,AC00142,train,-0.0768749342322208,0,-0.18453344831008467,0,-2.0739971507704364,0,699.8824751903926,1,0.0,0,0.2778971775588047,0,6.9854304696448155,0,-76.84930137346656,0
TX001495,AC00142,train,-0.03963389775299225,0,-0.10833256897237864,0,-0.6506988294974985,0,-447.6766397914054,0,0.0,0,0.4488570470769155,1,10.543780405211916,0,-61.75472418135657,0
TX001146,AC00143,train,-0.11798955279927931,0,-0.24315923078583768,0,-1.8864157686536753,0,-475.80090520252463,0,0.0,0,0.13190182218827737,0,3.6377164524438634,0,-77.86668272790658,0
TX000650,AC00143,train,-0.09274198742064771,0,-0.2500430733516734,0,-2.017244422384877,0,-471.11083306037165,0,0.0,0,0.14996223773236533,0,3.555678194821979,0,-61.01268735285532,0
TX000059,AC00143,train,-0.09467458152801694,0,-0.2499682103883608,0,-2.576200063203327,0,-476.4823758430749,0,0.0,0,0.11700445131838001,0,4.320563197864259,0,-25.929457967101285,0
TX001895,AC00143,train,-0.09304116795739564,0,-0.2612842473596475,0,-2.581907081462516,0,-413.8408915589088,0,0.0,0,0.1269649988510938,0,3.706698708446651,0,-25.803954083787403,0
TX002225,AC00143,train,-0.08507178304663288,0,-0.2566085067558759,0,-2.351100631253072,0,-462.8948326347322,0,0.0,0,0.09058011518800954,0,3.0706244746529343,0,-24.513727615377935,0
TX001899,AC00144,train,-0.09720804817773943,0,-0.2186718553813234,0,-1.4067600250755365,0,-472.7672056647982,0,0.0,0,0.09172929910212692,0,4.43510469842438,0,-75.525182172011,0
TX001422,AC00144,train,-0.08625550155266193,0,-0.22321802918774747,0,-1.9306110020972422,0,-469.653281021345,0,0.0,0,0.3379246504086947,1,6.207684232779217,0,-63.49244176808817,0
TX002078,AC00144,val,-0.11197316335320101,0,-0.26559115003395106,0,-2.678500645706743,0,-477.42354185207927,0,4.2146848510894035e-08,0,0.03685243591315261,0,2.814425804786824,0,-27.703490204997472,0
TX002342,AC00144,train,-0.05886255592404266,0,-0.24602426875429706,0,-1.5199127879677103,0,-420.43032327027476,0,5.960464477539063e-08,0,0.11356098440441398,0,3.565974471968634,0,4.02573900352488,0
TX000994,AC00144,val,-0.03492806032741308,0,-0.13444147858353195,0,-1.0263545953910231,0,-428.7723071405413,0,0.0,0,0.361011036796975,1,4.300670813557245,0,8.321500836464107,0
TX001876,AC00144,train,-0.07178149378806836,0,-0.25360027310618427,0,-1.355380152924397,0,-459.9934865522823,0,5.960464477539063e-08,0,0.07949824596818426,0,3.8438941162691385,0,-25.14215624069841,0
TX000590,AC00144,train,-0.0553210238201266,0,-0.2160894920029628,0,-2.3996420307273514,0,-457.1778079568958,0,0.0,0,0.3581978463603739,1,5.6274761764006085,0,-23.842792302914805,0
TX001409,AC00144,train,-0.028181781105184378,0,-0.1646021572167078,0,-2.5639800792106353,0,-366.9975005204396,0,0.0,0,0.40045483515559055,1,4.984066763926859,0,7.455889333312857,0
TX002198,AC00145,train,-0.09254851365786404,0,-0.2357315211318205,0,-1.6749004393536193,0,-467.92461202107614,0,0.0,0,0.20189648091925272,0,6.515000413599012,0,-79.20701036699086,0
TX000749,AC00145,train,-0.07573859816785339,0,-0.23356722649215889,0,-2.102606383202481,0,-470.4935382598205,0,0.0,0,0.3203487349564005,1,7.074704021059955,0,-63.18344725429651,0
TX002147,AC00145,train,-0.08729814721040041,0,-0.20131456093880962,0,-2.315925184019676,0,-464.42062132556106,0,0.0,0,0.1921696233994248,0,3.844216552684013,0,-21.638130338223764,0
TX000545,AC00145,train,-0.09619109548622284,0,-0.20753469184371443,0,-3.3480293497246727,0,-460.32789433703374,0,0.0,0,0.36082255324117907,1,4.072515720546905,0,-17.906058028943338,0
TX000401,AC00145,train,-0.04750620348194923,0,-0.12625984762127684,0,-2.032215837139333,0,-444.6217271253064,0,0.0,0,0.4813548559675786,1,5.621402627791001,0,4.209569015712486,0
TX002327,AC00146,train,-0.0818547005851088,0,-0.13984365192580017,0,-0.4811633835199789,0,-438.78961227939425,0,0.0,0,0.26483734761909217,0,5.885514484781465,0,-65.48059426869061,0
TX001797,AC00146,train,0.05406216508533901,1,0.4521860506450024,1,6.842898841100614,1,1571.289107786783,1,18.116296151662894,1,0.8681096832240159,1,27.71318350700625,1,-125.12631563371207,0
TX000269,AC00147,train,-0.07225266729218183,0,-0.19956353280060268,0,-1.644085758435752,0,-117.51462420068708,0,0.0,0,0.24183978343203544,0,3.9657127632205014,0,-71.5472987821701,0
TX001215,AC00147,val,-0.1147523380888969,0,-0.2574246836139349,0,-1.9188804725346174,0,-473.9823908938169,0,0.0,0,0.0,0,4.644236927448842,0,-61.80676842236785,0
TX000980,AC00147,val,-0.10723548714443643,0,-0.26474807575212156,0,-1.9612494740733784,0,-471.9839352161239,0,5.960464477539063e-08,0,0.05533265428478198,0,3.4015617774886246,0,-27.66445016290199,0
TX000483,AC00148,train,-0.11010122375376558,0,-0.254539185381103,0,-2.0083037191252764,0,-474.56982724106047,0,0.0,0,0.0,0,4.2806932927592,0,-77.99131075536458,0
TX000487,AC00148,train,-0.007538371167705837,0,-0.09216640329924353,0,0.8862762039740737,1,-181.63553078479117,0,3.371747880871523e-07,0,0.6534607695621928,1,14.73793653705448,1,-45.00080186209941,0
TX000295,AC00148,train,-0.0026609030889438445,0,-0.01945021103540312,0,-0.7131727936171561,0,-380.45063951346566,0,0.0,0,0.5735441898801643,1,8.39286973787751,0,-6.473993521273531,0
TX002164,AC00148,train,-0.01913687224141719,0,-0.1730986740524889,0,-1.6396190289524561,0,-400.43663220780536,0,0.0,0,0.45988478778282343,1,7.085064066353536,0,-15.160774288076627,0
TX000461,AC00148,train,-0.044978941674858774,0,-0.2043056608936744,0,-1.501697829428208,0,-414.78316198999204,0,1.1920928955078125e-07,0,0.39330950525602265,1,6.401495118013816,0,-17.66000962967082,0
TX000738,AC00149,val,-0.036204769588972674,0,-0.10698451759129912,0,-0.7448796896026408,0,-391.7076755505172,0,0.0,0,0.5798064131051885,1,10.412064740586887,0,-72.5969042181722,0
TX002286,AC00149,train,-0.0024877360322779207,0,0.22284090794163203,1,1.569385063240258,1,-360.5042395485461,0,0.0,0,0.6372362918934137,1,22.662210493930225,1,-55.80919399918762,0
TX000093,AC00149,train,-0.040311722019073015,0,-0.11181638427263763,0,-1.7949157910483926,0,-416.24477465418494,0,0.0,0,0.43690001035379494,1,5.93514947528658,0,-15.473099551962726,0
TX000182,AC00149,train,-0.06484300581012414,0,-0.12146840024708894,0,-1.7776387068428434,0,-423.59582402013666,0,0.0,0,0.4225012494807757,1,4.642223508176102,0,-15.049778016118427,0
TX000613,AC00149,train,-0.09867232648413254,0,-0.2636278997832129,0,-2.301149883565353,0,-349.88015426347783,0,0.0,0,0.10899666795235567,0,3.3234019887723574,0,-19.17137331756499,0
TX002289,AC00149,train,-0.02114988048393429,0,-0.09022075684248376,0,-1.7833909758968716,0,-345.6813987650319,0,8.429369702178807e-08,0,0.4621402601760988,1,4.950667339940745,0,11.839568824408584,0
TX002379,AC00150,train,-0.11852985807257438,0,-0.24071523056382582,0,-2.275243796953802,0,-484.039471983567,0,0.0,0,0.0407013676267174,0,3.4996669035817947,0,-82.48350958963819,0
TX002405,AC00150,val,-0.09603823022563662,0,-0.24013865797492695,0,-1.7530025506687732,0,-462.23394221764505,0,1.1920928955078125e-07,0,0.3445318650724358,1,6.812940148984152,0,-63.374018843565636,0
TX000585,AC00150,val,-0.028067185514949966,0,-0.1034293315856738,0,-2.5187489852972895,0,-389.5440440677888,0,0.0,0,0.44212930355506186,1,5.973529048354124,0,11.099823318731428,0
TX002452,AC00150,train,-0.04461432059056181,0,-0.053070096981224335,0,-1.6956445046993416,0,-244.61012252767657,0,8.429369702178807e-08,0,0.44077664678196976,1,5.022605337995068,0,14.042714211833637,1
TX000011,AC00150,train,-0.04780497341670226,0,-0.14203789099090502,0,-1.5056426036909425,0,-98.85640373066673,0,0.0,0,0.41094710140204793,1,4.695791708009902,0,13.921885743869037,1
TX001094,AC00150,train,-0.07215628433215271,0,-0.17287398187498337,0,-2.108225703240178,0,-411.06171140755464,0,0.0,0,0.3700451401466201,1,4.17543516867249,0,-17.06310278975967,0
TX000608,AC00150,train,-0.02522487239166271,0,-0.11654699242200173,0,-0.7708328306363867,0,-316.05078824490704,0,0.0,0,0.44663072759073563,1,4.912307740051328,0,12.638980707797426,1
TX001910,AC00151,train,-0.10288757961375716,0,-0.16251202987167224,0,-1.998778282023606,0,-470.3760883704938,0,0.0,0,0.34081906320108035,1,5.309474069407408,0,-77.89828285392741,0
TX001242,AC00151,train,-0.07117847931470228,0,-0.1794096605136235,0,-2.288084704117926,0,-457.93603186553224,0,0.0,0,0.3995407008151957,1,4.667878879842387,0,-54.497264472249185,0
TX001055,AC00151,train,-0.0903167373756153,0,-0.24876322817316976,0,-2.664817814506968,0,-437.10820394351043,0,0.0,0,0.1618491113059208,0,3.45542188441189,0,-22.136813761308392,0
TX001747,AC00151,val,-0.09562416256864958,0,-0.24831798372865177,0,-2.5144312337191774,0,-476.03145883629026,0,0.0,0,0.12339522315233757,0,3.139021134454629,0,-26.505067560485873,0
TX001811,AC00152,val,-0.0746788302824466,0,-0.23307596599068447,0,-1.5331759278873758,0,-457.15217984880445,0,1.1920928955078125e-07,0,0.29228325914902964,0,6.61633466523627,0,-77.51850880054334,0
TX000535,AC00152,train,-0.06602898173575023,0,-0.19613738078737297,0,-0.8458954112990966,0,-442.90007797492837,0,0.0,0,0.4549203930165239,1,9.29694734127688,0,-55.75436341717802,0
TX001138,AC00152,val,-0.09481534428166816,0,-0.24903120006359536,0,-2.4515666890301056,0,-472.54301499794724,0,0.0,0,0.03414926603364579,0,3.3978207322254272,0,-25.67694082353234,0
TX002422,AC00152,train,-0.06592749493732714,0,-0.13542508857373847,0,-0.7735932831343213,0,-436.4334880579848,0,0.0,0,0.42222057383898154,1,5.956695087382362,0,-14.503077260685476,0
TX000741,AC00153,train,-0.09037511699089124,0,-0.247071509037329,0,-1.7826770308865107,0,-472.09345976943666,0,8.429369702178807e-08,0,0.19264571041105186,0,4.662189353089428,0,-78.24104204813912,0
TX001252,AC00153,train,-0.08305943993750897,0,-0.2025233904728898,0,-1.9186704793112792,0,-472.6402829245912,0,0.0,0,0.4183254289128199,1,6.368844929740194,0,-62.52714537045756,0
TX002362,AC00153,train,-0.10525464568725029,0,-0.24852258321565923,0,-3.095676350686377,0,-474.0056547897152,0,0.0,0,0.13234618641461904,0,3.2494906749670243,0,-26.951982733852972,0
TX000755,AC00153,val,-0.02968442197342175,0,-0.017872177825373203,0,-0.7933053503314031,0,-421.38797417941424,0,0.0,0,0.4875701470053558,1,5.664699618262908,0,19.100531777679247,1
TX001541,AC00153,train,-0.0872110757220908,0,-0.22402563220589533,0,-1.8928583302464261,0,-461.5817980833098,0,0.0,0,0.1660540782323551,0,3.9843859540746815,0,-24.391965276459704,0
TX001836,AC00153,train,-0.05425102097600154,0,-0.2641015193705132,0,-2.031095880957677,0,-415.03361304643033,0,0.0,0,0.09330635241399045,0,3.2928980971161503,0,4.893919346405571,0
TX000512,AC00153,train,-0.013935688127929335,0,-0.15433458931178157,0,-0.15427149717761068,0,-92.1174189959064,0,3.371747880871523e-07,0,0.6001063722548559,1,4.785732623667005,0,-6.622175480051093,0
TX001086,AC00154,train,-0.08786510829876654,0,-0.24100356180165017,0,-0.2645647575871717,0,-471.0869970157325,0,0.0,0,0.11616020654409,0,6.239667709963873,0,-77.95557143112052,0
TX001849,AC00154,train,-0.03393349530193429,0,0.8438302228021122,1,6.613961083580749,1,5822.082053318316,1,25.487569571953753,1,0.8950890710390285,1,39.13092760804989,1,-125.12717054341479,0
TX000110,AC00154,train,-0.09285940323516767,0,-0.23064076512929987,0,-2.078432444804589,0,-465.92980400533844,0,5.960464477539063e-08,0,0.17020413160730735,0,3.9328439984155423,0,-24.32405899062849,0
TX001644,AC00154,train,-0.100427412874044,0,-0.2497325357977337,0,-1.169633117943821,0,-472.2162254678868,0,0.0,0,0.07396494701113296,0,3.5550325389510538,0,-26.04418673381762,0
TX000757,AC00154,train,-0.04468710623919647,0,-0.14157592682801834,0,-0.9398060879260637,0,-455.3837607930773,0,0.0,0,0.4200588128607758,1,6.186745817918442,0,-20.34182703375922,0
TX001751,AC00155,val,-0.09675165409187597,0,-0.24027152622323444,0,-1.4134740196725097,0,-460.0328854654601,0,0.0,0,0.20719890062333204,0,6.830005402294744,0,-76.47906244837375,0
TX002413,AC00155,val,-0.08114473717731807,0,-0.2528630510061789,0,-0.6415275389092088,0,-450.67612762574294,0,2.384185791015625e-07,0,0.3897760477683775,1,11.13561473345772,1,-59.63699739015447,0
TX001705,AC00155,train,-0.07224231936261022,0,-0.23749553103896281,0,-1.9502551391727643,0,-458.4810083292363,0,5.960464477539063e-08,0,0.1406687595850669,0,3.6695181333209086,0,-21.535579256300874,0
TX001640,AC00155,train,-0.0696919173362961,0,-0.1463467427619789,0,-1.9921379945792328,0,-452.25472380093,0,0.0,0,0.35754647778495324,1,4.161037224573943,0,-17.136010621052744,0
TX002304,AC00155,train,-0.09703122730744457,0,-0.2123946529726186,0,-2.7368504857443163,0,-445.84911345371654,0,0.0,0,0.15139612609420902,0,3.82800180672872,0,-23.646132302484336,0
TX002158,AC00155,val,-0.0937709653261179,0,-0.2511134133602705,0,-2.3505455923930825,0,-454.3405650805782,0,5.960464477539063e-08,0,0.05739740288711982,0,3.2060248900059216,0,-25.343190133307992,0
TX001777,AC00156,train,-0.0991622006707803,0,-0.22783362253519268,0,-1.515117927976089,0,-473.8292417313956,0,0.0,0,0.10747459757129248,0,4.2071323929821824,0,-77.76988289296054,0
TX000865,AC00156,train,-0.10524507253048226,0,-0.2365091736206304,0,-2.39325033547048,0,-472.92781639340166,0,0.0,0,0.1373010821070689,0,4.538042579334239,0,-63.71762237419691,0
TX000345,AC00156,train,-0.01864224591989333,0,-0.17600417520132772,0,-2.7783827270738204,0,-438.72051605372184,0,0.0,0,0.5497329832618585,1,5.941571147636112,0,10.76064464557699,0
TX000759,AC00156,train,-0.05291163300449225,0,-0.0838165475946917,0,-1.6615533320621374,0,-400.19343920506645,0,0.0,0,0.4497383339189925,1,5.411797083343359,0,-16.121681880788376,0
TX000179,AC00156,train,-0.038021091312064326,0,-0.1943548952639429,0,-2.5396324349297803,0,-402.3197631515008,0,8.429369702178807e-08,0,0.3339906272360793,1,4.245136765232925,0,-18.4662982247571,0
TX001649,AC00157,train,-0.11744605090107263,0,-0.27437512989804613,0,-1.6510924513401033,0,-480.7735394352346,0,0.0,0,0.031788572854714675,0,3.8626471124771835,0,-80.48732281329396,0
TX002155,AC00157,train,-0.01953401438564728,0,-0.10713749448337206,0,-1.0639097059060063,0,-444.6582506204067,0,1.6858739404357614e-07,0,0.5322761954846197,1,6.743643298893806,0,-53.52971532591614,0
TX000940,AC00157,train,-0.061421642073089755,0,-0.22604353974710967,0,-2.543313053199981,0,-455.527722079055,0,0.0,0,0.18366468804467972,0,3.3044986471347326,0,4.846220921047401,0
TX001410,AC00157,train,-0.09889000344749865,0,-0.2691461450329675,0,-2.23948457025846,0,-475.980954987755,0,0.0,0,0.037687810037226405,0,2.92370728172379,0,-27.45251639516599,0
TX001099,AC00157,train,-0.0036448537631450506,0,-0.1679738750110027,0,-1.4004927206306217,0,-390.93641077220855,0,0.0,0,0.38942359859251663,1,4.9759855707326155,0,5.954422654326702,0
TX001338,AC00158,train,-0.10282490754479007,0,-0.26949540772586966,0,-2.110746891391825,0,-473.9524039846248,0,0.0,0,0.1619567736386917,0,4.4395135275521005,0,-78.9784107416339,0
TX000553,AC00158,val,-0.07426455617363581,0,-0.18265834028193417,0,-2.255195513783759,0,-462.88141475291826,0,0.0,0,0.3723439634348423,1,4.861923277658153,0,-56.250128298543515,0
TX002071,AC00158,train,-0.06833496843578818,0,-0.21634933421979463,0,-3.293070265046854,0,-403.12750594100754,0,0.0,0,0.32482604858384295,1,3.593231098601317,0,-18.5887609506365,0
TX001065,AC00158,train,-0.09076685569696236,0,-0.22416654099520317,0,-2.7054694528102843,0,-461.6036179006343,0,0.0,0,0.18862042238044852,0,3.3443825084019085,0,-20.89172733845501,0
TX001227,AC00158,val,-0.037342922198193074,0,-0.20605495344964253,0,-3.1289149818717483,0,-203.0825267473569,0,8.429369702178807e-08,0,0.3274566576716989,1,4.906522561776082,0,-9.920522226136287,0
TX000961,AC00158,val,-0.07909890605125264,0,-0.2528393422846973,0,-2.5700521125276445,0,-459.0004185952989,0,5.960464477539063e-08,0,0.12934058201939308,0,3.344412538619961,0,-24.813432485299728,0
TX002371,AC00158,train,-0.07097610994090658,0,-0.19657057096510955,0,-1.7254956771661973,0,-417.7192621602884,0,8.429369702178807e-08,0,0.3442808576050369,1,4.711701521650436,0,-21.086784447822094,0
TX000051,AC00159,train,-0.08609823764424313,0,-0.22979180363477747,0,-2.165022695908691,0,364.5096026928837,1,0.0,0,0.24437838077551122,0,5.066321774727734,0,-78.7999434221733,0
TX002185,AC00159,train,-0.05554106960434213,0,-0.22587944053620324,0,-1.9503194441791525,0,-455.60592531440216,0,0.0,0,0.3695749743804173,1,5.327374570848948,0,-58.78809289458223,0
TX000288,AC00159,train,-0.09109111512643264,0,-0.24281827930737632,0,-2.7722236040589667,0,-469.8620282338187,0,0.0,0,0.12721953781024967,0,3.1222439456888282,0,-24.202961663058403,0
TX000743,AC00159,train,-0.10760019087666495,0,-0.2618327628991942,0,-2.209522317483664,0,-476.29339254083266,0,0.0,0,0.04211193464025363,0,3.0116678499017,0,-26.809944546978695,0
TX000988,AC00159,val,-0.11714812548440318,0,-0.2807051106316115,0,-2.30479280150389,0,-469.4525169548964,0,0.0,0,0.0,0,2.676397016511062,0,-27.495414307072657,0
TX000931,AC00160,val,-0.07925015917198902,0,-0.22790827386822077,0,-0.7391049012663569,0,-442.05451790420597,0,0.0,0,0.3257368542895769,1,6.428244504933089,0,-74.89896750228701,0
TX001233,AC00160,train,0.0020637883763205966,1,-0.07511485241908611,0,-0.002695952200086893,0,-422.12852634158736,0,0.0,0,0.5417909340341,1,12.611573813138959,1,-55.437877796053684,0
TX000148,AC00161,train,-0.040313676837578416,0,-0.06514216500893522,0,-0.6751281362096417,0,-353.10156646761226,0,0.0,0,0.6244673703393215,1,10.947394749831243,1,-53.82167515405222,0
TX000900,AC00161,val,-0.07880268063221268,0,-0.23566815488240334,0,-1.34746490184083,0,-458.8189513104791,0,0.0,0,0.36054532231113096,1,9.34386257843249,0,-60.62659210587167,0
TX000796,AC00161,train,-0.1250068143662214,0,-0.2627144407570029,0,-2.6183482418592803,0,-473.9666639187363,0,0.0,0,0.0235070347200084,0,2.5868782488912134,0,-27.093569807556886,0
TX000536,AC00161,train,0.007931483908371395,1,-0.09423960344066495,0,-1.3473525067629204,0,-419.25306659867715,0,1.1920928955078125e-07,0,0.5039311981319681,1,7.90921276567564,0,-13.8217993197993,0
TX001787,AC00162,train,-0.08240521826795805,0,-0.2393747338996437,0,-0.3978490150478553,0,-469.6987282372052,0,0.0,0,0.08643760587730089,0,5.870496401356468,0,-78.53985430308884,0
TX001455,AC00162,train,-0.052710680447136726,0,-0.011610209496890844,0,0.5344312742951196,1,-415.69868592601716,0,0.0,0,0.5178283172272155,1,7.709916277460327,0,-47.60101522909683,0
TX000143,AC00163,val,-0.08967106985642398,0,-0.1529612043028814,0,-1.7518751061609237,0,-460.1056518510959,0,0.0,0,0.3952001567537543,1,5.795961172188711,0,-76.3800998721467,0
TX001546,AC00163,train,-0.042863956558409244,0,-0.026226426874245368,0,-1.887102564345934,0,-413.95785730206484,0,0.0,0,0.4582821784705188,1,6.708766926486004,0,-56.96954249958767,0
TX001132,AC00164,val,-0.07677701003101955,0,-0.21303294091708347,0,-1.650829639742648,0,-464.58136978319,0,0.0,0,0.24073155566838889,0,5.2023632653859195,0,-75.73018277208695,0
TX001799,AC00164,train,-0.0904013483779475,0,-0.13577704677606195,0,-1.9192071520963818,0,-421.0063626215596,0,1.1920928955078125e-07,0,0.4526922546982119,1,7.567374022268469,0,-57.10855167895074,0
TX000742,AC00164,val,-0.01915976300018507,0,-0.13075939683834736,0,-2.0572632650639235,0,-406.75149279713906,0,0.0,0,0.41868466364661105,1,5.226931026881439,0,14.999513618644482,1
TX002142,AC00164,train,-0.0795055841674085,0,-0.17042298968359737,0,-2.674258792407592,0,-456.20486952318157,0,1.1920928955078125e-07,0,0.42093415050119265,1,4.945062268297099,0,-14.844662360960047,0
TX000316,AC00164,train,-0.04817647532122454,0,-0.09098948266338214,0,-2.6804169117350725,0,-429.2443834108976,0,0.0,0,0.5499224361902474,1,7.385810077089678,0,-6.484847430824459,0
TX001033,AC00164,train,-0.0470497971224485,0,-0.16115226517678138,0,-2.1932430360186697,0,-440.23903872935574,0,0.0,0,0.4292308610950292,1,5.664268020403692,0,-14.287682599063809,0
TX000763,AC00165,train,-0.060390229982114185,0,-0.22660335228083972,0,-0.6734177704382134,0,2626.1311052225797,1,2.384185791015625e-07,0,0.35182659486640994,1,6.657409459919485,0,-65.11708722127402,0
TX001945,AC00165,train,-0.01783629518750801,0,-0.1627421475571047,0,-0.07119266169464566,0,-422.30091894447895,0,0.0,0,0.5402663393459103,1,15.538395673808646,1,-59.87628252179294,0
TX002395,AC00165,train,-0.004878513179083277,0,-0.11891227885078925,0,-1.562357098378131,0,-397.9402645102913,0,0.0,0,0.4140127223744598,1,4.895523350337343,0,10.364814011863839,0
TX000360,AC00165,train,-0.06596043219675601,0,-0.24171331473583435,0,-2.2237859003556775,0,-413.70881193939476,0,0.0,0,0.4151405204570244,1,8.642755914841594,0,-19.11136390118444,0
TX002032,AC00165,val,-0.07518684434094591,0,-0.22020704972706318,0,-1.8477615998714416,0,-425.7280001272764,0,8.429369702178807e-08,0,0.16054006547396638,0,3.830280664144192,0,-19.144198293674922,0
TX001614,AC00165,train,-0.08324485006794602,0,-0.22461161842647126,0,-1.346179907020847,0,-436.76499858049436,0,0.0,0,0.15298023249302914,0,4.321413939984703,0,-21.544488077934137,0
TX001654,AC00166,train,-0.11046434150266882,0,-0.2396389999710482,0,-1.227369555835006,0,-477.55001774777355,0,0.0,0,0.11326137596368274,0,4.821773118127137,0,-78.98807810237614,0
TX000491,AC00166,train,-0.07099221459293986,0,-0.17602601218399672,0,-0.7394610545647637,0,-457.9000175119026,0,0.0,0,0.35714085943075974,1,5.422860936393568,0,-61.88223277685517,0
TX001394,AC00166,train,0.027635770643913316,1,-0.11009861172369151,0,-0.2717507816414475,0,-278.3117118440864,0,1.6858739404357614e-07,0,0.5497575413137035,1,7.796605587480475,0,17.165968547830698,1
TX002313,AC00166,train,-0.07588485885975849,0,-0.23177959853380492,0,-1.8532900554957585,0,-464.723074032419,0,8.429369702178807e-08,0,0.17044555530459837,0,4.070809760419593,0,-23.624457686819664,0
TX000800,AC00166,train,-0.05248477624763165,0,-0.21732403638477416,0,-1.6075651771004527,0,-458.1197359074774,0,0.0,0,0.32512943074969003,1,3.9021989653477953,0,-21.65884292542299,0
TX000943,AC00166,val,-0.09294352946676787,0,-0.2527242657965405,0,-2.600862257280287,0,-420.2219597829441,0,0.0,0,0.09855684060557318,0,4.015624264002282,0,-25.30389714252735,0
TX001329,AC00167,train,-0.09454449157042699,0,-0.23998789869721482,0,-1.8035547317061678,0,-473.18114181451057,0,0.0,0,0.22142767969476845,0,6.037456100459093,0,-80.45221368984937,0
TX000511,AC00167,train,-0.09303911082642946,0,-0.08375405820942294,0,-2.7978254272989584,0,-459.6954618824638,0,0.0,0,0.47839994815752485,1,5.769293041111877,0,-61.45733091769422,0
TX001370,AC00167,val,-0.06633426326245334,0,-0.13016283761237624,0,-2.2530194405586013,0,-461.2942692852142,0,0.0,0,0.42079203871386167,1,4.908985919545192,0,-16.305819027305667,0
TX001834,AC00167,val,-0.06803835613727888,0,-0.16883658163371096,0,-2.5790410541204416,0,-470.8660891924727,0,0.0,0,0.3651209726691248,1,4.63220528853903,0,2.1391839515311775,0
TX002285,AC00167,train,-0.11381330927729355,0,-0.2708203437113549,0,-2.313595839623888,0,-459.18000809259445,0,0.0,0,0.05830831682650741,0,3.0667866577715657,0,-25.764945227057,0
TX001897,AC00168,train,-0.06879531101351921,0,-0.15980644508555453,0,-1.2664403943326974,0,-420.34897692380486,0,0.0,0,0.289328473088722,0,4.931369692772834,0,-69.97224189995787,0
TX000838,AC00169,train,-0.0577203256588984,0,0.02201483469233989,1,-0.2889577779403858,0,-451.04039478574765,0,1.1920928955078125e-07,0,0.3966493157097751,1,6.413922519472337,0,-69.1852728681134,0
TX001877,AC00169,train,-0.027770036742800208,0,-0.018771128319606367,0,-0.8649725787901055,0,-436.9912605895333,0,0.0,0,0.5235705379392157,1,6.525912339753276,0,4.734612321433769,0
TX000105,AC00170,val,-0.10735172872097776,0,-0.2395778203751746,0,-1.3332919469604718,0,-475.40366116079514,0,0.0,0,0.08877753728900954,0,4.509617679635998,0,-79.41909716380039,0
TX000587,AC00170,train,-0.06989299325452647,0,-0.21715168121449824,0,-1.0403459603787155,0,-459.1656243733749,0,1.1920928955078125e-07,0,0.16683034334927652,0,4.152136164915988,0,-57.81637144882519,0
TX000967,AC00170,train,-0.07342105229407869,0,-0.2356783332080854,0,-0.949216586438931,0,-458.3037160624328,0,0.0,0,0.1535210960682095,0,3.962993687215275,0,-14.705285111645763,0
TX000619,AC00170,train,-0.06660719117505409,0,-0.2663962639305736,0,-2.121520365595199,0,-458.85914610242475,0,0.0,0,0.0451092121865083,0,3.9273565516310773,0,-23.93976056109833,0
TX000641,AC00170,train,-0.09258698039712804,0,-0.2342920514619362,0,-1.3110944007346141,0,-467.3716324407717,0,0.0,0,0.14758713154285563,0,4.2401534034612185,0,-24.406516764789227,0
TX002455,AC00170,train,-0.08386377390461158,0,-0.266754581373554,0,-1.646439194180294,0,-474.1143177735818,0,0.0,0,0.052033508699314,0,3.743159055422972,0,-28.240571739077545,0
TX001214,AC00170,train,0.052681702684357234,1,-0.007316855626776642,0,0.13541384739307105,1,447.0393949979454,1,0.0,0,0.688045695012388,1,8.418376212034788,0,20.88389818000088,1
TX000270,AC00171,train,-0.11079033387794007,0,-0.25908142424804625,0,-1.0678982806642345,0,-477.76831391937503,0,8.429369702178807e-08,0,0.05891556709637528,0,4.815868983720551,0,-79.76871887200434,0
TX001659,AC00171,train,-0.05689522553770049,0,-0.09795811763727125,0,-1.2446927567757609,0,-458.49131930621934,0,1.1920928955078125e-07,0,0.43980267770065284,1,6.278097536597642,0,-59.851804793125446,0
TX000915,AC00171,train,-0.09858618157166038,0,-0.23216119553296855,0,-2.5680102783747643,0,-467.21708142023783,0,0.0,0,0.18191883257527186,0,6.362567062157103,0,-4.808723042775174,0
TX000342,AC00171,train,-0.09543975256318926,0,-0.2389105284781987,0,-1.764082954490254,0,-461.7677163480374,0,0.0,0,0.11875347292978139,0,3.5787737305449925,0,-21.428973403322257,0
TX001411,AC00171,val,-0.03246162576223255,0,-0.21633504199168008,0,-1.039247711416488,0,-413.9480069985369,0,8.429369702178807e-08,0,0.18232651504360073,0,4.034016162434842,0,8.154679986362144,0
TX002029,AC00172,train,-0.07564553470065116,0,-0.2386833910488695,0,-1.3727698185621282,0,477.94142366573163,1,0.0,0,0.5177819491752821,1,10.489078837157832,0,-75.2448567703564,0
TX002485,AC00172,train,-0.08174230940956151,0,-0.20614281492431963,0,-3.1362403106279455,0,-467.5709530708347,0,0.0,0,0.32143203474150267,1,4.213420152483499,0,-63.2777757850113,0
TX001549,AC00172,train,0.006986188412138605,1,-0.03966546249896985,0,-0.5333944189585793,0,-368.47814338236543,0,0.0,0,0.5901033959196006,1,7.890393085155198,0,18.593358999127343,1
TX002039,AC00172,train,-0.034361024441926846,0,-0.16547089636990608,0,-1.9585280214815342,0,-434.65513428560894,0,0.0,0,0.3845145513148563,1,5.084547911419549,0,-15.035018644107073,0
TX001591,AC00172,val,0.010263745927684864,1,-0.12496351848302512,0,-1.6312033677706275,0,4.802933657773963,1,0.0,0,0.44329003345897333,1,6.48418321041666,0,45.91562711138988,1
TX000713,AC00173,val,-0.09550203090823278,0,-0.24836536422577793,0,-1.6177446584343151,0,680.3500538206886,1,0.0,0,0.21038731767481453,0,6.22611469193931,0,-75.1075509140263,0
TX000527,AC00173,train,-0.07219231045586949,0,-0.1942294460728511,0,-2.6074422951410696,0,-468.4378840913358,0,0.0,0,0.41787793445643906,1,5.5650820579189535,0,-62.600078375626424,0
TX000847,AC00173,train,-0.12547845495095772,0,-0.24115511246944155,0,-3.334259954228786,0,-478.8571673274847,0,0.0,0,0.0991391003482894,0,3.181015916999744,0,-25.974266114796,0
TX001061,AC00173,train,-0.06688935195228113,0,-0.20009416829090276,0,-3.054894644672414,0,-457.25411157990663,0,1.1920928955078125e-07,0,0.45497345344376433,1,6.687872268840802,0,-14.376508359289428,0
TX001017,AC00174,train,-0.11574312430731637,0,-0.22156491042275195,0,-1.5265657303367846,0,-468.1462141066147,0,5.960464477539063e-08,0,0.21827269924739162,0,3.893670390882355,0,-74.71973046372233,0
TX000962,AC00174,val,-0.021057929352137073,0,-0.06643888062574166,0,-1.6128380048360533,0,-387.77185907989866,0,0.0,0,0.5410889363835009,1,6.580383593489394,0,10.037025984186851,0
TX000156,AC00174,train,-0.09472779470954285,0,-0.24819626103869452,0,-2.1672877060360225,0,-469.6632669451041,0,5.960464477539063e-08,0,0.0955720087686416,0,3.1082606333930283,0,-22.766880262376894,0
TX001470,AC00174,val,-0.053294610741216386,0,-0.25712374117302117,0,-1.9139172108279556,0,-456.94905110189615,0,0.0,0,0.07256956441835505,0,3.361694365545656,0,-21.888374802807036,0
TX001426,AC00175,train,-0.09006422968332106,0,-0.21461534273803884,0,-1.3381519321115398,0,-459.6612301912814,0,0.0,0,0.26895024969406306,0,7.326601376394893,0,-74.76739462146637,0
TX001340,AC00175,train,-0.040287277034140534,0,-0.0883805510524922,0,-2.283756493337467,0,-333.7954046379623,0,1.1920928955078125e-07,0,0.4866477036258416,1,5.890995363681096,0,-57.39769604838413,0
TX001167,AC00175,train,-0.05463246651870596,0,-0.22183929966610183,0,-1.9048226117770337,0,-446.08143366587217,0,1.1920928955078125e-07,0,0.3897909128691881,1,6.736713926103061,0,6.6040229822868675,0
TX000236,AC00175,val,-0.02103761368727669,0,-0.19534977003559284,0,-2.7040615570986795,0,-453.372391817072,0,0.0,0,0.190557134084501,0,4.560580647593089,0,9.66514484765855,0
TX001696,AC00175,train,-0.07656121433256652,0,-0.2203933521657293,0,-2.814186851000242,0,-352.9748956830474,0,0.0,0,0.18658215585905524,0,3.537745662841998,0,-20.147594304817364,0
TX000715,AC00175,train,-0.025903705957995904,0,-0.13776510560318234,0,-1.325000114769109,0,-382.5822626903266,0,8.429369702178807e-08,0,0.3440347520722021,1,4.551235699574379,0,-11.464424257925518,0
TX001631,AC00175,train,-0.09246389390251092,0,-0.24992683586721265,0,-1.876211425793242,0,-399.0433708585382,0,0.0,0,0.11686840433776087,0,3.5164681990250504,0,-19.76749832916484,0
TX000645,AC00176,train,-0.08461002890633407,0,-0.13884716545770304,0,-1.3882636982953631,0,-459.68793404087853,0,0.0,0,0.30285978449214146,0,5.403189672985389,0,-73.74858602387228,0
TX002378,AC00176,train,-0.07782372924613806,0,-0.1674699116019629,0,-1.275215991057328,0,-460.2805057739781,0,8.429369702178807e-08,0,0.3680144896601561,1,4.9692318606952615,0,-61.02572405093676,0
TX001550,AC00176,val,-0.05618020501067916,0,-0.21916067929373018,0,-2.135234405083141,0,-444.84660219652864,0,0.0,0,0.3707351308111772,1,6.22816108696734,0,-12.077478149633198,0
TX002407,AC00176,train,-0.07767764355277146,0,-0.18608361462340461,0,-1.7124667520502932,0,-456.21867381704635,0,0.0,0,0.38016796175409573,1,4.565532651273806,0,-15.802634920497855,0
TX000128,AC00176,val,-0.03521060519478536,0,-0.11800800302555658,0,-2.105537060728043,0,-438.78978728186524,0,0.0,0,0.4580834822839228,1,8.600748257571203,0,-2.044001348967113,0
TX001266,AC00176,train,0.03857683270600332,1,0.03717011657011193,1,-0.22926447406171668,0,-248.12349082677812,0,0.0,0,0.5520494715785716,1,7.448484501089556,0,21.98311112607193,1
TX000889,AC00176,train,-0.07841121749843089,0,-0.25452830286955186,0,-1.715432219583498,0,-425.5029590230624,0,1.1920928955078125e-07,0,0.08577104706586906,0,3.752881490606057,0,-21.466942583684688,0
TX000987,AC00176,train,-0.07050751753492646,0,-0.21615349602143996,0,-2.0275358784728628,0,-416.9940168343226,0,0.0,0,0.18826805135328678,0,4.1284745759094275,0,-23.385495230515954,0
TX002394,AC00177,train,-0.07972536805357489,0,-0.22512886655280506,0,-1.495874896577261,0,-366.0448920735516,0,0.0,0,0.17148392195541126,0,4.282335918848264,0,-74.8885726491255,0
TX002278,AC00177,train,-0.08504981115409682,0,-0.1489697380329953,0,-0.2264220557325416,0,-115.66606810472473,0,0.0,0,0.6042928862151171,1,5.036645257513059,0,-7.935321037419834,0
TX000289,AC00177,train,-0.07883933797221437,0,-0.1946285204357574,0,-2.8851530065753863,0,-464.0934058772141,0,0.0,0,0.3482125692629159,1,4.249442859096085,0,-21.708622721518374,0
TX000466,AC00177,val,-0.07663543727333327,0,-0.1902158722935281,0,-2.6144837370018195,0,-449.2897219932611,0,0.0,0,0.40442641833221865,1,7.806920819114597,0,0.1076315801715746,0
TX000409,AC00177,val,-0.10891806195828624,0,-0.27244149318095445,0,-2.8542478482787885,0,-466.97641473130756,0,0.0,0,0.0,0,2.6246124551349492,0,-27.358486273090502,0
TX000136,AC00177,val,-0.10728920736881364,0,-0.2502606475955347,0,-2.1440370005640723,0,-463.8291638750736,0,0.0,0,0.0,0,3.5333521512918247,0,-24.520105232225912,0
TX000237,AC00177,train,-0.07012743381699355,0,-0.22860199110533674,0,-2.7085829092068376,0,-436.8639511368553,0,0.0,0,0.3271529256009718,1,5.049940452145869,0,-23.513814469220808,0
TX000371,AC00177,train,-0.03247948578967219,0,-0.21183167188492624,0,-1.6173836019314063,0,-367.1033079798883,0,0.0,0,0.17734599754902447,0,4.165475388921302,0,5.199160986545021,0
TX002013,AC00177,train,-0.0446126116685307,0,-0.1653180343200258,0,-2.2001062709414594,0,-351.3266268430659,0,8.429369702178807e-08,0,0.37433038830023974,1,4.496577770897305,0,-14.562422122093015,0
TX000267,AC00178,train,-0.033460939056969896,0,0.01894165373454726,1,-0.5177185265721356,0,-418.59540696086646,0,1.1920928955078125e-07,0,0.37849429318411654,1,5.93260803187874,0,-66.37627060292124,0
TX000100,AC00178,train,-0.08227057676118882,0,-0.12479310716687908,0,-1.497981268070907,0,-461.44574207471163,0,8.429369702178807e-08,0,0.40776661526545,1,5.338053932345799,0,-58.97625940598505,0
TX001496,AC00178,train,-0.057468725570550716,0,-0.19996291685555323,0,-2.5883434165857597,0,-458.8782774574252,0,1.1920928955078125e-07,0,0.43010278997119017,1,6.375222292350257,0,2.8037310158691526,0
TX001194,AC00178,train,-0.08860895723061413,0,-0.2527570799857918,0,-1.6505095193572235,0,-468.5293311342429,0,5.960464477539063e-08,0,0.10732751942137969,0,3.5519677497707165,0,-25.045122817534565,0
TX001482,AC00178,train,-0.055053724420339845,0,-0.2661875906675297,0,-1.720862158321994,0,-442.4612705513763,0,0.0,0,0.104280069716767,0,3.3268536990542925,0,-17.92231483182417,0
TX001425,AC00179,train,-0.08631404128875453,0,-0.1484915941634346,0,-1.4544923671541135,0,-460.61831212117164,0,1.1920928955078125e-07,0,0.30637797957221957,0,5.120674725838817,0,-74.20279980861797,0
TX002068,AC00179,val,-0.011527145191712607,0,0.01032876628957946,1,0.8277686756001117,1,-340.39693039831894,0,2.384185791015625e-07,0,0.6250571977154887,1,9.1559402755646,0,-46.80969977976403,0
TX002484,AC00179,train,-0.016698538902309434,0,-0.20309567923170535,0,-1.8412335667375892,0,-405.4765687174417,0,1.6858739404357614e-07,0,0.4266290045951969,1,5.978733469395637,0,7.926588550432438,0
TX000913,AC00179,val,-0.05389707054851123,0,-0.20556325932762398,0,-2.6328532773028055,0,-446.830798111643,0,0.0,0,0.1834487697130369,0,4.086059493068484,0,-24.70144685098835,0
TX001439,AC00179,val,0.005856107353191087,1,0.010996963930948844,1,1.0167601295327984,1,1532.0238258511824,1,1.6858739404357614e-07,0,0.5821995312179483,1,10.474880347584438,0,40.54694023091338,1
TX001804,AC00179,train,-0.02611637545125456,0,-0.1488070725290085,0,-0.7117953385624798,0,-251.52496971605026,0,0.0,0,0.46732263658120365,1,6.850270292506855,0,-3.34333557424586,0
TX000828,AC00180,train,-0.053673989658558185,0,0.05325282475164106,1,-0.503084971477584,0,-451.2334644187374,0,1.1920928955078125e-07,0,0.46011606888659284,1,5.91436452213401,0,-61.8566660513606,0
TX002052,AC00181,train,-0.09180180081911776,0,-0.22659670230626494,0,-2.1731650155221853,0,-475.6531106112182,0,8.429369702178807e-08,0,0.20964715523463673,0,4.06207596751053,0,-78.73645147508117,0
TX001889,AC00181,train,-0.10212256653686025,0,-0.23293915199612658,0,-1.7426164226691672,0,-469.87233840812206,0,0.0,0,0.3231762545008745,1,5.282305244375718,0,-63.14495087419324,0
TX000207,AC00181,train,-0.023339196742422075,0,-0.2265028251516763,0,-1.8073078291962705,0,-393.82973584978885,0,0.0,0,0.3668231259197221,1,7.131615704535506,0,8.773346470494342,0
TX001772,AC00181,train,-0.09497203186128617,0,-0.24469495342238834,0,-1.6421887760319613,0,-457.13183646053164,0,5.960464477539063e-08,0,0.12744971937797514,0,3.654546516343847,0,-21.801251577630705,0
TX000737,AC00181,train,-0.08004463105549314,0,-0.2187658888303703,0,-1.9828569224555075,0,-446.4308234530417,0,0.0,0,0.18826805135328678,0,4.694495934550766,0,-22.113407031085647,0
TX000942,AC00182,train,-0.09545519189817891,0,-0.2399650616670268,0,-1.5435790417418218,0,-469.50624974771034,0,0.0,0,0.21704069606489726,0,6.5224240891031755,0,-82.1443287989575,0
TX000166,AC00182,train,0.021876794700538937,1,0.4840247971601719,1,4.2789779290767,1,-135.10639701026128,0,9.349759389545481,1,0.775074507131873,1,13.403164369249572,1,-3.8062670045962594,0
TX002496,AC00182,train,-0.07467246031846186,0,-0.22459005486718908,0,-2.782672566397956,0,-453.5229920200446,0,0.0,0,0.16443347517779947,0,3.5434867724102874,0,5.1607106259963125,0
TX000429,AC00182,train,-0.0627589683449119,0,-0.22594691236857045,0,-2.0006460745642816,0,-404.8892371879278,0,0.0,0,0.48572357263957217,1,8.908752899304762,0,-8.017164051206061,0
TX000678,AC00182,train,-0.06909749379543378,0,-0.2269614686051844,0,-3.0841992923479307,0,-397.33611660569693,0,0.0,0,0.3295122725808296,1,3.4070870833462297,0,3.3579765909371737,0
TX000660,AC00182,train,-0.0879251502016622,0,-0.25565122862816014,0,-2.702984653191324,0,-468.75998833859836,0,5.960464477539063e-08,0,0.050453605506596964,0,3.3402899360602847,0,-26.00859996564022,0
TX000871,AC00182,train,-0.0714105531206427,0,-0.1516257891571342,0,-1.877588319686943,0,-372.6863930705027,0,2.384185791015625e-07,0,0.5109785779684834,1,8.671809341163362,0,-6.12140568498678,0
TX000465,AC00182,train,-0.060956048114729044,0,-0.20934375839143193,0,-2.770304849961871,0,-399.48597721810756,0,0.0,0,0.1643760143565915,0,4.505701796353031,0,-19.38497896452613,0
TX000621,AC00183,train,-0.09342290038712509,0,-0.2550439788195942,0,-1.9657084505591396,0,-471.5185679069622,0,0.0,0,0.13864561113041693,0,4.968328200807955,0,-77.6817573318707,0
TX002280,AC00183,train,-0.10632126237993961,0,-0.17646819454507634,0,-2.8632363902998392,0,-464.4257805511062,0,0.0,0,0.3765693419274414,1,4.50780138319514,0,-60.4528163660778,0
TX002389,AC00183,train,-0.06431800106764973,0,-0.18263410890784848,0,-0.9387485763643593,0,-386.4078763699249,0,0.0,0,0.5559999015875712,1,9.382359776109876,0,-11.377874062682304,0
TX000539,AC00183,train,-0.08992233337286037,0,-0.25316834882467276,0,-2.3443439112269164,0,-478.42731494201837,0,5.960464477539063e-08,0,0.05997577869309125,0,3.3499741425491583,0,-28.095145732946456,0
TX001781,AC00183,train,-0.08250527479670677,0,-0.2356860893764554,0,-2.961190435503198,0,-461.2069650814117,0,0.0,0,0.33860459025089784,1,4.549930306933238,0,-24.298697553556668,0
TX001005,AC00183,train,-0.07855999262618246,0,-0.2178418917913525,0,-1.559008326435114,0,-429.4433188479663,0,0.0,0,0.1660540782323551,0,4.084670907444758,0,-20.817082548476012,0
TX001908,AC00184,train,-0.1200001425080503,0,-0.23602978045569412,0,-2.2284603703171175,0,-469.00402312890157,0,0.0,0,0.19701865211129332,0,5.640451014653375,0,-78.31145983947864,0
TX001031,AC00184,train,-0.07036689657799156,0,-0.1557972177519067,0,-2.656293891951929,0,-464.20404760167924,0,0.0,0,0.3651209726691248,1,5.374928064934258,0,-61.220312579722716,0
TX001271,AC00184,train,-0.048893327827685296,0,-0.14385365768199843,0,-2.043775963223334,0,-462.788732948908,0,0.0,0,0.36747435243243165,1,4.893295192294927,0,-17.10016487811452,0
TX000601,AC00184,train,-0.06344966002978975,0,-0.2608131588376543,0,-2.1814822353296446,0,-453.0243942965795,0,0.0,0,0.06026029406047319,0,3.383213027705193,0,-23.105983712927785,0
TX001900,AC00185,val,-0.042458672413665965,0,-0.2463895249126138,0,-0.4966887743809316,0,2995.398905307666,1,0.0,0,0.37847336519357894,1,6.9796522665047815,0,-65.20874310685446,0
TX001657,AC00185,train,-0.022710232728471003,0,-0.1991654979405899,0,-0.00031446891767750174,0,-420.3810464499938,0,3.371747880871523e-07,0,0.4347261423098885,1,15.748566798643145,1,-59.1459188783017,0
TX001350,AC00185,train,-0.05075815834828401,0,-0.18451051099780624,0,-2.1683516722612755,0,-450.588629986365,0,0.0,0,0.33003563230813704,1,4.91453103124341,0,-22.162972257936612,0
TX000849,AC00185,train,-0.016973087841665846,0,-0.20530414078999515,0,-2.06153776680026,0,-427.88460274897193,0,8.429369702178807e-08,0,0.36677026908159494,1,4.076325520189174,0,-16.98774230615655,0
TX000968,AC00185,train,-0.09450901636275533,0,-0.25168568109609957,0,-1.7935701300740146,0,-313.73854344966185,0,5.960464477539063e-08,0,0.1388701772474831,0,3.602208452596882,0,-17.161285332770536,0
TX001709,AC00185,train,-0.06743713457376932,0,-0.20128892639379514,0,-1.1628125527951099,0,-298.0847375418401,0,0.0,0,0.33111915837576705,1,4.666457703435225,0,-14.055870275114803,0
TX002031,AC00186,train,-0.0849763797191227,0,-0.14310100132839354,0,-1.7674597468951223,0,-464.691231865886,0,0.0,0,0.331494918515612,1,3.8471710873290594,0,-72.18394293166041,0
TX002118,AC00186,train,-0.043289938675287465,0,-0.1441781202850827,0,-1.9102437152855547,0,-447.6583959263753,0,0.0,0,0.3851616417689261,1,4.632543932987997,0,-54.006254248749215,0
TX002330,AC00187,val,-0.11475821136909115,0,-0.2634627345110223,0,-2.248355699563973,0,-474.62486762318065,0,0.0,0,0.0,0,3.865858262433112,0,-77.679349321465,0
TX001314,AC00187,train,-0.12010311918959954,0,-0.23345728030528257,0,-2.8177602479089803,0,-471.5860729970557,0,5.960464477539063e-08,0,0.10085197695704383,0,3.463358367868724,0,-63.29530955784891,0
TX000954,AC00187,train,-0.01961345463078168,0,-0.05423037499939021,0,-0.6618556503047408,0,-424.92580242260095,0,0.0,0,0.5007804691133145,1,6.422224731485555,0,5.508847007811138,0
TX001966,AC00187,train,-0.08566576508577767,0,-0.24673622481308,0,-1.9044524892880759,0,-464.5783394862118,0,0.0,0,0.13243610096319014,0,3.40217077789265,0,-24.088290645259608,0
TX000334,AC00187,val,-0.06756350596566124,0,-0.21532856928758037,0,-1.8154089108245977,0,-461.5744496693338,0,0.0,0,0.17094516879336918,0,4.154197943509113,0,-23.461417079381313,0
TX001817,AC00188,train,-0.12574933241911335,0,-0.2518141603252284,0,-1.7945818050188542,0,-478.07749735862336,0,8.429369702178807e-08,0,0.1274290197653507,0,3.6881737063940117,0,-80.43142444148171,0
TX000383,AC00188,train,-0.07448542477866571,0,-0.23445389511853465,0,-1.7274713032658777,0,-462.392133360953,0,0.0,0,0.16561280451673469,0,4.100281149634778,0,-62.23419632791965,0
TX000823,AC00188,train,-0.06849160719100839,0,-0.18293709656883217,0,-1.0280454798015501,0,-445.63367093135054,0,8.429369702178807e-08,0,0.1736883359569975,0,4.188602836429321,0,-17.326938720875425,0
TX000575,AC00188,train,-0.07066926251477562,0,-0.22602898909289482,0,-1.4366796358061578,0,-455.64170468245,0,8.429369702178807e-08,0,0.16955635059928328,0,4.669750845811342,0,-22.79112187673874,0
TX001987,AC00188,train,-0.08119473808481226,0,-0.22632092546964677,0,-1.057778237915306,0,-461.5510568696268,0,0.0,0,0.16692645106865975,0,4.153141056516108,0,-23.49219255330215,0
TX001728,AC00189,train,-0.07055706040429721,0,-0.09340719427307098,0,-1.9287272720575768,0,980.4770862840676,1,1.6858739404357614e-07,0,0.46169778572992126,1,7.790948705750075,0,-77.44789509174052,0
TX002182,AC00189,train,-0.06104978376578879,0,-0.24491407904345008,0,-0.8723706395226944,0,-458.16735473874036,0,0.0,0,0.4153742918308209,1,11.337147125611644,1,-64.68801840597047,0
TX001104,AC00189,val,-0.050255297774894014,0,-0.2117896338754126,0,-2.6161359597075773,0,-432.5222077420909,0,5.960464477539063e-08,0,0.1876282636451069,0,3.4478056078514867,0,5.523790927704152,0
TX001970,AC00189,train,-0.015038846672529083,0,-0.1359895948511447,0,-0.868086401390542,0,-406.26273525085975,0,0.0,0,0.484908534608235,1,5.443288766164974,0,11.184583076108478,0
TX000293,AC00189,train,-0.10731172214852941,0,-0.26004557325531286,0,-3.132958537064722,0,-465.5551245016155,0,0.0,0,0.026506981015651535,0,3.0230888101723106,0,-28.471724487092008,0
TX001006,AC00190,val,-0.09401280627377973,0,-0.23855440734321842,0,-0.3141786533444648,0,-471.4285619130091,0,0.0,0,0.16321921264199193,0,6.135875474661722,0,-79.37112664218988,0
TX001972,AC00190,train,-0.06265731927237106,0,-0.09445048388836996,0,-0.7364277634173533,0,-381.89764324789707,0,1.1920928955078125e-07,0,0.427632830358572,1,7.550580517401868,0,-62.78705061670135,0
TX002385,AC00190,train,-0.040291435882373716,0,-0.2127717949325454,0,-1.625172790068662,0,-351.35603656318597,0,0.0,0,0.48863431663904694,1,6.40307283207887,0,9.802638374911087,0
TX000758,AC00190,train,-0.06518456985449855,0,-0.17665198751680555,0,-2.549943706734421,0,-461.28841479192,0,0.0,0,0.3523948100252546,1,4.238502003500159,0,-23.057320552862674,0
TX002108,AC00190,train,-0.10199513846755748,0,-0.2667473568158729,0,-1.9822033214778099,0,-443.75485571506476,0,5.960464477539063e-08,0,0.05004220103959363,0,3.348147410526869,0,-22.03182975491502,0
TX001058,AC00191,train,-0.02819366106017801,0,0.1888287336384935,1,0.00032498060699204245,1,-427.62006527207006,0,0.0,0,0.48545120757925,1,6.556913083116634,0,-57.439413732197316,0
TX002283,AC00191,train,-0.0996243871072432,0,-0.22438575969264996,0,-1.163940665549406,0,-455.4336215209573,0,0.0,0,0.42100325542361255,1,5.642054041499324,0,-63.19226877154341,0
TX002316,AC00191,train,-0.04751457427437006,0,-0.09367310862101097,0,-0.020407361486126874,0,-424.9722481065782,0,0.0,0,0.4416495385767883,1,6.8114361517289455,0,-7.54482056702307,0
TX001047,AC00192,train,-0.12151897014337515,0,-0.2631729576576177,0,-2.176980487817744,0,-479.2394882871971,0,0.0,0,0.0,0,4.009326494196105,0,-80.50053747228884,0
TX000580,AC00192,train,-0.08648913097880889,0,-0.2257254725799751,0,-2.8809669777785416,0,-473.14922384532144,0,0.0,0,0.14515664733002354,0,3.794319387318405,0,-60.298330788703616,0
TX000362,AC00192,train,-0.06620248519119165,0,-0.14705790869789692,0,-2.3958374531351723,0,-440.65663713597445,0,0.0,0,0.5077867846797327,1,6.632363710530275,0,6.010194373912935,0
TX001893,AC00192,train,-0.07392197366933428,0,-0.1687941507878361,0,-2.8081828692082773,0,-454.7485086660269,0,0.0,0,0.41273813538162135,1,5.021413629061965,0,-19.227294932575177,0
TX001464,AC00193,val,-0.10346633083401885,0,-0.270975138675595,0,-1.2019863540988922,0,-477.25993730215873,0,8.429369702178807e-08,0,0.06377272405025396,0,4.678607382410807,0,-79.21544480163165,0
TX001723,AC00193,val,-0.0804912005701599,0,-0.22491645454920728,0,-1.7993857888798317,0,-459.4755768117556,0,0.0,0,0.4258922491512148,1,4.960891828619931,0,-64.67837967881029,0
TX000323,AC00194,train,-0.1277008201351093,0,-0.2705080487078094,0,-0.748803315185727,0,-477.1021064154991,0,0.0,0,0.0,0,5.536229186984597,0,-80.44911716180832,0
TX000263,AC00194,train,-0.07161107703018393,0,-0.220580241785318,0,-0.9546317448595865,0,-457.71399082673474,0,0.0,0,0.1491174719307127,0,4.518735913599224,0,-60.30064330853409,0
TX002358,AC00194,train,0.014846625898545018,1,-0.1723196988117075,0,-1.2401955042032142,0,-294.7114654921365,0,0.0,0,0.5420193234655912,1,4.778646837621801,0,8.58656957627942,0
TX002408,AC00194,train,-0.05417702304089511,0,-0.21628593051138223,0,-2.1482243609485305,0,-435.3056761078042,0,0.0,0,0.3210758648956044,1,4.330723076663866,0,-22.8755019762464,0
TX001024,AC00194,train,-0.0693661408017141,0,-0.16565152123699978,0,-1.6072911196299327,0,-457.56464081161965,0,0.0,0,0.37149080062501283,1,4.5316322738525425,0,-21.320779224176096,0
TX001975,AC00195,train,-0.0664430328920575,0,-0.23347568237071648,0,-1.7718173702525686,0,1097.0743037289178,1,1.1920928955078125e-07,0,0.32341201908890516,1,6.888988931591121,0,-73.33385868542702,0
TX002366,AC00195,train,-0.09042607953064924,0,-0.2048949467586545,0,-2.783350050515889,0,-470.8267696654515,0,0.0,0,0.38073760534911255,1,6.150337216885068,0,-65.45861038582706,0
TX001634,AC00196,val,-0.05652481145166599,0,-0.23827723217789343,0,-0.7569836657937632,0,-435.15169255521363,0,0.0,0,0.35182659486640994,1,6.84251390578377,0,-74.61041065497929,0
TX001941,AC00196,train,-0.027866155348238053,0,-0.21943697768032067,0,-0.6787150557769888,0,-438.9494436725559,0,0.0,0,0.47342422648837934,1,12.050572208864043,1,-60.29043613191722,0
TX001207,AC00196,train,-0.05331966209427724,0,-0.21454741015483836,0,-2.2588273951624984,0,-457.1572578822622,0,0.0,0,0.16667820088016008,0,5.725293870411105,0,-20.903958449937694,0
TX000428,AC00196,train,-0.04631437223450813,0,-0.17895874681818325,0,-2.141644186532682,0,-441.865005897877,0,0.0,0,0.363629014595529,1,4.273185666289505,0,-17.87396903695043,0
TX001096,AC00196,train,-0.05644675181332637,0,-0.2468246686778759,0,-1.9009813724915166,0,-399.3914504489496,0,0.0,0,0.14619888291025365,0,3.8098003172233157,0,-13.346464494586062,0
TX000789,AC00196,train,-0.054513742151261424,0,-0.1954786397632533,0,-1.8957384461054634,0,-368.12103287478715,0,0.0,0,0.32225340539485314,1,3.9946063757840813,0,-11.59392689905356,0
TX001837,AC00197,train,-0.10665104552482857,0,-0.2110865382325462,0,-0.9807724198841825,0,-467.5169325035985,0,0.0,0,0.1862634507877506,0,5.4684319723864565,0,-75.36394500910137,0
TX001712,AC00197,train,-0.011000092834941744,0,-0.12808545994383236,0,-1.821448189398632,0,-396.6036696493335,0,0.0,0,0.5197147300563739,1,5.253764716213404,0,-51.04886396114851,0
TX002270,AC00197,train,-0.07975724936012252,0,-0.24254121412115626,0,-1.4757814617504028,0,-466.3023565723797,0,0.0,0,0.1329042246980453,0,4.00476883874679,0,-25.844019046147263,0
TX001721,AC00197,train,-0.07878942062945488,0,-0.23036966846312312,0,-1.491311269198679,0,-461.61344493047375,0,0.0,0,0.14427130876569344,0,4.09171184429192,0,-21.843196498180955,0
TX000225,AC00198,train,-0.056077418523534095,0,-0.1616362911476592,0,-0.2620493857232127,0,-155.27378022537232,0,0.0,0,0.6286329548831066,1,5.385393438959604,0,-55.41318493315887,0
TX001484,AC00198,train,-0.038429247558371904,0,-0.015074355704264963,0,-1.7233468590206336,0,-440.8625812650484,0,1.1920928955078125e-07,0,0.5054714570035351,1,6.3173593277782265,0,-58.66600705841982,0
TX000007,AC00199,train,-0.06694106286581364,0,-0.17617739908065366,0,-0.4460214447207935,0,-447.92441650474865,0,1.1920928955078125e-07,0,0.22962896724537307,0,6.184596503468874,0,-55.56278118931868,0
TX001083,AC00200,train,-0.06497842302227325,0,-0.13446797789771248,0,-1.3561140831199037,0,-448.81842221910114,0,8.429369702178807e-08,0,0.33738503157963956,1,4.744066980556537,0,-59.58513791037739,0
TX000933,AC00200,train,-0.038525826715467004,0,-0.08158125829622054,0,-0.9628355317164683,0,-438.2413890273515,0,0.0,0,0.39887309644593555,1,4.817894635517749,0,12.917250967375235,1
TX001082,AC00200,train,-0.08821355911069262,0,-0.17542572264525136,0,-1.809622990565531,0,-462.0732445558557,0,0.0,0,0.4205873625331979,1,5.8160402638267055,0,-9.410998469110789,0
TX000462,AC00200,train,-0.017363002140618145,0,-0.16975736776199724,0,-2.5740627941253944,0,-435.4505241840738,0,1.6858739404357614e-07,0,0.4871683552605669,1,4.494151303016645,0,6.555825239241312,0
TX001294,AC00200,train,-0.0938667596137247,0,-0.19575791623765304,0,-1.532472120633667,0,-455.8022811473051,0,0.0,0,0.18413037643739646,0,3.9278414445052197,0,-21.672287717313896,0
TX001745,AC00200,train,-0.04631149079383973,0,-0.23722286316624563,0,-2.4583408863494487,0,-434.79190407082586,0,0.0,0,0.17504586501985803,0,3.6351595802351193,0,-20.20866865692891,0
TX000317,AC00200,train,-0.08860363766321455,0,-0.24198211699807692,0,-1.6906970300992494,0,-430.36018612291247,0,5.960464477539063e-08,0,0.13663977403662475,0,3.6338507297885365,0,-22.746548076102155,0
TX000709,AC00201,val,-0.08810213002618905,0,-0.2540084299433488,0,-2.1223066172273715,0,-13.791562029389013,0,5.960464477539063e-08,0,0.1558940534472425,0,3.848452029984047,0,-77.38884998661952,0
TX000762,AC00201,train,-0.07412150734150069,0,-0.039256488645164955,0,-3.0058216707770384,0,-454.51305232864354,0,0.0,0,0.49643152843052785,1,5.779231704477229,0,-58.950352465659954,0
TX001195,AC00201,train,-0.09420525644713107,0,-0.24317624203121269,0,-2.7848427946363845,0,-468.7914209627208,0,0.0,0,0.15781142359751252,0,3.2918770703964397,0,-22.517904912319672,0
TX001928,AC00201,train,-0.09422864158822059,0,-0.2244626476480227,0,-2.7018613474900803,0,-477.60617229052906,0,5.960464477539063e-08,0,0.1877156202789363,0,3.4418319595814277,0,-24.84901695719579,0
TX001850,AC00201,train,-0.08231007294712311,0,-0.27312587359849383,0,-2.0650309058510334,0,-470.8100617993029,0,0.0,0,0.06408832993721758,0,3.2225784966464492,0,-26.680487942028964,0
TX000038,AC00202,val,-0.07461280793748676,0,-0.23668083229639647,0,-1.3637884439779366,0,-458.99553323865865,0,1.6858739404357614e-07,0,0.25761511856453306,0,6.427281470555977,0,-78.10816632341165,0
TX000806,AC00202,train,-0.033466276245189996,0,-0.22004194079174377,0,-0.3196222149593968,0,-452.7287945459413,0,0.0,0,0.4588452092836513,1,11.579552806221777,1,-60.486715152082596,0
TX002487,AC00202,val,-0.08757744780309018,0,-0.24049186409377254,0,-2.5420763474314345,0,-459.2400096651982,0,5.960464477539063e-08,0,0.14488010322031122,0,3.4898223897671974,0,-22.430773568817884,0
TX001245,AC00202,val,-0.08033957050788487,0,-0.16749856363168059,0,-3.585472093514502,0,-461.61821150075866,0,8.429369702178807e-08,0,0.40864898407011335,1,4.3981210571023555,0,-21.363905544816195,0
TX002171,AC00202,train,-0.07065135477254908,0,-0.243698038209456,0,-2.603157491228263,0,-443.49901012095734,0,8.429369702178807e-08,0,0.10978166661910656,0,3.4947784819054313,0,-24.091802493268407,0
TX001119,AC00202,train,-0.07699498567958035,0,-0.19736866732498792,0,-3.149212141024851,0,-369.7336475374788,0,1.1920928955078125e-07,0,0.42470966564610424,1,5.631004620948211,0,-13.76883873589277,0
TX002369,AC00202,train,-0.08555119082291807,0,-0.24662316045455213,0,-2.6724778420704354,0,-455.7557184105284,0,0.0,0,0.12768055975843706,0,3.3100564591792145,0,-23.398061718095338,0
TX000243,AC00202,train,-0.04939085292661366,0,-0.23289651123758826,0,-2.3267448624072404,0,-436.998435071369,0,0.0,0,0.16753655496303455,0,3.5329993188917554,0,-19.14701143051604,0
TX001494,AC00202,train,-0.03650995949148883,0,-0.19845206572813767,0,-2.137394919641441,0,-394.84371061283514,0,8.429369702178807e-08,0,0.18979247104098868,0,3.9162025144901427,0,5.825156177621476,0
TX000169,AC00202,train,-0.06508274169813894,0,-0.2140932940680711,0,-1.6753136466138194,0,-411.9997670487902,0,0.0,0,0.32180893509817193,1,4.081572031266078,0,-15.909904158953514,0
TX002306,AC00202,train,-0.003676614599081196,0,-0.057950772754435276,0,0.0004772067027474236,1,-347.1310840384142,0,1.1920928955078125e-07,0,0.4542589121322742,1,6.077408142694271,0,18.145705184388657,1
TX001545,AC00202,train,-0.05909879085032993,0,-0.16885258174137419,0,-1.2109795999543387,0,-398.20195573834246,0,0.0,0,0.33259734175401456,1,4.2268262695119265,0,-8.267248937803405,0
TX000604,AC00203,train,-0.054874747018482106,0,-0.2050016343385772,0,-1.3416722924375382,0,-433.58661798631687,0,2.384185791015625e-07,0,0.45308334382185544,1,6.751599075244798,0,-71.38851094581665,0
TX001873,AC00203,val,-0.05575520321169786,0,-0.079618561634202,0,-0.24980237870641275,0,-447.3266032522655,0,0.0,0,0.5385434397925986,1,10.50195627641181,0,-60.59011648324568,0
TX001968,AC00203,train,-0.030865757351617285,0,-0.08769600100381858,0,-2.299686051428015,0,-432.8946212308518,0,1.1920928955078125e-07,0,0.4888508053983455,1,6.5042820078081025,0,-8.45923256590235,0
TX001569,AC00203,train,-0.012026987494255459,0,-0.1603102092378368,0,-1.6326103995599315,0,-430.37314615069187,0,0.0,0,0.4593692293255808,1,6.771535424957684,0,-11.842555381985225,0
TX000133,AC00203,train,-0.0655358061314204,0,-0.19443306813369654,0,-2.1342034920580524,0,-396.0765750980521,0,1.1920928955078125e-07,0,0.3620072539110445,1,4.637147827174469,0,-16.921958216284086,0
TX002218,AC00203,train,-0.02125059119051803,0,-0.11161790967821328,0,-1.6523345918442995,0,-345.1407202834778,0,0.0,0,0.4104437276367528,1,4.830874666353062,0,-11.234861774174764,0
TX001179,AC00204,train,-0.022126705443150152,0,-0.1745230561116713,0,-0.3651250095660341,0,2162.001977170512,1,0.0,0,0.4278747141163528,1,6.8787653969085065,0,-45.36812040057347,0
TX001027,AC00204,train,-0.050896292498760376,0,-0.25850090748081933,0,-0.5523066205590066,0,-440.56737431958294,0,2.384185791015625e-07,0,0.3899208213858493,1,12.802724647627159,1,-57.84398746198139,0
TX001363,AC00204,train,-0.03264517613011775,0,-0.18253331961287822,0,-2.2948212424552636,0,-451.01530973290005,0,8.429369702178807e-08,0,0.33119755590828726,1,4.599377572900934,0,-21.85780209062246,0
TX001346,AC00204,train,-0.010373220286245544,0,-0.2610954647854723,0,-1.1172555994265885,0,-315.12111040718366,0,1.6858739404357614e-07,0,0.49425198062547415,1,10.416616813985303,0,-5.275615747132855,0
TX002341,AC00204,train,-0.06460766901773318,0,-0.10383512281236706,0,-2.047015276333388,0,-415.9508652544346,0,0.0,0,0.422063076971098,1,4.930160855413823,0,-14.26875941942308,0
TX002084,AC00204,train,-0.024612159898008412,0,-0.16899020890804595,0,-2.4500271730263172,0,-439.26338640527246,0,0.0,0,0.37982236792830815,1,5.13141810516533,0,-18.606709293574045,0
TX001123,AC00204,train,-0.07628775632833656,0,-0.23283193607316055,0,-2.06674396379694,0,-369.18650204372994,0,8.429369702178807e-08,0,0.17517852785814317,0,3.559605510281521,0,-21.502739938322183,0
TX002236,AC00205,val,-0.06159411822944433,0,-0.19959365061742895,0,-1.9751199116392204,0,-160.38299802651295,0,5.960464477539063e-08,0,0.3016877343558976,0,3.771597840641552,0,-57.26761554235633,0
TX000582,AC00205,train,-0.06679042204858165,0,-0.1764953711883328,0,-1.6455648475781537,0,-456.86809162280355,0,0.0,0,0.39786139637315787,1,4.599264217862432,0,-55.464159578755314,0
TX001704,AC00205,train,0.05420571183760914,1,0.25789356914857153,1,0.5958254987512817,1,427.7247567871987,1,0.0,0,0.6645615522289257,1,8.976397563227495,0,20.05564167455737,1
TX002163,AC00205,train,-0.05053804052063526,0,-0.14297733630483456,0,-1.1819267845992858,0,-379.1212170715466,0,0.0,0,0.40027448533399984,1,5.2103665926776275,0,-12.223193287787485,0
TX001991,AC00206,train,-0.09338398623811084,0,-0.21434059954547768,0,-2.4004332725857793,0,-474.7608649189401,0,0.0,0,0.2417024103290346,0,5.46995935358429,0,-79.78690454149233,0
TX001888,AC00206,train,0.024112485527947203,1,0.0997938480542806,1,-0.12529090755583105,0,-421.98861279326155,0,0.0,0,0.5996436891020668,1,8.98033688689452,0,14.724886444786033,1
TX001596,AC00207,val,-0.07116915875563967,0,-0.13303817808257357,0,-1.8080272980149186,0,-231.11218761926648,0,0.0,0,0.3252178534059007,1,3.663406057772026,0,-68.39486293394526,0
TX001423,AC00207,train,-0.05712728212798096,0,0.12230651553399019,1,-0.2621971532095628,0,-419.96522749570516,0,0.0,0,0.5475002500064651,1,6.149303642822537,0,-38.843412856554664,0
TX000408,AC00208,train,-0.1260124831459002,0,-0.24061553731352725,0,-2.2090198229831994,0,-476.04194330627297,0,0.0,0,0.17385469302409437,0,3.3139147796347164,0,-77.22894013273637,0
TX000127,AC00208,train,-0.07302200697805755,0,-0.1747339765019844,0,-2.105677299365823,0,-439.3936553122193,0,1.6858739404357614e-07,0,0.4966605722483196,1,5.533443345251146,0,-57.23950928670629,0
TX000652,AC00208,train,-0.025121015176900907,0,-0.22410193905656328,0,-1.2702705582400977,0,-331.295403289795,0,0.0,0,0.5555908137802187,1,8.651476892914026,0,-15.744856712646042,0
TX000798,AC00208,train,-0.06191259241142233,0,-0.1875223520854108,0,-2.663559586946329,0,-447.36056418089044,0,0.0,0,0.39659375111070544,1,5.152689075949527,0,-24.75143241568202,0
TX001869,AC00209,train,-0.03652815169677798,0,-0.18169608918643032,0,-1.8494690424508313,0,-95.28913421529842,0,0.0,0,0.2938431548220123,0,4.296557558210539,0,-58.394582341192624,0
TX002183,AC00209,train,-0.07787877804043042,0,-0.1732165234183276,0,-1.7964621108674201,0,-457.0099595726329,0,8.429369702178807e-08,0,0.4124690077928723,1,5.288379467397283,0,-58.24126277496598,0
TX001801,AC00209,train,-0.0897496200373431,0,-0.22939537871325988,0,-2.3422446496219695,0,-464.4198332276158,0,0.0,0,0.17405031011664204,0,3.6216550381547887,0,-19.86595748435146,0
TX001020,AC00209,train,-0.09515237807036336,0,-0.24443805930112172,0,-3.112915306142323,0,-475.86820705693685,0,0.0,0,0.16025875270327505,0,3.5201823403467007,0,-23.854262888241774,0
TX001108,AC00209,train,-0.09433165507575053,0,-0.2540066184865346,0,-2.7454189600416488,0,-472.9928000884729,0,0.0,0,0.13801513241664892,0,2.8554362521148686,0,-25.752512443395155,0
TX000412,AC00210,train,-0.0898764506214959,0,-0.1990377221154327,0,-1.8434641954480266,0,-469.4989393995743,0,0.0,0,0.25545961770506137,0,4.016972995040063,0,-75.55244283417751,0
TX000390,AC00210,val,-0.06390503240673817,0,-0.13152341449833704,0,-1.6489906383500372,0,-457.55382889834266,0,0.0,0,0.3870241220825372,1,4.817920967907149,0,-58.21392108225355,0
TX002123,AC00210,train,-0.10930994588440968,0,-0.25902355176923975,0,-2.229861779112035,0,-475.80037366250326,0,0.0,0,0.13432640262818366,0,3.684927433356786,0,-25.80450364730742,0
TX002174,AC00210,train,-0.09480138003226979,0,-0.26004509398295284,0,-2.987457478146599,0,-480.34088572153684,0,0.0,0,0.0754429689033538,0,3.307496179408589,0,-28.913721119867283,0
TX000786,AC00211,train,-0.11259772806253743,0,-0.2426363977198962,0,-1.7861167904112492,0,-473.0850633791103,0,8.429369702178807e-08,0,0.21429229151121093,0,5.043812074601963,0,-79.39118985647309,0
TX001178,AC00211,train,-0.09380994983151492,0,-0.22898832400924518,0,-1.938584120785837,0,-472.7050329654964,0,0.0,0,0.3642236857099855,1,5.172115821268118,0,-62.040665271321444,0
TX000600,AC00211,train,-0.10283482109138886,0,-0.22764134385806467,0,-3.0518501970405545,0,-469.4931975315486,0,0.0,0,0.1735260058668043,0,3.4373217866054153,0,-23.56266361287771,0
TX001157,AC00211,train,-0.007411066332033367,0,-0.09634701694388714,0,-3.268959915124153,0,-374.5631748109669,0,1.6858739404357614e-07,0,0.443331276851708,1,5.899414341547451,0,13.408022887455754,1
TX000227,AC00212,train,-0.08595572116229461,0,-0.07844059637536294,0,-1.4123949228902202,0,-459.73976618705296,0,8.429369702178807e-08,0,0.3343496773346621,1,4.626763973270809,0,-66.99113313200165,0
TX001332,AC00212,train,-0.04622888172124212,0,-0.187947004810179,0,-1.2708509497353155,0,-434.3262312367246,0,0.0,0,0.48685023146716244,1,5.407942316407926,0,-55.26834972544263,0
TX001778,AC00212,train,-0.10614838651882946,0,-0.24702989178821677,0,-2.7440110862511595,0,-470.1163025422602,0,0.0,0,0.09696928463052687,0,3.3815119622605763,0,-25.123714516733948,0
TX002089,AC00213,train,-0.08673882751416728,0,-0.2126332894265166,0,-1.2740676747058632,0,-405.30562459733704,0,0.0,0,0.20991529320876773,0,4.795633888327921,0,-73.53570907025448,0
TX001944,AC00213,train,-0.08097100229879156,0,-0.21515245763544621,0,-1.5220007983095751,0,-461.56119532873345,0,0.0,0,0.15293602718453936,0,4.087104552059423,0,-58.00786914499375,0
TX001295,AC00213,train,-0.06765309767670241,0,-0.2507670383231274,0,-1.4520794471865468,0,-422.70625661337374,0,5.960464477539063e-08,0,0.10005653934548342,0,3.673982711481614,0,4.319914839695567,0
TX001890,AC00213,train,-0.04006780448320474,0,-0.08957554416610725,0,-1.0451745314098364,0,-379.9223750520427,0,0.0,0,0.5598013937223288,1,6.602841960663983,0,15.235855108407033,1
TX000473,AC00213,val,-0.0739353534526857,0,-0.19315482613907764,0,-1.9937754521673163,0,-390.98014640359884,0,0.0,0,0.46915092138445447,1,8.052215163908118,0,3.9942749980701575,0
TX000493,AC00213,val,-0.08022179095434256,0,-0.24366824424029176,0,-2.167030165139634,0,-435.34355814326443,0,8.429369702178807e-08,0,0.11803299005323076,0,3.7244754953618653,0,-23.792207743746726,0
TX001026,AC00214,val,-0.09598411659615308,0,-0.20976279416857646,0,-1.5323445744672828,0,-474.09162723646364,0,0.0,0,0.15067662542266022,0,4.620907651810454,0,-76.93265809294239,0
TX001462,AC00214,train,-0.046891764442070105,0,-0.2209662998159201,0,-1.2522613966346672,0,-452.3358048315591,0,5.960464477539063e-08,0,0.14689102128383674,0,4.293478447022382,0,-12.386214377805624,0
TX000242,AC00215,train,-0.06721841907617787,0,-0.06420299361714976,0,-1.5501021165579996,0,-438.5193085754831,0,0.0,0,0.5039081717809448,1,8.051692161063208,0,-76.01287338974296,0
TX002421,AC00215,train,-0.060125477885058676,0,-0.24968181780104082,0,-1.1870285058886836,0,-456.1908603905658,0,0.0,0,0.3613313940591927,1,11.155866688332262,1,-62.91487466201664,0
TX000634,AC00215,train,-0.06444188958196523,0,-0.20721747897142606,0,-2.014191448652923,0,-459.75633434203553,0,0.0,0,0.3195221490103642,1,3.9891655065268328,0,-21.179499590165445,0
TX001710,AC00215,train,-0.0974260728393746,0,-0.2528778751025581,0,-1.6376531033939923,0,-468.2319134414975,0,0.0,0,0.07436691775234926,0,3.6832616301254326,0,-26.013339332009625,0
TX002138,AC00215,train,-0.08298968804188162,0,-0.21312173982219895,0,-1.5081553557652576,0,-414.2258421090498,0,0.0,0,0.3249322564026921,1,4.403651313649363,0,-22.36332514179608,0
TX000563,AC00216,train,-0.0966957651158154,0,-0.19774293053713854,0,-1.0328174106711643,0,-463.28102614727254,0,0.0,0,0.18657319990236507,0,4.906637493130504,0,-74.154416119498,0
TX002160,AC00216,train,0.006106605637069995,1,-0.0746577446607779,0,-0.28101382196881985,0,-382.01574820281115,0,0.0,0,0.5965611265033378,1,6.039582102151351,0,15.087360008546025,1
TX000567,AC00216,train,-0.09518754686295366,0,-0.09643972292385761,0,-2.876984290331025,0,-453.6274271436886,0,8.429369702178807e-08,0,0.4309513177033075,1,4.817804628591095,0,-16.83507341306862,0
TX002502,AC00216,train,-0.10515967670816245,0,-0.25971868840780066,0,-2.8539611977396007,0,-467.3988105284867,0,0.0,0,0.10330761034771754,0,2.615947551163304,0,-28.284730685127865,0
TX000891,AC00216,val,-0.09269016489901788,0,-0.256642793181171,0,-2.3592048585803482,0,-454.3066047894604,0,0.0,0,0.06024655040385948,0,3.330732109519131,0,-25.333638699605036,0
TX000435,AC00217,train,-0.10776047808971556,0,-0.26377538160833136,0,-1.0499123886214718,0,-481.2229267311625,0,8.429369702178807e-08,0,0.0,0,4.929574183891453,0,-82.21443463198145,0
TX000856,AC00217,val,0.015953403176015124,1,0.19191349796402268,1,5.258736874900036,1,-40.20778759865016,0,11.416770953544214,1,0.7967981285398592,1,19.21284884747558,1,20.268883833762484,1
TX000071,AC00217,val,-0.037247219340382554,0,-0.15394334701032175,0,-1.4652051417898893,0,-416.1300715687798,0,0.0,0,0.38752083780203905,1,5.59464190159321,0,-13.825336535088955,0
TX001906,AC00217,train,-0.08756752331554302,0,-0.22463172359970618,0,-1.4878186681630972,0,-422.7838477072435,0,0.0,0,0.32078329979230863,1,4.1074020517788705,0,-20.509078683699226,0
TX001459,AC00217,train,-0.033895332778524856,0,-0.1040341089076493,0,-0.8507428981982432,0,-421.55514738258864,0,0.0,0,0.43147605388553195,1,5.629809211912575,0,-18.2451525139717,0
TX000958,AC00217,train,-0.0392146381533246,0,-0.16074735729024603,0,-0.42649714492063673,0,-99.99269781165827,0,8.429369702178807e-08,0,0.35753426968017565,1,4.774700862931505,0,-5.429000549742572,0
TX001533,AC00218,val,-0.07896135482848432,0,-0.08679868006130964,0,-1.1632829448061397,0,-449.7921671465665,0,1.4600096599955427e-07,0,0.35001865323547254,1,4.742731993465617,0,-66.9340734786418,0
TX001450,AC00218,train,-0.07282433292000073,0,-0.1753276709820435,0,-1.7893262850344218,0,-449.64374771019015,0,5.960464477539063e-08,0,0.3536505677951929,1,3.9557253435315203,0,0.039433058323208314,0
TX001483,AC00218,train,-0.08714973671391762,0,-0.2524371829467148,0,-1.676407085256571,0,-460.84655346165476,0,0.0,0,0.35429936743592283,1,5.655939050118353,0,4.524971797167414,0
TX000689,AC00218,val,-0.1117909450025717,0,-0.2489310638949851,0,-2.3750356668126926,0,-471.24467900861015,0,0.0,0,0.11859920866768628,0,3.2258329608198695,0,-24.35916478168156,0
TX001458,AC00218,train,-0.05587883760162987,0,-0.21982155234571343,0,-1.3673505293527946,0,-452.4636583080457,0,5.960464477539063e-08,0,0.1952736892516978,0,3.8791466720696297,0,-18.781089150304258,0
TX001018,AC00218,train,-0.07287263211172967,0,-0.19100603987969045,0,-2.3052758793176125,0,-392.30181192030255,0,0.0,0,0.3650959387407962,1,4.851875159913018,0,-22.59369259033807,0
TX000469,AC00218,train,-0.10192594319220721,0,-0.2585503600854585,0,-2.4541149538511657,0,-461.5515100046273,0,5.960464477539063e-08,0,0.07355579993882176,0,3.2701044984027394,0,-24.31391683921785,0
TX000717,AC00219,train,-0.08141389910652408,0,-0.24435749366904758,0,-1.4976538775070587,0,-280.8910738066296,0,0.0,0,0.17571351336434463,0,4.0094628067450655,0,-76.80275724564862,0
TX000475,AC00219,val,-0.08642571543213051,0,-0.15357463098059387,0,-1.884678365331741,0,-460.73253684328216,0,0.0,0,0.38201269638967,1,4.106467191992652,0,-58.17484144639015,0
TX000622,AC00219,val,-0.05274641381094347,0,-0.23899725747582745,0,-2.435261122869459,0,-451.9936078947212,0,0.0,0,0.17465234105283578,0,4.534810161080839,0,-18.078117225073427,0
TX000313,AC00219,val,-0.07345351283295148,0,-0.1939119627009187,0,-1.9438993037692605,0,-458.09442947810436,0,0.0,0,0.2003949515014229,0,3.9082104361586385,0,-18.22210837409487,0
TX001685,AC00219,train,-0.08766708787942012,0,-0.2668407720010395,0,-2.0926501070147747,0,-463.94555475044433,0,0.0,0,0.05913025379781611,0,3.374353930706952,0,-24.75540380877069,0
TX002201,AC00219,val,-0.09135178132871435,0,-0.2649444848757301,0,-2.2056316306272947,0,-468.6250596610445,0,5.960464477539063e-08,0,0.06326087869526756,0,3.114734859627787,0,-26.686260006262906,0
TX001413,AC00219,train,-0.031311763755422106,0,-0.14886969990167387,0,-0.6632577805659139,0,-395.3538619354439,0,1.1920928955078125e-07,0,0.39944568470349295,1,4.7601399839789,0,11.014948398928727,0
TX001838,AC00219,train,-0.06704045957475108,0,-0.17774381145408769,0,-0.7640518502148357,0,-412.6164780519804,0,8.429369702178807e-08,0,0.3262187331256531,1,4.536552622559146,0,-6.046960734251787,0
TX001244,AC00219,val,-0.04882081546703798,0,-0.14220789914342036,0,-0.3744245401391346,0,-418.80008120573274,0,0.0,0,0.3634963660713372,1,4.776357079393674,0,-16.02637378627019,0
TX002298,AC00219,val,-0.056239312790810625,0,-0.14386307194550274,0,-0.622839540676047,0,-413.2235689558154,0,0.0,0,0.3567103741875032,1,4.677315394727241,0,-16.356473060531645,0
TX002179,AC00220,train,-0.12444924376594674,0,-0.2289238181429829,0,-0.9890939178817586,0,-473.5225248161205,0,0.0,0,0.12597736123232203,0,5.414745648707014,0,-77.69326683922259,0
TX000278,AC00220,train,-0.028152174333773705,0,-0.17514759663433388,0,-1.4596482741834773,0,-346.1253534285865,0,0.0,0,0.5469789506260465,1,4.899998594117193,0,-61.27046892268737,0
TX000704,AC00220,train,-0.07722574126624948,0,-0.24166572277837628,0,-1.559740548805875,0,-453.3756676288912,0,5.960464477539063e-08,0,0.13981713057948325,0,3.5428137005480194,0,-18.94835355674736,0
TX001626,AC00220,train,-0.0020054802576102704,0,-0.1514614264017795,0,-0.5999227545744859,0,518.6764225765553,1,0.0,0,0.5690831251928821,1,7.4464075195536275,0,7.235690625784752,0
TX001964,AC00220,train,-0.05244297521955377,0,-0.1650905721140541,0,-1.8639780934241852,0,-394.07105843131103,0,8.429369702178807e-08,0,0.39062236908390213,1,4.9655042529261175,0,-14.917026797266306,0
TX000084,AC00220,train,-0.05251908855416887,0,-0.19901999873528498,0,-1.8711798113672202,0,-385.20543649673255,0,0.0,0,0.3242161430253468,1,4.578843605627381,0,-16.140257989614494,0
TX001276,AC00221,train,-0.1178652064696647,0,-0.24281878345065722,0,-2.072456065218727,0,-481.87949621267813,0,0.0,0,0.062089957797167195,0,3.438372886667151,0,-80.78575733060087,0
TX001818,AC00222,val,-0.051311066554920404,0,-0.1849024077071073,0,0.04215153843254171,1,-405.43820051160895,0,0.0,0,0.4872257119767189,1,7.908185814292268,0,-65.07781328224262,0
TX001528,AC00222,val,0.0070723712488751644,1,0.018939356374751748,1,0.9546425164390335,1,-389.6497210392385,0,0.0,0,0.5886389586392633,1,18.965883646882588,1,-51.133882809841296,0
TX000912,AC00222,train,-0.05233185888996933,0,-0.17943622004436643,0,-2.729390129937883,0,-436.1236183323177,0,0.0,0,0.42240932847795176,1,5.226005839199477,0,-16.455014936845046,0
TX002454,AC00222,train,-0.06480322105765413,0,-0.18106464544761103,0,0.08490785009793989,1,-230.2202773471455,0,0.0,0,0.5647244840113058,1,8.35691288277432,0,-15.814949509281151,0
TX000632,AC00223,train,-0.05421797703752057,0,-0.19212567807724734,0,-0.37179698617932644,0,-432.05082974638566,0,0.0,0,0.37167348835851144,1,6.826013367832352,0,-72.9893014033481,0
TX000564,AC00223,train,0.03633627029306585,1,0.06336657444440519,1,1.7659551754960123,1,-375.7324644411305,0,0.0,0,0.6440666544146862,1,18.16198008230204,1,-53.36974292787302,0
TX002200,AC00224,val,-0.08186572002835579,0,-0.22702484647154986,0,0.10314203243578568,1,-348.0276697706284,0,0.0,0,0.5298538348294586,1,11.136763438526172,1,-64.88549110923279,0
TX000927,AC00224,val,-0.05331187664939424,0,-0.13107814382906802,0,-2.258906138176947,0,-441.1553996828837,0,0.0,0,0.4141281726569693,1,5.1472277659318335,0,4.125713770446904,0
TX002222,AC00225,train,-0.05941151288109414,0,-0.08466939130776518,0,0.00029801896998371546,1,31.447512487694382,1,0.0,0,0.6927334459760781,1,5.215879338523261,0,-49.30522060731683,0
TX000238,AC00225,train,-0.045651173121192934,0,-0.12529312924815783,0,-1.5804523651192195,0,-448.3080590561051,0,1.6858739404357614e-07,0,0.5007638540998677,1,7.798399878928999,0,-56.159740988003065,0
TX000956,AC00225,train,-0.051002557997778974,0,-0.08683730009391355,0,-2.5439338842299044,0,-440.1443529357722,0,0.0,0,0.4880287428779586,1,5.47460602784839,0,-4.163413798202779,0
TX001287,AC00225,train,-0.10885963414532651,0,-0.270488471444402,0,-2.521586064311842,0,-474.26182317974116,0,0.0,0,0.047724868471494646,0,3.2117738648643694,0,-27.748860674801353,0
TX002319,AC00225,train,-0.10570964230861557,0,-0.26277896916837207,0,-2.2513800742427925,0,-457.72735675633277,0,0.0,0,0.05997577869309125,0,3.2687703557254153,0,-25.65281660698196,0
TX002409,AC00225,train,-0.10921693684393835,0,-0.2644144093971884,0,-2.2860213645023713,0,-429.59836436393573,0,0.0,0,0.08205728146003761,0,3.2048056371725115,0,-26.73385987411371,0
TX001988,AC00225,train,-0.06550570564419061,0,-0.23990295950492824,0,-1.4515080002186913,0,-429.21772514157027,0,8.429369702178807e-08,0,0.13737685859682042,0,3.561573038982367,0,-20.753306097857543,0
TX000882,AC00225,train,-0.06885310312198095,0,-0.2531236693106419,0,-1.550908076256393,0,-430.9160465817172,0,0.0,0,0.06081695515962546,0,3.6355953279833653,0,-20.827285617130347,0
TX002282,AC00225,train,-0.020634573073794016,0,-0.10231254717679472,0,-1.8282406103793907,0,-381.0626050681827,0,8.429369702178807e-08,0,0.4153150663984869,1,5.245772672708961,0,11.758655565149208,0
TX000607,AC00225,val,-0.0980501259880911,0,-0.2398832380675313,0,-1.7385651549142356,0,-443.88176014882384,0,0.0,0,0.1345875852809311,0,3.523809000073257,0,-18.59977339905255,0
TX000183,AC00225,train,-0.04040087621270405,0,-0.16773974243769074,0,-1.4337600077594779,0,-403.65832544778107,0,0.0,0,0.33388461893680965,1,4.237149159905028,0,-8.51680755742689,0
TX000162,AC00227,train,-0.11720837776892673,0,-0.21711725388181602,0,-1.6067774062916822,0,-468.3298793161185,0,0.0,0,0.23413337519312513,0,4.208656943442048,0,-75.58873335768016,0
TX002007,AC00227,train,-0.04653692991839564,0,-0.02692611847959636,0,-0.029160406666132843,0,-427.78581236566225,0,1.1920928955078125e-07,0,0.475105761946833,1,7.321515484447094,0,5.256527230676706,0
TX002238,AC00227,train,-0.11068096674935735,0,-0.25088884037628234,0,-1.7809447813411516,0,-466.4588947576803,0,8.429369702178807e-08,0,0.06665782932158289,0,3.6886203684109375,0,-23.36790397432546,0
TX000812,AC00227,train,-0.07646147302228146,0,-0.20364764126031498,0,-1.4951253520312555,0,-457.9891894967295,0,8.429369702178807e-08,0,0.33629657997830675,1,5.216948442891213,0,-18.712761233529083,0
TX001478,AC00227,train,-0.011489646221290784,0,-0.13191006079231782,0,-1.7199618216797834,0,-430.16010161093476,0,0.0,0,0.5249772902337914,1,8.2662496959892,0,-14.994184778778495,0
TX001570,AC00228,val,-0.10237011570945753,0,-0.25718352204347905,0,-1.6960451414028839,0,-475.8666079441978,0,0.0,0,0.1697049653629958,0,3.7182322100648335,0,-77.87400983104797,0
TX002074,AC00228,val,-0.019054644267840926,0,-0.03614633964788205,0,-0.5826081077018692,0,-355.40739133715624,0,0.0,0,0.5190871011967174,1,7.94290554281291,0,16.946444662449476,1
TX002092,AC00228,val,-0.03536942058408976,0,-0.1156590275309266,0,-2.6387941130678882,0,-428.0080097998802,0,0.0,0,0.49044562668407166,1,7.406100117947327,0,-7.216780842433426,0
TX001343,AC00228,train,-0.07637904373703863,0,-0.2226622732137098,0,-2.9727604487143484,0,-460.10801137548515,0,0.0,0,0.13954082683225302,0,4.027777157429155,0,-26.979166078130834,0
TX002340,AC00228,val,-0.0795225636517265,0,-0.23173990399155797,0,-3.087044489655046,0,-453.88502033383816,0,8.429369702178807e-08,0,0.11812744764860393,0,3.6104929058110207,0,-28.587024582717785,0
TX001861,AC00228,train,-0.030284701877721587,0,-0.1398915363899529,0,-1.8603029464408838,0,-415.2602686539475,0,8.429369702178807e-08,0,0.3843264722458982,1,4.590674167019208,0,11.988631790424716,0
TX002213,AC00228,train,-0.08139274167868682,0,-0.22796913486673875,0,-1.4784650484777817,0,-387.3112792165562,0,8.429369702178807e-08,0,0.15039905703139264,0,3.9079233034985332,0,-18.028463182539394,0
TX001052,AC00228,train,-0.034748732945582894,0,-0.22945578853898652,0,-1.543270066908649,0,-302.91712061288496,0,0.0,0,0.16668476333197216,0,3.7311348781693123,0,15.440095312569976,1
TX000427,AC00229,train,-0.11183665969525097,0,-0.24186450049077357,0,-1.0518222347932902,0,-470.6018113247175,0,0.0,0,0.07689654911490738,0,4.6925896616894365,0,-76.57812679698503,0
TX000482,AC00229,train,-0.07459745122090378,0,-0.2213745771176323,0,-1.9647900873219815,0,-437.88416490032154,0,0.0,0,0.3807531870102117,1,6.516913127222923,0,-62.8703487588687,0
TX001476,AC00229,val,-0.1116882852826459,0,-0.25012236252159603,0,-2.0841801508978026,0,-472.2939080684432,0,0.0,0,0.0742398755555666,0,3.487124626285762,0,-26.17752069179246,0
TX000405,AC00229,train,-0.07172516435162024,0,-0.19403031762403766,0,-2.75686313459191,0,-470.3508756881942,0,8.429369702178807e-08,0,0.3382794172427771,1,4.787063660859579,0,-25.84326414511384,0
TX001230,AC00229,val,-0.08110046428723383,0,-0.2507093945655262,0,-1.8317322164268166,0,-465.95294802415987,0,0.0,0,0.060700128459868996,0,3.464979170240099,0,-25.332855176991206,0
TX001682,AC00230,train,-0.10169592125084836,0,-0.22277719987607525,0,-1.0319574769420221,0,-464.4796909202269,0,0.0,0,0.18307021416638733,0,5.080211249653514,0,-72.36774144555477,0
TX002038,AC00230,train,-0.044881149338986626,0,-0.15955886010328202,0,-1.379617574092583,0,-269.4862399947155,0,2.384185791015625e-07,0,0.5503512383162986,1,4.486568912101968,0,-58.75175174696523,0
TX000926,AC00230,train,-0.07201075013545327,0,-0.23875482022169403,0,-2.85395347543567,0,-456.17587829940555,0,0.0,0,0.18351357603311755,0,4.282971978360083,0,-23.4388716099055,0
TX002043,AC00231,train,-0.04285963708740809,0,-0.23423354010194686,0,-0.9216344870836313,0,2302.4206300211886,1,0.0,0,0.3257368542895769,1,6.314849707370357,0,-68.71311131859972,0
TX001270,AC00231,train,0.03301579246247699,1,-0.25567592214667423,0,-0.29586378867311325,0,-408.66980504954546,0,0.0,0,0.43010861245710563,1,13.389979940120332,1,24.09670947855204,1
TX001938,AC00231,train,-0.03425695482760388,0,-0.10829837182456536,0,-1.990422133673965,0,-437.7562313157841,0,8.429369702178807e-08,0,0.41723549736756355,1,5.176840055325559,0,-19.172859047778292,0
TX001955,AC00231,train,-0.0936528675959779,0,-0.23404001705232402,0,-2.673578387865824,0,-460.8191863992605,0,5.960464477539063e-08,0,0.12864602659701674,0,3.5850190385111653,0,-25.247484003342567,0
TX002233,AC00231,train,-0.10051742182381623,0,-0.2606414104944458,0,-2.1968551354033163,0,-423.9878200289522,0,5.960464477539063e-08,0,0.040048686829953155,0,3.169732775643193,0,-24.237495563471217,0
TX000677,AC00232,train,-0.09804089205309652,0,-0.22541467945673843,0,-2.4648887946174707,0,-472.1469047901068,0,8.429369702178807e-08,0,0.2874451110921284,0,5.126601961121976,0,-77.69566873469594,0
TX001693,AC00232,train,-0.06606093936511304,0,-0.17356734551989894,0,-0.9310187786655302,0,-447.8333076447588,0,0.0,0,0.42907232872014334,1,8.600618971576077,0,-54.74841090339577,0
TX000344,AC00232,train,-0.08196678261273482,0,-0.22896232651126724,0,-2.882180452361615,0,-461.0310436588567,0,0.0,0,0.16499535379854707,0,4.817523296784504,0,-23.260052631624,0
TX001260,AC00232,train,-0.05743658156701553,0,-0.2607919535060106,0,-2.155958796186752,0,-451.297052222478,0,0.0,0,0.1349379333897385,0,3.6602149028703876,0,-21.40663805644576,0
TX000378,AC00232,train,-0.09732637071326772,0,-0.26836141074012854,0,-2.0602533985748703,0,-454.4382774053379,0,0.0,0,0.0,0,3.372371572915487,0,-27.029201082591033,0
TX001491,AC00233,train,-0.07218645743556734,0,-0.13374172902240367,0,-0.12147447562858993,0,-460.81662372483214,0,0.0,0,0.2744988008987493,0,6.197932099423906,0,-73.0258406424778,0
TX001578,AC00233,train,-0.044030972047611694,0,-0.19146576944045868,0,-1.264447872934209,0,-458.623281783537,0,0.0,0,0.32962907737688024,1,4.556534254476509,0,-45.5201765534253,0
TX000307,AC00233,val,-0.08280416818756509,0,-0.18780609904292667,0,-1.4427843916676224,0,-446.3092678638283,0,1.1920928955078125e-07,0,0.3922601006336732,1,6.57350438717637,0,2.101047151471465,0
TX001863,AC00233,train,-0.10081754256144915,0,-0.2599224119170245,0,-0.9961318991163388,0,-468.1817881670382,0,0.0,0,0.05303971999988724,0,3.8387575042155975,0,-24.850343577916373,0
TX000769,AC00233,train,-0.08545360065655516,0,-0.17167624148962557,0,-2.4112818341128417,0,-435.44753293857417,0,0.0,0,0.4515134141138105,1,7.287563348215663,0,-12.858888589145577,0
TX001566,AC00233,train,-0.09840759531098076,0,-0.22848837825915314,0,-1.3748354379492085,0,-461.9213639486362,0,0.0,0,0.16708593302904406,0,4.488030306273144,0,-23.758886115439008,0
TX002212,AC00235,train,-0.08787641718733402,0,-0.16650663380146713,0,-0.9914614858668589,0,-448.40107224949,0,0.0,0,0.39057449829136015,1,7.52115449148675,0,-72.21860271369127,0
TX001322,AC00235,train,-0.09079006540666129,0,-0.23665310820424423,0,-2.127689577623409,0,-470.12504519142186,0,0.0,0,0.3416701543786918,1,6.94655713193279,0,-63.93317186347821,0
TX000454,AC00235,train,-0.08437912279243348,0,-0.244222316889682,0,-2.486896006270335,0,-471.45694707120913,0,5.960464477539063e-08,0,0.13517572291303093,0,3.4306262915857895,0,-24.43139421508445,0
TX000770,AC00235,train,-0.0773355616251214,0,-0.19052192059891215,0,-1.994569500780086,0,-466.3142438522944,0,0.0,0,0.3381723406776063,1,4.151388660857149,0,-22.9414869098508,0
TX001999,AC00235,train,-0.11060228814038903,0,-0.2674526882121193,0,-1.8158419739821543,0,-454.91629010495456,0,0.0,0,0.056768909114811986,0,3.0676818004187214,0,-26.821148429730474,0
TX000422,AC00235,train,-0.07450287743424866,0,-0.2562150427358415,0,-1.1482876609288475,0,-412.05031359671403,0,0.0,0,0.07690501040841675,0,3.8625931895646777,0,-24.58802996233209,0
TX000106,AC00235,train,-0.08370332503516248,0,-0.2567460406458433,0,-1.7693260641767221,0,-422.4496267055646,0,5.960464477539063e-08,0,0.16404043280208372,0,3.9707023291703156,0,-24.76744580983434,0
TX002077,AC00236,train,-0.10843761869870394,0,-0.24872793372082735,0,-1.9945141559840405,0,-473.9744119839533,0,5.960464477539063e-08,0,0.16032147324382348,0,4.058032974393055,0,-77.4468607059339,0
TX000083,AC00236,val,-0.05538601213334654,0,-0.19931431601937333,0,-0.6081304373009964,0,-387.3286116312751,0,0.0,0,0.4838005504787191,1,7.366762531306015,0,-61.63509585995526,0
TX002472,AC00236,train,-0.050677138549544976,0,-0.19609501759509018,0,-2.3891633200159994,0,-460.70616787976064,0,1.1920928955078125e-07,0,0.37440498308400205,1,5.206332519194615,0,-22.864196190139204,0
TX002254,AC00236,val,-0.04359972113048616,0,-0.09408892788750411,0,-1.7646954864048787,0,-436.12585812033143,0,0.0,0,0.4167416289116126,1,5.546594440569289,0,-13.645588971607598,0
TX001133,AC00236,train,-0.07957487741742514,0,-0.21540457205141705,0,-2.074687567109951,0,-442.4346613016506,0,0.0,0,0.20069010330060374,0,3.810168005371566,0,-20.48673374836861,0
TX000950,AC00236,train,-0.04035807512472911,0,-0.14720892841112287,0,-2.24432871572799,0,-389.6040324760662,0,0.0,0,0.37474699794593547,1,4.682670049620259,0,-18.49450341386444,0
TX000925,AC00237,train,-0.06358066384936639,0,-0.2077551835987772,0,-1.433982962259023,0,-433.79578891254886,0,1.1920928955078125e-07,0,0.3440434707309911,1,7.166177400533997,0,-57.75303398840739,0
TX000724,AC00237,train,-0.05196725828195292,0,-0.24553285627798171,0,-0.5174057263607956,0,-446.5579272710974,0,0.0,0,0.4230495737927753,1,11.171164141444898,1,-60.90349947196241,0
TX001852,AC00237,val,-0.07862736646428109,0,-0.2513625159779146,0,-2.5294933411240077,0,-389.70644472900307,0,5.960464477539063e-08,0,0.17085299624192427,0,3.2700876906201004,0,10.797176258208818,0
TX002030,AC00237,train,0.007985305289657463,1,-0.1728227178506454,0,-2.0338197894108294,0,258.0107234015854,1,0.0,0,0.4404699626633771,1,5.922292391430523,0,21.190840689309663,1
TX000199,AC00237,train,-0.09126997642939566,0,-0.2587405472629444,0,-2.493769472803219,0,-446.6299897297089,0,5.960464477539063e-08,0,0.04721049956617394,0,3.5293882508475294,0,-25.934792523577162,0
TX002356,AC00238,train,-0.09226325839482108,0,-0.19541981381107432,0,-2.5972799067412655,0,-469.5172170446816,0,0.0,0,0.3109958882098197,0,4.014075025168182,0,-76.19788697714353,0
TX001931,AC00239,train,-0.08558297472121112,0,-0.2525622133402502,0,-1.9792499387617877,0,-43.350755961568495,0,0.0,0,0.19720145465403763,0,3.8375342031555717,0,-76.46475180046065,0
TX000992,AC00239,val,-0.03381631190957052,0,-0.21796120285341192,0,-1.1424058951123595,0,-405.20686315952446,0,0.0,0,0.37649935571991666,1,5.2103758885948395,0,18.974198067179866,1
TX002100,AC00239,train,-0.08805959593567542,0,-0.21157376259062466,0,-1.9792480578199285,0,-459.06617267306075,0,0.0,0,0.32432357569937875,1,4.146408097478857,0,-18.6951307243304,0
TX001507,AC00239,val,-0.06125060989021336,0,-0.20291673510009356,0,-2.8368321952251137,0,-384.440501563399,0,0.0,0,0.19986086237385933,0,3.6382818638741434,0,15.968136319476994,1
TX000076,AC00239,train,-0.06785262678154963,0,-0.22800381981178353,0,-2.1722133129731933,0,-468.9640784593291,0,0.0,0,0.15282924431472658,0,3.8788900664360106,0,-24.397904733845937,0
TX000568,AC00240,train,-0.06990794596709243,0,-0.1909377489802202,0,-1.9593919107096625,0,105.91137067095173,1,0.0,0,0.3088538152050553,0,4.353243928263217,0,-71.9415130555742,0
TX000696,AC00240,train,-0.025865931092119987,0,-0.0333373427918946,0,0.0003719289348431687,1,-279.68852523727713,0,0.0,0,0.6384534125944561,1,11.939480115293712,1,-46.121966475163006,0
TX000845,AC00241,train,-0.11448899082636371,0,-0.2515616039895425,0,-1.8523496640819577,0,-215.82694062161448,0,0.0,0,0.14010421231873926,0,3.527348470861087,0,-78.58584366366556,0
TX000025,AC00241,train,-0.10869793789347948,0,-0.23154473124913966,0,-1.6458719835721745,0,-468.5217171438641,0,0.0,0,0.1719818376604239,0,3.9543291111181937,0,-60.68406855696462,0
TX002397,AC00241,train,-0.05943792928162589,0,-0.17384398190334593,0,-0.943174505117522,0,-456.18261533614333,0,0.0,0,0.329950422506062,1,4.406136559972607,0,-10.05991456989759,0
TX001142,AC00241,train,-0.09434387852051912,0,-0.21174844868095333,0,-1.3675313464797991,0,-461.6698601718111,0,5.960464477539063e-08,0,0.1995510694490639,0,3.9100236786480522,0,-18.143660046506216,0
TX001466,AC00241,val,-0.07713662750254213,0,-0.24243478840594945,0,-1.470807130852478,0,-468.0262356887334,0,0.0,0,0.09222167212321843,0,4.342302502186644,0,-23.001961371060567,0
TX001587,AC00241,train,-0.0858189000418203,0,-0.21783157862922908,0,-1.8258027502332705,0,-463.73189700779227,0,0.0,0,0.19322735466221713,0,4.224867473457835,0,-23.983349943584184,0
TX001666,AC00241,train,-0.00031966163859775687,0,-0.1283905543837751,0,-1.142957067007682,0,-103.23418351429967,0,0.0,0,0.3919473480168098,1,4.57146343262548,0,22.08077816348668,1
TX002136,AC00241,train,-0.02847384875026504,0,-0.1586032708619456,0,-1.5010779153139318,0,-441.0259700379741,0,0.0,0,0.3484938400592529,1,5.546606746287229,0,-16.856559179162755,0
TX002045,AC00241,val,-0.011738810080452078,0,-0.14447262714565978,0,-1.1333101964580248,0,-420.96325443271087,0,0.0,0,0.36306057188404767,1,4.569451784872248,0,-14.264671703171562,0
TX000019,AC00242,train,-0.07400005534173953,0,-0.15315122625843958,0,-0.22531779503776406,0,-447.85381489406967,0,0.0,0,0.23614269623514142,0,6.2581530851031495,0,-74.17579105786069,0
TX000684,AC00242,train,-0.051294123165493255,0,-0.13773350712481625,0,-0.9618549225658946,0,-384.629379102615,0,0.0,0,0.39564100331768165,1,7.528326112940387,0,-58.13694515851398,0
TX000066,AC00242,train,-0.08541929841020168,0,-0.25045971117652666,0,-2.041183806800955,0,-462.01616580701807,0,8.429369702178807e-08,0,0.16795616951023518,0,4.28820146273159,0,-23.87648615446769,0
TX001582,AC00242,val,-0.11071101215295814,0,-0.26073253400384555,0,-1.415881873202835,0,-465.51704950840497,0,0.0,0,0.1060754106003623,0,3.5626836427505997,0,-22.511149184483227,0
TX002453,AC00242,val,-0.07597243016054,0,-0.15184974280236818,0,-1.3104853043566003,0,-441.38949017413836,0,8.429369702178807e-08,0,0.3624773410591967,1,4.512085873284283,0,-11.647789064639948,0
TX001383,AC00242,train,-0.054255497923394014,0,-0.12699298631870448,0,-1.7852898026171253,0,-440.26744054154796,0,0.0,0,0.44429366620341826,1,6.349533047250355,0,-12.386906771282261,0
TX002127,AC00242,train,-0.04132125052229946,0,-0.22512479399311291,0,-1.4445900994485328,0,-437.3152806139804,0,0.0,0,0.14326728923922796,0,4.048727662835894,0,-17.430832554440034,0
TX000612,AC00242,train,-0.06998659853640521,0,-0.2599377398105752,0,-1.0866679850427605,0,-453.09660420610334,0,0.0,0,0.0771378879505216,0,3.852105622410539,0,-24.387975010394737,0
TX000152,AC00242,train,0.029398402900031706,1,0.02228905895095057,1,-0.8867244764810778,0,-370.89654604251683,0,0.0,0,0.48931402653825773,1,5.773832100617195,0,-5.895131935741066,0
TX002311,AC00243,train,-0.02620887343531908,0,0.0680425803407918,1,-0.5646157428054579,0,-261.74826723467544,0,0.0,0,0.4795465463579511,1,5.5781806207166955,0,-56.58448143834239,0
TX001160,AC00243,train,-0.12028836920197727,0,-0.2576819412601957,0,-2.265983497169497,0,-478.1528829382119,0,5.960464477539063e-08,0,0.10018535726775211,0,3.095993660237788,0,-65.28574488543718,0
TX001922,AC00243,train,-0.10866935623157697,0,-0.2585171851689734,0,-1.60185766691378,0,-476.47957426851826,0,0.0,0,0.04098800601390821,0,3.37010872060394,0,2.935877053426265,0
TX000951,AC00243,train,-0.08871776306667323,0,-0.2252349336612829,0,-2.8542757021726075,0,-467.14794505724683,0,0.0,0,0.1323246060890062,0,4.86756177052018,0,-22.163996671848235,0
TX000729,AC00244,train,-0.08869423880184135,0,-0.23236694414269854,0,-1.89750126706525,0,-464.3990734223334,0,8.429369702178807e-08,0,0.2732197949432548,0,6.242109459892056,0,-74.97897730415416,0
TX001701,AC00244,val,-0.05425214007756801,0,-0.22010032134645896,0,-0.4814670460818782,0,-457.5899948545297,0,0.0,0,0.4393741033460751,1,10.097827389629536,0,-60.46422342998085,0
TX001950,AC00244,train,-0.057429907845831074,0,-0.17487600217389132,0,-2.641823654690432,0,-452.3900121482522,0,0.0,0,0.3954740136111271,1,5.014106255194135,0,-21.70333614233179,0
TX001239,AC00244,train,-0.055159890852398974,0,-0.04008106657688115,0,0.9543165750642455,1,47.60835213319564,1,0.0,0,0.69620347840895,1,6.173425488147217,0,-10.695418162595994,0
TX001700,AC00244,train,-0.11020421939954994,0,-0.26425979041831027,0,-2.560340883794579,0,-432.0076016908771,0,0.0,0,0.0,0,3.1512860927059556,0,-23.182154244825032,0
TX001116,AC00245,val,-0.12197109514968157,0,-0.2594114155603061,0,-0.7994949942408507,0,-471.71311273305304,0,0.0,0,0.0,0,5.512379901445064,0,-78.02950746003555,0
TX001445,AC00245,train,-0.10137843120897738,0,-0.24109770877150694,0,-1.9028676724000597,0,-459.16736865407205,0,8.429369702178807e-08,0,0.17707547872066873,0,5.871184238845172,0,-65.33929043126932,0
TX002431,AC00245,train,-0.06742758732246751,0,-0.18348203174540845,0,-1.9604670108017341,0,-445.2701981455539,0,8.429369702178807e-08,0,0.3690212127413458,1,4.985209200356315,0,-21.863876929192475,0
TX001558,AC00245,train,-0.023196522598321168,0,-0.1349516165971545,0,-0.6303471111593044,0,-413.39554417494463,0,0.0,0,0.4732293181266211,1,5.627202932567016,0,4.395666271678639,0
TX001986,AC00245,train,-0.09226005625351008,0,-0.22459885850054606,0,-1.6441232671327803,0,-444.7946847746192,0,0.0,0,0.14553953318725116,0,3.5076820951782697,0,-22.51107005422075,0
TX002003,AC00245,val,-0.08190351381606187,0,-0.2212869986205035,0,-1.9135309011885617,0,-461.9378807923782,0,0.0,0,0.3270538827303363,1,4.2998191001160935,0,-24.06646856421658,0
TX001524,AC00246,train,-0.10306946861836602,0,-0.26238882171506583,0,-0.39452952074736913,0,-473.2421318573516,0,0.0,0,0.064561800494191,0,6.138210782208487,0,-79.16261100110061,0
TX001521,AC00246,train,-0.05305214140927078,0,0.19547896664461373,1,2.2443376333985485,1,1276.8282740239085,1,3.9690233231358096,0,0.637830181062598,1,18.61924875943618,1,-125.12645714222052,0
TX001726,AC00246,val,-0.07570004486241183,0,-0.19365942203111763,0,-1.4382669644132289,0,-415.6703876798953,0,1.1920928955078125e-07,0,0.4073146786659137,1,6.927158193286596,0,-0.48618233385247767,0
TX001043,AC00246,train,-0.0016035517632013718,0,-0.0451536896628999,0,-0.5982786257500301,0,-417.6938920179913,0,0.0,0,0.5226858732319138,1,6.391167816618707,0,10.153905970378968,0
TX001023,AC00246,train,-0.06550705037658211,0,-0.15172354701795565,0,-0.8392358136301379,0,-439.54499306376823,0,8.429369702178807e-08,0,0.34620568024237464,1,4.6202208520282655,0,-16.499615928227573,0
TX000964,AC00247,train,-0.1207474131487683,0,-0.23742783469054496,0,-0.6386365199794692,0,-469.20692380512577,0,0.0,0,0.1356267016667971,0,5.909399433102977,0,-76.3453104938047,0
TX001011,AC00247,train,-0.0031724396095148544,0,0.15006488998345602,1,1.2728853937149056,1,1186.333272702658,1,5.976267485740391,0,0.637830181062598,1,18.103053319737462,1,-125.12653904767788,0
TX000173,AC00247,train,-0.07534147825853327,0,-0.2493059353533944,0,-1.4899448227175576,0,-454.6654310557118,0,0.0,0,0.11912413775317479,0,3.691015939804083,0,-20.67248785478444,0
TX001680,AC00247,train,-0.09196890756309689,0,-0.261392010283638,0,-1.8858655498621015,0,-473.58545831826984,0,8.429369702178807e-08,0,0.07688167860272482,0,3.3712475294496618,0,-25.915449411371643,0
TX000985,AC00247,val,-0.10687887622947995,0,-0.24858569912522022,0,-1.2780389830068533,0,-460.46557440048963,0,0.0,0,0.07639914223482633,0,3.877094204166456,0,-23.22341713588941,0
TX001572,AC00247,train,-0.004782910081009284,0,-0.19694282820627307,0,-0.6939636465237946,0,-431.1422009936906,0,0.0,0,0.32826231983597565,1,4.268807451186304,0,-14.25441879766544,0
TX001261,AC00247,train,-0.04195184853527323,0,-0.06687469126064083,0,-1.276630959861821,0,-440.9552680857685,0,0.0,0,0.471740531462053,1,6.544638948104144,0,-14.837902932322313,0
TX000324,AC00248,val,-0.09565292127859315,0,-0.2171697156899699,0,-1.4825842028312,0,-357.95020308491706,0,0.0,0,0.2007023619015234,0,4.257581819362899,0,-69.31990598424322,0
TX001068,AC00248,train,-0.08375904034667792,0,-0.24273410068253343,0,-1.6120121371006828,0,-459.89085270577544,0,0.0,0,0.13591310898585968,0,3.674829886687072,0,-59.935171043481176,0
TX002012,AC00248,train,-0.0576068862944204,0,-0.18141396364528428,0,-2.7955101067192576,0,-451.41373045256086,0,0.0,0,0.4469847997182505,1,6.104992979334958,0,-16.24672793487831,0
TX002219,AC00248,val,-0.07227811447097116,0,-0.2023880855742577,0,-2.7103515280984976,0,-451.82871652741767,0,1.1920928955078125e-07,0,0.4515374355071304,1,6.373278633020064,0,-12.855859325672705,0
TX001075,AC00248,train,-0.09250835610700597,0,-0.26651564023635066,0,-2.3037635842976076,0,-457.423269885904,0,0.0,0,0.08486544029765584,0,3.2854823258173926,0,-23.594958615829174,0
TX002119,AC00248,val,-0.04566160150684029,0,-0.14807447477589863,0,-2.260157766001001,0,-177.56492016416178,0,1.1920928955078125e-07,0,0.44315657866611025,1,5.994457532285005,0,-6.7074938801196415,0
TX001957,AC00248,train,-0.06194028850317568,0,-0.25211819156493487,0,-1.5214546479219173,0,-422.8367236250012,0,0.0,0,0.10029027133238534,0,4.004680341452806,0,-17.29701897053359,0
TX000211,AC00249,train,-0.10002656652932812,0,-0.17334195478125358,0,-1.6781846819556812,0,-466.5657832641043,0,0.0,0,0.32402909011268766,1,4.309979800950892,0,-72.30845293622278,0
TX001506,AC00249,train,-0.034150024447792526,0,-0.20405929340590045,0,-2.208395459819151,0,-463.9945281015856,0,8.429369702178807e-08,0,0.39861780802547114,1,4.778284744580636,0,-43.676361252855045,0
TX001071,AC00249,train,-0.07970337499164165,0,-0.23748934895448048,0,-1.8272005478315112,0,-470.5169941938656,0,0.0,0,0.16066314846264104,0,3.4839289664278277,0,-23.84480186695798,0
TX001201,AC00249,train,-0.09056383514136485,0,-0.24804679423768605,0,-1.5083019111721594,0,-471.9384649673446,0,5.960464477539063e-08,0,0.06172198719894379,0,3.5168777393996233,0,-25.29577410129484,0
TX000829,AC00249,train,-0.07813807196540506,0,-0.2546213619725768,0,-1.1701325243002572,0,-464.04942637922574,0,5.960464477539063e-08,0,0.07370545019659021,0,3.9310538764412644,0,-25.820598777183502,0
TX001334,AC00250,train,-0.04298808417380667,0,-0.1872928786491037,0,-1.0645871129853255,0,2790.624528279696,1,0.0,0,0.40318883353939095,1,7.291313571972554,0,-72.59835738538652,0
TX001472,AC00250,train,-0.01069735527988569,0,-0.20923223596942853,0,-0.04677034257066914,0,-416.6944165287618,0,0.0,0,0.445946786287116,1,15.39926292252855,1,-55.77078982297279,0
TX002098,AC00251,train,-0.019396519370909637,0,-0.15366915006457105,0,-0.6489066678520103,0,-405.448397053497,0,2.384185791015625e-07,0,0.4884687369647013,1,8.750665279077472,0,-70.9442959363183,0
TX002239,AC00251,val,0.05938970854057313,1,-0.014000163464949145,0,1.1820676194056379,1,-366.180440467939,0,0.0,0,0.650330535270595,1,15.918542827448375,1,61.25707009122067,1
TX002467,AC00251,train,0.005351824195068966,1,-0.062010655521710145,0,-1.6131728386690778,0,-59.22365721617683,0,0.0,0,0.5661722224235249,1,7.371669526798851,0,8.918194988968596,0
TX000391,AC00251,train,-0.022652260285874082,0,0.10940053477626877,1,-0.35486277838238145,0,-402.9273172270436,0,0.0,0,0.6366934619178835,1,9.616795877582035,0,-5.782431999610452,0
TX002015,AC00252,train,-0.11597652516728785,0,-0.2470447733843184,0,-2.3588490524997763,0,-472.8513490118332,0,5.960464477539063e-08,0,0.2100459224005622,0,3.585278878871225,0,-75.93677881283598,0
TX002243,AC00252,train,-0.01788477547746642,0,-0.13772865730340156,0,-0.0002585174581213323,0,-294.4015749864224,0,0.0,0,0.6090027258416478,1,10.88804502813668,1,-50.52732837973957,0
TX000731,AC00253,train,-0.10056187316847243,0,-0.2039261927751923,0,-1.6558799847397498,0,-393.0211983010308,0,0.0,0,0.49444388236538583,1,10.036312310110356,0,-70.4983558047315,0
TX001882,AC00253,val,-0.06706609410280179,0,-0.12828752280302713,0,-1.7540211607405851,0,-412.6103753034817,0,0.0,0,0.5616087310103609,1,7.5496251565377035,0,-57.14161545917012,0
TX000874,AC00253,train,-0.04073774853795853,0,-0.096700611172716,0,-2.385373044363133,0,-447.6859194723645,0,0.0,0,0.4888508053983455,1,5.864560196054223,0,-10.128754776708195,0
TX002288,AC00253,train,-0.054581084613462894,0,-0.18436582183140504,0,-2.4566371857985096,0,-435.53131574237256,0,0.0,0,0.4002242584354601,1,5.800037831308555,0,-15.283607834206109,0
TX000249,AC00253,train,-0.03824248283631254,0,-0.21756402409917097,0,-0.8616222512140581,0,22.846365256818615,1,0.0,0,0.5491754154882263,1,8.976409476665971,0,-9.520422406449883,0
TX001539,AC00253,val,-0.027733533523314702,0,-0.17760687009155451,0,-2.0072104951508187,0,-424.5495301523336,0,0.0,0,0.38386903793259025,1,5.795294385104243,0,-18.25541213212453,0
TX000934,AC00254,train,-0.08553752375755463,0,-0.1960716539771672,0,-0.2824254769543124,0,-452.61612548291197,0,0.0,0,0.18464456117651193,0,6.017247853817159,0,-68.74203126712331,0
TX001586,AC00254,train,-0.04152934611060943,0,-0.15382850402421933,0,-1.5408775059367592,0,-427.7997135000973,0,0.0,0,0.4412904355420651,1,7.042114428982699,0,-58.29456137711213,0
TX001112,AC00254,train,-0.08461745022271067,0,-0.23148552281852686,0,-2.100360225170224,0,-459.2358140909906,0,0.0,0,0.16633921535767626,0,6.1798042729166545,0,-20.039177049374455,0
TX001150,AC00254,val,-0.08306359875678176,0,-0.1315285700495321,0,-2.296782533920716,0,-465.36167733776347,0,0.0,0,0.41763468595912895,1,4.981402153582181,0,-18.529884502846308,0
TX001449,AC00254,train,-0.05862973842087377,0,-0.19719974178043298,0,-1.3684513113856998,0,-439.0345825965093,0,8.429369702178807e-08,0,0.1672937734852677,0,4.681228613375201,0,-22.199721544823493,0
TX001246,AC00254,train,-0.06277500294539973,0,-0.25944866532874544,0,-1.885523458553651,0,-387.15731896738174,0,5.960464477539063e-08,0,0.09639487791351863,0,3.397283770180721,0,9.614265599681854,0
TX002309,AC00255,train,-0.07761085538118506,0,-0.21724821429996188,0,-1.136944277038273,0,-462.2203202767757,0,0.0,0,0.26038639842987477,0,7.1198149570727916,0,-77.81132643254281,0
TX001839,AC00255,train,-0.037700887138854555,0,-0.14158361407711229,0,-0.7654411325708157,0,-442.45568251726723,0,0.0,0,0.4800887460848233,1,10.64722552123593,1,-57.402864131246425,0
TX001007,AC00255,train,-0.0947669258396529,0,-0.25804727008165484,0,-3.315524601821153,0,-477.1652328922467,0,0.0,0,0.0235070347200084,0,2.9231804821262273,0,-29.5128764963726,0
TX000490,AC00256,train,-0.10511073891611611,0,-0.24524000997072637,0,-1.6928666035119644,0,-470.9247222239012,0,0.0,0,0.15609341725820067,0,3.8508509068668895,0,-75.18506021064378,0
TX002079,AC00256,train,-0.09029724652633708,0,-0.24281529192119655,0,-1.791341682441976,0,-459.41915192385517,0,0.0,0,0.3726604821024024,1,5.663170659634028,0,-62.3443145449948,0
TX001982,AC00256,val,-0.027086907031619034,0,0.15208379693896878,1,-0.725765995702826,0,-401.4866282705219,0,0.0,0,0.6622503121730937,1,9.965459246923047,0,17.207434714936635,1
TX000550,AC00257,train,-0.11221260791002685,0,-0.2545946863546956,0,-0.8164329279454545,0,-468.79730702847644,0,0.0,0,0.07535871649648049,0,5.220992136917849,0,-77.08799945870537,0
TX000748,AC00257,train,-0.08017416761094087,0,-0.22899097506908506,0,-1.7792214634011856,0,-447.47084419978586,0,1.6858739404357614e-07,0,0.35429936743592283,1,4.5522224404844875,0,-63.65882923878068,0
TX001627,AC00257,train,-0.10687200753162884,0,-0.2612491154255374,0,-1.944366216685001,0,-468.0694048478513,0,0.0,0,0.10209318039820421,0,3.207006592545344,0,-23.58070592568369,0
TX001606,AC00257,train,-0.03390871879173801,0,-0.06865820566520253,0,0.00023839821899862557,1,228.23868676597846,1,0.0,0,0.663682822094524,1,4.772960538517476,0,-4.040895958858622,0
TX002187,AC00257,train,-0.11265713494840823,0,-0.242009904196826,0,-2.3398987079737292,0,-460.0041929299641,0,0.0,0,0.14078442825312332,0,3.7774347622205235,0,-25.544438987490008,0
TX000163,AC00257,train,-0.061275419723552826,0,-0.23458567610294545,0,-1.6980434925791368,0,-443.192601863539,0,8.429369702178807e-08,0,0.1645764799298668,0,3.8410754639087217,0,-20.943305230037144,0
TX001430,AC00257,train,-0.08677397490292516,0,-0.2536109496149239,0,-1.756956147869369,0,-434.8045569132443,0,0.0,0,0.11383421475361452,0,3.278453220794457,0,-22.443756421578048,0
TX001453,AC00257,train,-0.09284004977898752,0,-0.19881040664866623,0,-0.6385674046907965,0,-438.80999662253186,0,0.0,0,0.18119528326555337,0,4.370818233703407,0,-16.522766155244614,0
TX001013,AC00257,val,-0.03842712564794448,0,-0.15541213565532952,0,-1.138872936155252,0,-340.1578247222717,0,1.1920928955078125e-07,0,0.42094279166010073,1,7.144116994179693,0,-8.534644837426445,0
TX002420,AC00257,val,-0.09251814155481647,0,-0.1528670021243752,0,-1.1773119153064044,0,-369.4637302596144,0,0.0,0,0.3790621840296678,1,4.395047031300546,0,-7.601162232640366,0
TX000661,AC00257,train,-0.05354836457866907,0,-0.16054409468239395,0,-1.6041020265197812,0,-391.349844593328,0,8.429369702178807e-08,0,0.3920047364972589,1,4.906595105749938,0,-18.87850235728435,0
TX000188,AC00258,train,-0.08277450411263199,0,-0.21601136969924073,0,-1.7403410116239346,0,-459.82851165873666,0,0.0,0,0.3459713511524092,1,6.526085345395031,0,-79.05705263047912,0
TX001875,AC00258,train,-0.017615854655029906,0,-0.25457902386696407,0,-0.1442854406561409,0,-436.32714915851983,0,0.0,0,0.46719131616694537,1,11.9707919738586,1,-55.97326298112447,0
TX002507,AC00258,train,-0.041971191385751117,0,-0.22602545575733757,0,-1.5391909123624412,0,-454.0965391070501,0,0.0,0,0.12327302594876093,0,4.004315756093262,0,-19.887677505445343,0
TX001144,AC00258,train,-0.10146102297709209,0,-0.2437622342729555,0,-2.061577406304405,0,-463.45554863914526,0,0.0,0,0.10864448992545363,0,3.2698508085048883,0,-24.96338409224313,0
TX000256,AC00258,train,-0.11893772661122065,0,-0.27123759918032675,0,-2.1279847370040095,0,-388.08222334847574,0,4.2146848510894035e-08,0,0.03478652543507396,0,2.862426901402397,0,-25.037312057108636,0
TX001032,AC00258,train,-0.07333644795308913,0,-0.2047748505550011,0,-1.4629857081143225,0,-395.16093579714595,0,8.429369702178807e-08,0,0.3596576962637399,1,4.532601483355455,0,-17.479502762637313,0
TX001605,AC00258,val,-0.048271173899530784,0,-0.13211617073384518,0,-1.2871350598726181,0,-400.6906572322737,0,0.0,0,0.4695774160643388,1,5.8284200045599555,0,-16.981566407390105,0
TX001323,AC00259,train,-0.11126613674802222,0,-0.24848498841591926,0,-1.9614557083912931,0,-484.1641627142011,0,0.0,0,0.12352044849823529,0,3.568804543182806,0,-82.38729091346218,0
TX001612,AC00259,train,-0.09129987310216003,0,-0.21779755228238162,0,-1.855728815413329,0,-461.7931430854697,0,8.429369702178807e-08,0,0.19825416566966905,0,4.373198840816042,0,-62.05032385237824,0
TX001761,AC00259,train,-0.10444552297263832,0,-0.20724886265417886,0,-2.296012234257896,0,-471.54014086806717,0,0.0,0,0.32266588898276793,1,5.074833742216173,0,-26.003406339310327,0
TX000246,AC00260,val,-0.09324697406849275,0,-0.2566018378609658,0,-1.1042822902826792,0,-413.9938635704156,0,0.0,0,0.02875860771206091,0,4.787834233413192,0,-76.72916302409324,0
TX001268,AC00260,val,-0.0680244982017254,0,-0.13750689058327814,0,-1.4998036507975403,0,-460.9663083818683,0,1.1920928955078125e-07,0,0.45032806310816137,1,6.598310404263933,0,-60.088919897517854,0
TX002373,AC00260,train,-0.04378188289605517,0,-0.14630861387336158,0,-1.6674026594098876,0,-436.4393656818166,0,0.0,0,0.37330233825122505,1,4.069121879241798,0,5.660496995465021,0
TX001976,AC00260,val,-0.09806051919059833,0,-0.2538768638746183,0,-1.4113884238003163,0,-470.3084486230877,0,5.960464477539063e-08,0,0.027690557597654875,0,3.6071558393002534,0,-25.28439337234662,0
TX000357,AC00261,train,-0.08389183623816071,0,-0.1561153783395337,0,-1.3400240376585266,0,-446.0875474011823,0,0.0,0,0.2945784623283318,0,4.78865667111567,0,-60.38114465254127,0
TX001725,AC00261,train,-0.07549059354749121,0,-0.21226543096313466,0,-0.787690564604242,0,-448.1186328856133,0,0.0,0,0.3472291413543286,1,4.4424705757106535,0,-54.28397014326839,0
TX002095,AC00261,train,-0.09302226545265929,0,-0.21265102039886252,0,-0.5531538222390378,0,-451.45982828378607,0,0.0,0,0.18675200497473646,0,4.360404705718867,0,-18.363751909498273,0
TX001419,AC00261,train,-0.09384161631602894,0,-0.24136374837965624,0,-0.44774685893270316,0,-461.995279682479,0,0.0,0,0.10519509044685137,0,4.277191657653364,0,-23.339057446926578,0
TX001288,AC00261,train,0.011125653116138556,1,-0.16372614002290864,0,-0.4726784309877452,0,-259.4492542856874,0,0.0,0,0.5150025894461518,1,7.347926981242149,0,14.77765003051027,1
TX001641,AC00261,train,-0.08192733094682803,0,-0.20985291445297571,0,-0.922019432014844,0,-447.7790385967944,0,0.0,0,0.19658588939255248,0,4.170335530590487,0,-17.20756933668824,0
TX002000,AC00261,train,-0.06083474256570376,0,-0.14503048880854252,0,-4.2496255138857464e-05,0,-414.81737529242895,0,8.429369702178807e-08,0,0.34963804150437044,1,4.885843556768626,0,-8.11630234597104,0
TX001384,AC00261,train,-0.041477978928319226,0,-0.21661262456571406,0,-1.2675180587696087,0,-391.9963211598659,0,1.1920928955078125e-07,0,0.38605027227100674,1,6.680182744457339,0,2.5191569414358748,0
TX002370,AC00262,train,-0.07227228956355913,0,-0.16346122415639286,0,-2.1070478985407988,0,511.09679225260396,1,1.1920928955078125e-07,0,0.370701922501671,1,6.315270565243951,0,-77.04272395929254,0
TX000794,AC00262,train,-0.031532845335145,0,-0.0793029428857921,0,-2.782012815608617,0,-394.7832804504507,0,0.0,0,0.47700334203474015,1,5.2059522272247545,0,4.673195031020594,0
TX000424,AC00262,val,-0.04620395403645289,0,-0.060662626357729676,0,-1.8320640802173926,0,-400.94510040181234,0,0.0,0,0.6103498146068704,1,9.07830554738559,0,9.58156777207825,0
TX001130,AC00262,train,-0.03234138620284244,0,-0.07614841947686934,0,-2.0563232358594643,0,-434.8936605236261,0,0.0,0,0.47407433652317854,1,5.838500379115443,0,-12.595050210750632,0
TX000642,AC00262,train,-0.06003421917624274,0,-0.23522060396435784,0,-2.616647385604816,0,-444.18292641856016,0,0.0,0,0.1563381200054465,0,4.475040488082429,0,-21.42627469422488,0
TX001793,AC00263,val,-0.08908962198657144,0,-0.23117051216729267,0,-0.8079000052476193,0,-471.8311518444541,0,0.0,0,0.12405705121222722,0,5.393831873208476,0,-76.30951745806908,0
TX000272,AC00263,val,-0.01782957531828805,0,-0.2139227554038119,0,-1.3951194994275795,0,-399.2099890497112,0,0.0,0,0.41764716834854737,1,6.643073123470006,0,6.8621875097905125,0
TX001202,AC00263,train,-0.00989753106621083,0,-0.10195685971461943,0,-1.7021244819851837,0,-318.01696262317336,0,8.429369702178807e-08,0,0.4386002049768683,1,5.1802760965049,0,0.8816061192100295,0
TX000867,AC00263,train,-0.11093772177918299,0,-0.2607479867874869,0,-2.376438147850571,0,-471.37273847528843,0,0.0,0,0.07491501295720983,0,3.213202747112321,0,-25.554110257782558,0
TX002046,AC00263,train,-0.037175611044472756,0,-0.20872970054096895,0,-2.753548411233133,0,-270.35180658305444,0,0.0,0,0.33453950643650254,1,5.12878627353733,0,-15.939957343454546,0
TX000374,AC00264,train,-0.09472563246635363,0,-0.1452045826979924,0,-1.4702412663781868,0,-468.45886298870147,0,0.0,0,0.2828660726590293,0,4.481871856472062,0,-73.84040984994195,0
TX001319,AC00264,train,-0.10554585233847602,0,-0.25135455162150966,0,-1.5377672234567736,0,-466.70249038205907,0,0.0,0,0.10811802250699397,0,3.5208555270114585,0,-60.60833400086608,0
TX000908,AC00264,val,-0.056421945789348615,0,-0.16483014205368796,0,-2.32010902687181,0,-458.4378651268643,0,0.0,0,0.47055702498651053,1,4.986306521140569,0,5.288329152877115,0
TX000455,AC00264,val,-0.0028061699315830024,0,-0.05800288936343101,0,-1.906577577598945,0,-427.8010025809844,0,0.0,0,0.540708037546,1,6.982662978043736,0,18.393281456473186,1
TX000329,AC00264,val,-0.10631752134386097,0,-0.25994997105991213,0,-2.8445279585344974,0,-464.19537708892926,0,0.0,0,0.058564770867699865,0,3.0154434409169135,0,-28.522607435637976,0
TX000014,AC00264,train,-0.04998794619750496,0,0.13715016818861603,1,1.6083785017950145,1,818.0433752672304,1,10.579590999664736,1,0.7030968799254101,1,12.593682005960082,1,-138.3869305545983,0
TX000530,AC00265,train,-0.01299693927223744,0,-0.09711027450665122,0,-0.7499740187007831,0,4777.028714854097,1,3.371747880871523e-07,0,0.5828229976896881,1,10.214523873324003,0,-64.25205900733656,0
TX000101,AC00265,train,0.007645203572945847,1,-0.12192401948743403,0,0.7057626816058971,1,-396.6419866915945,0,0.0,0,0.5127563194180852,1,17.077422339099495,1,-56.38490688549054,0
TX000888,AC00265,train,-0.03349885295261934,0,-0.2090769415291569,0,-1.9695683096552212,0,-439.2574113306234,0,0.0,0,0.3802118047775151,1,6.303629996741474,0,-19.13504382187807,0
TX001844,AC00265,train,-0.08904755151623928,0,-0.21119989839617936,0,-2.1903781168318606,0,-446.9077334501123,0,0.0,0,0.33556299098578296,1,4.223109376219348,0,-20.718244888790597,0
TX001752,AC00265,val,-0.08886542092606886,0,-0.23536832609271818,0,-2.1338638478850775,0,-337.41758866911573,0,0.0,0,0.10778083739155439,0,3.3596771724680274,0,-18.716010434723106,0
TX000394,AC00265,train,-0.05465066953749137,0,-0.18849126882958034,0,-2.0581828196805727,0,-270.78641295418925,0,1.0323827311807139e-07,0,0.34681776931016467,1,3.5867641947053643,0,-11.576788788340826,0
TX000193,AC00265,train,-0.08566429872465903,0,-0.21535826262796331,0,-2.759213488777764,0,-224.78051217505623,0,0.0,0,0.19960142637695305,0,3.508257478494028,0,-16.08055627163415,0
TX000075,AC00265,train,-0.02019699918939455,0,-0.2099134471624171,0,-0.6538363785442041,0,-179.2034559266276,0,0.0,0,0.5737712466091515,1,6.49520451353089,0,-10.183571068423428,0
TX002491,AC00265,val,-0.05377148311462354,0,-0.16286926346249575,0,-1.8731230533714989,0,-414.22115424097444,0,8.429369702178807e-08,0,0.3753129654930715,1,4.781501178176404,0,-21.461843834952827,0
TX000510,AC00266,train,-0.09622206342317818,0,-0.21039781322038853,0,-0.9628280020566287,0,-469.17877557727434,0,0.0,0,0.19906759743914074,0,4.985580935731152,0,-74.8146977565329,0
TX001278,AC00266,train,-0.12077550155898908,0,-0.25786001388685165,0,-1.207198519531941,0,-468.01921241351926,0,5.960464477539063e-08,0,0.0832198219808839,0,3.817013782565202,0,-61.14448746430186,0
TX001443,AC00266,train,-0.022476487108552823,0,-0.035129930733865944,0,-1.2389455181510236,0,-432.5483316872091,0,0.0,0,0.52742080478054,1,7.03793687220248,0,10.29142010119717,0
TX001463,AC00266,val,-0.056747902044752774,0,-0.2259000872882051,0,-1.10522935500385,0,-437.1878794839965,0,0.0,0,0.1704649741976488,0,3.776015253212944,0,-16.153325610548965,0
TX001374,AC00267,train,-0.08375807549074205,0,-0.15986350732011378,0,-0.19943767856360495,0,-466.63159341874535,0,0.0,0,0.2411169958554773,0,6.325403280787982,0,-76.14919177917837,0
TX000425,AC00267,train,-0.040647079328224256,0,-0.17695042152689333,0,-0.000343153148838482,0,-153.5182394230282,0,2.384185791015625e-07,0,0.49763164568774065,1,8.274020607191881,0,-56.63477732991631,0
TX001769,AC00267,train,-0.0980196379399898,0,-0.25043404291213356,0,-1.6464754938401356,0,-464.0836168664581,0,0.0,0,0.12242753308241558,0,4.569200013419666,0,-24.40423577679309,0
TX002060,AC00267,train,-0.03406413684835652,0,-0.16184615138946779,0,-2.1511322096863132,0,-427.8820573909051,0,0.0,0,0.4803419877852842,1,6.332046822315288,0,-1.5169797975010308,0
TX001208,AC00267,train,-0.07957877271103536,0,-0.237069538048305,0,-1.4486246451002067,0,-455.70224698678925,0,0.0,0,0.09879987151991712,0,3.773021804532623,0,-22.64501199200878,0
TX001176,AC00267,train,-0.0938599903467151,0,-0.1802236819912959,0,-1.682266274027766,0,-431.5866490360105,0,0.0,0,0.35051095532177373,1,4.23942880093728,0,-8.416582815881402,0
TX001209,AC00267,train,-0.08100603472536588,0,-0.22390247769944427,0,-2.526179176286785,0,-439.0702633695905,0,8.429369702178807e-08,0,0.17874980390369882,0,3.73017905019307,0,-24.563850556372433,0
TX000036,AC00267,val,-0.07685562188689843,0,-0.23714895286390703,0,-1.2757368161637803,0,-66.59851724134933,0,0.0,0,0.1518107002853744,0,3.8673836141565094,0,20.70429417659889,1
TX002410,AC00267,train,-0.03808055602440191,0,-0.22349437327261334,0,-1.3405446651620903,0,-332.99306464845836,0,0.0,0,0.12998689526126933,0,3.7349185136613823,0,12.671683090985479,1
TX002176,AC00267,train,-0.07612177126355163,0,-0.2516182733628357,0,-1.3157796261345371,0,-355.8961810645877,0,5.960464477539063e-08,0,0.08385920044638741,0,3.9259236794102335,0,-21.958705917046164,0
TX001451,AC00268,train,-0.04328606801915674,0,-0.16639626742307878,0,-1.1264175781336956,0,-420.8338524985997,0,0.0,0,0.2949694276511823,0,5.132346828936237,0,-57.15009473800935,0
TX001367,AC00268,val,-0.11388012949736331,0,-0.22390448466532398,0,-1.8587224668618347,0,-468.7743583879935,0,0.0,0,0.16427690275119836,0,5.056087330027833,0,-62.628499525049364,0
TX000172,AC00268,train,-0.08135733382853638,0,-0.26679580814304615,0,-1.9075029435107869,0,-476.0227763764568,0,0.0,0,0.040263229287935236,0,3.453923865783988,0,-27.26048741697398,0
TX002273,AC00268,train,0.022700250303716252,1,0.219305895426827,1,-3.503966493845212e-05,0,-358.98052765733877,0,7.391028476216657,0,0.7109044119121788,1,9.562753907221923,0,-8.620693062839871,0
TX000370,AC00269,train,-0.09041143779261074,0,-0.21700166946125665,0,-1.5261161241489472,0,-474.39852317829417,0,0.0,0,0.19996763550215851,0,4.016110358586117,0,-74.48448676848389,0
TX002445,AC00269,train,-0.0883514817776771,0,-0.24848809107188585,0,-2.2165810668698107,0,-473.0611224331736,0,5.960464477539063e-08,0,0.1499260624407123,0,3.5358164712352247,0,-62.98260818850922,0
TX001930,AC00269,train,-0.08881719058273763,0,-0.17877853734237337,0,-1.8148481953167668,0,-462.6048827453039,0,0.0,0,0.3436875866591557,1,3.9239965083137482,0,-3.847317488839683,0
TX001621,AC00270,train,-0.06013965131827653,0,-0.1194397934484921,0,-1.8268026375447288,0,-459.3181661173109,0,8.429369702178807e-08,0,0.3724470649924307,1,4.818338742957106,0,-71.8688408974682,0
TX000016,AC00270,train,-0.08791480539412411,0,-0.16063567351212238,0,-2.021077685034186,0,-458.35610546583365,0,0.0,0,0.4690319340742797,1,7.203976506604465,0,-60.532987601745695,0
TX001113,AC00271,train,-0.09502460985489375,0,-0.2663257316571874,0,-0.7709682613448301,0,-454.9588587805019,0,0.0,0,0.03065664887333536,0,5.510980276666693,0,-77.4414439982303,0
TX000453,AC00271,train,-0.09705334207261046,0,-0.2216314354510842,0,-1.1388420112801398,0,-467.34796702489535,0,0.0,0,0.14647713090125952,0,4.382972959732857,0,-62.133556490416936,0
TX001519,AC00271,train,-0.09077895301161654,0,-0.23044181143109443,0,-1.9594774329598792,0,-454.65885904652754,0,0.0,0,0.3338658635736964,1,6.618443444614878,0,5.737978262150093,0
TX000057,AC00271,train,-0.008875713552368714,0,-0.18954567321799454,0,-1.023929967249309,0,-439.49602928363316,0,0.0,0,0.34951246406235803,1,4.957849685272955,0,-17.412326260156238,0
TX001101,AC00271,train,-0.054367551726912655,0,-0.24429699468651545,0,-2.2109630692071356,0,-439.9922110148787,0,0.0,0,0.17315655742945027,0,5.334605740319249,0,-22.59608015450446,0
TX000138,AC00272,train,-0.11223835825823747,0,-0.2422565485839856,0,-2.482070064492861,0,-480.9741276068964,0,8.429369702178807e-08,0,0.2041899593003838,0,4.2974418850126135,0,-81.9778909649917,0
TX000917,AC00272,val,0.001287341444912049,1,-0.007810459931320679,0,-2.070988174273886,0,-420.18420411956754,0,1.1920928955078125e-07,0,0.5150992810215539,1,5.179282359150192,0,21.171030551961845,1
TX000805,AC00272,train,-0.05948338826399846,0,-0.1749620128008611,0,-2.341143076110022,0,-397.4263952231671,0,0.0,0,0.36944935866574047,1,4.15236828480482,0,7.123286903698418,0
TX001960,AC00272,train,-0.042668344752671616,0,-0.16021920033313286,0,-0.7323438253793704,0,-394.98240982469173,0,0.0,0,0.4915692869008743,1,7.015194250604088,0,14.54951915696321,1
TX000296,AC00272,train,-0.07614113805178269,0,-0.2433500545242484,0,-2.261777122359252,0,-455.5568653573956,0,0.0,0,0.09409584623575931,0,4.002085352080508,0,-22.97226888298197,0
TX001515,AC00272,val,-0.035603871886727645,0,-0.16515082062844444,0,-1.647104632241163,0,-395.58867974380934,0,0.0,0,0.3650029321111973,1,4.136246612628829,0,15.752258375992337,1
TX000365,AC00272,train,-0.07659138242263508,0,-0.21353337886200352,0,-1.7730798696729586,0,-373.4458672718822,0,0.0,0,0.3335188457078959,1,3.960729838210817,0,-11.438479497647325,0
TX002178,AC00272,train,-0.08540655270263103,0,-0.22556227028830556,0,-2.328535877838224,0,-334.28952120615395,0,0.0,0,0.19712364861310747,0,3.7435277243286706,0,-16.764850489713663,0
TX001610,AC00273,train,-0.017232170644476075,0,-0.05370843247051171,0,1.2223213692172763,1,-307.45966786437333,0,4.76837158203125e-07,0,0.6430993166061206,1,15.795610507291308,1,-60.81305399537835,0
TX000178,AC00273,val,-0.010350577492094226,0,0.7754717674758524,1,5.772264236223713,1,-287.82801683980176,0,10.765473281001015,1,0.7990117526916128,1,21.408332307259002,1,-43.101464651807106,0
TX000444,AC00273,val,0.04660342846698218,1,0.34415336630664495,1,1.9723503365358672,1,-352.5410826433635,0,0.0,0,0.6861380156417028,1,11.988322391522258,1,38.49217829050594,1
TX002227,AC00273,train,-0.0001242078389397383,0,-0.18300139062985488,0,-0.8449894117291379,0,-372.55102384440573,0,0.0,0,0.448504529338815,1,7.445117843499929,0,-10.300403093626603,0
TX002133,AC00274,train,-0.1042058004269324,0,-0.26124399493724926,0,-2.1466463275817986,0,-473.24756706040944,0,0.0,0,0.2231001959833138,0,3.8441566568964753,0,-74.76605211284507,0
TX001795,AC00274,train,-0.09896911548387338,0,-0.24942005328893624,0,-1.7379763798673746,0,-476.2649548286641,0,0.0,0,0.15557124600485864,0,6.150509608732627,0,-65.9608161363467,0
TX000418,AC00274,val,-0.05167427560279331,0,-0.19753462907750863,0,-1.8705651792934557,0,-189.93984894767198,0,0.0,0,0.36637425279351576,1,6.126108777029604,0,-6.419341323461279,0
TX000598,AC00274,train,-0.08088087242959019,0,-0.1856347456968912,0,-1.8572050413385188,0,-454.9738686124845,0,8.429369702178807e-08,0,0.3576700278194789,1,4.349152037123008,0,-20.848419932877466,0
TX001805,AC00274,val,-0.07904378205987295,0,-0.24020362952883878,0,-1.7299890142191536,0,-457.7348518360134,0,0.0,0,0.1335739033498011,0,3.759219425860431,0,-24.70872764824927,0
TX001292,AC00275,train,-0.09461871430384416,0,-0.21801697359063943,0,-2.1577253324109424,0,-470.20725377823726,0,0.0,0,0.22735707741947017,0,4.224281495344015,0,-77.10231180210303,0
TX002473,AC00275,val,-0.08431921283469673,0,-0.22205253217432874,0,-1.7079450538524839,0,-463.25164459039274,0,0.0,0,0.19178441682075514,0,4.16539662961644,0,-56.278291247360826,0
TX001437,AC00275,train,-0.10701563221396815,0,-0.26819031104669533,0,-2.5137007104502604,0,-474.5366008259058,0,5.960464477539063e-08,0,0.03685243591315261,0,3.0021194384555216,0,-25.040815858093012,0
TX001223,AC00275,val,-0.10972755442841414,0,-0.25262377451310647,0,-2.1593903161005663,0,-470.15386790210437,0,0.0,0,0.11013845815236359,0,3.670933879376186,0,-23.393311136327334,0
TX000159,AC00275,train,-0.09269756103380516,0,-0.2685444683178686,0,-1.9053768574204568,0,-474.8094499097105,0,0.0,0,0.0896832159609828,0,3.208110747282144,0,-25.291314363250365,0
TX001298,AC00275,train,-0.07826652462344386,0,-0.23773571977775387,0,-3.0236083343291487,0,-470.7436072492744,0,0.0,0,0.15334576231425223,0,5.620988976810959,0,-24.972257237596757,0
TX002480,AC00275,train,-0.038833024722225606,0,-0.23031803848101995,0,-1.5906406273033262,0,-421.99299736362445,0,0.0,0,0.1233654376516366,0,3.7558219575710288,0,-18.89509456509815,0
TX000635,AC00275,train,-0.04217965347866187,0,-0.205771380709465,0,-1.6733687177545669,0,-385.7181261209315,0,0.0,0,0.3222699806538099,1,4.138901536427953,0,9.875789669976509,0
TX001954,AC00275,train,-0.03788459603409766,0,-0.2289090440646293,0,-1.0171590403641346,0,-380.1309740002429,0,0.0,0,0.1743267190055519,0,4.134376707026816,0,-15.359553646797256,0
TX002479,AC00276,train,-0.10217533424816544,0,-0.2547443861821166,0,-2.152442350540527,0,-475.01060506304776,0,0.0,0,0.2085807603027905,0,3.923971044294666,0,-78.84561042052982,0
TX000648,AC00276,val,-0.08500911857498639,0,-0.2475557564672961,0,-1.0781748056829201,0,-462.66240168051246,0,0.0,0,0.19397260542461503,0,6.570351101667913,0,-60.03892212147249,0
TX002180,AC00276,val,-0.07344202554299695,0,-0.23514056208751644,0,-1.0486273089325202,0,-461.59358080296965,0,8.429369702178807e-08,0,0.12877927082690732,0,3.992929179653623,0,-19.729140280480582,0
TX001050,AC00276,train,-0.07254465911426683,0,-0.2337045279579244,0,-2.4186861823797283,0,-457.3697233454488,0,0.0,0,0.34683902134763167,1,6.191052055618887,0,-17.1314154572331,0
TX001962,AC00276,val,-0.09825461426026738,0,-0.26097864242972746,0,-2.4869433301038573,0,-459.09996359046636,0,0.0,0,0.07959317825309548,0,3.4574577605294627,0,-27.272807769676906,0
TX002234,AC00277,val,-0.09013655800579978,0,-0.13945301271538368,0,-1.1336916807281945,0,-455.1875425128762,0,0.0,0,0.30735775045247815,0,5.029074933691395,0,-70.36618046273144,0
TX001493,AC00277,train,-0.045267659164989316,0,-0.14377274153200648,0,-0.9359481736059845,0,-411.43556906946236,0,0.0,0,0.5598013937223288,1,6.085953268574085,0,-59.54846601215491,0
TX000699,AC00277,train,-0.0710101197776612,0,-0.13528969105049216,0,-2.7640816775300987,0,-448.83295098330643,0,0.0,0,0.3971041304742759,1,4.442297418900368,0,-20.259104523178255,0
TX001989,AC00278,train,-0.10859546961517935,0,-0.22963819970043486,0,-2.4818705132164,0,-477.67655471922996,0,0.0,0,0.2256513352896114,0,3.4747235012467548,0,-78.57572635822062,0
TX000890,AC00278,train,-0.06525455162955157,0,-0.15872755285103168,0,-2.344123897822751,0,-398.72665116787647,0,0.0,0,0.39974609914213094,1,5.046151687263891,0,-56.47616414459948,0
TX000986,AC00278,train,-0.08939922993945892,0,-0.19794974672161847,0,-2.487953143409422,0,-463.916649697208,0,8.429369702178807e-08,0,0.3336356956243691,1,3.860101070933498,0,-20.120518604673336,0
TX000801,AC00279,val,-0.07272590456206729,0,-0.2098845599134911,0,-0.970577364062601,0,-451.5430355608025,0,0.0,0,0.3370664836135015,1,6.897745147229214,0,-72.90276305406877,0
TX000150,AC00279,train,-0.047461928348985216,0,-0.21108311149642467,0,-0.8225493961009054,0,-460.9922474024631,0,0.0,0,0.4384268350337505,1,9.00244952418088,0,-61.34649953792233,0
TX002465,AC00279,val,-0.10232638478551376,0,-0.24173481239036199,0,-2.614824976280305,0,-464.8924634729061,0,8.429369702178807e-08,0,0.06277003127722697,0,3.6081831556213846,0,-21.148375316757285,0
TX002263,AC00279,train,0.002085181748304743,1,-0.036595816990474095,0,-0.6787716151863012,0,-391.70766207692566,0,0.0,0,0.44620471283635044,1,5.10202810336343,0,10.020191354006055,0
TX002494,AC00279,train,-0.0623116329401201,0,-0.2206802082588648,0,-1.8266202947520842,0,-411.68849081880467,0,1.1920928955078125e-07,0,0.34836153527271485,1,5.932443296006666,0,-16.0087401181399,0
TX000389,AC00279,train,-0.11895946885670716,0,-0.24822485744455913,0,-1.8873971957627607,0,-404.19256734667516,0,0.0,0,0.12308291829676789,0,3.585269513927275,0,-17.652343608746218,0
TX001129,AC00279,val,-0.08533866394504785,0,-0.24523389868335177,0,-1.791538710895276,0,-430.2345839480638,0,0.0,0,0.11776540506669528,0,3.4052645126416485,0,-23.40354591901809,0
TX001652,AC00279,train,-0.09491627132712965,0,-0.2086734932993468,0,-1.5753962290098222,0,-443.37996697134463,0,0.0,0,0.19218341761768126,0,3.9050706654064355,0,-21.102910408966157,0
TX000725,AC00279,val,-0.08188455146678242,0,-0.2269286800057555,0,-0.9472283950394775,0,-333.70072410303885,0,5.960464477539063e-08,0,0.16269361202877486,0,4.011585816792924,0,-19.156826143787843,0
TX001907,AC00280,train,-0.08734510915431087,0,-0.1479841861412321,0,-0.46477797903263784,0,-467.9613350283427,0,1.1920928955078125e-07,0,0.2756419916572198,0,6.192446648873954,0,-76.25573351979267,0
TX000920,AC00280,train,0.017325896324727585,1,0.28858434063391947,1,5.313405004817387,1,2418.832279825074,1,15.643757123200178,1,0.8172379314711004,1,26.628667652989105,1,-125.12657366534737,0
TX000970,AC00280,train,-0.03848888940799755,0,-0.15495519079098474,0,-2.033241235651282,0,-411.5414221504643,0,0.0,0,0.3617393385429199,1,4.499279930407946,0,-19.322165161033347,0
TX001357,AC00280,train,-0.08878733289953183,0,-0.23814065082049618,0,-2.897453337674593,0,-463.24607620048045,0,0.0,0,0.16904730496893516,0,3.6268184716824967,0,-25.734051530119057,0
TX000445,AC00280,train,-0.054015731704928516,0,-0.23692602813238972,0,-2.403441923882067,0,-300.1159102458264,0,0.0,0,0.12315161578746416,0,3.551295688822525,0,-12.748392745321016,0
TX000983,AC00281,train,-0.10918651160036558,0,-0.24835831885661475,0,-1.806831999459682,0,-466.4385228830951,0,0.0,0,0.21038731767481453,0,5.558161738793774,0,-77.07279758146188,0
TX001829,AC00281,train,-0.05408261854407631,0,-0.08459676258916837,0,-0.4215169111220476,0,-455.9406547387725,0,0.0,0,0.4771847525100017,1,9.34449702371569,0,-59.3800750641793,0
TX001156,AC00281,train,-0.0917558328146536,0,-0.24471709177089562,0,-2.9879401053853414,0,-465.4335721068461,0,0.0,0,0.1250986259061681,0,3.6944739513999973,0,-25.827700866588046,0
TX002104,AC00281,train,-0.08025419926411109,0,-0.2325274640866577,0,-2.519028230246642,0,-450.25643815995613,0,8.429369702178807e-08,0,0.16548578958146104,0,3.3239007298576744,0,-21.881219819372486,0
TX002355,AC00282,val,-0.05997782957226472,0,-0.19695707687788455,0,-0.06680941708943422,0,-414.701204337854,0,2.384185791015625e-07,0,0.46287640503860955,1,8.101587083223341,0,-72.24226056511144,0
TX000751,AC00282,val,-0.018027925454016935,0,0.02082354638957362,1,0.9398249670513898,1,-381.6298648125032,0,0.0,0,0.5693808820548877,1,19.914079030221057,1,-55.17190557115749,0
TX000073,AC00282,train,-0.025304238653394262,0,-0.06025895395786529,0,-1.172631485729017,0,-422.4835374328564,0,1.1920928955078125e-07,0,0.4781514464253494,1,6.151393039842811,0,-13.645357489973183,0
TX000117,AC00282,train,-0.04389668783791156,0,-0.15036012057039305,0,-1.690036203462201,0,-63.20285709856978,0,0.0,0,0.376476785934273,1,4.3149648812936094,0,22.483737930724327,1
TX000959,AC00282,train,-0.037556994078385364,0,-0.15034094303825807,0,-1.9300926552998536,0,-296.7943936477354,0,0.0,0,0.38928526428657445,1,4.228758603121369,0,9.283663441531996,0
TX000047,AC00282,train,-0.06061798156023479,0,-0.21676182147213474,0,-1.684661109713998,0,-356.64694553219687,0,0.0,0,0.3302548270378067,1,4.0755032659165815,0,-17.338487342457327,0
TX001711,AC00283,train,-0.07424861112609493,0,-0.10641203085732243,0,-0.8759598932652022,0,-459.66100240147637,0,0.0,0,0.31405071498311465,0,5.287700874757635,0,-69.4421814686348,0
TX000502,AC00284,train,-0.1089800048676679,0,-0.2592184231039255,0,-1.923959687632454,0,-477.09051312248073,0,0.0,0,0.0317885746213698,0,3.521443207723426,0,-79.0793719146718,0
TX002151,AC00284,train,-0.08784251572928076,0,-0.17620226478431955,0,-1.684278334717762,0,-463.83600008670766,0,8.429369702178807e-08,0,0.3842392741802754,1,4.945533021615796,0,-61.05484370209699,0
TX001040,AC00284,train,-0.027300914297581413,0,-0.17437565844216785,0,-0.36160822578303,0,-31.04387320720201,0,0.0,0,0.5522578557345783,1,4.011378987554633,0,-5.278970547834357,0
TX000137,AC00284,train,-0.050992059308890336,0,-0.21324926377946984,0,-2.7244232374890665,0,-452.90751931383835,0,0.0,0,0.36276827939548023,1,3.890078395670129,0,-21.556581881031185,0
TX000292,AC00284,train,-0.023483257205906827,0,-0.21740836878788294,0,-0.8002387346966522,0,-189.18360932277295,0,3.371747880871523e-07,0,0.5694266065032577,1,5.077644305879007,0,-7.02533305674171,0
TX000126,AC00284,train,-0.03136833124240418,0,-0.09437238160349137,0,-1.5056871130705751,0,-241.0862762291784,0,0.0,0,0.43413127634484105,1,5.264870035574314,0,-7.5608969193920395,0
TX002469,AC00284,train,-0.03936275216697682,0,-0.12844249890233916,0,-2.4914173150497856,0,-412.6946114931337,0,1.1920928955078125e-07,0,0.41143282063702036,1,5.26037500211215,0,-17.685987648187808,0
TX001933,AC00284,train,-0.024083402617892047,0,-0.12204159686526839,0,-1.5159221094565503,0,-381.36739079192625,0,0.0,0,0.4201854863826969,1,5.15244750346722,0,-16.883903903973373,0
TX000433,AC00285,train,-0.11685203133947647,0,-0.25409934918583665,0,-1.7195060698935585,0,-475.4125801792835,0,0.0,0,0.17440258631978922,0,4.479417642109554,0,-80.17287170998988,0
TX000020,AC00285,train,-0.06511381982932846,0,-0.21514493014960312,0,-1.4990694954759771,0,-461.53006070364586,0,0.0,0,0.3254151921332928,1,4.284491384721706,0,-59.66330183967795,0
TX000400,AC00285,train,-0.0891041404987552,0,-0.2266416602406911,0,-0.6923739238463735,0,-241.04112215377307,0,2.384185791015625e-07,0,0.5506516881431986,1,6.246404178610102,0,-13.341117943914748,0
TX001675,AC00285,train,-0.018628533908711165,0,-0.22438642849708512,0,-2.0138732077329475,0,-286.00664793722785,0,0.0,0,0.4089654718964226,1,6.375537358952789,0,6.316094889764283,0
TX000312,AC00285,train,-0.00029694849949779556,0,0.28199625679481555,1,4.436547811365892,1,1173.2602245737683,1,16.698029365894232,1,0.7792976720724929,1,19.559370288901388,1,-138.3868278332682,0
TX001878,AC00285,train,-0.06399766626489728,0,-0.2129556565205395,0,-1.7179815754844867,0,-268.99976638978035,0,0.0,0,0.19174260117095204,0,4.426054632690247,0,-14.32543658846713,0
TX001247,AC00285,train,-0.07077240035933363,0,-0.2202890533477646,0,-1.9458796065905837,0,-319.0992537597871,0,0.0,0,0.18435637924265702,0,4.280276081044328,0,-18.034646436060275,0
TX000325,AC00286,train,-0.11941278538937278,0,-0.2546232133892211,0,-2.122280449172333,0,-481.784423328766,0,0.0,0,0.10977338448750946,0,3.2880893084294214,0,-81.17691287752007,0
TX000676,AC00286,train,-0.10869186431630129,0,-0.2325739576685768,0,-1.3993765132074483,0,-472.8078402459043,0,0.0,0,0.16117599039047542,0,4.822276811730794,0,-63.24985556061168,0
TX001091,AC00286,train,-0.06778602829834018,0,-0.2147861415103176,0,-0.5749091555686903,0,-441.86573020358145,0,0.0,0,0.16990266119453018,0,4.424363258386929,0,-11.469391027734819,0
TX001554,AC00286,train,-0.06466900311159923,0,-0.2418471114728573,0,-0.9549072329649029,0,-441.8249838257874,0,0.0,0,0.13110562187945657,0,4.034886976800714,0,-15.884238226896162,0
TX001141,AC00286,train,-0.0988156426751835,0,-0.24732925327141064,0,-0.8455439633997877,0,-444.5109446715693,0,8.429369702178807e-08,0,0.12630856479906002,0,4.3104220009620935,0,-19.595784011612952,0
TX002016,AC00286,train,-0.05334800950243629,0,-0.17719947595252594,0,-1.102131026556778,0,-433.44858846518724,0,0.0,0,0.3647208273689869,1,5.296274186050326,0,-13.776386307680134,0
TX000691,AC00287,train,-0.08741595879003283,0,-0.23675026262166954,0,-1.8640635411271678,0,-458.26234576266705,0,0.0,0,0.33528909590053824,1,7.069452263653642,0,-73.40886389396296,0
TX001730,AC00287,train,0.002223333134799943,1,-0.1584163175681217,0,-0.2384020937392357,0,-431.3916316084173,0,0.0,0,0.5170269646992969,1,10.836673448263259,1,-53.67252250401688,0
TX000739,AC00288,train,-0.10689704982575848,0,-0.220881340923756,0,-2.1110420034421473,0,-475.35368710915344,0,0.0,0,0.24571379432986665,0,3.8507345231897845,0,-78.30865660100952,0
TX002314,AC00288,val,0.008966496192002293,1,-0.01702350343601622,0,-0.02501536588872888,0,-353.2594236253448,0,2.384185791015625e-07,0,0.6386771903057614,1,8.18277633089026,0,30.172460171724406,1
TX001856,AC00288,train,-0.035956678751177806,0,-0.10861259903111731,0,-1.5558282592189112,0,-437.8477801336826,0,0.0,0,0.4514456233170183,1,6.05708896060284,0,-17.65468187821803,0
TX001717,AC00289,train,-0.07638804491110318,0,-0.23802127747214552,0,-1.612286589424988,0,-460.69131554763015,0,0.0,0,0.30502591751046254,0,6.268487994442881,0,-78.23776317579981,0
TX001825,AC00289,train,-0.03978114229491431,0,-0.27170926711836874,0,-0.6303551946997406,0,-448.39147342259895,0,0.0,0,0.4153742918308209,1,12.109126371756808,1,-58.94707088960766,0
TX001663,AC00289,train,-0.0748892144095597,0,-0.23128660690342162,0,-2.425035416333781,0,-460.30343807481853,0,0.0,0,0.1418478595810863,0,3.680004122044675,0,-22.685111063494944,0
TX001914,AC00290,train,-0.12430178469211789,0,-0.2618663106224999,0,-1.047109274479178,0,-480.30328689357447,0,0.0,0,0.022652677408326265,0,5.304641366518028,0,-82.92418316252252,0
TX000458,AC00290,train,-0.053083809573115426,0,-0.1606473545817726,0,-1.1875116176726284,0,-461.1593773793656,0,8.429369702178807e-08,0,0.37888997013362535,1,5.611250236837904,0,-62.12832845120426,0
TX002216,AC00290,train,0.04966632861919418,1,0.046373798378277487,1,1.7934361660870008,1,152.31413084935826,1,8.1077617308663,0,0.7616007175530094,1,14.685016344207789,1,-125.126191467576,0
TX000624,AC00290,train,0.01503617948591407,1,0.00860538448717496,1,-0.687390410113407,0,-264.2939865287124,0,0.0,0,0.5772635993197297,1,7.78076021548067,0,11.347188530859054,0
TX001543,AC00291,train,-0.09499353064543159,0,-0.13687977091456016,0,-1.02321550091831,0,-464.4279425578611,0,0.0,0,0.27574236317706396,0,4.932584018130832,0,-72.97857254634778,0
TX000032,AC00291,train,-0.11098376927743864,0,-0.23651678610136218,0,-1.1311514418384903,0,-465.64061071131755,0,0.0,0,0.07169586346523849,0,4.037072295111986,0,-61.502210175844645,0
TX002019,AC00291,val,-0.07581142318132106,0,-0.2177214628785833,0,-2.093923535061876,0,-465.93888028656335,0,0.0,0,0.3390467873000002,1,5.0752029672438965,0,-19.41214673472017,0
TX001221,AC00291,val,-0.09504294627655824,0,-0.24554673837249008,0,-2.584982054856555,0,-467.3544760591319,0,1.6858739404357614e-07,0,0.1359929411795409,0,5.991308075615963,0,-26.077494416827204,0
TX001039,AC00291,train,-0.10344939323479196,0,-0.27252339426212413,0,-2.0563580825011236,0,-476.9152308651162,0,0.0,0,0.0,0,3.0871084179758506,0,-29.65941081488523,0
TX002228,AC00291,val,-0.02122378444470291,0,-0.17911992102410723,0,-1.6291058159390204,0,-407.7141765036666,0,0.0,0,0.3983901122120335,1,7.467254551491114,0,-16.85772332936661,0
TX001643,AC00291,train,-0.019203728442417245,0,-0.1667976522537764,0,-1.6541287608141655,0,-317.10302088063906,0,0.0,0,0.39304063146848744,1,4.794697750447385,0,-14.485801954502282,0
TX002242,AC00292,val,-0.10680955207835502,0,-0.2061761598865206,0,-1.3849387979434216,0,-471.28240728538094,0,0.0,0,0.17775794061232292,0,4.085310280804806,0,-75.35782818115013,0
TX001656,AC00292,val,-0.039083054966955744,0,-0.12542293716713693,0,-2.169145224387961,0,-407.77335404892204,0,0.0,0,0.43133511407788316,1,5.864904191048229,0,-37.09269014047521,0
TX000403,AC00292,train,-0.07737338155635881,0,-0.18490220934571822,0,-2.8235433165127493,0,-460.6535983445162,0,0.0,0,0.32723175553955935,1,4.566676930716514,0,-19.14213932690608,0
TX001386,AC00292,train,-0.07470411481061551,0,-0.24021470605773354,0,-2.3677511087992773,0,-468.2294924535863,0,0.0,0,0.09105882551748708,0,3.7586641698804573,0,-24.83951637635558,0
TX000938,AC00292,train,-0.07389952688531476,0,-0.21901361214204695,0,-2.3916616556831016,0,-453.0721942322214,0,0.0,0,0.3243622294320981,1,4.16696195675114,0,-22.69605098520812,0
TX000813,AC00292,train,-0.08089499505623599,0,-0.20551771972121835,0,-1.8102387263395876,0,-435.1656387186338,0,0.0,0,0.3253157619246846,1,3.8996153277611665,0,-20.94388616931197,0
TX002056,AC00292,train,-0.0555090205195673,0,-0.23976790718059937,0,-1.4676769200100317,0,-389.10156142289344,0,0.0,0,0.16103246265032453,0,3.6382286629337743,0,7.190364494646207,0
TX000767,AC00293,train,-0.09275172211124494,0,-0.23518588708996369,0,-0.4286565574245458,0,-469.59923963508146,0,0.0,0,0.09418501070164646,0,5.750114784614816,0,-77.6852208931009,0
TX000398,AC00293,train,-0.05062809698732079,0,-0.08024486101773598,0,-1.053629156895644,0,-453.66167778992184,0,8.429369702178807e-08,0,0.41948528853300204,1,5.804299679492619,0,-55.303176110796855,0
TX001499,AC00293,val,-0.08212060736354482,0,-0.24033362690484195,0,-0.889345019272767,0,-466.2218646551658,0,0.0,0,0.1289049509520521,0,4.157846864330696,0,-22.336631612913468,0
TX001967,AC00293,train,-0.071694944999171,0,-0.20295666257526057,0,-1.126193414253855,0,-465.2299367218409,0,1.1920928955078125e-07,0,0.3329011734001142,1,5.257763019406598,0,-22.34660335239938,0
TX001978,AC00294,val,-0.10684643757197504,0,-0.2062909198795142,0,-1.5221740023976214,0,-471.82550883910915,0,8.429369702178807e-08,0,0.26851365364190727,0,4.507897546188379,0,-77.5670711242409,0
TX001703,AC00294,train,-0.07437237155799198,0,-0.18191478912611792,0,-2.631178429100835,0,-445.614200311748,0,0.0,0,0.3826069252047336,1,4.379692270840434,0,-59.50355058396111,0
TX001739,AC00294,train,-0.11934238308080952,0,-0.21878848389747874,0,-2.663891685921037,0,-469.7490214896604,0,0.0,0,0.33537086848458186,1,3.45157329898365,0,-10.052289077963167,0
TX001534,AC00294,train,-0.09174945344016094,0,-0.2040655192370764,0,-3.0948973530653383,0,-470.04012886913387,0,0.0,0,0.333470500881179,1,3.3326220070879207,0,-23.09690045245333,0
TX000525,AC00295,train,-0.0887052274475511,0,-0.1577595488653123,0,-1.6174048033091957,0,-464.6235629250606,0,8.429369702178807e-08,0,0.33135329320360346,1,4.027298866072092,0,-73.16405791252153,0
TX000705,AC00295,train,-0.10933511536950025,0,-0.14851241122857783,0,-2.4043665114592567,0,-471.6849681943703,0,8.429369702178807e-08,0,0.34631856834934943,1,4.8275448057101356,0,-62.41135632124289,0
TX000121,AC00295,train,-0.1036937431905181,0,-0.24487120549349917,0,-2.2314010335194787,0,-477.5390228916827,0,0.0,0,0.049066767981318565,0,3.2219012846602695,0,-24.799321706864863,0
TX001098,AC00295,train,-0.056157759167613897,0,-0.2166593178395313,0,-2.3832833208491326,0,-401.85558326404004,0,0.0,0,0.3245215946663997,1,4.177258200388312,0,-20.944625982269915,0
TX000953,AC00295,train,-0.08907879752367548,0,-0.26318046959783103,0,-2.398969493167007,0,-470.30685578615186,0,0.0,0,0.07261514789191298,0,3.253006837853555,0,-27.774305992263333,0
TX002272,AC00295,val,0.04675572031747377,1,-0.15552743514149747,0,-1.3242869406342166,0,-260.68274773724403,0,0.0,0,0.5381499614301847,1,7.828736204997925,0,40.84602514332144,1
TX001667,AC00296,train,-0.0765813452039904,0,-0.18566233477320337,0,-2.296652894564124,0,-466.23261685562017,0,0.0,0,0.357724800477247,1,6.861535742221243,0,-78.00199637890306,0
TX000630,AC00296,train,-0.024604897089646582,0,-0.11816386113499178,0,-2.2729912472794105,0,-414.1305566146814,0,1.1920928955078125e-07,0,0.4921762068933818,1,5.605741491194907,0,-56.94305422628874,0
TX000049,AC00296,val,-0.06171115419359047,0,-0.18963786117123438,0,-0.42608601124356227,0,-147.3198830734409,0,3.371747880871523e-07,0,0.6030097232133979,1,4.714871538948751,0,-2.7776891070839955,0
TX000579,AC00296,train,-0.06856011687495017,0,-0.1774662183773268,0,-2.241923240729614,0,-462.2287261121294,0,0.0,0,0.3460000674193035,1,4.604356256990157,0,-18.513819942581858,0
TX001595,AC00297,train,-0.11738204505953403,0,-0.2641528763045733,0,-1.921347468975405,0,-478.830665776759,0,0.0,0,0.04779454841108355,0,3.495730110271732,0,-79.37979052401766,0
TX001421,AC00297,train,-0.11519145819152876,0,-0.23543745922430848,0,-1.7329208304705954,0,-455.1832188657591,0,0.0,0,0.0,0,4.46524936597507,0,-55.13451316439168,0
TX001000,AC00297,train,-0.06882043221619372,0,-0.12553206290518948,0,-1.1910935942654373,0,-450.6465984613602,0,0.0,0,0.3799350521354221,1,4.345091573375049,0,-12.241622486892968,0
TX002333,AC00297,train,-0.11498301302522335,0,-0.2554248264949298,0,-2.441121637640567,0,-473.93179960427875,0,0.0,0,0.05125456559111769,0,4.093170234220393,0,-25.647868434821767,0
TX000965,AC00297,train,-0.08046636800283152,0,-0.24389137169008301,0,-1.5320744389778849,0,-457.6612109466297,0,0.0,0,0.12983972780713768,0,3.478941163759258,0,-18.71513422740293,0
TX002508,AC00297,train,-0.041129541855475626,0,-0.15832272052170882,0,-1.2199914289978757,0,-108.44962842606355,0,1.6858739404357614e-07,0,0.42483971462621267,1,6.9626920878892,0,-3.1055891369148276,0
TX001279,AC00297,train,-0.05990617188535324,0,-0.2426235470098621,0,-2.2196219619417494,0,-372.26672256347695,0,0.0,0,0.45589645307853566,1,9.326558293915186,0,-15.783362129266829,0
TX002161,AC00297,train,-0.07739531448876869,0,-0.241614740373981,0,-1.960998243988323,0,-421.65566093764176,0,0.0,0,0.14622294733180535,0,3.620584868286871,0,-22.866267127324594,0
TX000712,AC00297,train,-0.09017673761231038,0,-0.22460072062592618,0,-1.5108884578484805,0,-377.2558343271045,0,0.0,0,0.1714188468263737,0,3.919180605638061,0,-20.576774263017438,0
TX000787,AC00297,train,-0.042279567261649,0,-0.14090285159136973,0,-0.8380486226826633,0,-375.92468700553627,0,8.429369702178807e-08,0,0.3909081438746242,1,4.49590532112491,0,11.199928001506574,0
TX002438,AC00298,train,-0.10381479377507907,0,-0.17903579646147683,0,-1.1945927879606568,0,-465.63140255677416,0,0.0,0,0.21826444071737158,0,4.895059854802213,0,-76.43238666064477,0
TX001523,AC00298,val,-0.08519210155399964,0,-0.23468681573352645,0,-1.4868809008771162,0,-464.26201176361707,0,0.0,0,0.15866234160686352,0,3.897871117519244,0,-56.727582524017045,0
TX000174,AC00298,train,-0.08631380485793211,0,-0.22023683230905977,0,-2.1523751368105426,0,-470.74397663190814,0,0.0,0,0.3335718286819506,1,5.055126340561722,0,-14.324404859140731,0
TX001321,AC00298,val,-0.10221168990993379,0,-0.26891481340097845,0,-1.4127858231987602,0,-477.0539564468306,0,0.0,0,0.08437261650562597,0,3.409855430904098,0,-26.73420385862921,0
TX000569,AC00298,val,-0.0627406240818878,0,-0.20401600141948295,0,-0.8333135010722188,0,-451.99452517688206,0,0.0,0,0.32966139651366133,1,4.493655357714617,0,-17.74326390325731,0
TX002240,AC00298,train,-0.10505122687676771,0,-0.2455664718572228,0,-1.6204200299012932,0,-471.2341106074115,0,5.960464477539063e-08,0,0.12784366702065286,0,4.046199304458588,0,-27.14694971866226,0
TX000857,AC00298,train,-0.054681054292429476,0,-0.20922565534031246,0,-1.062388538429829,0,-452.9151014944428,0,1.0323827311807139e-07,0,0.11172906789023729,0,4.129635641428452,0,-20.51880198866842,0
TX001277,AC00299,train,-0.102226387653305,0,-0.25456693331252556,0,-0.5801565947675673,0,-473.7104823981629,0,0.0,0,0.0820401931382693,0,5.527129556123476,0,-78.5383513028747,0
TX001946,AC00299,train,-0.05370239073923683,0,-0.07121000941570599,0,-1.0825304651379906,0,-449.7914804317663,0,0.0,0,0.47609097373865383,1,6.706838833458611,0,-56.58594589117814,0
TX000340,AC00299,train,-0.09640241916932851,0,-0.20391241478380961,0,-0.7034889254752894,0,-459.28408269947323,0,8.429369702178807e-08,0,0.1776923738987831,0,4.396313587826234,0,-20.573367706086135,0
TX000233,AC00299,train,-0.04493924608388161,0,-0.18032785863189238,0,-1.425183504926121,0,-448.5675816388105,0,0.0,0,0.38239415640505087,1,5.059604978138854,0,-17.781048681942085,0
TX000310,AC00300,val,-0.09978843279143279,0,-0.15903072562644005,0,-2.123549791133115,0,-465.4975619056754,0,0.0,0,0.33545623706478644,1,5.083201442480044,0,-73.48005837017558,0
TX002388,AC00300,train,-0.048887575706632935,0,-0.23694395404023783,0,-1.4157031902676138,0,-458.3974266933614,0,0.0,0,0.35447871248301843,1,6.947758959844751,0,-47.2337342987619,0
TX000322,AC00300,train,-0.08043692978436773,0,-0.2386593394247405,0,-2.4695278043435707,0,-469.8523673104033,0,0.0,0,0.15885715808949394,0,3.264612645885276,0,-25.364311519292674,0
TX001847,AC00300,val,-0.06568344666249831,0,-0.2565420604074099,0,-1.9490946586165787,0,-458.442285817808,0,0.0,0,0.11889370478029705,0,3.191055209366561,0,-22.455497656418267,0
TX000468,AC00300,train,-0.07181776159266023,0,-0.17295625045776553,0,-0.9768775508600509,0,-440.0368573884141,0,0.0,0,0.36993379748797534,1,4.939402426813153,0,-21.737238630276796,0
TX001958,AC00301,train,-0.022889113465642708,0,-0.19547597147774987,0,-0.3857983393794342,0,2841.6091943138676,1,0.0,0,0.48138122459553,1,7.387595214213555,0,-65.677136759909,0
TX001848,AC00301,train,-0.02236746067112827,0,-0.12852891931657529,0,-0.43612051075901803,0,-434.6202796393932,0,0.0,0,0.5080045790984817,1,10.594854202617265,1,-60.59700899418998,0
TX001505,AC00301,train,-0.042669388854946255,0,-0.18298369563082684,0,-2.0511642985464533,0,-430.7069654881228,0,0.0,0,0.4130315802497686,1,6.241828290976184,0,-10.182326889749262,0
TX000416,AC00301,train,0.01076435963697664,1,-0.07813027560276664,0,-1.8195518237181414,0,-420.0493011400974,0,0.0,0,0.46157496475136756,1,5.423313067114369,0,-11.227852255907809,0
TX000213,AC00301,val,-0.08470551403436188,0,-0.18540459334615167,0,-2.856616642054677,0,-428.2734251966183,0,0.0,0,0.4171664146926465,1,5.207412978559612,0,-16.63267628056011,0
TX000562,AC00301,train,-0.053387246871380245,0,-0.09398480563452227,0,-0.7937296290925584,0,-384.77052902158516,0,0.0,0,0.41601155582794025,1,5.7881256440546665,0,-12.111154115119522,0
TX001518,AC00302,val,-0.05949796824570602,0,-0.22954377283360783,0,-0.7571403147022036,0,-434.3619215205835,0,1.6858739404357614e-07,0,0.39280074929790776,1,6.506413189762471,0,-70.1865281692208,0
TX000855,AC00302,train,-0.004059934926401443,0,-0.20878249637658075,0,0.23697059752543304,1,-429.0121951602509,0,0.0,0,0.4966700173582369,1,14.907294881254446,1,-59.57180882000182,0
TX001762,AC00302,train,-0.07858663407557914,0,-0.21461010351798993,0,-2.527943200248208,0,-457.84710010058586,0,0.0,0,0.3213484196122632,1,3.880950893544903,0,-23.03512983920227,0
TX002475,AC00302,train,-0.0635968325596159,0,-0.172362479739528,0,-2.501173786870769,0,-435.0286801237939,0,0.0,0,0.39162424763123144,1,5.497715857516271,0,-17.06285486866758,0
TX001985,AC00303,val,0.01212880923499493,1,0.01570406998403584,1,2.3804957517255234,1,-278.99836376877596,0,3.7502300966504594,0,0.6993504586130102,1,17.38156627867073,1,-51.21054024856014,0
TX001200,AC00303,train,-0.000747886172581147,0,0.9843836321797006,1,4.470676478806099,1,-249.18444935953758,0,9.341147904566881,1,0.7948765604735074,1,30.964915190216793,1,-53.33452493983267,0
TX000153,AC00303,train,-0.011146753981952529,0,-0.011132037179022003,0,-0.315671976036759,0,-330.6657964331941,0,0.0,0,0.5639902462371993,1,8.616713016596556,0,1.6238006957143467,0
TX000087,AC00303,train,-0.027458385611199343,0,-0.17180135558094234,0,-1.0548637370867837,0,-348.58274512707254,0,0.0,0,0.37633789823813313,1,5.780452727843839,0,-11.43816376053191,0
TX001647,AC00303,train,-0.06637959311513625,0,-0.1697792832135645,0,-1.307680058869579,0,145.27317518662068,1,8.429369702178807e-08,0,0.32797607968897696,1,4.2763778856044485,0,3.9023141183841648,0
TX002429,AC00303,train,-0.02211974697690533,0,-0.09625046786098768,0,-0.9750761883782015,0,610.8160149719802,1,0.0,0,0.47417135780944747,1,6.3136853604880825,0,33.558646350627775,1
TX000877,AC00304,train,-0.07836415520978701,0,-0.16799709043501365,0,-1.2278895045730476,0,-470.6235527613882,0,0.0,0,0.27652231419744244,0,4.350260635051335,0,-75.388542248069,0
TX001742,AC00304,train,-0.09029046742950697,0,-0.2146057047840404,0,-1.3077211552029961,0,-458.2524768426653,0,0.0,0,0.37431168628479583,1,6.765555246116826,0,-61.182891713882356,0
TX002334,AC00304,train,-0.06108588330119624,0,-0.23491695405932433,0,-1.9039001934651,0,-450.46985808153124,0,0.0,0,0.1553104414855227,0,3.550613901828493,0,-18.279728460634146,0
TX000799,AC00304,train,-0.08836192666910947,0,-0.25785822754064824,0,-1.708514671498051,0,-467.15614399795606,0,0.0,0,0.07914617642533489,0,3.219037948460459,0,-23.32587319211247,0
TX001382,AC00304,train,-0.09281703874238578,0,-0.26807965210782203,0,-2.0823864604477134,0,-468.43536100047135,0,0.0,0,0.05913025379781611,0,3.5554311615044822,0,-26.072918224710836,0
TX001300,AC00304,train,-0.04150284974604973,0,-0.1508548265847287,0,-2.695391717330235,0,-368.00848709306825,0,0.0,0,0.39717527136940917,1,3.9039051727122813,0,7.733154735546616,0
TX001853,AC00304,val,-0.11506993269576254,0,-0.26586733832431164,0,-2.0342348860495623,0,-465.85556988471467,0,0.0,0,0.046500194690846576,0,2.9517243082938545,0,-25.287671835455182,0
TX000973,AC00304,train,-0.09484990073233929,0,-0.25930823621733523,0,-1.5989029595529125,0,-450.9782078476891,0,0.0,0,0.09751397369670213,0,3.384105440824643,0,-20.613094022101567,0
TX002130,AC00304,train,-0.025104305887418077,0,-0.147705070082361,0,-1.3887945904149301,0,-388.24453317102956,0,0.0,0,0.42048051032286204,1,7.152283657857327,0,-7.4769073139051505,0
TX000251,AC00304,train,-0.04209382421571445,0,-0.13718320133427797,0,-1.8645165162839739,0,-196.445935340056,0,0.0,0,0.4278804501715039,1,5.581878657350835,0,-3.5868376352883797,0
TX001335,AC00304,train,-0.04143739878956493,0,-0.1361389454003965,0,-1.4728328344103474,0,-254.86864753924075,0,0.0,0,0.3895685396660965,1,4.887191085317845,0,-6.451896809492073,0
TX001706,AC00305,val,-0.07167378752583775,0,-0.12208909546473756,0,-0.23837118925927214,0,-463.0756247536544,0,0.0,0,0.265473870753643,0,6.404671198774564,0,-73.81820679229367,0
TX000484,AC00305,train,-0.051090236637959585,0,-0.13331917609651622,0,-1.0506975815953083,0,-368.86024247133304,0,0.0,0,0.4291230457501977,1,7.688151190731751,0,-59.668559490758064,0
TX001365,AC00305,val,-0.06985391267233149,0,-0.22732317533590551,0,-0.9797056928244707,0,-455.0830306579254,0,0.0,0,0.18243080376964313,0,4.515667070354021,0,-20.73540113879952,0
TX001846,AC00305,val,-0.006123063089611858,0,-0.18495178523671796,0,-0.46354143694104444,0,-97.97751751202259,0,0.0,0,0.6029600872329292,1,8.933459385784168,0,20.65476799174527,1
TX001619,AC00305,train,-0.04945054065405802,0,-0.07264471232937919,0,-0.8654973909854942,0,-434.8932404256389,0,0.0,0,0.4229034577533482,1,4.916171506258378,0,13.959382400350702,1
TX001748,AC00305,train,-0.020852504462344212,0,-0.16758640602788843,0,-1.7614244770923673,0,-326.21056419668764,0,0.0,0,0.36232689733683526,1,4.918413281696336,0,-10.361610559915626,0
TX002423,AC00306,train,-0.09580072244516358,0,-0.1958682959197926,0,-1.1297242865441959,0,-469.07435886360435,0,0.0,0,0.2151132544358331,0,4.661783338168797,0,-76.77266585295428,0
TX000305,AC00306,train,-0.08790088867228463,0,-0.244181076198976,0,-1.7068639345937928,0,-466.9481935245796,0,0.0,0,0.36783290998465706,1,6.775727157818202,0,-63.397533682677405,0
TX000399,AC00306,train,-0.10499031544807785,0,-0.2660487854441934,0,-2.7379810059463647,0,-474.88041283555174,0,0.0,0,0.046172203361304606,0,2.495442580965901,0,-28.41617536880339,0
TX002426,AC00306,train,-0.09283103725351532,0,-0.25442642663159953,0,-2.6600020930238184,0,-477.7981373117727,0,5.960464477539063e-08,0,0.05125456559111769,0,3.594714778261909,0,-27.433067033482306,0
TX001131,AC00306,train,-0.09263519118745822,0,-0.2603483573627102,0,-2.0663090545242806,0,-465.0595049736321,0,0.0,0,0.03665059250506581,0,3.024853805635584,0,-26.568224188697403,0
TX000481,AC00306,train,-0.07436459355632741,0,-0.11161929222509137,0,-2.0875214632964916,0,-451.95028933047644,0,0.0,0,0.41024792234392443,1,4.912383585281054,0,-17.719134383542897,0
TX000260,AC00307,train,-0.050239637268109816,0,-0.19901675397643026,0,-0.4917402415441483,0,110.63172334012762,1,1.6858739404357614e-07,0,0.5414888769044206,1,10.549837579491815,0,-67.06951614367455,0
TX000834,AC00307,train,-0.06097248075239553,0,-0.17067176989506416,0,-1.924370549852453,0,-461.84895608390553,0,1.1920928955078125e-07,0,0.3841478095848322,1,5.748455755656317,0,-61.92385815887686,0
TX000456,AC00307,train,-0.0828040846379347,0,-0.18832299117585038,0,-1.3696083420222358,0,-450.64783121624384,0,5.960464477539063e-08,0,0.1985325917998386,0,4.037025711331918,0,-16.997561340310487,0
TX002398,AC00308,train,-0.11488129328204155,0,-0.2621275316942274,0,-2.1674760571100613,0,-477.31654595279934,0,5.960464477539063e-08,0,0.03398009854369753,0,3.791216315473991,0,-80.56496047668512,0
TX002399,AC00308,train,-0.06322073717403792,0,-0.14284895053900004,0,-1.423598358058877,0,-455.59405863108645,0,1.1920928955078125e-07,0,0.37622743158622396,1,6.295458969099684,0,-60.872537918689396,0
TX001164,AC00309,train,-0.0806553483067094,0,-0.15881427055863506,0,-1.1053184550187787,0,-439.5426995604029,0,0.0,0,0.2850855943604572,0,5.323731124580107,0,-71.48688206899052,0
TX001552,AC00310,train,-0.07869953346915931,0,-0.24157741440677039,0,-0.9225920555426868,0,-451.1097160608769,0,0.0,0,0.33843151426021234,1,6.301197310052922,0,-77.73641719850743,0
TX002067,AC00310,train,-0.05560559755869837,0,-0.2587888811279264,0,-0.8076548968796207,0,-452.48827793150116,0,0.0,0,0.3899208213858493,1,11.768815212765125,1,-62.030842466727975,0
TX001526,AC00310,train,-0.05052552127317034,0,-0.22807637396464386,0,-0.8587597264376772,0,-350.5500796007818,0,0.0,0,0.5696848898802197,1,9.904105904203865,0,-11.045420861663525,0
TX001103,AC00310,train,-0.02944677036019555,0,-0.14433906298554455,0,-1.6920139884736098,0,-446.6592615458692,0,8.429369702178807e-08,0,0.3677547884231188,1,5.081566876327018,0,-14.49988120968141,0
TX001042,AC00310,train,-0.04410646525860773,0,-0.20453457347725457,0,-2.5822501647284586,0,-121.49917391963879,0,0.0,0,0.20102897088609237,0,4.709401068905132,0,-7.376681708425525,0
TX000092,AC00310,train,-0.035730355378706224,0,-0.09551806504019367,0,-2.105180226128029,0,-413.8811677037981,0,0.0,0,0.4588527986858078,1,4.988865142805839,0,10.269299050039006,0
TX000318,AC00310,train,-0.07973989212583321,0,-0.25724872580524194,0,-0.8596769612633537,0,-253.86006035520842,0,0.0,0,0.47300484804440285,1,9.547738912684002,0,-11.291165017778406,0
TX001408,AC00311,train,-0.0997792871776148,0,-0.21603441571844928,0,-2.473094510239779,0,-476.74598073985555,0,0.0,0,0.23613633596882636,0,5.212484210428074,0,-81.2978990230535,0
TX002489,AC00311,val,-0.08063740893122373,0,-0.20713536862638193,0,-0.7986116601296551,0,-456.90594076092856,0,0.0,0,0.428133537707337,1,8.655940923725336,0,-58.08925490651012,0
TX000123,AC00311,val,-0.08013896103220236,0,-0.2175744759709921,0,-0.35487980543552844,0,-170.1652652259433,0,0.0,0,0.5074029482896966,1,5.534833080631428,0,11.665057071789752,0
TX001990,AC00311,train,-0.09986650182268603,0,-0.2134351783600894,0,-1.762575226817166,0,-462.4190462465508,0,0.0,0,0.15353137841606815,0,3.620018323502033,0,-22.364181257455858,0
TX000538,AC00311,train,-0.08911027984048348,0,-0.2461328616771099,0,-2.34276151356819,0,-467.51641309306683,0,0.0,0,0.09594270614792064,0,4.674662444918934,0,-28.395964232232323,0
TX001008,AC00311,val,-0.08173164903312158,0,-0.2447438093797787,0,-2.5424885229697907,0,-466.84524126797436,0,0.0,0,0.10797948261870578,0,3.2494173920467246,0,-27.563122589564408,0
TX000683,AC00312,train,-0.08037344843683986,0,-0.13294939119180982,0,-0.06639817072989196,0,-466.24559703665267,0,0.0,0,0.28059139247735915,0,6.456673145927595,0,-76.02160930105792,0
TX001354,AC00312,val,0.0868411400464556,1,5.660965541100501,1,9.1508453447228,1,62394.201685710155,1,128.0219999158857,1,0.9708530990466578,1,140.9415893564993,1,1692.2084433296618,1
TX000606,AC00312,train,0.029834543169226402,1,0.004837173724146826,1,0.9082401648784479,1,-276.4384783936643,0,0.0,0,0.5110024559870802,1,8.686075603385396,0,20.023691231017292,1
TX002459,AC00312,train,0.002292223111835967,1,0.11935743930655196,1,-0.12097191242660443,0,-266.2474317250783,0,1.1920928955078125e-07,0,0.5816918503743548,1,7.182428920775345,0,4.3017463009095245,0
TX000030,AC00313,train,-0.10093151214416723,0,-0.22151580145010885,0,-0.8744123007151998,0,-466.9864084354127,0,1.1920928955078125e-07,0,0.18611367369715323,0,5.338837615054696,0,-76.30594830787689,0
TX001690,AC00313,train,-0.014116420394173712,0,-0.10434766659949957,0,-0.40674914251379235,0,-395.78959847433185,0,1.1920928955078125e-07,0,0.36758269919585584,1,4.968756255966365,0,9.172080771383097,0
TX000526,AC00313,train,-0.0010728222143669974,0,0.3695641709078681,1,2.6616495265988567,1,46.20210320814891,1,8.997624565364465,1,0.7958027617653204,1,13.452698244274755,1,51.03129211747509,1
TX001812,AC00314,train,-0.11115041116212587,0,-0.2561850735551645,0,-0.9397299711926141,0,-469.89639484518074,0,8.429369702178807e-08,0,0.07037085659172218,0,5.079137072535372,0,-76.84801909688227,0
TX002257,AC00314,train,-0.09299372841880155,0,-0.2538356306083215,0,-1.6486683342135215,0,-458.66031983768033,0,0.0,0,0.3299383764613513,1,5.85903011875385,0,-64.0510149702462,0
TX000542,AC00314,train,-0.0652535665934248,0,-0.21126211621996038,0,-1.3808365922795023,0,-453.1231854410458,0,0.0,0,0.15139010082162865,0,3.746356433074719,0,-18.707477353462213,0
TX000226,AC00314,train,-0.04766364294350928,0,-0.04409786461485998,0,-0.7326018955480791,0,-444.8135419219856,0,0.0,0,0.5071953632370189,1,7.388779247869168,0,-15.476687313661163,0
TX002458,AC00315,val,-0.0674938940339384,0,-0.22013274049218667,0,-0.9799604647967559,0,-397.84122291664164,0,0.0,0,0.15832534070053617,0,5.206886070666342,0,-23.722550415508998,0
TX001390,AC00315,train,-0.02026701297838246,0,-0.037190059366743355,0,1.933372019546007,1,392.14473225200203,1,7.982305890719922,0,0.7509688339198968,1,9.875537403135452,0,-138.3868007349702,0
TX002332,AC00315,train,-0.07120506845628782,0,-0.22011048946224654,0,-2.034512887410326,0,-465.6451750096259,0,1.0323827311807139e-07,0,0.19064161878967212,0,3.6894678857151466,0,-23.36035613699497,0
TX002241,AC00315,train,-0.10717311179658168,0,-0.26446949942432596,0,-2.1466854405923375,0,-471.1226902097442,0,5.960464477539063e-08,0,0.06185259367262911,0,3.4178957395913026,0,-26.486874675702285,0
TX001401,AC00315,train,-0.11461265049257374,0,-0.2711549539609591,0,-2.06324701935565,0,-472.2389365631434,0,0.0,0,0.07252327037422648,0,2.9412553603490843,0,-26.95061797465877,0
TX001369,AC00316,train,-0.06885806272958478,0,-0.2099139672950412,0,-0.9795877487151596,0,761.1984275932593,1,0.0,0,0.5570633786323803,1,9.378738943338535,0,-72.18122891225156,0
TX000330,AC00316,val,-0.08044272387933799,0,-0.2453514465043345,0,-1.0391555317050347,0,-467.59889682080933,0,0.0,0,0.32720960617185507,1,9.437439476757719,0,-64.72737567713912,0
TX000976,AC00316,train,-0.05285400028849235,0,-0.1715008245860925,0,-1.637264374697656,0,-430.86274325182126,0,0.0,0,0.3783729265426979,1,5.307631737436528,0,-15.636645657257407,0
TX000808,AC00316,train,-0.043456046464037834,0,-0.08859860109528817,0,-2.094893348118145,0,-438.0796895462234,0,0.0,0,0.4545691772866325,1,5.3108237637994655,0,8.370204045348228,0
TX000376,AC00316,train,-0.02129137217085436,0,-0.07778967013370042,0,-0.6021757383387492,0,-337.80821633529354,0,0.0,0,0.5133710044802253,1,8.346230328991195,0,-1.4118617114588727,0
TX000544,AC00316,val,-0.009878322108694215,0,-0.15299421836493488,0,-1.2911463694653182,0,-154.9501909909327,0,0.0,0,0.5631761976765449,1,9.116407850311127,0,77.74878369373674,1
TX001607,AC00317,train,-0.0575569782887263,0,-0.2289313554296537,0,-1.2975059232491972,0,-447.0917396965678,0,0.0,0,0.4125413568014246,1,6.441462062367172,0,-77.695291314934,0
TX000559,AC00317,train,-0.07045026734862453,0,-0.26238719310444325,0,-0.8992977321896056,0,-452.2956285558096,0,0.0,0,0.4045916081690397,1,11.771427705380374,1,-63.175851026176474,0
TX002482,AC00317,train,-0.08893507055969219,0,-0.1884640223791485,0,-3.0033239170656962,0,-464.1225117875431,0,0.0,0,0.3756549982958691,1,4.073868016201429,0,-22.657515652724644,0
TX000947,AC00317,train,-0.06689219618385184,0,-0.21845933149440366,0,-2.816220608243926,0,-468.66373158369447,0,0.0,0,0.1606090158058883,0,3.8521240135782686,0,-24.330386225252813,0
TX002050,AC00317,train,-0.04420486082672581,0,-0.21779539604460396,0,-2.8512283987580513,0,-76.70154502886402,0,8.429369702178807e-08,0,0.3572478816718332,1,4.823128893033207,0,-6.352844764269428,0
TX001056,AC00317,train,0.03146824804515247,1,-0.08448659098810518,0,-1.7733201254617175,0,-407.19621630079763,0,0.0,0,0.42668172891609774,1,4.724941440363544,0,9.859858527205656,0
TX000017,AC00317,train,-0.012872812344627005,0,-0.20897543396899354,0,-2.7508755974913104,0,-251.79209534700792,0,0.0,0,0.4019584822811564,1,5.267641470808536,0,-7.654284154812803,0
TX000492,AC00318,train,-0.05660672530503269,0,0.06723785545144145,1,-1.065288825249299,0,-426.3777738776639,0,0.0,0,0.5295437859333885,1,7.323187643163499,0,-61.34296360078172,0
TX000112,AC00318,train,-0.09206833627620131,0,-0.2284584313678193,0,-2.0304089154492395,0,-476.4210465918727,0,0.0,0,0.37311731892350103,1,6.502422331578979,0,-66.78878706220077,0
TX001045,AC00318,val,-0.08003587664290951,0,-0.22146933207693098,0,-2.581886866822286,0,-470.96986155266984,0,0.0,0,0.18537988944450665,0,3.896819493951318,0,-25.04838949068201,0
TX001692,AC00318,val,-0.02890905394294041,0,-0.1790085106093453,0,-2.799839339675474,0,-448.39577803470274,0,0.0,0,0.37183413545345945,1,4.167708863896899,0,-19.34891921287747,0
TX000421,AC00318,train,-0.04902795796516285,0,-0.2057254349935389,0,-2.247644453961424,0,-436.75154698878714,0,0.0,0,0.35555882880998946,1,6.226329969989151,0,-20.222768878152774,0
TX000067,AC00319,train,-0.10707504116476779,0,-0.23977269265727963,0,-2.258593941921843,0,-476.75234506622365,0,0.0,0,0.16501086096260645,0,3.6616568737846396,0,-77.76010558021353,0
TX001788,AC00319,train,-0.12209974131237505,0,-0.24271696005546128,0,-2.6858906135064213,0,-479.040984094696,0,5.960464477539063e-08,0,0.10018535726775211,0,3.2482920919508422,0,-65.08323479559901,0
TX000264,AC00319,train,-0.07510555273261466,0,-0.15827659547273432,0,-2.870549022952611,0,-469.0293982798625,0,0.0,0,0.35916799960292706,1,4.7970192189214,0,3.421020006976302,0
TX000825,AC00319,train,-0.09929624936101145,0,-0.24575599856603225,0,-2.3180772291763336,0,-474.2080017621252,0,0.0,0,0.07137577778424987,0,3.1393294651284616,0,-25.096908283233905,0
TX000814,AC00319,train,-0.06280086064324703,0,-0.21020930177731367,0,-3.1381150708108265,0,-358.05556677318094,0,0.0,0,0.3344775487939609,1,4.24763858119181,0,-22.407207603004156,0
TX001714,AC00320,val,-0.09702156183344696,0,-0.24352990065414493,0,-1.164296719216523,0,-473.9261401081597,0,0.0,0,0.09213078690211773,0,4.705123975721501,0,-78.95397586875809,0
TX002462,AC00320,train,-0.1035417998521122,0,-0.2510762915252024,0,-1.7227761176022618,0,-463.3002471781671,0,0.0,0,0.3697883242706632,1,6.393094331241363,0,-61.474588772390284,0
TX000936,AC00320,train,-0.08754445936367328,0,-0.15967411456824587,0,-1.226279504234844,0,-465.08936520328996,0,0.0,0,0.33713747299993785,1,4.038755381943904,0,-21.470895559750257,0
TX001883,AC00320,train,-0.09759087625224361,0,-0.21891887907969831,0,-1.9952797881498654,0,-460.1938109457652,0,0.0,0,0.15748094630599999,0,3.959411873092756,0,-19.182143200883512,0
TX000130,AC00320,val,-0.06118784946434175,0,-0.20197778936175093,0,-2.4831017560410373,0,-434.0231013726064,0,0.0,0,0.37923635159314045,1,6.461630088008016,0,-15.242540577072575,0
TX000186,AC00321,train,-0.0970645932070393,0,-0.21996773077715837,0,-1.8606021275406839,0,-468.62573134710107,0,0.0,0,0.2906742636204855,0,5.012961954755121,0,-76.9591053249909,0
TX000854,AC00321,val,-0.09245676937120367,0,-0.22219459554967957,0,-1.3370442961675266,0,-457.8139324930044,0,0.0,0,0.3931360402504661,1,7.24393139909553,0,-58.808351398693866,0
TX002495,AC00322,val,-0.07511123273801157,0,-0.06435888285317914,0,-1.3581957566668343,0,-452.59016353386335,0,0.0,0,0.4191258416319206,1,5.905526196915404,0,-69.48885052276121,0
TX002509,AC00322,val,-0.08344827236721647,0,0.04739250301164066,1,-0.9461472398040289,0,-420.04267130888724,0,0.0,0,0.614163950667403,1,8.500603108080645,0,-38.26014097425488,0
TX000555,AC00322,val,-0.11673109014340216,0,-0.25095140932824234,0,-2.4003120583344995,0,-470.12907337405414,0,0.0,0,0.10417355980593125,0,3.144590579656861,0,-22.232394128467927,0
TX002294,AC00322,train,-0.08166178377346034,0,-0.14867380044019796,0,-1.6460391783318347,0,-458.13529759080575,0,0.0,0,0.3676365081536484,1,4.340890658608146,0,-19.541564639166896,0
TX000372,AC00322,val,-0.09995458747577252,0,-0.2587048675332616,0,-2.1940382931872104,0,-472.4422156035706,0,0.0,0,0.07668885768418368,0,3.3211990066752746,0,-29.23299029492549,0
TX002323,AC00322,val,-0.040573511252426864,0,-0.15243593007080558,0,-2.191566552679161,0,-442.3449820599838,0,0.0,0,0.458573055533138,1,7.032186691196327,0,-21.66790260805683,0
TX000387,AC00322,train,-0.0863128416220445,0,-0.2343429796090053,0,-1.9610852668165535,0,-452.77313285046154,0,5.960464477539063e-08,0,0.12330074468537358,0,3.5700437048515736,0,-24.276851515523855,0
TX001263,AC00322,val,-0.06332780458590942,0,-0.19590591894411236,0,-2.259404233720554,0,-418.69480434403175,0,0.0,0,0.3424176736085103,1,4.286105032602903,0,-19.95011136180074,0
TX001679,AC00322,train,-0.06358260900078921,0,-0.18015963205455288,0,-1.8897685245964766,0,-409.66277767172386,0,0.0,0,0.39398049628737575,1,5.467570842414466,0,-20.317153673689862,0
TX000784,AC00323,train,-0.09890731806278691,0,-0.2069071467929653,0,-2.0537449206676577,0,-473.49764440104815,0,0.0,0,0.2199223500744465,0,3.664976326922101,0,-74.86089559240486,0
TX001019,AC00323,train,-0.11027380220059602,0,-0.2484729758918094,0,-1.9624334287496925,0,-475.5337463982317,0,5.960464477539063e-08,0,0.14405407483160723,0,3.7485305159734805,0,-64.17313935642025,0
TX001525,AC00323,val,-0.03405385945292544,0,-0.13690223669729717,0,-1.2307849188696025,0,-445.23247617831976,0,0.0,0,0.38281669232520826,1,5.111224699116022,0,-14.581673482189313,0
TX000671,AC00323,val,-0.057377263205951545,0,-0.24144126329559823,0,-2.25705242228498,0,-455.21139296325845,0,0.0,0,0.1931912189307564,0,6.977294705469435,0,-22.25120232962245,0
TX000771,AC00324,train,-0.108704637118267,0,-0.24224278144699318,0,-1.6618962355179612,0,-476.6913052210317,0,0.0,0,0.156897192665415,0,4.087495474433279,0,-79.75108599077144,0
TX001538,AC00324,val,-0.09964671273567999,0,-0.1838184930377531,0,-1.0808117237943193,0,-409.6083374319006,0,0.0,0,0.49324968151426846,1,8.965448335141907,0,-38.25198060517063,0
TX001625,AC00324,train,-0.0785479138984091,0,-0.18013977020890581,0,-3.0536936074914536,0,-428.34180162202716,0,8.429369702178807e-08,0,0.4088989116531773,1,4.904787222821428,0,-5.129433438194016,0
TX002260,AC00324,val,-0.05692692144917466,0,-0.23590773840006385,0,-1.597108849161378,0,-459.3942044437157,0,5.960464477539063e-08,0,0.14080863345193878,0,3.4706020670401556,0,-19.041496423879263,0
TX002184,AC00324,val,-0.08047171116514407,0,-0.23988967523850357,0,-1.9576574395452102,0,-461.9210387052712,0,0.0,0,0.09696338721735194,0,3.8841017698133453,0,-20.982599339435463,0
TX002140,AC00325,train,-0.09837470057528969,0,-0.225702092625079,0,-2.1570015724547016,0,-474.25455219660194,0,0.0,0,0.22835429121606193,0,5.472058525038922,0,-79.9250619587141,0
TX000064,AC00325,train,-0.04923423907709934,0,-0.1168388667664122,0,-2.2858413164722684,0,-306.29981941122,0,0.0,0,0.4856609680281137,1,6.31970409244737,0,-55.20626129255503,0
TX002251,AC00325,train,-0.03198695126088341,0,-0.11511869746736969,0,-2.6202383277618146,0,-439.6659428505269,0,8.429369702178807e-08,0,0.45547177054128796,1,4.929384151511179,0,8.65492466329243,0
TX000500,AC00325,val,-0.047656395664176454,0,-0.2096459698460973,0,-2.4351639723331537,0,-441.9182983898603,0,0.0,0,0.33292594832175043,1,4.3032398041970215,0,-11.049917352588677,0
TX002451,AC00325,train,-0.09063256971817762,0,-0.19456904994152513,0,-2.121315481801533,0,-453.98067377357523,0,8.429369702178807e-08,0,0.3461550309222031,1,4.387434585541794,0,-22.267601166667905,0
TX002349,AC00326,train,-0.09455732491158525,0,-0.20442567571266035,0,-2.5721987533506336,0,-467.6878847616126,0,1.1920928955078125e-07,0,0.31329618258418235,0,6.491332662098117,0,-80.68295219626826,0
TX000745,AC00326,train,-0.07767782134200846,0,-0.18659579508105484,0,-2.764917110645772,0,-468.03166220896225,0,0.0,0,0.36977651650931703,1,4.339762024664338,0,-60.64824051649105,0
TX001251,AC00326,val,-0.04955286611516102,0,-0.18548557645300368,0,-2.696949524868785,0,-466.09938314363853,0,8.429369702178807e-08,0,0.36991886237235505,1,4.214912047968058,0,-12.076287525971123,0
TX000498,AC00326,train,-0.08550999326255915,0,-0.2568565598146725,0,-3.0174880485550055,0,-451.92289379128545,0,0.0,0,0.07075868227792106,0,2.928198124149113,0,-26.861597256558394,0
TX000395,AC00326,train,0.006997766120693694,1,-0.0807286054969858,0,-0.48140062217376567,0,-405.5048173594158,0,0.0,0,0.4574920607039569,1,5.586125958906186,0,12.036047257701238,0
TX000858,AC00327,train,-0.08656313498165513,0,-0.20797147508032188,0,-0.20501993986067468,0,-469.8719340249823,0,0.0,0,0.21905762399446133,0,6.267587308825411,0,-77.31382396937374,0
TX000369,AC00327,train,-0.04167780335705279,0,0.09278168166385692,1,0.7802537442454458,1,984.6371398869239,1,4.860862101966337,0,0.637830181062598,1,16.666731234540183,1,-125.12654911711897,0
TX002364,AC00327,train,-0.06564189410449905,0,-0.24451411911464782,0,-1.384117451504741,0,-443.26868462048566,0,0.0,0,0.11017507563398095,0,3.6679374867974723,0,-16.153956893725482,0
TX000507,AC00327,train,-0.062130807346865824,0,-0.22075907252054283,0,-2.4440601393055967,0,-449.1390091501284,0,0.0,0,0.36972896450915005,1,5.95050510721897,0,-14.850618480792333,0
TX001979,AC00327,train,-0.004983125400121802,0,0.009515948821388287,1,-0.9307716781674529,0,338.62077205598194,1,1.6858739404357614e-07,0,0.5324145444895672,1,8.360625523222241,0,12.034259397928533,0
TX001779,AC00327,val,-0.05517680606398595,0,-0.25602535913363345,0,-1.0963737068177846,0,-296.8683579193861,0,0.0,0,0.4876618326068899,1,8.95587112607551,0,-3.573704457886288,0
TX001936,AC00328,val,-0.09700885238069401,0,-0.20305974629708823,0,-1.4850072097740998,0,-465.2573061597535,0,8.429369702178807e-08,0,0.18201489415216707,0,4.889356360708321,0,-74.55275780664118,0
TX000681,AC00328,train,-0.08572390279362718,0,-0.24762752598220006,0,-1.711197410698528,0,-473.8529128018594,0,0.0,0,0.16716014899905496,0,5.692030282497894,0,-64.61844895631558,0
TX002324,AC00328,train,-0.09505630924367542,0,-0.26547374056396844,0,-2.465760354096357,0,-477.37934957901535,0,0.0,0,0.09645227928077436,0,3.084717357965848,0,-27.989400062437117,0
TX001105,AC00328,train,-0.049248167023390244,0,-0.21950997905973324,0,-1.9171298453288497,0,-451.4234696683485,0,0.0,0,0.1856272329448871,0,3.602110559987452,0,-17.97377868974126,0
TX001232,AC00328,train,-0.1154368810682096,0,-0.27551269578451576,0,-1.4747315982420286,0,-466.87173919618607,0,5.960464477539063e-08,0,0.03292340750456815,0,3.334068428459913,0,-26.45568102971252,0
TX000930,AC00329,train,-0.1033350689616393,0,-0.25340331161523233,0,-0.3791350313387376,0,-472.5702256357294,0,1.1920928955078125e-07,0,0.0,0,6.188073816925277,0,-79.4382637442388,0
TX001012,AC00329,train,0.019019071228286166,1,10.349896365553999,1,8.232723839033742,1,195863.5215684835,1,223.55378394796855,1,0.9865318793088442,1,237.66324528304906,1,-214.92072080208538,0
TX001273,AC00329,train,-0.026822184307053965,0,-0.2184833739785237,0,-0.5008064205120171,0,-422.8812978355855,0,1.1920928955078125e-07,0,0.1569010025031486,0,4.448681791159145,0,-8.528328269902733,0
TX000485,AC00329,train,-0.044940802698783366,0,-0.19994671637714823,0,-1.679211556982553,0,-387.04448934468513,0,0.0,0,0.39914085624420576,1,7.4049794588287865,0,10.956054506162712,0
TX001324,AC00329,train,-0.09762060660818062,0,-0.22292164088362365,0,-2.311307031790701,0,-459.86196950084974,0,8.429369702178807e-08,0,0.1517307163502084,0,3.796772234951678,0,-21.152272918579133,0
TX001992,AC00329,val,-0.07494670463167441,0,-0.18055044856978109,0,-1.4746264450045423,0,-450.77110575722514,0,0.0,0,0.32681758103589525,1,3.948567901268993,0,-21.080246537735537,0
TX000765,AC00329,train,-0.056322773485882494,0,-0.2208597323546193,0,-2.7481817920858536,0,-279.1361617034269,0,0.0,0,0.33334822328077984,1,4.314040764016669,0,-15.385709290315422,0
TX000381,AC00329,val,-0.0484439667165979,0,-0.23450704178748194,0,-2.0223486550714007,0,-404.511456526977,0,0.0,0,0.15418157028974008,0,3.425396586327009,0,16.824658119177922,1
TX002246,AC00329,train,-0.08173541577319937,0,-0.21774257054714763,0,-1.6264602378197743,0,-443.7754395921116,0,0.0,0,0.19142135753747172,0,3.9875458605464407,0,-17.863023973231204,0
TX001088,AC00330,train,-0.10522652898781343,0,-0.2714127465556344,0,-2.4211474999435882,0,-478.9689148948819,0,0.0,0,0.16196284277885856,0,4.415168700955824,0,-80.55887738197436,0
TX001257,AC00330,train,-0.05452352779299635,0,-0.1683157006215028,0,-2.4739953145380014,0,-449.75917780393763,0,1.1920928955078125e-07,0,0.39923140699849474,1,4.746630252278769,0,-56.13335286943766,0
TX000688,AC00330,train,-0.09588228463078519,0,-0.23046341356417765,0,-2.353326854714915,0,-476.8074886139524,0,0.0,0,0.1104827639432869,0,3.4492273670564306,0,-18.513201729989024,0
TX002215,AC00330,train,-0.07495869175709108,0,-0.26347532101088234,0,-2.0927589244851976,0,-459.31362111751326,0,0.0,0,0.12931507810824733,0,2.9758928698487717,0,-21.887796802292936,0
TX001143,AC00331,train,-0.08148698082137801,0,-0.20993126878667567,0,-2.1576413313452107,0,-468.03673784773326,0,0.0,0,0.3459713511524092,1,6.929120715204771,0,-79.68502707661153,0
TX000170,AC00331,train,-0.07652010966449924,0,-0.20513992700035666,0,-2.2098582812808267,0,-468.07063319601923,0,0.0,0,0.4002892720767199,1,7.321415853293071,0,-62.796970443308595,0
TX002054,AC00331,train,-0.02493971870648043,0,-0.09776909872847273,0,-1.99417262636147,0,-440.4551711716813,0,0.0,0,0.450811866493685,1,4.923582055607415,0,5.935360432379529,0
TX000359,AC00331,train,-0.11148942244749988,0,-0.2598693943130823,0,-2.3654323725169704,0,-472.94536660060413,0,0.0,0,0.0720874423327425,0,3.0290424995529586,0,-26.777757714377433,0
TX001078,AC00331,train,-0.02238097994974303,0,-0.2240300800811792,0,-1.0332233240576336,0,-289.46008625256565,0,2.384185791015625e-07,0,0.555174412732848,1,7.141442282479461,0,-14.621946360814187,0
TX001618,AC00331,train,0.006039295812143464,1,-0.1305325097776111,0,-1.292612978141781,0,-340.6934753855543,0,0.0,0,0.3743073630008291,1,4.676809894485584,0,9.621912378517347,0
TX002310,AC00331,train,0.01816273799326662,1,0.08082508704758906,1,-0.21309202280609085,0,-176.24936634758933,0,0.0,0,0.5120321432214457,1,5.940521183539471,0,23.695875984178098,1
TX000337,AC00332,train,-0.114621750812055,0,-0.2833862461172739,0,-1.3135243001726646,0,-482.76853802231335,0,0.0,0,0.0,0,4.55710294023415,0,-81.44405320465526,0
TX002230,AC00332,train,-0.07878335556209842,0,-0.23518958844661841,0,-1.3822078112918401,0,-450.521631165197,0,0.0,0,0.42798260686296574,1,5.137253173296231,0,-59.90631610058793,0
TX002002,AC00332,train,-0.07966582949730172,0,-0.24362490092856315,0,-2.8370528050933217,0,-419.7292288309474,0,0.0,0,0.1764298187394363,0,3.445274300896304,0,-25.29144121383594,0
TX000168,AC00332,train,-0.027455856761014252,0,-0.13652640710005604,0,-2.9778043480469307,0,-283.72951399411187,0,0.0,0,0.4089253355073218,1,4.3591638329078215,0,13.099997217304587,1
TX001681,AC00332,train,-0.08158632502939295,0,-0.21731665371536302,0,-2.494235242796373,0,-316.4596780961865,0,0.0,0,0.32434109105669473,1,4.062376689821135,0,-15.723783862402687,0
TX001092,AC00332,train,-0.0986708040585581,0,-0.2183344309071169,0,-2.3356458784181484,0,-429.03196157681134,0,0.0,0,0.1903225172866374,0,3.9649003969297216,0,-17.87760228087078,0
TX000367,AC00332,train,-0.04382678654383293,0,-0.1735892634158509,0,-1.8680771697287764,0,-435.8574611533236,0,0.0,0,0.3377546776386672,1,4.2201018719369126,0,-17.713363103641495,0
TX001079,AC00332,train,-0.08359803642859981,0,-0.24504107658743068,0,-2.1555177716388236,0,-441.56336597940015,0,0.0,0,0.16795231127283436,0,3.76430629292802,0,-23.44404427465312,0
TX000423,AC00333,train,-0.09898882433954492,0,-0.17214262272044456,0,-1.5319544996641472,0,-469.2136155691163,0,0.0,0,0.2833012324943876,0,4.571351604428348,0,-71.68519702349514,0
TX000149,AC00333,train,-0.10137683866545627,0,-0.24072606260355078,0,-1.4974072022624565,0,-459.12866415748243,0,0.0,0,0.3726604821024024,1,5.808590937694108,0,-60.965141006182414,0
TX001732,AC00333,train,-0.04233352383065159,0,-0.20893837126097603,0,-1.295333623361703,0,-435.0489942593425,0,0.0,0,0.419271268597782,1,4.959821891578098,0,4.899255422808832,0
TX001630,AC00334,train,-0.1163251970894899,0,-0.2612983231255219,0,-2.0166363753645715,0,-479.6701180687287,0,0.0,0,0.0,0,4.343754461870159,0,-81.79696400422105,0
TX002097,AC00334,train,-0.10078828758693048,0,-0.18168507093588482,0,-2.65012326155181,0,-465.6103269543076,0,8.429369702178807e-08,0,0.38677553554783567,1,4.339657884850434,0,-60.685370745745445,0
TX001228,AC00334,train,-0.013125508809675446,0,0.00750932563300144,1,-1.5052825087894899,0,-433.1355829681993,0,0.0,0,0.5187753488658182,1,6.059773045714591,0,-9.87765267960609,0
TX001352,AC00335,train,-0.1157127940437509,0,-0.2633262589996721,0,-2.319856838436735,0,-14.085913359012352,0,0.0,0,0.01006060076823399,0,3.4241238703642662,0,-79.59045482842808,0
TX001672,AC00335,train,-0.06180489574185538,0,0.003331636152367645,1,-0.10689581076703192,0,-433.8599496200923,0,0.0,0,0.4788791937560455,1,7.276614545241711,0,-49.02509368290373,0
TX000115,AC00336,train,-0.11565628096707598,0,-0.16999374996428318,0,-2.3493271848785344,0,-461.36374757802116,0,0.0,0,0.3068332184979481,0,5.800897736702011,0,-80.31628421309361,0
TX000982,AC00336,train,-0.020932201475919954,0,-0.07586205095753629,0,-1.9529539472447386,0,-342.10105877339174,0,0.0,0,0.4372218532711353,1,5.571740488822909,0,10.076550443943727,0
TX001903,AC00336,train,0.000763788969847079,1,-0.06570124946994138,0,-2.1416559614408754,0,283.1121317928269,1,1.6858739404357614e-07,0,0.5891126599617246,1,9.336226444234962,0,-3.071579948991422,0
TX000916,AC00336,train,-0.056204028929889405,0,-0.17579477579042768,0,-2.6411107879364284,0,-443.890999371547,0,0.0,0,0.4000981288578387,1,5.215558459015952,0,-20.498717879848957,0
TX001843,AC00337,train,-0.06530604439253734,0,-0.23512944460125995,0,-0.7189473657935022,0,-431.13324621954547,0,2.384185791015625e-07,0,0.35182659486640994,1,6.8764935806695995,0,-75.05303335977206,0
TX002229,AC00337,train,-0.0431393356234564,0,-0.21846552256576457,0,-0.5683614656863405,0,-444.02304148497245,0,0.0,0,0.4715302036620297,1,11.748114326288622,1,-62.03340260966914,0
TX001021,AC00337,train,-0.024420570616421,0,-0.12784630902008498,0,-2.302264839763776,0,-403.68245044630055,0,0.0,0,0.45208755078572127,1,6.041297869064594,0,11.735916527379398,0
TX001934,AC00337,train,-0.08208049756040736,0,-0.18908040626392775,0,-2.8945683967280207,0,-456.02650379499335,0,8.429369702178807e-08,0,0.3718901280568314,1,4.61608178378402,0,-21.535491928381788,0
TX002325,AC00337,train,-0.06679536604302905,0,-0.20137706794860577,0,-2.8838561453968694,0,-353.27210726706056,0,0.0,0,0.35877946033617725,1,4.494648408923904,0,-18.39977962466122,0
TX001609,AC00337,train,-0.07307389179281903,0,-0.21690920368935585,0,-2.4225138710420318,0,-442.8044971671375,0,8.429369702178807e-08,0,0.1631403691417109,0,4.508013482185826,0,-17.573981890994038,0
TX000248,AC00337,train,-0.06790979593739627,0,-0.17903839215203488,0,-3.155434231748023,0,-414.56431412783763,0,0.0,0,0.4029168937914305,1,5.28964243978278,0,-12.248383253942402,0
TX001030,AC00337,train,-0.00598584089107701,0,0.002464708842008445,1,0.6631489897081426,1,324.1128619918772,1,6.897980169314984,0,0.7030968799254101,1,7.577984144069536,0,-138.38683043330195,0
TX001993,AC00338,train,-0.06573043610884516,0,-0.23566120814277935,0,-1.359201915197545,0,-455.7792493453707,0,0.0,0,0.30502591751046254,0,6.055681756297961,0,-79.18304152954893,0
TX001901,AC00338,train,-0.03544649891764046,0,-0.2512905396223988,0,-0.02933830594510667,0,-440.2926385560335,0,0.0,0,0.4720028804373783,1,14.464181057120882,1,-62.84060229232746,0
TX000266,AC00338,train,-0.038732975351241095,0,-0.18185755338491938,0,-1.396997997591848,0,-444.3132188140825,0,0.0,0,0.35629869980027046,1,4.450786863786106,0,-17.57487250363688,0
TX001487,AC00338,train,-0.05264846264210721,0,-0.173622958805842,0,-2.1116770143662738,0,-433.76108315532014,0,0.0,0,0.36651585579454826,1,4.032803951145611,0,-17.481379438506924,0
TX001789,AC00338,train,-0.0006244253699183577,0,-0.06726303301023662,0,-0.00032386968516640025,0,-318.4126276023844,0,0.0,0,0.5512727127122838,1,8.866441166538873,0,2.657610882558353,0
TX001366,AC00338,train,0.002315024375267871,1,-0.07698032439609626,0,-0.42658435654717586,0,-358.0659811980475,0,0.0,0,0.4861639294980118,1,6.624556226677697,0,-10.654808075124226,0
TX001385,AC00338,train,-0.013436115876582666,0,-0.1702511173756711,0,-1.0180701844741886,0,-335.65747926235764,0,8.429369702178807e-08,0,0.3757863681218267,1,5.311038120259172,0,-8.547622213745473,0
TX001192,AC00339,val,-0.09105545734577408,0,-0.18682870091660186,0,-2.190223053396677,0,-472.25855008253535,0,0.0,0,0.3051756119089354,0,6.744492406914318,0,-80.03290720338362,0
TX002299,AC00339,val,-0.022041560820589112,0,0.023673336517403554,1,-2.093447404244552,0,-407.54224153230103,0,0.0,0,0.5688404097863196,1,7.288318015614322,0,20.13461414021793,1
TX000529,AC00339,val,-0.039996135550380285,0,-0.16289552153837383,0,-1.8589062874142144,0,-441.877676753555,0,0.0,0,0.4345706135225172,1,5.804749614619931,0,-5.023873843756067,0
TX000999,AC00339,train,-0.08089688923931798,0,-0.240267167540283,0,-2.163835264908501,0,-438.0371280636594,0,8.429369702178807e-08,0,0.1271201916576847,0,3.9067704529177383,0,-20.68245432316981,0
TX000210,AC00339,train,-0.051388819095816995,0,-0.2575409017182668,0,-2.5241963347703127,0,-427.5128680071758,0,0.0,0,0.09464968923659087,0,3.072202077937114,0,3.5267802144718594,0
TX000991,AC00339,train,-0.08234137717126261,0,-0.254276031704479,0,-1.8863821730464352,0,-412.17738616369957,0,8.429369702178807e-08,0,0.05265534656783614,0,3.3418191224298703,0,-18.632617339492956,0
TX000792,AC00339,train,-0.06665284498923413,0,-0.22752638599730868,0,-1.408795651269518,0,-435.4626717022064,0,5.960464477539063e-08,0,0.15883313613445105,0,3.7082966107877313,0,-19.299373028334447,0
TX000821,AC00339,val,-0.06255250131757067,0,-0.1988400986332497,0,-1.8459770387180505,0,-424.3251485498197,0,0.0,0,0.32487105160576313,1,4.098204052389136,0,-20.500381513427417,0
TX001809,AC00339,train,-0.05750468909499512,0,-0.1460797094173143,0,-0.7734024010335858,0,-425.88824335630807,0,1.1920928955078125e-07,0,0.4161962791532775,1,5.633399991647177,0,-16.79650743048274,0
TX002424,AC00340,val,-0.051170910670540526,0,0.007884192109420818,1,-1.6040079049102438,0,-448.664573882255,0,1.1920928955078125e-07,0,0.4277801029083775,1,4.8790450000991665,0,-64.7485144977832,0
TX000354,AC00340,train,-0.095058223702297,0,-0.17542122139266003,0,-2.198475695654677,0,-454.1075037171887,0,0.0,0,0.3629552460580086,1,4.802117476690717,0,-56.6792066481623,0
TX000125,AC00340,train,-0.057101099978688785,0,-0.15757587949503526,0,-2.2179275902991016,0,-461.17106680275003,0,0.0,0,0.4043894184390562,1,4.8523722535121925,0,-11.828816424805087,0
TX001432,AC00341,train,-0.10583527701998757,0,-0.2061513770508503,0,-1.289722293701244,0,-472.02378780616124,0,8.429369702178807e-08,0,0.20738576045387264,0,4.317983705247067,0,-77.41682308317047,0
TX002010,AC00341,val,-0.0894195650079549,0,-0.15780486185647802,0,-0.716668247535118,0,-459.9327614071471,0,0.0,0,0.37588511787364126,1,4.895055184709577,0,-58.24121471738409,0
TX000384,AC00341,train,-0.08936459958086984,0,-0.2520868219008773,0,-0.8540197000586467,0,-464.4088015525483,0,0.0,0,0.10777045027594989,0,4.224533570245235,0,-23.63486480273927,0
TX001503,AC00341,train,-0.03821804912643523,0,-0.08789313706547364,0,-0.03946633053305426,0,-449.7162273986797,0,0.0,0,0.42349151771351073,1,6.474343854476861,0,-17.88409391583208,0
TX001786,AC00341,val,-0.06061545807415425,0,-0.19806653789757944,0,-1.3968565226642298,0,-465.8459315748784,0,0.0,0,0.31970528919963626,1,4.91232034520276,0,-24.304221546480225,0
TX000790,AC00342,train,-0.12023573596237197,0,-0.24260450815291135,0,-1.2188942509574758,0,-472.5318784418523,0,0.0,0,0.16251453441986616,0,4.66032866799932,0,-78.8203042616245,0
TX002384,AC00342,train,-0.1026639250024976,0,-0.23057115965327024,0,-2.745757733044085,0,-467.49761589249755,0,0.0,0,0.40313643949994654,1,5.641795479424936,0,-64.82801052816816,0
TX001174,AC00342,train,-0.11207268853263269,0,-0.2689733470700256,0,-2.43183265262355,0,-480.90617543348105,0,0.0,0,0.0,0,2.6935930247218574,0,-29.517620108390403,0
TX001344,AC00344,train,-0.11870417837447583,0,-0.2603890949449177,0,-0.9786675104851064,0,-472.1658055317369,0,0.0,0,0.022275920656262015,0,5.28773945171942,0,-79.00922004818625,0
TX002166,AC00344,train,-0.029441963323446563,0,-0.027555712247553377,0,0.35768222047393294,1,-50.76366009635922,0,0.0,0,0.6589399755396896,1,10.2253217719835,0,-50.34243399008233,0
TX001540,AC00344,train,-0.03382760017077868,0,-0.159575921248456,0,-1.4066916872596664,0,-408.7073624603555,0,0.0,0,0.35119358659336153,1,4.429099736347625,0,6.689909649267715,0
TX001673,AC00344,val,0.006510060368110415,1,0.0889729102563952,1,-0.2248903111328655,0,-368.0683795647272,0,0.0,0,0.6009600264012391,1,9.256397611602488,0,-2.2090557141166625,0
TX000234,AC00345,train,-0.11148420021987426,0,-0.22860267046442928,0,-0.7154529271405003,0,-468.50283790856156,0,0.0,0,0.1606874372163665,0,5.213086264422609,0,-76.33853486029038,0
TX001001,AC00345,train,-0.10284274416185402,0,-0.25810960612358247,0,-1.0082253929734772,0,-471.72854606913575,0,0.0,0,0.06276635872440511,0,3.8448491602869046,0,-64.40069865402796,0
TX001512,AC00345,train,-0.07946976685631424,0,-0.20548670470371921,0,-1.9649096310565568,0,-450.10831003806965,0,0.0,0,0.3572168641043233,1,6.185000757106089,0,-16.375381575800493,0
TX002393,AC00345,val,-0.10106195895487746,0,-0.2574598572773964,0,-2.4011065165767267,0,-474.87490558374816,0,8.429369702178807e-08,0,0.05125456559111769,0,4.3654352073814815,0,-28.006878312209764,0
TX000577,AC00345,train,-0.10343139970258602,0,-0.21986701552391485,0,-1.33718854205069,0,-457.31049645363225,0,0.0,0,0.1758004777056923,0,3.9524526637848223,0,-18.881173611491885,0
TX002022,AC00345,train,-0.05690052533562412,0,-0.2271291539562894,0,-2.36102074881002,0,-423.14057221453277,0,1.1920928955078125e-07,0,0.3490765585856951,1,6.711396942563775,0,-21.149761262431223,0
TX001111,AC00345,train,-0.06202544038964625,0,-0.16348754343751093,0,-1.753550548763096,0,-409.0788120549792,0,0.0,0,0.3971831079668804,1,4.705911017274605,0,-17.605123921686644,0
TX000522,AC00345,val,-0.07605894918512679,0,-0.1780391267583843,0,-2.0705258741576955,0,-417.34773387283957,0,0.0,0,0.34438102848404706,1,4.346557163534865,0,-22.13122465074495,0
TX001077,AC00345,train,-0.01625232602150417,0,-0.17776827862072508,0,-1.212984107863484,0,-226.95649433969783,0,0.0,0,0.35248642625579346,1,4.569046719983754,0,-8.63430620883631,0
TX001435,AC00346,train,-0.10922508503855177,0,-0.23029518554445305,0,-1.9909655503586023,0,-476.9304857283131,0,0.0,0,0.19192796299820014,0,3.957534117175334,0,-79.71599979455709,0
TX001198,AC00347,val,-0.1031342394225967,0,-0.09678736922489928,0,-1.8431262815625828,0,-455.20544300368795,0,0.0,0,0.351109322129419,1,4.139445051272461,0,-58.433693323048665,0
TX001915,AC00347,train,-0.09939777478578093,0,-0.17047363545294547,0,-1.9467408207877064,0,-466.18570091769925,0,8.429369702178807e-08,0,0.3857108549527719,1,3.7636097695766964,0,-57.91356495343757,0
TX002483,AC00347,val,-0.07774364211459062,0,-0.20226918874016064,0,-2.753209428738,0,-468.9142596978989,0,0.0,0,0.369169617983163,1,5.337137977061168,0,-17.94854838076344,0
TX000097,AC00348,train,-0.044290083897865096,0,-0.24045712645192263,0,-1.2912577154628657,0,2918.78441002431,1,0.0,0,0.40318883353939095,1,6.752860899494236,0,-72.08945275338019,0
TX001767,AC00348,train,0.00011549452510473124,1,-0.12802255707562948,0,0.00021469746654645405,1,-413.7005654537126,0,0.0,0,0.484380160839058,1,17.54089234278973,1,-61.01240669154873,0
TX000837,AC00348,train,-0.05374539579789178,0,-0.1611977850029671,0,-2.554512928117573,0,-437.179666935539,0,0.0,0,0.363629014595529,1,4.738318312734475,0,-16.537533598570878,0
TX001057,AC00348,train,-0.09095350908364763,0,-0.2448030317209018,0,-2.4691337318393813,0,-452.03615520701993,0,0.0,0,0.1323160041423027,0,3.8545268195064315,0,-22.205029483808463,0
TX000355,AC00349,train,-0.08074055476893921,0,-0.12691659993065585,0,-1.056988170644308,0,-454.1963563590488,0,0.0,0,0.2694079981888837,0,4.907031045397687,0,-69.3758970137251,0
TX002256,AC00349,train,-0.07345423983364952,0,-0.1900098751989756,0,-2.0661908308392256,0,-463.52592273303173,0,0.0,0,0.3319952305448427,1,4.735389989253276,0,-59.66351969297643,0
TX000135,AC00349,val,-0.09726783816056916,0,-0.19123257903429414,0,-2.2745351636830655,0,-470.9485033910099,0,0.0,0,0.3542150921430993,1,4.445832700688006,0,-21.103349008672627,0
TX001780,AC00349,train,-0.10676507385190431,0,-0.2654965888598251,0,-2.9578296795252648,0,-477.54820059533563,0,5.960464477539063e-08,0,0.04867769992155446,0,2.8659739184598383,0,-27.3928119717591,0
TX001835,AC00349,train,-0.10607055469880655,0,-0.25332140082700283,0,-1.9388939572109116,0,-463.3985748058558,0,0.0,0,0.09928405511336827,0,3.176681482907104,0,-25.043146734122622,0
TX002211,AC00349,train,-0.09093048878225335,0,-0.23579670550557164,0,-0.898594913215117,0,-445.32423243111987,0,8.429369702178807e-08,0,0.08568447694259403,0,4.034760583394605,0,-21.45794237816731,0
TX001953,AC00350,train,0.004747038183077867,1,0.07727672851309353,1,2.8532071898681535,1,-253.32527410493768,0,6.683688586758808,0,0.7474960172133348,1,19.504791115747302,1,-66.60975881621309,0
TX000480,AC00350,train,0.051678115495854104,1,0.7199763316221925,1,3.6009311319469877,1,-242.9405967909176,0,8.4006830232268,0,0.7404223674474877,1,28.186386554760254,1,-47.585916246221245,0
TX001351,AC00351,train,-0.11699973473474296,0,-0.25749349184726145,0,-2.0242453162716476,0,-478.39416200311354,0,0.0,0,0.15612376802402933,0,3.5817967264908117,0,-79.57722331833514,0
TX000442,AC00351,train,-0.0789779502318863,0,-0.1705207432879534,0,-1.2380956299347865,0,-458.1292271645391,0,0.0,0,0.3630829474304577,1,4.424174464097832,0,-55.89772913971443,0
TX001149,AC00352,train,-0.0609124436351568,0,-0.19818197407921456,0,-2.1924177236156908,0,104.80881344566404,1,0.0,0,0.3334996544642082,1,5.620109926512131,0,-61.77942595008238,0
TX000921,AC00352,train,-0.09582933546369143,0,-0.2562519491071772,0,-1.7828167814917961,0,-474.3280993872161,0,0.0,0,0.0,0,5.765158329363275,0,-64.049940167248,0
TX002008,AC00352,val,-0.059235778947215045,0,-0.10643799972399082,0,-2.407019276157751,0,-459.3270720196499,0,1.1920928955078125e-07,0,0.47065047740945737,1,5.3118503686292105,0,-15.89791247846674,0
TX001468,AC00352,val,-0.09659206953345373,0,-0.24334340984602365,0,-2.114658408286534,0,-468.0125616227261,0,0.0,0,0.1292575091516724,0,3.3547349322379922,0,-24.556979171772234,0
TX002188,AC00353,train,-0.11354196672553474,0,-0.2381580515242525,0,-1.6877858822041674,0,-476.5950601221208,0,8.429369702178807e-08,0,0.14545089473159264,0,4.060460903291768,0,-79.37588009701916,0
TX002113,AC00353,train,-0.08886167898056035,0,-0.22064354106013773,0,-1.2785483589640965,0,-462.78254735242353,0,0.0,0,0.20120215878144412,0,4.211012395590137,0,-60.459411061590835,0
TX001154,AC00353,train,-0.07852228914283799,0,-0.2304147429686756,0,-1.0338384778785397,0,-468.5450017539491,0,0.0,0,0.086370861933419,0,4.291596846345882,0,-26.38601178016125,0
TX000509,AC00353,train,-0.009644295389056867,0,-0.023796785978217994,0,-0.6345603743811843,0,-416.72963833547476,0,0.0,0,0.5100181889735097,1,5.942209752486764,0,11.95009361490423,0
TX001868,AC00353,train,-0.07016547781457416,0,-0.1894895252036195,0,-0.47036561168404667,0,-453.9856098154087,0,0.0,0,0.1968161330038562,0,4.555650883903843,0,-19.217004369936593,0
TX001806,AC00354,val,-0.09374488766784594,0,-0.238820355207366,0,-2.121339132070821,0,-471.8157349588388,0,0.0,0,0.22835429121606193,0,6.13406880634872,0,-79.96303750584195,0
TX000928,AC00354,val,-0.0691979201224428,0,-0.2327854408536063,0,-1.3184130922237944,0,-465.7493055665564,0,0.0,0,0.37702585103377156,1,7.727232398532527,0,-60.48632643695408,0
TX001689,AC00354,train,-0.037133205521231005,0,-0.1339710770907947,0,-1.6673618614339727,0,-449.6728409979185,0,0.0,0,0.44663072759073563,1,4.799213927551923,0,5.657270234920002,0
TX000777,AC00354,train,-0.10332289507060793,0,-0.2595092947122488,0,-2.525262227929204,0,-473.8903229689643,0,0.0,0,0.05279256599034533,0,3.0934268687464512,0,-27.40307995520757,0
TX000623,AC00354,train,-0.022732940752482944,0,-0.1843216674021062,0,-1.5785701074093321,0,287.1152608156977,1,1.1920928955078125e-07,0,0.42199939094683486,1,7.638172370229579,0,10.049132421540822,0
TX001816,AC00355,train,-0.10526638259135518,0,-0.2516110451839524,0,-1.970618255010585,0,-474.0654696264601,0,0.0,0,0.1801301496087112,0,3.934607573589437,0,-78.04879755699693,0
TX000957,AC00355,train,-0.1043006899580583,0,-0.17430561995957383,0,-2.962379534924425,0,-466.06923641525793,0,8.429369702178807e-08,0,0.3453075427551367,1,3.8738322349802767,0,-61.74593710839621,0
TX002157,AC00355,train,-0.06668122862643105,0,-0.15146373817917214,0,-1.9992597607197613,0,-445.933665943805,0,8.429369702178807e-08,0,0.4124690077928723,1,5.1091205844664245,0,-12.174226904248334,0
TX001699,AC00356,train,-0.10712447342585679,0,-0.264122208804897,0,-1.962721334750455,0,-475.9328913259191,0,0.0,0,0.14092520009136175,0,3.5193807999447277,0,-78.94390766008937,0
TX000551,AC00356,train,-0.08157288678961105,0,-0.22315884098665095,0,-1.3021308972041332,0,-460.8639476869141,0,0.0,0,0.3390275968253081,1,4.758643675286646,0,-57.52432796062539,0
TX001750,AC00356,train,-0.05771208576896947,0,-0.18908463645986884,0,-0.9062702730607874,0,-426.62820375261737,0,0.0,0,0.3398693804243596,1,4.120037733113356,0,-9.381571700546463,0
TX001238,AC00356,val,-0.03891456863330556,0,-0.20244772011211576,0,-2.1369699110368945,0,-435.6072589736602,0,0.0,0,0.42204534457163406,1,6.786536815595114,0,-9.779937768166025,0
TX001845,AC00356,train,-0.07981801231287572,0,-0.2356158007200999,0,-1.4676560964898986,0,-450.9083024057031,0,0.0,0,0.1588422497794909,0,3.88324629692568,0,-24.052561999412053,0
TX001069,AC00356,train,-0.055666862777840054,0,-0.20816756030033656,0,-1.2121460321993371,0,-377.1861775068002,0,0.0,0,0.504826765339845,1,8.641569306962797,0,-13.829594864406092,0
TX000682,AC00356,train,-0.02930955203714286,0,-0.09475470658707086,0,-1.1705591294332223,0,-405.55972613289777,0,0.0,0,0.43293840982279486,1,5.650644824100594,0,-16.25140359943371,0
TX002444,AC00356,val,-0.08584964358835379,0,-0.2363027669649771,0,-2.558322475937782,0,-432.07400935817844,0,0.0,0,0.11204272458889424,0,3.8208618296644987,0,-23.200594250577463,0
TX000437,AC00357,train,-0.10045014502969124,0,-0.25663410903258266,0,-1.8612640893960108,0,-477.5197691144514,0,0.0,0,0.15759420165613572,0,4.624914143310936,0,-80.29785829164254,0
TX002274,AC00357,train,-0.01157554314967324,0,1.3524665077712597,1,8.125284434575377,1,4200.343120967843,1,39.75889106548778,1,0.905304965791176,1,42.11937841303221,1,-138.38679373317612,0
TX000430,AC00357,train,-0.09149518020439873,0,-0.2209119537696751,0,-3.029741756575035,0,-465.0762736531477,0,0.0,0,0.34450167675050053,1,4.832504567292905,0,-21.316795949979255,0
TX000637,AC00357,val,-0.11090480871611585,0,-0.2603650278159666,0,-2.576276363042126,0,-465.97870577785244,0,5.960464477539063e-08,0,0.03414926603364579,0,3.686863638612684,0,-21.97046316625157,0
TX001433,AC00357,train,-0.08916740397301742,0,-0.24803896693700955,0,-2.5694530366323676,0,-461.9852994143155,0,0.0,0,0.1002374554343264,0,3.2568741229039087,0,-24.778442332111272,0
TX000896,AC00357,train,-0.048389284721436276,0,-0.21218424384183954,0,-2.1382817951784947,0,-399.48545679619383,0,0.0,0,0.16704228721230763,0,3.753096621198545,0,-20.069074910857086,0
TX001585,AC00358,train,-0.04380687924528409,0,0.0379851637623283,1,-0.9807150628374153,0,-431.3591635402576,0,0.0,0,0.4867363186663384,1,6.504148339266605,0,-62.1222974081081,0
TX001775,AC00358,train,-0.03868500205003256,0,-0.04801140939056636,0,-0.0004638628611264295,0,-425.7635430135769,0,0.0,0,0.5451582298820005,1,9.390593018789023,0,7.487709842330194,0
TX000629,AC00358,train,-0.06421598521602068,0,-0.14077314434050625,0,-1.7330908968957512,0,-443.21505888972206,0,0.0,0,0.35754647778495324,1,4.573670872131193,0,-16.572254586414918,0
TX000200,AC00358,train,-0.07750927630569393,0,-0.2544802314224972,0,-2.261957264432983,0,-465.9066822568532,0,5.960464477539063e-08,0,0.18044000760456524,0,3.980672750499685,0,-25.481328940046854,0
TX001635,AC00358,train,0.010102148745114059,1,-0.05672792361240098,0,0.24975593322769107,1,-312.0537667619407,0,0.0,0,0.6167457468085744,1,11.620348232957676,1,-6.24281761979392,0
TX002205,AC00358,val,0.06387411043312285,1,-0.057651667416165564,0,-0.2651443719234319,0,-252.09924017508627,0,0.0,0,0.4961608176955462,1,6.784848099963035,0,56.87192910036637,1
TX000778,AC00358,train,9.462042416974459e-05,1,-0.1587694756410878,0,-0.5655919892380723,0,-259.0297466657936,0,0.0,0,0.4403704927839577,1,6.562822224206229,0,1.1557235473223062,0
TX000122,AC00358,train,-0.0009080888056627323,0,-0.1429288467727836,0,-0.16480829151302068,0,-211.23835296645507,0,0.0,0,0.44615729040908236,1,6.52825161804812,0,20.556965817366954,1
TX000034,AC00359,train,-0.04570816520077503,0,0.052796740232614825,1,0.49992399688759015,1,-199.95182759765055,0,6.148104957448519,0,0.6918679877046944,1,9.484198540308315,0,-64.00738369676704,0
TX002290,AC00359,train,-0.04134913830329784,0,-0.2257697777989529,0,-0.32648172994975866,0,-435.7184292088305,0,0.0,0,0.3948962227385965,1,14.60167035780278,1,-63.73629877118381,0
TX002252,AC00359,train,-0.0725122295308917,0,-0.2038041961217083,0,-1.7403896165480575,0,-455.4687983982973,0,0.0,0,0.1957851924573744,0,5.101933574258616,0,-22.893633367410033,0
TX000616,AC00359,train,-0.01545043347736097,0,-0.16782595980395376,0,-1.9091558354615241,0,-432.55291520179105,0,0.0,0,0.3585274803847404,1,4.13574975869311,0,-16.678058239801164,0
TX001798,AC00359,train,-0.11183463391688625,0,-0.26992271028494097,0,-2.7267134208148445,0,-349.8420733743984,0,5.960464477539063e-08,0,0.11083842657760286,0,2.8858438780267712,0,-19.78202356729462,0
TX000018,AC00359,train,-0.05966146562525593,0,-0.19129976381554692,0,-2.200188068546124,0,-401.8832464501737,0,0.0,0,0.3350247338715431,1,4.049404380978985,0,-19.26871475711979,0
TX000523,AC00360,val,-0.09972175841052089,0,-0.2427226663741897,0,-2.096910932101297,0,-472.1733581030031,0,0.0,0,0.22835429121606193,0,5.690575464253647,0,-79.10712339060522,0
TX001942,AC00360,train,-0.07826049618120529,0,-0.18648489696281034,0,-2.431853852050427,0,-467.45374502881316,0,0.0,0,0.368061243024325,1,5.106700490477264,0,-61.0296157329174,0
TX001140,AC00360,train,-0.09876139191296562,0,-0.20960957974474748,0,-2.4880172388703876,0,-468.1789964231755,0,8.429369702178807e-08,0,0.14377895945199953,0,4.446222110011801,0,-18.63550702494993,0
TX000744,AC00360,train,-0.0907078673905265,0,-0.2649262193431169,0,-2.538142609141895,0,-478.62270300769325,0,5.960464477539063e-08,0,0.02357709624565566,0,2.8667592880675956,0,-29.920041520143737,0
TX001285,AC00360,train,-0.06667364543749527,0,-0.2617972571165441,0,-2.044077516497431,0,-434.9689056678086,0,0.0,0,0.11017507563398095,0,3.234494918301331,0,-14.108924179490351,0
TX001107,AC00360,train,-0.009042350562283863,0,-0.23560440699850527,0,-2.1664534374369655,0,-158.47041481076934,0,0.0,0,0.34501247769378074,1,5.593646746497634,0,-9.189707081238916,0
TX001025,AC00361,train,-0.09236207993989576,0,-0.21204007014565618,0,-1.3517780389335385,0,-469.578020417114,0,0.0,0,0.22311210284662092,0,4.499406072687376,0,-76.91079302832767,0
TX000667,AC00361,val,-0.039304896782820675,0,-0.04179985906924655,0,-1.4198146562968788,0,-443.817465360843,0,1.1920928955078125e-07,0,0.47038149183339517,1,5.44877272370519,0,-47.76468139320487,0
TX002412,AC00362,train,-0.1111209164369511,0,-0.28621145628746614,0,-1.4983027123009744,0,-478.8297885247468,0,0.0,0,0.022652677408326265,0,4.256179941407059,0,-80.93391909041154,0
TX000282,AC00362,train,-0.046259524104611316,0,-0.2144789263865714,0,-0.8605773745169074,0,-445.198343095265,0,0.0,0,0.18453616201159379,0,4.234233123624562,0,8.514829995399582,0
TX000842,AC00362,train,-0.05278417124513829,0,-0.19628387452788743,0,-2.5606954312726575,0,-419.4852459020248,0,1.6858739404357614e-07,0,0.48863431663904694,1,4.964136969238225,0,2.060206088199374,0
TX001561,AC00362,val,-0.07257201808899821,0,-0.22360984304041653,0,-1.4927579901567682,0,-455.7813826205685,0,0.0,0,0.1773596033569932,0,3.7820097753250552,0,-21.167695556270314,0
TX001089,AC00362,train,-0.09693495827059728,0,-0.2372421284362849,0,-1.5496088435608115,0,-465.28748522309456,0,8.429369702178807e-08,0,0.10502070247309195,0,3.7211849601419287,0,-23.848029059846073,0
TX000880,AC00362,train,-0.05515413532816604,0,-0.22162654779338387,0,-1.061502995371427,0,-425.59821338953725,0,5.960464477539063e-08,0,0.1825279301663633,0,3.9731381217111217,0,-14.710830502496638,0
TX001121,AC00362,train,-0.0661482868174077,0,-0.23170892835858847,0,-1.3531884115452826,0,-343.0680286720588,0,0.0,0,0.1780769124448583,0,4.044127816848211,0,-17.943133030560997,0
TX001544,AC00362,train,0.01709960450752379,1,-0.1336312984911776,0,-1.6425982537697958,0,-304.3694065430151,0,0.0,0,0.42044464056826636,1,5.582464945943258,0,12.163230003876432,0
TX001939,AC00362,train,-0.03838803429922777,0,-0.11076746276419058,0,-0.997505433218949,0,-378.50255775836195,0,1.1920928955078125e-07,0,0.39939184449895293,1,4.708419251264516,0,-4.892771559660265,0
TX001400,AC00362,train,-0.08677972333930645,0,-0.24187713714032655,0,-1.8965786652927736,0,-353.9331446410345,0,0.0,0,0.12222323009843464,0,3.8190286099496547,0,-18.434772481668265,0
TX000586,AC00362,train,-0.035278929154982486,0,-0.12114014067470036,0,-0.8642261601286556,0,-318.7895984623242,0,0.0,0,0.4110690695945338,1,4.976146439216655,0,-7.532901494676441,0
TX002365,AC00362,train,-0.03133429287036926,0,-0.1450428065414613,0,-1.3674259282019587,0,-137.45499314244347,0,0.0,0,0.439933466400875,1,6.0857871978836435,0,-1.0990279169681814,0
TX002069,AC00363,train,-0.06882449091239112,0,-0.21010004904459012,0,-0.34562143032214543,0,-450.8166940229543,0,1.1920928955078125e-07,0,0.2038135340906658,0,6.188881233124025,0,-75.31510858317907,0
TX000177,AC00363,train,0.09186098276456012,1,4.325455632812684,1,8.157227437945368,1,38214.936343007066,1,97.75040597270247,1,0.9538114737367873,1,110.45056002551686,1,-207.21389994140887,0
TX000848,AC00363,train,0.02095356333314835,1,-0.041675968929384855,0,-0.3956744854997112,0,-318.1076928280576,0,1.1920928955078125e-07,0,0.5165750682786023,1,7.508111531536917,0,30.122368183923097,1
TX000196,AC00363,val,-0.020270332621528497,0,-0.17075382703022046,0,-0.7676327584395146,0,-352.1078712504586,0,0.0,0,0.3700463425341497,1,5.373812892048481,0,-10.31604947732642,0
TX002345,AC00363,train,-0.052255674349616144,0,-0.10675169283363473,0,-1.3797690828705687,0,-389.19697002602965,0,0.0,0,0.41707786933873453,1,4.9243584554305775,0,-15.684226588534802,0
TX001886,AC00363,val,-0.0525996858066462,0,-0.09925047617428162,0,-1.3612329092722266,0,-56.37942536554982,0,8.429369702178807e-08,0,0.4027346789578559,1,4.5312314758950585,0,3.103912393781964,0
TX002348,AC00363,train,-0.05032658460654438,0,-0.09364108972348562,0,-1.6905749144229283,0,-95.79542231829555,0,8.429369702178807e-08,0,0.39480958336323513,1,4.846381201770818,0,2.6896442053863114,0
TX000259,AC00363,train,-0.04052925844466926,0,-0.1952475626895427,0,-1.8375368461797894,0,-231.046885248752,0,0.0,0,0.18398714912542857,0,4.078604912048617,0,-8.47455224919253,0
TX000902,AC00363,train,-0.03566055404338947,0,-0.16372506692044775,0,-2.6533488114074633,0,-74.79818002151296,0,1.1920928955078125e-07,0,0.41817193704607025,1,5.950038904048964,0,0.7089105744103693,0
TX001177,AC00363,val,-0.0712748547157076,0,-0.1464766827979196,0,-1.6483430553611917,0,82.92007756959634,1,0.0,0,0.37619671304036717,1,4.407718593131273,0,-0.3703034220341732,0
TX001368,AC00363,train,-0.07287409153013358,0,-0.10972826801380475,0,-0.924550266637862,0,-37.41689984833806,0,0.0,0,0.40585127571504426,1,4.836152946191867,0,0.6649605688748994,0
TX001940,AC00363,train,-0.07183082000474406,0,-0.17960009605463223,0,-1.6883502562119048,0,-325.65592483883387,0,0.0,0,0.3874351740641943,1,4.7955832394350395,0,-15.463766630244042,0
TX000528,AC00364,train,-0.103161500374507,0,-0.21040472262719323,0,-1.6689718393118032,0,-470.9763014983357,0,0.0,0,0.18661291925489415,0,4.017090485311023,0,-75.78384246718099,0
TX000816,AC00365,train,-0.10674495882093876,0,-0.2639556423017082,0,-2.24189915353176,0,-477.00446051118337,0,0.0,0,0.1485194807278312,0,3.3834643885369817,0,-77.77115796779785,0
TX001125,AC00365,train,-0.06272862536009571,0,-0.10629821257654437,0,-0.5209006311143956,0,-441.7359899859098,0,0.0,0,0.4361950506626188,1,6.016835703695003,0,-49.44969445056951,0
TX000353,AC00365,val,-0.088597316167084,0,-0.2122860848466568,0,-2.081871630879437,0,-466.01367694971606,0,0.0,0,0.18678889530052165,0,4.093272442693126,0,-21.67046194757008,0
TX000419,AC00365,train,-0.09045633754710297,0,-0.23461370472044418,0,-2.1443302979416536,0,-474.8769363283905,0,0.0,0,0.12708649844190778,0,3.961655858965377,0,-25.41849058240788,0
TX000035,AC00365,train,-0.0770786579523281,0,-0.22075918363692315,0,-1.8582577705556584,0,-453.8050166268311,0,0.0,0,0.1825636111847391,0,4.196407069297649,0,-21.798043836065858,0
TX000618,AC00366,train,-0.08713886944997584,0,-0.14909238305985095,0,-1.01150291677655,0,-459.66542980953875,0,0.0,0,0.25957076695396525,0,4.9659082170612745,0,-71.58289809672331,0
TX001309,AC00366,train,-0.11102882916844414,0,-0.2600170946367881,0,-1.6719510095453884,0,-467.92658345113233,0,0.0,0,0.07303776362474625,0,3.514174807767559,0,-60.85230016674292,0
TX001911,AC00366,train,-0.08090192926959833,0,-0.20915398570006594,0,-1.6440193914494365,0,-445.93408533659084,0,0.0,0,0.1778835913058045,0,4.678284848506414,0,10.951546952681104,0
TX000819,AC00366,train,-0.09562025074982206,0,-0.2630738563393624,0,-2.5377772634493017,0,-476.27200169612655,0,5.960464477539063e-08,0,0.11794586512906234,0,4.353737171316947,0,-22.21936950510388,0
TX000265,AC00366,train,-0.09448389411759456,0,-0.2575061809762377,0,-2.665921255894826,0,-470.5294089456317,0,0.0,0,0.10991968509976006,0,4.042273765048564,0,-26.95253555349206,0
TX001708,AC00366,train,-0.038853109251530515,0,-0.27380434945989873,0,-1.5911831583970883,0,-203.56870635089103,0,0.0,0,0.48546818564277355,1,9.335425502543508,0,-11.202879398524148,0
TX001184,AC00366,train,-0.06618992506852106,0,-0.2174721924984595,0,-1.7499392308531974,0,-306.7356234929055,0,8.429369702178807e-08,0,0.13486555787217847,0,3.8670863705409793,0,-16.150057043177167,0
TX000879,AC00366,train,0.03054280463737069,1,-0.14068964626199487,0,-1.4111963892198283,0,-374.7148697752018,0,0.0,0,0.45518986109384824,1,7.339390487614274,0,-8.535068768430495,0
TX000701,AC00367,train,-0.10221308192472961,0,-0.21346494396536175,0,-2.698944950142952,0,-478.35227849667103,0,8.429369702178807e-08,0,0.2630530556686857,0,4.812919107107238,0,-80.81296236713648,0
TX001441,AC00367,val,-0.04912391067803962,0,-0.13087462586111687,0,-2.67114177007913,0,-431.6629541685186,0,8.429369702178807e-08,0,0.40215684552799,1,4.100419850112549,0,-60.65974211435815,0
TX002276,AC00367,val,-0.08886824277989347,0,-0.1936399435212648,0,-2.4467918459426468,0,-460.2990418444149,0,8.429369702178807e-08,0,0.37661826880144655,1,5.046935225124387,0,5.926022787658848,0
TX000031,AC00367,train,-0.07429807516413911,0,-0.20949670178083624,0,-2.379884860207426,0,-457.59125687804266,0,8.429369702178807e-08,0,0.3238917275332204,1,4.197316401908714,0,-12.210661022172413,0
TX001537,AC00367,train,-0.09032676176440169,0,-0.2569375290590994,0,-2.09028926699583,0,-450.66973655965234,0,0.0,0,0.03665059250506581,0,3.254358476781228,0,-24.170487602283803,0
TX001823,AC00367,val,-0.08748502965122568,0,-0.2546517809334401,0,-1.917304434242613,0,-408.6817058552893,0,0.0,0,0.11404111013996365,0,3.3215356524226487,0,-20.56332482777697,0
TX001328,AC00367,val,-0.0656715535449034,0,-0.23305661930646138,0,-1.3867044758480596,0,-406.6597152885015,0,8.429369702178807e-08,0,0.15319742782255996,0,3.874216333362056,0,-19.08415117563438,0
TX001418,AC00368,train,-0.09667054705219691,0,-0.19925380885342192,0,-2.221446459891684,0,-471.18016551939104,0,0.0,0,0.3329434650659458,1,5.746537664215676,0,-78.81524004866941,0
TX000998,AC00368,train,-0.09925850998912861,0,-0.2043570004595281,0,-2.8039437448679703,0,-461.1621972720407,0,8.429369702178807e-08,0,0.3380264404182498,1,4.165376284183357,0,-60.900648312727995,0
TX001669,AC00368,train,-0.09877543442730796,0,-0.2144483401060886,0,-2.8887065771932487,0,-473.930681740424,0,0.0,0,0.33292594832175043,1,3.6598249248376855,0,-21.684247084459454,0
TX001490,AC00368,train,-0.10853685553218995,0,-0.2604786182642308,0,-2.1042662793621005,0,-472.21128046501127,0,0.0,0,0.1761419313282441,0,5.371949828313364,0,6.388778781376285,0
TX000906,AC00369,train,-0.02117744685132622,0,-0.2001172166179459,0,-0.9998132540281279,0,2439.9013082997776,1,0.0,0,0.4411807238732846,1,6.858930894981249,0,-53.86223245964279,0
TX002265,AC00369,train,-0.04240182825613498,0,-0.06542660352369256,0,-0.8414297733605274,0,-434.2664291283509,0,0.0,0,0.5275825529801844,1,8.489491740744702,0,-62.29707596562042,0
TX000531,AC00369,train,-0.061793359828753947,0,-0.055476426139917656,0,-2.043762944886529,0,-445.791634909176,0,0.0,0,0.55690620564581,1,7.3724577737059045,0,0.7195753867472108,0
TX001124,AC00369,val,-0.03082822691540016,0,-0.12147738053499069,0,-1.835268140220883,0,-448.4847017136386,0,1.1920928955078125e-07,0,0.45098227476881203,1,6.152857972959924,0,-6.146038625311152,0
TX001429,AC00369,train,-0.048346912277321574,0,-0.16340774228587573,0,-1.8559973909183718,0,-418.8029311447163,0,0.0,0,0.3663772288960195,1,4.798971258908473,0,-16.935009859378813,0
TX001774,AC00369,val,-0.02468783197307367,0,-0.18282172668515662,0,-1.8302813749065745,0,-376.2111247265301,0,0.0,0,0.3516432042757469,1,4.127337865562717,0,27.70130845616836,1
TX000208,AC00370,val,-0.1020946417784589,0,-0.2440083080040254,0,-1.97241920982432,0,-473.7079788262669,0,0.0,0,0.21408121429734397,0,5.84845503046301,0,-80.6252413531302,0
TX001965,AC00370,train,-0.08025987073245405,0,-0.2262774713147746,0,-1.1524758856074904,0,-459.5081985489788,0,0.0,0,0.33559907001111255,1,8.584816267034183,0,-61.599105465063744,0
TX001502,AC00370,val,-0.10541035566596185,0,-0.2500104684382406,0,-2.583045349269076,0,-414.2422828485973,0,0.0,0,0.0762079690083397,0,3.186808169532788,0,-21.68520419764938,0
TX000626,AC00370,train,-0.012147167639952605,0,-0.06788820917758254,0,-1.8062174791579277,0,-124.99756739943535,0,0.0,0,0.4527291688497528,1,6.266008920091572,0,-4.112827931390067,0
TX002401,AC00370,val,-0.07287175437942689,0,-0.2652214225193843,0,-2.498966909916522,0,-431.3531323316186,0,5.960464477539063e-08,0,0.11854793795345532,0,3.504387420929244,0,-20.730612876431362,0
TX000850,AC00370,train,-0.09749457482266827,0,-0.2603186455339703,0,-3.058005330934389,0,-463.28706653321484,0,0.0,0,0.021256734881596854,0,2.9839482826555384,0,-26.868516728364025,0
TX000687,AC00370,train,-0.08157816404313312,0,-0.241185061079348,0,-2.387807087564731,0,-449.1389133898432,0,0.0,0,0.13091217525660426,0,3.801864947517917,0,-25.29129185467031,0
TX000315,AC00371,val,-0.11654696769401846,0,-0.258931216753132,0,-2.0806339799258318,0,-475.12113701817617,0,5.960464477539063e-08,0,0.0,0,3.7595894655350586,0,-78.83089382520723,0
TX000471,AC00371,train,-0.0708137419767898,0,-0.16807094267606248,0,-0.5236407270278551,0,-453.35635273533563,0,1.1920928955078125e-07,0,0.41122522147121976,1,6.835525684844628,0,-56.565342605008425,0
TX001301,AC00372,train,-0.04799665441495171,0,-0.22918399599506123,0,-1.0977955926870049,0,-439.6097674105317,0,0.0,0,0.393499959689478,1,6.714385260068251,0,-77.50244608659713,0
TX000672,AC00372,train,-0.01019707959420657,0,0.1868709774649453,1,0.6891909926482533,1,86.96581807152012,1,1.6858739404357614e-07,0,0.6458895240340974,1,10.00234785951641,0,-39.808828096058335,0
TX002132,AC00372,train,0.015174204287065618,1,0.23213668271259502,1,0.1313254397795962,1,-391.77494230139877,0,0.0,0,0.6321627096134671,1,10.113005633077497,0,32.0107158945963,1
TX001917,AC00373,train,-0.1123540687011037,0,-0.2716983678102083,0,-1.196722604208329,0,-481.5639760930418,0,0.0,0,0.0,0,4.645095198078608,0,-81.84152807226225,0
TX001280,AC00373,train,-0.08006812270568048,0,-0.2071757691879541,0,-1.1028595153079106,0,-459.88132862026845,0,0.0,0,0.33791979617981394,1,4.733902091666369,0,-58.23481219629559,0
TX001997,AC00373,train,-0.047633408822314316,0,-0.15526950864641154,0,-0.19960424990847692,0,-441.95436421993696,0,0.0,0,0.3618721923312819,1,4.722579411326924,0,-9.23588116485702,0
TX001231,AC00373,train,-0.06839268839961227,0,-0.14917320228961795,0,-1.2723618653059763,0,-456.2379817257324,0,8.429369702178807e-08,0,0.35866258552081337,1,4.667466470735013,0,-19.332037913551336,0
TX001473,AC00373,train,-0.116256638796432,0,-0.26852245906312633,0,-1.4078582552470937,0,-475.8377198072768,0,0.0,0,0.05386098208594699,0,3.465093574192029,0,-26.783127345444164,0
TX000088,AC00373,train,-0.07672088721051146,0,-0.21680226412757753,0,-2.100297024661172,0,-435.00506006222935,0,0.0,0,0.39603408569456344,1,6.203239330348473,0,-11.044272076005507,0
TX002284,AC00373,train,-0.045524702549072704,0,-0.26444752624121826,0,-1.366958949175391,0,-258.12823485248566,0,2.384185791015625e-07,0,0.4687269640311285,1,9.655061380923835,0,-12.553423014196307,0
TX002432,AC00373,train,-0.06353770825094845,0,-0.2337732383028066,0,-1.4487045004356585,0,-414.0647576586339,0,5.960464477539063e-08,0,0.14528657803895217,0,3.852265752170396,0,-18.632869905896438,0
TX000094,AC00373,train,-0.04398934106271707,0,-0.1324039635500298,0,-1.7232470012251593,0,-398.49957283281555,0,0.0,0,0.4259090078698146,1,5.227822860510221,0,-16.534383879185494,0
TX002102,AC00374,train,-0.0802920522326806,0,-0.21614041167223208,0,-0.792669056265952,0,-465.81482345956215,0,0.0,0,0.1859867149641962,0,5.555006878352417,0,-75.46885377350382,0
TX001412,AC00374,train,-0.0490116059669361,0,-0.17039907889706707,0,-0.885797039665162,0,-452.32055734403775,0,1.1920928955078125e-07,0,0.33267319388062466,1,4.8884983129556785,0,-54.82397714841885,0
TX001790,AC00374,train,-0.033774951788151986,0,0.027172360964127007,1,-1.0893417802852596,0,-429.4968216067176,0,1.1920928955078125e-07,0,0.5447896459904205,1,7.120398458321648,0,13.775903210360445,1
TX000056,AC00374,train,-0.09626927226973014,0,-0.2500408164999426,0,-2.7341233135303913,0,-471.61132194025464,0,0.0,0,0.1323246060890062,0,5.130209144101245,0,-22.52103181870541,0
TX000356,AC00374,val,-0.04598779147093579,0,-0.23858965812929456,0,-3.0849898116695282,0,-447.21748334995647,0,0.0,0,0.14542030991469995,0,5.005248860634324,0,-18.41785984155864,0
TX002428,AC00374,val,-0.09020269617297788,0,-0.2632599376650462,0,-2.7474695495825188,0,-446.91357145365225,0,0.0,0,0.09788085906950382,0,2.966413473498924,0,-26.80551808013246,0
TX000347,AC00375,train,-0.08822565189377535,0,-0.17470135991927083,0,-1.560350460944088,0,-470.4479614670927,0,0.0,0,0.22906837212624143,0,4.315978903725904,0,-73.32340911217189,0
TX002501,AC00375,val,-0.06165680124062006,0,-0.043915646405366715,0,-1.2396308645763359,0,-450.02634394061005,0,0.0,0,0.48698568373437845,1,6.736738186700274,0,-50.64107342573166,0
TX001492,AC00375,train,0.03332156118743712,1,0.10812070371848059,1,0.22283768140521865,1,-338.8947921473136,0,0.0,0,0.5821508351716251,1,7.864343168067621,0,14.130782785544664,1
TX002353,AC00376,train,-0.10122155194979915,0,-0.22874926227402548,0,-2.059870011936077,0,-472.0253800623086,0,8.429369702178807e-08,0,0.2337989593868347,0,4.036604749233357,0,-78.71413621461255,0
TX000875,AC00376,train,-0.10616994866818596,0,-0.2510158171680479,0,-1.7942531615980872,0,-472.75185741173306,0,5.960464477539063e-08,0,0.13390570412008407,0,3.543811039982106,0,-62.85965084398495,0
TX000349,AC00376,train,-0.10287285717221756,0,-0.24276774209490593,0,-2.082373906207872,0,-475.87545386434056,0,0.0,0,0.13941617561991365,0,3.9388267065408784,0,-24.851066942006973,0
TX002506,AC00377,val,-0.07608334671787087,0,-0.22197250639928812,0,-1.3568693225681603,0,-457.43276165284504,0,0.0,0,0.2513465634780875,0,7.128635672022476,0,-75.04645094627614,0
TX001961,AC00377,train,-0.06073699339191296,0,-0.16054823263889362,0,-1.4497018061343478,0,-457.68871029753666,0,0.0,0,0.4765627129677763,1,7.6346702800462705,0,-58.94903229235395,0
TX000948,AC00377,train,-0.09270957061752,0,-0.23430508031293495,0,-2.6683269730631025,0,-472.01728735238316,0,0.0,0,0.03908757642775835,0,3.9914896423373447,0,-26.078417512903233,0
TX001929,AC00377,train,-0.0593342789768721,0,-0.23717035053300717,0,-2.5921422384742616,0,-419.02391185022896,0,0.0,0,0.12983972780713768,0,3.0688586521876626,0,5.529028017763888,0
TX001905,AC00378,train,-0.11518441900001347,0,-0.2512997526900529,0,-1.9333041120882246,0,-480.9956882883422,0,0.0,0,0.17188682781412787,0,3.3997983715041613,0,-81.28119332581215,0
TX001646,AC00378,val,-0.04175761557076729,0,-0.027148324329809403,0,0.39665388509112987,1,-253.13901469668002,0,0.0,0,0.7064310106840843,1,13.40922720764673,1,-6.957548937281901,0
TX001894,AC00378,train,-0.016417539400084724,0,-0.21547495852154164,0,-1.5947418741149306,0,-74.88419096305404,0,0.0,0,0.36942754191428656,1,5.5932916085475055,0,19.860792870061427,1
TX002322,AC00378,train,-0.015852826782260965,0,-0.07204630049081917,0,-0.8369863590176276,0,-406.47732569598423,0,0.0,0,0.4481252291248388,1,5.18306394780976,0,-9.640260367600408,0
TX000581,AC00378,train,-0.057320210017400286,0,-0.19235190325079765,0,-1.1750572767275127,0,-438.83108879977954,0,0.0,0,0.32901307260417434,1,4.304922035428431,0,-20.20942944916902,0
TX002308,AC00378,val,-0.0863223253939977,0,-0.20143459010127351,0,-2.0956225489465368,0,-277.78085535314085,0,5.960464477539063e-08,0,0.33240604892260145,1,4.059284369012872,0,-15.771279623515898,0
TX001576,AC00379,train,-0.026545014874905404,0,-0.05126104998377823,0,-0.6493409457891861,0,2150.673179421363,1,2.384185791015625e-07,0,0.6437352128842843,1,9.766669221373146,0,-50.37144124159757,0
TX001158,AC00379,val,0.016900378138289374,1,-0.18010410368701701,0,0.027021349865782085,1,-418.28486969638897,0,0.0,0,0.5049237331033126,1,15.5413355357781,1,-57.79155395617006,0
TX000204,AC00380,val,-0.1045758527742578,0,-0.2486860408006818,0,-0.7979823041212128,0,-474.94676971832035,0,0.0,0,0.09878251353552008,0,5.511358267332621,0,-78.59776231731398,0
TX000214,AC00380,train,-0.08325796295571031,0,-0.238918240397479,0,-1.460911671501174,0,-463.40369534561535,0,8.429369702178807e-08,0,0.08932077886796581,0,4.893325662832929,0,-60.72093187389731,0
TX000804,AC00380,train,-0.031945495472487595,0,-0.11616669995930518,0,-2.548662427014733,0,-308.90606088247426,0,0.0,0,0.5166760285278258,1,6.466271026669514,0,-11.32968085246522,0
TX001784,AC00380,train,-0.020179654914103395,0,-0.20483860021851275,0,-2.4943670628141597,0,-423.2829955642319,0,5.960464477539063e-08,0,0.19333560446120324,0,3.6421327616508847,0,8.90601729383354,0
TX000161,AC00380,train,-0.06215021210724969,0,-0.2453133441557196,0,-2.066644125155955,0,-439.97070728260303,0,0.0,0,0.11880622581510594,0,3.2416950456245504,0,-21.33311558314486,0
TX001632,AC00380,train,-0.06855299606043119,0,-0.2002758648569689,0,-1.28418139539645,0,-438.5840286441492,0,0.0,0,0.1937734015705929,0,4.10867909724448,0,-18.706568559155972,0
TX000655,AC00381,train,-0.1042744685298978,0,-0.24580033670722745,0,-2.5745576832556374,0,-474.8630135601603,0,0.0,0,0.20828552886024193,0,4.413787408309232,0,-79.14914242706809,0
TX001218,AC00381,train,-0.07092443945247262,0,-0.22542596415306626,0,-1.4950815256198027,0,-458.11526479769253,0,0.0,0,0.3796754165303346,1,7.591166427449486,0,-57.040736558165705,0
TX000297,AC00381,train,-0.07812836108300986,0,-0.23010190394445718,0,-2.4602710078247707,0,-456.4591297146841,0,0.0,0,0.15114901759189703,0,4.219450402458128,0,-19.81474755245255,0
TX001918,AC00382,train,-0.02174256151981746,0,-0.09092051921551092,0,0.6221577228634168,1,-318.4796487355484,0,0.0,0,0.6211879739991188,1,16.137364663394234,1,-65.21352855987824,0
TX001191,AC00382,train,0.028326653967189475,1,0.6285849379468746,1,3.0886559794030726,1,-286.78924106746393,0,6.466265443590407,0,0.7005066439183792,1,27.23440000554694,1,-51.82335041447648,0
TX001593,AC00382,val,0.020570333292836862,1,0.01562598708605134,1,0.3308786971969777,1,-353.066682922873,0,0.0,0,0.555451800283196,1,8.655292376255893,0,2.557963821005639,0
TX000131,AC00382,train,-0.04408638668098647,0,-0.1748096651957045,0,-1.7061934071067828,0,-374.31001092885543,0,0.0,0,0.39899483537108954,1,5.174506811333664,0,-13.489137551397395,0
TX001951,AC00382,train,-0.09088162844829456,0,-0.1734520847672234,0,-1.9984849145494845,0,119.46950282776567,1,5.960464477539063e-08,0,0.3440345467091561,1,3.8143907701864714,0,-1.0030639294042953,0
TX000714,AC00382,train,-0.06614425195176621,0,-0.19330716820509353,0,-2.005584074851292,0,88.17420463270497,1,0.0,0,0.3496734724677568,1,4.006742865711383,0,-0.042636264950250524,0
TX001250,AC00383,train,-0.08977240251235247,0,-0.20852730381111395,0,-2.079081003763351,0,-474.6658857671031,0,1.0323827311807139e-07,0,0.22330714065826457,0,3.7269417432874032,0,-78.07077462087307,0
TX001912,AC00383,train,-0.06263466439475474,0,-0.15927557150036686,0,-1.3295579446316808,0,-457.20798112751396,0,1.1920928955078125e-07,0,0.3855463368263963,1,6.0048808594015926,0,-61.071531509668,0
TX000862,AC00383,train,-0.05942217902206676,0,-0.23020490695958395,0,-1.565567285313449,0,-453.381637763801,0,5.960464477539063e-08,0,0.18964201731219638,0,3.9232966774620603,0,-17.92169113069517,0
TX000165,AC00383,train,-0.07212705754356002,0,-0.2535977294341045,0,-1.6640944351397398,0,-457.69509494555206,0,0.0,0,0.08326458808866294,0,3.6128787562550504,0,-19.553748494594483,0
TX001489,AC00384,val,-0.10309083553853232,0,-0.16093524484278854,0,0.6208403822531121,1,-129.32713919722926,0,0.0,0,0.6006496919358684,1,6.166444904387813,0,-50.25981628164491,0
TX002245,AC00384,train,-0.08463090049542443,0,-0.20232382861944553,0,-1.604560777983437,0,-455.51147177405136,0,0.0,0,0.4106148294854187,1,6.990119355390104,0,-60.25127026702667,0
TX002376,AC00384,val,-0.0811179055764123,0,-0.22729167616740265,0,-2.6941315212861685,0,-473.8714213078656,0,0.0,0,0.16561662059658083,0,3.8601911270532865,0,-25.859852210316927,0
TX001902,AC00384,train,-0.04283636376412131,0,-0.2317606338613496,0,-1.6128640503318579,0,-449.1141739858183,0,0.0,0,0.15910554479271072,0,3.697261165513732,0,-19.071783975045644,0
TX001187,AC00384,train,0.020653575679192904,1,-0.14566229544754306,0,-2.12592196944534,0,-84.88065370933282,0,0.0,0,0.4129825441167494,1,6.245087137611775,0,12.629692397893788,1
TX000132,AC00384,train,-0.07678977738702342,0,-0.2640179565814187,0,-2.4467768995391665,0,-402.0043778055894,0,0.0,0,0.041622516079140755,0,3.2494962634346387,0,-22.223139782276608,0
TX002196,AC00384,train,-0.07053742652944184,0,-0.22435028786434663,0,-2.6152874061854394,0,-448.80448785137986,0,0.0,0,0.1647398953477338,0,4.218828671278733,0,-24.764563735114702,0
TX000010,AC00385,train,-0.08010392433630703,0,-0.16323670459711548,0,-1.3749656388127018,0,-419.6285676389702,0,0.0,0,0.46735794971605915,1,7.375316964103246,0,-69.96954010960391,0
TX002224,AC00385,val,-0.029936322184809794,0,-0.2567665646749089,0,-0.6450185611825479,0,-436.2755281296008,0,0.0,0,0.4374591440909385,1,13.73600424808092,1,-60.038073479615434,0
TX001833,AC00385,train,-0.050824168105603695,0,-0.24825493365891504,0,-2.7375394699383904,0,-456.967751657259,0,0.0,0,0.1379310597043655,0,4.028929840861191,0,-23.09444994730291,0
TX000147,AC00385,train,-0.021704788589586577,0,0.0006308687582612382,1,-1.7169009033327036,0,-406.1903452239901,0,0.0,0,0.5468970154650503,1,7.149213586599166,0,-6.17113433671226,0
TX000140,AC00385,val,-0.05913948080084713,0,-0.13033920699415602,0,-1.7354814522955788,0,-389.6219638718458,0,0.0,0,0.5036640424729427,1,7.472902681812334,0,13.676338795950334,1
TX000903,AC00385,val,-0.06191645485219166,0,-0.1956093459009105,0,-2.3843079159063265,0,-370.66993807121,0,0.0,0,0.3221786058080278,1,4.268878678325096,0,-15.035239636892133,0
TX002202,AC00385,train,0.029513235673662264,1,-0.14200131035093544,0,-0.43929452830311533,0,-328.62641952801454,0,0.0,0,0.5811156788805701,1,12.117950751765116,1,-14.666678805960865,0
TX000311,AC00386,val,-0.1104273199829029,0,-0.2628931162969492,0,-0.9981361349735547,0,-477.14628084230577,0,0.0,0,0.03012661804135225,0,5.29144691277028,0,-80.08940665871194,0
TX000832,AC00386,val,-0.07576696652993514,0,-0.21889751244727162,0,-1.074611986496528,0,-469.64053168695716,0,0.0,0,0.17634094889976687,0,4.493070773740755,0,-61.33238675040439,0
TX000914,AC00386,val,-0.09377131698325508,0,-0.23074673123592948,0,-2.0190846097504167,0,-439.13057504239913,0,0.0,0,0.33715421364968956,1,5.394422551754364,0,4.6858939084031555,0
TX001427,AC00386,val,-0.0014391542283681558,0,-0.1758541655421213,0,-1.6703349492231432,0,-388.3228997531971,0,8.429369702178807e-08,0,0.3693556205880136,1,4.78518356242152,0,16.745248989717307,1
TX001136,AC00386,train,-0.04079305777532066,0,-0.17187681662503773,0,-2.5098100403586407,0,-448.4807067530816,0,1.1920928955078125e-07,0,0.3715624075833987,1,4.225868582398243,0,-17.11354360074303,0
TX001981,AC00386,train,-0.06905674449344212,0,-0.20318483554275146,0,-1.656753064697062,0,-82.44702170007605,0,0.0,0,0.1942314789889354,0,3.7427284522386786,0,17.601185110386947,1
TX002433,AC00386,train,-0.09330487234826895,0,-0.24517710607037535,0,-1.4696407012591344,0,-452.6115252881392,0,0.0,0,0.11004716025226685,0,3.9930736287262025,0,-23.70741037067939,0
TX002329,AC00386,val,-0.049673013784238274,0,-0.18233768849223564,0,-1.8962280043713076,0,-444.166725196306,0,0.0,0,0.41455814958645737,1,6.328615336706861,0,-17.087023007046174,0
TX001736,AC00387,train,-0.09856081626078733,0,-0.24812054006745554,0,-0.7477882546759336,0,-469.63503844459206,0,0.0,0,0.07416321038201672,0,5.436700507234925,0,-77.1504838100526,0
TX000284,AC00387,train,-0.029368992805970273,0,-0.16187819711123064,0,-1.6840498402629578,0,-307.9605271034592,0,0.0,0,0.48365569645434886,1,4.994574267220368,0,13.225127838114783,1
TX002302,AC00387,train,-0.06749927223334773,0,-0.2548538736296373,0,-2.5454808347081865,0,-464.3457646681646,0,0.0,0,0.12769519359471745,0,3.5365879063484016,0,-22.91266802749114,0
TX002004,AC00388,train,-0.09044174351559586,0,-0.1818723429261826,0,-2.391300083746575,0,-471.100968744528,0,0.0,0,0.3514299143468509,1,4.435386225190484,0,-76.23709885145331,0
TX002293,AC00388,val,-0.03227823075188935,0,-0.15862271413453644,0,-1.0251221465416123,0,-357.80237894044274,0,0.0,0,0.59151217835749,1,9.58380431954384,0,-58.2537372706934,0
TX000822,AC00389,train,-0.09048975501515638,0,-0.24422318667274912,0,-2.29110987618923,0,-192.14840973111552,0,0.0,0,0.18753051851424304,0,3.1939820063079187,0,-78.78286578710716,0
TX000308,AC00389,val,-0.07435918881161635,0,-0.21012396439304415,0,-2.3212091605688308,0,-469.5354687286973,0,0.0,0,0.16162454631312537,0,3.830796238598939,0,-60.40951828293872,0
TX001952,AC00389,train,-0.08801184015967362,0,-0.22567738395089765,0,-2.708800643819947,0,-459.5180794559565,0,0.0,0,0.17733032736967877,0,4.940967036324415,0,-16.93159449220017,0
TX000029,AC00390,train,-0.11691949217097808,0,-0.24305451187986105,0,-1.5285941726575203,0,-468.5072586140721,0,0.0,0,0.1271679643314229,0,4.302349929125917,0,-75.85347436093426,0
TX001713,AC00390,train,-0.056180901760786106,0,-0.22687165769869622,0,-1.120579436709642,0,-315.3277295116299,0,0.0,0,0.4631640255939345,1,4.771186896519742,0,-55.21899592535179,0
TX002021,AC00390,train,-0.09420889016034656,0,-0.26074965218493207,0,-2.1092120207071154,0,-468.5735828660288,0,0.0,0,0.03414926603364579,0,3.3572885471638174,0,-25.609659587435296,0
TX000753,AC00390,train,-0.10227130074523672,0,-0.2333168428123389,0,-2.2814502771780063,0,-466.345954361459,0,1.0323827311807139e-07,0,0.13315813570069626,0,3.850090042786055,0,-25.114016217178108,0
TX000711,AC00390,train,-0.07862700784712401,0,-0.2539510402486823,0,-1.8893132339522438,0,-464.77026451393385,0,5.960464477539063e-08,0,0.08327502808165566,0,3.484026388066644,0,-26.040794548542156,0
TX001109,AC00390,train,-0.056806171519244386,0,-0.18128184834298944,0,-1.2675918019741186,0,-364.7530240450033,0,0.0,0,0.3649618911871676,1,4.522216663128288,0,-15.100901557677322,0
TX000898,AC00390,train,-0.08804627707577245,0,-0.24457941100271863,0,-0.8181837187254768,0,-384.8462733690569,0,5.960464477539063e-08,0,0.12657570551718964,0,3.838871180972636,0,-14.1423743904719,0
TX001361,AC00391,val,-0.07280279696000058,0,-0.12276895595274073,0,-0.6188207914292754,0,-448.1915666528733,0,0.0,0,0.2955073341689933,0,6.057970043743805,0,-71.80752996213539,0
TX000221,AC00391,val,0.004783598834530056,1,-0.032781684398734745,0,1.2338766476811882,1,273.11387091791454,1,3.371747880871523e-07,0,0.651606360148699,1,11.770170171683272,1,-18.492371207125206,0
TX002059,AC00391,train,-0.08879670932905254,0,-0.24527429717415505,0,-2.1285345228297317,0,-445.02620946792007,0,0.0,0,0.18529342573355084,0,5.630241494051429,0,-14.476169562760303,0
TX000013,AC00392,train,-0.07740375594107901,0,-0.19604871645402455,0,-2.3628685381255217,0,657.1642692956343,1,0.0,0,0.2861611279759944,0,6.210050598381177,0,-76.60430674938308,0
TX000479,AC00392,train,-0.05554754867145745,0,-0.16805269781801258,0,-2.125000392260203,0,-456.45591621486864,0,0.0,0,0.4819027985936503,1,5.688844762925892,0,-56.568819645437785,0
TX002354,AC00392,train,-0.0993934076936015,0,-0.21861830954605987,0,-2.700983458535763,0,-469.3526731436071,0,0.0,0,0.10291022374903434,0,3.8411211095554667,0,-20.986215369968754,0
TX000631,AC00393,train,-0.05127659971553705,0,-0.2229898369061598,0,-1.7591384637148817,0,70.75571551542004,1,0.0,0,0.2230435535703888,0,4.390325535041831,0,-59.864322169971594,0
TX000006,AC00393,train,-0.10131307833995012,0,-0.2606486184030383,0,-2.1174223872583138,0,-479.84538199254376,0,0.0,0,0.0,0,5.217824250636491,0,-65.92493776026157,0
TX001166,AC00393,train,-0.06784663533748053,0,-0.1943529282708203,0,-2.157361261760208,0,-452.60482756000823,0,0.0,0,0.41592272703548533,1,5.400541681543099,0,-12.903500172693661,0
TX001565,AC00393,val,-0.11395925905339843,0,-0.2514677553766642,0,-2.174356293049236,0,-468.42576615379073,0,0.0,0,0.10119671497986672,0,3.033926327132016,0,-23.188282323190037,0
TX001695,AC00393,train,-0.10983114087045553,0,-0.268995523557096,0,-2.514040561002945,0,-467.6060703403026,0,0.0,0,0.05125456559111769,0,3.7610027522324807,0,-26.159930570216556,0
TX000666,AC00393,train,-0.04687952899664394,0,-0.16820633612699676,0,-1.5082464416178603,0,-450.1751876685192,0,0.0,0,0.35469156925097983,1,4.214484427477129,0,3.241626707100746,0
TX001479,AC00393,train,-0.07040650444220525,0,-0.1367399524797317,0,-1.6041965400207836,0,-453.17800982286445,0,1.1920928955078125e-07,0,0.36946852254661905,1,4.719318021921764,0,-19.33038366258729,0
TX001859,AC00393,train,-0.053729025871648295,0,-0.25151729532051115,0,-1.8530593927880012,0,-422.63799468081265,0,0.0,0,0.10603503368152922,0,3.4285932477055225,0,-18.26736129506617,0
TX000239,AC00394,train,-0.07127073590440935,0,-0.19339265893103508,0,-0.3275714961062466,0,-447.7944996807923,0,0.0,0,0.19416981517690393,0,5.958718879784989,0,-72.85813192138797,0
TX001874,AC00394,train,-0.07548382196356607,0,-0.23242911220215934,0,-0.7420410747455399,0,-458.2342457845247,0,0.0,0,0.18911460568548466,0,4.531357027165759,0,-58.601221185925276,0
TX001028,AC00394,train,-0.05399227638244769,0,-0.15878598369716768,0,-1.535557135848343,0,-177.14522991645163,0,0.0,0,0.5976661693894967,1,6.021850732901581,0,12.584359625412443,1
TX001665,AC00394,train,-0.06337142244280108,0,-0.19237230251369364,0,-1.5096847306908892,0,-446.85172518311515,0,0.0,0,0.3204191778441154,1,4.221964952047958,0,-15.089583252957613,0
TX000732,AC00394,val,-0.09769561609154609,0,-0.2344844246536295,0,-2.8331847535229144,0,-466.69076730191983,0,0.0,0,0.14248202744916044,0,3.365870632051401,0,-24.12305886710305,0
TX002101,AC00394,val,-0.05797425138112888,0,-0.13668422737348251,0,-1.5951685820435344,0,-389.15584411551964,0,0.0,0,0.3906773088212149,1,4.488896410175993,0,-17.099251983194694,0
TX002141,AC00394,train,-0.0019254334430488518,0,-0.028872835401451358,0,-1.3394026486996076,0,-312.39941064634,0,1.1920928955078125e-07,0,0.4780875400255647,1,5.924731612141043,0,-11.452363518154991,0
TX000730,AC00395,train,-0.09115508966314662,0,-0.21175698553068156,0,-2.668373605937182,0,169.22382907746413,1,0.0,0,0.2427775480871797,0,4.512578910843546,0,-77.90787817823175,0
TX000955,AC00395,train,-0.10812335321279726,0,-0.22827985103784232,0,-3.425669656042654,0,-472.8789299270822,0,5.960464477539063e-08,0,0.17793797637831518,0,3.4905467427170476,0,-64.0612235780944,0
TX000070,AC00395,train,-0.07145381039988763,0,-0.20235628434927677,0,-2.978051998193717,0,-467.7836761908466,0,0.0,0,0.37565199986006415,1,4.8567419177426325,0,4.286936455755728,0
TX002346,AC00396,train,-0.10186002838249175,0,-0.24501325940193364,0,-0.8914419883867879,0,-477.16869888517095,0,0.0,0,0.13201370637437243,0,5.1751862320208195,0,-80.18708083002308,0
TX001870,AC00396,train,-0.0933992074035932,0,-0.21014736082361773,0,-1.613230978618109,0,-474.05730475716814,0,0.0,0,0.3234604248651496,1,4.661526090750973,0,-63.97368927519716,0
TX000113,AC00396,train,-0.06774740736457524,0,-0.18688369462987553,0,-1.5265602590130793,0,-457.91468821422586,0,0.0,0,0.36167215768559735,1,4.82306632388611,0,-18.443756584096487,0
TX001304,AC00396,val,-0.0772582295246329,0,-0.24345388258035872,0,-1.5704732006445603,0,-470.2388497076952,0,0.0,0,0.07287682645318981,0,3.572338510082547,0,-23.824507429544433,0
TX002271,AC00396,train,-0.0625646490107532,0,-0.2208198194126989,0,-1.878639657959111,0,-446.3854144431445,0,1.1920928955078125e-07,0,0.16477749762480184,0,6.668238493118677,0,-15.599302129849578,0
TX000191,AC00396,train,0.0627585624809831,1,-0.03117876585096968,0,2.1128667171410598e-07,1,-289.72085406610876,0,0.0,0,0.5392152121035602,1,9.14516157206811,0,27.545190179791998,1
TX001831,AC00396,train,-0.05714819067546484,0,-0.1784496585406481,0,-1.83277149506511,0,-305.6744971463455,0,0.0,0,0.3670143306736193,1,4.841885571633289,0,-17.231637309375817,0
TX001469,AC00396,val,-0.017470979587122237,0,-0.09171871798023612,0,-1.406533442347495,0,-103.23696383804321,0,1.1920928955078125e-07,0,0.4486912112733979,1,5.336935082177339,0,57.71307583685049,1
TX000861,AC00397,val,-0.08680996021127385,0,-0.1588019017774387,0,-1.476648405862516,0,-468.8408012508544,0,0.0,0,0.27257191988691515,0,4.201665412065484,0,-75.18957258846699,0
TX001815,AC00397,train,-0.0925297361886509,0,-0.20386858581268874,0,-1.1801604582757292,0,-471.89459719791233,0,0.0,0,0.19810504738142717,0,4.9248935714675035,0,-61.323778421196565,0
TX001486,AC00397,val,-0.09218164829744191,0,-0.21128880631605607,0,-1.090150248941148,0,-453.8724194522718,0,0.0,0,0.19032878112609336,0,4.087399728585067,0,-18.01692044872696,0
TX000108,AC00397,train,-0.04619609726045604,0,-0.13844411695504055,0,-0.2912203970039453,0,-288.8380405453852,0,2.384185791015625e-07,0,0.6244159389495747,1,8.360603491422475,0,-11.36890132587106,0
TX000835,AC00397,train,-0.08086191410447685,0,-0.24384046519255276,0,-2.1917564695385074,0,-457.80174479790986,0,0.0,0,0.14872827108084885,0,3.214060974420183,0,-24.515188325812144,0
TX000361,AC00397,train,-0.09337693591693297,0,-0.25175538277988074,0,-2.9301683863048016,0,-458.88202539002395,0,0.0,0,0.11764102880689825,0,3.4551802236953226,0,-27.584621311534963,0
TX000145,AC00397,train,-0.08496448818709201,0,-0.2563088806047553,0,-2.0200504782966036,0,-384.07602487390176,0,8.429369702178807e-08,0,0.09702554503770905,0,3.396444376438314,0,-23.082864598854787,0
TX001454,AC00398,train,-0.11975796811662087,0,-0.25932097291341316,0,-1.864133632804096,0,-477.49407369352315,0,0.0,0,0.10127188958097218,0,3.8497821207066356,0,-78.00060061741695,0
TX001783,AC00398,val,-0.0952461557395759,0,-0.24967976972604655,0,-1.7407948738753536,0,-467.42008685030277,0,0.0,0,0.3445318650724358,1,6.285453774932074,0,-62.858758376290226,0
TX001768,AC00398,train,-0.08808991375285513,0,-0.24482340349686216,0,-1.1759745330763955,0,-247.41592845440536,0,0.0,0,0.49219601389634016,1,6.644829129819373,0,-10.860659388026045,0
TX000605,AC00398,val,-0.09987482961605743,0,-0.26557792031348504,0,-3.08087371612441,0,-476.0361694389904,0,0.0,0,0.0431655760960254,0,2.7376981605960315,0,-29.644489921449054,0
TX001275,AC00398,val,-0.041867453255954645,0,-0.061796116908267695,0,-1.4008189477049413,0,-403.31632280909275,0,0.0,0,0.48142634088672476,1,7.92069237897372,0,-9.452546691938327,0
TX001219,AC00398,train,-0.050668923865181126,0,-0.22559349906664194,0,-0.31873668696724167,0,-267.05487421871385,0,2.384185791015625e-07,0,0.522715085649129,1,9.190891385726307,0,-15.51565287819677,0
TX000472,AC00398,train,-0.06669764262501748,0,-0.155602396635367,0,-1.975791231967042,0,-391.48581695439844,0,0.0,0,0.36958529235452436,1,4.568010148427178,0,-15.705191837403557,0
TX002175,AC00399,train,-0.08647278806657444,0,-0.2295712303752,0,-0.4578977846431993,0,-453.2059158362417,0,0.0,0,0.1951626229833696,0,6.001202467798925,0,-75.27453479495315,0
TX000783,AC00399,train,-0.041743272688607946,0,-0.05594556553393448,0,-0.17460876722006446,0,305.6934372670226,1,3.371747880871523e-07,0,0.637830181062598,1,11.551628452642946,1,-43.695460552470635,0
TX000870,AC00399,train,-0.08938463993293722,0,-0.24779785397929532,0,-1.8421213097072897,0,-463.75349430522095,0,0.0,0,0.16351227798912862,0,3.7559433434886245,0,-23.638765474144204,0
TX001677,AC00399,train,-0.09303093310534649,0,-0.24412560174253906,0,-2.240239126069417,0,-462.82258704106084,0,8.429369702178807e-08,0,0.04577954633644463,0,4.570369801281942,0,-24.381972042475024,0
TX002259,AC00399,val,-0.057297979829043166,0,-0.15564743354934496,0,-1.477687538162911,0,-380.9632134662591,0,0.0,0,0.3693410908646659,1,4.25923710358393,0,-14.811578491518862,0
TX000414,AC00400,val,-0.11410014763882509,0,-0.24625506925485374,0,-1.8030168296861593,0,-475.55426132623137,0,0.0,0,0.11811752882018578,0,3.9524486889093415,0,-77.13895366707212,0
TX000486,AC00400,val,-0.06392214744540636,0,-0.050933860283204124,0,-0.7699406035090774,0,-450.1361840638149,0,0.0,0,0.4835340285858053,1,6.145699974812776,0,-49.61754385628822,0
TX000244,AC00400,train,-0.08526671320101187,0,-0.24836639123372395,0,-1.4439422030106304,0,-465.0725167573573,0,0.0,0,0.07762269573735082,0,3.6122687924703394,0,-16.66629476725158,0
TX001504,AC00400,train,-0.08238396768549905,0,-0.21424997562242942,0,-1.6174557659798356,0,-471.82874645281885,0,0.0,0,0.1725410495780581,0,4.266596999943836,0,-24.019901476947453,0
TX002244,AC00400,val,-0.017910638996356032,0,-0.11761565190129719,0,-1.1457626790094313,0,-424.96340250666213,0,0.0,0,0.4615399463356864,1,6.3677943848604075,0,-15.442800254052111,0
TX000981,AC00401,train,-0.07706112820634115,0,-0.10860432625883543,0,-0.9975676855123226,0,-467.3482870149814,0,0.0,0,0.27720247858568453,0,5.126671437242999,0,-75.01139742075298,0
TX001803,AC00401,val,-0.05333137375700581,0,-0.09917404146244602,0,-1.5511216326410153,0,-456.45654694317386,0,0.0,0,0.42691059908941065,1,5.520264477583876,0,-54.83328775068342,0
TX000046,AC00401,val,-0.08445284411707149,0,-0.24356834415381257,0,-2.8529016121391386,0,-475.33936298118186,0,0.0,0,0.09181869623546159,0,4.153370402344801,0,-25.499283552120758,0
TX000407,AC00401,val,-0.06898775233718324,0,-0.25593572161696343,0,-2.311610042052944,0,-460.6907950468464,0,0.0,0,0.1105568719705703,0,3.360857746114277,0,-22.717605469298828,0
TX000231,AC00401,train,-0.10892886924154183,0,-0.24109664365116434,0,-2.8235239405034385,0,-445.423238722683,0,5.960464477539063e-08,0,0.1380432297898201,0,3.6280037376451024,0,-25.25146593139345,0
TX001183,AC00401,train,-0.08225909166127465,0,-0.26252860713846415,0,-1.8092367686492477,0,-367.4569977270963,0,0.0,0,0.10481741725523723,0,3.5310068284690286,0,-21.61584554209374,0
TX000558,AC00402,train,-0.07237003914055085,0,-0.2367548478366155,0,-1.0904273873080665,0,-438.6447140353857,0,0.0,0,0.3257368542895769,1,6.203674239214015,0,-74.0736919472105,0
TX000918,AC00402,train,0.02622054248374961,1,-0.19418293907715678,0,-0.4355481150284852,0,-360.554659166932,0,0.0,0,0.4958439274625428,1,11.241594566840611,1,16.353525446244216,1
TX002144,AC00402,train,-0.04956477921808167,0,-0.2266286266923252,0,-2.2345060340086924,0,-463.6140370892292,0,8.429369702178807e-08,0,0.1296251972206504,0,4.76103321384382,0,-23.734519615851553,0
TX001832,AC00402,train,-0.096706543105045,0,-0.27204687602565647,0,-2.790477084805877,0,-470.7524373669089,0,8.429369702178807e-08,0,0.021256734881596854,0,3.0263352037998343,0,-27.307993408944895,0
TX001639,AC00403,train,-0.10806003991820046,0,-0.24263839516482433,0,-1.4760892139308996,0,-472.2770974726671,0,0.0,0,0.10450477527319631,0,4.258374881589239,0,-77.67103720149288,0
TX000277,AC00403,train,-0.09610458503668246,0,-0.24800687718801195,0,-1.5953845401068314,0,-470.66701044638495,0,0.0,0,0.13476693735533016,0,4.109794954049856,0,-61.48275894993316,0
TX000628,AC00403,train,-0.10577707562709804,0,-0.2686248071237609,0,-1.4744488580590733,0,-478.03339225268724,0,5.960464477539063e-08,0,0.046253454438163914,0,3.3636139804579286,0,-14.263876165745272,0
TX001087,AC00403,train,-0.0962627704820167,0,-0.23315788945333593,0,-1.4125618650370289,0,-472.7951951940013,0,0.0,0,0.05880023476059272,0,4.241771836022788,0,-26.278930466080457,0
TX001342,AC00403,train,-0.06881785056050727,0,-0.24147405420241363,0,-2.5451452793672757,0,-429.7583888826722,0,0.0,0,0.1103821078786506,0,5.295765997896413,0,-24.357288744353855,0
TX000141,AC00403,train,-0.08617435509320787,0,-0.2546256079861383,0,-1.3990834561138996,0,-456.0216583801713,0,0.0,0,0.08247041155459958,0,3.7837973902297537,0,-21.782502596524683,0
TX000860,AC00403,train,-0.0776649169507917,0,-0.2038409579173912,0,-0.8348692838819716,0,-447.3614029114697,0,8.429369702178807e-08,0,0.1967518432074989,0,4.988770324394419,0,-19.606889430501585,0
TX001318,AC00403,train,-0.09654749168635751,0,-0.2363041653666509,0,-1.1558757245118318,0,-447.2983891826947,0,0.0,0,0.13473409170925726,0,4.033042754502126,0,-20.904652427196954,0
TX000897,AC00404,train,-0.11931586123691629,0,-0.2599051755920496,0,-1.2756527632164474,0,-476.0566906685611,0,8.429369702178807e-08,0,0.02244837246752462,0,4.830528050559656,0,-79.03953000429593,0
TX002210,AC00404,train,-0.10303767732234259,0,-0.22707514201856638,0,-1.509134354185095,0,-472.94930067604133,0,0.0,0,0.1272981222470298,0,4.361223743677001,0,-64.43932939176847,0
TX001197,AC00404,val,-0.04880781437798787,0,-0.00717454697357911,0,-0.17570367733408254,0,-437.8725184952115,0,0.0,0,0.482856090585691,1,6.196553255406598,0,-6.828927447693634,0
TX000037,AC00404,train,-0.09719994213780064,0,-0.25129077580727355,0,-1.455843124894308,0,-470.20042969477373,0,0.0,0,0.12136733811832297,0,3.8172789106706597,0,-22.560617657655822,0
TX001604,AC00405,train,-0.08820308245903219,0,-0.22313768173510695,0,-0.8999678374870435,0,-468.6238769954606,0,0.0,0,0.142883961096176,0,4.93278642529341,0,-77.06009831198826,0
TX001414,AC00405,val,-0.00324462291121963,0,-0.23131175579835528,0,-1.4609933127995252,0,-413.76223185028397,0,1.1920928955078125e-07,0,0.40343695231811555,1,6.359414144192697,0,-36.97851675499078,0
TX000040,AC00405,train,-0.0707032218082988,0,-0.1536628173579122,0,-2.443364621842818,0,-462.27721249829114,0,0.0,0,0.40171962663906896,1,4.2277135227679725,0,-17.748189511925734,0
TX001756,AC00405,val,-0.09354856564233477,0,-0.19578890567504703,0,-2.0489045329346975,0,-459.2710914523435,0,0.0,0,0.37488179576498476,1,4.649088566162667,0,-21.434673423334363,0
TX001371,AC00405,train,-0.09313293704749015,0,-0.24013934928789626,0,-3.105054546618664,0,-440.8393256066694,0,0.0,0,0.11682155232372313,0,3.624194541481759,0,-24.224272343108492,0
TX000139,AC00405,val,-0.05265039720891823,0,-0.19816731105117258,0,-2.5158835635363115,0,-414.16154078950746,0,0.0,0,0.37989516735883155,1,6.1445697180402234,0,-11.299284118695601,0
TX000081,AC00406,val,-0.108016182028912,0,-0.2230276660089523,0,-2.0767798686028414,0,-471.74847507943707,0,0.0,0,0.2077011111423535,0,3.9520931316977324,0,-76.23032270120912,0
TX001974,AC00407,train,-0.10126136368223065,0,-0.2452731087881288,0,-1.5635174547556048,0,-466.40348362258936,0,0.0,0,0.20189648091925272,0,6.834429698081758,0,-79.7144622362846,0
TX000450,AC00407,train,-0.010581247798495452,0,0.18583511758196525,1,3.078540779053413,1,711.0766280548514,1,12.452989526595923,1,0.7652645077833498,1,13.372268295825357,1,-138.3867929135453,0
TX001049,AC00407,train,-0.06497377572701568,0,-0.13998102794472622,0,-1.6461942715359896,0,-451.1531009798743,0,0.0,0,0.4583132627509112,1,6.407914325060895,0,5.911487829633952,0
TX001535,AC00407,train,-0.025565967987872862,0,-0.22836636816576128,0,-0.6549572726065467,0,-288.203039996778,0,0.0,0,0.5427303740479517,1,8.30839643890882,0,-12.61159637047829,0
TX002441,AC00407,train,-0.012845864705701926,0,-0.14504730217533512,0,-2.1706357972802977,0,-378.35371873839017,0,0.0,0,0.42870763346379503,1,5.225790138054673,0,-9.773082042289577,0
TX002499,AC00407,val,-0.054695551161196565,0,-0.19350241293515924,0,-1.6986511941731557,0,-378.74153156899297,0,1.1920928955078125e-07,0,0.3689226470828054,1,4.747944270796339,0,-14.85906676291393,0
TX000540,AC00407,train,-0.038434608800805126,0,-0.234573904314209,0,-2.302031901887055,0,-404.17161245859086,0,8.429369702178807e-08,0,0.15713029269683249,0,3.9254072564511517,0,-18.081571952446872,0
TX002297,AC00408,train,-0.12365802246177321,0,-0.2581463716887058,0,-2.3925634896524954,0,-476.9683607177037,0,0.0,0,0.036632504087581695,0,3.3715782088294235,0,-78.77594861495658,0
TX001740,AC00408,val,-0.11666104959860585,0,-0.2488001638196189,0,-3.10588756003704,0,-481.66496601847535,0,0.0,0,0.10893418074178114,0,2.9232919418595986,0,-64.96442253968785,0
TX001994,AC00409,train,-0.082102307670471,0,-0.2148753762964164,0,-1.7836488846589074,0,-458.49812173307686,0,0.0,0,0.3164964540563895,0,6.966634509540845,0,-74.51402213299583,0
TX001283,AC00409,train,-0.03923276586207003,0,-0.2242400802150033,0,-0.3806137689339373,0,-435.5875697761148,0,0.0,0,0.46602860768293264,1,10.750033252774745,1,-54.09775344594253,0
TX001608,AC00409,train,-0.09123002839447408,0,-0.2406065543273337,0,-2.326921214025372,0,-468.53406728694574,0,5.960464477539063e-08,0,0.15616786688199968,0,3.557198542062815,0,-25.70393934833741,0
TX001948,AC00409,train,-0.08424465157387673,0,-0.24308140568287562,0,-2.193156639776083,0,-461.18041772733716,0,8.429369702178807e-08,0,0.16907820357493245,0,3.818111154587641,0,-22.270454622243715,0
TX001353,AC00409,train,-0.005772084525836885,0,-0.09870701050530828,0,-1.6286906752903594,0,-409.78291881714546,0,0.0,0,0.40503449026790095,1,4.295913198705161,0,10.558725586800396,0
TX001171,AC00410,train,-0.10841386319030144,0,-0.2325614273132015,0,-1.5719549146351213,0,-476.9663647122075,0,0.0,0,0.19915907416138473,0,4.484595128262489,0,-79.37577013858632,0
TX001399,AC00410,train,-0.08505401718614641,0,-0.18039656678706328,0,-1.4584957427986716,0,-464.4735666204536,0,0.0,0,0.37431168628479583,1,5.80044663557071,0,-59.86184874024607,0
TX001284,AC00410,train,-0.01831481770608151,0,-0.1467155706230585,0,-1.2606875360586862,0,-427.0171672649497,0,0.0,0,0.4377893467331162,1,5.543637676992285,0,7.352458139410249,0
TX001600,AC00410,train,-0.06404903571605619,0,-0.22733996777064558,0,-2.762298140879615,0,-464.8413297140009,0,0.0,0,0.34124011552069405,1,5.766475658043658,0,-16.492857103245814,0
TX000379,AC00410,train,-0.09204152502247415,0,-0.23897122417247108,0,-2.6462828606532955,0,-466.37960770995534,0,5.960464477539063e-08,0,0.1541020262703787,0,3.4813724249126676,0,-27.690962004268986,0
TX000803,AC00411,train,-0.10866042860312014,0,-0.2519957546075219,0,-2.1686778252616,0,-471.3743848323546,0,0.0,0,0.0,0,4.0277087709700234,0,-78.0877095428752,0
TX001205,AC00411,val,-0.11237349999006185,0,-0.19359830354462915,0,-2.646583215867059,0,-462.3213588500098,0,0.0,0,0.3254162428684778,1,3.9985809328573767,0,-59.442172361366296,0
TX000396,AC00411,train,-0.044026468134891195,0,-0.15425252555754887,0,-0.35197657748277145,0,-388.8383646358806,0,0.0,0,0.5114528938962388,1,7.227909137766174,0,19.25528499287199,1
TX001597,AC00411,train,-0.08406032987436451,0,-0.2297150526415499,0,-2.7230893773179705,0,-454.52496177944926,0,0.0,0,0.1683565366457564,0,4.162651371964472,0,-20.902725739412322,0
TX000005,AC00411,val,-0.06208798568742635,0,-0.2340450944490431,0,-1.8117043020487813,0,-422.6088534362828,0,8.429369702178807e-08,0,0.1256793258672554,0,3.8371833718693247,0,-17.947884743611358,0
TX001702,AC00411,train,-0.09514727849226373,0,-0.2301807710268775,0,-1.548632847606509,0,-369.8352248211972,0,1.1920928955078125e-07,0,0.15375931210376384,0,4.061857915580661,0,-16.139394070127327,0
TX000852,AC00412,train,-0.11129624652203696,0,-0.24814593760842807,0,-1.9186593149121638,0,-475.8778894907094,0,5.960464477539063e-08,0,0.1621858336092862,0,3.6169823188135117,0,-78.93592037406265,0
TX002468,AC00412,train,-0.08445739158969129,0,-0.02207181770659039,0,-1.7866505488441664,0,-455.4389509279489,0,0.0,0,0.4873466358443035,1,5.19056136507892,0,-55.30247122112789,0
TX001389,AC00412,train,-0.06921707139233552,0,-0.27328586127317556,0,-1.183567381626121,0,-362.7549621017505,0,0.0,0,0.5179946880488214,1,9.586881846924237,0,-17.22904103270784,0
TX001152,AC00412,train,-0.09665614940711742,0,-0.22773673913243098,0,-2.8121348486198094,0,-473.5816448633479,0,0.0,0,0.15944417404800806,0,3.8476340612590505,0,-27.2715241170126,0
TX000565,AC00413,val,-0.059419585991717094,0,-0.1684034318990344,0,-1.7773048081934935,0,-358.19878458674293,0,0.0,0,0.4154395574730587,1,8.272233508217896,0,-21.896323012275467,0
TX000609,AC00413,train,-0.05492026646551673,0,-0.07981437467032859,0,-1.0069327380782074,0,-451.49562946211313,0,1.1920928955078125e-07,0,0.5252672317616283,1,7.051542616353212,0,-56.998334375533545,0
TX001594,AC00413,train,-0.0179393417582856,0,-0.1869735217700128,0,-2.8016532519975925,0,-444.6083441780289,0,0.0,0,0.3814887223244848,1,6.163457836128702,0,-17.057205510593732,0
TX002128,AC00413,train,-0.07770176608339818,0,-0.271557912027954,0,-2.570053851532146,0,-467.81983031980326,0,0.0,0,0.04721049956617394,0,3.6896786470461813,0,-28.030880728333717,0
TX001014,AC00414,train,-0.10342744554194921,0,-0.2313135002252431,0,-2.207674760345075,0,-475.85582562837806,0,0.0,0,0.2427775480871797,0,5.116121770788834,0,-80.85195967227428,0
TX000222,AC00414,train,-0.023083072323911547,0,-0.009036833067425976,0,-1.8245048170812996,0,-366.0707652244627,0,1.1920928955078125e-07,0,0.5398431786715999,1,6.556941955161839,0,-57.952477070389556,0
TX002177,AC00414,val,-0.03912915799087208,0,-0.11821104476262012,0,-1.7081226978834447,0,-447.3648498303071,0,0.0,0,0.42463101550660104,1,5.304861363366466,0,24.910710433215232,1
TX002331,AC00415,train,-0.04584778927108929,0,-0.10351476688789041,0,-0.39711083793181423,0,-385.5768109484153,0,0.0,0,0.2871530699739278,0,5.874418534588101,0,-25.486249178036637,0
TX001128,AC00415,val,-0.0743702653285157,0,-0.1747901916271375,0,-0.750550596964219,0,-460.81454958593554,0,0.0,0,0.3376051683905006,1,4.569905341923967,0,-58.46453654917665,0
TX000247,AC00415,val,-0.05514054733314111,0,-0.19340042882504038,0,-0.5535055361571874,0,-438.33929030532255,0,0.0,0,0.35685235043591396,1,5.556876538722187,0,-14.904906147422853,0
TX000639,AC00416,train,-0.06836635923142548,0,-0.23509230264971093,0,-1.0675419759455167,0,-449.7491544110746,0,0.0,0,0.3478735218544432,1,6.627248250476867,0,-73.68955482945081,0
TX001016,AC00416,train,-0.04972953888216819,0,-0.21671843225850163,0,-1.4340651908264395,0,-438.7388818714361,0,0.0,0,0.4540187240685936,1,9.16525825887055,0,-59.02276213337796,0
TX002268,AC00416,train,-0.03447579153067343,0,-0.06234837631161416,0,-1.9341502518270843,0,-392.88165488815974,0,1.6858739404357614e-07,0,0.533555507755341,1,8.021166539564915,0,-5.172311946329644,0
TX001514,AC00416,train,-0.004038126710345091,0,-0.017802842464452073,0,-1.0902456689303008,0,-413.41077684656125,0,1.1920928955078125e-07,0,0.523957008593345,1,7.307891793185677,0,-13.19945378747082,0
TX000718,AC00416,val,-0.00862457252300941,0,-0.16397447629221995,0,-1.3566071565743805,0,-358.2704388034545,0,0.0,0,0.3898779119554832,1,5.579788771725395,0,13.058448169002997,1
TX000220,AC00417,train,-0.1152462673700474,0,-0.24565674373331214,0,-1.9001505714919968,0,-467.7540640330569,0,0.0,0,0.002234505837676967,0,4.312414203067044,0,-75.29902980115742,0
TX000797,AC00417,train,-0.08509288375506252,0,-0.23995738555087676,0,-0.8594176284348727,0,-470.59065932399955,0,0.0,0,0.3428331217223148,1,6.75569281877215,0,-63.927845315131464,0
TX001213,AC00417,train,-0.06614246900613696,0,-0.24350813093933055,0,-1.532408691453785,0,-456.9665879777734,0,0.0,0,0.09661264678677801,0,3.5502387269417555,0,-21.297661216687377,0
TX001267,AC00417,train,-0.055414229325219666,0,-0.19996664216700855,0,-0.9878406341523345,0,-457.9719214692616,0,0.0,0,0.32156013167069925,1,4.6117161036078,0,-21.396011543148294,0
TX000464,AC00417,train,-0.02266842901709376,0,-0.08726358319686556,0,-0.8553679785727546,0,-396.0792911664665,0,0.0,0,0.4937231341077689,1,6.000913164643335,0,9.190347545193529,0
TX000589,AC00418,train,-8.743909819652895e-05,0,0.22254109865145089,1,-0.7052012533165204,0,-259.3614854178227,0,1.1920928955078125e-07,0,0.5425874801707927,1,5.733231118954142,0,-53.03130681625216,0
TX000866,AC00418,val,-0.10689427254722006,0,-0.24989839904959177,0,-1.5201927546348397,0,-471.2288023255869,0,5.960464477539063e-08,0,0.1400781260972847,0,3.678757880135941,0,-60.21817055936643,0
TX000723,AC00418,train,-0.0976699739199468,0,-0.26836518578452206,0,-2.018661341810308,0,-471.6101679333079,0,0.0,0,0.03685243591315261,0,3.1901634059907726,0,-24.030154984864538,0
TX000333,AC00418,train,-0.07919420774484642,0,-0.20487464363596564,0,-1.5661511900676253,0,-460.46354200830524,0,0.0,0,0.33338427220944294,1,5.144022438174684,0,-19.45920092753008,0
TX002195,AC00418,train,-0.015665280088589584,0,-0.20790102525238519,0,-2.6135125460505737,0,-443.81416140895027,0,1.6858739404357614e-07,0,0.46053331922520513,1,6.268852602293578,0,-15.909349792262383,0
TX000692,AC00418,train,0.07351512017786443,1,-0.036499788318164805,0,-0.030800491471985936,0,-299.56193055956874,0,1.1920928955078125e-07,0,0.5077174378485345,1,6.14060786060228,0,16.15242471127075,1
TX002206,AC00419,train,-0.10424581941983485,0,-0.24885593377972526,0,-1.9024321968507838,0,-472.9597731266609,0,0.0,0,0.16425327531986222,0,5.339783348878623,0,-79.32869118964895,0
TX000055,AC00419,train,-0.08801241569896662,0,-0.2518560174837857,0,-1.522873227916767,0,-472.5216052242334,0,0.0,0,0.3221650395564886,1,7.378638158864995,0,-63.917252069583114,0
TX001508,AC00419,train,-0.06838222454262627,0,-0.2054284076602233,0,-2.6528378998528304,0,-447.4680087766085,0,0.0,0,0.18665054847250656,0,3.9149518161189536,0,-20.86618805462506,0
TX001051,AC00420,val,-0.09374343303570887,0,-0.00617607544389176,0,-0.21513549443887037,0,-456.2258788508662,0,0.0,0,0.379957540508681,1,6.342018967802048,0,-71.79729236563729,0
TX000440,AC00420,train,-0.06125947893650263,0,-0.18203705284224747,0,-1.9240366377014446,0,-453.28274101831454,0,1.1920928955078125e-07,0,0.3535007901888135,1,6.5441128348176845,0,-63.08916314237163,0
TX002343,AC00420,train,-0.02713463451902376,0,-0.1676547140599116,0,-1.6317021286472624,0,-424.08958830805085,0,0.0,0,0.4863702895439303,1,6.826740818863657,0,-9.72756801667163,0
TX000764,AC00420,train,0.007206069053922515,1,-0.15511398720059755,0,-2.143742292215274,0,-332.2120619021161,0,8.429369702178807e-08,0,0.3999547837012789,1,5.037605294373916,0,-11.909528005901954,0
TX000157,AC00421,val,-0.08855030903491395,0,-0.2144707072397538,0,-1.197405282247061,0,-414.2351828387286,0,8.429369702178807e-08,0,0.17517326324612403,0,4.676367188475024,0,-73.5433105061148,0
TX000041,AC00421,train,-0.0608963642658617,0,-0.21933332384849913,0,-1.32692502219966,0,-448.88128198642056,0,0.0,0,0.37676745934062716,1,6.549686718925127,0,-55.0044124614901,0
TX000413,AC00421,val,0.012518454691911152,1,-0.10894077789248757,0,-2.0183640851946745,0,-429.2986894815241,0,0.0,0,0.4123927090089225,1,4.419746932706661,0,14.880008242637086,1
TX001629,AC00422,train,-0.10838160027633525,0,-0.21415478910932406,0,-1.6846900582736222,0,-480.0286652873165,0,0.0,0,0.1940362762774149,0,4.717253280893985,0,-82.7442957965023,0
TX001286,AC00422,train,-0.10081189375794619,0,-0.2477347750533434,0,-1.6789323125978584,0,-473.78566105520946,0,0.0,0,0.09738130836140502,0,3.824711054772933,0,-63.767739235763045,0
TX000809,AC00422,val,-0.09862040590212545,0,-0.27750550183561506,0,-1.891307693507068,0,-466.49961548532303,0,0.0,0,0.06172198719894379,0,3.203501233156243,0,-10.417157717035515,0
TX001475,AC00422,train,-0.09650818895304425,0,-0.2554641279256743,0,-2.2873107101314716,0,-471.6261323432916,0,5.960464477539063e-08,0,0.05264167973105171,0,4.091021631502871,0,-16.613561049331675,0
TX001733,AC00423,train,-0.08505444276510216,0,-0.16195719996186408,0,-1.4981647298303393,0,-467.0588388486078,0,8.429369702178807e-08,0,0.30139023529023157,0,4.305921385280837,0,-74.28542173324745,0
TX000273,AC00423,train,-0.08922837382584792,0,-0.17935160445420628,0,-1.1313926511466832,0,-469.01566950298866,0,0.0,0,0.4091795522187268,1,5.233861221187739,0,-61.17739108888207,0
TX001090,AC00423,train,-0.10608032590091537,0,-0.2670231551841016,0,-2.4910578004371704,0,-475.80162015407336,0,0.0,0,0.017176188203633154,0,3.2764300475147943,0,-26.734289551081677,0
TX000654,AC00423,train,0.022148205073368787,1,0.13760506184390198,1,1.2992515568755847,1,-284.3932729994499,0,0.0,0,0.6928656113813534,1,8.918852137895072,0,20.44396877524158,1
TX001120,AC00423,train,-0.021978306324991093,0,-0.10586004900597046,0,-0.08684208633294155,0,-316.9837346813933,0,0.0,0,0.4560033778653581,1,6.935206088171437,0,-6.241433253387104,0
TX000109,AC00423,train,-0.0011879912626496791,0,-0.052806884631638296,0,-0.00022746209691071329,0,-118.56930745163868,0,1.6858739404357614e-07,0,0.5890570565648747,1,10.36084600556192,0,-3.740211647985669,0
TX002435,AC00424,train,-0.10360728955480358,0,-0.22855595857682665,0,-1.375636314082131,0,-473.7000527479041,0,0.0,0,0.21255751533551043,0,4.016869585235319,0,-77.68628157991122,0
TX001694,AC00424,train,-0.11076441986688934,0,-0.25464859625517977,0,-1.9134202236712277,0,-468.0144660195899,0,0.0,0,0.04098800601390821,0,3.3597519958551887,0,-60.74345523704404,0
TX000663,AC00424,train,-0.09942442110580924,0,-0.2669413788532946,0,-2.1762105451087415,0,-478.6374377212667,0,5.960464477539063e-08,0,0.03685243591315261,0,3.3298452293956835,0,-26.341869079714137,0
TX000268,AC00424,train,-0.09302818694312626,0,-0.2382953183234846,0,-2.1304937945723257,0,-470.3820005709669,0,0.0,0,0.12153711823041573,0,5.42015005033063,0,-25.392939332623264,0
TX000571,AC00424,val,-0.040448185854576046,0,-0.19555634059163007,0,-1.9997529430531333,0,-445.2315291589582,0,5.960464477539063e-08,0,0.18960228792292988,0,3.4241680490511843,0,9.499849834987142,0
TX000095,AC00425,train,-0.07233066247989506,0,-0.17667557565108938,0,-1.4052706611887924,0,-449.22300004726,0,1.6858739404357614e-07,0,0.46275332116586165,1,6.877208851680042,0,-74.59520428088001,0
TX000901,AC00425,train,-0.03909883236744238,0,-0.2548532839731241,0,-0.48541059582344204,0,-455.1039848951171,0,0.0,0,0.4157174451596475,1,10.940432245341054,1,-60.219316764007075,0
TX002062,AC00425,train,-0.0952464763428208,0,-0.2326569687985376,0,-3.2420142528416314,0,-471.9096546283375,0,0.0,0,0.19968849227815225,0,3.265395357613629,0,-27.230479024687885,0
TX000795,AC00425,train,-0.1079707384233034,0,-0.2709682759888463,0,-2.594645881824249,0,-469.4217324779742,0,0.0,0,0.030956673888641,0,2.703937792822655,0,-26.28174789524812,0
TX000625,AC00425,train,-0.06536163151775276,0,-0.19405180652035847,0,-2.628443793892192,0,-411.7825179987521,0,0.0,0,0.3662052978857932,1,4.310264649414292,0,-21.328906916024412,0
TX001573,AC00425,train,-0.09873361565394612,0,-0.25002291862246495,0,-3.047618228467231,0,-469.78784350930556,0,0.0,0,0.10559792063261793,0,3.077099630889056,0,-24.687298312411055,0
TX000063,AC00425,train,-0.08182750010574158,0,-0.20530858630800708,0,-1.684733660393034,0,-453.35053844184665,0,0.0,0,0.36739910475290943,1,4.9902640213856255,0,-20.549248789237605,0
TX001122,AC00426,train,-0.04803189310277123,0,-0.04402342913947921,0,-1.1103162156160629,0,-436.0451823344588,0,1.1920928955078125e-07,0,0.4277801029083775,1,5.53605656335697,0,-61.802401602507906,0
TX000593,AC00426,train,-0.1030411927401404,0,-0.2341090798402663,0,-2.0080451408499016,0,-475.5105453432158,0,0.0,0,0.0,0,4.5913383636343434,0,-64.0742510122087,0
TX001688,AC00426,train,-0.10418810317181026,0,-0.26164112994053323,0,-2.4321969984050416,0,-478.06803964007656,0,0.0,0,0.08559811775572347,0,2.9880108705972472,0,-27.929329901312958,0
TX000197,AC00426,train,-0.10387463938165287,0,-0.26501196839938645,0,-2.251124822751734,0,-479.6151984208813,0,0.0,0,0.09293848454776965,0,3.257209944793707,0,-29.23261800536818,0
TX000653,AC00426,train,-0.09882889516128823,0,-0.2630419587152162,0,-1.8264109438858114,0,-471.291817870095,0,0.0,0,0.017669148646021877,0,3.172723685786053,0,-26.3749751308363,0
TX001754,AC00426,train,-0.0796254725007815,0,-0.20134649796348758,0,-3.2818606231360032,0,-463.657960484825,0,0.0,0,0.33046310468077084,1,7.226030817183228,0,-16.982804204893178,0
TX002076,AC00427,train,-0.10600104201364535,0,-0.2589841316328624,0,-0.842502581561547,0,-474.7793708907075,0,1.1920928955078125e-07,0,0.01164382838923366,0,5.44028662617012,0,-79.86529548269901,0
TX001963,AC00427,val,-0.040363697988080316,0,-0.08815345687004217,0,-1.2910409998618722,0,-438.5646116634096,0,8.429369702178807e-08,0,0.4249723055210595,1,5.560505107636544,0,-52.297309171822576,0
TX000291,AC00427,val,-0.11568212140069273,0,-0.26320479974793654,0,-1.546542033257774,0,-475.81005051192716,0,5.960464477539063e-08,0,0.03685243591315261,0,3.587957334538034,0,-26.08974622392408,0
TX000060,AC00427,train,-0.10706380426377099,0,-0.2514738012924058,0,-1.9299678095225747,0,-480.08497995214907,0,0.0,0,0.12242659100022088,0,3.8418644324450355,0,-28.983855753493305,0
TX002504,AC00427,train,-0.09356066672335678,0,-0.2249457986433514,0,-1.82931928500882,0,-465.4272554140295,0,0.0,0,0.3311153075733324,1,5.3636049693482875,0,-19.788930009696415,0
TX002065,AC00427,train,-0.08287809983612049,0,-0.16337132928348352,0,-0.6606088932392815,0,-440.3427981613426,0,0.0,0,0.32541278095040327,1,4.553394037734671,0,-13.8645015969113,0
TX002037,AC00427,train,0.0078532784134423,1,-0.10152110697530858,0,-0.4276945428520893,0,-416.1432827856304,0,0.0,0,0.4112377154755296,1,5.1497055226008035,0,-11.077325084235472,0
TX002115,AC00427,train,-0.002216846219291191,0,-0.16838869850595461,0,-1.8598394398453486,0,-362.0875406694849,0,1.6858739404357614e-07,0,0.505368790141215,1,6.001842729532484,0,8.208689759382587,0
TX000230,AC00427,train,0.057420559531804694,1,-0.21566498164455172,0,0.0004183263277006688,1,-166.01315030232945,0,2.384185791015625e-07,0,0.5762892071667698,1,8.819003652360744,0,-6.15397727443,0
TX001211,AC00428,val,-0.11624651724527002,0,-0.24658031111246914,0,-1.7415942028342961,0,-479.67837585018856,0,8.429369702178807e-08,0,0.10982626975460814,0,4.163769812763168,0,-81.4061999959466,0
TX002085,AC00428,train,-0.012764700014031072,0,-0.1444120975905554,0,-0.40097252135020156,0,-321.32685291531334,0,3.371747880871523e-07,0,0.6469183729563831,1,12.690516848046057,1,-52.81886066552798,0
TX001581,AC00428,train,-0.016002095271225703,0,0.05124681849345669,1,-0.693345738704318,0,-384.1241208633666,0,0.0,0,0.5613173444476669,1,7.556006875095956,0,-4.36407257070471,0
TX002249,AC00429,train,-0.11103489051067206,0,-0.22599518317450484,0,-1.5779117264594031,0,-472.6171449367038,0,0.0,0,0.2156604649136075,0,3.923953900800712,0,-74.50093219343718,0
TX000588,AC00429,train,-0.09234569175966323,0,-0.17219245893593005,0,-1.7155814901832933,0,-463.94553438541897,0,0.0,0,0.3978377853680755,1,4.4049092773844665,0,-58.94867804160532,0
TX000941,AC00429,train,-0.08022399525447005,0,-0.2342882442864096,0,-1.383280532662738,0,-465.8637452680889,0,5.960464477539063e-08,0,0.15784835635434988,0,3.9210974684243127,0,-22.31217781512122,0
TX000258,AC00430,train,-0.09702498005014792,0,-0.20000767207743553,0,-2.430935553258406,0,-465.15096339458137,0,1.1920928955078125e-07,0,0.3068332184979481,0,5.925086762111019,0,-80.69804590293239,0
TX000232,AC00430,val,-0.047980366197146795,0,-0.0858988805034957,0,-0.9773783030332517,0,-393.9794417695952,0,0.0,0,0.5231024086038515,1,7.5367686193794645,0,16.285098762494567,1
TX002116,AC00430,train,-0.05650523237473354,0,-0.1645258514076322,0,-2.1752195354147226,0,-455.00145256800494,0,8.429369702178807e-08,0,0.39568417322646465,1,4.767146115999036,0,-17.45238084140607,0
TX002208,AC00430,train,-0.0920611185780702,0,-0.22469730724773784,0,-2.429854413093917,0,-469.48776355556345,0,0.0,0,0.1798753809871931,0,4.0668389769908675,0,-26.91396089686309,0
TX002461,AC00430,val,-0.02667190085515131,0,-0.06224268571894709,0,-0.7876650354166799,0,-424.4182303064446,0,0.0,0,0.419338242082685,1,5.1779498461435525,0,-10.63454719460815,0
TX000235,AC00430,train,-0.041455059564310504,0,-0.15428445920379152,0,-0.6890416054627551,0,-340.8951799292646,0,0.0,0,0.3355295820568344,1,4.402769545161245,0,-10.183620578909089,0
TX000255,AC00430,train,-0.07533192822643747,0,-0.23343430418650946,0,-1.8275042997957218,0,-374.1403698765349,0,0.0,0,0.3224278677563103,1,4.1394360095654985,0,-23.120636779821005,0
TX000892,AC00431,train,-0.1123838878715977,0,-0.2324337500933138,0,-0.9180988694837069,0,-471.62976876752214,0,0.0,0,0.14713023869671968,0,5.424200865231346,0,-77.54308718707577,0
TX001222,AC00431,train,-0.03870653008993158,0,-0.213946791386598,0,-1.868145381465574,0,-433.2361112182487,0,0.0,0,0.3584775899015102,1,5.7111143987569495,0,-45.92227186237625,0
TX001921,AC00431,train,-0.0936242474054611,0,-0.227153784412095,0,-1.9587375414055455,0,-472.88023111133566,0,8.429369702178807e-08,0,0.1860579405282953,0,3.8186126337297317,0,-26.097466002520814,0
TX000815,AC00431,train,-0.09813282907982662,0,-0.22876237150229062,0,-2.1985815574623366,0,-444.00679578040143,0,0.0,0,0.16570354257747205,0,3.653243670750047,0,-22.60661647579523,0
TX001274,AC00431,train,-0.0033628235146906382,0,-0.05361451943696327,0,0.22539605147819408,1,863.2519374856206,1,4.76837158203125e-07,0,0.6985533360689983,1,5.58643818216573,0,-8.20358002895828,0
TX000306,AC00431,train,-0.06399577217757146,0,-0.21090574198987078,0,-2.4947389406994898,0,-419.04151795179837,0,8.429369702178807e-08,0,0.1746876137523539,0,4.085506032279153,0,-19.485677670403344,0
TX002264,AC00431,train,-0.06569287889185393,0,-0.14851113947307137,0,-1.745607612754963,0,-380.0317882406077,0,0.0,0,0.38394809324564644,1,4.601975133895027,0,-15.264867200943232,0
TX002497,AC00432,train,-0.06597400206785409,0,-0.2036753571012635,0,-1.917646808177773,0,-25.212692995250507,0,1.1920928955078125e-07,0,0.2986852473152294,0,4.085887979023864,0,-74.93260199426044,0
TX001532,AC00432,train,-0.04622063929159681,0,-0.14789328176623462,0,-0.990947650240928,0,-441.2227408197884,0,0.0,0,0.4091498286561328,1,6.454994562842889,0,6.945969636166193,0
TX002439,AC00432,train,-0.046406547879720594,0,-0.19350788273310027,0,-2.465726423334303,0,-359.2746335941294,0,1.1920928955078125e-07,0,0.3794446930210949,1,5.2726481803549206,0,-15.967441850101562,0
TX001744,AC00432,val,-0.08810910117155879,0,-0.23352647247218794,0,-2.2117160420155706,0,-464.5466048955226,0,0.0,0,0.17207402214295628,0,3.169625477214651,0,-22.139282428094955,0
TX000946,AC00432,train,-0.12276507081460375,0,-0.26526775709497974,0,-2.285190558174481,0,-468.5161360596598,0,0.0,0,0.045487593551804296,0,3.2007140665501637,0,-27.045904381661092,0
TX001794,AC00432,val,-0.09080855659434334,0,-0.25857471294860934,0,-2.01514108192492,0,-458.34374300928306,0,0.0,0,0.059300473516433354,0,3.356748032116059,0,-26.750467758894093,0
TX000695,AC00432,train,-0.04250056997538626,0,-0.22129193556423332,0,-1.3384808867647227,0,-358.4622202144652,0,0.0,0,0.4927873222734455,1,9.31528938544242,0,-13.175409155435924,0
TX001217,AC00433,train,-0.09323024807307723,0,-0.12999776962694343,0,-1.7716118658778974,0,-462.76699780394034,0,0.0,0,0.3449754678027308,1,4.311773439228816,0,-73.54155989506285,0
TX000556,AC00433,train,-0.03486306754324214,0,-0.13019866673015246,0,-0.17479230157873715,0,-265.9672195891757,0,0.0,0,0.5994594221630002,1,13.503780818018312,1,-56.50182882420913,0
TX000501,AC00433,train,0.028243154993952357,1,0.06757843341287706,1,0.48982819180456794,1,-374.991680743921,0,1.6858739404357614e-07,0,0.5912610195306206,1,8.96510540003766,0,-5.493838985723105,0
TX000457,AC00434,train,-0.09806278638986765,0,-0.21681314429177756,0,-1.3756014490455506,0,-473.5629788207194,0,0.0,0,0.17188682781412787,0,4.126151550054739,0,-77.60831510429992,0
TX000146,AC00434,train,-0.08672249381702052,0,-0.2330866552397981,0,-1.1796895088628663,0,-465.7399544431111,0,0.0,0,0.009642051816018026,0,4.221654047074776,0,-60.05663416907425,0
TX000572,AC00434,train,-0.06622943268564069,0,-0.1652985852491855,0,-0.9215519148277167,0,-459.6186440442386,0,0.0,0,0.3304060630485151,1,4.435370267486934,0,-18.825741952895225,0
TX000328,AC00434,train,-0.011136375767966555,0,-0.16037375535710496,0,-1.089331776873328,0,-362.35337251470304,0,0.0,0,0.5001783127914347,1,6.336155638195641,0,9.230520693626735,0
TX001650,AC00434,train,-0.05646377470166364,0,-0.2249484354920026,0,-1.3833308723854767,0,-445.88898685053005,0,8.429369702178807e-08,0,0.16181202255249041,0,4.048595049020356,0,-22.350984965174963,0
TX000065,AC00434,val,-0.04998061803387699,0,-0.1361502277516149,0,-0.689867897562598,0,-415.57290873264293,0,8.429369702178807e-08,0,0.37513267649434584,1,4.773516789447196,0,-16.21803700970101,0
TX000417,AC00434,train,-0.0504375101917276,0,-0.17091941985934977,0,-1.7203939902809147,0,-385.0503973319196,0,8.429369702178807e-08,0,0.3662440717141631,1,5.374235949868847,0,-14.215548348354876,0
TX001509,AC00435,train,-0.10069933567975631,0,-0.23606027026137544,0,-0.90864437827633,0,-475.4989384809302,0,0.0,0,0.026600000724144642,0,5.212587945274246,0,-79.38973420436699,0
TX002034,AC00435,train,-0.0465815536910118,0,-0.12150585255072399,0,-0.532968337752445,0,-432.32352355137294,0,1.6858739404357614e-07,0,0.5177788758721124,1,6.465429223311475,0,-54.97230196164348,0
TX002464,AC00436,train,-0.11891091491699968,0,-0.23634393030768996,0,-2.0032692668606025,0,-470.407803743913,0,0.0,0,0.17532516586238617,0,3.327431018392736,0,-71.74538741480808,0
TX000869,AC00436,train,-0.05453915732676351,0,-0.19153417513645543,0,-1.6928808460642024,0,-444.4753543858316,0,0.0,0,0.3430881065607342,1,3.965594776143126,0,9.039244416294675,0
TX002057,AC00436,train,-0.05991182549102675,0,-0.23891465021370983,0,-2.124014487275872,0,-436.6569697384807,0,5.960464477539063e-08,0,0.17064959526047327,0,4.019079892546819,0,-15.639869641446683,0
TX002466,AC00436,val,-0.10583557361417695,0,-0.26166514440779176,0,-2.30883826403619,0,-474.5857529419014,0,0.0,0,0.047923238394828496,0,3.0556362694679424,0,-26.891836084088744,0
TX000602,AC00436,train,-0.05767380389936233,0,-0.2122653049874843,0,-1.7312096780863353,0,-443.7302382240114,0,0.0,0,0.19418855822732983,0,4.518815240845337,0,-19.452121041627976,0
TX001190,AC00437,train,-0.11189498990405711,0,-0.24755978661367317,0,-0.3792532735178593,0,-471.8719825627184,0,0.0,0,0.06832802517474196,0,6.107912623904841,0,-79.18370730829945,0
TX000690,AC00437,val,-0.07293566144655894,0,-0.1652914786237074,0,-1.13320710631068,0,-448.4642235568853,0,0.0,0,0.3570501711375544,1,5.074837349846097,0,-58.79931804347257,0
TX000090,AC00437,train,0.014763487715030998,1,0.12242553684568791,1,2.086549448093705,1,1135.3490486182275,1,8.170747603423854,0,0.7160713637978704,1,18.760608381205788,1,-125.1263083724653,0
TX000534,AC00437,val,-0.050091122816395994,0,-0.2105564284614927,0,-2.130243146151276,0,-454.5566030224545,0,0.0,0,0.1659921462942191,0,5.495352935765848,0,-18.528253181419824,0
TX000089,AC00438,train,-0.07015458799004848,0,-0.17649515155779127,0,-0.22628044891081167,0,-446.51438248045866,0,0.0,0,0.24502877428055947,0,6.281189834428269,0,-67.40611024843506,0
TX001395,AC00438,train,-0.04130798030456351,0,-0.15150421253365032,0,0.29989864075835904,1,102.21101391346798,1,0.0,0,0.5797011565028951,1,10.097732305126671,0,-50.499665127747676,0
TX002033,AC00438,train,-0.07438187485563763,0,-0.2257080505416027,0,-1.2532596348397185,0,-457.193799038726,0,0.0,0,0.16094013531053547,0,4.366387126404932,0,-22.0510173767379,0
TX001511,AC00438,train,-0.08150082407389442,0,-0.24895334811615089,0,-1.511515415182151,0,-462.51515850491546,0,0.0,0,0.11511326313473046,0,3.881092011128575,0,-21.921664734379558,0
TX001746,AC00438,train,-0.07618676741490249,0,-0.15290513829976793,0,-1.4935829373622305,0,-430.7869221829252,0,0.0,0,0.4283834305330379,1,5.7668496863806675,0,-9.600882744193957,0
TX000061,AC00438,train,-0.03493788694894512,0,-0.2013228533051583,0,-2.006369626108377,0,-419.6349713019179,0,0.0,0,0.3702020522257232,1,6.711606744027524,0,-7.7678164975718555,0
TX000910,AC00438,val,-0.04639110511155836,0,-0.14858126318896114,0,-1.2609406814858701,0,-440.573646689511,0,8.429369702178807e-08,0,0.3439432068458666,1,4.548667926802718,0,6.128248491034871,0
TX001651,AC00438,train,-0.07622293270769948,0,-0.17885345061679647,0,-0.8427183611671971,0,-438.6086638047295,0,0.0,0,0.34776255478525653,1,4.462759012078823,0,-19.211072321894324,0
TX001983,AC00439,train,-0.09327517788365453,0,-0.20212005043674375,0,-2.150320150661969,0,-476.4260242907674,0,0.0,0,0.29375956366292943,0,4.008394536413065,0,-79.99969704387834,0
TX000338,AC00439,train,-0.07919590494769219,0,-0.16686179974290605,0,-1.912156528037487,0,-467.04107738322733,0,0.0,0,0.40996038802513174,1,4.7397042454328275,0,-59.64597820658804,0
TX001254,AC00439,train,-0.05415075197180702,0,-0.18321314736684746,0,-2.5600196319538906,0,-448.7643642724733,0,0.0,0,0.4006003189212228,1,6.444051696595872,0,-17.427563851514297,0
TX000885,AC00439,train,-0.056027291548863656,0,-0.19077144342619534,0,-2.6070521723486397,0,-438.45375307105945,0,0.0,0,0.3677747997746958,1,4.8643878176595825,0,-21.199596431486324,0
TX002154,AC00439,train,-0.05308860284169842,0,-0.2085304113424702,0,-2.3637282887953592,0,-430.44482653395517,0,0.0,0,0.32192433300063045,1,4.643898483394355,0,-20.855094297395983,0
TX002446,AC00439,train,-0.011216938151593414,0,-0.07049977712172506,0,-1.950179741097136,0,-328.95957367866004,0,0.0,0,0.4434562125721136,1,4.887823180414051,0,24.414973238685146,1
TX002440,AC00439,val,0.0035990896874724676,1,-0.1357135753106784,0,-2.3003453221051906,0,-312.64483557521925,0,0.0,0,0.4136327598012978,1,4.459849637654509,0,-7.63905972493527,0
TX000048,AC00439,train,-0.0677447556265392,0,-0.19091531633128755,0,-2.7536570850784052,0,-430.10210183292054,0,0.0,0,0.4192808035350731,1,5.86159938193762,0,-14.149949006606722,0
TX001871,AC00439,train,-0.07107551778282867,0,-0.1966569472787285,0,-2.246211551064981,0,-301.3266609420002,0,0.0,0,0.33977524370711165,1,4.024357770798835,0,-17.995077973130773,0
TX000185,AC00440,train,-0.11235839091635325,0,-0.23157323073918046,0,-1.6817446910895892,0,-471.7000056453038,0,0.0,0,0.2035614669653547,0,3.9239118739787813,0,-75.37595464902058,0
TX001095,AC00441,train,-0.1218752117467608,0,-0.2623966775789799,0,-1.1918764772186563,0,-479.4667504200937,0,0.0,0,0.0,0,4.70576697438835,0,-80.84655303863804,0
TX000027,AC00441,train,-0.04275367186009332,0,-0.039998618511134953,0,-1.1453600336846197,0,-425.8933912921901,0,0.0,0,0.540346982864842,1,7.345743900175808,0,8.792689440729955,0
TX000321,AC00441,train,-0.09650898222753901,0,-0.23772640986808247,0,-2.112137732332842,0,-469.6833497364107,0,0.0,0,0.15277075147831715,0,3.7424883892222685,0,-25.113473563270123,0
TX001442,AC00441,train,-0.09117974639033832,0,-0.2529314953484699,0,-2.61764208006376,0,-391.34934247463167,0,8.429369702178807e-08,0,0.05125456559111769,0,4.1452446716674025,0,-22.292054403754396,0
TX001388,AC00441,train,-0.07587496355662171,0,-0.2199615133848305,0,-2.063614845796886,0,-443.9180536974932,0,0.0,0,0.1643539805674663,0,3.6803418251824453,0,-21.789219454331263,0
TX002026,AC00441,train,-0.0393435984842781,0,-0.21253891961976756,0,-1.954572584101065,0,-125.36787040458091,0,0.0,0,0.5193231324046166,1,10.153156235100568,0,-14.038263756286897,0
TX001691,AC00442,train,-0.08482382911713976,0,-0.20284532938852418,0,-0.270855576642008,0,-465.49068996354464,0,0.0,0,0.1595943766865971,0,6.215923986270656,0,-74.68249371157131,0
TX001225,AC00442,train,-0.025957223991258715,0,0.08968630026089386,1,1.0088476371942132,1,1115.2278589581406,1,5.406804944710884,0,0.637830181062598,1,17.53282484386633,1,-125.12648961227515,0
TX001074,AC00442,train,-0.0734215795113205,0,-0.24333995047102475,0,-1.2628265903905298,0,-452.7597820339872,0,8.429369702178807e-08,0,0.14888656357614755,0,3.728343641099077,0,-19.55860317437727,0
TX000254,AC00442,train,-0.08407158896270805,0,-0.21004696380572474,0,-1.8550495750017166,0,-469.36632136474225,0,0.0,0,0.3213366461295485,1,4.298066892848587,0,-24.350334321683302,0
TX000346,AC00442,train,-0.08744885627039584,0,-0.24381198881328636,0,-1.2914107142507785,0,-458.0161204111715,0,0.0,0,0.08327502808165566,0,3.7157791447089745,0,-23.73855013930771,0
TX000477,AC00442,train,0.01611204245158504,1,-0.08733363848514486,0,-0.4157416665309519,0,-351.27103410714017,0,0.0,0,0.41517478234105243,1,4.878520067919611,0,12.29458128370447,0
TX000154,AC00442,train,-0.05252090877609128,0,-0.2043926842152286,0,-1.7357706880409065,0,-453.78846024119815,0,0.0,0,0.3859182483654009,1,5.807839767338428,0,-19.387238733897682,0
TX002091,AC00442,train,-0.08922483234344186,0,-0.2500189372167262,0,-1.7795718604839976,0,-442.8374365979669,0,0.0,0,0.10335499587419654,0,3.842165883649389,0,-20.151815679348697,0
TX000708,AC00442,val,-0.10143272799186015,0,-0.25898824800921383,0,-2.152408495585048,0,-449.4636757267208,0,0.0,0,0.11453192621185171,0,3.3897735381392478,0,-23.405007519292102,0
TX000431,AC00443,train,-0.10050281781973913,0,-0.268240733345269,0,-1.996083844435642,0,-52.545943496281325,0,0.0,0,0.0,0,3.676052569737798,0,-78.85952219092218,0
TX002380,AC00443,train,-0.05339847353572519,0,-0.07626563542775155,0,-0.7267318008364985,0,-409.36062648459296,0,0.0,0,0.5665102938049139,1,7.335657144927489,0,-51.15915844544928,0
TX002317,AC00443,train,-0.10631317364956688,0,-0.20467100245085024,0,-3.315701912760776,0,-460.9018289098774,0,0.0,0,0.3332037854873624,1,4.024080267193124,0,-21.146446970260904,0
TX001424,AC00443,val,-0.017559887478926117,0,0.10866415425894349,1,-0.7703676569158198,0,-403.84321790134175,0,1.6858739404357614e-07,0,0.5691236401536748,1,7.908938648450724,0,-1.0796715593838981,0
TX000320,AC00444,train,-0.09632478622127366,0,-0.22354759593548423,0,-0.5830922669506098,0,-471.43952407799037,0,0.0,0,0.07249153958591574,0,5.749077097848921,0,-76.24689516696611,0
TX001097,AC00444,val,-0.07848644161650953,0,-0.11168304018755904,0,-1.253307877424561,0,-456.5250921907578,0,1.1920928955078125e-07,0,0.4609071218927411,1,6.101595694061982,0,-60.55873855550666,0
TX000833,AC00444,train,-0.0497506493524143,0,-0.2140255240550697,0,-1.8127222778149115,0,-464.30821435704917,0,0.0,0,0.1932434012211462,0,4.890856782415937,0,-21.596996547667874,0
TX000843,AC00444,train,-0.07499629657865253,0,-0.19504771100218554,0,-1.648767688380559,0,-455.0823449482299,0,0.0,0,0.19844561398808538,0,4.665879352990465,0,-17.996308218260225,0
TX002223,AC00445,train,-0.0806116454244733,0,-0.12324158549090458,0,-1.2473895364266934,0,-214.85475878823434,0,0.0,0,0.4448951416472354,1,7.2985171089096825,0,-77.49373249814764,0
TX001155,AC00445,val,-0.0644270895075924,0,-0.18656311751642773,0,-1.792748004401986,0,-445.4731307537997,0,8.429369702178807e-08,0,0.37622743158622396,1,4.78252643815303,0,-46.94861302055334,0
TX000280,AC00445,train,-0.07280596861290572,0,-0.2482946501587704,0,-2.771557213630775,0,-462.50737349647864,0,1.1920928955078125e-07,0,0.3723954792151691,1,6.284902894551608,0,-21.064011649681362,0
TX000082,AC00445,train,-0.08301264795757096,0,-0.24361262122664407,0,-2.420443615685077,0,-437.38360618642923,0,0.0,0,0.09756008744923449,0,3.523211473391842,0,-24.435464767655382,0
TX000314,AC00445,train,-0.07422974848446307,0,-0.20853151460950037,0,-2.680458411592138,0,-460.7753535174802,0,0.0,0,0.3727891210741269,1,4.690804892552083,0,-24.12546488440275,0
TX002168,AC00446,train,-0.115027792039194,0,-0.26431220023044466,0,-1.1499611185914258,0,-475.608622431128,0,0.0,0,0.0,0,4.932855497037438,0,-80.32157522113974,0
TX000937,AC00446,train,-0.03760461144251298,0,-0.12784758868874957,0,-1.4955205967969647,0,-386.78057838424996,0,0.0,0,0.5602449419831607,1,4.9966106285558665,0,-61.77135912931479,0
TX002300,AC00446,train,-0.08219601668063303,0,-0.1936096119728421,0,-2.0818927935155003,0,-459.44595922469114,0,0.0,0,0.3429771640955175,1,4.396220290886523,0,-22.5263928664049,0
TX002036,AC00446,train,-0.06939094895650455,0,-0.21789205665821565,0,-1.4885981604916445,0,-452.6659138772354,0,0.0,0,0.1971545929160544,0,3.9848336401534343,0,-21.984537110622004,0
TX001684,AC00446,train,-0.027831550501552837,0,-0.2113152991740337,0,-1.3627654095853963,0,-450.6041996752119,0,0.0,0,0.14733031879324437,0,4.3839709661222885,0,-21.018029530935667,0
TX000649,AC00447,train,-0.11095912439940975,0,-0.2502909676263594,0,-0.7703518057395762,0,-464.33617083467396,0,0.0,0,0.1038807751587848,0,5.459928710859721,0,-73.89041306960395,0
TX001356,AC00447,val,-0.08904093819358938,0,-0.21716467667394324,0,-1.910545744617643,0,-460.06006729446307,0,0.0,0,0.17707547872066873,0,6.367387811211675,0,-64.89033371887146,0
TX001583,AC00447,train,-0.10618399015101215,0,-0.2614722479245659,0,-2.0934467496975735,0,-472.00400934606057,0,0.0,0,0.08885969270222636,0,3.54113660856915,0,-24.44998609457988,0
TX001375,AC00447,train,-0.05476881499314179,0,-0.16314211551957358,0,-1.624729654588764,0,-456.266132003753,0,0.0,0,0.35657528489266144,1,4.712474292389191,0,-18.46048409116433,0
TX002344,AC00448,val,-0.04679548692469265,0,-0.17662450137880703,0,-0.5123995726992039,0,-442.5179924547062,0,0.0,0,0.22526083814360967,0,5.957222936675945,0,-55.07149972921933,0
TX002167,AC00448,val,-0.048048057451698156,0,-0.17612857257503478,0,-1.198589529323682,0,-344.38415674143965,0,0.0,0,0.4831017831704701,1,5.759287610644102,0,-43.95914130674774,0
TX001887,AC00448,train,-0.06433960917740433,0,-0.22833508608315123,0,-1.064736270204607,0,-441.5686859204401,0,0.0,0,0.16164631155041675,0,3.9796988054803784,0,-16.405059547717418,0
TX000884,AC00448,train,-0.08141383793098694,0,-0.2552597210427845,0,-0.7722518922607815,0,-376.7716453161344,0,1.6858739404357614e-07,0,0.4819710838581148,1,10.343028954830105,0,-13.362160789648764,0
TX001080,AC00448,train,-0.0679468577225526,0,-0.1901150480010556,0,-2.857235845508118,0,-332.6199201561229,0,1.1920928955078125e-07,0,0.3953408219424518,1,6.9262258443099425,0,-16.12760247158988,0
TX000262,AC00448,train,-0.08988129215976937,0,-0.2504679397982674,0,-1.5617028095164969,0,-462.9221602107983,0,0.0,0,0.10706192027373841,0,3.84319512635718,0,-24.725128129661602,0
TX002226,AC00448,train,-0.05103053907651256,0,-0.18219080621219907,0,-1.1826870978260704,0,-427.9325101801485,0,0.0,0,0.3325314608472983,1,4.183843233760963,0,-17.002686736540685,0
TX001956,AC00449,val,-0.12609436521063067,0,-0.2730848866050567,0,-1.1588624938196048,0,-482.2769630718609,0,0.0,0,0.0,0,4.817903759695746,0,-81.94921475021515,0
TX002088,AC00449,train,-0.09311262835239054,0,-0.24894255414956756,0,-1.678946769086032,0,-476.90416262578304,0,0.0,0,0.1060754106003623,0,3.996145089930616,0,-64.61086879757613,0
TX000591,AC00449,train,-0.08881996510636342,0,-0.21717308202746421,0,-0.5251831574163646,0,-467.65115913872813,0,0.0,0,0.16047844020997595,0,4.388086097179427,0,2.084458258923154,0
TX001500,AC00449,val,-0.0668626009319418,0,-0.23596932449901886,0,-1.7364601756684177,0,-459.77864117658856,0,0.0,0,0.3241551496953403,1,5.657424535378189,0,-19.949277554585453,0
TX001687,AC00449,train,-0.06122015885988302,0,-0.10966476370797529,0,-1.6335706923120785,0,-428.79320037193304,0,0.0,0,0.45309680868074437,1,5.553207193922871,0,-14.632861674882538,0
TX002387,AC00450,val,-0.10936398122324842,0,-0.2509613936763717,0,-0.9499203793332054,0,-474.98516148399443,0,0.0,0,0.03744598885822733,0,5.215731653146029,0,-79.70973101593643,0
TX000499,AC00450,train,-0.022608952861749743,0,-0.07180186753432061,0,-0.5813301579865495,0,-278.5718762231931,0,3.371747880871523e-07,0,0.6096032914341779,1,7.022665728286112,0,-57.29050024841408,0
TX000863,AC00450,train,-0.08508134428354286,0,-0.2715599787893872,0,-2.6751834874764135,0,-467.2147253150808,0,0.0,0,0.06527349067688941,0,3.1493665860505557,0,-25.687371235120732,0
TX001114,AC00451,train,-0.1023600179773122,0,-0.2597701659807812,0,-0.8790201190493203,0,-311.79730488927316,0,0.0,0,0.47300484804440285,1,8.057050937004329,0,-71.32374412204337,0
TX001724,AC00451,train,-0.05808114292946165,0,-0.1571989156452831,0,-1.8001647667508536,0,-183.01970348624707,0,0.0,0,0.5513932607513772,1,7.3123734425073605,0,-47.37210424804526,0
TX001791,AC00451,train,-0.07537511740565223,0,-0.22153084205150164,0,-2.3240602111315365,0,-455.2044313617362,0,0.0,0,0.3525288531762008,1,4.75055813224889,0,-18.513281437812484,0
TX001892,AC00451,train,-0.08685769304409285,0,-0.25571402461203996,0,-3.201873530678313,0,-425.2044684229149,0,0.0,0,0.11419704321477861,0,3.1413526018339453,0,-25.743198964403813,0
TX000285,AC00451,val,-0.08751505606779342,0,-0.25726439097740883,0,-1.8635561047857419,0,-449.422412521328,0,0.0,0,0.0668237667271668,0,3.7915821962212637,0,-22.10584385502621,0
TX002109,AC00452,train,-0.10462261763643832,0,-0.23935948774550764,0,-1.74130310372988,0,-474.0772736060262,0,0.0,0,0.16624933397456187,0,3.9261597130922548,0,-77.11815545982245,0
TX000205,AC00452,train,-0.10140044946714066,0,-0.23568563691029687,0,-2.426650822679864,0,-473.2281484574926,0,0.0,0,0.15548319381013004,0,3.770668214958953,0,-63.23947292448533,0
TX002382,AC00452,train,-0.1141631359939031,0,-0.26196877720392286,0,-2.097428683269742,0,-480.27927531691864,0,0.0,0,0.05515693754254982,0,2.9845263690909962,0,-26.09183266148295,0
TX000436,AC00452,train,-0.0612058253590721,0,-0.24082000529727643,0,-2.447405271344147,0,-205.95055731435463,0,0.0,0,0.1931912189307564,0,6.693859815702753,0,-11.314087524815706,0
TX001315,AC00452,train,-0.09023743124670763,0,-0.21656283246840125,0,-1.2963694833854404,0,-448.75575039806597,0,1.1920928955078125e-07,0,0.17446197803404329,0,3.992509355547392,0,-18.260309534126474,0
TX000820,AC00452,val,-0.04915762712528371,0,-0.24618993341107287,0,-1.5442449715497073,0,-417.26341480134204,0,0.0,0,0.11957486714115269,0,3.6615334399632395,0,-18.572811784943628,0
TX002403,AC00452,train,-0.01946428259610017,0,-0.2079652366655027,0,-1.3918289541591982,0,-399.31141393967675,0,0.0,0,0.18458875581762363,0,4.298086587665417,0,-17.596060198611813,0
TX000911,AC00453,train,-0.1098542244542477,0,-0.24375604415825602,0,-1.8849099914540925,0,-479.98852613563287,0,0.0,0,0.187993175744061,0,3.537352763304462,0,-80.44725136234705,0
TX002018,AC00453,val,-0.07386762124194829,0,-0.15146097200341435,0,-2.0915444158198095,0,-458.82265901664005,0,0.0,0,0.3390935927805785,1,4.255946580862104,0,-55.2235417634394,0
TX000209,AC00453,train,-0.03515989155178334,0,-0.15125221842037262,0,-1.7376195367793184,0,-401.46281632263737,0,0.0,0,0.4500201242582668,1,5.91930216452146,0,11.165026305492884,0
TX000979,AC00453,val,-0.11574009476180214,0,-0.250940396817926,0,-2.8482687563091513,0,-472.39133997050567,0,5.960464477539063e-08,0,0.1357099178976361,0,3.270119152650785,0,-24.902816823227287,0
TX001568,AC00453,val,-0.09806114756926843,0,-0.18115351755455555,0,-2.861238533499586,0,-456.5329488632985,0,0.0,0,0.38654889622067357,1,3.9917255451260103,0,-15.54985047481704,0
TX001327,AC00453,train,-0.104821067210286,0,-0.22270821426811405,0,-2.168332116317636,0,-452.01239044634394,0,8.429369702178807e-08,0,0.18576139722618326,0,3.9866647741451415,0,-19.84124533316835,0
TX000024,AC00453,val,-0.012999804327628262,0,-0.10979479754671906,0,-1.8224510242593759,0,-418.19963874160834,0,0.0,0,0.42448004448251736,1,4.544401540267634,0,16.922500078859454,1
TX000099,AC00453,train,-0.05140117186461385,0,-0.17074028968513333,0,-1.922311284696594,0,-436.11465231954946,0,0.0,0,0.3480875288283864,1,4.3276713028615434,0,-18.053819385238942,0
TX002287,AC00453,train,-0.06842544723464877,0,-0.25224931347322854,0,-1.7578423315255058,0,-428.0843607033832,0,0.0,0,0.05779911764302109,0,3.285176764397941,0,6.733165414216035,0
TX000627,AC00454,train,-0.0719515920859205,0,-0.19073565531180137,0,-0.8469333592575765,0,-412.0348462323967,0,0.0,0,0.5105678710621274,1,9.024122643759249,0,-71.43983560728418,0
TX000830,AC00454,train,-0.09787232247489858,0,-0.22716255068982005,0,-2.454962591172306,0,-471.7592648197955,0,0.0,0,0.19652518883867032,0,3.656474987811494,0,-61.423853528659066,0
TX001810,AC00454,train,-0.04909417619292061,0,-0.15225482864651863,0,-2.428418222111688,0,-414.04225952659516,0,0.0,0,0.43313570604115303,1,5.097293476341081,0,-17.696901265051075,0
TX000275,AC00454,train,0.07489474205272073,1,0.04135719124979387,1,1.9473928965223601,1,1157.953720967813,1,7.7388371118467605,0,0.7281412830772469,1,10.200244584496122,0,-138.38678009517383,0
TX000750,AC00455,train,-0.10238103677806243,0,-0.153667856549222,0,-1.4788303905639495,0,-475.0537889021597,0,8.429369702178807e-08,0,0.3197572171823171,1,4.4820181946387425,0,-77.11613461065396,0
TX000274,AC00455,train,-0.08513548538288757,0,-0.14022370968884146,0,-1.8743806136138321,0,-459.6442689420293,0,0.0,0,0.4000755501673345,1,4.271910814382631,0,-56.529400706076416,0
TX001348,AC00455,train,-0.0389999580036528,0,0.03549281033395624,1,1.0910715645241034,1,-34.667228722842424,0,7.276054419990264,0,0.747734232736936,1,9.106685855532213,0,-7.93991402806274,0
TX000002,AC00455,train,-0.11784063497078956,0,-0.2538991680977951,0,-2.632292879383007,0,-460.6898327745416,0,0.0,0,0.10261004883278065,0,3.1625505431661427,0,-25.10654530305126,0
TX001434,AC00455,train,-0.09336592103346869,0,-0.24513942335957628,0,-2.1868441629936335,0,-462.6610268242865,0,0.0,0,0.16368803854409747,0,3.517070267500915,0,-25.260475513443392,0
TX001127,AC00455,train,-0.08462324734440951,0,-0.22521950995155815,0,-2.6573545004624783,0,-456.4282355346271,0,0.0,0,0.15944417404800806,0,3.9507443099761748,0,-25.22579492358751,0
TX001615,AC00455,train,-0.06855503680734215,0,-0.21445099768958364,0,-1.8328067074273058,0,-124.25442158076777,0,8.429369702178807e-08,0,0.32225541246827405,1,3.8219759957373363,0,13.608446048313876,1
TX001063,AC00456,val,-0.10084651844155401,0,-0.22982566712434727,0,-0.5685490900957522,0,-473.09962983010206,0,0.0,0,0.09077251781985238,0,5.483308885347466,0,-78.51992137487014,0
TX000935,AC00456,train,0.020793392449218517,1,0.5608690756154409,1,8.001486824365989,1,1974.8431813384532,1,24.51820051890752,1,0.889684102121862,1,27.29954864811371,1,-138.3867558545231,0
TX001180,AC00456,train,0.022231875026243464,1,-0.09287580288603148,0,-1.0366975359350104,0,-369.01337306698775,0,1.1920928955078125e-07,0,0.4574094963144634,1,5.980138717889415,0,-0.2864128681853555,0
TX000058,AC00456,train,-0.049359427958788116,0,-0.14547811849474623,0,-1.5123824458526869,0,-392.088833119908,0,0.0,0,0.38216826303490825,1,4.335729929805208,0,-16.704335391210957,0
TX000548,AC00456,train,-0.029945439452048028,0,-0.08828643142714787,0,-1.2587511312345114,0,-424.5980286055139,0,0.0,0,0.44952159977315637,1,4.905343561440268,0,9.190408459980315,0
TX002001,AC00456,val,-0.03840189813693651,0,-0.14253148726228004,0,-1.0222341065222356,0,-231.373173818986,0,0.0,0,0.3689419867480826,1,4.103365276421319,0,-1.912881284700735,0
TX001909,AC00456,val,-0.07851810943178106,0,-0.19706517957535552,0,-1.9337237055329943,0,-317.60257990009814,0,8.429369702178807e-08,0,0.3494725387942718,1,4.707492705096746,0,-13.013083450437197,0
TX000386,AC00456,train,-0.07291413202220748,0,-0.21638692514397517,0,-1.2451225553637357,0,-420.5021608397584,0,0.0,0,0.19186803372655073,0,4.1958179009690175,0,-20.280992411782517,0
TX001100,AC00456,train,-0.0600051843443975,0,-0.20339335729772823,0,-1.9612074657064973,0,-405.90006742217986,0,8.429369702178807e-08,0,0.18477717037188957,0,4.417318903056923,0,-19.498494966906424,0
TX002347,AC00456,train,-0.03699138441902172,0,-0.0809550783948425,0,-1.8959537150169137,0,-316.8264743216245,0,1.1920928955078125e-07,0,0.49059258057521415,1,5.7544184220842345,0,-3.8697346388592178,0
TX001660,AC00456,val,0.03253924220581039,1,0.022360791331946572,1,0.21636373128892572,1,-313.20165768455513,0,0.0,0,0.4877321932063454,1,6.093109829638313,0,22.5282092940953,1
TX002148,AC00457,train,-0.11670995793964128,0,-0.26139152376331054,0,-2.2447682671136793,0,-477.80337548720894,0,0.0,0,0.11726870247578242,0,3.2119586585258557,0,-79.14121980165837,0
TX002361,AC00457,train,-0.11826883644735137,0,-0.20582640518232576,0,-2.7392500418727384,0,-472.43269311495914,0,0.0,0,0.3426088814321574,1,4.968046499035539,0,-64.22527635771931,0
TX000733,AC00457,train,-0.08074870475126511,0,-0.22368582631655864,0,-2.3946023575401423,0,-469.2874605924381,0,0.0,0,0.15367838811930876,0,3.8066707488331826,0,-23.47986597473974,0
TX000656,AC00458,train,-0.08365618450303913,0,-0.26172968139966146,0,-1.670444398090595,0,-348.51985354310995,0,0.0,0,0.12183205472424016,0,3.951227498298717,0,-77.35449917075643,0
TX001067,AC00458,train,-0.05217808949436137,0,-0.14741795754331766,0,-1.0185014630021527,0,-435.20617075007436,0,0.0,0,0.35518743385108886,1,4.485757373617771,0,7.783026333032069,0
TX002172,AC00458,train,-0.09116475731358753,0,-0.2567516632051863,0,-2.4996564955633236,0,-458.57597171287205,0,0.0,0,0.09556949366461023,0,4.021644614341956,0,-19.768493121335503,0
TX001671,AC00458,train,-0.11194114363718471,0,-0.27166123640412343,0,-2.1704426458829094,0,-478.5553077313994,0,0.0,0,0.03685243591315261,0,3.0942727416065634,0,-28.115663562473305,0
TX001826,AC00458,val,-0.05903692786042375,0,-0.20754772131335253,0,-1.1092383586746166,0,-463.19952049240203,0,0.0,0,0.18880348777629485,0,4.831400926053969,0,-21.86546961717984,0
TX001653,AC00458,train,0.01198338666760046,1,-0.20394082653480838,0,-0.4994716471625509,0,-238.40937700288117,0,0.0,0,0.5806252517329313,1,7.050731121014371,0,-9.672994390209888,0
TX001002,AC00458,train,-0.07208617796364941,0,-0.21522386285417405,0,-1.380284099548554,0,-427.2896001111885,0,0.0,0,0.1692486199503481,0,4.310154596533327,0,-18.751084801655512,0
TX000012,AC00459,train,-0.10672503439725872,0,-0.24556882760922605,0,-1.8398476917781057,0,-479.893992372056,0,0.0,0,0.04120433324477231,0,3.6998707709548158,0,-81.63984755941581,0
TX002416,AC00459,train,-0.06446018117374536,0,-0.1931360995995377,0,-1.434528265536855,0,-399.5791208133857,0,0.0,0,0.3849022897348378,1,6.691815993123863,0,-56.547707504905425,0
TX000945,AC00459,val,-0.002016091069545256,0,-0.16584160588100416,0,-1.185667292642389,0,-388.6881347497421,0,8.429369702178807e-08,0,0.33601978063102383,1,4.174558964691142,0,14.764472365375507,1
TX001163,AC00459,train,-0.06853995270317331,0,-0.21254804133148508,0,-1.931664990946258,0,-463.1510873048245,0,0.0,0,0.1521619474888948,0,3.85053524280812,0,-22.071777115987434,0
TX000358,AC00459,train,-0.07507208787810088,0,-0.21660460376365553,0,-2.2754700865231055,0,-436.79361403741746,0,1.1920928955078125e-07,0,0.3482859639751203,1,4.717337961729959,0,-24.3717771706009,0
TX001661,AC00459,train,-0.07249995409146154,0,-0.24520358249963237,0,-2.1878643515443414,0,-458.3414232170937,0,0.0,0,0.1318077238202715,0,3.96136011280466,0,-25.53718353206592,0
TX001529,AC00459,train,-0.11023460383860856,0,-0.2571195452533974,0,-1.6405475740661188,0,-455.96736136400494,0,5.960464477539063e-08,0,0.040048686829953155,0,3.287990490292255,0,-25.99895944010458,0
TX001253,AC00460,train,-0.11244665224647082,0,-0.2645866512827585,0,-1.9666662616156465,0,188.51252074227153,1,8.429369702178807e-08,0,0.03154401635068849,0,4.442609253004249,0,-78.8758078878966,0
TX000570,AC00460,train,-0.08726208981168965,0,-0.24540153717405544,0,-1.9466001728861517,0,-465.04661091438555,0,0.0,0,0.3678466653693983,1,5.308490400162722,0,-57.96014668191923,0
TX001452,AC00460,val,-0.0331785559883212,0,-0.14745373407758922,0,-1.2132511036320484,0,-434.58197114782797,0,0.0,0,0.38220875083383965,1,4.267662020015262,0,-7.329818539977627,0
TX000068,AC00460,train,-0.05916580187499376,0,-0.13132596298345067,0,-2.4018102312630454,0,-456.0005113664926,0,0.0,0,0.4201808567897152,1,5.110426272169231,0,-18.436188154891457,0
TX001460,AC00460,train,-0.03209772637810443,0,0.6703681876558498,1,7.015399095073015,1,2500.1529755658808,1,25.78120706701339,1,0.8191959872399601,1,28.364044500566898,1,-138.38682170660977,0
TX001996,AC00460,val,-0.04778829105461718,0,-0.1777523519536537,0,-2.500654534284621,0,-410.2651759905098,0,0.0,0,0.41982289590043875,1,5.832936718556345,0,-16.957023616461715,0
TX002321,AC00460,train,-0.06349324519833566,0,-0.16965667974653087,0,-1.9928577023695393,0,-88.17191059138719,0,0.0,0,0.37648318055095864,1,4.444066718405344,0,-4.976015479901822,0
TX002169,AC00460,val,-0.006335361430033992,0,-0.08741491493663323,0,-1.673587867585974,0,-384.5567204052343,0,0.0,0,0.4289893463158618,1,4.860984408472944,0,-11.653585423471899,0
TX000756,AC00460,train,-0.003966633206001102,0,-0.0247366952121435,0,-0.10594207234557018,0,-276.69843510037583,0,0.0,0,0.5197739950326805,1,9.32657418872948,0,1.1067091498036876,0
TX001162,AC00460,train,0.07297762608238856,1,0.05841504745362558,1,-0.255047532806989,0,-144.91225046210434,0,0.0,0,0.5623959613407888,1,6.978529216372547,0,35.3165123793504,1
TX002449,AC00460,train,-0.03749584883423507,0,-0.1613030474435182,0,-0.9514922665534158,0,-270.45724473675034,0,0.0,0,0.4397084440023478,1,5.87755342028678,0,-5.107038696354213,0
TX001880,AC00460,val,-0.013806611080120712,0,-0.0390286491688796,0,-0.2240094921582685,0,-260.32913979667705,0,0.0,0,0.45665404268539234,1,6.668879031772444,0,2.1585757846023443,0
TX000069,AC00461,train,-0.09224249126119616,0,-0.24563604064115352,0,-1.2445830765925923,0,-393.7400166967745,0,8.429369702178807e-08,0,0.12985534386266603,0,4.476494964641053,0,-75.54918769795762,0
TX001264,AC00461,train,-0.10289039149621676,0,-0.2402211974619035,0,-1.1200902363468792,0,-466.7368107844061,0,0.0,0,0.1612185919337197,0,4.080405918196209,0,-60.26552464780009,0
TX000574,AC00461,train,0.001922826520980414,1,-0.017510025870271173,0,-0.49850229715169725,0,-413.30683779961174,0,0.0,0,0.530469249342683,1,7.983339919675042,0,-3.7158710601173977,0
TX001102,AC00462,train,-0.10497036202453564,0,-0.21599089025823015,0,-0.8007944862681349,0,-475.13825328742365,0,0.0,0,0.11427544535111453,0,5.52413949156452,0,-79.90722109362233,0
TX001457,AC00462,train,-0.09018664669477516,0,-0.2350162513395302,0,-1.7363450435292016,0,-470.12856778142935,0,0.0,0,0.12129728430027412,0,4.7337264157769585,0,-62.72131794365147,0
TX001392,AC00462,train,-0.10405159392661634,0,-0.26844012801126904,0,-1.278196969468679,0,-464.34476196936157,0,5.960464477539063e-08,0,0.05386098208594699,0,3.6676521769087973,0,-20.243951117856486,0
TX000710,AC00462,train,-0.0486150804153998,0,-0.2317779485408893,0,-1.5898440001658294,0,-458.4294370507061,0,0.0,0,0.13532326721651655,0,4.414049890596164,0,-23.02803394456705,0
TX001884,AC00462,train,-0.084324346655413,0,-0.20860751376579034,0,-1.513373772540703,0,-464.5842403394532,0,8.429369702178807e-08,0,0.15634337678778026,0,4.743526124068896,0,-23.281924760354244,0
TX001175,AC00462,train,-0.08832843454161776,0,-0.2564863581967982,0,-1.4082074297550662,0,-471.70695587450064,0,0.0,0,0.07256956441835505,0,3.8037320516019126,0,-26.99121320722124,0
TX000489,AC00463,train,-0.11502744131145465,0,-0.25919072886027694,0,-2.322931848106686,0,-479.70349696358755,0,5.960464477539063e-08,0,0.1484931692637106,0,3.5037286397544065,0,-79.80556922328103,0
TX001044,AC00463,train,-0.07603080587322575,0,-0.23186448993940867,0,-1.0848860806904277,0,-454.85233171322096,0,0.0,0,0.0,0,6.238013956203813,0,-58.68862448054904,0
TX000990,AC00463,train,-0.08139804268932194,0,-0.2274416448214951,0,-1.132862338366584,0,-456.43616527538074,0,0.0,0,0.1977615351187364,0,4.862402679454923,0,-19.908860448145216,0
TX001919,AC00463,val,-0.004005917479497856,0,0.00779391108949512,1,-0.07251357314980211,0,-416.02371172259666,0,0.0,0,0.45800731508331405,1,5.8886758484944,0,-5.83506266959834,0
TX000104,AC00464,train,-0.10172690890074465,0,-0.23434441548481355,0,-1.5759714609323456,0,-471.3282256105128,0,0.0,0,0.20857770309100268,0,3.9158152766574563,0,-76.27721139844283,0
TX000474,AC00464,train,-0.07553843463247606,0,-0.2058186646925746,0,-1.2771391295499939,0,-463.1551382980436,0,8.429369702178807e-08,0,0.19178441682075514,0,4.298641196883266,0,-60.833914560140045,0
TX000476,AC00464,val,0.047175333943592745,1,0.2710801426504146,1,1.7711951507211738,1,-290.24903036351265,0,7.4498290131566005,0,0.7346726640675745,1,11.71329656256779,1,24.540246256149562,1
TX001764,AC00464,train,-0.016394799679298466,0,-0.07995506951882358,0,-0.07961389388140816,0,-351.728061828719,0,0.0,0,0.4525166483611165,1,5.997723586564319,0,-8.604112219536635,0
TX002463,AC00464,val,-0.04350530814633874,0,-0.10615445370644583,0,-1.3448788511788266,0,-241.27990582583465,0,1.1920928955078125e-07,0,0.42419453723925543,1,5.465100378268105,0,-8.744599411263696,0
TX000079,AC00464,train,-0.03192016437937539,0,-0.16356495054274722,0,-1.268961671493436,0,-367.9039225558593,0,8.429369702178807e-08,0,0.38803652444047504,1,5.13359241036108,0,-14.912886918304029,0
TX002207,AC00464,train,-0.06014887650441508,0,-0.1732751840489981,0,-1.359728810509246,0,-281.2883913057924,0,0.0,0,0.363778815248866,1,4.2365866350468515,0,-11.882779076817332,0
TX002430,AC00464,val,-0.034680140484958044,0,-0.12822535851566852,0,-1.103291382522297,0,-195.06431324203635,0,0.0,0,0.34135896193709425,1,4.554849472345757,0,-0.4580789411544015,0
TX000720,AC00465,train,-0.06833123257545076,0,-0.24460943570500415,0,-0.774219634922348,0,-447.5135785785919,0,0.0,0,0.3257368542895769,1,6.3638298860023745,0,-75.84742951029786,0
TX001303,AC00465,val,0.010788753517957383,1,-0.26039463520033856,0,-0.29226799253047275,0,-383.5862322294267,0,0.0,0,0.40757612416296035,1,12.515190301334574,1,24.028821800276145,1
TX000552,AC00465,train,-0.043874790718622714,0,-0.10549655355718524,0,-1.8613294600068429,0,-441.78612242538384,0,8.429369702178807e-08,0,0.45130887029820344,1,4.963998034084203,0,11.281135358686523,0
TX001636,AC00465,val,-0.00757262499724054,0,-0.08271293628506471,0,-1.1272491978751713,0,-421.08274446643765,0,0.0,0,0.38985178332986864,1,4.431375170484146,0,31.110897664544222,1
TX000693,AC00465,train,-0.09021525515296192,0,-0.2291910081026376,0,-1.8225125463656298,0,-360.6433083137493,0,0.0,0,0.18243080376964313,0,3.6937065116447307,0,-18.94432372098726,0
TX002372,AC00465,train,-0.050171686103658575,0,-0.07215354200529944,0,-0.9816432200983698,0,-339.3965255551298,0,8.429369702178807e-08,0,0.44515072118373106,1,4.568578378447335,0,7.888041293530986,0
TX001226,AC00465,train,-0.08418598908143932,0,-0.26128659924737363,0,-0.9603030882335624,0,-346.5465112292221,0,8.429369702178807e-08,0,0.033937707976178406,0,3.7709500313325583,0,-19.980719239058505,0
TX002235,AC00465,train,-0.03511564654996718,0,-0.1328231321038753,0,-0.9158210783482215,0,-334.4358129731346,0,0.0,0,0.4138956136917669,1,5.390405274165239,0,-16.987142324716604,0
TX000615,AC00466,train,0.01996283659336595,1,0.057078520500479124,1,3.245287821696831,1,8001.320685637343,1,8.348586998717282,0,0.7696631167255595,1,18.9640303249766,1,-43.92077937565542,0
TX000303,AC00466,train,-0.00833264029268288,0,0.7446643969361244,1,3.5315549592290694,1,-280.9350980976818,0,7.127143171427724,0,0.760523498184706,1,28.635795749853134,1,-53.29908757282935,0
TX001345,AC00466,val,-0.02493395197995224,0,-0.13968629368869556,0,-0.9932985573200632,0,-361.1100106984637,0,0.0,0,0.44902270513701104,1,6.873231993111491,0,-4.090628650097049,0
TX001567,AC00466,train,-0.027453434231688334,0,-0.11598997016866996,0,-1.545731798343457,0,-379.6390153830768,0,0.0,0,0.45210812721303734,1,6.135643915885916,0,-12.98504502071592,0
TX000543,AC00467,train,-0.0921033513529474,0,-0.23621228075049472,0,-2.1751785412575426,0,489.0686426944182,1,0.0,0,0.2300580864376207,0,5.238201073791472,0,-76.06626495369034,0
TX000719,AC00467,val,-0.07841622131962167,0,-0.13040856046605387,0,-0.8322304700064898,0,-452.58424308435605,0,0.0,0,0.49072379473523425,1,7.971789264811064,0,-54.61219944983914,0
TX002041,AC00467,train,-0.06959855580755947,0,-0.12180321281481388,0,-2.161435688476155,0,-451.4238166080544,0,1.1920928955078125e-07,0,0.4188838101708888,1,5.479648359341817,0,-19.6705696059329,0
TX000793,AC00468,train,-0.06876757897074942,0,0.02510554447702873,1,-1.2109936643063453,0,-434.60794539966366,0,8.429369702178807e-08,0,0.44035257606404987,1,5.204386631259916,0,-62.512565085230584,0
TX001516,AC00468,train,-0.13248216184250583,0,-0.23275914048223756,0,-2.5420671399852814,0,-466.7302232950285,0,0.0,0,0.18771687040750434,0,3.436531847715382,0,-59.24028128462499,0
TX000116,AC00468,val,-0.09163528255019693,0,-0.24590797221397565,0,-2.2158424505992986,0,-474.8200803868542,0,0.0,0,0.1230280771496518,0,3.393414346302687,0,-19.653823927219506,0
TX001289,AC00468,val,-0.09234501333495448,0,-0.2633623680305629,0,-1.379635984845054,0,-459.24167873497544,0,5.960464477539063e-08,0,0.012452801700968236,0,3.4811383591970912,0,-25.071417501883378,0
TX000514,AC00469,val,-0.09767325568166335,0,-0.22777184546635953,0,-1.085408169526989,0,-472.0092413673311,0,0.0,0,0.15140712939967127,0,5.180130764347987,0,-78.50478880608182,0
TX000252,AC00470,train,-0.0961396116826626,0,-0.2585222938207883,0,-2.1660738766511525,0,-124.16231976709207,0,0.0,0,0.1633781491444656,0,3.3953862637840655,0,-78.5869574336659,0
TX001310,AC00470,train,-0.03970136039472627,0,-0.16061327217140042,0,-2.040976489542972,0,-316.54914187938357,0,0.0,0,0.44971512413428794,1,6.23841542755204,0,10.714423960617307,0
TX001557,AC00470,train,-0.10071687278084618,0,-0.19685683583275604,0,-2.942797617077991,0,-472.7530698632589,0,0.0,0,0.3199846618669235,1,3.355045103936627,0,-24.665134287744472,0
TX001891,AC00470,train,-0.08162976144142658,0,-0.18998912615653807,0,-3.2373342114680757,0,-452.4273929408136,0,0.0,0,0.46447503077175833,1,7.217634462082426,0,-15.606249411758556,0
TX000596,AC00471,train,-0.10071293982075402,0,-0.24312985580388036,0,-1.9315545931160862,0,-472.06010489931066,0,0.0,0,0.2381287781177164,0,4.264712795352746,0,-77.91669716094844,0
TX000573,AC00471,train,-0.06617592683322537,0,-0.22330483047463967,0,-1.8616519936701756,0,-468.6932208300902,0,0.0,0,0.36241272153486204,1,5.331303942364867,0,-60.74946409247717,0
TX000050,AC00471,val,-0.033932381235799614,0,-0.23400363890358888,0,-1.5989475588765707,0,-434.4869667315949,0,0.0,0,0.14675691848905167,0,3.3515173716026716,0,-15.497172504855401,0
TX001381,AC00471,val,-0.09549210449374873,0,-0.24527910202056513,0,-2.641802310349844,0,-469.2322424168049,0,0.0,0,0.14933597462897738,0,4.009278426423013,0,-24.743757487879762,0
TX001269,AC00471,train,-0.03417857645804184,0,-0.23828083877597406,0,-1.9520988076275092,0,-395.4149427619164,0,0.0,0,0.4151405204570244,1,8.858862064350653,0,-7.627996082300408,0
TX000327,AC00471,train,-0.05286918920872907,0,-0.15144012353962855,0,-2.027142292250831,0,-440.56058880882637,0,0.0,0,0.3750035324320429,1,5.053876172167988,0,-18.163601612123482,0
TX002035,AC00472,train,-0.04996035432863388,0,-0.12091146799042596,0,-1.348363529748891,0,-453.5587284640465,0,1.6858739404357614e-07,0,0.44468156697464994,1,7.235394371231017,0,-73.9704055049491,0
TX001765,AC00473,train,-0.08332066247348474,0,-0.09948256057572791,0,-0.878146525582931,0,-460.70449305707245,0,0.0,0,0.3423618930371502,1,5.533604568578252,0,-72.32094447444396,0
TX000883,AC00474,train,-0.11459224811703062,0,-0.27071149953039475,0,-1.2375526800709942,0,-476.20723308028397,0,0.0,0,0.08419166171480819,0,4.440406778190101,0,-78.93173238692799,0
TX000171,AC00474,train,-0.033020666484156525,0,-0.07986181901381495,0,-0.6916272306552678,0,-397.40848919486547,0,2.384185791015625e-07,0,0.5706240478517964,1,6.726277510153504,0,-54.684489228169596,0
TX001046,AC00474,train,-0.07428050093614846,0,-0.2310239093643247,0,-2.31004330140275,0,-458.44991392478516,0,0.0,0,0.11023066438935347,0,3.9539019727028375,0,-23.675337894188633,0
TX001272,AC00475,train,-0.07943317759170854,0,-0.1900274945257039,0,-1.5838193502650046,0,-296.1008049306419,0,0.0,0,0.2389251535890856,0,3.9391832114215815,0,-73.55534510252866,0
TX000873,AC00475,train,-0.08159728885323386,0,-0.2275144264199751,0,-1.8488850457206567,0,-463.0441375368455,0,0.0,0,0.09624408306269512,0,3.5230321971172613,0,-57.094868452539956,0
TX000974,AC00475,train,-0.0708067261648826,0,-0.18591315597082225,0,-0.8770165612727308,0,-459.34997764553106,0,0.0,0,0.3395856721096696,1,4.359020111621125,0,9.692458178826348,0
TX001556,AC00475,train,-0.10501509554541666,0,-0.27124269413677116,0,-1.1876968872462754,0,-467.5403686567263,0,5.960464477539063e-08,0,0.10043769836949246,0,3.522174794382218,0,-22.787235055364537,0
TX000434,AC00475,train,-0.06654570614492705,0,-0.19645496418382247,0,-0.9223939601746256,0,-456.1264652749333,0,0.0,0,0.1771073376795481,0,4.288555861655329,0,-19.886078618818726,0
TX000997,AC00475,val,-0.06850001910026682,0,-0.2199653777100241,0,-1.1305578994963028,0,-461.8812111383187,0,0.0,0,0.1297277264825417,0,4.317409948523261,0,-22.99017036273281,0
TX002051,AC00475,train,-0.08246555828514995,0,-0.21457135029449437,0,-1.2347215048932796,0,-462.3956798073839,0,0.0,0,0.18981213369282943,0,4.243062786597002,0,-23.41011737606563,0
TX000583,AC00475,train,-0.04057826762569733,0,-0.22373282236832992,0,-1.9928484188778839,0,-448.2378145793012,0,0.0,0,0.19002405285088245,0,5.184053232484419,0,-19.525474093944588,0
TX002058,AC00476,train,-0.08113885131209725,0,-0.1618674626508365,0,-1.7088946165719872,0,-449.98034761601974,0,0.0,0,0.36444880218805165,1,6.5328957657721585,0,-64.71752325819901,0
TX001170,AC00477,train,-0.07462904285957095,0,-0.21304012058725252,0,-0.5045143382279633,0,-445.4695608114443,0,0.0,0,0.37054233714781554,1,6.698023957616515,0,-75.07258147073213,0
TX000960,AC00477,val,-0.04875136407219627,0,-0.25362504020244325,0,-0.4342353829150447,0,-446.5002814139114,0,0.0,0,0.4441662597313003,1,12.196750222829124,1,-59.49648554508725,0
TX001212,AC00477,val,-0.039128566579402224,0,-0.04767445124445269,0,-1.8380304510174934,0,-444.4757728515179,0,1.1920928955078125e-07,0,0.457161504205172,1,5.54157800372068,0,-15.839705329390146,0
TX002190,AC00478,train,-0.09765851846893242,0,-0.2537324398471311,0,-1.9699587737970976,0,-472.75783066122494,0,8.429369702178807e-08,0,0.13864561113041693,0,5.2787956959493645,0,-80.11338111443986,0
TX000167,AC00478,train,-0.0703041817280885,0,-0.23273719103739232,0,-1.2314769227014768,0,-465.464340574289,0,0.0,0,0.40329147651308805,1,7.254304164391493,0,-61.91851780377087,0
TX000364,AC00478,train,-0.10532457255661631,0,-0.2592099069774405,0,-3.2736838564566266,0,-475.08150631401423,0,0.0,0,0.044955986585786284,0,3.1768061236534297,0,-28.325965011459008,0
TX001237,AC00478,train,-0.0585934557696951,0,-0.20627483473870334,0,-3.1379196682880917,0,-246.05389913629136,0,0.0,0,0.35991029779481687,1,4.20550847108558,0,-14.219191325995121,0
TX002253,AC00478,train,-0.060922194339033564,0,-0.15150257254710775,0,-2.003322160221348,0,-435.61995095281947,0,8.429369702178807e-08,0,0.4008006526353065,1,4.930398380273142,0,-20.063474311072458,0
TX000039,AC00478,train,-0.0421389012195984,0,-0.12950032463543493,0,-2.6388167304548826,0,-344.1327280148896,0,0.0,0,0.43050139374039315,1,5.342669164088242,0,14.014112925779482,1
TX001782,AC00478,val,-0.057439635376575926,0,-0.15014948091033498,0,-2.9116812054507193,0,-416.9528504098869,0,0.0,0,0.39285599466585197,1,4.157896752182263,0,-20.833870163896247,0
TX000929,AC00479,val,-0.08499264944042928,0,-0.22166221237728645,0,-0.5631882934536261,0,-463.72284700091933,0,1.1920928955078125e-07,0,0.12602671237947824,0,5.99655698259927,0,-74.0490914377313,0
TX000212,AC00479,train,-0.012429312874215781,0,-0.054063448437250416,0,-0.00044020891135687634,0,374.61965708821714,1,0.0,0,0.6644335202305895,1,12.716034945569282,1,-125.1263984294587,0
TX001306,AC00479,train,0.004197074424089564,1,-0.09718220163875535,0,-1.9305580810216085,0,-92.64098496700478,0,0.0,0,0.5388715372891332,1,8.156575202273869,0,13.299516280083454,1
TX000610,AC00479,train,-0.03412938498218898,0,-0.17397506822034092,0,-1.875264078957695,0,-420.60890248888006,0,8.429369702178807e-08,0,0.35787277315934973,1,4.2722113992144735,0,-12.498031104974618,0
TX000042,AC00480,train,-0.1025150369914547,0,-0.22613020970775377,0,-0.4155232723252791,0,-464.1650998719036,0,1.1920928955078125e-07,0,0.10827301427420853,0,5.932500028665703,0,-75.18815133267795,0
TX000516,AC00480,train,-0.03802399600472761,0,-0.19876562715630208,0,-1.445930862981264,0,-265.84331144474845,0,0.0,0,0.544144033863367,1,4.855413771245314,0,-58.82800080910066,0
TX001559,AC00480,val,-0.061720197710728064,0,-0.13163494546594312,0,-2.4676874674397418,0,-452.0770252076913,0,0.0,0,0.45235373011820645,1,6.26353254225947,0,-14.830774389663535,0
TX000887,AC00480,train,-0.07899835516425613,0,-0.23826087471281032,0,-1.8263584191014761,0,-454.64210798422886,0,5.960464477539063e-08,0,0.1334988955282486,0,3.6451861061143314,0,-20.052973214948782,0
TX001536,AC00480,train,-0.10226480417173794,0,-0.2145299504953886,0,-2.5098798018252815,0,-454.9031182827515,0,5.960464477539063e-08,0,0.1885220852006453,0,3.424547508047232,0,-23.005057825699975,0
TX001973,AC00480,val,-0.00833263607919954,0,-0.13248422086075085,0,-2.4078941515618215,0,-392.9310141607469,0,1.1920928955078125e-07,0,0.4738611555493736,1,7.188445758855567,0,-7.798233681464939,0
TX000420,AC00480,train,-0.06812174187242598,0,-0.25836320007546876,0,-1.967195943060183,0,-434.4224633499692,0,8.429369702178807e-08,0,0.08213486029287763,0,3.7987558545043014,0,-21.880196774354435,0
TX001642,AC00480,train,-0.029041212240632552,0,-0.10738168606981024,0,-0.9239160306260121,0,-399.7584896413417,0,8.429369702178807e-08,0,0.3936092507443548,1,4.959470493616099,0,-10.653765894987988,0
TX000905,AC00480,train,-0.08189849577619512,0,-0.15139928498228672,0,-1.833956794051911,0,-347.64767746416146,0,0.0,0,0.36013972053194054,1,4.294975824008522,0,-13.926288146828941,0
TX001199,AC00480,train,-0.04914321635957791,0,-0.13717482738544606,0,-1.4397525796948258,0,-296.5753520313529,0,0.0,0,0.3966587700809026,1,4.766810683501499,0,-8.225081199371747,0
TX000446,AC00480,train,-0.004150063699225326,0,-0.17230687423538993,0,-0.6849774394241468,0,13.580197534402998,1,0.0,0,0.33949737821860004,1,4.515123065364381,0,20.71999751575873,1
TX001393,AC00481,val,-0.08774160876131443,0,-0.15573030488970008,0,-0.29300336171808894,0,-444.4730527462264,0,1.1920928955078125e-07,0,0.2688259929273413,0,6.346008737767225,0,-68.84247587487012,0
TX002099,AC00481,train,-0.0443276300894791,0,-0.12373328038963716,0,-1.0967776962769662,0,-422.93216598567454,0,0.0,0,0.461547993643083,1,6.3770793597430515,0,-62.906128666091945,0
TX002009,AC00481,train,-0.023119479951434985,0,-0.10261300683081354,0,0.00016037693004200548,1,128.98781417146205,1,0.0,0,0.6112614635062801,1,10.340473450449743,0,21.040759837631537,1
TX000768,AC00481,train,-0.03220023328621824,0,-0.20257642179592827,0,-1.3693603657809081,0,-423.5716175977099,0,0.0,0,0.3610521059732076,1,5.520332591135137,0,-9.946389102647064,0
TX000052,AC00482,train,-0.08812894384987402,0,-0.22565883022152233,0,-2.036079607954804,0,-471.4587478334116,0,8.429369702178807e-08,0,0.2621878935505653,0,5.0816566975687145,0,-78.68256607374526,0
TX002114,AC00482,train,-0.09219286892002221,0,-0.22986120514090413,0,-1.0142580397458527,0,-469.47459514638143,0,0.0,0,0.3221650395564886,1,8.301909215161377,0,-64.41110470722215,0
TX001325,AC00482,val,-0.05453566419481504,0,-0.0751325814167616,0,-1.811284764654566,0,-451.6806966207627,0,1.1920928955078125e-07,0,0.47518458516950274,1,6.42734398616054,0,-19.38858355129783,0
TX000636,AC00482,train,-0.0955327518123828,0,-0.253829803931237,0,-2.448811535450739,0,-457.434326913828,0,5.960464477539063e-08,0,0.10519734484321175,0,3.391480922486771,0,-22.969109374491264,0
TX000352,AC00482,train,-0.032172741447049735,0,-0.24296084978770716,0,-1.64308586026028,0,-422.8865944744358,0,0.0,0,0.15609028207107822,0,3.876858039018974,0,-17.414030903064514,0
TX000872,AC00482,val,-0.038183067474811705,0,-0.2141130870542436,0,-1.8946744967492481,0,-453.7978716792112,0,0.0,0,0.19480356928822004,0,3.9120255085211713,0,7.367750508700045,0
TX001855,AC00483,train,-0.10485412076877193,0,-0.16111601724711488,0,-1.093625661768959,0,-465.8668188359377,0,0.0,0,0.27606672710563335,0,4.492737991098304,0,-69.57454397423928,0
TX002066,AC00483,train,-0.012588766158301512,0,-0.08308311604852259,0,-1.2773323007512243,0,-396.614338691897,0,0.0,0,0.5806338903098129,1,6.9320784197446805,0,-44.67351597315627,0
TX001188,AC00483,train,-0.09260471419997951,0,-0.2278192254978213,0,-2.986858899080037,0,-462.6831996365441,0,0.0,0,0.14877145708560405,0,3.896145567625309,0,-25.304490724746767,0
TX002460,AC00483,train,-0.06921189587333088,0,-0.09604273073600589,0,-2.7598766384198417,0,-448.37837338446184,0,8.429369702178807e-08,0,0.43762279064521264,1,4.786978799951982,0,-19.01208866942531,0
TX001036,AC00485,train,-0.10202813427421198,0,-0.23331571499680526,0,-1.5023819609498243,0,-465.3326957720573,0,0.0,0,0.20189648091925272,0,6.554862758419246,0,-79.60642526243637,0
TX002337,AC00485,train,0.0228448932451758,1,0.04720690553780549,1,1.1757513672628086,1,-400.807353687946,0,0.0,0,0.6000624174590632,1,13.483135873469417,1,-52.41258778519798,0
TX001766,AC00486,train,-0.09435010584886938,0,-0.2143640178013353,0,-2.1738223417982816,0,-472.60157592274476,0,0.0,0,0.2604648447485066,0,3.5166313387729624,0,-77.82239349175777,0
TX002457,AC00487,train,-0.07699906925579175,0,-0.057516788922282736,0,-1.3649498547910799,0,-398.3317677659315,0,0.0,0,0.39131068139715114,1,5.718177332631277,0,-73.69642476808852,0
TX000633,AC00487,train,-0.10989513698146419,0,-0.2658066943839913,0,-1.3430004703823677,0,-471.33228000819116,0,0.0,0,0.09188599637644035,0,3.6300790577723627,0,-63.87866653968133,0
TX000969,AC00487,train,-0.06714548531511083,0,-0.18854986813225927,0,-1.7589693649198779,0,-442.16772046367623,0,0.0,0,0.37614481121749327,1,6.0837138233517045,0,-13.566813843748136,0
TX001060,AC00487,val,-0.09357087466899944,0,-0.24321855203300635,0,-1.41151748040118,0,-469.9817686840328,0,0.0,0,0.09696338721735194,0,4.19494372974353,0,-25.201875685489863,0
TX000995,AC00488,train,-0.10036087694878093,0,-0.20194124543713632,0,-0.5753115306048713,0,-472.3074113564713,0,0.0,0,0.1780841021452634,0,6.128409382235492,0,-79.00746142664593,0
TX002250,AC00488,train,0.006469645058371554,1,2.0725277868989602,1,8.222769325625782,1,15068.610724752347,1,49.54061481517114,1,0.9396994547647671,1,63.619584927620906,1,-125.12637392579876,0
TX000302,AC00488,train,-0.06021479259391571,0,-0.23943881670916745,0,-2.0191132953278146,0,-225.08761039370705,0,0.0,0,0.12968527224391332,0,6.154702968391269,0,-9.499639782789986,0
TX000380,AC00488,train,-0.1019183443021573,0,-0.25508087276237257,0,-2.2191666694995806,0,-461.09006226041527,0,0.0,0,0.14517348529870466,0,3.3920881935843914,0,-23.70492617601524,0
TX001281,AC00489,train,-0.07131910205241815,0,-0.17344157987938047,0,-0.9078410854354164,0,-454.1764794920653,0,0.0,0,0.27010211349648494,0,5.752289455043494,0,-74.88884476198498,0
TX000304,AC00489,val,-0.08038326426246306,0,-0.15168278730301155,0,-1.200186697282275,0,-354.14935183915753,0,0.0,0,0.4460739497959034,1,6.645080048005201,0,-57.717939261393425,0
TX002307,AC00489,train,-0.08471137792052008,0,-0.22675309366292629,0,-1.8207407118226158,0,-459.99062151600504,0,0.0,0,0.18964201731219638,0,4.360784659946105,0,-21.964035929028693,0
TX001720,AC00490,train,-0.07168330842804777,0,-0.23252548404704942,0,-2.15968015016594,0,-33.79153306827652,0,5.960464477539063e-08,0,0.20534844745685651,0,4.004057009498959,0,-74.3090443835926,0
TX001204,AC00490,val,-0.08856753576023368,0,-0.25873328709683074,0,-1.977966240951158,0,-470.7095582082961,0,0.0,0,0.1543364883238035,0,5.323339452367094,0,-61.722240266609916,0
TX000426,AC00490,train,-0.08598281310695255,0,-0.10971283995172398,0,-1.4352742485728722,0,-438.3308944260135,0,0.0,0,0.4187853283758714,1,4.755090902356839,0,-12.206478535004356,0
TX002275,AC00490,train,-0.07278283453568113,0,-0.22291079515565637,0,-2.2243504873797324,0,-460.82940028979476,0,0.0,0,0.34355551486156327,1,4.570473310371701,0,-20.826613045189713,0
TX001173,AC00490,train,-0.07034026350675693,0,-0.2199333418181315,0,-2.6153737959611014,0,-306.9151493787053,0,1.1920928955078125e-07,0,0.20088637197628964,0,5.314129431522899,0,-18.674978844939126,0
TX000508,AC00491,train,-0.061468299891402456,0,0.00889475617752411,1,-0.2719115869911537,0,-454.5706723131711,0,0.0,0,0.38034532610930744,1,6.3699263187029445,0,-62.853280433530635,0
TX002081,AC00492,train,-0.07310328041801517,0,-0.1552303273635809,0,-1.5351591076209967,0,-300.42862357634476,0,8.429369702178807e-08,0,0.2603215488618353,0,4.12624706950063,0,-71.36033791067373,0
TX000160,AC00492,val,-0.06704903895314018,0,-0.15154693272695252,0,-1.0649213810668066,0,-453.6739598336813,0,0.0,0,0.39630542223845777,1,4.518817113319612,0,-53.67067214380817,0
TX001925,AC00492,train,-0.1170708724159702,0,-0.26959185401957986,0,-2.225465994159828,0,-471.59244227676396,0,5.960464477539063e-08,0,0.014621729583930605,0,3.322959304501444,0,-25.641884267546867,0
TX002073,AC00492,train,-0.0936641208097444,0,-0.2716149945655766,0,-1.5797825036362223,0,-474.1560766076459,0,0.0,0,0.07041095126573048,0,3.4429363929622543,0,-26.340591663647103,0
TX001601,AC00492,train,-0.05921045947991843,0,-0.1976411916183567,0,-1.8439590938222779,0,-461.71444400924844,0,8.429369702178807e-08,0,0.19525739108316806,0,5.314101283521439,0,-22.396362381151125,0
TX000439,AC00493,train,-0.10717863948364564,0,-0.22348101882494698,0,-0.7781173986111192,0,-475.7133218746098,0,0.0,0,0.13904781159935706,0,5.905674167323199,0,-80.45458399978546,0
TX002492,AC00493,train,-0.07467516553207715,0,-0.18675396394397015,0,-0.3038628896744129,0,-168.66629752876486,0,0.0,0,0.5231937576578817,1,7.639091014699444,0,-56.150424724085354,0
TX000343,AC00493,val,-0.03467055099799787,0,-0.20598388163007963,0,-0.5720654981920141,0,-429.9789958366762,0,0.0,0,0.18911460568548466,0,4.410922751379021,0,-10.495491372644072,0
TX001827,AC00493,train,-0.045252240590524906,0,-0.14092186597692313,0,-1.221710569033828,0,-451.9680151898091,0,0.0,0,0.3700659349587239,1,5.006102954484302,0,-19.20954587905361,0
TX001808,AC00493,train,-0.04279590856758725,0,-0.0941229020832155,0,-1.3379091093222488,0,-449.4741093892951,0,0.0,0,0.4716069923193771,1,6.450997380837218,0,-14.750290758791246,0
TX001722,AC00494,train,-0.07537754310822758,0,-0.12648160424216726,0,0.00031571950602682364,1,-458.47772203200697,0,0.0,0,0.2491628968310957,0,6.60294886638493,0,-73.86126511337943,0
TX002305,AC00494,train,0.06571823345549199,1,4.9254088009110815,1,8.157227438132566,1,51746.398402776846,1,112.46678361906903,1,0.9635837631132753,1,125.60122004792622,1,-207.21389994140884,0
TX001243,AC00494,train,-0.006528655217872603,0,0.0893591444813211,1,-0.5587879512413192,0,-360.5109193627102,0,1.6858739404357614e-07,0,0.6357341626832566,1,8.5911509298075,0,11.725412680470551,0
TX002450,AC00494,train,-0.01338892741504738,0,-0.17647761245215787,0,-1.9383880243604281,0,-395.4762153967367,0,0.0,0,0.39101050541625126,1,4.665591442981945,0,-15.688592110973065,0
TX000299,AC00495,val,-0.08100176121390279,0,-0.2326380740953642,0,-1.8254826465772673,0,-458.5857358339901,0,0.0,0,0.36890872316180817,1,6.060610493790528,0,-79.54980431280178,0
TX000922,AC00495,val,-0.05902800648899953,0,-0.2561686609358631,0,-1.2885586690854787,0,-453.5820642000288,0,0.0,0,0.3920419347242989,1,11.084521846965444,1,-60.88588842120327,0
TX000415,AC00495,train,-0.014993776324644159,0,-0.05486787531897841,0,-0.8406481627077156,0,-408.4176525818157,0,1.1920928955078125e-07,0,0.4889425397446374,1,5.845316589610827,0,11.085369480936958,0
TX001668,AC00495,train,-0.10589381846731022,0,-0.24257965208968368,0,-2.5628018644380983,0,-468.2748512937749,0,5.960464477539063e-08,0,0.1083801740336553,0,3.1132720467340445,0,-26.515255263818776,0
TX000451,AC00495,train,0.034907332296755245,1,0.22763171714110464,1,3.338772841366751,1,1111.8137926524596,1,14.284941510105245,1,0.7428513354145954,1,16.65076509964686,1,-138.38682352697825,0
TX001520,AC00495,train,-0.09964876590809718,0,-0.2650074479389656,0,-2.4012726217417946,0,-424.49698756436914,0,0.0,0,0.08633290523919786,0,3.062612645482881,0,-21.850270575262012,0
TX001741,AC00495,train,-0.08994348402704028,0,-0.2674619913376376,0,-2.2155259328672727,0,-465.509167917202,0,0.0,0,0.04002836563469349,0,3.200298223967361,0,-26.511212092887124,0
TX000294,AC00495,train,-0.01252134603033117,0,-0.14110739203212885,0,-1.4429968817569527,0,-401.97724039211016,0,8.429369702178807e-08,0,0.36523656431964396,1,4.571900451214967,0,-12.247635798907869,0
TX002197,AC00496,train,-0.10580673191260004,0,-0.2630636639479462,0,-0.8294938093311703,0,-476.6456801393694,0,1.1920928955078125e-07,0,0.0,0,5.300193787205099,0,-81.39204570948073,0
TX001501,AC00496,val,-0.06422228516988843,0,-0.05221902168544168,0,-1.6837083662426338,0,-393.89099719728773,0,0.0,0,0.5968251635029348,1,7.064927579228543,0,-43.79911756203788,0
TX000972,AC00496,train,-0.10190407731016454,0,-0.23306435097357237,0,-2.1745489858726597,0,-470.868673610665,0,5.960464477539063e-08,0,0.13865257769334421,0,3.3545317960397574,0,-25.52864379638945,0
TX000673,AC00497,train,-0.08324321408466934,0,-0.12738532494346355,0,-0.20945243836302474,0,-461.07512124906447,0,0.0,0,0.25072767321138406,0,6.432603115086907,0,-74.77863742632037,0
TX002191,AC00497,val,-0.04410323319792647,0,0.042508425238025005,1,0.6068331233992357,1,795.6570615519017,1,3.371747880871523e-07,0,0.637830181062598,1,15.351748324055754,1,-34.97452026978965,0
TX002186,AC00497,train,-0.08113737302687868,0,-0.16122693590700132,0,-1.13927986957599,0,-450.4746234628711,0,0.0,0,0.32966139651366133,1,4.863260887408696,0,-15.436354102422522,0
TX000697,AC00497,train,-0.07471920498373724,0,-0.20613111034405818,0,-1.7887748428121757,0,-464.5806606802046,0,1.1920928955078125e-07,0,0.1815462252247529,0,4.123397260266595,0,-20.584004163496477,0
TX001072,AC00497,train,-0.10296809336200768,0,-0.2545911946619758,0,-2.817704009495671,0,-445.9215477855437,0,0.0,0,0.048251649938412765,0,3.7714765457729906,0,-27.772006960092565,0
TX001555,AC00497,train,-0.07433484898691167,0,-0.2272228444166413,0,-2.260138731482254,0,-424.93669808489534,0,5.960464477539063e-08,0,0.1756362911783935,0,3.696923516120072,0,-22.42656298175002,0
TX001658,AC00498,val,-0.10912798378039634,0,-0.25717681595538855,0,-1.4406825203430564,0,-477.17586955466163,0,8.429369702178807e-08,0,0.043357136971132235,0,4.206577894688496,0,-79.28510646134275,0
TX001302,AC00498,train,-0.01619488269453434,0,-0.13938031044157473,0,-0.0004951035214375565,0,-339.91921663051414,0,0.0,0,0.6469183729563831,1,11.849323756303733,1,-56.63466779474642,0
TX001405,AC00498,train,-0.051727234103956576,0,-0.1963679445109754,0,-1.4653132045545636,0,-414.03377195320235,0,0.0,0,0.377068443264186,1,5.907023113108974,0,-16.27170734694494,0
TX001193,AC00498,train,0.009773822169134805,1,-0.15310200961563258,0,0.27150616152160545,1,235.95868396028203,1,0.0,0,0.6315441580027011,1,5.540269092292438,0,-6.715298525136342,0
TX000495,AC00498,train,-0.04940552545800425,0,-0.13216792552061118,0,-2.2415721367350816,0,-398.2624442358153,0,0.0,0,0.4421843353828779,1,5.3202210386309625,0,-19.724668458413806,0
TX000134,AC00498,val,-0.005870092148792416,0,-0.12484060229911997,0,-1.2895569097101998,0,-406.97674972242584,0,0.0,0,0.4062769840476083,1,5.485813721907652,0,-11.609590018292625,0
TX002082,AC00498,train,-0.07582058570256817,0,-0.2213188802326198,0,-1.8748810483918206,0,-449.74371852948707,0,0.0,0,0.17874163981422095,0,4.232228372103033,0,-24.78173006584981,0
TX000118,AC00498,train,0.0267299183421561,1,-0.12186417699426522,0,-0.6596345489491533,0,-308.6375642323458,0,0.0,0,0.3917427673137411,1,5.393634575530232,0,14.305303962288459,1
TX001729,AC00499,train,-0.10409253683767217,0,-0.27305542986388065,0,-0.7912768633782186,0,-475.0580547958792,0,0.0,0,0.06220121258441846,0,5.52636599697748,0,-79.46298031883258,0
TX000460,AC00499,train,-0.023541916022361054,0,-0.19002471502238505,0,-1.0109012543208955,0,-324.20565122231704,0,0.0,0,0.544144033863367,1,4.93736282456454,0,-57.81860543309756,0
TX001896,AC00499,train,-0.06697253793451163,0,-0.22574534885019282,0,-1.304289099998842,0,-459.99775218370473,0,0.0,0,0.19118788704524733,0,3.7830147144086403,0,-19.459209056053485,0
TX000432,AC00499,train,-0.0578907882014707,0,-0.2157237739877349,0,-2.671215662587848,0,-402.07594792159836,0,1.1920928955078125e-07,0,0.33490304481798094,1,4.708808360308616,0,-21.967182655687292,0
TX001923,AC00499,train,-0.13235666270819674,0,-0.2531918672488612,0,-2.9276866299379147,0,-461.29598157894645,0,0.0,0,0.10267340371385072,0,3.0444844927328694,0,-23.511550872306817,0
TX000203,AC00499,val,-0.053298136330821255,0,-0.1966721727316194,0,-2.1952911680544975,0,-448.5599663744345,0,0.0,0,0.33543224630634677,1,4.470440481303857,0,-17.32714153377118,0
TX001943,AC00499,val,-0.049106204538729825,0,-0.18801762737949024,0,-2.284670207747501,0,-387.43074847519284,0,0.0,0,0.39162424763123144,1,5.939737623206656,0,-16.980425407746242,0
TX002055,AC00500,train,-0.12429811074689012,0,-0.25673098841153497,0,-1.5822762336854819,0,-477.42111127598514,0,0.0,0,0.14936597151639489,0,4.047835268420933,0,-79.13496595404882,0
TX001716,AC00500,train,-0.08028131871603106,0,-0.1774164649634924,0,-1.9949612424143677,0,-453.1865758543694,0,0.0,0,0.3817462386079111,1,4.510924910022121,0,-57.66781208942693,0
TX002375,AC00500,train,-0.0692799071025218,0,-0.22237646411243062,0,-2.4378472046384836,0,-470.09718348322184,0,0.0,0,0.33213735893263496,1,3.5954042324896025,0,3.564442446950515,0
TX002350,AC00500,train,-0.055539832215783014,0,-0.12473586571523021,0,-1.4473736897956027,0,-437.2417232412206,0,0.0,0,0.35637142972973257,1,4.632232421351092,0,-12.752372504119661,0
