TransactionID,AccountID,score_isolation_forest,score_lof,score_ocsvm,score_elliptic_envelope,score_dbscan,score_hdbscan,score_kmeans,score_gmm,hybrid_vote_count,flag_isolation_forest,flag_lof,flag_ocsvm,flag_elliptic_envelope,flag_dbscan,flag_hdbscan,flag_kmeans,flag_gmm,flag_hybrid_ensemble
TX001313,AC00001,-0.0867419476829656,-0.1905118068928772,-0.6308794286866206,-464.2651871236505,0.0,0.2041125088753441,5.599163424330221,-70.82687532133895,0,0,0,0,0,0,0,0,0,0
TX002017,AC00001,-0.0710926515283468,-0.2140933369762434,-1.6468811307131226,-441.2059522691719,0.0,0.3535007901888135,6.721942438755399,-55.93486475792355,0,0,0,0,0,0,1,0,0,0
TX002121,AC00002,-0.0839240571680431,-0.1696024475005806,-1.937968992152692,-469.33018098384485,1.1920928955078125e-07,0.3163112708527672,6.637163358562189,-77.96161297207593,0,0,0,0,0,0,0,0,0,0
TX000021,AC00002,-0.0651768543105064,-0.2274464444482358,-0.9841893419073456,-467.0431229697819,0.0,0.3780247630922831,8.823039199843118,-63.92112566470857,0,0,0,0,0,0,1,0,0,0
TX001477,AC00002,-0.0979988967781357,-0.221833317340639,-1.9748746591353736,-459.8155141730011,0.0,0.1873931593151679,3.5213707812280384,-19.256604940672577,0,0,0,0,0,0,0,0,0,0
TX000062,AC00002,-0.0398908379859913,-0.1663092106207793,-1.5922278799210048,-382.9399567150291,0.0,0.3731187629918878,4.214422639459804,14.263671989427078,1,0,0,0,0,0,1,0,1,0
TX001599,AC00002,-0.0865294572418765,-0.2577310677298936,-2.089975490296844,-461.8491741739792,8.429369702178808e-08,0.15419449500978,3.932592958552066,-25.425051414409527,0,0,0,0,0,0,0,0,0,0
TX001674,AC00002,-0.1084736873049112,-0.2585456894205618,-2.692336296860679,-474.402447535153,0.0,0.0318497674719101,3.1728966216287167,-27.72945948384847,0,0,0,0,0,0,0,0,0,0
TX001029,AC00002,-0.0242029922562991,-0.0441694975980091,-1.9628372654248916,-251.56956895509697,0.0,0.4912258029864323,5.845100120275034,24.9794423192379,1,0,0,0,0,0,1,0,1,0
TX002326,AC00003,-0.1071744570458428,-0.2651201940601551,-0.7193740770868864,-475.4793671219944,0.0,0.0306566488733353,5.8250164868276295,-80.05662165896334,0,0,0,0,0,0,0,0,0,0
TX001841,AC00003,-0.0611380383791085,-0.2229321080361068,-0.3357873905236541,-177.77599722296458,0.0,0.4976316456877406,7.078781879811643,-56.38975246334213,0,0,0,0,0,0,1,0,0,0
TX002363,AC00003,-0.0558444705085842,-0.187747302150842,-1.9603364957736356,-406.0754688403826,8.429369702178808e-08,0.3446406680280088,4.8241676390564185,-16.646749603357012,0,0,0,0,0,0,1,0,0,0
TX001904,AC00003,-0.0940770907512708,-0.2625527354164977,-2.618499464932599,-471.96562397300016,5.960464477539064e-08,0.1049135428950346,3.3125534685588,-26.176946572623525,0,0,0,0,0,0,0,0,0,0
TX002248,AC00003,-0.0909557523620612,-0.2245103166951245,-2.5790071603704483,-369.1959723756436,0.0,0.1775625233738388,3.6421670146585634,-12.983460301463897,0,0,0,0,0,0,0,0,0,0
TX001851,AC00004,-0.1032763069406385,-0.2625233341948507,-0.920372614715662,-475.53970976732,0.0,0.0604687998587159,5.693413456993757,-79.15497211753748,0,0,0,0,0,0,0,0,0,0
TX000707,AC00004,0.0441686620694957,0.8546435756727673,6.684558580611771,5758.738085890875,28.278961930181065,0.9044526944728424,40.793022895539,-125.12633744129197,2,1,1,1,1,1,1,1,0,1
TX001648,AC00004,-0.0595488504993018,-0.2519812976055386,-1.842689724891672,-460.62482906526174,0.0,0.0946706441134473,3.6390740663439742,-24.028623214501117,0,0,0,0,0,0,0,0,0,0
TX000223,AC00004,-0.1004871565743962,-0.2441266122322465,-2.553498827889273,-464.0516482018995,0.0,0.1154498915042464,3.978188674354764,-26.6331445353615,0,0,0,0,0,0,0,0,0,0
TX002442,AC00004,-0.0905882140874231,-0.2423837249332254,-2.0221562522622314,-418.5397479994172,0.0,0.1304738190677375,3.752999316342908,-23.38429367969719,0,0,0,0,0,0,0,0,0,0
TX002391,AC00004,-0.106448443899941,-0.2696149329442827,-1.8155950601892137,-455.04549309578834,0.0,0.0,3.081975839987208,-25.34959551276737,0,0,0,0,0,0,0,0,0,0
TX001820,AC00004,-0.0706848518037279,-0.1714465200316255,-2.0394585991967062,-460.876319288376,8.429369702178808e-08,0.377935664549056,4.919785598410566,-22.217159822785536,0,0,0,0,0,0,1,0,0,0
TX002328,AC00004,-0.0690609804643425,-0.2389938203719772,-1.794676055023908,-444.8045798892244,0.0,0.1088034823193303,4.090248678539182,-22.60421757073424,0,0,0,0,0,0,0,0,0,0
TX000245,AC00004,-0.0450649332456566,-0.1945276140863043,-0.8741509672408281,-412.01954671729015,0.0,0.1993404032629135,4.288353075886022,-20.34599432409625,0,0,0,0,0,0,0,0,0,0
TX002315,AC00005,-0.105072118710679,-0.2607474231383508,-1.6352874172455998,-479.251596439437,0.0,0.0659831341872797,3.910315562611498,-79.72179633128748,0,0,0,0,0,0,0,0,0,0
TX000944,AC00005,-0.0328287474237519,-0.2058024204517961,-1.774627124362958,-413.67079967655576,0.0,0.4013932110558204,6.593790125526616,6.809752315340685,0,0,0,0,0,0,1,0,0,0
TX001792,AC00005,-0.0581499934303112,-0.256202383230667,-2.045573919231796,-364.3541096687718,0.0,0.5000977256201861,9.757456312849202,48.538004200778175,1,0,0,0,0,0,1,0,1,0
TX000547,AC00005,-0.0971364915447002,-0.2133387647873486,-3.289538361155115,-466.6574771225489,8.429369702178808e-08,0.3317557794360655,3.2632358085668747,-24.61386883544727,0,0,0,0,0,0,1,0,0,0
TX000760,AC00005,-0.0715970648998886,-0.0934710669088478,-2.7847943237198862,-361.33836610277217,0.0,0.4342110039359836,4.579414154679302,-14.456945017727495,0,0,0,0,0,0,1,0,0,0
TX000195,AC00005,-0.1017090484600747,-0.2355724675856574,-3.1616745641759465,-423.1945720120092,5.960464477539064e-08,0.0944500164229519,3.178108959217797,-25.60196754428394,0,0,0,0,0,0,0,0,0,0
TX001971,AC00005,-0.0670770241717769,-0.1925006608057142,-2.4203244346974984,-387.0323176121472,8.429369702178808e-08,0.3397809444887638,4.117885930466531,-18.993090564426826,0,0,0,0,0,0,1,0,0,0
TX002083,AC00005,-0.0519418114621217,-0.1683324154332597,-2.147998921550601,-448.1724824381773,0.0,0.3245214129023175,3.9197041101114887,-22.208064217923017,0,0,0,0,0,0,1,0,0,0
TX001038,AC00005,-0.0577709512787324,-0.1984055939759432,-1.878394068188861,-437.9877481843364,0.0,0.3226968431843321,4.001279362699131,-20.23283379077936,0,0,0,0,0,0,1,0,0,0
TX000662,AC00006,-0.1268159788262129,-0.2666881838506937,-1.80618612320858,-476.107596248638,0.0,0.1035752349703447,3.7458655403794503,-78.93929653960521,0,0,0,0,0,0,0,0,0,0
TX000216,AC00006,-0.0919644829016219,-0.1330752317583199,-1.5561449337805031,-461.3863388229903,0.0,0.3755845592795666,4.418468067429365,-58.31364193352601,0,0,0,0,0,0,1,0,0,0
TX001406,AC00006,-0.0756548620619659,-0.1733545414575819,-3.17811117035569,-458.1947310005131,0.0,0.4174141706180045,6.7335297512175565,-17.910762183014352,0,0,0,0,0,0,1,0,0,0
TX001977,AC00006,-0.0304870004329599,-0.2154855274829299,-2.133131249765769,-438.4458658193892,0.0,0.3293731204412732,3.577337737236877,-15.703715589202194,0,0,0,0,0,0,1,0,0,0
TX000077,AC00007,-0.1123327486853081,-0.2386496962068851,-2.1653225759705155,-482.6752605905039,0.0,0.0652710363179326,3.7633782265465183,-81.845431039546,0,0,0,0,0,0,0,0,0,0
TX000839,AC00007,-0.0541293358899928,-0.1937190651562268,-0.9431838163158464,-434.17669955780497,1.6858739404357617e-07,0.4915692869008743,5.528007494085829,-57.92295850080551,0,0,0,0,0,0,1,0,0,0
TX000977,AC00007,-0.1133420619948485,-0.224219485029854,-3.0684957735886567,-467.0777981014413,0.0,0.3249026524603467,3.599812638493515,-26.45332872873823,0,0,0,0,0,0,1,0,0,0
TX001336,AC00007,-0.081035424379402,-0.2320137510259181,-2.622082622680068,-463.6514269649225,0.0,0.1677297760475178,3.731041845982484,-23.206744300060876,0,0,0,0,0,0,0,0,0,0
TX001579,AC00007,-0.1097296515572568,-0.2618157632313966,-2.35110914336601,-468.2966828459585,5.960464477539064e-08,0.0,3.2840240413180184,-26.929352416218997,0,0,0,0,0,0,0,0,0,0
TX002005,AC00008,-0.1065531525768478,-0.1904449876734844,-1.087280037842092,-468.3433880362898,0.0,0.2297337921409512,4.989604156727007,-73.91530340399049,0,0,0,0,0,0,0,0,0,0
TX002512,AC00009,-0.0763324296490334,-0.2243421977914406,0.149062042527273,26.234906059247407,0.0,0.5022178140991614,8.288353723409468,-67.2162592380835,0,0,0,1,1,0,1,0,0,0
TX002048,AC00009,-0.0761562615083376,-0.1985139573173739,-1.9967899676643943,-401.8490009704921,8.429369702178808e-08,0.1996469298814828,5.67811909757037,-57.047147863681445,0,0,0,0,0,0,0,0,0,0
TX000868,AC00009,-0.0735022352022467,-0.2006719130293637,-1.8716408961091275,-470.3569234371624,0.0,0.1896746809611954,3.80937831939828,-23.01246942696052,0,0,0,0,0,0,0,0,0,0
TX000840,AC00009,-0.0549430417912668,-0.1810069062834109,-1.9440113736643452,-136.96746656974938,0.0,0.3492221140018415,3.662880371714433,11.312333810135351,0,0,0,0,0,0,1,0,0,0
TX000279,AC00009,-0.0789827406650469,-0.2125053713283964,-1.214973429975279,-457.41181982376713,0.0,0.3391057399257457,5.329735987266922,-21.59453904245007,0,0,0,0,0,0,1,0,0,0
TX002367,AC00010,-0.0802969709956486,-0.1907838613963848,-0.6595651476735345,-402.9937503612431,0.0,0.4763000764078997,9.821564785280996,-75.66164177563829,0,0,0,0,0,0,1,0,0,0
TX001737,AC00010,-0.1159123367156928,-0.2252669721189895,-1.297805339901764,-470.6516242082003,1.1920928955078125e-07,0.1907712262883454,5.817423373099793,-62.97320214728134,0,0,0,0,0,0,0,0,0,0
TX001760,AC00010,-0.0029974815854104,-0.1407446730078629,-1.8557242651485344,-420.2953561103736,0.0,0.5228636972699728,7.630832840569596,9.131488082503608,0,0,0,0,0,0,1,0,0,0
TX001168,AC00010,-0.0512413106059228,-0.083932775754776,-1.5510467206663154,-409.2817682943016,0.0,0.4153963633679705,5.657312217201288,-14.589849652724514,0,0,0,0,0,0,1,0,0,0
TX000096,AC00010,-0.0080241769253667,-0.1212337172196185,-1.9912819491232236,-261.4520066747013,0.0,0.4084819274789303,5.02618906317714,34.77748713600249,1,0,0,0,0,0,1,0,1,0
TX000180,AC00010,-0.0163293792655018,-0.0670973485173662,-1.3777980716496838,71.10469633158965,0.0,0.4758661072535524,5.889812059130271,8.035768143457826,0,0,0,0,1,0,1,0,0,0
TX000202,AC00010,-0.0520336247459846,-0.2293565748093315,-1.4012303846753724,-449.2328561434418,0.0,0.1661954519231651,4.407635009943838,-22.978546831730792,0,0,0,0,0,0,0,0,0,0
TX000694,AC00011,-0.0200321311898632,-0.0840883890999244,-0.0001549074221767,-406.3886786590192,0.0,0.5424992146299,7.573098313228457,-57.96899930208988,0,0,0,0,0,0,1,0,0,0
TX000735,AC00011,-0.0491844686368531,-0.2639105996066595,-0.7019167028118822,-447.3275744985162,0.0,0.3899208213858493,13.416835722566836,-64.10089175134867,0,0,0,0,0,0,1,1,0,0
TX001015,AC00011,-0.0256831137307249,-0.0543802934189441,-1.3252491804660842,-250.83364598462268,1.1920928955078125e-07,0.5035014322958169,6.431801836540479,-6.568436619480903,0,0,0,0,0,0,1,0,0,0
TX000098,AC00011,-0.0742737262214514,-0.1356183225202867,-2.0085655134968565,-423.19655033914376,0.0,0.4103919532679164,4.9297698491554485,-15.230982497105462,0,0,0,0,0,0,1,0,0,0
TX000045,AC00011,-0.0499303645126338,-0.1818667148231199,-2.576220024962458,-423.0725323503575,8.429369702178808e-08,0.3463243901469232,4.302896028860727,-17.702066176743802,0,0,0,0,0,0,1,0,0,0
TX002023,AC00011,-0.0742661361368596,-0.2496800409662321,-1.2870846496646209,-270.8880077644498,2.384185791015625e-07,0.4730048480444028,7.123945318639106,-17.064739255929553,0,0,0,0,0,0,1,0,0,0
TX001560,AC00011,-0.0275588689449709,-0.185385422919325,-1.687216192650041,-423.1614560486143,0.0,0.336516509955424,4.098763415083406,-15.103038557653068,0,0,0,0,0,0,1,0,0,0
TX002047,AC00012,-0.0938378833171081,-0.2437650890441554,-1.2926814930009645,-416.1356362500682,0.0,0.0712555060064895,4.640151122034489,-77.8419797079917,0,0,0,0,0,0,0,0,0,0
TX000513,AC00012,-0.071413001595544,-0.0174036783549436,-0.224021669805488,-452.7513713830134,1.1920928955078125e-07,0.4515772050670851,5.687434852426076,-53.01258872565904,0,0,0,0,0,0,1,0,0,0
TX001153,AC00012,-0.0422036004477427,-0.1740530508895046,-1.1685480713858976,-280.45851459224235,2.384185791015625e-07,0.5080945221165062,7.0519286695296985,7.58397083582096,0,0,0,0,0,0,1,0,0,0
TX000728,AC00012,-0.1022496971040218,-0.2490437254546331,-1.6075760601103737,-461.29337751726223,0.0,0.1053080164825839,3.3877183340265167,-22.54214062675251,0,0,0,0,0,0,0,0,0,0
TX002152,AC00012,-0.0323680669417875,-0.1607032504618422,-2.123583296870141,-433.7064610788743,0.0,0.4736147118385048,8.65502013405706,-12.576052583876184,0,0,0,0,0,0,1,0,0,0
TX001510,AC00012,-0.0811162136838246,-0.2029517573544479,-2.0550573233921536,-322.6129388623541,0.0,0.3534055018779412,4.433427233682918,-14.236551247838566,0,0,0,0,0,0,1,0,0,0
TX000576,AC00013,-0.1243599476200726,-0.2822472308660089,-0.815001241254846,-479.0682369900188,0.0,0.0,5.523011676650528,-81.24153347532369,0,0,0,0,0,0,0,0,0,0
TX001291,AC00013,-0.0406772179756309,-0.190036627938184,-1.351712506389518,-170.37220387852489,0.0,0.5952145081626635,6.199092732854169,-56.6437188398199,0,0,0,0,0,0,1,0,0,0
TX001010,AC00013,-0.0848242025812486,-0.2169474048220363,-1.8293952893609104,-460.8065241698165,0.0,0.1954114637148165,4.19000882893944,-20.940624984060424,0,0,0,0,0,0,0,0,0,0
TX002156,AC00013,-0.0862911927800308,-0.2009909847973447,-2.129381053098424,-466.2066539263049,0.0,0.1836021799156617,4.424789251130064,-20.843200120115103,0,0,0,0,0,0,0,0,0,0
TX000107,AC00013,-0.0603999684570848,-0.24382640780445,-1.2837323407729446,-448.8606429787472,0.0,0.0804711969025753,3.853155721323661,-21.19851088845228,0,0,0,0,0,0,0,0,0,0
TX001980,AC00013,-0.0790495011911901,-0.2331819450672336,-2.305650407168061,-452.7461216989043,8.429369702178808e-08,0.1793280972146057,4.4961412765399,-27.011505057721187,0,0,0,0,0,0,0,0,0,0
TX000780,AC00013,-0.0769708526877259,-0.2606435218810358,-1.8021886151715092,-465.4134423848379,0.0,0.031124797929974,3.3350211291208294,-25.06002737241633,0,0,0,0,0,0,0,0,0,0
TX000578,AC00013,-0.1017249540063129,-0.2569150405444242,-2.0839533618595905,-467.13439985087433,0.0,0.0559511189260893,3.232558666026506,-23.712321467732995,0,0,0,0,0,0,0,0,0,0
TX002447,AC00014,-0.0525001742642866,-0.1295921394524544,-1.3602096967155184,-405.9565511836908,0.0,0.533016672099369,8.43688112236409,-70.67243459994896,0,0,0,0,0,0,1,0,0,0
TX000375,AC00014,-0.0707577226527922,-0.0666115032578824,-1.3875510538213742,-421.7382527041071,1.6858739404357617e-07,0.564875058920512,8.273022043989288,-56.15523265929197,0,0,0,0,0,0,1,0,0,0
TX001234,AC00014,-0.0507782575804856,-0.1028396045402633,0.4074445938882913,-331.3314430407878,0.0,0.6161859896436074,11.04793998168705,-13.160505168136917,0,0,0,1,0,0,1,1,0,0
TX000520,AC00014,-0.0264757477139579,-0.129457135061759,-1.5458016180225496,-441.74792727237576,1.1920928955078125e-07,0.46714976965262,6.834054447251433,15.251885943210276,1,0,0,0,0,0,1,0,1,0
TX000080,AC00014,-0.0812723329959877,-0.2209780363551778,-2.2549557359957597,-406.17222383827055,0.0,0.197086003646944,4.265751068169169,-15.068975360939875,0,0,0,0,0,0,0,0,0,0
TX000657,AC00014,-0.0674937227497495,-0.1621365515336921,-2.129040349895817,-336.144388863916,8.429369702178808e-08,0.342185528856254,4.302851339595914,-17.520080512508816,0,0,0,0,0,0,1,0,0,0
TX000022,AC00014,-0.0795773511155955,-0.2134754564252075,-1.959948374834891,-392.0141940328172,8.429369702178808e-08,0.1409367430968961,3.9108621650266535,-17.811826490965988,0,0,0,0,0,0,0,0,0,0
TX002124,AC00014,-0.07080508363649,-0.1915150563578869,-1.855006314710584,-410.9358804254402,0.0,0.3392782073581952,4.233298161746028,-19.77702354114597,0,0,0,0,0,0,1,0,0,0
TX000740,AC00014,-0.0735916369003182,-0.2176675649892825,-1.856405525574944,-413.4164110535434,8.429369702178808e-08,0.3216186048150132,3.880520171633013,-18.73198337942981,0,0,0,0,0,0,1,0,0,0
TX001456,AC00015,-0.0711575418230804,-0.2333714035927776,-0.4517224628735921,-444.0101891174053,0.0,0.3914235217996645,6.681831248873357,-75.52062804193326,0,0,0,0,0,0,1,0,0,0
TX001467,AC00015,-0.0217206843210659,-0.1920821559150087,0.137002889809386,-432.5506124191813,0.0,0.4595268104174569,15.341344878452038,-61.06427063778996,0,0,0,1,0,0,1,1,0,0
TX001620,AC00015,-0.0721876379728618,-0.2239703568702828,-2.093347373749843,-448.9039816537491,0.0,0.1611088674687718,4.020215273694675,-21.91506831981003,0,0,0,0,0,0,0,0,0,0
TX001562,AC00015,-0.0765836988672787,-0.2067900096941388,-2.0094893983715423,-447.1168922475034,0.0,0.345350205956958,4.879285370212377,-22.99568228202793,0,0,0,0,0,0,1,0,0,0
TX001181,AC00016,-0.0592313902614733,-0.0877534990641331,-1.1584274395046226,-427.2409837538459,0.0,0.3300986495782418,5.499211033355296,-51.660164270449634,0,0,0,0,0,0,1,0,0,0
TX002335,AC00016,0.0165533535670954,0.2407194765327394,5.1723853373843625,371.6040939321471,11.092695236647076,0.8197695506204282,19.718877448672107,-125.12635452366806,2,1,1,1,1,1,1,1,0,1
TX001135,AC00016,-0.0002108062933452,-0.1124211948555202,-0.565680509076854,-383.5287253753667,0.0,0.4592589095442668,6.42024192818286,-7.047987400225271,0,0,0,0,0,0,1,0,0,0
TX001592,AC00016,-0.053465999998078,-0.1429062533688001,-1.29952301393093,-392.0444245723661,0.0,0.3835598216531656,4.741583278625962,-13.225294658564994,0,0,0,0,0,0,1,0,0,0
TX001969,AC00016,0.0018505925989988,0.1055652623577265,-0.97410391354404,-372.8500334411897,0.0,0.5610901219805174,6.67261267639429,-1.202728257691707,2,1,1,0,0,0,1,0,0,1
TX001542,AC00016,-0.0627677936153163,-0.1604430095960185,-2.2528321199065573,-433.0925487627261,0.0,0.3580401396480259,4.480573421105728,-19.89728057169777,0,0,0,0,0,0,1,0,0,0
TX001864,AC00017,-0.1014521520707008,-0.2257602174871702,-0.8723441423175018,-472.0256429225732,0.0,0.1046452480826915,4.93758116000602,-78.34821470699626,0,0,0,0,0,0,0,0,0,0
TX000952,AC00017,-0.0625676461538685,-0.1328366538443111,-2.170631643830424,-434.4433165309314,0.0,0.5440651346233805,5.815813874806881,-58.29531253930458,0,0,0,0,0,0,1,0,0,0
TX001670,AC00017,-0.0712724668100557,-0.1849412231061653,-2.898999355084994,-458.1409338905525,0.0,0.4257515801442925,4.901988691352491,-13.569524427430386,0,0,0,0,0,0,1,0,0,0
TX000971,AC00017,-0.1161676036145881,-0.2613695705333394,-2.6861013240643565,-475.97017455435787,0.0,0.0719214497809484,2.6750507402612245,-26.608533346580547,0,0,0,0,0,0,0,0,0,0
TX001337,AC00017,-0.0521985288358668,-0.166207678089385,-1.6237859475374847,-444.9213857445365,0.0,0.3449038147400143,4.48764619763802,-19.082718158375624,0,0,0,0,0,0,1,0,0,0
TX001498,AC00018,-0.0256496205964084,-0.1336711710161251,-0.5861043352907434,-377.2189605854941,0.0,0.5520267914355981,12.317634074820878,-71.32254979822244,0,0,0,0,0,0,1,1,0,0
TX001802,AC00018,0.0500587908577496,0.2434393447304113,2.353210611812464,-322.7969205016846,0.0,0.6828835811164964,21.950959229397597,80.51272185512026,3,1,1,1,0,0,1,1,1,1
TX000102,AC00018,-0.0098939207502722,-0.1588034814877732,-0.9834807965126232,-401.2839946075627,0.0,0.4320400772876636,7.369736188595787,-11.227353313293992,0,0,0,0,0,0,1,0,0,0
TX002086,AC00019,-0.1096981114678661,-0.2626397412637437,-2.1539198641535684,-478.17356730488814,0.0,0.0,3.475210022073556,-79.97911725150942,0,0,0,0,0,0,0,0,0,0
TX001683,AC00019,-0.0795678667242942,-0.2575909395776987,-1.5320954457271458,-463.5270456270461,0.0,0.0,5.371792994727764,-61.63986510839022,0,0,0,0,0,0,0,0,0,0
TX002414,AC00019,-0.0793595392007772,-0.228784486877738,-1.87135642141382,-462.5429453572998,0.0,0.1413359601532495,4.763304709379007,-23.837110609079964,0,0,0,0,0,0,0,0,0,0
TX000003,AC00019,-0.0994901595564957,-0.2611364464078328,-2.66744686653456,-476.2341209008925,0.0,0.0558684444769406,3.1915574976444523,-28.786896850249374,0,0,0,0,0,0,0,0,0,0
TX001326,AC00020,-0.0532652827237146,-0.2528453031033685,-0.4181374646612124,294.0405133823803,0.0,0.4944438823653858,8.858956038081656,-70.60187348437077,0,0,0,0,1,0,1,0,0,0
TX001830,AC00020,-0.0986402040695589,-0.2616500688446752,-1.8980478719900928,-475.5393503514785,0.0,0.0,5.775524616119674,-64.45990595611713,0,0,0,0,0,0,0,0,0,0
TX000404,AC00020,-0.1239747945683478,-0.2120609433223401,-3.117684571365915,-466.1064447649257,0.0,0.1885872216303122,4.221353429807396,-19.3108553136516,0,0,0,0,0,0,0,0,0,0
TX002028,AC00020,-0.1052724379581193,-0.267003148141641,-2.3080922960043395,-472.693698767826,4.214684851089404e-08,0.0366505925050658,2.821815510901585,-27.41663471268413,0,0,0,0,0,0,0,0,0,0
TX000206,AC00020,-0.114324658462357,-0.2618615859028779,-2.8488289339971478,-471.4429290530245,0.0,0.0092323089579987,2.955858493815536,-27.38322042746883,0,0,0,0,0,0,0,0,0,0
TX001259,AC00020,0.0353437842426648,0.3122639962103604,4.702130287699678,1443.234205322629,17.756273705582643,0.750132667327667,20.229027809773427,225.6139546404272,3,1,1,1,1,1,1,1,1,1
TX001715,AC00020,-0.0561919755536954,-0.1913305168413761,-2.6550559744589943,-443.1084180083524,0.0,0.3532101780502581,4.617301692801284,-22.63228257457085,0,0,0,0,0,0,1,0,0,0
TX002170,AC00020,-0.0948090314457256,-0.2175562501027605,-2.563824861090609,-339.49551907103904,0.0,0.1848206348699205,3.932516321060323,-18.698571860482705,0,0,0,0,0,0,0,0,0,0
TX001139,AC00020,-0.0227367295988307,-0.1399219932526014,-1.896197542684881,96.85804329711124,0.0,0.4513851078054807,5.749353110024453,16.905913160892904,1,0,0,0,1,0,1,0,1,0
TX001821,AC00021,-0.1026362106236445,-0.2165120332463648,-1.557159884306234,-476.0289074212108,5.960464477539064e-08,0.2297947255593914,4.033464752878366,-78.69440872719132,0,0,0,0,0,0,0,0,0,0
TX002112,AC00021,-0.0406043752845665,0.0143544935084607,2.7717810579132385,472.4170672617889,8.988056945252037,0.7881819826274848,11.616995170815295,-138.38680490519695,1,0,1,1,1,1,1,1,0,0
TX002126,AC00021,-0.0576015088129919,-0.0805272407028383,-2.9520183094208914,-447.58817802001255,0.0,0.4336018537189467,5.070914718585579,-12.54663354929892,0,0,0,0,0,0,1,0,0,0
TX000382,AC00021,-0.0944938951463854,-0.2632725801699401,-2.995124367646285,-472.7146150583092,0.0,0.0341492660336457,3.3432951160474547,-25.488521720378515,0,0,0,0,0,0,0,0,0,0
TX001998,AC00021,0.0013330045662022,-0.0572856708907278,-1.984947381241604,206.9197766845924,1.6858739404357617e-07,0.5194231591395939,7.548191789903653,13.03624218485598,2,1,0,0,1,0,1,0,1,1
TX000459,AC00021,-0.0256938634401398,-0.137153282308243,-2.638034058619485,-406.2551184685395,0.0,0.3873478605884609,4.572944208008707,-17.159121434131077,0,0,0,0,0,0,1,0,0,0
TX001776,AC00021,0.0057453878729826,-0.0874856521452069,-1.9780994218663963,-315.5889205227936,1.1920928955078125e-07,0.4662831568961237,5.782598822167035,9.273299095280418,1,1,0,0,0,0,1,0,0,0
TX002149,AC00021,-0.0075359251004885,-0.0813883702517737,-2.0158057011254265,-190.20000501593995,0.0,0.4693944888289627,5.476875327015477,-8.933645354155345,0,0,0,0,0,0,1,0,0,0
TX000078,AC00022,-0.1165159895659588,-0.2531517951042135,-1.105321179449584,-476.5934215189971,8.429369702178808e-08,0.0360484366778599,4.8368971535101135,-79.07562509174129,0,0,0,0,0,0,0,0,0,0
TX001771,AC00022,-0.0822558640222387,-0.2414816644466642,-0.8310674122360115,-456.1492016142652,0.0,0.1217115172387926,4.1935671155515495,-57.18847694179283,0,0,0,0,0,0,0,0,0,0
TX000584,AC00022,-0.0233019853330475,-0.1744163893923527,-1.170324068859122,-282.74790461216566,2.384185791015625e-07,0.5254123632915874,7.110454780489583,9.96674381074983,0,0,0,0,0,0,1,0,0,0
TX001053,AC00022,-0.0482756161949557,-0.1985931342310554,-1.664925066733824,-455.0145382517238,0.0,0.3206629703466672,3.8281816062533576,-20.974259837814845,0,0,0,0,0,0,1,0,0,0
TX001358,AC00023,-0.0999903530946708,-0.2515694328009484,-1.7266774511472942,-471.3911350971474,0.0,0.2305327542286083,5.182423629623401,-78.68327296027485,0,0,0,0,0,0,0,0,0,0
TX000670,AC00023,-0.0497448756756397,-0.0644960569466133,-1.0979974154302905,-451.157186116052,0.0,0.5210267395776742,7.435543723544217,6.82502394475917,0,0,0,0,0,0,1,0,0,0
TX001959,AC00023,-0.1223519268785126,-0.2696499039317648,-2.19895114559281,-474.93503888490255,0.0,0.0366505925050658,2.8679333163141667,-25.762967256935664,0,0,0,0,0,0,0,0,0,0
TX001719,AC00023,-0.0976255545022489,-0.2139528109036232,-2.4460362286518524,-472.4568034909912,0.0,0.3379388304752735,4.217150269168645,-23.608147003461085,0,0,0,0,0,0,1,0,0,0
TX000271,AC00023,-0.1026972556559624,-0.2622028623267951,-2.266198945925206,-465.1180771088524,0.0,0.0147431124893299,3.1188236110744456,-27.85180221552017,0,0,0,0,0,0,0,0,0,0
TX000617,AC00023,-0.028369712164927,-0.2431820389683234,-2.1551138208950107,-427.4654894401674,0.0,0.1134752679904544,3.4132165207153378,4.474361808917248,0,0,0,0,0,0,0,0,0,0
TX001471,AC00024,-0.0360040893816126,-0.2299390303261868,-0.1982374922389542,2620.800470859053,0.0,0.3774744822507216,6.889464974721952,-66.61672973087815,0,0,0,0,1,0,1,0,0,0
TX001041,AC00024,-0.0283877735495186,-0.2059319158635217,-0.4151213373675091,-431.4578133265749,3.371747880871523e-07,0.4052369400100156,15.931440247492892,-62.84769537416554,0,0,0,0,0,0,1,1,0,0
TX001308,AC00024,-0.0594312961805618,-0.1979290951984758,-2.088841495582429,-426.2575335156824,0.0,0.1594783717539884,4.464614163507486,-13.702141168498075,0,0,0,0,0,0,0,0,0,0
TX002214,AC00024,-0.0602913344285204,-0.1943029305355155,-2.0818843533002536,-376.7130644293493,0.0,0.3211262446318652,4.076257478941052,-15.095229817706072,0,0,0,0,0,0,1,0,0,0
TX001387,AC00024,-0.0899345457760401,-0.2472703692485942,-2.0575710964126515,-430.81798186154026,0.0,0.0905001105673257,3.4104291292619333,-25.90553243792745,0,0,0,0,0,0,0,0,0,0
TX001807,AC00025,-0.0874831711989729,-0.2546633081136633,-1.8599550487857128,101.5753093971212,5.960464477539064e-08,0.1619628427788585,4.225703978980002,-77.85071492305808,0,0,0,0,1,0,0,0,0,0
TX001064,AC00025,-0.012952285265587,0.1579970956717702,0.2857937152305769,-419.1898550058351,1.6858739404357617e-07,0.6210451963438558,9.039926297739015,-44.46150901403868,1,0,1,1,0,0,1,0,0,0
TX000283,AC00026,-0.0903643953619274,-0.2227904203406716,-2.250965063260521,51.14645871740703,0.0,0.2521320590424833,4.114948898335586,-77.8125225541161,0,0,0,0,1,0,0,0,0,0
TX000638,AC00026,-0.089572072641604,-0.2018644029202458,-1.5607776240923013,-466.9553889211585,0.0,0.3576595040587593,5.5502714305671805,-57.59885312396053,0,0,0,0,0,0,1,0,0,0
TX000698,AC00026,-0.1194316191225487,-0.2698170301989684,-2.33711688681068,-473.7685550306216,0.0,0.0347865254350739,3.144554173906948,-26.170419071220184,0,0,0,0,0,0,0,0,0,0
TX000240,AC00026,-0.0961941266647491,-0.2553898328724969,-2.025115099320381,-469.4185493429544,0.0,0.0721132118114349,2.865271766113036,-25.48872748551829,0,0,0,0,0,0,0,0,0,0
TX001513,AC00026,-0.0409697776139938,-0.1655692175030221,-1.5085723548930794,-431.1919643182564,0.0,0.3485855034535494,4.736927135026819,-12.46766437765837,0,0,0,0,0,0,1,0,0,0
TX001927,AC00026,-0.0782532899699426,-0.2066347185074737,-0.9358561301899933,-464.9575211089976,0.0,0.3216305501989775,4.096489355924866,-22.45593400721384,0,0,0,0,0,0,1,0,0,0
TX000791,AC00027,-0.1009661245255645,-0.2121783127358116,-2.0168763415801347,-471.6330002079389,0.0,0.2322484461702597,3.5764103367928115,-76.12829378756672,0,0,0,0,0,0,0,0,0,0
TX002377,AC00027,-0.0741110553150471,-0.1821249211890259,-2.292222552860089,-450.5426102612933,0.0,0.3537453008472422,3.8050318571971418,-42.95289991518828,0,0,0,0,0,0,1,0,0,0
TX001258,AC00027,-0.0257054727632272,0.0766685280776051,-0.2514064316630087,-447.7820046141939,0.0,0.5226783786233222,6.630723903513688,10.697189325834128,1,0,1,0,0,0,1,0,0,0
TX001438,AC00028,-0.1016435724338864,-0.2333086747807202,-1.1641742979448022,-475.69128073026974,0.0,0.0654617100171442,4.673676720064694,-79.38880869413711,0,0,0,0,0,0,0,0,0,0
TX001580,AC00028,-0.0736836132855316,-0.1791097958991423,-1.301826435514645,-457.1023182624389,0.0,0.449870802883954,6.063973208378579,-61.52849324560333,0,0,0,0,0,0,1,0,0,0
TX002415,AC00028,-0.0017369892615297,-0.0713951440869742,-0.4928697620160012,-368.1779309006087,0.0,0.5836972725093654,9.980102622542688,-14.78878879792376,0,0,0,0,0,0,1,0,0,0
TX001220,AC00029,-0.0884623235463699,-0.202451271213844,-1.4066899569442215,-470.6729368387553,0.0,0.215792488247621,4.581310558874705,-75.19103747390238,0,0,0,0,0,0,0,0,0,0
TX000350,AC00029,-0.110416798343405,-0.2605431001510594,-1.1991082786937604,-472.9966178662031,5.960464477539064e-08,0.0291574552054623,3.7561908748220634,-64.91930864702746,0,0,0,0,0,0,0,0,0,0
TX001860,AC00029,-0.0683335434700758,-0.1543053411393049,-1.480474848524956,-455.7459288775083,1.1920928955078125e-07,0.4167627300486663,4.7915929153766,-20.60725179124257,0,0,0,0,0,0,1,0,0,0
TX000411,AC00029,-0.0214185779996811,-0.1925642515824881,-1.7080872605381945,-406.8537632181762,0.0,0.411266903285203,6.512383623045109,4.424524355407154,0,0,0,0,0,0,1,0,0,0
TX000772,AC00029,-0.0773282466117278,-0.2194886096019048,-1.1309274039646038,-454.9259619251963,0.0,0.1384052638479435,4.098661521806815,-19.423165546748816,0,0,0,0,0,0,0,0,0,0
TX002087,AC00029,0.020087056506413,0.0713505948293926,2.9235792933140035,371.476289756113,7.73268421438541,0.735284572517303,11.078190907987604,83.1275990880603,3,1,1,1,1,0,1,1,1,1
TX001347,AC00030,-0.0728081784351898,-0.225552223888134,-1.3811584822284573,778.8077334886661,0.0,0.2581225129261303,6.716221687494596,-74.20893344471565,0,0,0,0,1,0,0,0,0,0
TX001474,AC00030,-0.1022120561209463,-0.2081683419388367,-2.5609115470460715,-468.4895211760903,0.0,0.3695749743804173,5.089030692554712,-63.55887986577537,0,0,0,0,0,0,1,0,0,0
TX001920,AC00030,-0.0965113948971567,-0.2345814025611496,-2.618213867594722,-468.8360255390122,0.0,0.1609944588916494,4.000420251845531,-16.436229793634904,0,0,0,0,0,0,0,0,0,0
TX002498,AC00030,-0.0254408506684961,-0.117767781591844,-2.1305540161008363,-410.43657651480623,0.0,0.4060770249112538,4.042924055594536,11.649213787428504,0,0,0,0,0,0,1,0,0,0
TX001785,AC00030,-0.0940907999249841,-0.2486261522223941,-2.744561347519582,-459.3583245701619,0.0,0.1325822521867338,2.9607186827703345,-25.037871930312694,0,0,0,0,0,0,0,0,0,0
TX000702,AC00030,-0.1027937195127203,-0.2658553791767662,-2.7733427464408216,-461.70571240894606,0.0,0.0581276857444808,2.620534570407588,-27.32702161773652,0,0,0,0,0,0,0,0,0,0
TX000781,AC00030,-0.0606758682729692,-0.1590060171119327,-1.8521386297752045,-371.0207264469848,0.0,0.3712676018840343,4.618911235019024,-18.905163972294662,0,0,0,0,0,0,1,0,0,0
TX001616,AC00030,-0.0551632892957312,-0.1585285457495209,-2.256243251146806,-431.0454997045503,1.1920928955078125e-07,0.3546576720566256,3.8518150396263633,4.328193777358802,0,0,0,0,0,0,1,0,0,0
TX000560,AC00030,-0.0315215314082362,-0.1427955437186627,-2.0980760248646195,-389.50883786905285,8.429369702178808e-08,0.4257696373168246,4.774730949547441,-13.317642643343593,0,0,0,0,0,0,1,0,0,0
TX002368,AC00032,-0.0983310331749316,-0.2222863349497712,-1.8958405822384083,-473.3422865794981,0.0,0.2433059575862147,3.921124235253228,-77.82004411788866,0,0,0,0,0,0,0,0,0,0
TX001137,AC00032,-0.0522348322480759,-0.0757502973165558,-1.5279320541905257,-428.4513058456782,0.0,0.4825924417912562,5.990449635001366,4.1715168196880335,0,0,0,0,0,0,1,0,0,0
TX002044,AC00032,-0.0828296276074544,-0.1652265233026335,-1.847075003885713,-456.8688586567388,8.429369702178808e-08,0.3852406957440363,4.083917044046057,-14.093940656400871,0,0,0,0,0,0,1,0,0,0
TX000754,AC00032,-0.0550849790963497,-0.1025624169649452,-2.453269856013465,-427.730044770707,0.0,0.5757426297384068,8.288821969908668,29.649364958040785,1,0,0,0,0,0,1,0,1,0
TX001034,AC00032,-0.0443841060906499,-0.1148084986572799,-1.5155759169428666,-433.8193240615101,0.0,0.4210658693667324,4.945028905586503,-17.353260182212093,0,0,0,0,0,0,1,0,0,0
TX001311,AC00032,-0.0688748534370993,-0.1461247994009544,-2.0512023571012747,-418.0334443925384,0.0,0.4100605367491901,4.822647908888218,-11.689972432884352,0,0,0,0,0,0,1,0,0,0
TX000643,AC00032,-0.0645932517878753,-0.2196872153006355,-2.421835803972129,-281.6509525551096,0.0,0.181095384460999,3.798640184987579,-12.967595221992488,0,0,0,0,0,0,0,0,0,0
TX002427,AC00032,0.0143923172078647,-0.1546234945035396,-1.634142774196354,-363.6510413917951,8.429369702178808e-08,0.4259339166349253,5.281962189849014,-9.859740813959508,1,1,0,0,0,0,1,0,0,0
TX001161,AC00032,-0.0576363336998504,-0.2017530011440935,-1.9905687904336575,-401.0589385543333,0.0,0.351583624669861,4.236588468887875,-22.447541497611173,0,0,0,0,0,0,1,0,0,0
TX000532,AC00033,-0.1130397785620848,-0.2520510560602181,-0.8092670009984193,-476.5285979057834,0.0,0.0,5.52618322422022,-81.0955083165384,0,0,0,0,0,0,0,0,0,0
TX002072,AC00033,-0.0857110507945435,-0.2058300007007096,-1.1207443816342657,-463.1401631757176,0.0,0.1731008297031054,4.744213461599461,-59.664688177218494,0,0,0,0,0,0,0,0,0,0
TX002247,AC00033,-0.1052921389060343,-0.239430928900395,-1.0017822465328443,-471.7218276522015,0.0,0.1319569169116313,4.070077641153969,-18.828343645890964,0,0,0,0,0,0,0,0,0,0
TX000978,AC00033,-0.0651393181055903,-0.1401967919780151,-2.3171755225784985,-392.8647616508436,0.0,0.5693837152202386,3.78557115637542,5.927688725976987,0,0,0,0,0,0,1,0,0,0
TX002436,AC00033,-0.0538411201707395,-0.1485234999101918,-2.008212252183954,-463.4251190246415,0.0,0.3889287733540837,5.162922853008781,-23.66733778809243,0,0,0,0,0,0,1,0,0,0
TX000286,AC00033,-0.1185251481193517,-0.2720615886868116,-1.372656875799878,-459.198308072823,0.0,0.0407737091078839,3.39343347895673,-24.568730893667404,0,0,0,0,0,0,0,0,0,0
TX000348,AC00034,-0.1017882292268566,-0.2118819496579156,-2.0473074840997594,-470.5610811155035,0.0,0.2464502104483661,3.890538882222166,-73.16911038202483,0,0,0,0,0,0,0,0,0,0
TX001916,AC00034,-0.1006990344267926,-0.2368380721934426,-2.0504057121018864,-473.6679397414041,0.0,0.1785641300313737,3.748634483485729,-63.15691048869414,0,0,0,0,0,0,0,0,0,0
TX002061,AC00034,-0.1078573331503652,-0.2586386788981528,-2.0588309734085097,-467.1003922920346,8.429369702178808e-08,0.0368524359131526,3.1806613732533204,-21.23061642163467,0,0,0,0,0,0,0,0,0,0
TX000675,AC00034,-0.0580072828878663,-0.2234400431445624,-1.927560949490548,-450.4141731237767,0.0,0.3602066901588835,6.964699258318618,-15.645758249779336,0,0,0,0,0,0,1,0,0,0
TX000176,AC00035,-0.0828998182532164,-0.1323784488720629,-0.7584425262573085,-467.5630683540326,0.0,0.3090175310202178,5.474274888261125,-74.7916408995395,0,0,0,0,0,0,0,0,0,0
TX000716,AC00035,-0.0690809071345868,-0.2275250747465875,-1.074242921309697,-449.59136966116426,0.0,0.1491174719307127,4.384082249542151,-53.7411312442414,0,0,0,0,0,0,0,0,0,0
TX001840,AC00035,0.0255264920656843,-0.0303976589925658,0.240346001164907,-32.89920897361611,0.0,0.6006783382581616,8.788674768669235,33.736291562654145,2,1,0,1,0,0,1,0,1,1
TX002267,AC00035,-0.055034317071059,-0.1683828125241411,-1.1299653273141956,-433.09397235213686,0.0,0.3615651704635902,5.0450409709906685,-19.06880750458437,0,0,0,0,0,0,1,0,0,0
TX000300,AC00035,-0.0862876413283919,-0.2245496162109956,-1.6964228731477693,-453.5338582961514,0.0,0.1808194796054036,3.819470249477902,-23.96343071724127,0,0,0,0,0,0,0,0,0,0
TX000878,AC00035,-0.0483960706187143,-0.2415481414944149,-1.7305810429747517,-416.3498610214074,5.960464477539064e-08,0.1147972452449226,3.675122953528537,-19.66688707432272,0,0,0,0,0,0,0,0,0,0
TX000989,AC00035,-0.0545224687286736,-0.1930689286894293,-1.7411517097833702,-242.93596030923285,0.0,0.3452433930107567,4.46844065240774,-8.299544441635875,0,0,0,0,0,0,1,0,0,0
TX001590,AC00035,-0.0420220086620747,-0.2042401831958211,-1.067234197383776,-414.11002470941503,0.0,0.3204652951206438,4.292163192250812,-19.7031669674062,0,0,0,0,0,0,1,0,0,0
TX001296,AC00035,-0.045181131445341,-0.2215447335110363,-1.1314306151823192,-397.2161033707905,0.0,0.1920875762590854,4.0386572471750055,-17.31990919149361,0,0,0,0,0,0,0,0,0,0
TX000470,AC00036,-0.0930806425347116,-0.2675310199095689,-1.111219591879825,-434.4213924778391,8.429369702178808e-08,0.0,4.942310677228463,-76.18222012076481,0,0,0,0,0,0,0,0,0,0
TX001316,AC00036,-0.0466225557686312,-0.1202245738932805,-0.9136311827349708,-343.2677203042617,0.0,0.5601923378644115,6.325109534884206,-58.80478455088187,0,0,0,0,0,0,1,0,0,0
TX002237,AC00036,-0.0755233953551413,-0.2403208885169767,-2.3011430908341577,-457.95549264814696,0.0,0.0874327211391628,3.681596600858573,-24.41147943633537,0,0,0,0,0,0,0,0,0,0
TX001814,AC00036,-0.0644304038880646,-0.2263255753214528,-1.1347120764723542,-445.14861952361866,0.0,0.1747957569446948,4.167755727026237,-20.675739096092062,0,0,0,0,0,0,0,0,0,0
TX000181,AC00036,-0.0496581856296539,-0.1361109552067423,-1.769852570686533,-434.4235538487485,0.0,0.4089654718964226,5.779418066455347,-15.324298117380286,0,0,0,0,0,0,1,0,0,0
TX000766,AC00037,-0.0947758951122973,-0.1012219741820854,-0.9937678966418488,-456.8930867618813,0.0,0.3153643688027704,5.11315510432358,-67.8019911917701,0,0,0,0,0,0,0,0,0,0
TX002139,AC00037,-0.0725858296531037,-0.112085619148601,-1.1627228786925254,-444.4123752626698,0.0,0.4232881558111875,5.261457029159393,-48.93001518664956,0,0,0,0,0,0,1,0,0,0
TX002301,AC00038,-0.1110517079036069,-0.1971509751335685,-2.1228851525437413,-463.1604611617468,0.0,0.2505682570100134,4.146534164539159,-72.9284974812517,0,0,0,0,0,0,0,0,0,0
TX002125,AC00039,0.0149964153878268,-0.0089718697807703,-0.0001642527751464,2155.251599269832,0.0,0.6218782507074005,9.870058508100756,-54.78560551930949,1,1,0,0,1,0,1,0,0,0
TX000597,AC00039,-0.0166581416244892,-0.1888995038260466,-1.6962618541782604e-05,-433.5138467705008,0.0,0.5308719190995866,13.78197031694418,-58.85572847468415,0,0,0,0,0,0,1,1,0,0
TX000496,AC00039,-0.0751286398878015,-0.2293564708111415,-2.2926042653528373,-419.350768951934,1.6858739404357617e-07,0.4622426769931212,8.683469065607428,-10.821237948937576,0,0,0,0,0,0,1,0,0,0
TX000996,AC00039,-0.0740751684452329,-0.2244545972338147,-2.0420335659137745,-434.7672520043637,8.429369702178808e-08,0.2007577970584657,4.684830138121454,-21.658848813935386,0,0,0,0,0,0,0,0,0,0
TX000397,AC00039,-0.0837971835498165,-0.2397248619948475,-2.5304336074090674,-449.8965410186668,0.0,0.1394108834159444,3.587660800344388,-24.617520550228537,0,0,0,0,0,0,0,0,0,0
TX000824,AC00039,-0.0363761206849204,-0.1855747812341293,-1.3718738323825974,-438.6968473154113,0.0,0.3193016119348976,4.758231449872423,-20.07451402097954,0,0,0,0,0,0,1,0,0,0
TX000594,AC00039,-0.0149975051284081,-0.0340163368791022,-1.3661017816438576,-389.31603706244977,0.0,0.5035356976350078,5.540405032343872,13.993410589579591,1,0,0,0,0,0,1,0,1,0
TX002231,AC00040,-0.1070760858632255,-0.2173034992245721,-1.4921724827070175,-463.6863729609268,0.0,0.1749169711171992,4.041821424786529,-72.79736438114176,0,0,0,0,0,0,0,0,0,0
TX000351,AC00040,-0.1148456112174889,-0.2206811655691825,-2.262108914296215,-472.1759226931123,5.960464477539064e-08,0.194508055120734,3.933632680910805,-62.68929689921535,0,0,0,0,0,0,0,0,0,0
TX001145,AC00040,-0.0856415029366965,-0.1900771670017247,-0.8093463106019438,-391.4461582239818,0.0,0.5649451271694033,9.60057351808331,-1.7225105896092945,0,0,0,0,0,0,1,0,0,0
TX000441,AC00040,-0.0146327764035224,0.005014671703631,-1.4082125524492248,325.73970546693505,1.6858739404357617e-07,0.6152153094280728,5.693297986304365,10.975495905611648,1,0,1,0,1,0,1,0,0,0
TX001517,AC00040,-0.0327981441494751,-0.2247169466319307,-1.3354614097541615,-322.93241007907216,0.0,0.5205763910556932,10.856471337366834,-9.01672418853437,0,0,0,0,0,0,1,1,0,0
TX002049,AC00041,-0.1004912185613579,-0.2674961839483822,-0.850866079586023,-474.1182677435127,1.1920928955078125e-07,0.084362877044491,5.401148452611069,-78.460426169714,0,0,0,0,0,0,0,0,0,0
TX001397,AC00041,-0.0934908014673837,-0.2267092571191151,-0.9673568550624267,-466.973154798302,0.0,0.1943330483712327,4.388958656555545,-61.454380185060685,0,0,0,0,0,0,0,0,0,0
TX000549,AC00041,-0.0674158697964938,-0.079333408854201,-0.8652282551356496,-416.7234618736241,0.0,0.5444722387961872,8.700025265743424,-9.229181017123794,0,0,0,0,0,0,1,0,0,0
TX001066,AC00041,-0.082050344229947,-0.233133474454142,-1.602809908351821,-458.585192660169,0.0,0.1887793097768441,4.835084023794273,-15.944860929728552,0,0,0,0,0,0,0,0,0,0
TX000026,AC00041,-0.0396147341588836,-0.1546769815968725,-0.7402325318466758,-443.9825916787848,0.0,0.3917039423948729,5.13995359445016,-17.432932791758734,0,0,0,0,0,0,1,0,0,0
TX001638,AC00041,-0.0722583041031841,-0.2183644489934457,-2.2325408209069284,-464.6593548375226,8.429369702178808e-08,0.3338776699981862,5.698464291513385,-21.942369205660565,0,0,0,0,0,0,1,0,0,0
TX000253,AC00041,-0.0706266421761741,-0.2449371786706613,-2.168041865993468,-466.275094722816,8.429369702178808e-08,0.1470543564925119,4.390605544920772,-26.29747732810824,0,0,0,0,0,0,0,0,0,0
TX002320,AC00042,-0.0959960546331329,-0.2562608970690757,-1.2698074881163317,-476.770165712789,0.0,0.0520863232427659,4.391197144413004,-79.18785589115163,0,0,0,0,0,0,0,0,0,0
TX002217,AC00042,-0.0968528533469928,-0.2173085089019089,-1.508305941684963,-468.83770161563456,8.429369702178808e-08,0.1652142101546975,4.022039158723411,-62.0256767089966,0,0,0,0,0,0,0,0,0,0
TX001480,AC00042,-0.104206055596743,-0.2296962732857241,-2.5683680724562894,-471.7969573038051,8.429369702178808e-08,0.3348189322911741,6.095275485825908,4.294700706524164,0,0,0,0,0,0,1,0,0,0
TX002478,AC00042,-0.1087611656310476,-0.2653394604406567,-2.6501773774478146,-474.9355154480714,5.960464477539064e-08,0.0575308200055475,3.014634470742221,-26.06299354022634,0,0,0,0,0,0,0,0,0,0
TX001376,AC00042,-0.0414236914711493,-0.136366925522023,-2.4011825338031265,-456.50203537407583,0.0,0.3896361298375669,4.340796892255445,-21.312665178107785,0,0,0,0,0,0,1,0,0,0
TX000524,AC00043,-0.1125813636454154,-0.2564571228612463,-2.1497373998470835,-482.1351720648709,0.0,0.0401570856616582,3.6775510127218825,-82.17220824787927,0,0,0,0,0,0,0,0,0,0
TX002456,AC00043,-0.0498653073603138,-0.1882234305501724,-1.8405160297880665,-371.9948472416804,0.0,0.4547404911587975,6.809617408995199,6.636169381482485,0,0,0,0,0,0,1,0,0,0
TX002117,AC00043,-0.0853926645926493,-0.1818969147135116,-2.9522884801983533,-467.0008531969382,0.0,0.3601583293491605,4.547032488243883,-22.91897122764679,0,0,0,0,0,0,1,0,0,0
TX000727,AC00043,-0.0716044909219085,-0.2069658848562225,-2.603483654462142,-450.546066557421,8.429369702178808e-08,0.3337712122472618,4.658251722695347,-17.432607039810158,0,0,0,0,0,0,1,0,0,0
TX001172,AC00044,-0.0939681977560307,-0.1636649337089439,-1.8960127568369904,-453.7210588134503,8.429369702178808e-08,0.3628353756299119,5.976884856699952,-68.06059505885123,0,0,0,0,0,0,1,0,0,0
TX001073,AC00045,-0.0346309859620631,-0.1363157542740456,-0.4935909190485006,-402.7848819749528,0.0,0.5454328619507076,9.782797007513915,-72.77526613507992,0,0,0,0,0,0,1,0,0,0
TX000736,AC00045,0.0135409756338595,-0.0101188180730242,0.8325555457209504,-378.8728171761709,3.371747880871523e-07,0.5354626962642006,19.43307907615966,-49.79312603781655,1,1,0,1,0,0,1,1,0,0
TX000752,AC00045,-0.0037605654570975,-0.155571666578046,-2.0100497669532995,-412.80268731014905,0.0,0.458912763381859,6.170596079930177,-13.470129907482503,0,0,0,0,0,0,1,0,0,0
TX000904,AC00045,-0.0343668483819159,-0.1393514609734047,-1.430785717476141,-414.701473525686,0.0,0.3726896514053965,4.822418707306631,-13.18621957445308,0,0,0,0,0,0,1,0,0,0
TX000546,AC00045,-0.0567864438093489,-0.1977198866230425,-2.363524716899791,-232.11262661719104,0.0,0.4099764874931658,5.123851588934558,-7.437905119281826,0,0,0,0,0,0,1,0,0,0
TX000734,AC00046,-0.1037343010004415,-0.234649212942436,-1.1633879934676197,-476.87720574020585,0.0,0.0786776514259885,4.906249011271671,-80.1741047176457,0,0,0,0,0,0,0,0,0,0
TX002418,AC00046,-0.0503693087404879,-0.080567714527286,0.1411854886207919,-438.3685061210658,1.6858739404357617e-07,0.4647432508457948,6.781419204487645,-54.108008394732366,0,0,0,1,0,0,1,0,0,0
TX002437,AC00046,-0.0142230127783056,-0.1118407096069773,-0.927626777642903,-174.5205368859382,2.384185791015625e-07,0.626196880311893,8.431788181997382,19.847077621887177,1,0,0,0,0,0,1,0,1,0
TX000194,AC00047,-0.0674991638195728,-0.1426925386201005,-1.3289706902437786,-45.21863460026526,0.0,0.4018587110277377,7.746134429733965,-72.94743716532582,0,0,0,0,0,0,1,0,0,0
TX000224,AC00047,-0.0101966346880795,-0.0741047855244332,-2.020836562940161,-426.8244704327042,0.0,0.495935221468225,6.38507858284103,13.926501211749136,1,0,0,0,0,0,1,0,1,0
TX001879,AC00047,-0.0630548418972567,-0.1908251070469269,-2.959480035935739,-460.1645014356661,8.429369702178808e-08,0.3599102977948168,4.90164113285355,-18.705861774617343,0,0,0,0,0,0,1,0,0,0
TX002505,AC00047,-0.0742181483782116,-0.1935562291879307,-2.800164095576937,-468.2060240395576,0.0,0.3493634131741051,4.374527700136223,-24.363680094366625,0,0,0,0,0,0,1,0,0,0
TX002063,AC00048,-0.0903527440648236,-0.1734734784255074,-2.03684613272722,-456.8388252214688,0.0,0.3514299143468509,6.107519115810537,-78.63225071236283,0,0,0,0,0,0,1,0,0,0
TX001707,AC00048,-0.0315680474710949,-0.1319003910617331,0.3021045008400254,-271.1542637854868,0.0,0.5994594221630002,13.003418847898407,-53.77544037046847,0,0,0,1,0,0,1,1,0,0
TX002336,AC00048,0.0076517667742616,-0.1118888806187954,-0.8192222423211728,-400.6103413471832,0.0,0.4869717299033256,7.87044363543002,-13.169278480099395,1,1,0,0,0,0,1,0,0,0
TX000669,AC00049,-0.0440170743124898,-0.0054011428558511,-1.5683830581464235,-445.849747110847,1.1920928955078125e-07,0.4730602380826361,6.835863693177319,-63.00995201260898,0,0,0,0,0,0,1,0,0,0
TX000326,AC00049,-0.0718147444875521,-0.0200224252984644,-1.9008623811404368,-437.962032827941,0.0,0.495881506224841,6.146252440271558,-56.66701881258134,0,0,0,0,0,0,1,0,0,0
TX000817,AC00050,-0.1049688486251451,-0.2225539791009738,-0.6718647817188774,-470.14388296097735,0.0,0.1113744537798102,5.832119105847999,-77.62104906954895,0,0,0,0,0,0,0,0,0,0
TX000932,AC00050,-0.0608485697337199,-0.1956569538592887,-0.8650531622367996,-443.0945244282743,0.0,0.3534375313694931,4.897373272506358,-55.79774178810782,0,0,0,0,0,0,1,0,0,0
TX001758,AC00050,-0.0214836612484463,0.1724328776125601,-0.3833917806993518,-210.20233894315743,0.0,0.6902537932024336,8.081361888548704,30.013874192634088,2,0,1,0,0,0,1,0,1,1
TX002291,AC00050,-0.0317375699567741,-0.2320154156832159,-2.327486089646804,-442.9316530767357,8.429369702178808e-08,0.120632141862963,4.340312955158344,-16.489051402675987,0,0,0,0,0,0,0,0,0,0
TX001686,AC00050,-0.0671639598836544,-0.1924579086449456,-2.615012365294193,-461.62042040414775,8.429369702178808e-08,0.4087572771155598,5.184614282562502,-18.811099187426013,0,0,0,0,0,0,1,0,0,0
TX001935,AC00051,-0.1000375437950717,-0.2165368233694533,-2.028374445941683,-470.478195902528,0.0,0.2353286935875446,3.89700109726441,-76.06472846399373,0,0,0,0,0,0,0,0,0,0
TX000595,AC00051,-0.0628930839121714,-0.0896095428243008,-2.156383559659986,-450.40713895784415,8.429369702178808e-08,0.4590238353887519,4.874204363730973,5.426514855629765,0,0,0,0,0,0,1,0,0,0
TX001333,AC00051,-0.0740446765014212,-0.1119663901319159,-1.825983470198293,-434.761649507419,1.1920928955078125e-07,0.4977979608486027,6.660054666068401,-10.18519517320718,0,0,0,0,0,0,1,0,0,0
TX002486,AC00051,-0.0838557880687049,-0.1187255714386912,-1.7727701455021112,-460.1306408764224,0.0,0.388552678909245,4.141834077763732,-13.519320100051733,0,0,0,0,0,0,1,0,0,0
TX001148,AC00052,-0.0802433539115314,-0.1278487340305003,-1.4068963392557965,-457.648589095829,8.429369702178808e-08,0.3703179667768444,5.479747049090603,-69.24879036989331,0,0,0,0,0,0,1,0,0,0
TX000505,AC00052,-0.0426915305555314,-0.0771164995019388,-0.7293994281799812,-436.39755771827134,0.0,0.5008487263830264,9.04745059412826,-55.64456129540688,0,0,0,0,0,0,1,0,0,0
TX001054,AC00052,-0.0757564304268225,-0.241926604467058,-0.8717606624030481,-459.351096594364,0.0,0.1592059888770542,4.014428959562309,-22.684279504770466,0,0,0,0,0,0,0,0,0,0
TX001241,AC00053,-0.1274274297611916,-0.2463931103435237,-1.5366292971008484,-474.5543423356476,0.0,0.1208306963311239,4.1953538962961625,-77.61669488658663,0,0,0,0,0,0,0,0,0,0
TX000072,AC00053,-0.0976572468727896,-0.2205994444592955,-1.3970893858451134,-468.09907916793486,0.0,0.1986491039439138,4.043443031836898,-60.32894820171458,0,0,0,0,0,0,0,0,0,0
TX001236,AC00053,-0.0427328754799717,-0.2052386935123338,-0.8104857393883336,-435.044321736092,0.0,0.3227617261673549,4.354335451486163,11.846125295303274,0,0,0,0,0,0,1,0,0,0
TX001743,AC00053,-0.0758458972234698,-0.2105903820177266,-1.5361130596236272,-459.2564580082751,0.0,0.3240646133715088,4.760368889956392,-20.460629518122804,0,0,0,0,0,0,1,0,0,0
TX000129,AC00053,-0.0936428004116776,-0.2490012639158592,-1.3958811606107062,-472.7222023126656,0.0,0.1083438642710547,3.890164503169855,-25.00136944041273,0,0,0,0,0,0,0,0,0,0
TX000807,AC00053,-0.0398377968943513,-0.2250163624778036,-0.99074816026687,-434.35823765478415,0.0,0.1915879806249153,4.196466584480207,-15.411823218726273,0,0,0,0,0,0,0,0,0,0
TX000406,AC00053,-0.0491640037643205,-0.1989492366017351,-1.4139339038988954,-450.2438694549166,8.429369702178808e-08,0.199354670772353,4.784841507044892,-17.62115483420349,0,0,0,0,0,0,0,0,0,0
TX000659,AC00054,-0.119461478287914,-0.2731345981728357,-1.4535378373261203,-475.342987506176,0.0,0.0407013676267174,4.433948066276496,-78.4043918350224,0,0,0,0,0,0,0,0,0,0
TX001548,AC00054,-0.1037167212773764,-0.244912629154578,-1.7115250128978854,-472.38272184611833,0.0,0.0937415270562645,3.968629820798341,-62.03189658759001,0,0,0,0,0,0,0,0,0,0
TX001813,AC00054,-0.0784771730897702,-0.2221700930280565,-1.0338594309765572,-461.54912636287736,0.0,0.1900661801712625,4.187013437743374,-12.536773820469705,0,0,0,0,0,0,0,0,0,0
TX000478,AC00054,-0.0664423740806721,-0.1587014292858499,-0.7747033070163383,-461.8511725403279,0.0,0.3712905620554272,4.4902240288267965,-14.020182275183236,0,0,0,0,0,0,1,0,0,0
TX002292,AC00054,-0.0637440968351168,-0.2003493115406276,-1.064401100664579,-460.0305966469701,8.429369702178808e-08,0.3366019720369489,4.742067943389984,-19.80505812499353,0,0,0,0,0,0,1,0,0,0
TX002080,AC00054,5.829273213109332e-05,-0.1922939902033669,-1.4526620754182282,-339.6054983652107,1.6858739404357617e-07,0.5150025894461518,5.574740765655178,9.804535811702213,1,1,0,0,0,0,1,0,0,0
TX000859,AC00054,-0.088137046836585,-0.2203476260626267,-1.9069794973193464,-411.0485249071588,0.0,0.1996799171049271,4.179740444667911,-20.273252218377905,0,0,0,0,0,0,0,0,0,0
TX002470,AC00054,0.0004468839425144,-0.083395764988166,-1.1471924460597656,-346.1137071255108,0.0,0.4447627615789839,5.310007667321831,16.98573093964728,2,1,0,0,0,0,1,0,1,1
TX002103,AC00054,-0.0165294652319071,-0.0448437079203469,-0.9184126247625688,-319.52375787685605,0.0,0.4200048373560892,4.668394956108139,20.113425694060947,1,0,0,0,0,0,1,0,1,0
TX002137,AC00055,-0.1097790241594424,-0.2550887876842627,-2.4171582108755736,-477.4578406757903,0.0,0.0526173266593355,3.63678729650691,-80.19924244628902,0,0,0,0,0,0,0,0,0,0
TX000054,AC00055,-0.1022540013926957,-0.200661289811334,-2.1996232204555177,-465.1062639298668,0.0,0.3762274315862239,5.413858717709211,-62.866316253597546,0,0,0,0,0,0,1,0,0,0
TX000276,AC00055,-0.102622866397858,-0.2423953569599874,-3.0067498035024567,-475.0972249367649,0.0,0.1529853358835061,3.634701333061553,-26.42393361047717,0,0,0,0,0,0,0,0,0,0
TX000229,AC00055,-0.075505219588995,-0.2361303166561068,-1.809773055754368,-454.48055009122766,0.0,0.1826953573459956,3.4471442342302847,-18.98501870506499,0,0,0,0,0,0,0,0,0,0
TX000339,AC00055,-0.0551588971338321,-0.1560802451091323,-0.4872408657171014,-451.4873662768552,0.0,0.3768555137343448,4.526583964373496,-17.47569900324424,0,0,0,0,0,0,1,0,0,0
TX000647,AC00056,-0.0725713211383902,-0.2357782302413074,-0.8199191402987509,-428.6790479483511,0.0,0.1544099328322603,5.40915061400532,-71.3391390382432,0,0,0,0,0,0,0,0,0,0
TX001417,AC00056,-0.079186556662088,-0.2616357350201501,-1.251857711144222,-455.041257243649,0.0,0.0843753116315249,4.0227235900265885,-59.54992511445776,0,0,0,0,0,0,0,0,0,0
TX002258,AC00056,-0.0900457240151375,-0.2505913491421275,-1.0797479857728458,-468.9462846377791,8.429369702178808e-08,0.1274995881168575,4.500026217217864,-23.65671316255383,0,0,0,0,0,0,0,0,0,0
TX001611,AC00056,-0.0723424087799249,-0.2223985035257418,-1.515940285591201,-413.0154868694649,0.0,0.1981165126277068,4.692745923391016,7.013423616835876,0,0,0,0,0,0,0,0,0,0
TX002204,AC00056,-0.0853781507525281,-0.2260390089643948,-1.5300612496937056,-473.3373221816426,8.429369702178808e-08,0.0451092121865083,4.453974876775978,-26.488817168922782,0,0,0,0,0,0,0,0,0,0
TX002269,AC00056,-0.0567107424007483,-0.2293882946092476,-1.1931658489024954,-449.28417075532286,8.429369702178808e-08,0.1419665129577157,4.131637357520936,-20.46324024392015,0,0,0,0,0,0,0,0,0,0
TX001564,AC00057,-0.0676947946835456,-0.2122188998439087,-1.3688234185495496,1176.7611437525195,0.0,0.3535926860347968,6.863027728391667,-74.88999806261566,0,0,0,0,1,0,1,0,0,0
TX002493,AC00057,-0.0198036595734816,-0.120803915055992,-1.0004618613652756,-381.62400683336585,1.6858739404357617e-07,0.4872325648038141,8.693419435463,29.363430480252852,1,0,0,0,0,0,1,0,1,0
TX000028,AC00057,-0.0949054068987916,-0.2514148637772323,-2.56031666513881,-466.6095118996576,0.0,0.0341492660336457,3.640982217482476,-21.800111119759645,0,0,0,0,0,0,0,0,0,0
TX000592,AC00057,-0.0862128970912891,-0.1931666577157185,-2.032073001713993,-461.5161275722173,0.0,0.3350200394696263,3.6399018233006863,-23.731036516023256,0,0,0,0,0,0,1,0,0,0
TX001106,AC00057,-0.089558871374096,-0.2214759229279093,-1.7380773095455009,-444.1748961148015,0.0,0.1314881232265476,3.7711480196074314,-22.6969154167401,0,0,0,0,0,0,0,0,0,0
TX000640,AC00058,-0.0962502122081934,-0.1633456259537873,-2.191897736886613,-450.688488729951,1.1920928955078125e-07,0.3894652554015255,6.086088321611174,-72.36761119690475,0,0,0,0,0,0,1,0,0,0
TX002106,AC00058,-0.1022232269616588,-0.2478853308074151,-1.1637000506815802,-465.0139849510432,0.0,0.3330190885918507,6.19875219522191,-60.52860315287384,0,0,0,0,0,0,1,0,0,0
TX002477,AC00058,-0.0880386359011566,-0.2055285380102809,-2.3593283015602147,-462.7207844116746,0.0,0.1993735763585113,4.147235603095102,-20.288898166555587,0,0,0,0,0,0,0,0,0,0
TX000876,AC00058,-0.1003583165540447,-0.2544933588037049,-2.840509846727473,-461.96964666793,0.0,0.0512545655911176,4.214887326118079,-25.142952485300366,0,0,0,0,0,0,0,0,0,0
TX001603,AC00058,-0.0737185857608369,-0.2517761773242267,-2.0256938916647016,-446.7010287701407,0.0,0.1320957235358272,3.333208875181916,-20.49229299297972,0,0,0,0,0,0,0,0,0,0
TX002476,AC00058,-0.0783281738943316,-0.1818622447385638,-1.8014674350869928,-439.21937274460697,0.0,0.3347606375496462,4.360123808214526,-20.095658140333917,0,0,0,0,0,0,1,0,0,0
TX002075,AC00058,-0.1003101594924048,-0.2374214598260582,-1.676308285812489,-458.31292518223233,5.960464477539064e-08,0.1175117434167301,3.6056160578608543,-23.173634347066976,0,0,0,0,0,0,0,0,0,0
TX001431,AC00059,-0.1049952557562011,-0.2162562768682734,-2.0553353803182457,-466.4661734025949,0.0,0.252597983576308,4.205120134122463,-74.72908921893722,0,0,0,0,0,0,0,0,0,0
TX001828,AC00059,-0.088608169048062,-0.2005455303413066,-2.2221935242631297,-471.29473646074473,0.0,0.3581744617518131,5.544533212354404,-64.2835286545266,0,0,0,0,0,0,1,0,0,0
TX001577,AC00059,-0.1009935402450609,-0.199395150107333,-1.5793886291372097,-463.5241690556711,8.429369702178808e-08,0.1976751255969988,3.9487554995397143,-21.48183282657825,0,0,0,0,0,0,0,0,0,0
TX002193,AC00059,-0.055314505195334,-0.2531918499740637,-1.607378809633559,-443.5075743562594,0.0,0.1055300023761762,3.511198873182926,-18.53433639653301,0,0,0,0,0,0,0,0,0,0
TX001186,AC00060,-0.1050873459878349,-0.2121232274406808,-1.1999538429145762,-429.417106085676,0.0,0.2216989044958071,4.963777612634436,-73.15575873760787,0,0,0,0,0,0,0,0,0,0
TX001485,AC00060,-0.0525925901359913,-0.1686206010977116,-1.5755229663148569,-426.8470615859978,0.0,0.478109980871757,4.4814161271795205,-57.65190361569311,0,0,0,0,0,0,1,0,0,0
TX000033,AC00060,-0.0739802129982375,-0.2121815791736383,-2.6647949298644207,-445.1431365787996,0.0,0.3543924845587094,3.5628369980964147,2.56980038495335,0,0,0,0,0,0,1,0,0,0
TX001299,AC00060,-0.0807042615779418,-0.1967781695075838,-3.5895014712682496,-461.3556628820313,0.0,0.3697055409634103,4.58764121686637,-23.64214472799927,0,0,0,0,0,0,1,0,0,0
TX001115,AC00061,-0.1129610203317711,-0.2634262804220489,-2.3861529391985723,-481.5126816549717,0.0,0.0,3.868659757571296,-82.11004476679642,0,0,0,0,0,0,0,0,0,0
TX001447,AC00061,-0.1030832344213626,-0.2336336392806335,-2.0113102169614923,-467.0230212887399,0.0,0.3310184454959823,4.942505984030749,-57.90637225030551,0,0,0,0,0,0,1,0,0,0
TX001110,AC00061,-0.1055045565175436,-0.2673889421712501,-2.761828888175934,-477.3884575540768,0.0,0.0449559865857862,3.039667124533881,-27.29253514147967,0,0,0,0,0,0,0,0,0,0
TX000775,AC00061,-0.0979660889108297,-0.2634133103260254,-2.4008783343440783,-474.9685020602065,0.0,0.0636995598832524,3.077027900726731,-27.634747648638115,0,0,0,0,0,0,0,0,0,0
TX000923,AC00061,-0.0852905699833534,-0.2120597286784338,-1.5442377370566298,-459.5756524593897,0.0,0.1612419904195295,4.348623344634337,-24.06170084709085,0,0,0,0,0,0,0,0,0,0
TX001926,AC00062,-0.0890255650925265,-0.0827392033393614,-1.4780034320072917,-458.3159729624255,0.0,0.4170123998923343,5.693613389935955,-76.83101289403129,0,0,0,0,0,0,1,0,0,0
TX001003,AC00062,-0.0697382137205335,-0.2171817789174341,-1.3394086326781345,-455.8585302828623,0.0,0.41528014116138,5.652135886369822,-59.02640062190272,0,0,0,0,0,0,1,0,0,0
TX000164,AC00062,-0.1051418140247661,-0.2729579963499099,-2.529570323967665,-472.1581724642388,0.0,0.013950178145316,2.837972861747496,-26.266641270081852,0,0,0,0,0,0,0,0,0,0
TX002352,AC00063,-0.0944533802976657,-0.2468325566219837,-0.3701066156369901,-470.99704822695736,0.0,0.0417938464197986,6.12893429282779,-78.1561585944348,0,0,0,0,0,0,0,0,0,0
TX001872,AC00063,-0.0075450802436329,0.7488335990667359,6.232446936740585,4911.5925235474,24.145367825988995,0.8877181056426084,37.07181589549528,-125.12667795674152,1,0,1,1,1,1,1,1,0,0
TX000363,AC00063,-0.0541804155373351,-0.1938210960311328,-1.8545066686487228,-82.79063638993046,8.429369702178808e-08,0.3746953050919862,5.552695043550558,1.3854212263690804,0,0,0,0,0,0,1,0,0,0
TX000893,AC00063,-0.0554267695302619,-0.191778112443038,-2.3884535862255483,-436.7749391060577,0.0,0.3444257107191714,4.457863789928088,-19.477668248464894,0,0,0,0,0,0,1,0,0,0
TX002392,AC00063,-0.0580798903347921,-0.1912005120965427,-1.5404274466926893,-115.42558696319412,0.0,0.3324114464628681,4.794461631049907,-1.2170286402114283,0,0,0,0,0,0,1,0,0,0
TX001622,AC00063,-0.0771037143433892,-0.2451206252531601,-1.8792271859885528,-424.4318862851583,0.0,0.1787416398142209,4.118597916296678,-18.703621313492445,0,0,0,0,0,0,0,0,0,0
TX001126,AC00063,-0.0738223304949824,-0.2263295739726594,-2.3972896496989087,-423.3723566380641,8.429369702178808e-08,0.1761604699234447,3.992843264088089,-21.613297321292876,0,0,0,0,0,0,0,0,0,0
TX001378,AC00063,-0.0341550983605201,-0.0982390382975788,-0.7585322013705866,-283.0623536890921,0.0,0.4106910051104264,5.202270722969127,-1.0550344486974592,0,0,0,0,0,0,1,0,0,0
TX001664,AC00063,-0.0568824462365127,-0.212658082529241,-1.209766187357328,-419.6876204326816,0.0,0.1580832616065015,4.20711032585268,-17.595548341889707,0,0,0,0,0,0,0,0,0,0
TX000467,AC00063,0.0044768897736192,-0.0814403653280035,-1.0008050775046051,-390.5770219453523,0.0,0.4201406128524649,5.198714612441512,13.341598713099796,2,1,0,0,0,0,1,0,1,1
TX002165,AC00064,-0.1061784105756655,-0.2482479515721434,-1.82015848762914,-476.2492087015133,0.0,0.0979878845102178,3.582892287682405,-78.97249764944306,0,0,0,0,0,0,0,0,0,0
TX002338,AC00064,-0.0897653268453809,-0.2082416631856327,-1.033680121494598,-443.4953702323414,0.0,0.4605495418218632,5.814569210834195,-60.808319097857954,0,0,0,0,0,0,1,0,0,0
TX002135,AC00064,-0.1067309730204164,-0.2686971218631456,-2.392915702992358,-467.0177157823478,0.0,0.0474832719276756,3.4142463256738327,-24.72308238733656,0,0,0,0,0,0,0,0,0,0
TX001937,AC00064,-0.0726570341559435,-0.2164454333065375,-2.8308081757139725,-462.57287752099376,0.0,0.174813284117958,4.232771191771627,-25.27370878195124,0,0,0,0,0,0,0,0,0,0
TX002011,AC00065,-0.0756305346438327,-0.1330410606908736,-1.467132584727386,-252.61148626330663,0.0,0.3794705182383467,6.533699854185677,-76.53370459840906,0,0,0,0,0,0,1,0,0,0
TX001924,AC00065,-0.0886194636154862,-0.2418117876124539,-1.8588920616389049,-473.6572982306253,0.0,0.1588297504981607,3.666503978911053,-62.9832502840959,0,0,0,0,0,0,0,0,0,0
TX001070,AC00065,-0.075566384146645,-0.1757473905541298,-2.6850071549633654,-465.7200820370219,8.429369702178808e-08,0.3703490801215303,4.617202099436441,-15.868537330195135,0,0,0,0,0,0,1,0,0,0
TX000841,AC00065,-0.0759941494379041,-0.1997998556341127,-1.8347437677781304,-462.8035039073934,0.0,0.3223324788739038,3.738006892717916,-20.3718640106559,0,0,0,0,0,0,1,0,0,0
TX002153,AC00065,-0.0698823452546179,-0.2597478514114786,-2.484431408351144,-467.0942656718847,0.0,0.0908438530556059,3.0237836853700237,0.457947093425691,0,0,0,0,0,0,0,0,0,0
TX002006,AC00066,-0.1058711062443329,-0.2452333304488039,-1.988860884018985,-464.1872945520772,0.0,0.1858774256219206,4.20985804186333,-72.66621040961775,0,0,0,0,0,0,0,0,0,0
TX002107,AC00066,-0.1008836254990064,-0.2512509890410705,-1.9003552618450976,-476.4548268278924,0.0,0.0,4.967906639612146,-64.76128148875247,0,0,0,0,0,0,0,0,0,0
TX000124,AC00066,-0.0363399574801249,-0.0826774938545076,-1.3852258256633565,-442.7472811994178,0.0,0.440855257667853,5.386694214829084,-13.0011903073072,0,0,0,0,0,0,1,0,0,0
TX002312,AC00066,-0.0855110958426506,-0.222301720340148,-1.6707137971401649,-464.7814092289339,0.0,0.1896522084558025,3.675347292753069,-22.57716103078537,0,0,0,0,0,0,0,0,0,0
TX000519,AC00067,-0.1102031079074782,-0.2025288653343362,-1.1584482545119474,-469.5036097125392,0.0,0.2154699294875669,4.415399835168823,-76.02027051743356,0,0,0,0,0,0,0,0,0,0
TX000726,AC00067,0.0037932153331654,-0.0654918512022595,1.1718770414933353,-263.93755166177965,4.796436371535795,0.6772425046313277,16.453603987369476,-52.99612888025312,1,1,0,1,0,0,1,1,0,0
TX002419,AC00067,-0.0192998344319323,-0.1595348579648126,-1.2356626163558726,-379.5450053479775,0.0,0.4818596604080609,6.907693481776977,-9.777004714938773,0,0,0,0,0,0,1,0,0,0
TX001037,AC00067,0.0157980671650805,-0.097768018619742,-2.0976707017580907,-388.4343251459809,0.0,0.4751240743284924,6.047351711127205,-13.57296483030368,1,1,0,0,0,0,1,0,0,0
TX000309,AC00067,-0.0137199219487478,-0.1876132799226106,-1.21629552932853,-242.50768340787167,0.0,0.4420050881657307,6.463978007555844,-9.433128095764491,0,0,0,0,0,0,1,0,0,0
TX001428,AC00067,-0.0754558152908358,-0.2319195471975823,-2.4865981484947373,-423.47334798438027,8.429369702178808e-08,0.1790158544295986,4.13659361770009,-19.121190708370765,0,0,0,0,0,0,0,0,0,0
TX001698,AC00067,-0.0808836567530679,-0.2349393031514308,-2.008219193979341,-416.2610255076227,0.0,0.1845724643532953,4.225230630427983,-16.74619027336667,0,0,0,0,0,0,0,0,0,0
TX000853,AC00068,-0.1038751965373933,-0.2189347734043829,-2.290902900526673,-475.860938759405,0.0,0.2075852052389205,3.709636481089536,-79.53669334611611,0,0,0,0,0,0,0,0,0,0
TX001147,AC00068,-0.0629351483801928,-0.1425020969998345,-0.5669085720845288,-378.0034916121599,0.0,0.5101539028469076,8.129190999570884,-59.71564768018038,0,0,0,0,0,0,1,0,0,0
TX001461,AC00068,-0.0215005954335,-0.0905447533189709,-2.517463019072773,-445.12100667311694,0.0,0.4440735812085924,5.645273977504986,-20.123002072062977,0,0,0,0,0,0,1,0,0,0
TX000111,AC00068,0.0055854768838914,0.0079174120018365,-1.2533070578910976,-387.85884754261735,0.0,0.5859736924054646,7.9727773323848785,-1.7433616013624142,2,1,1,0,0,0,1,0,0,1
TX002503,AC00069,-0.0600028430611329,-0.147906151352186,-1.001118673038988,-449.8565353449198,1.1920928955078125e-07,0.4123269264977227,7.314910815925785,-68.1630797950336,0,0,0,0,0,0,1,0,0,0
TX000008,AC00069,-0.025571680240315,-0.2391369161750325,-0.8529767597206757,-454.6344843545194,1.6858739404357617e-07,0.4421589979388036,9.792035962964832,-60.64492672384471,0,0,0,0,0,0,1,0,0,0
TX002027,AC00069,-0.0914271610559535,-0.1986123672390309,-2.080860319993503,-466.57007323932487,0.0,0.1895793533888763,3.909958098874891,-23.934052615308165,0,0,0,0,0,0,0,0,0,0
TX001404,AC00069,-0.0846168691704963,-0.1896298287734312,-2.1173785959254694,-466.10603973634505,0.0,0.1885220852006453,3.893471811221864,-22.76432638372034,0,0,0,0,0,0,0,0,0,0
TX000373,AC00069,-0.0214322578534359,-0.1040174107376781,-1.2164814320515926,-413.73771034542426,1.1920928955078125e-07,0.4029869601780495,4.864141181535644,-11.349756694096062,0,0,0,0,0,0,1,0,0,0
TX002417,AC00069,-0.0944062526372833,-0.2531644133927533,-1.8090906100935005,-455.97255381060654,0.0,0.0545210227804396,3.552155747783388,-26.181082338680365,0,0,0,0,0,0,0,0,0,0
TX002120,AC00069,-0.0649099133913219,-0.2207089456159383,-2.0240879752567427,-422.6886358666989,5.960464477539064e-08,0.159080865489367,3.694092916402137,-23.18687105552721,0,0,0,0,0,0,0,0,0,0
TX002481,AC00070,-0.0747957494938397,-0.1706402634243398,-0.8626106726124672,-408.5751796911281,0.0,0.2522849783014732,4.978654260942915,-73.77189048846849,0,0,0,0,0,0,0,0,0,0
TX001297,AC00070,-0.0878313051222317,-0.2527086332065722,-1.3372044286577314,-464.6425018392169,0.0,0.0922025164032578,3.872183463823456,-59.885610323732905,0,0,0,0,0,0,0,0,0,0
TX001932,AC00070,-0.0576065918026993,-0.2218032607979325,-0.7956099563217762,-440.0620657631107,8.429369702178808e-08,0.15252931317566,4.072993537075888,2.971954804068802,0,0,0,0,0,0,0,0,0,0
TX000004,AC00070,-0.0844952580920268,-0.1804155785370373,-1.583993406255761,-465.316852748806,8.429369702178808e-08,0.1996664036869941,4.634415287039712,-20.433433177724982,0,0,0,0,0,0,0,0,0,0
TX001255,AC00070,-0.0269812363796135,-0.0257367988943411,-0.8887574170662322,-452.92039215745353,0.0,0.4938492423511202,5.49829891380378,3.170293286143245,0,0,0,0,0,0,1,0,0,0
TX000219,AC00070,-0.0216906587311773,-0.1725992724575173,-2.010206221452755,-70.41982827534036,0.0,0.4969554642242831,5.213888142441845,12.31871114636889,1,0,0,0,0,0,1,0,1,0
TX001004,AC00070,-0.0533488301736378,-0.1635571964616398,-1.514041754454567,-399.98683442686695,8.429369702178808e-08,0.3541875558568811,4.203773150137343,-15.939245707971825,0,0,0,0,0,0,1,0,0,0
TX000443,AC00070,-0.0734558695212984,-0.2484682627347847,-2.180555017835521,-389.57324277734097,0.0,0.1294879284475608,3.835324066625013,-21.40290429426671,0,0,0,0,0,0,0,0,0,0
TX002360,AC00071,-0.0487031876440406,-0.097283813379724,-1.126173192301147,2008.3051375546715,0.0,0.5868193094177044,10.398649353363298,-74.90983941405185,0,0,0,0,1,0,1,0,0,0
TX001865,AC00071,-0.0183888139564128,-0.2628860741226216,-0.4196089846877253,-443.3202443510984,0.0,0.422353096204439,12.589091272918097,-58.34690213308006,0,0,0,0,0,0,1,1,0,0
TX001773,AC00071,-0.0660958201178257,-0.1587764640151807,-1.809950949067911,-435.9837124805,0.0,0.3620934726661354,4.415667019107161,-8.972514703205352,0,0,0,0,0,0,1,0,0,0
TX000658,AC00071,-0.0688190719876443,-0.1814267499184993,-2.7311623644192267,-445.1539282781027,0.0,0.3850223086111972,4.92127713119965,-15.20798984554006,0,0,0,0,0,0,1,0,0,0
TX002209,AC00071,-0.0772472241541673,-0.1700322661353459,-2.4820210558672717,-445.0245534799783,0.0,0.35482116477998,3.993578102798737,-21.18338038722408,0,0,0,0,0,0,1,0,0,0
TX000686,AC00071,-0.0334171674845423,-0.0269659138585458,-1.5143584607750746,-407.3962384416562,0.0,0.5225678759877858,5.612417681200692,11.490995206725383,0,0,0,0,0,0,1,0,0,0
TX001885,AC00071,-0.0364868791391949,-0.1391225805354419,-1.9246106251876167,-407.5074182839281,1.460009659995543e-07,0.4829922955278545,5.233716975912933,6.153254060995518,0,0,0,0,0,0,1,0,0,0
TX001248,AC00071,-0.0012930504803335,-0.0955228716721803,-0.0562826201328832,-300.7913859884557,0.0,0.6197696101641856,11.160716724718029,-7.232847484257585,0,0,0,0,0,0,1,1,0,0
TX000448,AC00072,-0.0919522527991957,-0.2184956827274244,-0.7416011898054133,-470.7755761923505,1.1920928955078125e-07,0.086926598645009,5.331298308669799,-77.64431113154012,0,0,0,0,0,0,0,0,0,0
TX002094,AC00072,-0.040741117950489,-0.1753149120040931,-1.6312290196308543,-333.2601559825511,1.6858739404357617e-07,0.4885667207559651,3.775148823806492,-58.98051730105677,0,0,0,0,0,0,1,0,0,0
TX000151,AC00072,-0.0729480116661556,-0.2244605787149669,-1.908098811953277,-462.1932237085939,8.429369702178808e-08,0.1566299967723183,3.578063974311548,-22.82196308023785,0,0,0,0,0,0,0,0,0,0
TX001444,AC00072,-0.0235191584914484,-0.1823242247742136,-2.1267971858615784,-453.7705243521312,1.1920928955078125e-07,0.4140367328336447,5.738967840578927,-21.6915526041224,0,0,0,0,0,0,1,0,0,0
TX000257,AC00073,-0.0931318242382974,-0.2125601692298611,-1.8936742215384204,-463.529892583573,0.0,0.2539812907302831,3.814233439744376,-71.37330049650967,0,0,0,0,0,0,0,0,0,0
TX001881,AC00073,-0.0835327980021237,-0.1832584106058163,-1.6431258970382938,-454.7813661718054,0.0,0.3466139145991243,4.385777856636569,-54.286591725823214,0,0,0,0,0,0,1,0,0,0
TX002402,AC00073,-0.0415113200145793,-0.1366814997838565,-2.656950623504972,-457.2172958812484,1.1920928955078125e-07,0.5077867846797327,5.637736817969507,5.225416310233509,0,0,0,0,0,0,1,0,0,0
TX001867,AC00073,-0.1105210685509111,-0.2516978217392891,-2.140143398199472,-449.3954216323883,0.0,0.1156960859224827,3.72109768950703,-24.85720188927929,0,0,0,0,0,0,0,0,0,0
TX001249,AC00073,-0.0555078310871183,-0.1972482941364504,-2.084275548682264,-458.0357943993874,0.0,0.3425665849440669,4.641743936413968,-25.88955697519889,0,0,0,0,0,0,1,0,0,0
TX000782,AC00074,-0.1046165019746817,-0.2587428206294082,-1.298044008099536,-471.62989861353753,0.0,0.0374455447761525,4.538286968940914,-77.56851277806754,0,0,0,0,0,0,0,0,0,0
TX001377,AC00074,-0.103026419153793,-0.2415306388019318,-1.6905264343096178,-473.19912768476325,0.0,0.3198072250122371,5.930759165234648,-65.5969960657103,0,0,0,0,0,0,1,0,0,0
TX000463,AC00074,-0.0803941163569551,-0.211078176907193,-1.779380357547364,-467.9947041064426,0.0,0.1737050284453781,4.106457298676288,-23.569374224881056,0,0,0,0,0,0,0,0,0,0
TX000494,AC00075,-0.093468405640699,-0.2179235362188016,-1.736169751624388,-473.92031414992186,0.0,0.2562966582150306,3.857896969223551,-77.56451592715635,0,0,0,0,0,0,0,0,0,0
TX001415,AC00075,-0.092369682484579,-0.1895902353833685,-1.7970542804412375,-471.63897916039525,8.429369702178808e-08,0.3282078114469832,4.50818078987984,-62.92252086164683,0,0,0,0,0,0,1,0,0,0
TX002386,AC00075,-0.0973211337259666,-0.2731767548716155,-2.114876209863718,-458.0542642432108,5.960464477539064e-08,0.0368524359131526,2.946029649485474,-21.16864843914033,0,0,0,0,0,0,0,0,0,0
TX000103,AC00075,-0.0668295904674894,-0.2282806148849454,-1.4008393465135498,-447.2275202268093,5.960464477539064e-08,0.1650890269245886,3.956092364246944,-15.561886284885464,0,0,0,0,0,0,0,0,0,0
TX001009,AC00075,-0.0548842478663378,-0.2259452054857218,-1.97244044079431,-442.0260444544089,0.0,0.3595405506777189,6.860002908784819,-17.24371885113844,0,0,0,0,0,0,1,0,0,0
TX000241,AC00076,-0.1163023903045508,-0.2298830439465606,-1.5888919618241886,-471.9001906046125,0.0,0.191222658794252,3.9880922516364,-75.24896391483917,0,0,0,0,0,0,0,0,0,0
TX000909,AC00076,-0.0550563633816495,-0.1468592532021386,-1.716978963798784,-426.3144843133613,0.0,0.4313351140778831,6.371387455702882,-59.94673483245029,0,0,0,0,0,0,1,0,0,0
TX002351,AC00076,-0.1042599023259693,-0.24358219517617,-1.7545760821408276,-471.8610183158642,0.0,0.1389962142479564,3.415904539280069,-24.415928257064056,0,0,0,0,0,0,0,0,0,0
TX001770,AC00076,-0.0887884532580488,-0.2103779476091318,-1.9574793536650148,-468.1156340236855,8.429369702178808e-08,0.14662390695682,3.647196385532916,-21.73650777482584,0,0,0,0,0,0,0,0,0,0
TX002090,AC00076,-0.0633261419694222,-0.2375042837799996,-1.6995537387136714,-461.7481858680388,0.0,0.1058252601449006,3.7702915981592553,-21.38648930974321,0,0,0,0,0,0,0,0,0,0
TX000831,AC00076,-0.0435017552560206,-0.2181310437657926,-1.8852932302464824,-405.8253310795433,0.0,0.3287987138797249,4.04214262650551,5.381644239638451,0,0,0,0,0,0,1,0,0,0
TX001913,AC00076,-0.0637584891833087,-0.1809580914148909,-2.7459748945327487,-455.5230334601939,0.0,0.4386791492827483,5.575761335823178,-18.51293526105675,0,0,0,0,0,0,1,0,0,0
TX002145,AC00077,-0.0873212376141558,-0.0550138364332912,-1.241616976313642,-456.8953865955798,0.0,0.4425385567745097,6.184618361319777,-71.14266687791712,0,0,0,0,0,0,1,0,0,0
TX000184,AC00077,-0.0320860645341599,-0.1771417864400399,-0.8162941342400529,-436.4140734093032,0.0,0.45524130063219,7.735724581916062,-50.138061474262685,0,0,0,0,0,0,1,0,0,0
TX000335,AC00077,-0.0811686248063012,-0.1567062975976774,-2.770972467227024,-463.9663836616346,0.0,0.4181297242516995,4.9550857808237625,-22.460617906695493,0,0,0,0,0,0,1,0,0,0
TX001359,AC00077,-0.0312018416975758,-0.212128318771638,-2.214163241977472,-444.0481143152666,0.0,0.3252023177466396,3.9124880129764574,8.996064397192168,0,0,0,0,0,0,1,0,0,0
TX000533,AC00077,-0.0478602225262093,-0.2129702957061874,-1.9662772309220864,-380.5787018898337,8.429369702178808e-08,0.3439104938274823,4.185569468916579,8.438159055119765,0,0,0,0,0,0,1,0,0,0
TX000826,AC00077,-0.0629113410012156,-0.2161974120014489,-2.4148661118927475,-439.7436628485558,0.0,0.1927628749674062,4.198276489572653,-22.17720919159633,0,0,0,0,0,0,0,0,0,0
TX000611,AC00078,-0.0863872612213489,-0.2527748625136015,-2.1019636944764937,351.6299982051364,0.0,0.1478075228383541,4.849156921838032,-79.54952920587135,0,0,0,0,1,0,0,0,0,0
TX002434,AC00078,-0.1196259353935145,-0.2632636404518224,-2.096339845366572,-478.8315514991449,0.0,0.0,5.937045274591212,-66.14598444420946,0,0,0,0,0,0,0,0,0,0
TX001331,AC00078,-0.1014948822361009,-0.2354792204144453,-3.011239925387434,-470.8624939801013,0.0,0.1132202803774632,4.103877708601093,-26.333007073312405,0,0,0,0,0,0,0,0,0,0
TX000779,AC00078,-0.0817644848155261,-0.2038927886844956,-2.9832552095736293,-468.1793454626322,0.0,0.1958020960326102,3.763359927400151,-24.65060610186893,0,0,0,0,0,0,0,0,0,0
TX001076,AC00078,-0.038914151267974,-0.2171329386190603,-1.669299407059844,335.1507472632989,0.0,0.526137829254871,10.431660871376277,15.314735607539353,1,0,0,0,1,0,1,0,1,0
TX000836,AC00078,-0.0135650623386417,-0.1057336156179571,-1.3340724544131497,-292.28660975784067,0.0,0.4373437676045545,6.058742993957194,-9.119280475681226,0,0,0,0,0,0,1,0,0,0
TX001265,AC00079,-0.1022442200486037,-0.2451575613494439,-1.067197117178564,-470.0163858947512,0.0,0.10053318000052,5.033032521302042,-77.2399866048753,0,0,0,0,0,0,0,0,0,0
TX001800,AC00079,-0.09195332513797,-0.2583226246165062,-0.9443146891236474,-458.8071971058562,5.960464477539064e-08,0.0291574552054623,3.973220623634587,-58.5187560297384,0,0,0,0,0,0,0,0,0,0
TX002390,AC00079,-0.0279288089722622,-0.1501622972218035,-1.6162462975420375,-389.84585514269605,0.0,0.4552396318848314,7.409209873465711,-3.5242649296489734,0,0,0,0,0,0,1,0,0,0
TX002443,AC00079,-0.1012634510813265,-0.2609445841389144,-1.1550830768678697,-470.26653017739216,0.0,0.0,3.553995860928916,-26.553031490969605,0,0,0,0,0,0,0,0,0,0
TX001341,AC00079,-0.1020905776686271,-0.2541621943312999,-1.222240144435785,-456.5723681575541,5.960464477539064e-08,0.0412562786927539,3.6519967197212577,-21.45294889206556,0,0,0,0,0,0,0,0,0,0
TX001093,AC00080,-0.1075819703310426,-0.2451116323904087,-1.6711625909012753,-477.1852073707023,0.0,0.0887408557526299,3.8209701773155262,-79.15450331851955,0,0,0,0,0,0,0,0,0,0
TX000504,AC00080,-0.1143970983067673,-0.2675497408589078,-2.3991780840975583,-477.8377147115514,0.0,0.0519379333401746,2.9661908501283345,-64.20272562941216,0,0,0,0,0,0,0,0,0,0
TX002070,AC00080,-0.0842786765138839,-0.2261132550941589,-1.893566743862925,-474.6307634800002,0.0,0.1782855430584549,3.858188763669257,-7.726637206312371,0,0,0,0,0,0,0,0,0,0
TX002134,AC00080,-0.0229937782724122,-0.1711795434325664,-2.661632797037392,-432.6548474112795,0.0,0.4241521223114623,6.507100314912302,2.650370310812036,0,0,0,0,0,0,1,0,0,0
TX000438,AC00080,-0.0951005751341651,-0.2404155504917551,-2.2957163987474427,-464.8386443415419,0.0,0.1489937352665938,3.920040695087232,-25.08247259766227,0,0,0,0,0,0,0,0,0,0
TX001448,AC00080,-0.0252212766603587,-0.1201829210471596,-1.8660520346488152,-416.0652263006427,0.0,0.4626964114047334,7.14553307677452,-18.758105366705703,0,0,0,0,0,0,1,0,0,0
TX002093,AC00081,-0.0885947742846173,-0.2586780468388628,-0.3941504305957188,-348.76930191518613,0.0,0.4730048480444028,9.934739584009908,-71.07447333384195,0,0,0,0,0,0,1,0,0,0
TX001584,AC00081,-0.0635530982818203,-0.1462470119648207,-2.777713667238144,-439.51094995730807,0.0,0.3820823718275135,4.257565958949609,-56.88158211327668,0,0,0,0,0,0,1,0,0,0
TX002339,AC00081,-0.0895682879503769,-0.2460660194794264,-2.041666802565711,-476.8533984672175,0.0,0.1827659485750545,4.887248406217192,6.047173558629904,0,0,0,0,0,0,0,0,0,0
TX002129,AC00082,-0.0370835338422662,-0.1979715338926366,-0.2431386469840379,-443.89960613792,0.0,0.1913455900989404,6.173805849438109,-56.98131436291958,0,0,0,0,0,0,0,0,0,0
TX000984,AC00082,-0.0426062627041076,-0.1552827063938398,-0.5473824508139149,9.390608912141545,2.384185791015625e-07,0.617532052525641,8.913861642412327,-51.71562344754919,0,0,0,0,1,0,1,0,0,0
TX002096,AC00082,-0.0738115495002607,-0.2275114520445316,-2.7220282007523213,-459.2400244853536,0.0,0.3542348831621418,5.5415383359412,-13.696731665219838,0,0,0,0,0,0,1,0,0,0
TX001022,AC00083,-0.0911383682828092,-0.2617097598049911,-2.0323463824194548,186.9891598663808,0.0,0.1636293572343763,4.3296375901290585,-78.74851164356693,0,0,0,0,1,0,0,0,0,0
TX001305,AC00083,-0.0404279772096522,-0.0492502341957035,-1.7442237958727365,-434.2813982841873,1.6858739404357617e-07,0.5588401542150339,7.577729136024521,-55.64017450962505,0,0,0,0,0,0,1,0,0,0
TX001527,AC00083,-0.0832853546484243,-0.1331480390093362,-2.817832865906976,-468.4742974575231,0.0,0.4326198951469124,4.825609929889324,-19.9335609341617,0,0,0,0,0,0,1,0,0,0
TX000899,AC00083,0.0485630563947404,-0.1372899890601322,0.2894328126392143,-259.9341249032886,0.0,0.6488984718960453,9.040290904103475,4.185845363164708,1,1,0,1,0,0,1,0,0,0
TX000810,AC00083,0.0026004578981028,-0.2190758787401756,-1.4713519543967006,-402.02059851526553,1.1920928955078125e-07,0.4064070735751695,6.144254138958765,-16.260662783022656,1,1,0,0,0,0,1,0,0,0
TX000557,AC00083,0.0037203932021869,-0.1428826343343767,-0.7492605002938646,-303.69157980194063,0.0,0.4234767002730558,5.863474299965805,20.823493266268112,2,1,0,0,0,0,1,0,1,1
TX000614,AC00084,-0.0912839344538784,-0.2007962197583013,-0.4593650620809661,-469.5566601298057,0.0,0.1761234717707599,6.248484928885982,-77.23855586562355,0,0,0,0,0,0,0,0,0,0
TX002181,AC00084,0.0736308726199002,5.335153303014158,9.182189322540976,62800.56347246356,120.40871575901387,0.9673539651928532,134.3211112456022,1688.6414188390606,3,1,1,1,1,1,1,1,1,1
TX000015,AC00085,-0.0973675632773763,-0.1658656831872231,-1.7988777230929411,-470.6943900752305,0.0,0.2901558637403141,5.164453845743098,-81.41381104089217,0,0,0,0,0,0,0,0,0,0
TX001379,AC00085,-0.0820596901301454,-0.214835961625986,-1.9746134788194605,-441.4016447278241,0.0,0.3530103770485873,5.481445130742123,-58.80342427504774,0,0,0,0,0,0,1,0,0,0
TX001898,AC00085,-0.0712441112491326,-0.1263106598019197,-2.954340142235763,-462.43951190310446,0.0,0.4416229394582652,6.347808203383957,-16.24903090660061,0,0,0,0,0,0,1,0,0,0
TX000119,AC00085,-0.0907961097248187,-0.2372718860462777,-2.8335777722358184,-466.5710148994525,0.0,0.1733721984753414,3.210797282664998,-24.778803378862992,0,0,0,0,0,0,0,0,0,0
TX002255,AC00085,-0.0511842630001431,-0.0513555864972177,-0.1746942316088144,-409.8639544126541,1.1920928955078125e-07,0.490904183672563,6.7453803994437465,-12.824034078212026,0,0,0,0,0,0,1,0,0,0
TX000261,AC00085,-0.050311152108841,-0.2490017043852926,-1.8759781021117556,-437.362262702325,0.0,0.0749209505948562,3.4118432216909755,-18.925965101214327,0,0,0,0,0,0,0,0,0,0
TX002262,AC00086,-0.0624642924295976,-0.1230484166680885,-2.2830784398383592,-437.1249298672575,0.0,0.3380218708482302,4.750700463661648,-55.78257459730937,0,0,0,0,0,0,1,0,0,0
TX000864,AC00086,-0.0359283830238318,-0.0677430669811138,-0.3820228832926915,-309.2101697111497,0.0,0.5765290375786285,10.666859929176034,-57.20668956027153,0,0,0,0,0,0,1,1,0,0
TX000566,AC00086,0.0817185966710745,-0.1155383979131858,-0.5746387396582051,-335.2557364211139,0.0,0.4941094208552227,7.422517780323934,21.00607365882965,2,1,0,0,0,0,1,0,1,1
TX001256,AC00086,-0.0377089975651238,-0.2076756807013602,-0.3997728991342875,-207.260347547188,0.0,0.5427303740479517,6.875961758222817,6.750146340983241,0,0,0,0,0,0,1,0,0,0
TX001854,AC00086,-0.0417286209506861,-0.1864075002016709,-1.6313793665683232,-389.4256029424069,1.1920928955078125e-07,0.3944185066062053,5.474964097295019,-16.18199352917286,0,0,0,0,0,0,1,0,0,0
TX000554,AC00086,-0.0682621994562154,-0.1538660435162757,-2.3199223014674537,-373.971097153694,0.0,0.4052240267647973,5.293703150547899,-12.004113654462971,0,0,0,0,0,0,1,0,0,0
TX001084,AC00086,-0.0312705485698482,-0.182010099062347,-1.552619893907112,-367.32825404341696,0.0,0.3441296134275334,4.716634300737428,-14.970359791954866,0,0,0,0,0,0,1,0,0,0
TX001623,AC00087,-0.0989768923921568,-0.2538227135123284,-1.34036340416087,-477.0391364157122,0.0,0.1020207296859418,4.187189219462272,-80.26425227268632,0,0,0,0,0,0,0,0,0,0
TX000287,AC00087,-0.0605253635457647,-0.2306530403528763,-0.9155866612360964,-447.5898496510957,8.429369702178808e-08,0.1699403416002464,4.204938918646862,8.353431513188601,0,0,0,0,0,0,0,0,0,0
TX000155,AC00087,-0.0865533650489539,-0.2160163749787629,-1.7713879176688554,-463.06837505333954,0.0,0.3209423646924996,5.390364554033565,-22.225650992827703,0,0,0,0,0,0,1,0,0,0
TX001738,AC00087,-0.0698165955060769,-0.2396720077373133,-1.2065813381114978,-378.4107258254272,1.6858739404357617e-07,0.5434326957292794,10.427747273529452,3.9398329515875528,0,0,0,0,0,0,1,0,0,0
TX000368,AC00087,-0.1163667705204135,-0.2534229273045527,-1.885283255689872,-471.42637922101807,0.0,0.030956673888641,3.0700844030337096,-26.873985029550067,0,0,0,0,0,0,0,0,0,0
TX002025,AC00087,-0.0964566831274805,-0.2134959593573306,-1.5367767281237494,-449.5534071421801,0.0,0.1600460847127926,3.9090159362451433,-15.456066404624044,0,0,0,0,0,0,0,0,0,0
TX001206,AC00087,-0.073182643819651,-0.2355582168210526,-1.2481809627304852,-455.2634296560001,5.960464477539064e-08,0.1541262922797672,3.776460013080886,-21.25729699103562,0,0,0,0,0,0,0,0,0,0
TX000331,AC00087,-0.0942894584605582,-0.2546572685321795,-1.7891988797766771,-413.1957038250448,0.0,0.0820572814600376,3.578790217942082,-24.735495108502057,0,0,0,0,0,0,0,0,0,0
TX001731,AC00087,-0.0568288810433613,-0.1574998170399044,-1.3087607771019505,-397.8629247827016,0.0,0.4168862304439598,5.502203718447206,-15.785843598929798,0,0,0,0,0,0,1,0,0,0
TX001984,AC00088,-0.128003829887641,-0.2572234617807614,-2.6176038998529414,-471.8853886654528,5.960464477539064e-08,0.0196451167369628,3.545366017604929,-76.51583230177518,0,0,0,0,0,0,0,0,0,0
TX002400,AC00088,-0.1036454276268309,-0.2294300008598226,-2.2071734060897388,-476.7151983555885,8.429369702178808e-08,0.146853022973162,3.569154881650896,-63.70975635074976,0,0,0,0,0,0,0,0,0,0
TX001062,AC00089,-0.1159001934102159,-0.2732011370178315,-1.6714797881846266,-481.3787487466391,0.0,0.0428321245425319,3.986524966137144,-81.9023780826445,0,0,0,0,0,0,0,0,0,0
TX002500,AC00089,-0.0537299772961372,-0.1933621573978035,-1.8110043957935729,-331.806665227435,1.6858739404357617e-07,0.5159168162248372,4.745554740150188,-55.508885261412914,0,0,0,0,0,0,1,0,0,0
TX002232,AC00089,-0.09631064170087,-0.2085724136723219,-1.9607874208123484,-459.255967048567,8.429369702178808e-08,0.1769063450014028,3.900973116278745,-17.808118785444353,0,0,0,0,0,0,0,0,0,0
TX001364,AC00089,-0.0523452994464138,-0.1958509283779053,-1.3005161902633784,-419.9969343444766,8.429369702178808e-08,0.4058271448819573,4.9870285812706125,14.960210753331776,1,0,0,0,0,0,1,0,1,0
TX002266,AC00089,-0.0976378157482203,-0.2486061321572062,-2.3490511607838407,-466.8908482768792,8.429369702178808e-08,0.1076275760997503,3.1844192441077146,-25.24317936056185,0,0,0,0,0,0,0,0,0,0
TX001235,AC00090,-0.0978198018501933,-0.254527905214659,-0.5147453406680338,-467.312791835391,0.0,0.0729095750053523,6.0643243545516015,-77.251066800255,0,0,0,0,0,0,0,0,0,0
TX000993,AC00090,0.0387862816306003,2.209328243960326,8.911529924962725,15027.40625997055,53.48537667074649,0.9423841869746566,66.52394061687866,371.4983284523355,3,1,1,1,1,1,1,1,1,1
TX000385,AC00090,-0.0763943595856161,-0.2486290401387321,-1.799473099864807,-449.90427716533617,0.0,0.1168649084986968,4.221813449320893,-22.485046154950187,0,0,0,0,0,0,0,0,0,0
TX001420,AC00090,-0.0781380136441575,-0.2271267665429417,-1.5052096825385384,-447.789685027313,5.960464477539064e-08,0.1482160429892008,3.7407109757648542,-22.8853793555594,0,0,0,0,0,0,0,0,0,0
TX001440,AC00090,-0.0718573912178607,-0.2100726361426728,-1.6787977398294591,-454.2857052822909,0.0,0.1402990225121551,3.782094157736949,-23.110436547626936,0,0,0,0,0,0,0,0,0,0
TX001662,AC00090,-0.0685682989677119,-0.2070125236724924,-2.372418192150807,-248.9461225119461,0.0,0.3814623778201256,5.514911154633731,-12.47870486668285,0,0,0,0,0,0,1,0,0,0
TX002122,AC00090,-0.0730528392530508,-0.1990150932618415,-1.7291154261822168,-435.9960430039792,0.0,0.1972850651995649,3.86199262971104,-21.31171029326143,0,0,0,0,0,0,0,0,0,0
TX001396,AC00090,-0.0848714863640971,-0.2154909400014439,-2.186633425182608,-420.7639080435363,8.429369702178808e-08,0.1908779685914189,4.189545946167778,-23.14057812951511,0,0,0,0,0,0,0,0,0,0
TX000894,AC00090,-0.0730498322457369,-0.2178241758205663,-1.42811074051035,-223.7207712133375,0.0,0.1696235476242351,4.170747016729552,-14.370824780355708,0,0,0,0,0,0,0,0,0,0
TX001530,AC00091,-0.0528653801184153,-0.2069874397547884,-0.5442189534616908,-424.7631850261218,0.0,0.414330228846344,7.444814133219891,-75.69720510753234,0,0,0,0,0,0,1,0,0,0
TX001307,AC00091,-0.0274296825733484,-0.1058713581840651,0.0222331864755389,-407.0719957788567,0.0,0.465528328712365,18.26095711096153,-61.14693014065066,0,0,0,1,0,0,1,1,0,0
TX001676,AC00091,-0.0515097276271335,-0.114858196596342,-1.3162328545152828,-436.7523326593778,0.0,0.3958450698582198,5.462545530633482,-18.635449296532915,0,0,0,0,0,0,1,0,0,0
TX000517,AC00092,-0.0930126596120079,-0.2346270304923698,-0.4723483117696165,-435.64325026713,1.1920928955078125e-07,0.1805159626715657,5.555334953496587,-75.84090725373656,0,0,0,0,0,0,0,0,0,0
TX000846,AC00092,-0.0361615243801029,-0.0550046013400506,0.0002383344392473,-252.22526515815431,0.0,0.6018290710659404,8.894191304977612,-56.44611249703624,0,0,0,1,0,0,1,0,0,0
TX000120,AC00092,-0.0595501917150693,-0.2491313950424003,-2.079897112089295,-453.07557992227726,0.0,0.1088875191830541,3.976861528208109,-20.77127402656618,0,0,0,0,0,0,0,0,0,0
TX000668,AC00092,-0.0602050412746515,-0.2157547461427038,-2.23678593391697,-414.0391758861616,0.0,0.1768210938593592,3.9403685812813007,-21.72003068850407,0,0,0,0,0,0,0,0,0,0
TX000776,AC00092,-0.0935954769001891,-0.2590765843413989,-2.477174235853827,-459.4638241391888,5.960464477539064e-08,0.0866276057680849,3.187857983928701,-27.95369064021253,0,0,0,0,0,0,0,0,0,0
TX000366,AC00092,-0.0741361465829243,-0.2260541617435174,-2.471347294648984,-410.8333857998349,0.0,0.1610089674203389,4.208001461398105,-21.82904554089283,0,0,0,0,0,0,0,0,0,0
TX001402,AC00092,-0.0892938819541163,-0.2457860232320003,-1.8866766337922505,-436.3110340037496,5.960464477539064e-08,0.0988520861721155,3.453572317415394,-23.594080349886955,0,0,0,0,0,0,0,0,0,0
TX001035,AC00092,-0.0329446834711768,-0.1200029018535484,-0.7761463664401482,-430.2605844861774,0.0,0.4139326991696757,5.4038043335234685,-15.009919486456686,0,0,0,0,0,0,1,0,0,0
TX000773,AC00093,-0.002446574678654,-0.1161872563745065,0.0847001287971753,-414.0751749989526,0.0,0.4997642842916424,7.649169599089196,-63.8331424675064,0,0,0,1,0,0,1,0,0,0
TX002277,AC00093,0.0065438513695414,0.3095549181124497,0.8770260079282277,-324.90024722145233,0.0,0.6698642275487205,10.476704711511433,-47.384472782413965,2,1,1,1,0,0,1,0,0,1
TX000541,AC00093,-0.0091800198850386,0.2883687765696081,2.604062986924059,-296.5021968119526,5.334423339427349,0.716079798852527,13.954322265516794,38.588187427335306,2,0,1,1,0,0,1,1,1,1
TX001182,AC00093,-0.0482942668437123,-0.1715000064490808,-1.8107910977469024,-430.1077827028474,0.0,0.4386066559739541,6.337987884876688,-18.66123432290408,0,0,0,0,0,0,1,0,0,0
TX000449,AC00093,-0.0735789740563638,-0.1905976131847726,-1.6394637301131103,-416.5225868650752,0.0,0.3517263008989813,5.0460467385753,-20.493660955436145,0,0,0,0,0,0,1,0,0,0
TX001229,AC00093,-0.0604053207812618,-0.1797263795583328,-1.495406842270203,-205.05808813881828,0.0,0.3891596008716995,4.724264760613422,-5.439637938657672,0,0,0,0,0,0,1,0,0,0
TX001551,AC00093,0.0047522621875035,-0.1233872293843141,-0.9209743378651218,-159.1602058612649,0.0,0.5409951134293075,8.007846819125087,-0.6608860672408334,1,1,0,0,0,0,1,0,0,0
TX000290,AC00093,-0.0369768033254411,-0.1750874305669667,-1.1149326865119722,-323.3600704797716,0.0,0.3412543536374749,4.230996855378257,-9.76775690582311,0,0,0,0,0,0,1,0,0,0
TX001224,AC00093,-0.0617143565363064,-0.2058605848758705,-2.0688289215296507,-325.84770928555406,0.0,0.3281227158890079,3.654827261667312,-21.05897485318963,0,0,0,0,0,0,1,0,0,0
TX001819,AC00094,-0.0966017877194619,-0.2048557876603889,-0.650310789166193,-471.22964755731886,0.0,0.1818949289863639,5.951013622686207,-77.61077795915412,0,0,0,0,0,0,0,0,0,0
TX001349,AC00094,-0.0364029624942863,-0.1884508632827781,-0.6409148117036754,-425.7082311346229,0.0,0.3569315620775841,4.988467441443206,-36.84677445530984,0,0,0,0,0,0,1,0,0,0
TX002042,AC00094,-0.069210383764286,-0.2062381670326767,-1.1737026809616822,-461.8181372037921,0.0,0.3401923304523884,4.916581519584223,-18.12239714796,0,0,0,0,0,0,1,0,0,0
TX000881,AC00094,-0.0955125358410565,-0.1943613656378406,-1.242788875107662,-457.75240763417554,0.0,0.3682173340692627,5.411347199396537,-19.158026825081677,0,0,0,0,0,0,1,0,0,0
TX002261,AC00095,-0.1025469419405402,-0.2114319209021113,-1.663325404160485,-464.94679411867793,0.0,0.1897741946760873,4.596916805315755,-74.85213713184115,0,0,0,0,0,0,0,0,0,0
TX002221,AC00095,-0.0967122801176478,-0.1693643755231697,-2.377728520370937,-415.2464243203919,0.0,0.3532122290836954,4.294736486125303,-59.67063295729989,0,0,0,0,0,0,1,0,0,0
TX000506,AC00095,-0.0645122670369335,-0.1400862236221753,-1.491820713313258,-448.9848754810426,0.0,0.4653393676534273,5.66744323787189,24.28307700840716,1,0,0,0,0,0,1,0,1,0
TX000023,AC00095,-0.0426159239577034,-0.1332725001161312,-1.4646874474798874,-441.3006925913628,8.429369702178808e-08,0.3730171850815221,4.547304067197189,-14.395113422894614,0,0,0,0,0,0,1,0,0,0
TX000599,AC00095,-0.052056918650389,-0.234389692818598,-2.7600959715821034,-147.56408039466385,8.429369702178808e-08,0.1619184837683774,5.602454175496397,-11.741894289335852,0,0,0,0,0,0,0,0,0,0
TX002510,AC00095,-0.093329458087051,-0.2681864482760846,-2.172751432715815,-400.75451305104286,0.0,0.0,3.2182612230352627,-21.87443188025776,0,0,0,0,0,0,0,0,0,0
TX001134,AC00095,-0.0011943752671311,-0.1329643567034433,-0.8912916906062378,-321.5052512518275,0.0,0.4424374135756503,8.875694747886454,-8.313777886538919,0,0,0,0,0,0,1,0,0,0
TX001602,AC00095,-0.0313967893941339,-0.1944954233790039,-0.9061815185527244,-296.2617988415084,0.0,0.3606336441713596,5.58836821098199,-9.55611546223074,0,0,0,0,0,0,1,0,0,0
TX002318,AC00096,-0.0570736142030701,-0.0349944332044367,-1.7172116989986996,-438.38889886454666,0.0,0.5143519255198443,8.555828250555999,-73.1571022571455,0,0,0,0,0,0,1,0,0,0
TX000217,AC00096,-0.0804326272470277,-0.235738928778465,-1.5734602375490283,-470.9718761945112,0.0,0.3355990700111125,7.7511672399855485,-64.03998522184227,0,0,0,0,0,0,1,0,0,0
TX002143,AC00096,-0.0707082727987065,-0.213518710536497,-2.285339480418033,-467.9670277340815,0.0,0.3193016119348976,3.838113042285989,-23.22977437415248,0,0,0,0,0,0,1,0,0,0
TX002396,AC00097,-0.119467813268243,-0.2507734572451513,-1.0775203465252794,-472.7568798233641,0.0,0.0564790795866158,5.037333563944155,-78.04493831059064,0,0,0,0,0,0,0,0,0,0
TX001355,AC00097,-0.047979565650037,-0.1160535084978047,0.3093382608699642,-442.3070380829925,0.0,0.4592453361390523,6.692213624533393,-57.84136780201116,0,0,0,1,0,0,1,0,0,0
TX001216,AC00097,-0.0747039889876632,-0.2111645119951761,-1.912234476420949,-423.9224846413666,0.0,0.3467759859683526,5.993580994300887,-5.409519515873361,0,0,0,0,0,0,1,0,0,0
TX002131,AC00098,-0.1049375913546807,-0.2373575454098151,-1.6116178182132188,-476.65216677176863,0.0,0.1221773375845585,3.787571196489384,-79.3471388216611,0,0,0,0,0,0,0,0,0,0
TX002381,AC00098,0.0208184300707838,-0.0721083643711562,1.4077899003405436,373.3722781418333,5.96032094762848,0.687192226266603,13.135316559502574,-27.8596383780256,1,1,0,1,1,0,1,1,0,0
TX000086,AC00098,0.0416731178717586,0.0907050249546272,-0.015896471390862,609.6609993620282,0.0,0.5796901993509271,8.435315452575363,24.65545768618476,3,1,1,0,1,0,1,0,1,1
TX001372,AC00098,-0.0072654328934266,0.0447741402101959,0.3498683231000363,-330.5377257347275,0.0,0.5620945943008884,9.081688965507633,0.1322215822376011,1,0,1,1,0,0,1,0,0,0
TX000521,AC00098,-0.0230195947531754,-0.1929588113112277,-1.4103441550218765,-293.797927671613,0.0,0.4153946928895309,6.930932958390262,-16.295519521288046,0,0,0,0,0,0,1,0,0,0
TX001735,AC00099,0.0140800064151318,-0.0790725445302038,0.075233519500717,-382.1562021133781,0.0,0.5586572276306866,9.009784416590268,-54.00186493484315,1,1,0,1,0,0,1,0,0,0
TX002110,AC00099,0.0312372812428601,-0.0825254653268261,0.3699812938392792,-380.2161230819374,0.0,0.4910093676690001,18.06574613278155,-52.86074506966117,1,1,0,1,0,0,1,1,0,0
TX000187,AC00099,-0.0201512035993093,-0.1271703281425902,-1.8417808142331216,-407.4279675804507,1.1920928955078125e-07,0.4282604153382737,6.504567617246963,-13.277810905335752,0,0,0,0,0,0,1,0,0,0
TX000192,AC00099,-0.0196065038218598,-0.0234653523883234,-0.5673908974082043,-375.3077187801987,0.0,0.4849386525498919,7.569097226163907,-9.417838575009371,0,0,0,0,0,0,1,0,0,0
TX001949,AC00100,-0.1151803518268613,-0.2322009744933306,-1.6646131947614382,-475.53886791345417,0.0,0.1809980489183703,3.736710110855157,-78.25386610010369,0,0,0,0,0,0,0,0,0,0
TX001048,AC00100,-0.0734136488987028,-0.2286758799595696,-1.551730821645977,-400.2484260967961,0.0,0.1846689973671267,4.193410491100644,2.9249427970062207,0,0,0,0,0,0,0,0,0,0
TX001151,AC00100,-0.0630765589864491,-0.2292501716093464,-2.114292923537477,-450.6566657910009,0.0,0.1719622854485553,4.052523116031967,-19.93201247382904,0,0,0,0,0,0,0,0,0,0
TX002194,AC00101,-0.0454717632256789,-0.1584911953751029,-0.4046206445014491,-433.55380802325993,0.0,0.2143245267354784,5.773202929862113,-54.040830816719,0,0,0,0,0,0,0,0,0,0
TX001488,AC00101,-0.058320694200325,-0.1721287204674806,-1.3277710418940796,-459.1085693180692,1.1920928955078125e-07,0.4010550003128836,6.083915317182458,-59.89150075402341,0,0,0,0,0,0,1,0,0,0
TX000680,AC00101,-0.0620174273985012,-0.2028410446515476,-1.2066339350967308,-461.6812543052223,0.0,0.3343033549121113,4.463170400740967,-19.878151497718463,0,0,0,0,0,0,1,0,0,0
TX000721,AC00102,-0.0971497847070205,-0.2046251521761288,-2.1082472360926072,-477.1345776222888,0.0,0.2583725908615166,4.735327541911326,-81.56959549356992,0,0,0,0,0,0,0,0,0,0
TX001613,AC00102,-0.0716897182454866,-0.209136656122616,-0.9704772252485424,-456.3419256464189,1.1920928955078125e-07,0.3386028766825931,5.104635332433113,-55.736264226868734,0,0,0,0,0,0,1,0,0,0
TX001822,AC00102,-0.0767353248260347,-0.1917218603206592,-1.2449574898063889,-459.4699436491398,0.0,0.1907413849390636,4.252086676147575,-19.504459649983332,0,0,0,0,0,0,0,0,0,0
TX000788,AC00102,-0.0885735595302029,-0.2520817690475753,-2.216051143576621,-470.1746930557499,0.0,0.1695879041351068,4.489858284108616,-26.00071550052007,0,0,0,0,0,0,0,0,0,0
TX001081,AC00102,-0.0968182761130301,-0.2698420813193826,-2.2167105433635506,-475.8883352073876,5.960464477539064e-08,0.044953376343071,3.380377654582149,-30.04438236203945,0,0,0,0,0,0,0,0,0,0
TX002040,AC00103,-0.0514636342928676,-0.2037055804397327,-2.28826169927984,590.5753051989202,0.0,0.2657238784773439,5.990721439043,-54.16947412941783,0,0,0,0,1,0,0,0,0,0
TX001240,AC00103,-0.0478932638299363,-0.2209835042425341,-0.7827899831770555,-447.2843970049293,0.0,0.3748850430656709,9.130049617382896,-54.29158000218322,0,0,0,0,0,0,1,0,0,0
TX000503,AC00103,-0.069790439465955,-0.2249264672821833,-2.8157562641476908,-454.2400737268784,0.0,0.3199046640428313,5.105393582369155,-22.429799953002828,0,0,0,0,0,0,1,0,0,0
TX002406,AC00103,-0.0668066856931821,-0.2131032824061325,-2.3686265881523045,-438.2999625886569,0.0,0.199312067286272,3.871151311530917,-16.706662802009607,0,0,0,0,0,0,0,0,0,0
TX001796,AC00103,-0.0640951398503081,-0.1259385921341405,-2.9280153185766657,-425.5490055611166,0.0,0.4321215726695914,4.764763359266024,-16.268294340858777,0,0,0,0,0,0,1,0,0,0
TX001407,AC00104,-0.1149403645125879,-0.2405263502029051,-2.416992900916739,-475.167612235014,0.0,0.1663717488154032,3.33392077895784,-76.73306102291498,0,0,0,0,0,0,0,0,0,0
TX001117,AC00105,-0.0624071990692881,-0.2056552928226374,-1.046762108585762,-386.9303029206034,0.0,0.1182808836223329,4.678183171912515,-74.39423147069675,0,0,0,0,0,0,0,0,0,0
TX001598,AC00105,-0.0891765851311919,-0.2082166672180498,-1.320717347839235,-469.1832937719144,0.0,0.3425103671301183,4.498405844327353,-62.39349559458478,0,0,0,0,0,0,1,0,0,0
TX002159,AC00105,-0.0684944724565981,-0.1071852730520135,-0.8627729635853232,-454.7521350343633,8.429369702178808e-08,0.4039261417794699,5.038277551516282,-7.779716531394438,0,0,0,0,0,0,1,0,0,0
TX000175,AC00106,-0.0958236801492484,-0.2140794420050653,-1.5361954874150283,-474.7962784520975,0.0,0.1474773828708266,4.114082682177035,-78.7432558133433,0,0,0,0,0,0,0,0,0,0
TX000319,AC00106,-0.1002075378848791,-0.2005463852434224,-2.0347749401454718,-473.9819367661203,0.0,0.3426088814321574,4.891824140669178,-64.0577930594345,0,0,0,0,0,0,1,0,0,0
TX002024,AC00106,-0.1120718521689853,-0.2469027777482622,-2.5719777673422914,-475.8222757207309,0.0,0.0719214497809484,3.203069739179968,-24.03727805683708,0,0,0,0,0,0,0,0,0,0
TX000091,AC00106,-0.0162886723971062,-0.1758916027428296,-2.834969906937161,-250.98815470136415,1.1920928955078125e-07,0.429364577608085,6.071098550071892,1.5202303467799752,0,0,0,0,0,0,1,0,0,0
TX000844,AC00106,-0.0939911810542412,-0.2362588565871444,-3.346962943546643,-472.4552997997297,5.960464477539064e-08,0.128536054697416,3.4278708343512787,-28.153271804046955,0,0,0,0,0,0,0,0,0,0
TX001645,AC00106,-0.0862828972180918,-0.2335101434324895,-3.079166255843917,-462.5173776620874,5.960464477539064e-08,0.0773748989275273,3.087158588411438,-27.42305034181663,0,0,0,0,0,0,0,0,0,0
TX000785,AC00107,-0.1021078335011502,-0.2555529112838072,-2.2092684483307714,-476.8982182631695,0.0,0.2338730715258841,4.147582856070239,-79.6239637665549,0,0,0,0,0,0,0,0,0,0
TX000341,AC00107,0.0215293382518335,0.2618726346766362,4.692632224602857,12.303988977939866,8.531706691555547,0.7660038513738853,23.11640355731612,-39.1379041023242,2,1,1,1,1,1,1,1,0,1
TX000198,AC00107,0.0597551663044848,0.2169834372511563,2.191632992796712,-253.25201665837056,2.384185791015625e-07,0.6557046571717149,11.515270326206808,17.137914933479347,3,1,1,1,0,0,1,1,1,1
TX001185,AC00107,0.0051054595431456,-0.1094841712868388,0.0001840984435155,-284.87550037276964,1.1920928955078125e-07,0.4291535915415471,7.135599679872402,-0.7545823124941688,1,1,0,1,0,0,1,0,0,0
TX000603,AC00107,-0.0274871780766881,-0.0032411410625659,-1.099546471665679,-307.10685924162215,1.1920928955078125e-07,0.5199398120295713,7.187448937419212,-2.6102656525710057,0,0,0,0,0,0,1,0,0,0
TX001734,AC00108,-0.0502829009108332,0.0498844473272086,-1.1779853155827844,-451.6222315628818,1.460009659995543e-07,0.4389705986132485,5.258803529351604,-66.05734292816885,1,0,1,0,0,0,1,0,0,0
TX001697,AC00108,-0.0183020467597997,0.0690047039570325,1.1103606784273925,-125.68599055391444,6.896934296129412,0.7435152045044044,10.189838537273422,-5.223551933585279,1,0,1,1,0,0,1,0,0,0
TX000218,AC00108,-0.0654679231877591,-0.2177572340332028,-2.115085084304935,-448.4803621590215,0.0,0.197035435261587,4.699712469789819,-20.38185284866416,0,0,0,0,0,0,0,0,0,0
TX001203,AC00108,-0.0803973138582614,-0.2493614416628488,-2.741004219285923,-454.5730905461809,0.0,0.1269980831295932,3.260580360093331,-22.635562733684377,0,0,0,0,0,0,0,0,0,0
TX000144,AC00108,-0.0749493994642112,-0.219248441726958,-2.7804308586386064,-456.44407922501136,5.960464477539064e-08,0.1760442924393459,3.2377294623051984,-25.16149584597351,0,0,0,0,0,0,0,0,0,0
TX001159,AC00108,-0.0828718917414542,-0.2126497357517072,-2.452717466611025,-389.98247134016094,8.429369702178808e-08,0.3224278677563103,4.253532430136248,-22.652901208675992,0,0,0,0,0,0,1,0,0,0
TX000907,AC00109,-0.1037966223439537,-0.2574758037271352,-0.4644735824947883,-470.5161942270631,0.0,0.0167006199295635,5.846657912476122,-77.94906499149505,0,0,0,0,0,0,0,0,0,0
TX001165,AC00109,-0.0189236389871327,-0.1773792886216811,-0.3534378841388879,-74.71280240660002,0.0,0.6064429519749703,7.238908807701511,-47.12193941455436,0,0,0,0,0,0,1,0,0,0
TX000746,AC00110,-0.0916928892171537,-0.2492364351886197,-1.8008987351813044,-469.9379269155678,5.960464477539064e-08,0.043114777837268,4.0399361439829455,-77.07641297800063,0,0,0,0,0,0,0,0,0,0
TX001330,AC00110,-0.1099896022494317,-0.2454727566044912,-2.484377327612222,-476.7311707644601,0.0,0.1453264430511374,3.506122378953421,-65.30153521907069,0,0,0,0,0,0,0,0,0,0
TX002150,AC00110,-0.0167215985208298,-0.0248795551218634,-1.7211660759008751,-354.7166128760809,0.0,0.5524042209648469,6.44411091441707,15.933913398888873,1,0,0,0,0,0,1,0,1,0
TX000298,AC00110,-0.0569653091860442,-0.1638712851178629,-1.7622766222435082,-407.5648359091732,8.429369702178808e-08,0.358126451001677,5.20694972740752,-17.357309339501587,0,0,0,0,0,0,1,0,0,0
TX002064,AC00110,-0.0025763325230951,0.0029759401268998,-1.101588375904738,-359.99836151225225,1.1920928955078125e-07,0.4763934848424835,5.53004204151991,16.744682882139525,2,0,1,0,0,0,1,0,1,1
TX000074,AC00110,-0.0046612361751177,-0.0831049301081809,-1.3097585421849691,-402.27154838947627,0.0,0.4605179032378647,5.698340841088952,-12.754634084650878,0,0,0,0,0,0,1,0,0,0
TX000747,AC00110,-0.0891243085488204,-0.2100522119030043,-1.9304499639059087,-318.74867453722857,5.960464477539064e-08,0.1834761806463421,3.7093356984470542,-16.27255344973911,0,0,0,0,0,0,0,0,0,0
TX001339,AC00110,-0.0923097798527081,-0.2268114717315386,-1.4252208500336678,-266.39197595784003,0.0,0.1449676630062218,3.935606021258649,-12.466486738212982,0,0,0,0,0,0,0,0,0,0
TX000975,AC00111,-0.1090528464250665,-0.2727163588310832,-1.2103653471249594,-477.8747629331847,8.429369702178808e-08,0.0374459888582273,4.811058537318672,-81.09854949410234,0,0,0,0,0,0,0,0,0,0
TX001755,AC00111,-0.0265924356579246,-0.1096610833098374,-1.248681692256529,-398.0564925000894,1.6858739404357617e-07,0.5772070572793073,8.895591724564955,-22.102264341674672,0,0,0,0,0,0,1,0,0,0
TX000158,AC00111,-0.0639037865231886,-0.2396695669841708,-2.2069810150648497,-192.1557763583814,1.1920928955078125e-07,0.1296852722439133,6.322965127539355,-10.89314352173812,0,0,0,0,0,0,0,0,0,0
TX000703,AC00111,-0.0809894138877812,-0.2421360343746694,-1.7585896722501015,-132.57079405644237,5.960464477539064e-08,0.1523919039858733,3.6959385602420647,10.141747152262202,0,0,0,0,0,0,0,0,0,0
TX002404,AC00111,-0.0182295140306173,-0.1478266427974504,-0.6850952109705801,-370.1178813629517,2.384185791015625e-07,0.578109785931757,10.016489404429906,-6.482551618202661,0,0,0,0,0,0,1,0,0,0
TX000939,AC00111,-0.0056150862371338,-0.0996193892720742,-0.805462340297554,-315.3532246622901,1.1920928955078125e-07,0.4544628714836103,6.125697252090344,-6.976039469488431,0,0,0,0,0,0,1,0,0,0
TX001481,AC00111,0.0244740801737315,-0.1046768654134755,-0.9139394997817174,-265.79258187025846,0.0,0.4476413118359661,5.639484704627552,-2.251887817328058,1,1,0,0,0,0,1,0,0,0
TX001563,AC00112,-0.1002686372130548,-0.2050923547732028,-1.5398284816163237,-463.2730337061849,0.0,0.3275905643538959,7.254002023460567,-75.9522359064157,0,0,0,0,0,0,1,0,0,0
TX000190,AC00113,-0.091656806369017,-0.1685397242433779,-1.1724070886226734,-461.8377240278063,0.0,0.3065917420769666,4.615591234318752,-73.03305787432424,0,0,0,0,0,0,0,0,0,0
TX001360,AC00113,-0.0874197641023944,-0.2214313312415092,-1.8747870894150955,-464.6741021329582,0.0,0.1845688972279155,3.778847027072632,-59.99323984730808,0,0,0,0,0,0,0,0,0,0
TX000201,AC00113,-0.0440234490768118,-0.106195173028446,-2.303288979646105,-449.5499214575166,0.0,0.4171219555966072,5.015686372850233,-7.67102726217191,0,0,0,0,0,0,1,0,0,0
TX002020,AC00113,-0.0503650809238752,-0.1968470021401878,-2.9477445892667795,-306.11261408394006,0.0,0.3568940619685408,5.228683853578644,4.394135359327674,0,0,0,0,0,0,1,0,0,0
TX000802,AC00114,-0.1108781752343551,-0.2682540597971068,-2.025757198156379,-477.1757786256577,0.0,0.1419385507434225,3.4878647613991336,-79.82545165498448,0,0,0,0,0,0,0,0,0,0
TX000561,AC00114,-0.0589862170575631,-0.1371639289634176,-0.5629894551489958,-441.0842238311388,0.0,0.3792697740995934,5.905834182979183,-53.68775085150421,0,0,0,0,0,0,1,0,0,0
TX001617,AC00114,-0.0465104300291668,-0.1274982017836465,-0.7758191496840929,-443.9285332070987,0.0,0.3771493064116734,4.489146453374844,-14.462144234913756,0,0,0,0,0,0,1,0,0,0
TX000142,AC00114,0.0177337751317619,-0.0770703965243622,-0.6797699914044397,-383.1646925012241,0.0,0.6148843057014105,8.004039206658666,17.650226365989944,2,1,0,0,0,0,1,0,1,1
TX000497,AC00114,-0.0037091764425669,-0.1321695586590205,-1.3251612109920732,-352.098073879635,0.0,0.4007418936951497,4.65191507673116,14.681679563158436,1,0,0,0,0,0,1,0,1,0
TX000966,AC00114,-0.0464503397993382,-0.2091091292760756,-2.158949866500226,-410.90574074261457,0.0,0.3362804141145636,4.478077329802543,-19.36798357830016,0,0,0,0,0,0,1,0,0,0
TX001995,AC00114,-0.0382740014045376,-0.1737491624012397,-1.1821480332482182,-318.36622827519267,0.0,0.3645424224332932,4.720755782793455,-14.831854811011612,0,0,0,0,0,0,1,0,0,0
TX000228,AC00115,-0.0864857787134905,-0.1277656696727203,-1.600325337952464,-410.5287492311615,2.384185791015625e-07,0.5160870951330156,9.735871600428828,-75.87067011894257,0,0,0,0,0,0,1,0,0,0
TX002189,AC00115,0.0015293383085425,-0.2291134594802566,-0.0624823917561414,-436.3414803505911,0.0,0.4441187099985225,10.937077609445916,-43.7859106394546,1,1,0,0,0,0,1,1,0,0
TX000053,AC00115,-0.0778144331522665,-0.20456783852865,-2.146713512653177,-457.6047818171621,8.429369702178808e-08,0.3346796852477748,4.0216263508291705,-20.317447345888016,0,0,0,0,0,0,1,0,0,0
TX002146,AC00116,-0.0812605108317047,-0.1784624988788894,-0.3305367219101409,-462.34478836431725,0.0,0.2193179734116965,6.299810003793204,-73.13527650396723,0,0,0,0,0,0,0,0,0,0
TX000392,AC00116,-0.0233941621409802,0.1778470105240812,1.8629552866878711,1301.7445156415204,4.858991923033196,0.637830181062598,18.57894938758845,-125.12646002364691,1,0,1,1,1,0,1,1,0,0
TX002490,AC00116,-0.0380076674231482,-0.2130737180994888,-1.6884618542231458,-378.561929031093,0.0,0.355029582159054,6.762258191375743,-3.6205249884366,0,0,0,0,0,0,1,0,0,0
TX001373,AC00116,-0.0845681433864776,-0.2314203251432036,-2.597933688541655,-471.9877483827773,8.429369702178808e-08,0.1570927209604771,3.996351136462629,-26.76827684279113,0,0,0,0,0,0,0,0,0,0
TX002425,AC00116,-0.0623330206186213,-0.2451421092950771,-1.289617468747679,-414.4087043897568,0.0,0.1117290678902372,3.711522136577553,-19.095341458824567,0,0,0,0,0,0,0,0,0,0
TX000700,AC00116,-0.1049747781773685,-0.2656109749701674,-1.949341937389189,-463.7273682129547,5.960464477539064e-08,0.0727829653688415,3.494871735202401,-26.250947275646727,0,0,0,0,0,0,0,0,0,0
TX000044,AC00117,-0.0711714456357888,-0.0172954722387996,-0.6400386426055444,-464.167033012741,0.0,0.3914707947614709,6.04679494470978,-74.7387893360921,0,0,0,0,0,0,1,0,0,0
TX002511,AC00118,-0.1047393260377314,-0.2327368535797802,-1.6236052861430572,-475.3341391252552,0.0,0.1800232197655546,3.9293334469574206,-78.0883636217039,0,0,0,0,0,0,0,0,0,0
TX001436,AC00118,-0.070914878008995,-0.2331418955071302,-1.5373731672453346,-436.0454540664427,0.0,0.4705749055841948,5.26537781354283,-62.92049492970756,0,0,0,0,0,0,1,0,0,0
TX002279,AC00118,-0.1146750360488362,-0.2586417926256094,-2.551122541681534,-469.4647922367271,5.960464477539064e-08,0.0341492660336457,3.455461094244893,-27.68993319743432,0,0,0,0,0,0,0,0,0,0
TX001633,AC00118,-0.0735274950489823,-0.2013629268596013,-2.144213957639684,-454.5478107697136,5.960464477539064e-08,0.1956664484759359,3.844811933533839,-21.9046617395157,0,0,0,0,0,0,0,0,0,0
TX000722,AC00119,-0.0750688115085124,-0.1087545119056148,-1.934847060904195,-463.70272270699047,8.429369702178808e-08,0.3615908153916842,5.036885088199203,-69.01435880547973,0,0,0,0,0,0,1,0,0,0
TX002383,AC00119,-0.0269042755412945,0.3018757730596397,4.894961426978385,1331.8465162463826,17.726257874276822,0.7803989769584491,19.933059841078112,-138.38691447433283,1,0,1,1,1,1,1,1,0,0
TX001947,AC00119,-0.0279282399478485,-0.1949103956310818,-2.029419187185823,-433.039988377527,0.0,0.3677547884231188,5.2480314686895095,-10.64432042826748,0,0,0,0,0,0,1,0,0,0
TX001446,AC00119,-0.0857333621819114,-0.213441302346345,-2.0413555168638364,-459.26243851250894,0.0,0.325886504558821,3.9760536919978136,-22.41332330263401,0,0,0,0,0,0,1,0,0,0
TX000301,AC00119,-0.0599094988308955,-0.2246612331626529,-2.048256854782899,-444.3633365216448,0.0,0.197191898611487,3.604078530957872,-23.2657216757631,0,0,0,0,0,0,0,0,0,0
TX000452,AC00119,-0.1006784391937333,-0.2549241654899958,-1.6893022968765248,-390.9327901898523,0.0,0.029397452367335,3.282547865833504,-23.90930923565336,0,0,0,0,0,0,0,0,0,0
TX001391,AC00120,-0.1202476895476887,-0.2607734595673678,-2.2526409441412074,-479.4961886607633,0.0,0.0,3.504814497231615,-80.42244383610797,0,0,0,0,0,0,0,0,0,0
TX001727,AC00120,-0.0902550019812155,-0.1352570307832499,-1.4316862981687724,-463.3434142972255,0.0,0.3683573881045923,5.393131364316361,-56.82116822466941,0,0,0,0,0,0,1,0,0,0
TX000043,AC00120,-0.0734740270524689,-0.2214769558098817,-2.128121513398685,-451.3587905639688,0.0,0.1684863329240651,3.606388653171291,-18.80960123438184,0,0,0,0,0,0,0,0,0,0
TX001059,AC00120,-0.0416704028330917,-0.2119949169763246,-2.9281972384144286,-242.9506580394713,0.0,0.2008863719762896,5.505246640253581,-16.004836700300114,0,0,0,0,0,0,0,0,0,0
TX002053,AC00120,-0.088577267915556,-0.237157280852591,-2.6863125325979738,-464.881759327403,8.429369702178808e-08,0.1382573382935319,3.7020927470192606,-25.8011888793193,0,0,0,0,0,0,0,0,0,0
TX001169,AC00120,-0.037514213241375,-0.1912571123460269,-2.649661215813312,-384.684014602449,0.0,0.1821721068980321,3.755764392387616,12.271063771066022,0,0,0,0,0,0,0,0,0,0
TX001718,AC00121,-0.108226308424731,-0.1062720113391417,-0.8047190700849551,-457.8228904522564,1.1920928955078125e-07,0.263508096490333,5.543765672484117,-72.59275164381826,0,0,0,0,0,0,0,0,0,0
TX000114,AC00121,-0.0243986547659338,-0.1378546994461926,-1.116042728732424,-450.0625905897563,0.0,0.3953808391612127,6.062247465907219,-41.18334183175324,0,0,0,0,0,0,1,0,0,0
TX001118,AC00122,-0.0925254749687805,-0.2397651098378166,-1.980924828026934,-470.7871266682328,0.0,0.245569859527094,3.5841851817536043,-77.13235529556505,0,0,0,0,0,0,0,0,0,0
TX001531,AC00122,-0.0389430259471592,-0.1966053820885107,-1.0024209755189537,-293.91927141925817,0.0,0.4567813011845219,6.516596171897872,-54.25916984422882,0,0,0,0,0,0,1,0,0,0
TX000518,AC00122,-0.1000559380002377,-0.1854707831021049,-3.403621951085652,-468.9839888655617,0.0,0.3849888222670137,4.901883819529282,-18.44078108178974,0,0,0,0,0,0,1,0,0,0
TX001753,AC00122,-0.0634664246831488,-0.1082059325630608,-1.998650898960543,-462.7298724546321,1.1920928955078125e-07,0.430955490537029,5.193050073555527,-18.344692416383555,0,0,0,0,0,0,1,0,0,0
TX002474,AC00122,-0.0896232601900675,-0.2273988763907488,-2.412054193752999,-468.5114688132397,0.0,0.1264331366590265,3.82001194208942,-25.944631859070515,0,0,0,0,0,0,0,0,0,0
TX000447,AC00122,-0.0674440828319782,-0.1899677237559085,-1.5849106694666144,-445.4080242407964,0.0,0.3267381262806951,4.369378634329293,-19.869063869734077,0,0,0,0,0,0,1,0,0,0
TX001574,AC00123,-0.1068913546710096,-0.2524532360909197,-0.8518145515814339,-476.6139055821253,0.0,0.0216576340086843,5.066574845893655,-79.01450264081451,0,0,0,0,0,0,0,0,0,0
TX001320,AC00123,-0.0934292475963716,-0.2273951861713208,-2.0671517297567927,-467.7196739210184,8.429369702178808e-08,0.182349690349515,4.707275678819111,-59.08657692375279,0,0,0,0,0,0,0,0,0,0
TX000685,AC00123,-0.0596886252334405,-0.2041637352764915,-2.588457854612283,-465.6656107600289,0.0,0.4182883076276269,6.866684024261767,-16.79159021722898,0,0,0,0,0,0,1,0,0,0
TX001547,AC00123,-0.0855979966818534,-0.2458807594004601,-1.8046334198670253,-461.68180248520446,5.960464477539064e-08,0.0960786812363854,3.726832198621624,-24.549687750428465,0,0,0,0,0,0,0,0,0,0
TX000963,AC00124,-0.0943834166163847,-0.0479751494331395,6.222698084634715e-05,-446.87078289653374,0.0,0.3420772778492587,6.5377153255417735,-69.05904561696464,0,0,0,1,0,0,1,0,0,0
TX000851,AC00124,-0.0274866936233073,0.0115949233726071,-3.641269306697836e-05,-436.48092894444505,1.1920928955078125e-07,0.5109076602117715,5.682190558619889,10.511731001496042,1,0,1,0,0,0,1,0,0,0
TX001763,AC00124,0.0022871069143939,-0.0381357185779751,0.8127377587213633,313.9003028087505,6.008875894978586,0.7383734056456642,14.0996006938886,-125.12635680596496,1,1,0,1,1,0,1,1,0,0
TX001196,AC00124,-0.0681130677637718,-0.2124206226186309,-1.787975735398911,-443.1325603592411,0.0,0.3239472855760604,4.365526228572262,-22.20699538704073,0,0,0,0,0,0,1,0,0,0
TX000811,AC00125,-0.0936724906109928,-0.2173410294101789,-1.5892480005994931,-470.9218669471485,0.0,0.1713299437881413,4.0416623058361525,-76.44041773744206,0,0,0,0,0,0,0,0,0,0
TX002488,AC00125,-0.0782265357044026,-0.2353879042698554,-1.7256392319014928,-456.87894705145465,8.429369702178808e-08,0.1412530362922812,3.785989132362499,-57.01714597889455,0,0,0,0,0,0,0,0,0,0
TX001293,AC00125,-0.1021487374655795,-0.2370986387193097,-1.357275690659094,-467.3472187968792,0.0,0.0904547413398598,3.8403276490045615,-22.901211145316747,0,0,0,0,0,0,0,0,0,0
TX001210,AC00125,-0.0576117998292677,-0.2337045373749218,-2.055517166771738,-384.8693149783682,1.1920928955078125e-07,0.3528355639854117,6.6099779984966185,-14.580747614531164,0,0,0,0,0,0,1,0,0,0
TX001317,AC00125,-0.0885915921289052,-0.2424751397833191,-1.70784469918463,-457.110325295866,5.960464477539064e-08,0.1397341378182181,3.903201955544487,-22.37626531824834,0,0,0,0,0,0,0,0,0,0
TX000537,AC00125,-0.0730312560361464,-0.2484129116131626,-1.586890072552496,-455.7874552424722,0.0,0.096117098602173,3.5170632631187324,-23.509732080846216,0,0,0,0,0,0,0,0,0,0
TX002111,AC00126,-0.1065431960624185,-0.2606546021230894,-1.6715868572581982,-476.0399059505408,0.0,0.1635073768535988,3.911847843660453,-80.19738693160555,0,0,0,0,0,0,0,0,0,0
TX000250,AC00126,-0.0863108996124076,-0.2513235750165251,-1.14438036127307,-462.7382910457195,0.0,0.092155456384266,3.989285538001113,-58.40659001694728,0,0,0,0,0,0,0,0,0,0
TX002303,AC00126,-0.0546589116193783,-0.2328818213995187,-1.8831098659296632,-466.6129058752421,0.0,0.156628850783479,3.8386101660735874,2.9896942673174003,0,0,0,0,0,0,0,0,0,0
TX001637,AC00126,-0.1080141248686438,-0.2681981590627442,-2.016166268663081,-477.0721144012723,0.0,0.0121611234726205,3.179614888364912,-26.06441724155322,0,0,0,0,0,0,0,0,0,0
TX001380,AC00126,-0.0963989479759346,-0.2678894260478254,-1.631397344144224,-472.04916312227135,0.0,0.0642751834332362,3.4745901927407408,-23.911882286669503,0,0,0,0,0,0,0,0,0,0
TX001189,AC00126,-0.0160659703154998,-0.18151209156954,-2.293218651138256,-274.2543861783574,0.0,0.488964370922843,5.589336691653654,9.924044701607231,0,0,0,0,0,0,1,0,0,0
TX000761,AC00126,-0.1027884607929217,-0.2646685117536558,-2.2553591173118,-430.7428255153848,0.0,0.0844347739539957,3.3254258092828475,-23.925989948179765,0,0,0,0,0,0,0,0,0,0
TX000515,AC00127,-0.0898180690315979,-0.2339540635599539,-2.17362126545806,-464.865249838216,0.0,0.3416921321244534,6.932007943423146,-76.08440557718095,0,0,0,0,0,0,1,0,0,0
TX001553,AC00127,-0.0537227316556668,-0.2408324969838235,-0.2377536796815391,-446.6393470834507,0.0,0.4506917829873054,11.196925812234465,-59.3645626045653,0,0,0,0,0,0,1,1,0,0
TX001866,AC00128,-0.073277912298007,-0.1833927074098349,-1.8280864861464303,-467.6086346405304,0.0,0.3746527170042124,6.620996733939628,-78.15568954620272,0,0,0,0,0,0,1,0,0,0
TX000488,AC00128,-0.0534963827915315,-0.1233214391043462,-0.6196409534994274,-326.0260216942658,0.0,0.6280287126773703,9.73162276596832,-28.622295861841256,0,0,0,0,0,0,1,0,0,0
TX002471,AC00128,-0.0665332100091218,-0.0439966158904217,-1.2477069900735405,-411.2954713474497,0.0,0.5748538383261194,9.553697142641612,-16.53414946651209,0,0,0,0,0,0,1,0,0,0
TX000402,AC00128,-0.0377487375399321,-0.1065411245041159,-1.8245819707966413,-441.3867423106095,0.0,0.4368413794341746,5.207547496203387,-9.94203872944429,0,0,0,0,0,0,1,0,0,0
TX000001,AC00128,-0.1074137897402326,-0.2570071613802404,-2.103467658029226,-440.09720699455744,0.0,0.0708304618778063,3.7845768565200295,-18.597196440728457,0,0,0,0,0,0,0,0,0,0
TX001757,AC00128,-0.0633832597946758,-0.1769055548891898,-1.0282170522432867,-416.670161045747,0.0,0.3483773095100659,4.210974323029169,-16.517635193324804,0,0,0,0,0,0,1,0,0,0
TX001282,AC00128,0.0446794253294292,-0.0486941173818222,0.0003770519047261,769.8142930018514,2.384185791015625e-07,0.6292860626232807,11.701327615032218,-3.16405751941212,1,1,0,1,1,0,1,1,0,0
TX000924,AC00129,-0.1217577882839391,-0.1911306630093097,-1.7277247002303788,-473.7283693574762,5.960464477539064e-08,0.2210725866620576,4.03669605602655,-76.4487125559472,0,0,0,0,0,0,0,0,0,0
TX001655,AC00129,-0.0896786235387295,-0.1997674847789532,-1.6108492493268844,-468.39401144043535,0.0,0.3480000003804604,4.15893196040714,-60.04954656270594,0,0,0,0,0,0,1,0,0,0
TX000818,AC00129,-0.0996417697566847,-0.2535022134731506,-3.135155747873041,-472.46244426324427,8.429369702178808e-08,0.1481010247592765,5.068636870505999,-25.29364532241135,0,0,0,0,0,0,0,0,0,0
TX002411,AC00129,-0.1061160782665613,-0.2630677404928069,-2.586264360007526,-477.63033413516905,0.0,0.0526896188844456,2.9760796582250078,-28.371629637792733,0,0,0,0,0,0,0,0,0,0
TX002357,AC00130,-0.1064726141545385,-0.2374765293965386,-1.724519472766504,-463.9560445556488,0.0,0.2210818813489151,5.218801744949785,-75.21835014273718,0,0,0,0,0,0,0,0,0,0
TX000620,AC00130,-0.0560203706529964,-0.1432052066882367,-0.8405956013881681,-369.3573892170515,0.0,0.469339894039346,6.711781824458621,33.6857581415091,1,0,0,0,0,0,1,0,1,0
TX001858,AC00130,-0.0377387126032404,-0.2520178465663432,-1.331264332879467,-65.20750502905855,0.0,0.4993329967223145,6.611378441749547,-13.86312945394078,0,0,0,0,0,0,1,0,0,0
TX000215,AC00130,-0.0884932468304009,-0.240178604026676,-2.9654403032042413,-428.0549997968423,5.960464477539064e-08,0.1410401733685024,3.20350929692247,-22.844247588734955,0,0,0,0,0,0,0,0,0,0
TX001624,AC00130,-0.0716979172129848,-0.1886213924136179,-2.905477988958163,-456.8454869906051,0.0,0.3566703261827608,3.588299454118685,-19.23416437574487,0,0,0,0,0,0,1,0,0,0
TX000674,AC00130,-0.0509072751713727,-0.2300665525478309,-2.380475670961108,-446.7063569125109,0.0,0.1562142808305459,3.403807784338292,-20.41538992378181,0,0,0,0,0,0,0,0,0,0
TX000949,AC00130,-0.0534400265105929,-0.0817953909368334,-1.7717207836189868,-381.0360430840832,0.0,0.4147036557662571,4.181850234721841,-4.67410651800353,0,0,0,0,0,0,1,0,0,0
TX002374,AC00130,-0.0900168771358385,-0.2650348527926986,-2.7778964945122606,-410.6927867245236,0.0,0.1245579871603021,2.957923630135255,-24.768407292994247,0,0,0,0,0,0,0,0,0,0
TX001497,AC00130,-0.0877758199106213,-0.218367970906997,-1.6939124036070403,-403.22433633126377,0.0,0.197871418497029,3.657449341230069,-20.26134848321472,0,0,0,0,0,0,0,0,0,0
TX000664,AC00131,-0.0709373161507556,-0.2243006164483663,0.2711696763700999,-282.0889177590618,2.384185791015625e-07,0.5265167070660637,8.549872003635272,-62.46065572218544,0,0,0,1,0,0,1,0,0,0
TX001862,AC00131,-0.0508149682664423,-0.1866707539743735,-1.1169976405944926,-454.2284223338971,0.0,0.3632504620823042,5.114209906587609,-52.83405478013837,0,0,0,0,0,0,1,0,0,0
TX000827,AC00131,-0.0914998753143341,-0.2015267236101559,-2.51724459006987,-464.6799054905906,0.0,0.3318887952515934,4.638316311904874,-22.32025560742688,0,0,0,0,0,0,1,0,0,0
TX000377,AC00131,-0.1090560418558024,-0.265729478567585,-2.6447329722801847,-476.4663167536838,4.214684851089404e-08,0.0587751962018189,2.8581500727643188,-28.149667607549222,0,0,0,0,0,0,0,0,0,0
TX000393,AC00131,-0.1003342448686704,-0.2664458831089438,-2.748599171001402,-474.5098725783216,0.0,0.0486776999215544,2.746556900680841,-29.010493407076563,0,0,0,0,0,0,0,0,0,0
TX000644,AC00131,-0.105221189644831,-0.253426627138667,-3.05635603958315,-472.98196984270976,5.960464477539064e-08,0.1193306226802129,2.9793967684101776,-28.63048171554079,0,0,0,0,0,0,0,0,0,0
TX002199,AC00131,-0.1231604324679599,-0.2674021853335196,-2.3973523346494066,-438.6788278244445,4.214684851089404e-08,0.0902375524136523,3.094889514875605,-26.78502407779928,0,0,0,0,0,0,0,0,0,0
TX001571,AC00131,-0.045049598438864,-0.1733733102182955,-0.6325540113257819,-411.0148747210239,0.0,0.3845994097238277,5.281141657010779,-12.199177654924371,0,0,0,0,0,0,1,0,0,0
TX002192,AC00131,0.0140770956658955,0.939015606382762,8.133915791148919,3472.8615150011337,32.149651099018335,0.8658451032946998,34.741850101083934,442.7740208272643,3,1,1,1,1,1,1,1,1,1
TX001465,AC00132,-0.092756798826429,-0.2476017630024933,-1.744609446229589,-375.8383164762485,0.0,0.1405931180216145,4.04671779147391,-74.68872420588107,0,0,0,0,0,0,0,0,0,0
TX001589,AC00132,-0.1006455337505646,-0.2337608728129419,-1.570874680363623,-467.9443263074871,5.960464477539064e-08,0.1598939158253394,3.8170214769987054,-60.99734835129736,0,0,0,0,0,0,0,0,0,0
TX000189,AC00132,-0.0203588700386957,-0.1773943108523352,-0.4952788871953846,-428.5293868942289,0.0,0.3771463607312806,5.386742254374956,11.868134419758132,0,0,0,0,0,0,1,0,0,0
TX002359,AC00132,-0.0678711391505264,-0.2366878673684582,-1.7829531799941023,-456.8046917558567,8.429369702178808e-08,0.1725417679418938,5.287393100577776,-19.63249970712281,0,0,0,0,0,0,0,0,0,0
TX000665,AC00133,-0.0719626523311586,-0.1536611828961203,-1.788733773349879,-171.95108088211748,8.429369702178808e-08,0.3591382294655911,4.545989626256771,-73.30096313327857,0,0,0,0,0,0,1,0,0,0
TX001403,AC00133,-0.0864137037108163,-0.19050544806036,-1.8105274079454308,-460.10407854384624,0.0,0.3198072250122371,6.2168814716435055,-61.80473571180436,0,0,0,0,0,0,1,0,0,0
TX000886,AC00133,-0.0659117666494214,-0.195372070368486,-1.796524472013445,-456.10186873634206,0.0,0.1710033418282769,3.819522574775345,-20.88443108441071,0,0,0,0,0,0,0,0,0,0
TX002203,AC00133,-0.086553547372012,-0.1929642071239963,-1.6695785349491017,-460.3957156463956,0.0,0.3351927514047092,3.760148973152096,-21.377247648355752,0,0,0,0,0,0,1,0,0,0
TX001678,AC00133,-0.0313206271429801,-0.1130026628668512,-0.5581160230731008,-431.6790002931118,1.1920928955078125e-07,0.4428300853386095,5.950894176824604,-11.380926199811004,0,0,0,0,0,0,1,0,0,0
TX000895,AC00133,-0.0561512283911316,-0.2045771468700097,-1.2899845032946082,-450.5068968067185,0.0,0.1902789240519267,4.3604245892024345,-23.68711115556862,0,0,0,0,0,0,0,0,0,0
TX000281,AC00133,-0.0913700329562786,-0.2517666789054908,-1.7449979617514408,-454.5174870433247,5.960464477539064e-08,0.1052281858562838,3.8027268808455954,-24.887747415475605,0,0,0,0,0,0,0,0,0,0
TX001857,AC00134,-0.0988215195556937,-0.2235740985301195,-0.6132788077870295,-467.9880984530562,0.0,0.1644578868818169,5.527029757785104,-74.01155519782984,0,0,0,0,0,0,0,0,0,0
TX000009,AC00135,-0.1014603088650666,-0.2706488750530238,-1.4147460752683934,-408.1984708482741,0.0,0.0669441847119697,4.409147186949725,-77.65719671878237,0,0,0,0,0,0,0,0,0,0
TX000388,AC00135,-0.0887835157233908,-0.0470181695370124,-0.3596483846156193,-452.3741765237404,0.0,0.4400350922374227,5.4437736853705,-53.77390935406046,0,0,0,0,0,0,1,0,0,0
TX001362,AC00136,-0.1007950898749933,-0.2540555976605096,-0.8763104826077672,-475.1193344106117,0.0,0.0836220623227853,5.2929482714818015,-79.01695822505704,0,0,0,0,0,0,0,0,0,0
TX001842,AC00136,-0.0140616977903754,0.1152026180989285,0.2236353569972191,-226.94283557975672,7.587550856130843,0.7394682456176932,10.194554402809644,-33.60664509671352,1,0,1,1,0,0,1,0,0,0
TX000679,AC00136,-0.0969820161322305,-0.2343776625658664,-2.8979257137259253,-449.2762185731217,0.0,0.1805210627005539,3.887093244554644,-21.730287501053784,0,0,0,0,0,0,0,0,0,0
TX000410,AC00136,-0.0430938306788937,0.0599481553816672,-1.9149427739041207,-175.69752798513986,0.0,0.521196005083941,5.819810953057964,-0.2313873582978416,1,0,1,0,0,0,1,0,0,0
TX001312,AC00136,-0.0782209981619831,-0.1501942796684665,-1.6461019275854607,88.62455681503985,8.429369702178808e-08,0.3908254681017726,5.0928094890037325,7.153304895915564,0,0,0,0,1,0,1,0,0,0
TX001262,AC00136,-0.0564538783148776,-0.1927726508528833,-2.507030984204807,-380.5830359966933,0.0,0.3829014229886817,5.2074782198107785,-14.378673411990937,0,0,0,0,0,0,1,0,0,0
TX000919,AC00136,-0.0139482449904453,-0.1448998875496288,-1.824218982978744,-405.63518031458113,0.0,0.412032831766112,5.191935589126928,13.283136178220897,1,0,0,0,0,0,1,0,1,0
TX001416,AC00136,-0.0069222044647371,0.1171909744985024,2.0110621882889443,939.0967071513458,10.44441086096039,0.7281412830772469,12.08804918027599,-138.38683006917017,1,0,1,1,1,1,1,1,0,0
TX001824,AC00137,-0.0848818893397371,-0.2123191945274063,-0.3855653429885599,-464.6803525902242,0.0,0.1521818864689841,6.021093724845338,-74.94860028620471,0,0,0,0,0,0,0,0,0,0
TX002281,AC00137,-0.0270792187427462,-0.1890523952474507,-0.408307188951607,-264.128762951393,0.0,0.6110724522073,6.3045328456244825,-57.98839637724517,0,0,0,0,0,0,1,0,0,0
TX000706,AC00137,-0.0722745144745382,-0.2214669045885688,-1.5113644122730907,-462.5635005273997,0.0,0.1882569552546135,4.419674099149586,-22.250378832459628,0,0,0,0,0,0,0,0,0,0
TX002296,AC00138,-0.0766460536790083,-0.2670269818519902,-0.9968078204471436,-400.310448478268,0.0,0.1148842992200249,5.333492339519795,-26.279965004361195,0,0,0,0,0,0,0,0,0,0
TX001290,AC00138,-0.0239001628292682,-0.0166271015701273,0.1792678297894721,-170.35888857571393,0.0,0.7129348997042717,8.713363664882603,-7.76004808817647,0,0,0,1,0,0,1,0,0,0
TX002162,AC00139,-0.0524264109701606,0.1634617962529987,0.3828854312609699,-418.1556921360733,0.0,0.4818700758698765,7.313661317871462,-57.49501981163885,1,0,1,1,0,0,1,0,0,0
TX000651,AC00139,-0.07607975902749,-0.1574490267703792,-0.0003646926523455,-134.4203218183569,0.0,0.5048136683764557,8.317820671735527,-57.587751716637264,0,0,0,0,0,0,1,0,0,0
TX001085,AC00139,-0.0964331030035201,-0.2463895117603971,-1.5827544994547793,-461.0815670830696,0.0,0.1259650046408051,3.965477419910209,-23.5244812472796,0,0,0,0,0,0,0,0,0,0
TX002014,AC00139,-0.0409558170898516,-0.2055738754513945,-1.89770318424824,-344.0134660067745,0.0,0.4334928873354333,6.592297059738504,-5.002390746851537,0,0,0,0,0,0,1,0,0,0
TX001522,AC00139,-0.0251021698556405,-0.215856370713406,-1.948738272445304,-432.55960332530617,8.429369702178808e-08,0.3384855273666731,3.7215305803469394,-18.35315250402225,0,0,0,0,0,0,1,0,0,0
TX001575,AC00139,-0.056053346913114,-0.2495762516424774,-1.701288977547167,-441.44853061522224,5.960464477539064e-08,0.072569564418355,3.265392920604883,-22.351076414602364,0,0,0,0,0,0,0,0,0,0
TX002173,AC00139,-0.0924952079036369,-0.2355692501403081,-2.423395795195884,-457.8084394440704,0.0,0.1705432563770753,3.9162081346992426,-24.981335151666357,0,0,0,0,0,0,0,0,0,0
TX000646,AC00139,-0.0726087556373897,-0.2113371475506191,-0.905888112280694,-445.78298486313247,0.0,0.1762793477131201,4.333364112529462,-17.899603711669197,0,0,0,0,0,0,0,0,0,0
TX002448,AC00140,-0.0945264333501534,-0.2204332010434935,-1.7788023450510302,-474.6811797630287,0.0,0.1607934533939725,3.9036940446145176,-76.7548950734739,0,0,0,0,0,0,0,0,0,0
TX002105,AC00140,-0.1008945701637363,-0.2146919211556286,-0.8084567027068719,-467.1814081449049,8.429369702178808e-08,0.1557143087843103,4.540131458418517,-61.60548700824139,0,0,0,0,0,0,0,0,0,0
TX000085,AC00140,-0.1004766403931604,-0.2640967553012805,-2.1376715533240613,-454.138117849341,0.0,0.0291221382709824,3.606699726988075,-19.64347988031365,0,0,0,0,0,0,0,0,0,0
TX001588,AC00140,-0.048076253185194,0.0052288716004835,-0.6672817471967782,-442.6938440372078,0.0,0.4463068116714714,6.086068126429997,-13.288133390434869,1,0,1,0,0,0,1,0,0,0
TX002220,AC00140,-0.12705398928136,-0.2598139991565573,-1.941966111318543,-477.3432209456373,0.0,0.0531168488672854,3.4762591734115564,-29.494194651171465,0,0,0,0,0,0,0,0,0,0
TX000332,AC00140,-0.0894472930405799,-0.2534911058599234,-1.3813539366172307,-453.1979726251437,0.0,0.1012738301284858,3.690878359305265,-23.63365807701388,0,0,0,0,0,0,0,0,0,0
TX002295,AC00140,-0.0886866144333468,-0.2446070451304918,-1.678953509881886,-453.80245915857006,5.960464477539064e-08,0.1195593099855426,3.860805284473943,-23.7931172797704,0,0,0,0,0,0,0,0,0,0
TX001759,AC00141,-0.1220099570167171,-0.2561704454598482,-1.8918806547147808,-482.3247232104746,0.0,0.0407013676267174,3.7823896351150057,-81.95242573082855,0,0,0,0,0,0,0,0,0,0
TX000774,AC00141,-0.1054106293313283,-0.2482904154021517,-1.3865012460307558,-467.7218368173997,0.0,0.0830003383979842,3.671262770319521,-60.3522214979342,0,0,0,0,0,0,0,0,0,0
TX001398,AC00141,-0.0122384022390227,-0.1565594074230747,-1.900339059221734,-166.6224482322528,0.0,0.477933882089115,5.5672831874888615,11.907312449890892,0,0,0,0,0,0,1,0,0,0
TX001628,AC00141,-0.075172508307424,-0.0842408316564207,-1.5671025926661208,-436.8211264830758,0.0,0.4103419487998843,4.599793580897809,-14.440018142381437,0,0,0,0,0,0,1,0,0,0
TX000336,AC00141,-0.1006635656162721,-0.2711998649005895,-2.286328560473521,-471.51582393491606,0.0,0.0670964230442564,3.4202483174779186,-27.94023830767151,0,0,0,0,0,0,0,0,0,0
TX001749,AC00142,-0.0768749342322208,-0.1845334483100846,-2.0739971507704364,699.8824751903926,0.0,0.2778971775588047,6.985430469644816,-76.84930137346656,0,0,0,0,1,0,0,0,0,0
TX001495,AC00142,-0.0396338977529922,-0.1083325689723786,-0.6506988294974985,-447.6766397914054,0.0,0.4488570470769155,10.543780405211916,-61.75472418135657,0,0,0,0,0,0,1,0,0,0
TX001146,AC00143,-0.1179895527992793,-0.2431592307858376,-1.8864157686536756,-475.80090520252463,0.0,0.1319018221882773,3.637716452443864,-77.86668272790658,0,0,0,0,0,0,0,0,0,0
TX000650,AC00143,-0.0927419874206477,-0.2500430733516734,-2.017244422384877,-471.1108330603717,0.0,0.1499622377323653,3.5556781948219798,-61.01268735285532,0,0,0,0,0,0,0,0,0,0
TX000059,AC00143,-0.0946745815280169,-0.2499682103883608,-2.576200063203327,-476.4823758430749,0.0,0.11700445131838,4.320563197864259,-25.929457967101285,0,0,0,0,0,0,0,0,0,0
TX001895,AC00143,-0.0930411679573956,-0.2612842473596475,-2.581907081462516,-413.8408915589088,0.0,0.1269649988510938,3.706698708446651,-25.803954083787403,0,0,0,0,0,0,0,0,0,0
TX002225,AC00143,-0.0850717830466328,-0.2566085067558759,-2.351100631253072,-462.8948326347322,0.0,0.0905801151880095,3.0706244746529343,-24.51372761537793,0,0,0,0,0,0,0,0,0,0
TX001899,AC00144,-0.0972080481777394,-0.2186718553813234,-1.4067600250755363,-472.7672056647982,0.0,0.0917292991021269,4.43510469842438,-75.525182172011,0,0,0,0,0,0,0,0,0,0
TX001422,AC00144,-0.0862555015526619,-0.2232180291877474,-1.9306110020972425,-469.653281021345,0.0,0.3379246504086947,6.207684232779217,-63.49244176808817,0,0,0,0,0,0,1,0,0,0
TX002078,AC00144,-0.111973163353201,-0.265591150033951,-2.678500645706743,-477.42354185207927,4.214684851089404e-08,0.0368524359131526,2.814425804786824,-27.703490204997472,0,0,0,0,0,0,0,0,0,0
TX002342,AC00144,-0.0588625559240426,-0.246024268754297,-1.5199127879677103,-420.4303232702748,5.960464477539064e-08,0.1135609844044139,3.5659744719686337,4.02573900352488,0,0,0,0,0,0,0,0,0,0
TX000994,AC00144,-0.034928060327413,-0.1344414785835319,-1.0263545953910231,-428.7723071405413,0.0,0.361011036796975,4.300670813557245,8.321500836464107,0,0,0,0,0,0,1,0,0,0
TX001876,AC00144,-0.0717814937880683,-0.2536002731061842,-1.355380152924397,-459.9934865522823,5.960464477539064e-08,0.0794982459681842,3.8438941162691385,-25.14215624069841,0,0,0,0,0,0,0,0,0,0
TX000590,AC00144,-0.0553210238201266,-0.2160894920029628,-2.3996420307273514,-457.1778079568958,0.0,0.3581978463603739,5.6274761764006085,-23.842792302914805,0,0,0,0,0,0,1,0,0,0
TX001409,AC00144,-0.0281817811051843,-0.1646021572167078,-2.5639800792106358,-366.9975005204396,0.0,0.4004548351555905,4.984066763926859,7.455889333312857,0,0,0,0,0,0,1,0,0,0
TX002198,AC00145,-0.092548513657864,-0.2357315211318205,-1.674900439353619,-467.92461202107614,0.0,0.2018964809192527,6.515000413599012,-79.20701036699086,0,0,0,0,0,0,0,0,0,0
TX000749,AC00145,-0.0757385981678533,-0.2335672264921588,-2.102606383202481,-470.4935382598205,0.0,0.3203487349564005,7.074704021059955,-63.18344725429651,0,0,0,0,0,0,1,0,0,0
TX002147,AC00145,-0.0872981472104004,-0.2013145609388096,-2.315925184019676,-464.42062132556106,0.0,0.1921696233994248,3.844216552684013,-21.638130338223764,0,0,0,0,0,0,0,0,0,0
TX000545,AC00145,-0.0961910954862228,-0.2075346918437144,-3.3480293497246727,-460.32789433703374,0.0,0.360822553241179,4.072515720546905,-17.906058028943338,0,0,0,0,0,0,1,0,0,0
TX000401,AC00145,-0.0475062034819492,-0.1262598476212768,-2.032215837139333,-444.6217271253064,0.0,0.4813548559675786,5.621402627791001,4.209569015712486,0,0,0,0,0,0,1,0,0,0
TX002327,AC00146,-0.0818547005851088,-0.1398436519258001,-0.4811633835199789,-438.7896122793943,0.0,0.2648373476190921,5.885514484781465,-65.48059426869061,0,0,0,0,0,0,0,0,0,0
TX001797,AC00146,0.054062165085339,0.4521860506450024,6.842898841100614,1571.289107786783,18.11629615166289,0.8681096832240159,27.71318350700625,-125.12631563371208,2,1,1,1,1,1,1,1,0,1
TX000269,AC00147,-0.0722526672921818,-0.1995635328006026,-1.644085758435752,-117.51462420068708,0.0,0.2418397834320354,3.965712763220501,-71.5472987821701,0,0,0,0,0,0,0,0,0,0
TX001215,AC00147,-0.1147523380888969,-0.2574246836139349,-1.9188804725346171,-473.9823908938169,0.0,0.0,4.644236927448842,-61.80676842236785,0,0,0,0,0,0,0,0,0,0
TX000980,AC00147,-0.1072354871444364,-0.2647480757521215,-1.9612494740733784,-471.9839352161239,5.960464477539064e-08,0.0553326542847819,3.4015617774886246,-27.66445016290199,0,0,0,0,0,0,0,0,0,0
TX000483,AC00148,-0.1101012237537655,-0.254539185381103,-2.0083037191252764,-474.56982724106047,0.0,0.0,4.2806932927592,-77.99131075536458,0,0,0,0,0,0,0,0,0,0
TX000487,AC00148,-0.0075383711677058,-0.0921664032992435,0.8862762039740737,-181.6355307847912,3.371747880871523e-07,0.6534607695621928,14.73793653705448,-45.00080186209941,0,0,0,1,0,0,1,1,0,0
TX000295,AC00148,-0.0026609030889438,-0.0194502110354031,-0.7131727936171561,-380.45063951346566,0.0,0.5735441898801643,8.39286973787751,-6.473993521273531,0,0,0,0,0,0,1,0,0,0
TX002164,AC00148,-0.0191368722414171,-0.1730986740524889,-1.639619028952456,-400.43663220780536,0.0,0.4598847877828234,7.085064066353536,-15.160774288076627,0,0,0,0,0,0,1,0,0,0
TX000461,AC00148,-0.0449789416748587,-0.2043056608936744,-1.501697829428208,-414.783161989992,1.1920928955078125e-07,0.3933095052560226,6.401495118013816,-17.66000962967082,0,0,0,0,0,0,1,0,0,0
TX000738,AC00149,-0.0362047695889726,-0.1069845175912991,-0.7448796896026408,-391.7076755505172,0.0,0.5798064131051885,10.412064740586889,-72.5969042181722,0,0,0,0,0,0,1,0,0,0
TX002286,AC00149,-0.0024877360322779,0.222840907941632,1.569385063240258,-360.5042395485461,0.0,0.6372362918934137,22.662210493930225,-55.80919399918762,1,0,1,1,0,0,1,1,0,0
TX000093,AC00149,-0.040311722019073,-0.1118163842726376,-1.7949157910483926,-416.24477465418494,0.0,0.4369000103537949,5.93514947528658,-15.473099551962726,0,0,0,0,0,0,1,0,0,0
TX000182,AC00149,-0.0648430058101241,-0.1214684002470889,-1.7776387068428434,-423.5958240201367,0.0,0.4225012494807757,4.642223508176102,-15.049778016118427,0,0,0,0,0,0,1,0,0,0
TX000613,AC00149,-0.0986723264841325,-0.2636278997832129,-2.301149883565353,-349.88015426347783,0.0,0.1089966679523556,3.3234019887723574,-19.17137331756499,0,0,0,0,0,0,0,0,0,0
TX002289,AC00149,-0.0211498804839342,-0.0902207568424837,-1.7833909758968716,-345.6813987650319,8.429369702178808e-08,0.4621402601760988,4.950667339940745,11.839568824408584,0,0,0,0,0,0,1,0,0,0
TX002379,AC00150,-0.1185298580725743,-0.2407152305638258,-2.275243796953802,-484.039471983567,0.0,0.0407013676267174,3.4996669035817947,-82.48350958963819,0,0,0,0,0,0,0,0,0,0
TX002405,AC00150,-0.0960382302256366,-0.2401386579749269,-1.7530025506687732,-462.23394221764505,1.1920928955078125e-07,0.3445318650724358,6.812940148984152,-63.37401884356564,0,0,0,0,0,0,1,0,0,0
TX000585,AC00150,-0.0280671855149499,-0.1034293315856738,-2.518748985297289,-389.5440440677888,0.0,0.4421293035550618,5.973529048354124,11.099823318731428,0,0,0,0,0,0,1,0,0,0
TX002452,AC00150,-0.0446143205905618,-0.0530700969812243,-1.6956445046993416,-244.61012252767657,8.429369702178808e-08,0.4407766467819697,5.022605337995068,14.042714211833635,1,0,0,0,0,0,1,0,1,0
TX000011,AC00150,-0.0478049734167022,-0.142037890990905,-1.5056426036909425,-98.85640373066671,0.0,0.4109471014020479,4.695791708009902,13.921885743869035,1,0,0,0,0,0,1,0,1,0
TX001094,AC00150,-0.0721562843321527,-0.1728739818749833,-2.108225703240178,-411.0617114075546,0.0,0.3700451401466201,4.17543516867249,-17.06310278975967,0,0,0,0,0,0,1,0,0,0
TX000608,AC00150,-0.0252248723916627,-0.1165469924220017,-0.7708328306363867,-316.05078824490704,0.0,0.4466307275907356,4.912307740051328,12.638980707797426,1,0,0,0,0,0,1,0,1,0
TX001910,AC00151,-0.1028875796137571,-0.1625120298716722,-1.998778282023606,-470.3760883704938,0.0,0.3408190632010803,5.309474069407408,-77.89828285392741,0,0,0,0,0,0,1,0,0,0
TX001242,AC00151,-0.0711784793147022,-0.1794096605136235,-2.288084704117926,-457.9360318655322,0.0,0.3995407008151957,4.667878879842387,-54.49726447224919,0,0,0,0,0,0,1,0,0,0
TX001055,AC00151,-0.0903167373756153,-0.2487632281731697,-2.664817814506968,-437.1082039435104,0.0,0.1618491113059208,3.4554218844118894,-22.136813761308392,0,0,0,0,0,0,0,0,0,0
TX001747,AC00151,-0.0956241625686495,-0.2483179837286517,-2.514431233719177,-476.0314588362903,0.0,0.1233952231523375,3.139021134454629,-26.505067560485877,0,0,0,0,0,0,0,0,0,0
TX001811,AC00152,-0.0746788302824466,-0.2330759659906844,-1.5331759278873758,-457.1521798488045,1.1920928955078125e-07,0.2922832591490296,6.61633466523627,-77.51850880054334,0,0,0,0,0,0,0,0,0,0
TX000535,AC00152,-0.0660289817357502,-0.1961373807873729,-0.8458954112990966,-442.9000779749284,0.0,0.4549203930165239,9.29694734127688,-55.75436341717802,0,0,0,0,0,0,1,0,0,0
TX001138,AC00152,-0.0948153442816681,-0.2490312000635953,-2.4515666890301056,-472.5430149979472,0.0,0.0341492660336457,3.397820732225427,-25.67694082353234,0,0,0,0,0,0,0,0,0,0
TX002422,AC00152,-0.0659274949373271,-0.1354250885737384,-0.7735932831343213,-436.4334880579848,0.0,0.4222205738389815,5.956695087382362,-14.503077260685476,0,0,0,0,0,0,1,0,0,0
TX000741,AC00153,-0.0903751169908912,-0.247071509037329,-1.7826770308865107,-472.0934597694367,8.429369702178808e-08,0.1926457104110518,4.662189353089428,-78.24104204813912,0,0,0,0,0,0,0,0,0,0
TX001252,AC00153,-0.0830594399375089,-0.2025233904728898,-1.9186704793112792,-472.6402829245912,0.0,0.4183254289128199,6.368844929740194,-62.52714537045756,0,0,0,0,0,0,1,0,0,0
TX002362,AC00153,-0.1052546456872502,-0.2485225832156592,-3.095676350686377,-474.0056547897152,0.0,0.132346186414619,3.2494906749670243,-26.95198273385297,0,0,0,0,0,0,0,0,0,0
TX000755,AC00153,-0.0296844219734217,-0.0178721778253732,-0.7933053503314031,-421.38797417941424,0.0,0.4875701470053558,5.664699618262908,19.100531777679247,1,0,0,0,0,0,1,0,1,0
TX001541,AC00153,-0.0872110757220908,-0.2240256322058953,-1.892858330246426,-461.5817980833098,0.0,0.1660540782323551,3.9843859540746815,-24.391965276459704,0,0,0,0,0,0,0,0,0,0
TX001836,AC00153,-0.0542510209760015,-0.2641015193705132,-2.031095880957677,-415.03361304643033,0.0,0.0933063524139904,3.2928980971161503,4.893919346405571,0,0,0,0,0,0,0,0,0,0
TX000512,AC00153,-0.0139356881279293,-0.1543345893117815,-0.1542714971776106,-92.1174189959064,3.371747880871523e-07,0.6001063722548559,4.785732623667005,-6.622175480051093,0,0,0,0,0,0,1,0,0,0
TX001086,AC00154,-0.0878651082987665,-0.2410035618016501,-0.2645647575871717,-471.0869970157325,0.0,0.11616020654409,6.239667709963873,-77.95557143112052,0,0,0,0,0,0,0,0,0,0
TX001849,AC00154,-0.0339334953019342,0.8438302228021122,6.613961083580749,5822.082053318316,25.487569571953756,0.8950890710390285,39.13092760804989,-125.1271705434148,1,0,1,1,1,1,1,1,0,0
TX000110,AC00154,-0.0928594032351676,-0.2306407651292998,-2.078432444804589,-465.9298040053384,5.960464477539064e-08,0.1702041316073073,3.9328439984155423,-24.32405899062849,0,0,0,0,0,0,0,0,0,0
TX001644,AC00154,-0.100427412874044,-0.2497325357977337,-1.169633117943821,-472.2162254678868,0.0,0.0739649470111329,3.5550325389510538,-26.04418673381762,0,0,0,0,0,0,0,0,0,0
TX000757,AC00154,-0.0446871062391964,-0.1415759268280183,-0.9398060879260636,-455.3837607930773,0.0,0.4200588128607758,6.186745817918442,-20.34182703375922,0,0,0,0,0,0,1,0,0,0
TX001751,AC00155,-0.0967516540918759,-0.2402715262232344,-1.4134740196725095,-460.0328854654601,0.0,0.207198900623332,6.830005402294744,-76.47906244837375,0,0,0,0,0,0,0,0,0,0
TX002413,AC00155,-0.081144737177318,-0.2528630510061789,-0.6415275389092088,-450.6761276257429,2.384185791015625e-07,0.3897760477683775,11.13561473345772,-59.63699739015447,0,0,0,0,0,0,1,1,0,0
TX001705,AC00155,-0.0722423193626102,-0.2374955310389628,-1.9502551391727645,-458.4810083292363,5.960464477539064e-08,0.1406687595850669,3.6695181333209086,-21.535579256300878,0,0,0,0,0,0,0,0,0,0
TX001640,AC00155,-0.0696919173362961,-0.1463467427619789,-1.9921379945792328,-452.25472380093,0.0,0.3575464777849532,4.161037224573943,-17.136010621052744,0,0,0,0,0,0,1,0,0,0
TX002304,AC00155,-0.0970312273074445,-0.2123946529726186,-2.7368504857443163,-445.8491134537165,0.0,0.151396126094209,3.82800180672872,-23.646132302484336,0,0,0,0,0,0,0,0,0,0
TX002158,AC00155,-0.0937709653261179,-0.2511134133602705,-2.3505455923930825,-454.3405650805782,5.960464477539064e-08,0.0573974028871198,3.2060248900059216,-25.343190133307992,0,0,0,0,0,0,0,0,0,0
TX001777,AC00156,-0.0991622006707803,-0.2278336225351926,-1.515117927976089,-473.8292417313956,0.0,0.1074745975712924,4.2071323929821824,-77.76988289296054,0,0,0,0,0,0,0,0,0,0
TX000865,AC00156,-0.1052450725304822,-0.2365091736206304,-2.39325033547048,-472.92781639340166,0.0,0.1373010821070689,4.538042579334239,-63.71762237419691,0,0,0,0,0,0,0,0,0,0
TX000345,AC00156,-0.0186422459198933,-0.1760041752013277,-2.7783827270738204,-438.7205160537218,0.0,0.5497329832618585,5.941571147636112,10.76064464557699,0,0,0,0,0,0,1,0,0,0
TX000759,AC00156,-0.0529116330044922,-0.0838165475946917,-1.6615533320621374,-400.19343920506645,0.0,0.4497383339189925,5.411797083343359,-16.121681880788376,0,0,0,0,0,0,1,0,0,0
TX000179,AC00156,-0.0380210913120643,-0.1943548952639429,-2.5396324349297803,-402.3197631515008,8.429369702178808e-08,0.3339906272360793,4.245136765232925,-18.4662982247571,0,0,0,0,0,0,1,0,0,0
TX001649,AC00157,-0.1174460509010726,-0.2743751298980461,-1.6510924513401033,-480.7735394352346,0.0,0.0317885728547146,3.862647112477184,-80.48732281329396,0,0,0,0,0,0,0,0,0,0
TX002155,AC00157,-0.0195340143856472,-0.107137494483372,-1.0639097059060063,-444.6582506204067,1.6858739404357617e-07,0.5322761954846197,6.743643298893806,-53.52971532591614,0,0,0,0,0,0,1,0,0,0
TX000940,AC00157,-0.0614216420730897,-0.2260435397471096,-2.543313053199981,-455.527722079055,0.0,0.1836646880446797,3.3044986471347326,4.846220921047401,0,0,0,0,0,0,0,0,0,0
TX001410,AC00157,-0.0988900034474986,-0.2691461450329675,-2.23948457025846,-475.980954987755,0.0,0.0376878100372264,2.92370728172379,-27.45251639516599,0,0,0,0,0,0,0,0,0,0
TX001099,AC00157,-0.003644853763145,-0.1679738750110027,-1.4004927206306217,-390.93641077220855,0.0,0.3894235985925166,4.975985570732616,5.954422654326702,0,0,0,0,0,0,1,0,0,0
TX001338,AC00158,-0.10282490754479,-0.2694954077258696,-2.110746891391825,-473.9524039846248,0.0,0.1619567736386917,4.4395135275521005,-78.9784107416339,0,0,0,0,0,0,0,0,0,0
TX000553,AC00158,-0.0742645561736358,-0.1826583402819341,-2.255195513783759,-462.8814147529183,0.0,0.3723439634348423,4.861923277658153,-56.25012829854352,0,0,0,0,0,0,1,0,0,0
TX002071,AC00158,-0.0683349684357881,-0.2163493342197946,-3.293070265046854,-403.12750594100754,0.0,0.3248260485838429,3.593231098601317,-18.5887609506365,0,0,0,0,0,0,1,0,0,0
TX001065,AC00158,-0.0907668556969623,-0.2241665409952031,-2.7054694528102843,-461.6036179006343,0.0,0.1886204223804485,3.3443825084019085,-20.89172733845501,0,0,0,0,0,0,0,0,0,0
TX001227,AC00158,-0.037342922198193,-0.2060549534496425,-3.1289149818717483,-203.0825267473569,8.429369702178808e-08,0.3274566576716989,4.906522561776082,-9.920522226136288,0,0,0,0,0,0,1,0,0,0
TX000961,AC00158,-0.0790989060512526,-0.2528393422846973,-2.5700521125276445,-459.0004185952989,5.960464477539064e-08,0.129340582019393,3.344412538619961,-24.813432485299728,0,0,0,0,0,0,0,0,0,0
TX002371,AC00158,-0.0709761099409065,-0.1965705709651095,-1.7254956771661971,-417.7192621602884,8.429369702178808e-08,0.3442808576050369,4.711701521650436,-21.08678444782209,0,0,0,0,0,0,1,0,0,0
TX000051,AC00159,-0.0860982376442431,-0.2297918036347774,-2.165022695908691,364.5096026928837,0.0,0.2443783807755112,5.066321774727734,-78.7999434221733,0,0,0,0,1,0,0,0,0,0
TX002185,AC00159,-0.0555410696043421,-0.2258794405362032,-1.9503194441791525,-455.60592531440216,0.0,0.3695749743804173,5.327374570848948,-58.78809289458223,0,0,0,0,0,0,1,0,0,0
TX000288,AC00159,-0.0910911151264326,-0.2428182793073763,-2.7722236040589667,-469.8620282338187,0.0,0.1272195378102496,3.122243945688828,-24.202961663058403,0,0,0,0,0,0,0,0,0,0
TX000743,AC00159,-0.1076001908766649,-0.2618327628991942,-2.209522317483664,-476.2933925408327,0.0,0.0421119346402536,3.0116678499017,-26.80994454697869,0,0,0,0,0,0,0,0,0,0
TX000988,AC00159,-0.1171481254844031,-0.2807051106316115,-2.30479280150389,-469.4525169548964,0.0,0.0,2.676397016511062,-27.495414307072657,0,0,0,0,0,0,0,0,0,0
TX000931,AC00160,-0.079250159171989,-0.2279082738682207,-0.7391049012663569,-442.054517904206,0.0,0.3257368542895769,6.42824450493309,-74.89896750228701,0,0,0,0,0,0,1,0,0,0
TX001233,AC00160,0.0020637883763205,-0.0751148524190861,-0.0026959522000868,-422.12852634158736,0.0,0.5417909340341,12.61157381313896,-55.43787779605368,1,1,0,0,0,0,1,1,0,0
TX000148,AC00161,-0.0403136768375784,-0.0651421650089352,-0.6751281362096417,-353.10156646761226,0.0,0.6244673703393215,10.947394749831243,-53.82167515405222,0,0,0,0,0,0,1,1,0,0
TX000900,AC00161,-0.0788026806322126,-0.2356681548824033,-1.34746490184083,-458.8189513104791,0.0,0.3605453223111309,9.34386257843249,-60.62659210587167,0,0,0,0,0,0,1,0,0,0
TX000796,AC00161,-0.1250068143662214,-0.2627144407570029,-2.6183482418592803,-473.9666639187363,0.0,0.0235070347200084,2.586878248891213,-27.09356980755689,0,0,0,0,0,0,0,0,0,0
TX000536,AC00161,0.0079314839083713,-0.0942396034406649,-1.3473525067629204,-419.2530665986772,1.1920928955078125e-07,0.5039311981319681,7.90921276567564,-13.8217993197993,1,1,0,0,0,0,1,0,0,0
TX001787,AC00162,-0.082405218267958,-0.2393747338996437,-0.3978490150478553,-469.6987282372052,0.0,0.0864376058773008,5.870496401356468,-78.53985430308884,0,0,0,0,0,0,0,0,0,0
TX001455,AC00162,-0.0527106804471367,-0.0116102094968908,0.5344312742951196,-415.6986859260172,0.0,0.5178283172272155,7.709916277460327,-47.60101522909683,0,0,0,1,0,0,1,0,0,0
TX000143,AC00163,-0.0896710698564239,-0.1529612043028814,-1.7518751061609237,-460.1056518510959,0.0,0.3952001567537543,5.795961172188711,-76.3800998721467,0,0,0,0,0,0,1,0,0,0
TX001546,AC00163,-0.0428639565584092,-0.0262264268742453,-1.887102564345934,-413.9578573020648,0.0,0.4582821784705188,6.708766926486004,-56.96954249958767,0,0,0,0,0,0,1,0,0,0
TX001132,AC00164,-0.0767770100310195,-0.2130329409170834,-1.650829639742648,-464.58136978319,0.0,0.2407315556683888,5.20236326538592,-75.73018277208695,0,0,0,0,0,0,0,0,0,0
TX001799,AC00164,-0.0904013483779475,-0.1357770467760619,-1.9192071520963816,-421.0063626215596,1.1920928955078125e-07,0.4526922546982119,7.567374022268469,-57.10855167895074,0,0,0,0,0,0,1,0,0,0
TX000742,AC00164,-0.019159763000185,-0.1307593968383473,-2.0572632650639235,-406.7514927971391,0.0,0.418684663646611,5.226931026881439,14.999513618644482,1,0,0,0,0,0,1,0,1,0
TX002142,AC00164,-0.0795055841674085,-0.1704229896835973,-2.674258792407592,-456.2048695231816,1.1920928955078125e-07,0.4209341505011926,4.945062268297099,-14.844662360960047,0,0,0,0,0,0,1,0,0,0
TX000316,AC00164,-0.0481764753212245,-0.0909894826633821,-2.6804169117350725,-429.2443834108976,0.0,0.5499224361902474,7.385810077089678,-6.484847430824459,0,0,0,0,0,0,1,0,0,0
TX001033,AC00164,-0.0470497971224485,-0.1611522651767813,-2.1932430360186697,-440.2390387293557,0.0,0.4292308610950292,5.664268020403692,-14.287682599063809,0,0,0,0,0,0,1,0,0,0
TX000763,AC00165,-0.0603902299821141,-0.2266033522808397,-0.6734177704382134,2626.13110522258,2.384185791015625e-07,0.3518265948664099,6.657409459919485,-65.11708722127402,0,0,0,0,1,0,1,0,0,0
TX001945,AC00165,-0.017836295187508,-0.1627421475571047,-0.0711926616946456,-422.30091894447895,0.0,0.5402663393459103,15.538395673808646,-59.87628252179294,0,0,0,0,0,0,1,1,0,0
TX002395,AC00165,-0.0048785131790832,-0.1189122788507892,-1.562357098378131,-397.9402645102913,0.0,0.4140127223744598,4.895523350337343,10.36481401186384,0,0,0,0,0,0,1,0,0,0
TX000360,AC00165,-0.065960432196756,-0.2417133147358343,-2.223785900355677,-413.7088119393948,0.0,0.4151405204570244,8.642755914841594,-19.11136390118444,0,0,0,0,0,0,1,0,0,0
TX002032,AC00165,-0.0751868443409459,-0.2202070497270631,-1.8477615998714416,-425.7280001272764,8.429369702178808e-08,0.1605400654739663,3.830280664144192,-19.14419829367492,0,0,0,0,0,0,0,0,0,0
TX001614,AC00165,-0.083244850067946,-0.2246116184264712,-1.346179907020847,-436.7649985804944,0.0,0.1529802324930291,4.321413939984703,-21.544488077934137,0,0,0,0,0,0,0,0,0,0
TX001654,AC00166,-0.1104643415026688,-0.2396389999710482,-1.227369555835006,-477.5500177477736,0.0,0.1132613759636827,4.821773118127137,-78.98807810237614,0,0,0,0,0,0,0,0,0,0
TX000491,AC00166,-0.0709922145929398,-0.1760260121839967,-0.7394610545647637,-457.9000175119026,0.0,0.3571408594307597,5.422860936393568,-61.88223277685517,0,0,0,0,0,0,1,0,0,0
TX001394,AC00166,0.0276357706439133,-0.1100986117236915,-0.2717507816414475,-278.3117118440864,1.6858739404357617e-07,0.5497575413137035,7.796605587480475,17.165968547830698,2,1,0,0,0,0,1,0,1,1
TX002313,AC00166,-0.0758848588597584,-0.2317795985338049,-1.8532900554957583,-464.723074032419,8.429369702178808e-08,0.1704455553045983,4.070809760419593,-23.624457686819664,0,0,0,0,0,0,0,0,0,0
TX000800,AC00166,-0.0524847762476316,-0.2173240363847741,-1.6075651771004529,-458.1197359074774,0.0,0.32512943074969,3.9021989653477953,-21.65884292542299,0,0,0,0,0,0,1,0,0,0
TX000943,AC00166,-0.0929435294667678,-0.2527242657965405,-2.600862257280287,-420.2219597829441,0.0,0.0985568406055731,4.015624264002282,-25.30389714252735,0,0,0,0,0,0,0,0,0,0
TX001329,AC00167,-0.0945444915704269,-0.2399878986972148,-1.803554731706168,-473.18114181451057,0.0,0.2214276796947684,6.037456100459093,-80.45221368984937,0,0,0,0,0,0,0,0,0,0
TX000511,AC00167,-0.0930391108264294,-0.0837540582094229,-2.7978254272989584,-459.6954618824638,0.0,0.4783999481575248,5.769293041111877,-61.45733091769422,0,0,0,0,0,0,1,0,0,0
TX001370,AC00167,-0.0663342632624533,-0.1301628376123762,-2.2530194405586013,-461.2942692852142,0.0,0.4207920387138616,4.908985919545192,-16.305819027305667,0,0,0,0,0,0,1,0,0,0
TX001834,AC00167,-0.0680383561372788,-0.1688365816337109,-2.5790410541204416,-470.8660891924727,0.0,0.3651209726691248,4.63220528853903,2.139183951531177,0,0,0,0,0,0,1,0,0,0
TX002285,AC00167,-0.1138133092772935,-0.2708203437113549,-2.313595839623888,-459.1800080925945,0.0,0.0583083168265074,3.0667866577715657,-25.764945227057,0,0,0,0,0,0,0,0,0,0
TX001897,AC00168,-0.0687953110135192,-0.1598064450855545,-1.2664403943326974,-420.34897692380486,0.0,0.289328473088722,4.931369692772834,-69.97224189995787,0,0,0,0,0,0,0,0,0,0
TX000838,AC00169,-0.0577203256588984,0.0220148346923398,-0.2889577779403858,-451.0403947857477,1.1920928955078125e-07,0.3966493157097751,6.413922519472337,-69.1852728681134,1,0,1,0,0,0,1,0,0,0
TX001877,AC00169,-0.0277700367428002,-0.0187711283196063,-0.8649725787901055,-436.9912605895333,0.0,0.5235705379392157,6.525912339753276,4.734612321433769,0,0,0,0,0,0,1,0,0,0
TX000105,AC00170,-0.1073517287209777,-0.2395778203751746,-1.3332919469604718,-475.4036611607952,0.0,0.0887775372890095,4.509617679635998,-79.41909716380039,0,0,0,0,0,0,0,0,0,0
TX000587,AC00170,-0.0698929932545264,-0.2171516812144982,-1.0403459603787155,-459.1656243733749,1.1920928955078125e-07,0.1668303433492765,4.152136164915988,-57.81637144882519,0,0,0,0,0,0,0,0,0,0
TX000967,AC00170,-0.0734210522940786,-0.2356783332080854,-0.949216586438931,-458.3037160624328,0.0,0.1535210960682095,3.962993687215275,-14.705285111645765,0,0,0,0,0,0,0,0,0,0
TX000619,AC00170,-0.066607191175054,-0.2663962639305736,-2.121520365595199,-458.8591461024248,0.0,0.0451092121865083,3.927356551631077,-23.93976056109833,0,0,0,0,0,0,0,0,0,0
TX000641,AC00170,-0.092586980397128,-0.2342920514619362,-1.311094400734614,-467.3716324407717,0.0,0.1475871315428556,4.2401534034612185,-24.406516764789227,0,0,0,0,0,0,0,0,0,0
TX002455,AC00170,-0.0838637739046115,-0.266754581373554,-1.646439194180294,-474.1143177735818,0.0,0.052033508699314,3.743159055422972,-28.240571739077545,0,0,0,0,0,0,0,0,0,0
TX001214,AC00170,0.0526817026843572,-0.0073168556267766,0.135413847393071,447.0393949979454,0.0,0.688045695012388,8.418376212034788,20.88389818000088,2,1,0,1,1,0,1,0,1,1
TX000270,AC00171,-0.11079033387794,-0.2590814242480462,-1.0678982806642343,-477.76831391937503,8.429369702178808e-08,0.0589155670963752,4.815868983720551,-79.76871887200434,0,0,0,0,0,0,0,0,0,0
TX001659,AC00171,-0.0568952255377004,-0.0979581176372712,-1.2446927567757609,-458.49131930621934,1.1920928955078125e-07,0.4398026777006528,6.278097536597642,-59.851804793125446,0,0,0,0,0,0,1,0,0,0
TX000915,AC00171,-0.0985861815716603,-0.2321611955329685,-2.5680102783747643,-467.2170814202378,0.0,0.1819188325752718,6.362567062157103,-4.808723042775174,0,0,0,0,0,0,0,0,0,0
TX000342,AC00171,-0.0954397525631892,-0.2389105284781987,-1.764082954490254,-461.7677163480374,0.0,0.1187534729297813,3.5787737305449925,-21.428973403322257,0,0,0,0,0,0,0,0,0,0
TX001411,AC00171,-0.0324616257622325,-0.21633504199168,-1.039247711416488,-413.9480069985369,8.429369702178808e-08,0.1823265150436007,4.034016162434842,8.154679986362144,0,0,0,0,0,0,0,0,0,0
TX002029,AC00172,-0.0756455347006511,-0.2386833910488695,-1.3727698185621282,477.9414236657316,0.0,0.5177819491752821,10.489078837157832,-75.2448567703564,0,0,0,0,1,0,1,0,0,0
TX002485,AC00172,-0.0817423094095615,-0.2061428149243196,-3.136240310627945,-467.5709530708347,0.0,0.3214320347415026,4.213420152483499,-63.2777757850113,0,0,0,0,0,0,1,0,0,0
TX001549,AC00172,0.0069861884121386,-0.0396654624989698,-0.5333944189585793,-368.47814338236543,0.0,0.5901033959196006,7.890393085155198,18.593358999127343,2,1,0,0,0,0,1,0,1,1
TX002039,AC00172,-0.0343610244419268,-0.165470896369906,-1.9585280214815344,-434.65513428560894,0.0,0.3845145513148563,5.084547911419549,-15.035018644107073,0,0,0,0,0,0,1,0,0,0
TX001591,AC00172,0.0102637459276848,-0.1249635184830251,-1.6312033677706277,4.802933657773963,0.0,0.4432900334589733,6.48418321041666,45.91562711138988,2,1,0,0,1,0,1,0,1,1
TX000713,AC00173,-0.0955020309082327,-0.2483653642257779,-1.6177446584343151,680.3500538206886,0.0,0.2103873176748145,6.22611469193931,-75.1075509140263,0,0,0,0,1,0,0,0,0,0
TX000527,AC00173,-0.0721923104558694,-0.1942294460728511,-2.6074422951410696,-468.4378840913358,0.0,0.417877934456439,5.5650820579189535,-62.60007837562642,0,0,0,0,0,0,1,0,0,0
TX000847,AC00173,-0.1254784549509577,-0.2411551124694415,-3.334259954228786,-478.8571673274847,0.0,0.0991391003482894,3.181015916999744,-25.974266114796,0,0,0,0,0,0,0,0,0,0
TX001061,AC00173,-0.0668893519522811,-0.2000941682909027,-3.054894644672414,-457.2541115799066,1.1920928955078125e-07,0.4549734534437643,6.687872268840802,-14.376508359289428,0,0,0,0,0,0,1,0,0,0
TX001017,AC00174,-0.1157431243073163,-0.2215649104227519,-1.5265657303367846,-468.1462141066147,5.960464477539064e-08,0.2182726992473916,3.893670390882355,-74.71973046372233,0,0,0,0,0,0,0,0,0,0
TX000962,AC00174,-0.021057929352137,-0.0664388806257416,-1.612838004836053,-387.77185907989866,0.0,0.5410889363835009,6.580383593489394,10.037025984186853,0,0,0,0,0,0,1,0,0,0
TX000156,AC00174,-0.0947277947095428,-0.2481962610386945,-2.1672877060360225,-469.6632669451041,5.960464477539064e-08,0.0955720087686416,3.1082606333930283,-22.76688026237689,0,0,0,0,0,0,0,0,0,0
TX001470,AC00174,-0.0532946107412163,-0.2571237411730211,-1.913917210827956,-456.94905110189615,0.0,0.072569564418355,3.361694365545656,-21.88837480280704,0,0,0,0,0,0,0,0,0,0
TX001426,AC00175,-0.090064229683321,-0.2146153427380388,-1.3381519321115398,-459.6612301912814,0.0,0.268950249694063,7.326601376394893,-74.76739462146637,0,0,0,0,0,0,0,0,0,0
TX001340,AC00175,-0.0402872770341405,-0.0883805510524922,-2.283756493337467,-333.7954046379623,1.1920928955078125e-07,0.4866477036258416,5.890995363681096,-57.39769604838413,0,0,0,0,0,0,1,0,0,0
TX001167,AC00175,-0.0546324665187059,-0.2218392996661018,-1.9048226117770335,-446.08143366587217,1.1920928955078125e-07,0.3897909128691881,6.736713926103061,6.604022982286868,0,0,0,0,0,0,1,0,0,0
TX000236,AC00175,-0.0210376136872766,-0.1953497700355928,-2.7040615570986795,-453.372391817072,0.0,0.190557134084501,4.560580647593089,9.66514484765855,0,0,0,0,0,0,0,0,0,0
TX001696,AC00175,-0.0765612143325665,-0.2203933521657293,-2.814186851000242,-352.9748956830474,0.0,0.1865821558590552,3.537745662841998,-20.147594304817364,0,0,0,0,0,0,0,0,0,0
TX000715,AC00175,-0.0259037059579959,-0.1377651056031823,-1.325000114769109,-382.5822626903266,8.429369702178808e-08,0.3440347520722021,4.551235699574379,-11.464424257925518,0,0,0,0,0,0,1,0,0,0
TX001631,AC00175,-0.0924638939025109,-0.2499268358672126,-1.876211425793242,-399.0433708585382,0.0,0.1168684043377608,3.5164681990250504,-19.76749832916484,0,0,0,0,0,0,0,0,0,0
TX000645,AC00176,-0.084610028906334,-0.138847165457703,-1.3882636982953631,-459.6879340408785,0.0,0.3028597844921414,5.403189672985389,-73.74858602387228,0,0,0,0,0,0,0,0,0,0
TX002378,AC00176,-0.077823729246138,-0.1674699116019629,-1.275215991057328,-460.2805057739781,8.429369702178808e-08,0.3680144896601561,4.9692318606952615,-61.02572405093676,0,0,0,0,0,0,1,0,0,0
TX001550,AC00176,-0.0561802050106791,-0.2191606792937301,-2.135234405083141,-444.84660219652864,0.0,0.3707351308111772,6.22816108696734,-12.077478149633198,0,0,0,0,0,0,1,0,0,0
TX002407,AC00176,-0.0776776435527714,-0.1860836146234046,-1.7124667520502932,-456.2186738170464,0.0,0.3801679617540957,4.565532651273806,-15.802634920497855,0,0,0,0,0,0,1,0,0,0
TX000128,AC00176,-0.0352106051947853,-0.1180080030255565,-2.105537060728043,-438.7897872818653,0.0,0.4580834822839228,8.600748257571203,-2.044001348967113,0,0,0,0,0,0,1,0,0,0
TX001266,AC00176,0.0385768327060033,0.0371701165701119,-0.2292644740617166,-248.12349082677807,0.0,0.5520494715785716,7.448484501089556,21.98311112607193,3,1,1,0,0,0,1,0,1,1
TX000889,AC00176,-0.0784112174984308,-0.2545283028695518,-1.715432219583498,-425.5029590230624,1.1920928955078125e-07,0.085771047065869,3.752881490606057,-21.466942583684688,0,0,0,0,0,0,0,0,0,0
TX000987,AC00176,-0.0705075175349264,-0.2161534960214399,-2.0275358784728628,-416.9940168343226,0.0,0.1882680513532867,4.128474575909428,-23.385495230515957,0,0,0,0,0,0,0,0,0,0
TX002394,AC00177,-0.0797253680535748,-0.225128866552805,-1.495874896577261,-366.0448920735516,0.0,0.1714839219554112,4.282335918848264,-74.8885726491255,0,0,0,0,0,0,0,0,0,0
TX002278,AC00177,-0.0850498111540968,-0.1489697380329953,-0.2264220557325416,-115.66606810472472,0.0,0.6042928862151171,5.036645257513059,-7.935321037419834,0,0,0,0,0,0,1,0,0,0
TX000289,AC00177,-0.0788393379722143,-0.1946285204357574,-2.8851530065753863,-464.0934058772141,0.0,0.3482125692629159,4.249442859096085,-21.70862272151837,0,0,0,0,0,0,1,0,0,0
TX000466,AC00177,-0.0766354372733332,-0.1902158722935281,-2.6144837370018195,-449.2897219932611,0.0,0.4044264183322186,7.806920819114597,0.1076315801715746,0,0,0,0,0,0,1,0,0,0
TX000409,AC00177,-0.1089180619582862,-0.2724414931809544,-2.8542478482787885,-466.9764147313076,0.0,0.0,2.624612455134949,-27.358486273090502,0,0,0,0,0,0,0,0,0,0
TX000136,AC00177,-0.1072892073688136,-0.2502606475955347,-2.1440370005640723,-463.8291638750736,0.0,0.0,3.5333521512918247,-24.520105232225912,0,0,0,0,0,0,0,0,0,0
TX000237,AC00177,-0.0701274338169935,-0.2286019911053367,-2.7085829092068376,-436.8639511368553,0.0,0.3271529256009718,5.049940452145869,-23.513814469220808,0,0,0,0,0,0,1,0,0,0
TX000371,AC00177,-0.0324794857896721,-0.2118316718849262,-1.6173836019314063,-367.1033079798883,0.0,0.1773459975490244,4.165475388921302,5.199160986545021,0,0,0,0,0,0,0,0,0,0
TX002013,AC00177,-0.0446126116685307,-0.1653180343200258,-2.2001062709414594,-351.3266268430659,8.429369702178808e-08,0.3743303883002397,4.496577770897305,-14.562422122093016,0,0,0,0,0,0,1,0,0,0
TX000267,AC00178,-0.0334609390569698,0.0189416537345472,-0.5177185265721356,-418.59540696086646,1.1920928955078125e-07,0.3784942931841165,5.93260803187874,-66.37627060292124,1,0,1,0,0,0,1,0,0,0
TX000100,AC00178,-0.0822705767611888,-0.124793107166879,-1.497981268070907,-461.4457420747116,8.429369702178808e-08,0.40776661526545,5.338053932345799,-58.97625940598505,0,0,0,0,0,0,1,0,0,0
TX001496,AC00178,-0.0574687255705507,-0.1999629168555532,-2.58834341658576,-458.8782774574252,1.1920928955078125e-07,0.4301027899711901,6.375222292350257,2.8037310158691526,0,0,0,0,0,0,1,0,0,0
TX001194,AC00178,-0.0886089572306141,-0.2527570799857918,-1.6505095193572237,-468.5293311342429,5.960464477539064e-08,0.1073275194213796,3.551967749770716,-25.045122817534565,0,0,0,0,0,0,0,0,0,0
TX001482,AC00178,-0.0550537244203398,-0.2661875906675297,-1.720862158321994,-442.4612705513763,0.0,0.104280069716767,3.3268536990542925,-17.92231483182417,0,0,0,0,0,0,0,0,0,0
TX001425,AC00179,-0.0863140412887545,-0.1484915941634346,-1.4544923671541137,-460.6183121211717,1.1920928955078125e-07,0.3063779795722195,5.120674725838816,-74.20279980861797,0,0,0,0,0,0,0,0,0,0
TX002068,AC00179,-0.0115271451917126,0.0103287662895794,0.8277686756001117,-340.39693039831894,2.384185791015625e-07,0.6250571977154887,9.1559402755646,-46.80969977976403,1,0,1,1,0,0,1,0,0,0
TX002484,AC00179,-0.0166985389023094,-0.2030956792317053,-1.8412335667375888,-405.4765687174417,1.6858739404357617e-07,0.4266290045951969,5.978733469395637,7.926588550432438,0,0,0,0,0,0,1,0,0,0
TX000913,AC00179,-0.0538970705485112,-0.2055632593276239,-2.632853277302805,-446.830798111643,0.0,0.1834487697130369,4.086059493068484,-24.70144685098835,0,0,0,0,0,0,0,0,0,0
TX001439,AC00179,0.005856107353191,0.0109969639309488,1.0167601295327984,1532.0238258511824,1.6858739404357617e-07,0.5821995312179483,10.474880347584438,40.54694023091338,3,1,1,1,1,0,1,0,1,1
TX001804,AC00179,-0.0261163754512545,-0.1488070725290085,-0.7117953385624798,-251.52496971605024,0.0,0.4673226365812036,6.850270292506855,-3.34333557424586,0,0,0,0,0,0,1,0,0,0
TX000828,AC00180,-0.0536739896585581,0.053252824751641,-0.503084971477584,-451.2334644187374,1.1920928955078125e-07,0.4601160688865928,5.91436452213401,-61.8566660513606,1,0,1,0,0,0,1,0,0,0
TX002052,AC00181,-0.0918018008191177,-0.2265967023062649,-2.1731650155221853,-475.6531106112182,8.429369702178808e-08,0.2096471552346367,4.06207596751053,-78.73645147508117,0,0,0,0,0,0,0,0,0,0
TX001889,AC00181,-0.1021225665368602,-0.2329391519961265,-1.7426164226691672,-469.87233840812206,0.0,0.3231762545008745,5.282305244375718,-63.14495087419324,0,0,0,0,0,0,1,0,0,0
TX000207,AC00181,-0.023339196742422,-0.2265028251516763,-1.8073078291962703,-393.8297358497889,0.0,0.3668231259197221,7.131615704535506,8.773346470494342,0,0,0,0,0,0,1,0,0,0
TX001772,AC00181,-0.0949720318612861,-0.2446949534223883,-1.6421887760319611,-457.1318364605317,5.960464477539064e-08,0.1274497193779751,3.654546516343847,-21.801251577630705,0,0,0,0,0,0,0,0,0,0
TX000737,AC00181,-0.0800446310554931,-0.2187658888303703,-1.9828569224555077,-446.4308234530417,0.0,0.1882680513532867,4.694495934550766,-22.113407031085647,0,0,0,0,0,0,0,0,0,0
TX000942,AC00182,-0.0954551918981789,-0.2399650616670268,-1.5435790417418218,-469.5062497477104,0.0,0.2170406960648972,6.522424089103176,-82.1443287989575,0,0,0,0,0,0,0,0,0,0
TX000166,AC00182,0.0218767947005389,0.4840247971601719,4.2789779290767,-135.10639701026128,9.34975938954548,0.775074507131873,13.403164369249572,-3.806267004596259,2,1,1,1,0,1,1,1,0,1
TX002496,AC00182,-0.0746724603184618,-0.224590054867189,-2.782672566397956,-453.5229920200446,0.0,0.1644334751777994,3.5434867724102874,5.1607106259963125,0,0,0,0,0,0,0,0,0,0
TX000429,AC00182,-0.0627589683449119,-0.2259469123685704,-2.0006460745642816,-404.8892371879278,0.0,0.4857235726395721,8.908752899304762,-8.017164051206061,0,0,0,0,0,0,1,0,0,0
TX000678,AC00182,-0.0690974937954337,-0.2269614686051844,-3.0841992923479307,-397.3361166056969,0.0,0.3295122725808296,3.4070870833462297,3.3579765909371737,0,0,0,0,0,0,1,0,0,0
TX000660,AC00182,-0.0879251502016622,-0.2556512286281601,-2.702984653191324,-468.7599883385984,5.960464477539064e-08,0.0504536055065969,3.3402899360602847,-26.00859996564022,0,0,0,0,0,0,0,0,0,0
TX000871,AC00182,-0.0714105531206427,-0.1516257891571342,-1.877588319686943,-372.6863930705027,2.384185791015625e-07,0.5109785779684834,8.671809341163362,-6.12140568498678,0,0,0,0,0,0,1,0,0,0
TX000465,AC00182,-0.060956048114729,-0.2093437583914319,-2.770304849961871,-399.4859772181076,0.0,0.1643760143565915,4.505701796353031,-19.38497896452613,0,0,0,0,0,0,0,0,0,0
TX000621,AC00183,-0.093422900387125,-0.2550439788195942,-1.96570845055914,-471.5185679069622,0.0,0.1386456111304169,4.968328200807955,-77.6817573318707,0,0,0,0,0,0,0,0,0,0
TX002280,AC00183,-0.1063212623799396,-0.1764681945450763,-2.8632363902998392,-464.4257805511062,0.0,0.3765693419274414,4.50780138319514,-60.4528163660778,0,0,0,0,0,0,1,0,0,0
TX002389,AC00183,-0.0643180010676497,-0.1826341089078484,-0.9387485763643592,-386.4078763699249,0.0,0.5559999015875712,9.382359776109876,-11.377874062682304,0,0,0,0,0,0,1,0,0,0
TX000539,AC00183,-0.0899223333728603,-0.2531683488246727,-2.3443439112269164,-478.4273149420184,5.960464477539064e-08,0.0599757786930912,3.3499741425491583,-28.095145732946456,0,0,0,0,0,0,0,0,0,0
TX001781,AC00183,-0.0825052747967067,-0.2356860893764554,-2.961190435503198,-461.2069650814117,0.0,0.3386045902508978,4.549930306933238,-24.298697553556668,0,0,0,0,0,0,1,0,0,0
TX001005,AC00183,-0.0785599926261824,-0.2178418917913525,-1.559008326435114,-429.4433188479663,0.0,0.1660540782323551,4.084670907444758,-20.81708254847601,0,0,0,0,0,0,0,0,0,0
TX001908,AC00184,-0.1200001425080503,-0.2360297804556941,-2.228460370317117,-469.0040231289016,0.0,0.1970186521112933,5.640451014653375,-78.31145983947864,0,0,0,0,0,0,0,0,0,0
TX001031,AC00184,-0.0703668965779915,-0.1557972177519067,-2.656293891951929,-464.2040476016792,0.0,0.3651209726691248,5.374928064934258,-61.22031257972272,0,0,0,0,0,0,1,0,0,0
TX001271,AC00184,-0.0488933278276852,-0.1438536576819984,-2.043775963223334,-462.788732948908,0.0,0.3674743524324316,4.893295192294927,-17.10016487811452,0,0,0,0,0,0,1,0,0,0
TX000601,AC00184,-0.0634496600297897,-0.2608131588376543,-2.1814822353296446,-453.0243942965795,0.0,0.0602602940604731,3.383213027705193,-23.105983712927785,0,0,0,0,0,0,0,0,0,0
TX001900,AC00185,-0.0424586724136659,-0.2463895249126138,-0.4966887743809316,2995.398905307666,0.0,0.3784733651935789,6.979652266504782,-65.20874310685446,0,0,0,0,1,0,1,0,0,0
TX001657,AC00185,-0.022710232728471,-0.1991654979405899,-0.0003144689176775,-420.3810464499938,3.371747880871523e-07,0.4347261423098885,15.748566798643145,-59.1459188783017,0,0,0,0,0,0,1,1,0,0
TX001350,AC00185,-0.050758158348284,-0.1845105109978062,-2.1683516722612755,-450.588629986365,0.0,0.330035632308137,4.91453103124341,-22.16297225793661,0,0,0,0,0,0,1,0,0,0
TX000849,AC00185,-0.0169730878416658,-0.2053041407899951,-2.06153776680026,-427.88460274897193,8.429369702178808e-08,0.3667702690815949,4.076325520189174,-16.98774230615655,0,0,0,0,0,0,1,0,0,0
TX000968,AC00185,-0.0945090163627553,-0.2516856810960995,-1.7935701300740146,-313.73854344966185,5.960464477539064e-08,0.1388701772474831,3.602208452596882,-17.161285332770536,0,0,0,0,0,0,0,0,0,0
TX001709,AC00185,-0.0674371345737693,-0.2012889263937951,-1.16281255279511,-298.0847375418401,0.0,0.331119158375767,4.666457703435225,-14.055870275114804,0,0,0,0,0,0,1,0,0,0
TX002031,AC00186,-0.0849763797191227,-0.1431010013283935,-1.7674597468951223,-464.691231865886,0.0,0.331494918515612,3.847171087329059,-72.18394293166041,0,0,0,0,0,0,1,0,0,0
TX002118,AC00186,-0.0432899386752874,-0.1441781202850827,-1.9102437152855547,-447.6583959263753,0.0,0.3851616417689261,4.632543932987997,-54.006254248749215,0,0,0,0,0,0,1,0,0,0
TX002330,AC00187,-0.1147582113690911,-0.2634627345110223,-2.248355699563973,-474.6248676231807,0.0,0.0,3.865858262433112,-77.679349321465,0,0,0,0,0,0,0,0,0,0
TX001314,AC00187,-0.1201031191895995,-0.2334572803052825,-2.8177602479089803,-471.5860729970557,5.960464477539064e-08,0.1008519769570438,3.463358367868724,-63.29530955784891,0,0,0,0,0,0,0,0,0,0
TX000954,AC00187,-0.0196134546307816,-0.0542303749993902,-0.6618556503047408,-424.92580242260095,0.0,0.5007804691133145,6.422224731485556,5.508847007811138,0,0,0,0,0,0,1,0,0,0
TX001966,AC00187,-0.0856657650857776,-0.24673622481308,-1.904452489288076,-464.5783394862118,0.0,0.1324361009631901,3.40217077789265,-24.088290645259608,0,0,0,0,0,0,0,0,0,0
TX000334,AC00187,-0.0675635059656612,-0.2153285692875803,-1.8154089108245977,-461.5744496693338,0.0,0.1709451687933691,4.154197943509113,-23.461417079381317,0,0,0,0,0,0,0,0,0,0
TX001817,AC00188,-0.1257493324191133,-0.2518141603252284,-1.7945818050188542,-478.07749735862336,8.429369702178808e-08,0.1274290197653507,3.688173706394012,-80.43142444148171,0,0,0,0,0,0,0,0,0,0
TX000383,AC00188,-0.0744854247786657,-0.2344538951185346,-1.7274713032658775,-462.392133360953,0.0,0.1656128045167346,4.100281149634778,-62.23419632791965,0,0,0,0,0,0,0,0,0,0
TX000823,AC00188,-0.0684916071910083,-0.1829370965688321,-1.02804547980155,-445.63367093135054,8.429369702178808e-08,0.1736883359569975,4.188602836429321,-17.326938720875425,0,0,0,0,0,0,0,0,0,0
TX000575,AC00188,-0.0706692625147756,-0.2260289890928948,-1.4366796358061578,-455.64170468245,8.429369702178808e-08,0.1695563505992832,4.669750845811342,-22.79112187673874,0,0,0,0,0,0,0,0,0,0
TX001987,AC00188,-0.0811947380848122,-0.2263209254696467,-1.057778237915306,-461.5510568696268,0.0,0.1669264510686597,4.153141056516108,-23.49219255330215,0,0,0,0,0,0,0,0,0,0
TX001728,AC00189,-0.0705570604042972,-0.0934071942730709,-1.9287272720575768,980.4770862840676,1.6858739404357617e-07,0.4616977857299212,7.790948705750075,-77.44789509174052,0,0,0,0,1,0,1,0,0,0
TX002182,AC00189,-0.0610497837657887,-0.24491407904345,-0.8723706395226944,-458.1673547387404,0.0,0.4153742918308209,11.337147125611644,-64.68801840597047,0,0,0,0,0,0,1,1,0,0
TX001104,AC00189,-0.050255297774894,-0.2117896338754126,-2.6161359597075773,-432.5222077420909,5.960464477539064e-08,0.1876282636451069,3.4478056078514867,5.523790927704152,0,0,0,0,0,0,0,0,0,0
TX001970,AC00189,-0.015038846672529,-0.1359895948511447,-0.868086401390542,-406.26273525085975,0.0,0.484908534608235,5.443288766164974,11.184583076108478,0,0,0,0,0,0,1,0,0,0
TX000293,AC00189,-0.1073117221485294,-0.2600455732553128,-3.132958537064722,-465.5551245016155,0.0,0.0265069810156515,3.02308881017231,-28.471724487092008,0,0,0,0,0,0,0,0,0,0
TX001006,AC00190,-0.0940128062737797,-0.2385544073432184,-0.3141786533444648,-471.4285619130091,0.0,0.1632192126419919,6.135875474661722,-79.37112664218988,0,0,0,0,0,0,0,0,0,0
TX001972,AC00190,-0.062657319272371,-0.0944504838883699,-0.7364277634173533,-381.89764324789707,1.1920928955078125e-07,0.427632830358572,7.550580517401868,-62.78705061670135,0,0,0,0,0,0,1,0,0,0
TX002385,AC00190,-0.0402914358823737,-0.2127717949325454,-1.625172790068662,-351.356036563186,0.0,0.4886343166390469,6.40307283207887,9.802638374911089,0,0,0,0,0,0,1,0,0,0
TX000758,AC00190,-0.0651845698544985,-0.1766519875168055,-2.549943706734421,-461.28841479192,0.0,0.3523948100252546,4.238502003500159,-23.057320552862677,0,0,0,0,0,0,1,0,0,0
TX002108,AC00190,-0.1019951384675574,-0.2667473568158729,-1.9822033214778096,-443.7548557150648,5.960464477539064e-08,0.0500422010395936,3.348147410526869,-22.03182975491502,0,0,0,0,0,0,0,0,0,0
TX001058,AC00191,-0.028193661060178,0.1888287336384935,0.000324980606992,-427.62006527207006,0.0,0.48545120757925,6.556913083116634,-57.43941373219732,1,0,1,1,0,0,1,0,0,0
TX002283,AC00191,-0.0996243871072432,-0.2243857596926499,-1.163940665549406,-455.4336215209573,0.0,0.4210032554236125,5.642054041499324,-63.19226877154341,0,0,0,0,0,0,1,0,0,0
TX002316,AC00191,-0.04751457427437,-0.0936731086210109,-0.0204073614861268,-424.9722481065782,0.0,0.4416495385767883,6.8114361517289455,-7.54482056702307,0,0,0,0,0,0,1,0,0,0
TX001047,AC00192,-0.1215189701433751,-0.2631729576576177,-2.176980487817744,-479.2394882871971,0.0,0.0,4.009326494196105,-80.50053747228884,0,0,0,0,0,0,0,0,0,0
TX000580,AC00192,-0.0864891309788088,-0.2257254725799751,-2.8809669777785416,-473.14922384532144,0.0,0.1451566473300235,3.794319387318405,-60.298330788703616,0,0,0,0,0,0,0,0,0,0
TX000362,AC00192,-0.0662024851911916,-0.1470579086978969,-2.3958374531351723,-440.6566371359745,0.0,0.5077867846797327,6.632363710530275,6.010194373912935,0,0,0,0,0,0,1,0,0,0
TX001893,AC00192,-0.0739219736693342,-0.1687941507878361,-2.8081828692082773,-454.7485086660269,0.0,0.4127381353816213,5.021413629061965,-19.227294932575177,0,0,0,0,0,0,1,0,0,0
TX001464,AC00193,-0.1034663308340188,-0.270975138675595,-1.2019863540988922,-477.25993730215873,8.429369702178808e-08,0.0637727240502539,4.678607382410807,-79.21544480163165,0,0,0,0,0,0,0,0,0,0
TX001723,AC00193,-0.0804912005701599,-0.2249164545492072,-1.7993857888798317,-459.4755768117556,0.0,0.4258922491512148,4.960891828619931,-64.67837967881029,0,0,0,0,0,0,1,0,0,0
TX000323,AC00194,-0.1277008201351093,-0.2705080487078094,-0.748803315185727,-477.1021064154991,0.0,0.0,5.536229186984597,-80.44911716180832,0,0,0,0,0,0,0,0,0,0
TX000263,AC00194,-0.0716110770301839,-0.220580241785318,-0.9546317448595864,-457.71399082673474,0.0,0.1491174719307127,4.518735913599224,-60.30064330853409,0,0,0,0,0,0,0,0,0,0
TX002358,AC00194,0.014846625898545,-0.1723196988117075,-1.2401955042032142,-294.7114654921365,0.0,0.5420193234655912,4.778646837621801,8.58656957627942,1,1,0,0,0,0,1,0,0,0
TX002408,AC00194,-0.0541770230408951,-0.2162859305113822,-2.1482243609485305,-435.3056761078042,0.0,0.3210758648956044,4.330723076663866,-22.8755019762464,0,0,0,0,0,0,1,0,0,0
TX001024,AC00194,-0.0693661408017141,-0.1656515212369997,-1.6072911196299329,-457.56464081161965,0.0,0.3714908006250128,4.531632273852543,-21.320779224176096,0,0,0,0,0,0,1,0,0,0
TX001975,AC00195,-0.0664430328920575,-0.2334756823707164,-1.7718173702525686,1097.0743037289178,1.1920928955078125e-07,0.3234120190889051,6.888988931591121,-73.33385868542702,0,0,0,0,1,0,1,0,0,0
TX002366,AC00195,-0.0904260795306492,-0.2048949467586545,-2.783350050515889,-470.8267696654515,0.0,0.3807376053491125,6.150337216885068,-65.45861038582706,0,0,0,0,0,0,1,0,0,0
TX001634,AC00196,-0.0565248114516659,-0.2382772321778934,-0.7569836657937632,-435.1516925552136,0.0,0.3518265948664099,6.84251390578377,-74.61041065497929,0,0,0,0,0,0,1,0,0,0
TX001941,AC00196,-0.027866155348238,-0.2194369776803206,-0.6787150557769888,-438.9494436725559,0.0,0.4734242264883793,12.050572208864043,-60.29043613191722,0,0,0,0,0,0,1,1,0,0
TX001207,AC00196,-0.0533196620942772,-0.2145474101548383,-2.2588273951624984,-457.1572578822622,0.0,0.16667820088016,5.725293870411105,-20.903958449937694,0,0,0,0,0,0,0,0,0,0
TX000428,AC00196,-0.0463143722345081,-0.1789587468181832,-2.141644186532682,-441.865005897877,0.0,0.363629014595529,4.273185666289505,-17.87396903695043,0,0,0,0,0,0,1,0,0,0
TX001096,AC00196,-0.0564467518133263,-0.2468246686778759,-1.9009813724915168,-399.3914504489496,0.0,0.1461988829102536,3.809800317223316,-13.346464494586062,0,0,0,0,0,0,0,0,0,0
TX000789,AC00196,-0.0545137421512614,-0.1954786397632533,-1.8957384461054636,-368.1210328747872,0.0,0.3222534053948531,3.994606375784081,-11.59392689905356,0,0,0,0,0,0,1,0,0,0
TX001837,AC00197,-0.1066510455248285,-0.2110865382325462,-0.9807724198841824,-467.5169325035985,0.0,0.1862634507877506,5.4684319723864565,-75.36394500910137,0,0,0,0,0,0,0,0,0,0
TX001712,AC00197,-0.0110000928349417,-0.1280854599438323,-1.821448189398632,-396.6036696493335,0.0,0.5197147300563739,5.253764716213404,-51.04886396114851,0,0,0,0,0,0,1,0,0,0
TX002270,AC00197,-0.0797572493601225,-0.2425412141211562,-1.4757814617504028,-466.3023565723797,0.0,0.1329042246980453,4.00476883874679,-25.844019046147263,0,0,0,0,0,0,0,0,0,0
TX001721,AC00197,-0.0787894206294548,-0.2303696684631231,-1.491311269198679,-461.61344493047375,0.0,0.1442713087656934,4.09171184429192,-21.843196498180955,0,0,0,0,0,0,0,0,0,0
TX000225,AC00198,-0.056077418523534,-0.1616362911476592,-0.2620493857232127,-155.27378022537232,0.0,0.6286329548831066,5.385393438959604,-55.41318493315887,0,0,0,0,0,0,1,0,0,0
TX001484,AC00198,-0.0384292475583719,-0.0150743557042649,-1.7233468590206336,-440.8625812650484,1.1920928955078125e-07,0.5054714570035351,6.3173593277782265,-58.66600705841982,0,0,0,0,0,0,1,0,0,0
TX000007,AC00199,-0.0669410628658136,-0.1761773990806536,-0.4460214447207935,-447.9244165047487,1.1920928955078125e-07,0.229628967245373,6.184596503468874,-55.56278118931868,0,0,0,0,0,0,0,0,0,0
TX001083,AC00200,-0.0649784230222732,-0.1344679778977124,-1.3561140831199037,-448.81842221910114,8.429369702178808e-08,0.3373850315796395,4.744066980556537,-59.58513791037739,0,0,0,0,0,0,1,0,0,0
TX000933,AC00200,-0.038525826715467,-0.0815812582962205,-0.9628355317164684,-438.2413890273515,0.0,0.3988730964459355,4.817894635517749,12.917250967375235,1,0,0,0,0,0,1,0,1,0
TX001082,AC00200,-0.0882135591106926,-0.1754257226452513,-1.809622990565531,-462.0732445558557,0.0,0.4205873625331979,5.8160402638267055,-9.410998469110789,0,0,0,0,0,0,1,0,0,0
TX000462,AC00200,-0.0173630021406181,-0.1697573677619972,-2.5740627941253944,-435.4505241840738,1.6858739404357617e-07,0.4871683552605669,4.494151303016645,6.555825239241312,0,0,0,0,0,0,1,0,0,0
TX001294,AC00200,-0.0938667596137247,-0.195757916237653,-1.532472120633667,-455.8022811473051,0.0,0.1841303764373964,3.92784144450522,-21.672287717313896,0,0,0,0,0,0,0,0,0,0
TX001745,AC00200,-0.0463114907938397,-0.2372228631662456,-2.4583408863494487,-434.79190407082586,0.0,0.175045865019858,3.6351595802351193,-20.20866865692891,0,0,0,0,0,0,0,0,0,0
TX000317,AC00200,-0.0886036376632145,-0.2419821169980769,-1.6906970300992494,-430.36018612291247,5.960464477539064e-08,0.1366397740366247,3.633850729788537,-22.746548076102155,0,0,0,0,0,0,0,0,0,0
TX000709,AC00201,-0.088102130026189,-0.2540084299433488,-2.1223066172273715,-13.791562029389013,5.960464477539064e-08,0.1558940534472425,3.848452029984047,-77.38884998661952,0,0,0,0,0,0,0,0,0,0
TX000762,AC00201,-0.0741215073415006,-0.0392564886451649,-3.0058216707770384,-454.51305232864354,0.0,0.4964315284305278,5.779231704477229,-58.950352465659954,0,0,0,0,0,0,1,0,0,0
TX001195,AC00201,-0.094205256447131,-0.2431762420312126,-2.7848427946363845,-468.7914209627208,0.0,0.1578114235975125,3.29187707039644,-22.517904912319672,0,0,0,0,0,0,0,0,0,0
TX001928,AC00201,-0.0942286415882205,-0.2244626476480227,-2.7018613474900803,-477.60617229052906,5.960464477539064e-08,0.1877156202789363,3.441831959581428,-24.84901695719579,0,0,0,0,0,0,0,0,0,0
TX001850,AC00201,-0.0823100729471231,-0.2731258735984938,-2.065030905851033,-470.8100617993029,0.0,0.0640883299372175,3.222578496646449,-26.680487942028964,0,0,0,0,0,0,0,0,0,0
TX000038,AC00202,-0.0746128079374867,-0.2366808322963964,-1.3637884439779366,-458.99553323865865,1.6858739404357617e-07,0.257615118564533,6.427281470555977,-78.10816632341165,0,0,0,0,0,0,0,0,0,0
TX000806,AC00202,-0.0334662762451899,-0.2200419407917437,-0.3196222149593968,-452.7287945459413,0.0,0.4588452092836513,11.579552806221775,-60.4867151520826,0,0,0,0,0,0,1,1,0,0
TX002487,AC00202,-0.0875774478030901,-0.2404918640937725,-2.5420763474314345,-459.2400096651982,5.960464477539064e-08,0.1448801032203112,3.4898223897671965,-22.430773568817884,0,0,0,0,0,0,0,0,0,0
TX001245,AC00202,-0.0803395705078848,-0.1674985636316805,-3.585472093514502,-461.61821150075866,8.429369702178808e-08,0.4086489840701133,4.398121057102356,-21.363905544816195,0,0,0,0,0,0,1,0,0,0
TX002171,AC00202,-0.070651354772549,-0.243698038209456,-2.603157491228263,-443.4990101209573,8.429369702178808e-08,0.1097816666191065,3.494778481905431,-24.091802493268407,0,0,0,0,0,0,0,0,0,0
TX001119,AC00202,-0.0769949856795803,-0.1973686673249879,-3.149212141024851,-369.7336475374788,1.1920928955078125e-07,0.4247096656461042,5.631004620948211,-13.76883873589277,0,0,0,0,0,0,1,0,0,0
TX002369,AC00202,-0.085551190822918,-0.2466231604545521,-2.672477842070436,-455.7557184105284,0.0,0.127680559758437,3.3100564591792145,-23.398061718095335,0,0,0,0,0,0,0,0,0,0
TX000243,AC00202,-0.0493908529266136,-0.2328965112375882,-2.3267448624072404,-436.998435071369,0.0,0.1675365549630345,3.532999318891755,-19.14701143051604,0,0,0,0,0,0,0,0,0,0
TX001494,AC00202,-0.0365099594914888,-0.1984520657281376,-2.137394919641441,-394.8437106128352,8.429369702178808e-08,0.1897924710409886,3.916202514490143,5.825156177621476,0,0,0,0,0,0,0,0,0,0
TX000169,AC00202,-0.0650827416981389,-0.2140932940680711,-1.6753136466138194,-411.9997670487902,0.0,0.3218089350981719,4.081572031266078,-15.909904158953514,0,0,0,0,0,0,1,0,0,0
TX002306,AC00202,-0.0036766145990811,-0.0579507727544352,0.0004772067027474,-347.1310840384142,1.1920928955078125e-07,0.4542589121322742,6.077408142694271,18.145705184388657,1,0,0,1,0,0,1,0,1,0
TX001545,AC00202,-0.0590987908503299,-0.1688525817413741,-1.210979599954339,-398.20195573834246,0.0,0.3325973417540145,4.226826269511926,-8.267248937803405,0,0,0,0,0,0,1,0,0,0
TX000604,AC00203,-0.0548747470184821,-0.2050016343385772,-1.3416722924375382,-433.58661798631687,2.384185791015625e-07,0.4530833438218554,6.751599075244798,-71.38851094581665,0,0,0,0,0,0,1,0,0,0
TX001873,AC00203,-0.0557552032116978,-0.079618561634202,-0.2498023787064127,-447.3266032522655,0.0,0.5385434397925986,10.50195627641181,-60.59011648324568,0,0,0,0,0,0,1,0,0,0
TX001968,AC00203,-0.0308657573516172,-0.0876960010038185,-2.299686051428015,-432.8946212308518,1.1920928955078125e-07,0.4888508053983455,6.504282007808103,-8.45923256590235,0,0,0,0,0,0,1,0,0,0
TX001569,AC00203,-0.0120269874942554,-0.1603102092378368,-1.6326103995599317,-430.3731461506919,0.0,0.4593692293255808,6.771535424957684,-11.842555381985225,0,0,0,0,0,0,1,0,0,0
TX000133,AC00203,-0.0655358061314204,-0.1944330681336965,-2.1342034920580524,-396.0765750980521,1.1920928955078125e-07,0.3620072539110445,4.637147827174469,-16.921958216284086,0,0,0,0,0,0,1,0,0,0
TX002218,AC00203,-0.021250591190518,-0.1116179096782132,-1.6523345918442995,-345.1407202834778,0.0,0.4104437276367528,4.830874666353062,-11.234861774174764,0,0,0,0,0,0,1,0,0,0
TX001179,AC00204,-0.0221267054431501,-0.1745230561116713,-0.3651250095660341,2162.001977170512,0.0,0.4278747141163528,6.8787653969085065,-45.36812040057347,0,0,0,0,1,0,1,0,0,0
TX001027,AC00204,-0.0508962924987603,-0.2585009074808193,-0.5523066205590066,-440.5673743195829,2.384185791015625e-07,0.3899208213858493,12.80272464762716,-57.84398746198139,0,0,0,0,0,0,1,1,0,0
TX001363,AC00204,-0.0326451761301177,-0.1825333196128782,-2.294821242455264,-451.0153097329001,8.429369702178808e-08,0.3311975559082872,4.599377572900934,-21.85780209062246,0,0,0,0,0,0,1,0,0,0
TX001346,AC00204,-0.0103732202862455,-0.2610954647854723,-1.1172555994265885,-315.12111040718366,1.6858739404357617e-07,0.4942519806254741,10.416616813985303,-5.275615747132855,0,0,0,0,0,0,1,0,0,0
TX002341,AC00204,-0.0646076690177331,-0.103835122812367,-2.047015276333388,-415.9508652544346,0.0,0.422063076971098,4.930160855413823,-14.26875941942308,0,0,0,0,0,0,1,0,0,0
TX002084,AC00204,-0.0246121598980084,-0.1689902089080459,-2.450027173026317,-439.26338640527246,0.0,0.3798223679283081,5.13141810516533,-18.606709293574045,0,0,0,0,0,0,1,0,0,0
TX001123,AC00204,-0.0762877563283365,-0.2328319360731605,-2.06674396379694,-369.18650204372994,8.429369702178808e-08,0.1751785278581431,3.559605510281521,-21.502739938322183,0,0,0,0,0,0,0,0,0,0
TX002236,AC00205,-0.0615941182294443,-0.1995936506174289,-1.9751199116392204,-160.38299802651295,5.960464477539064e-08,0.3016877343558976,3.771597840641552,-57.26761554235633,0,0,0,0,0,0,0,0,0,0
TX000582,AC00205,-0.0667904220485816,-0.1764953711883328,-1.6455648475781537,-456.8680916228036,0.0,0.3978613963731578,4.599264217862432,-55.464159578755314,0,0,0,0,0,0,1,0,0,0
TX001704,AC00205,0.0542057118376091,0.2578935691485715,0.5958254987512817,427.7247567871987,0.0,0.6645615522289257,8.976397563227495,20.05564167455737,3,1,1,1,1,0,1,0,1,1
TX002163,AC00205,-0.0505380405206352,-0.1429773363048345,-1.1819267845992858,-379.1212170715466,0.0,0.4002744853339998,5.210366592677628,-12.223193287787485,0,0,0,0,0,0,1,0,0,0
TX001991,AC00206,-0.0933839862381108,-0.2143405995454776,-2.4004332725857798,-474.7608649189401,0.0,0.2417024103290346,5.469959353584289,-79.78690454149233,0,0,0,0,0,0,0,0,0,0
TX001888,AC00206,0.0241124855279472,0.0997938480542806,-0.125290907555831,-421.9886127932616,0.0,0.5996436891020668,8.98033688689452,14.724886444786032,3,1,1,0,0,0,1,0,1,1
TX001596,AC00207,-0.0711691587556396,-0.1330381780825735,-1.8080272980149183,-231.11218761926648,0.0,0.3252178534059007,3.663406057772026,-68.39486293394526,0,0,0,0,0,0,1,0,0,0
TX001423,AC00207,-0.0571272821279809,0.1223065155339901,-0.2621971532095628,-419.9652274957052,0.0,0.5475002500064651,6.149303642822537,-38.84341285655466,1,0,1,0,0,0,1,0,0,0
TX000408,AC00208,-0.1260124831459002,-0.2406155373135272,-2.2090198229831994,-476.04194330627297,0.0,0.1738546930240943,3.3139147796347164,-77.22894013273637,0,0,0,0,0,0,0,0,0,0
TX000127,AC00208,-0.0730220069780575,-0.1747339765019844,-2.105677299365823,-439.3936553122193,1.6858739404357617e-07,0.4966605722483196,5.533443345251146,-57.23950928670629,0,0,0,0,0,0,1,0,0,0
TX000652,AC00208,-0.0251210151769009,-0.2241019390565632,-1.2702705582400975,-331.295403289795,0.0,0.5555908137802187,8.651476892914026,-15.744856712646042,0,0,0,0,0,0,1,0,0,0
TX000798,AC00208,-0.0619125924114223,-0.1875223520854108,-2.663559586946329,-447.3605641808904,0.0,0.3965937511107054,5.152689075949527,-24.75143241568202,0,0,0,0,0,0,1,0,0,0
TX001869,AC00209,-0.0365281516967779,-0.1816960891864303,-1.8494690424508315,-95.28913421529842,0.0,0.2938431548220123,4.296557558210539,-58.394582341192624,0,0,0,0,0,0,0,0,0,0
TX002183,AC00209,-0.0778787780404304,-0.1732165234183276,-1.79646211086742,-457.0099595726329,8.429369702178808e-08,0.4124690077928723,5.288379467397283,-58.24126277496598,0,0,0,0,0,0,1,0,0,0
TX001801,AC00209,-0.0897496200373431,-0.2293953787132598,-2.342244649621969,-464.4198332276158,0.0,0.174050310116642,3.6216550381547887,-19.86595748435146,0,0,0,0,0,0,0,0,0,0
TX001020,AC00209,-0.0951523780703633,-0.2444380593011217,-3.112915306142323,-475.86820705693685,0.0,0.160258752703275,3.5201823403467007,-23.854262888241774,0,0,0,0,0,0,0,0,0,0
TX001108,AC00209,-0.0943316550757505,-0.2540066184865346,-2.7454189600416488,-472.9928000884729,0.0,0.1380151324166489,2.8554362521148686,-25.752512443395155,0,0,0,0,0,0,0,0,0,0
TX000412,AC00210,-0.0898764506214959,-0.1990377221154327,-1.8434641954480264,-469.4989393995743,0.0,0.2554596177050613,4.016972995040063,-75.55244283417751,0,0,0,0,0,0,0,0,0,0
TX000390,AC00210,-0.0639050324067381,-0.131523414498337,-1.6489906383500372,-457.55382889834266,0.0,0.3870241220825372,4.817920967907149,-58.21392108225355,0,0,0,0,0,0,1,0,0,0
TX002123,AC00210,-0.1093099458844096,-0.2590235517692397,-2.229861779112035,-475.80037366250326,0.0,0.1343264026281836,3.684927433356786,-25.80450364730742,0,0,0,0,0,0,0,0,0,0
TX002174,AC00210,-0.0948013800322697,-0.2600450939829528,-2.987457478146599,-480.3408857215368,0.0,0.0754429689033538,3.307496179408589,-28.913721119867283,0,0,0,0,0,0,0,0,0,0
TX000786,AC00211,-0.1125977280625374,-0.2426363977198962,-1.7861167904112492,-473.0850633791103,8.429369702178808e-08,0.2142922915112109,5.043812074601963,-79.39118985647309,0,0,0,0,0,0,0,0,0,0
TX001178,AC00211,-0.0938099498315149,-0.2289883240092451,-1.938584120785837,-472.7050329654964,0.0,0.3642236857099855,5.172115821268118,-62.04066527132144,0,0,0,0,0,0,1,0,0,0
TX000600,AC00211,-0.1028348210913888,-0.2276413438580646,-3.0518501970405545,-469.4931975315486,0.0,0.1735260058668043,3.4373217866054158,-23.56266361287771,0,0,0,0,0,0,0,0,0,0
TX001157,AC00211,-0.0074110663320333,-0.0963470169438871,-3.268959915124153,-374.5631748109669,1.6858739404357617e-07,0.443331276851708,5.899414341547451,13.408022887455754,1,0,0,0,0,0,1,0,1,0
TX000227,AC00212,-0.0859557211622946,-0.0784405963753629,-1.4123949228902202,-459.73976618705296,8.429369702178808e-08,0.3343496773346621,4.626763973270809,-66.99113313200165,0,0,0,0,0,0,1,0,0,0
TX001332,AC00212,-0.0462288817212421,-0.187947004810179,-1.2708509497353155,-434.3262312367246,0.0,0.4868502314671624,5.407942316407926,-55.26834972544263,0,0,0,0,0,0,1,0,0,0
TX001778,AC00212,-0.1061483865188294,-0.2470298917882167,-2.7440110862511595,-470.1163025422602,0.0,0.0969692846305268,3.3815119622605763,-25.123714516733948,0,0,0,0,0,0,0,0,0,0
TX002089,AC00213,-0.0867388275141672,-0.2126332894265166,-1.2740676747058632,-405.305624597337,0.0,0.2099152932087677,4.795633888327921,-73.53570907025448,0,0,0,0,0,0,0,0,0,0
TX001944,AC00213,-0.0809710022987915,-0.2151524576354462,-1.5220007983095751,-461.5611953287335,0.0,0.1529360271845393,4.087104552059423,-58.00786914499375,0,0,0,0,0,0,0,0,0,0
TX001295,AC00213,-0.0676530976767024,-0.2507670383231274,-1.4520794471865468,-422.70625661337374,5.960464477539064e-08,0.1000565393454834,3.673982711481614,4.319914839695567,0,0,0,0,0,0,0,0,0,0
TX001890,AC00213,-0.0400678044832047,-0.0895755441661072,-1.0451745314098364,-379.9223750520427,0.0,0.5598013937223288,6.602841960663983,15.235855108407032,1,0,0,0,0,0,1,0,1,0
TX000473,AC00213,-0.0739353534526857,-0.1931548261390776,-1.9937754521673163,-390.9801464035989,0.0,0.4691509213844544,8.052215163908118,3.9942749980701575,0,0,0,0,0,0,1,0,0,0
TX000493,AC00213,-0.0802217909543425,-0.2436682442402917,-2.167030165139634,-435.3435581432644,8.429369702178808e-08,0.1180329900532307,3.724475495361865,-23.79220774374673,0,0,0,0,0,0,0,0,0,0
TX001026,AC00214,-0.095984116596153,-0.2097627941685764,-1.5323445744672828,-474.0916272364637,0.0,0.1506766254226602,4.620907651810455,-76.93265809294239,0,0,0,0,0,0,0,0,0,0
TX001462,AC00214,-0.0468917644420701,-0.2209662998159201,-1.2522613966346672,-452.3358048315591,5.960464477539064e-08,0.1468910212838367,4.293478447022382,-12.386214377805624,0,0,0,0,0,0,0,0,0,0
TX000242,AC00215,-0.0672184190761778,-0.0642029936171497,-1.5501021165579996,-438.5193085754831,0.0,0.5039081717809448,8.051692161063208,-76.01287338974296,0,0,0,0,0,0,1,0,0,0
TX002421,AC00215,-0.0601254778850586,-0.2496818178010408,-1.1870285058886836,-456.1908603905658,0.0,0.3613313940591927,11.155866688332262,-62.91487466201664,0,0,0,0,0,0,1,1,0,0
TX000634,AC00215,-0.0644418895819652,-0.207217478971426,-2.014191448652923,-459.75633434203553,0.0,0.3195221490103642,3.989165506526832,-21.179499590165445,0,0,0,0,0,0,1,0,0,0
TX001710,AC00215,-0.0974260728393746,-0.2528778751025581,-1.6376531033939925,-468.2319134414975,0.0,0.0743669177523492,3.6832616301254326,-26.013339332009625,0,0,0,0,0,0,0,0,0,0
TX002138,AC00215,-0.0829896880418816,-0.2131217398221989,-1.5081553557652576,-414.2258421090498,0.0,0.3249322564026921,4.403651313649363,-22.36332514179608,0,0,0,0,0,0,1,0,0,0
TX000563,AC00216,-0.0966957651158154,-0.1977429305371385,-1.0328174106711645,-463.2810261472725,0.0,0.186573199902365,4.906637493130504,-74.154416119498,0,0,0,0,0,0,0,0,0,0
TX002160,AC00216,0.0061066056370699,-0.0746577446607779,-0.2810138219688198,-382.0157482028112,0.0,0.5965611265033378,6.039582102151351,15.087360008546025,2,1,0,0,0,0,1,0,1,1
TX000567,AC00216,-0.0951875468629536,-0.0964397229238576,-2.876984290331025,-453.6274271436886,8.429369702178808e-08,0.4309513177033075,4.817804628591095,-16.83507341306862,0,0,0,0,0,0,1,0,0,0
TX002502,AC00216,-0.1051596767081624,-0.2597186884078006,-2.8539611977396007,-467.3988105284867,0.0,0.1033076103477175,2.615947551163304,-28.284730685127865,0,0,0,0,0,0,0,0,0,0
TX000891,AC00216,-0.0926901648990178,-0.256642793181171,-2.359204858580348,-454.3066047894604,0.0,0.0602465504038594,3.330732109519131,-25.33363869960504,0,0,0,0,0,0,0,0,0,0
TX000435,AC00217,-0.1077604780897155,-0.2637753816083313,-1.0499123886214718,-481.2229267311625,8.429369702178808e-08,0.0,4.929574183891453,-82.21443463198145,0,0,0,0,0,0,0,0,0,0
TX000856,AC00217,0.0159534031760151,0.1919134979640226,5.258736874900036,-40.20778759865016,11.416770953544214,0.7967981285398592,19.21284884747558,20.268883833762484,3,1,1,1,0,1,1,1,1,1
TX000071,AC00217,-0.0372472193403825,-0.1539433470103217,-1.4652051417898893,-416.1300715687798,0.0,0.387520837802039,5.59464190159321,-13.825336535088956,0,0,0,0,0,0,1,0,0,0
TX001906,AC00217,-0.087567523315543,-0.2246317235997061,-1.4878186681630972,-422.7838477072435,0.0,0.3207832997923086,4.107402051778871,-20.509078683699222,0,0,0,0,0,0,1,0,0,0
TX001459,AC00217,-0.0338953327785248,-0.1040341089076493,-0.8507428981982432,-421.55514738258864,0.0,0.4314760538855319,5.629809211912575,-18.2451525139717,0,0,0,0,0,0,1,0,0,0
TX000958,AC00217,-0.0392146381533246,-0.160747357290246,-0.4264971449206367,-99.99269781165827,8.429369702178808e-08,0.3575342696801756,4.774700862931505,-5.429000549742572,0,0,0,0,0,0,1,0,0,0
TX001533,AC00218,-0.0789613548284843,-0.0867986800613096,-1.1632829448061397,-449.7921671465665,1.460009659995543e-07,0.3500186532354725,4.742731993465617,-66.9340734786418,0,0,0,0,0,0,1,0,0,0
TX001450,AC00218,-0.0728243329200007,-0.1753276709820435,-1.7893262850344218,-449.64374771019015,5.960464477539064e-08,0.3536505677951929,3.95572534353152,0.0394330583232083,0,0,0,0,0,0,1,0,0,0
TX001483,AC00218,-0.0871497367139176,-0.2524371829467148,-1.676407085256571,-460.8465534616548,0.0,0.3542993674359228,5.655939050118353,4.524971797167414,0,0,0,0,0,0,1,0,0,0
TX000689,AC00218,-0.1117909450025717,-0.2489310638949851,-2.3750356668126926,-471.24467900861015,0.0,0.1185992086676862,3.225832960819869,-24.35916478168156,0,0,0,0,0,0,0,0,0,0
TX001458,AC00218,-0.0558788376016298,-0.2198215523457134,-1.3673505293527946,-452.4636583080457,5.960464477539064e-08,0.1952736892516978,3.8791466720696297,-18.781089150304258,0,0,0,0,0,0,0,0,0,0
TX001018,AC00218,-0.0728726321117296,-0.1910060398796904,-2.3052758793176125,-392.30181192030255,0.0,0.3650959387407962,4.851875159913018,-22.59369259033807,0,0,0,0,0,0,1,0,0,0
TX000469,AC00218,-0.1019259431922072,-0.2585503600854585,-2.4541149538511657,-461.5515100046273,5.960464477539064e-08,0.0735557999388217,3.2701044984027394,-24.31391683921785,0,0,0,0,0,0,0,0,0,0
TX000717,AC00219,-0.081413899106524,-0.2443574936690475,-1.4976538775070587,-280.8910738066296,0.0,0.1757135133643446,4.0094628067450655,-76.80275724564862,0,0,0,0,0,0,0,0,0,0
TX000475,AC00219,-0.0864257154321305,-0.1535746309805938,-1.884678365331741,-460.73253684328216,0.0,0.38201269638967,4.106467191992652,-58.17484144639015,0,0,0,0,0,0,1,0,0,0
TX000622,AC00219,-0.0527464138109434,-0.2389972574758274,-2.435261122869459,-451.9936078947212,0.0,0.1746523410528357,4.534810161080839,-18.078117225073427,0,0,0,0,0,0,0,0,0,0
TX000313,AC00219,-0.0734535128329514,-0.1939119627009187,-1.9438993037692605,-458.0944294781044,0.0,0.2003949515014229,3.9082104361586394,-18.22210837409487,0,0,0,0,0,0,0,0,0,0
TX001685,AC00219,-0.0876670878794201,-0.2668407720010395,-2.0926501070147747,-463.94555475044433,0.0,0.0591302537978161,3.374353930706952,-24.75540380877069,0,0,0,0,0,0,0,0,0,0
TX002201,AC00219,-0.0913517813287143,-0.2649444848757301,-2.2056316306272947,-468.6250596610445,5.960464477539064e-08,0.0632608786952675,3.114734859627787,-26.686260006262906,0,0,0,0,0,0,0,0,0,0
TX001413,AC00219,-0.0313117637554221,-0.1488696999016738,-0.6632577805659139,-395.3538619354439,1.1920928955078125e-07,0.3994456847034929,4.7601399839789,11.014948398928729,0,0,0,0,0,0,1,0,0,0
TX001838,AC00219,-0.067040459574751,-0.1777438114540876,-0.7640518502148357,-412.6164780519804,8.429369702178808e-08,0.3262187331256531,4.536552622559146,-6.046960734251787,0,0,0,0,0,0,1,0,0,0
TX001244,AC00219,-0.0488208154670379,-0.1422078991434203,-0.3744245401391346,-418.8000812057328,0.0,0.3634963660713372,4.776357079393674,-16.02637378627019,0,0,0,0,0,0,1,0,0,0
TX002298,AC00219,-0.0562393127908106,-0.1438630719455027,-0.622839540676047,-413.2235689558154,0.0,0.3567103741875032,4.677315394727241,-16.356473060531645,0,0,0,0,0,0,1,0,0,0
TX002179,AC00220,-0.1244492437659467,-0.2289238181429829,-0.9890939178817586,-473.5225248161205,0.0,0.125977361232322,5.414745648707014,-77.69326683922259,0,0,0,0,0,0,0,0,0,0
TX000278,AC00220,-0.0281521743337737,-0.1751475966343338,-1.459648274183477,-346.1253534285865,0.0,0.5469789506260465,4.899998594117193,-61.27046892268737,0,0,0,0,0,0,1,0,0,0
TX000704,AC00220,-0.0772257412662494,-0.2416657227783762,-1.559740548805875,-453.3756676288912,5.960464477539064e-08,0.1398171305794832,3.54281370054802,-18.94835355674736,0,0,0,0,0,0,0,0,0,0
TX001626,AC00220,-0.0020054802576102,-0.1514614264017795,-0.5999227545744859,518.6764225765553,0.0,0.5690831251928821,7.4464075195536275,7.235690625784752,0,0,0,0,1,0,1,0,0,0
TX001964,AC00220,-0.0524429752195537,-0.1650905721140541,-1.8639780934241847,-394.07105843131103,8.429369702178808e-08,0.3906223690839021,4.9655042529261175,-14.917026797266306,0,0,0,0,0,0,1,0,0,0
TX000084,AC00220,-0.0525190885541688,-0.1990199987352849,-1.87117981136722,-385.20543649673255,0.0,0.3242161430253468,4.578843605627381,-16.140257989614494,0,0,0,0,0,0,1,0,0,0
TX001276,AC00221,-0.1178652064696647,-0.2428187834506572,-2.072456065218727,-481.8794962126781,0.0,0.0620899577971671,3.4383728866671515,-80.78575733060087,0,0,0,0,0,0,0,0,0,0
TX001818,AC00222,-0.0513110665549204,-0.1849024077071073,0.0421515384325417,-405.43820051160895,0.0,0.4872257119767189,7.908185814292268,-65.07781328224262,0,0,0,1,0,0,1,0,0,0
TX001528,AC00222,0.0070723712488751,0.0189393563747517,0.9546425164390336,-389.6497210392385,0.0,0.5886389586392633,18.965883646882588,-51.133882809841296,2,1,1,1,0,0,1,1,0,1
TX000912,AC00222,-0.0523318588899693,-0.1794362200443664,-2.729390129937883,-436.1236183323177,0.0,0.4224093284779517,5.226005839199477,-16.455014936845046,0,0,0,0,0,0,1,0,0,0
TX002454,AC00222,-0.0648032210576541,-0.181064645447611,0.0849078500979398,-230.2202773471455,0.0,0.5647244840113058,8.35691288277432,-15.814949509281153,0,0,0,1,0,0,1,0,0,0
TX000632,AC00223,-0.0542179770375205,-0.1921256780772473,-0.3717969861793264,-432.05082974638566,0.0,0.3716734883585114,6.826013367832352,-72.9893014033481,0,0,0,0,0,0,1,0,0,0
TX000564,AC00223,0.0363362702930658,0.0633665744444051,1.7659551754960123,-375.7324644411305,0.0,0.6440666544146862,18.16198008230204,-53.36974292787302,2,1,1,1,0,0,1,1,0,1
TX002200,AC00224,-0.0818657200283557,-0.2270248464715498,0.1031420324357856,-348.0276697706284,0.0,0.5298538348294586,11.136763438526172,-64.88549110923279,0,0,0,1,0,0,1,1,0,0
TX000927,AC00224,-0.0533118766493942,-0.131078143829068,-2.258906138176947,-441.1553996828837,0.0,0.4141281726569693,5.1472277659318335,4.125713770446904,0,0,0,0,0,0,1,0,0,0
TX002222,AC00225,-0.0594115128810941,-0.0846693913077651,0.0002980189699837,31.447512487694382,0.0,0.6927334459760781,5.215879338523261,-49.30522060731683,0,0,0,1,1,0,1,0,0,0
TX000238,AC00225,-0.0456511731211929,-0.1252931292481578,-1.5804523651192195,-448.3080590561051,1.6858739404357617e-07,0.5007638540998677,7.798399878928999,-56.159740988003065,0,0,0,0,0,0,1,0,0,0
TX000956,AC00225,-0.0510025579977789,-0.0868373000939135,-2.5439338842299044,-440.1443529357722,0.0,0.4880287428779586,5.47460602784839,-4.163413798202779,0,0,0,0,0,0,1,0,0,0
TX001287,AC00225,-0.1088596341453265,-0.270488471444402,-2.521586064311842,-474.2618231797412,0.0,0.0477248684714946,3.211773864864369,-27.748860674801357,0,0,0,0,0,0,0,0,0,0
TX002319,AC00225,-0.1057096423086155,-0.262778969168372,-2.2513800742427925,-457.7273567563328,0.0,0.0599757786930912,3.2687703557254157,-25.65281660698196,0,0,0,0,0,0,0,0,0,0
TX002409,AC00225,-0.1092169368439383,-0.2644144093971884,-2.2860213645023717,-429.5983643639357,0.0,0.0820572814600376,3.2048056371725115,-26.73385987411371,0,0,0,0,0,0,0,0,0,0
TX001988,AC00225,-0.0655057056441906,-0.2399029595049282,-1.4515080002186913,-429.2177251415703,8.429369702178808e-08,0.1373768585968204,3.561573038982367,-20.753306097857543,0,0,0,0,0,0,0,0,0,0
TX000882,AC00225,-0.0688531031219809,-0.2531236693106419,-1.550908076256393,-430.9160465817172,0.0,0.0608169551596254,3.635595327983365,-20.827285617130347,0,0,0,0,0,0,0,0,0,0
TX002282,AC00225,-0.020634573073794,-0.1023125471767947,-1.828240610379391,-381.0626050681827,8.429369702178808e-08,0.4153150663984869,5.245772672708961,11.758655565149208,0,0,0,0,0,0,1,0,0,0
TX000607,AC00225,-0.0980501259880911,-0.2398832380675313,-1.7385651549142356,-443.88176014882384,0.0,0.1345875852809311,3.5238090000732565,-18.59977339905255,0,0,0,0,0,0,0,0,0,0
TX000183,AC00225,-0.040400876212704,-0.1677397424376907,-1.433760007759478,-403.65832544778107,0.0,0.3338846189368096,4.237149159905028,-8.51680755742689,0,0,0,0,0,0,1,0,0,0
TX000162,AC00227,-0.1172083777689267,-0.217117253881816,-1.6067774062916822,-468.3298793161185,0.0,0.2341333751931251,4.208656943442048,-75.58873335768016,0,0,0,0,0,0,0,0,0,0
TX002007,AC00227,-0.0465369299183956,-0.0269261184795963,-0.0291604066661328,-427.7858123656623,1.1920928955078125e-07,0.475105761946833,7.321515484447094,5.256527230676706,0,0,0,0,0,0,1,0,0,0
TX002238,AC00227,-0.1106809667493573,-0.2508888403762823,-1.7809447813411516,-466.4588947576803,8.429369702178808e-08,0.0666578293215828,3.6886203684109375,-23.36790397432546,0,0,0,0,0,0,0,0,0,0
TX000812,AC00227,-0.0764614730222814,-0.2036476412603149,-1.4951253520312555,-457.9891894967295,8.429369702178808e-08,0.3362965799783067,5.216948442891213,-18.712761233529083,0,0,0,0,0,0,1,0,0,0
TX001478,AC00227,-0.0114896462212907,-0.1319100607923178,-1.7199618216797834,-430.1601016109348,0.0,0.5249772902337914,8.266249695989199,-14.994184778778497,0,0,0,0,0,0,1,0,0,0
TX001570,AC00228,-0.1023701157094575,-0.257183522043479,-1.696045141402884,-475.8666079441978,0.0,0.1697049653629958,3.7182322100648335,-77.87400983104797,0,0,0,0,0,0,0,0,0,0
TX002074,AC00228,-0.0190546442678409,-0.036146339647882,-0.5826081077018692,-355.40739133715624,0.0,0.5190871011967174,7.94290554281291,16.946444662449476,1,0,0,0,0,0,1,0,1,0
TX002092,AC00228,-0.0353694205840897,-0.1156590275309266,-2.638794113067888,-428.0080097998802,0.0,0.4904456266840716,7.406100117947327,-7.216780842433426,0,0,0,0,0,0,1,0,0,0
TX001343,AC00228,-0.0763790437370386,-0.2226622732137098,-2.9727604487143484,-460.1080113754852,0.0,0.139540826832253,4.027777157429155,-26.979166078130834,0,0,0,0,0,0,0,0,0,0
TX002340,AC00228,-0.0795225636517265,-0.2317399039915579,-3.087044489655046,-453.88502033383816,8.429369702178808e-08,0.1181274476486039,3.6104929058110207,-28.587024582717785,0,0,0,0,0,0,0,0,0,0
TX001861,AC00228,-0.0302847018777215,-0.1398915363899529,-1.860302946440884,-415.2602686539475,8.429369702178808e-08,0.3843264722458982,4.590674167019208,11.988631790424716,0,0,0,0,0,0,1,0,0,0
TX002213,AC00228,-0.0813927416786868,-0.2279691348667387,-1.4784650484777817,-387.3112792165562,8.429369702178808e-08,0.1503990570313926,3.907923303498533,-18.028463182539397,0,0,0,0,0,0,0,0,0,0
TX001052,AC00228,-0.0347487329455828,-0.2294557885389865,-1.543270066908649,-302.91712061288496,0.0,0.1666847633319721,3.731134878169312,15.440095312569976,1,0,0,0,0,0,0,0,1,0
TX000427,AC00229,-0.1118366596952509,-0.2418645004907735,-1.0518222347932902,-470.6018113247175,0.0,0.0768965491149073,4.6925896616894365,-76.57812679698503,0,0,0,0,0,0,0,0,0,0
TX000482,AC00229,-0.0745974512209037,-0.2213745771176323,-1.9647900873219812,-437.8841649003216,0.0,0.3807531870102117,6.516913127222923,-62.8703487588687,0,0,0,0,0,0,1,0,0,0
TX001476,AC00229,-0.1116882852826459,-0.250122362521596,-2.0841801508978026,-472.2939080684432,0.0,0.0742398755555666,3.487124626285762,-26.17752069179246,0,0,0,0,0,0,0,0,0,0
TX000405,AC00229,-0.0717251643516202,-0.1940303176240376,-2.75686313459191,-470.3508756881942,8.429369702178808e-08,0.3382794172427771,4.787063660859579,-25.84326414511384,0,0,0,0,0,0,1,0,0,0
TX001230,AC00229,-0.0811004642872338,-0.2507093945655262,-1.8317322164268168,-465.9529480241599,0.0,0.0607001284598689,3.464979170240099,-25.33285517699121,0,0,0,0,0,0,0,0,0,0
TX001682,AC00230,-0.1016959212508483,-0.2227771998760752,-1.031957476942022,-464.4796909202269,0.0,0.1830702141663873,5.080211249653515,-72.36774144555477,0,0,0,0,0,0,0,0,0,0
TX002038,AC00230,-0.0448811493389866,-0.159558860103282,-1.379617574092583,-269.4862399947155,2.384185791015625e-07,0.5503512383162986,4.486568912101969,-58.75175174696523,0,0,0,0,0,0,1,0,0,0
TX000926,AC00230,-0.0720107501354532,-0.238754820221694,-2.85395347543567,-456.1758782994056,0.0,0.1835135760331175,4.282971978360083,-23.4388716099055,0,0,0,0,0,0,0,0,0,0
TX002043,AC00231,-0.042859637087408,-0.2342335401019468,-0.9216344870836312,2302.420630021189,0.0,0.3257368542895769,6.314849707370357,-68.71311131859972,0,0,0,0,1,0,1,0,0,0
TX001270,AC00231,0.0330157924624769,-0.2556759221466742,-0.2958637886731132,-408.6698050495455,0.0,0.4301086124571056,13.389979940120332,24.09670947855204,2,1,0,0,0,0,1,1,1,1
TX001938,AC00231,-0.0342569548276038,-0.1082983718245653,-1.990422133673965,-437.7562313157841,8.429369702178808e-08,0.4172354973675635,5.176840055325559,-19.17285904777829,0,0,0,0,0,0,1,0,0,0
TX001955,AC00231,-0.0936528675959779,-0.234040017052324,-2.673578387865824,-460.8191863992605,5.960464477539064e-08,0.1286460265970167,3.5850190385111653,-25.247484003342567,0,0,0,0,0,0,0,0,0,0
TX002233,AC00231,-0.1005174218238162,-0.2606414104944458,-2.1968551354033163,-423.9878200289522,5.960464477539064e-08,0.0400486868299531,3.169732775643193,-24.237495563471217,0,0,0,0,0,0,0,0,0,0
TX000677,AC00232,-0.0980408920530965,-0.2254146794567384,-2.4648887946174707,-472.1469047901068,8.429369702178808e-08,0.2874451110921284,5.126601961121976,-77.69566873469594,0,0,0,0,0,0,0,0,0,0
TX001693,AC00232,-0.066060939365113,-0.1735673455198989,-0.9310187786655302,-447.8333076447588,0.0,0.4290723287201433,8.600618971576077,-54.74841090339577,0,0,0,0,0,0,1,0,0,0
TX000344,AC00232,-0.0819667826127348,-0.2289623265112672,-2.882180452361615,-461.0310436588567,0.0,0.164995353798547,4.817523296784504,-23.260052631624,0,0,0,0,0,0,0,0,0,0
TX001260,AC00232,-0.0574365815670155,-0.2607919535060106,-2.155958796186752,-451.297052222478,0.0,0.1349379333897385,3.660214902870388,-21.40663805644576,0,0,0,0,0,0,0,0,0,0
TX000378,AC00232,-0.0973263707132677,-0.2683614107401285,-2.0602533985748703,-454.4382774053379,0.0,0.0,3.372371572915487,-27.029201082591037,0,0,0,0,0,0,0,0,0,0
TX001491,AC00233,-0.0721864574355673,-0.1337417290224036,-0.1214744756285899,-460.81662372483214,0.0,0.2744988008987493,6.197932099423906,-73.0258406424778,0,0,0,0,0,0,0,0,0,0
TX001578,AC00233,-0.0440309720476116,-0.1914657694404586,-1.264447872934209,-458.623281783537,0.0,0.3296290773768802,4.556534254476509,-45.5201765534253,0,0,0,0,0,0,1,0,0,0
TX000307,AC00233,-0.082804168187565,-0.1878060990429266,-1.4427843916676224,-446.3092678638283,1.1920928955078125e-07,0.3922601006336732,6.57350438717637,2.101047151471465,0,0,0,0,0,0,1,0,0,0
TX001863,AC00233,-0.1008175425614491,-0.2599224119170245,-0.9961318991163388,-468.1817881670382,0.0,0.0530397199998872,3.8387575042155975,-24.850343577916373,0,0,0,0,0,0,0,0,0,0
TX000769,AC00233,-0.0854536006565551,-0.1716762414896255,-2.4112818341128417,-435.44753293857417,0.0,0.4515134141138105,7.287563348215663,-12.858888589145575,0,0,0,0,0,0,1,0,0,0
TX001566,AC00233,-0.0984075953109807,-0.2284883782591531,-1.3748354379492085,-461.9213639486362,0.0,0.167085933029044,4.488030306273144,-23.758886115439008,0,0,0,0,0,0,0,0,0,0
TX002212,AC00235,-0.087876417187334,-0.1665066338014671,-0.9914614858668588,-448.40107224949,0.0,0.3905744982913601,7.52115449148675,-72.21860271369127,0,0,0,0,0,0,1,0,0,0
TX001322,AC00235,-0.0907900654066612,-0.2366531082042442,-2.127689577623409,-470.12504519142186,0.0,0.3416701543786918,6.94655713193279,-63.93317186347821,0,0,0,0,0,0,1,0,0,0
TX000454,AC00235,-0.0843791227924334,-0.244222316889682,-2.486896006270335,-471.45694707120913,5.960464477539064e-08,0.1351757229130309,3.430626291585789,-24.43139421508445,0,0,0,0,0,0,0,0,0,0
TX000770,AC00235,-0.0773355616251214,-0.1905219205989121,-1.994569500780086,-466.3142438522944,0.0,0.3381723406776063,4.151388660857149,-22.9414869098508,0,0,0,0,0,0,1,0,0,0
TX001999,AC00235,-0.110602288140389,-0.2674526882121193,-1.8158419739821543,-454.91629010495456,0.0,0.0567689091148119,3.0676818004187214,-26.821148429730474,0,0,0,0,0,0,0,0,0,0
TX000422,AC00235,-0.0745028774342486,-0.2562150427358415,-1.1482876609288477,-412.050313596714,0.0,0.0769050104084167,3.8625931895646777,-24.58802996233209,0,0,0,0,0,0,0,0,0,0
TX000106,AC00235,-0.0837033250351624,-0.2567460406458433,-1.769326064176722,-422.4496267055646,5.960464477539064e-08,0.1640404328020837,3.970702329170316,-24.76744580983434,0,0,0,0,0,0,0,0,0,0
TX002077,AC00236,-0.1084376186987039,-0.2487279337208273,-1.9945141559840405,-473.9744119839533,5.960464477539064e-08,0.1603214732438234,4.058032974393055,-77.4468607059339,0,0,0,0,0,0,0,0,0,0
TX000083,AC00236,-0.0553860121333465,-0.1993143160193733,-0.6081304373009964,-387.3286116312751,0.0,0.4838005504787191,7.366762531306015,-61.63509585995526,0,0,0,0,0,0,1,0,0,0
TX002472,AC00236,-0.0506771385495449,-0.1960950175950901,-2.3891633200159994,-460.70616787976064,1.1920928955078125e-07,0.374404983084002,5.206332519194615,-22.864196190139204,0,0,0,0,0,0,1,0,0,0
TX002254,AC00236,-0.0435997211304861,-0.0940889278875041,-1.7646954864048787,-436.1258581203314,0.0,0.4167416289116126,5.546594440569289,-13.645588971607598,0,0,0,0,0,0,1,0,0,0
TX001133,AC00236,-0.0795748774174251,-0.215404572051417,-2.074687567109951,-442.4346613016506,0.0,0.2006901033006037,3.810168005371566,-20.48673374836861,0,0,0,0,0,0,0,0,0,0
TX000950,AC00236,-0.0403580751247291,-0.1472089284111228,-2.24432871572799,-389.6040324760662,0.0,0.3747469979459354,4.682670049620259,-18.49450341386444,0,0,0,0,0,0,1,0,0,0
TX000925,AC00237,-0.0635806638493663,-0.2077551835987772,-1.433982962259023,-433.79578891254886,1.1920928955078125e-07,0.3440434707309911,7.166177400533997,-57.75303398840739,0,0,0,0,0,0,1,0,0,0
TX000724,AC00237,-0.0519672582819529,-0.2455328562779817,-0.5174057263607956,-446.5579272710974,0.0,0.4230495737927753,11.171164141444898,-60.90349947196241,0,0,0,0,0,0,1,1,0,0
TX001852,AC00237,-0.078627366464281,-0.2513625159779146,-2.529493341124008,-389.7064447290031,5.960464477539064e-08,0.1708529962419242,3.2700876906201004,10.797176258208818,0,0,0,0,0,0,0,0,0,0
TX002030,AC00237,0.0079853052896574,-0.1728227178506454,-2.0338197894108294,258.0107234015854,0.0,0.4404699626633771,5.922292391430523,21.190840689309663,2,1,0,0,1,0,1,0,1,1
TX000199,AC00237,-0.0912699764293956,-0.2587405472629444,-2.493769472803219,-446.6299897297089,5.960464477539064e-08,0.0472104995661739,3.5293882508475294,-25.93479252357716,0,0,0,0,0,0,0,0,0,0
TX002356,AC00238,-0.092263258394821,-0.1954198138110743,-2.597279906741265,-469.5172170446816,0.0,0.3109958882098197,4.014075025168182,-76.19788697714353,0,0,0,0,0,0,0,0,0,0
TX001931,AC00239,-0.0855829747212111,-0.2525622133402502,-1.979249938761788,-43.350755961568495,0.0,0.1972014546540376,3.837534203155572,-76.46475180046065,0,0,0,0,0,0,0,0,0,0
TX000992,AC00239,-0.0338163119095705,-0.2179612028534119,-1.1424058951123597,-405.20686315952446,0.0,0.3764993557199166,5.21037588859484,18.974198067179863,1,0,0,0,0,0,1,0,1,0
TX002100,AC00239,-0.0880595959356754,-0.2115737625906246,-1.9792480578199283,-459.0661726730608,0.0,0.3243235756993787,4.146408097478857,-18.6951307243304,0,0,0,0,0,0,1,0,0,0
TX001507,AC00239,-0.0612506098902133,-0.2029167351000935,-2.8368321952251137,-384.440501563399,0.0,0.1998608623738593,3.638281863874144,15.968136319476994,1,0,0,0,0,0,0,0,1,0
TX000076,AC00239,-0.0678526267815496,-0.2280038198117835,-2.1722133129731933,-468.9640784593291,0.0,0.1528292443147265,3.87889006643601,-24.397904733845937,0,0,0,0,0,0,0,0,0,0
TX000568,AC00240,-0.0699079459670924,-0.1909377489802202,-1.9593919107096625,105.91137067095173,0.0,0.3088538152050553,4.353243928263217,-71.9415130555742,0,0,0,0,1,0,0,0,0,0
TX000696,AC00240,-0.0258659310921199,-0.0333373427918946,0.0003719289348431,-279.68852523727713,0.0,0.6384534125944561,11.939480115293712,-46.121966475163006,0,0,0,1,0,0,1,1,0,0
TX000845,AC00241,-0.1144889908263637,-0.2515616039895425,-1.8523496640819577,-215.82694062161448,0.0,0.1401042123187392,3.527348470861087,-78.58584366366556,0,0,0,0,0,0,0,0,0,0
TX000025,AC00241,-0.1086979378934794,-0.2315447312491396,-1.6458719835721745,-468.5217171438641,0.0,0.1719818376604239,3.9543291111181937,-60.68406855696462,0,0,0,0,0,0,0,0,0,0
TX002397,AC00241,-0.0594379292816258,-0.1738439819033459,-0.943174505117522,-456.1826153361433,0.0,0.329950422506062,4.406136559972607,-10.05991456989759,0,0,0,0,0,0,1,0,0,0
TX001142,AC00241,-0.0943438785205191,-0.2117484486809533,-1.3675313464797991,-461.6698601718111,5.960464477539064e-08,0.1995510694490639,3.910023678648052,-18.143660046506216,0,0,0,0,0,0,0,0,0,0
TX001466,AC00241,-0.0771366275025421,-0.2424347884059494,-1.470807130852478,-468.0262356887334,0.0,0.0922216721232184,4.342302502186644,-23.001961371060567,0,0,0,0,0,0,0,0,0,0
TX001587,AC00241,-0.0858189000418203,-0.217831578629229,-1.8258027502332703,-463.7318970077922,0.0,0.1932273546622171,4.224867473457835,-23.983349943584184,0,0,0,0,0,0,0,0,0,0
TX001666,AC00241,-0.0003196616385977,-0.1283905543837751,-1.142957067007682,-103.23418351429969,0.0,0.3919473480168098,4.57146343262548,22.08077816348668,1,0,0,0,0,0,1,0,1,0
TX002136,AC00241,-0.028473848750265,-0.1586032708619456,-1.5010779153139318,-441.0259700379741,0.0,0.3484938400592529,5.546606746287229,-16.856559179162755,0,0,0,0,0,0,1,0,0,0
TX002045,AC00241,-0.011738810080452,-0.1444726271456597,-1.1333101964580248,-420.96325443271087,0.0,0.3630605718840476,4.569451784872248,-14.264671703171562,0,0,0,0,0,0,1,0,0,0
TX000019,AC00242,-0.0740000553417395,-0.1531512262584395,-0.225317795037764,-447.85381489406967,0.0,0.2361426962351414,6.2581530851031495,-74.17579105786069,0,0,0,0,0,0,0,0,0,0
TX000684,AC00242,-0.0512941231654932,-0.1377335071248162,-0.9618549225658946,-384.629379102615,0.0,0.3956410033176816,7.528326112940387,-58.13694515851398,0,0,0,0,0,0,1,0,0,0
TX000066,AC00242,-0.0854192984102016,-0.2504597111765266,-2.041183806800955,-462.01616580701807,8.429369702178808e-08,0.1679561695102351,4.28820146273159,-23.87648615446769,0,0,0,0,0,0,0,0,0,0
TX001582,AC00242,-0.1107110121529581,-0.2607325340038455,-1.415881873202835,-465.51704950840497,0.0,0.1060754106003623,3.5626836427506,-22.511149184483227,0,0,0,0,0,0,0,0,0,0
TX002453,AC00242,-0.07597243016054,-0.1518497428023681,-1.3104853043566005,-441.3894901741384,8.429369702178808e-08,0.3624773410591967,4.512085873284283,-11.647789064639948,0,0,0,0,0,0,1,0,0,0
TX001383,AC00242,-0.054255497923394,-0.1269929863187044,-1.785289802617125,-440.267440541548,0.0,0.4442936662034182,6.349533047250355,-12.38690677128226,0,0,0,0,0,0,1,0,0,0
TX002127,AC00242,-0.0413212505222994,-0.2251247939931129,-1.4445900994485328,-437.3152806139804,0.0,0.1432672892392279,4.048727662835894,-17.430832554440034,0,0,0,0,0,0,0,0,0,0
TX000612,AC00242,-0.0699865985364052,-0.2599377398105752,-1.0866679850427603,-453.09660420610334,0.0,0.0771378879505216,3.852105622410539,-24.387975010394737,0,0,0,0,0,0,0,0,0,0
TX000152,AC00242,0.0293984029000317,0.0222890589509505,-0.8867244764810778,-370.8965460425168,0.0,0.4893140265382577,5.773832100617195,-5.895131935741066,2,1,1,0,0,0,1,0,0,1
TX002311,AC00243,-0.026208873435319,0.0680425803407918,-0.5646157428054579,-261.74826723467544,0.0,0.4795465463579511,5.578180620716696,-56.58448143834239,1,0,1,0,0,0,1,0,0,0
TX001160,AC00243,-0.1202883692019772,-0.2576819412601957,-2.265983497169497,-478.1528829382119,5.960464477539064e-08,0.1001853572677521,3.095993660237788,-65.28574488543718,0,0,0,0,0,0,0,0,0,0
TX001922,AC00243,-0.1086693562315769,-0.2585171851689734,-1.60185766691378,-476.4795742685183,0.0,0.0409880060139082,3.37010872060394,2.935877053426265,0,0,0,0,0,0,0,0,0,0
TX000951,AC00243,-0.0887177630666732,-0.2252349336612829,-2.8542757021726075,-467.1479450572468,0.0,0.1323246060890062,4.86756177052018,-22.163996671848235,0,0,0,0,0,0,0,0,0,0
TX000729,AC00244,-0.0886942388018413,-0.2323669441426985,-1.89750126706525,-464.3990734223334,8.429369702178808e-08,0.2732197949432548,6.242109459892056,-74.97897730415416,0,0,0,0,0,0,0,0,0,0
TX001701,AC00244,-0.054252140077568,-0.2201003213464589,-0.4814670460818782,-457.5899948545297,0.0,0.4393741033460751,10.097827389629536,-60.46422342998085,0,0,0,0,0,0,1,0,0,0
TX001950,AC00244,-0.057429907845831,-0.1748760021738913,-2.641823654690432,-452.3900121482522,0.0,0.3954740136111271,5.014106255194135,-21.70333614233179,0,0,0,0,0,0,1,0,0,0
TX001239,AC00244,-0.0551598908523989,-0.0400810665768811,0.9543165750642456,47.60835213319564,0.0,0.69620347840895,6.173425488147217,-10.695418162595994,0,0,0,1,1,0,1,0,0,0
TX001700,AC00244,-0.1102042193995499,-0.2642597904183102,-2.560340883794579,-432.0076016908771,0.0,0.0,3.151286092705956,-23.182154244825032,0,0,0,0,0,0,0,0,0,0
TX001116,AC00245,-0.1219710951496815,-0.2594114155603061,-0.7994949942408507,-471.713112733053,0.0,0.0,5.512379901445064,-78.02950746003555,0,0,0,0,0,0,0,0,0,0
TX001445,AC00245,-0.1013784312089773,-0.2410977087715069,-1.90286767240006,-459.1673686540721,8.429369702178808e-08,0.1770754787206687,5.871184238845172,-65.33929043126932,0,0,0,0,0,0,0,0,0,0
TX002431,AC00245,-0.0674275873224675,-0.1834820317454084,-1.960467010801734,-445.2701981455539,8.429369702178808e-08,0.3690212127413458,4.985209200356315,-21.863876929192475,0,0,0,0,0,0,1,0,0,0
TX001558,AC00245,-0.0231965225983211,-0.1349516165971545,-0.6303471111593044,-413.39554417494463,0.0,0.4732293181266211,5.627202932567016,4.395666271678639,0,0,0,0,0,0,1,0,0,0
TX001986,AC00245,-0.09226005625351,-0.224598858500546,-1.6441232671327803,-444.7946847746192,0.0,0.1455395331872511,3.5076820951782697,-22.51107005422075,0,0,0,0,0,0,0,0,0,0
TX002003,AC00245,-0.0819035138160618,-0.2212869986205035,-1.9135309011885615,-461.9378807923782,0.0,0.3270538827303363,4.2998191001160935,-24.06646856421658,0,0,0,0,0,0,1,0,0,0
TX001524,AC00246,-0.103069468618366,-0.2623888217150658,-0.3945295207473691,-473.2421318573516,0.0,0.064561800494191,6.138210782208487,-79.16261100110061,0,0,0,0,0,0,0,0,0,0
TX001521,AC00246,-0.0530521414092707,0.1954789666446137,2.2443376333985485,1276.8282740239083,3.9690233231358096,0.637830181062598,18.61924875943618,-125.12645714222052,1,0,1,1,1,0,1,1,0,0
TX001726,AC00246,-0.0757000448624118,-0.1936594220311176,-1.4382669644132289,-415.6703876798953,1.1920928955078125e-07,0.4073146786659137,6.927158193286596,-0.4861823338524776,0,0,0,0,0,0,1,0,0,0
TX001043,AC00246,-0.0016035517632013,-0.0451536896628999,-0.5982786257500301,-417.6938920179913,0.0,0.5226858732319138,6.391167816618707,10.153905970378968,0,0,0,0,0,0,1,0,0,0
TX001023,AC00246,-0.0655070503765821,-0.1517235470179556,-0.8392358136301379,-439.5449930637682,8.429369702178808e-08,0.3462056802423746,4.6202208520282655,-16.499615928227573,0,0,0,0,0,0,1,0,0,0
TX000964,AC00247,-0.1207474131487683,-0.2374278346905449,-0.6386365199794692,-469.20692380512577,0.0,0.1356267016667971,5.909399433102977,-76.3453104938047,0,0,0,0,0,0,0,0,0,0
TX001011,AC00247,-0.0031724396095148,0.150064889983456,1.2728853937149056,1186.333272702658,5.976267485740391,0.637830181062598,18.103053319737462,-125.12653904767788,1,0,1,1,1,0,1,1,0,0
TX000173,AC00247,-0.0753414782585332,-0.2493059353533944,-1.4899448227175576,-454.6654310557118,0.0,0.1191241377531747,3.691015939804083,-20.67248785478444,0,0,0,0,0,0,0,0,0,0
TX001680,AC00247,-0.0919689075630968,-0.261392010283638,-1.8858655498621013,-473.5854583182698,8.429369702178808e-08,0.0768816786027248,3.3712475294496618,-25.915449411371643,0,0,0,0,0,0,0,0,0,0
TX000985,AC00247,-0.1068788762294799,-0.2485856991252202,-1.2780389830068533,-460.4655744004896,0.0,0.0763991422348263,3.877094204166456,-23.22341713588941,0,0,0,0,0,0,0,0,0,0
TX001572,AC00247,-0.0047829100810092,-0.196942828206273,-0.6939636465237946,-431.1422009936906,0.0,0.3282623198359756,4.268807451186304,-14.25441879766544,0,0,0,0,0,0,1,0,0,0
TX001261,AC00247,-0.0419518485352732,-0.0668746912606408,-1.276630959861821,-440.9552680857685,0.0,0.471740531462053,6.544638948104144,-14.837902932322312,0,0,0,0,0,0,1,0,0,0
TX000324,AC00248,-0.0956529212785931,-0.2171697156899699,-1.4825842028312,-357.95020308491706,0.0,0.2007023619015234,4.2575818193629,-69.31990598424322,0,0,0,0,0,0,0,0,0,0
TX001068,AC00248,-0.0837590403466779,-0.2427341006825334,-1.6120121371006828,-459.8908527057754,0.0,0.1359131089858596,3.674829886687072,-59.935171043481176,0,0,0,0,0,0,0,0,0,0
TX002012,AC00248,-0.0576068862944204,-0.1814139636452842,-2.7955101067192576,-451.41373045256086,0.0,0.4469847997182505,6.104992979334958,-16.24672793487831,0,0,0,0,0,0,1,0,0,0
TX002219,AC00248,-0.0722781144709711,-0.2023880855742577,-2.7103515280984976,-451.82871652741767,1.1920928955078125e-07,0.4515374355071304,6.373278633020064,-12.855859325672704,0,0,0,0,0,0,1,0,0,0
TX001075,AC00248,-0.0925083561070059,-0.2665156402363506,-2.303763584297608,-457.423269885904,0.0,0.0848654402976558,3.2854823258173926,-23.59495861582917,0,0,0,0,0,0,0,0,0,0
TX002119,AC00248,-0.0456616015068402,-0.1480744747758986,-2.260157766001001,-177.56492016416178,1.1920928955078125e-07,0.4431565786661102,5.994457532285005,-6.7074938801196415,0,0,0,0,0,0,1,0,0,0
TX001957,AC00248,-0.0619402885031756,-0.2521181915649348,-1.521454647921917,-422.8367236250012,0.0,0.1002902713323853,4.004680341452806,-17.29701897053359,0,0,0,0,0,0,0,0,0,0
TX000211,AC00249,-0.1000265665293281,-0.1733419547812535,-1.6781846819556812,-466.5657832641043,0.0,0.3240290901126876,4.309979800950892,-72.30845293622278,0,0,0,0,0,0,1,0,0,0
TX001506,AC00249,-0.0341500244477925,-0.2040592934059004,-2.208395459819151,-463.9945281015856,8.429369702178808e-08,0.3986178080254711,4.778284744580636,-43.676361252855045,0,0,0,0,0,0,1,0,0,0
TX001071,AC00249,-0.0797033749916416,-0.2374893489544804,-1.8272005478315112,-470.5169941938656,0.0,0.160663148462641,3.483928966427828,-23.84480186695798,0,0,0,0,0,0,0,0,0,0
TX001201,AC00249,-0.0905638351413648,-0.248046794237686,-1.5083019111721594,-471.9384649673446,5.960464477539064e-08,0.0617219871989437,3.516877739399624,-25.29577410129484,0,0,0,0,0,0,0,0,0,0
TX000829,AC00249,-0.078138071965405,-0.2546213619725768,-1.1701325243002572,-464.04942637922574,5.960464477539064e-08,0.0737054501965902,3.931053876441264,-25.820598777183505,0,0,0,0,0,0,0,0,0,0
TX001334,AC00250,-0.0429880841738066,-0.1872928786491037,-1.0645871129853255,2790.624528279696,0.0,0.4031888335393909,7.291313571972554,-72.59835738538652,0,0,0,0,1,0,1,0,0,0
TX001472,AC00250,-0.0106973552798856,-0.2092322359694285,-0.0467703425706691,-416.6944165287618,0.0,0.445946786287116,15.39926292252855,-55.77078982297279,0,0,0,0,0,0,1,1,0,0
TX002098,AC00251,-0.0193965193709096,-0.153669150064571,-0.6489066678520103,-405.448397053497,2.384185791015625e-07,0.4884687369647013,8.750665279077472,-70.9442959363183,0,0,0,0,0,0,1,0,0,0
TX002239,AC00251,0.0593897085405731,-0.0140001634649491,1.182067619405638,-366.180440467939,0.0,0.650330535270595,15.918542827448375,61.25707009122067,2,1,0,1,0,0,1,1,1,1
TX002467,AC00251,0.0053518241950689,-0.0620106555217101,-1.6131728386690778,-59.22365721617683,0.0,0.5661722224235249,7.371669526798851,8.918194988968596,1,1,0,0,0,0,1,0,0,0
TX000391,AC00251,-0.022652260285874,0.1094005347762687,-0.3548627783823814,-402.9273172270436,0.0,0.6366934619178835,9.616795877582035,-5.782431999610452,1,0,1,0,0,0,1,0,0,0
TX002015,AC00252,-0.1159765251672878,-0.2470447733843184,-2.3588490524997763,-472.8513490118332,5.960464477539064e-08,0.2100459224005622,3.585278878871225,-75.93677881283598,0,0,0,0,0,0,0,0,0,0
TX002243,AC00252,-0.0178847754774664,-0.1377286573034015,-0.0002585174581213,-294.4015749864224,0.0,0.6090027258416478,10.88804502813668,-50.52732837973957,0,0,0,0,0,0,1,1,0,0
TX000731,AC00253,-0.1005618731684724,-0.2039261927751923,-1.6558799847397498,-393.0211983010308,0.0,0.4944438823653858,10.036312310110356,-70.4983558047315,0,0,0,0,0,0,1,0,0,0
TX001882,AC00253,-0.0670660941028017,-0.1282875228030271,-1.7540211607405851,-412.6103753034817,0.0,0.5616087310103609,7.549625156537703,-57.14161545917012,0,0,0,0,0,0,1,0,0,0
TX000874,AC00253,-0.0407377485379585,-0.096700611172716,-2.385373044363133,-447.6859194723645,0.0,0.4888508053983455,5.864560196054223,-10.128754776708195,0,0,0,0,0,0,1,0,0,0
TX002288,AC00253,-0.0545810846134628,-0.184365821831405,-2.4566371857985096,-435.53131574237256,0.0,0.4002242584354601,5.800037831308555,-15.283607834206109,0,0,0,0,0,0,1,0,0,0
TX000249,AC00253,-0.0382424828363125,-0.2175640240991709,-0.8616222512140581,22.84636525681861,0.0,0.5491754154882263,8.976409476665971,-9.520422406449883,0,0,0,0,1,0,1,0,0,0
TX001539,AC00253,-0.0277335335233147,-0.1776068700915545,-2.0072104951508187,-424.5495301523336,0.0,0.3838690379325902,5.795294385104243,-18.25541213212453,0,0,0,0,0,0,1,0,0,0
TX000934,AC00254,-0.0855375237575546,-0.1960716539771672,-0.2824254769543124,-452.616125482912,0.0,0.1846445611765119,6.017247853817159,-68.74203126712331,0,0,0,0,0,0,0,0,0,0
TX001586,AC00254,-0.0415293461106094,-0.1538285040242193,-1.5408775059367592,-427.7997135000973,0.0,0.4412904355420651,7.0421144289827,-58.29456137711213,0,0,0,0,0,0,1,0,0,0
TX001112,AC00254,-0.0846174502227106,-0.2314855228185268,-2.100360225170224,-459.2358140909906,0.0,0.1663392153576762,6.179804272916655,-20.03917704937445,0,0,0,0,0,0,0,0,0,0
TX001150,AC00254,-0.0830635987567817,-0.1315285700495321,-2.296782533920716,-465.36167733776347,0.0,0.4176346859591289,4.981402153582181,-18.529884502846308,0,0,0,0,0,0,1,0,0,0
TX001449,AC00254,-0.0586297384208737,-0.1971997417804329,-1.3684513113856998,-439.0345825965093,8.429369702178808e-08,0.1672937734852677,4.681228613375201,-22.199721544823493,0,0,0,0,0,0,0,0,0,0
TX001246,AC00254,-0.0627750029453997,-0.2594486653287454,-1.885523458553651,-387.15731896738174,5.960464477539064e-08,0.0963948779135186,3.397283770180721,9.614265599681854,0,0,0,0,0,0,0,0,0,0
TX002309,AC00255,-0.077610855381185,-0.2172482142999618,-1.136944277038273,-462.2203202767757,0.0,0.2603863984298747,7.119814957072792,-77.81132643254281,0,0,0,0,0,0,0,0,0,0
TX001839,AC00255,-0.0377008871388545,-0.1415836140771122,-0.7654411325708157,-442.4556825172672,0.0,0.4800887460848233,10.64722552123593,-57.402864131246425,0,0,0,0,0,0,1,1,0,0
TX001007,AC00255,-0.0947669258396529,-0.2580472700816548,-3.315524601821153,-477.1652328922467,0.0,0.0235070347200084,2.9231804821262277,-29.5128764963726,0,0,0,0,0,0,0,0,0,0
TX000490,AC00256,-0.1051107389161161,-0.2452400099707263,-1.6928666035119644,-470.9247222239012,0.0,0.1560934172582006,3.8508509068668895,-75.18506021064378,0,0,0,0,0,0,0,0,0,0
TX002079,AC00256,-0.090297246526337,-0.2428152919211965,-1.791341682441976,-459.4191519238552,0.0,0.3726604821024024,5.663170659634029,-62.3443145449948,0,0,0,0,0,0,1,0,0,0
TX001982,AC00256,-0.027086907031619,0.1520837969389687,-0.725765995702826,-401.4866282705219,0.0,0.6622503121730937,9.965459246923048,17.207434714936635,2,0,1,0,0,0,1,0,1,1
TX000550,AC00257,-0.1122126079100268,-0.2545946863546956,-0.8164329279454545,-468.7973070284765,0.0,0.0753587164964804,5.220992136917849,-77.08799945870537,0,0,0,0,0,0,0,0,0,0
TX000748,AC00257,-0.0801741676109408,-0.228990975069085,-1.7792214634011856,-447.47084419978586,1.6858739404357617e-07,0.3542993674359228,4.552222440484488,-63.65882923878068,0,0,0,0,0,0,1,0,0,0
TX001627,AC00257,-0.1068720075316288,-0.2612491154255374,-1.944366216685001,-468.0694048478513,0.0,0.1020931803982042,3.207006592545344,-23.58070592568369,0,0,0,0,0,0,0,0,0,0
TX001606,AC00257,-0.033908718791738,-0.0686582056652025,0.0002383982189986,228.23868676597849,0.0,0.663682822094524,4.772960538517476,-4.040895958858622,0,0,0,1,1,0,1,0,0,0
TX002187,AC00257,-0.1126571349484082,-0.242009904196826,-2.339898707973729,-460.0041929299641,0.0,0.1407844282531233,3.777434762220524,-25.544438987490008,0,0,0,0,0,0,0,0,0,0
TX000163,AC00257,-0.0612754197235528,-0.2345856761029454,-1.6980434925791368,-443.192601863539,8.429369702178808e-08,0.1645764799298668,3.8410754639087217,-20.943305230037144,0,0,0,0,0,0,0,0,0,0
TX001430,AC00257,-0.0867739749029251,-0.2536109496149239,-1.756956147869369,-434.8045569132443,0.0,0.1138342147536145,3.278453220794457,-22.443756421578048,0,0,0,0,0,0,0,0,0,0
TX001453,AC00257,-0.0928400497789875,-0.1988104066486662,-0.6385674046907965,-438.8099966225319,0.0,0.1811952832655533,4.370818233703407,-16.522766155244614,0,0,0,0,0,0,0,0,0,0
TX001013,AC00257,-0.0384271256479444,-0.1554121356553295,-1.138872936155252,-340.1578247222717,1.1920928955078125e-07,0.4209427916601007,7.144116994179693,-8.534644837426445,0,0,0,0,0,0,1,0,0,0
TX002420,AC00257,-0.0925181415548164,-0.1528670021243752,-1.1773119153064044,-369.4637302596144,0.0,0.3790621840296678,4.395047031300546,-7.601162232640366,0,0,0,0,0,0,1,0,0,0
TX000661,AC00257,-0.053548364578669,-0.1605440946823939,-1.6041020265197812,-391.349844593328,8.429369702178808e-08,0.3920047364972589,4.906595105749938,-18.87850235728435,0,0,0,0,0,0,1,0,0,0
TX000188,AC00258,-0.0827745041126319,-0.2160113696992407,-1.7403410116239346,-459.8285116587367,0.0,0.3459713511524092,6.526085345395031,-79.05705263047912,0,0,0,0,0,0,1,0,0,0
TX001875,AC00258,-0.0176158546550299,-0.254579023866964,-0.1442854406561409,-436.32714915851983,0.0,0.4671913161669453,11.9707919738586,-55.97326298112447,0,0,0,0,0,0,1,1,0,0
TX002507,AC00258,-0.0419711913857511,-0.2260254557573375,-1.5391909123624412,-454.0965391070501,0.0,0.1232730259487609,4.004315756093261,-19.887677505445343,0,0,0,0,0,0,0,0,0,0
TX001144,AC00258,-0.101461022977092,-0.2437622342729555,-2.061577406304405,-463.45554863914526,0.0,0.1086444899254536,3.2698508085048883,-24.96338409224313,0,0,0,0,0,0,0,0,0,0
TX000256,AC00258,-0.1189377266112206,-0.2712375991803267,-2.127984737004009,-388.0822233484757,4.214684851089404e-08,0.0347865254350739,2.862426901402397,-25.03731205710864,0,0,0,0,0,0,0,0,0,0
TX001032,AC00258,-0.0733364479530891,-0.2047748505550011,-1.4629857081143225,-395.160935797146,8.429369702178808e-08,0.3596576962637399,4.532601483355454,-17.479502762637313,0,0,0,0,0,0,1,0,0,0
TX001605,AC00258,-0.0482711738995307,-0.1321161707338451,-1.287135059872618,-400.6906572322737,0.0,0.4695774160643388,5.828420004559956,-16.981566407390105,0,0,0,0,0,0,1,0,0,0
TX001323,AC00259,-0.1112661367480222,-0.2484849884159192,-1.961455708391293,-484.1641627142011,0.0,0.1235204484982352,3.568804543182806,-82.38729091346218,0,0,0,0,0,0,0,0,0,0
TX001612,AC00259,-0.09129987310216,-0.2177975522823816,-1.855728815413329,-461.7931430854697,8.429369702178808e-08,0.198254165669669,4.373198840816043,-62.05032385237824,0,0,0,0,0,0,0,0,0,0
TX001761,AC00259,-0.1044455229726383,-0.2072488626541788,-2.296012234257896,-471.5401408680672,0.0,0.3226658889827679,5.074833742216173,-26.003406339310327,0,0,0,0,0,0,1,0,0,0
TX000246,AC00260,-0.0932469740684927,-0.2566018378609658,-1.1042822902826792,-413.9938635704156,0.0,0.0287586077120609,4.787834233413193,-76.72916302409324,0,0,0,0,0,0,0,0,0,0
TX001268,AC00260,-0.0680244982017254,-0.1375068905832781,-1.4998036507975403,-460.9663083818683,1.1920928955078125e-07,0.4503280631081613,6.598310404263933,-60.088919897517854,0,0,0,0,0,0,1,0,0,0
TX002373,AC00260,-0.0437818828960551,-0.1463086138733615,-1.6674026594098876,-436.4393656818166,0.0,0.373302338251225,4.069121879241798,5.660496995465021,0,0,0,0,0,0,1,0,0,0
TX001976,AC00260,-0.0980605191905983,-0.2538768638746183,-1.4113884238003165,-470.3084486230877,5.960464477539064e-08,0.0276905575976548,3.607155839300253,-25.28439337234662,0,0,0,0,0,0,0,0,0,0
TX000357,AC00261,-0.0838918362381607,-0.1561153783395337,-1.3400240376585266,-446.0875474011823,0.0,0.2945784623283318,4.78865667111567,-60.38114465254127,0,0,0,0,0,0,0,0,0,0
TX001725,AC00261,-0.0754905935474912,-0.2122654309631346,-0.787690564604242,-448.1186328856133,0.0,0.3472291413543286,4.4424705757106535,-54.28397014326839,0,0,0,0,0,0,1,0,0,0
TX002095,AC00261,-0.0930222654526592,-0.2126510203988625,-0.5531538222390378,-451.45982828378607,0.0,0.1867520049747364,4.360404705718867,-18.363751909498276,0,0,0,0,0,0,0,0,0,0
TX001419,AC00261,-0.0938416163160289,-0.2413637483796562,-0.4477468589327031,-461.995279682479,0.0,0.1051950904468513,4.277191657653364,-23.339057446926574,0,0,0,0,0,0,0,0,0,0
TX001288,AC00261,0.0111256531161385,-0.1637261400229086,-0.4726784309877452,-259.4492542856874,0.0,0.5150025894461518,7.347926981242148,14.77765003051027,2,1,0,0,0,0,1,0,1,1
TX001641,AC00261,-0.081927330946828,-0.2098529144529757,-0.922019432014844,-447.7790385967944,0.0,0.1965858893925524,4.170335530590487,-17.20756933668824,0,0,0,0,0,0,0,0,0,0
TX002000,AC00261,-0.0608347425657037,-0.1450304888085425,-4.249625513885746e-05,-414.81737529242895,8.429369702178808e-08,0.3496380415043704,4.885843556768626,-8.11630234597104,0,0,0,0,0,0,1,0,0,0
TX001384,AC00261,-0.0414779789283192,-0.216612624565714,-1.2675180587696089,-391.9963211598659,1.1920928955078125e-07,0.3860502722710067,6.680182744457339,2.5191569414358748,0,0,0,0,0,0,1,0,0,0
TX002370,AC00262,-0.0722722895635591,-0.1634612241563928,-2.1070478985407988,511.096792252604,1.1920928955078125e-07,0.370701922501671,6.315270565243951,-77.04272395929254,0,0,0,0,1,0,1,0,0,0
TX000794,AC00262,-0.031532845335145,-0.0793029428857921,-2.782012815608617,-394.7832804504507,0.0,0.4770033420347401,5.2059522272247545,4.673195031020594,0,0,0,0,0,0,1,0,0,0
TX000424,AC00262,-0.0462039540364528,-0.0606626263577296,-1.8320640802173929,-400.94510040181234,0.0,0.6103498146068704,9.07830554738559,9.58156777207825,0,0,0,0,0,0,1,0,0,0
TX001130,AC00262,-0.0323413862028424,-0.0761484194768693,-2.0563232358594643,-434.8936605236261,0.0,0.4740743365231785,5.838500379115443,-12.595050210750632,0,0,0,0,0,0,1,0,0,0
TX000642,AC00262,-0.0600342191762427,-0.2352206039643578,-2.616647385604816,-444.18292641856016,0.0,0.1563381200054465,4.475040488082429,-21.42627469422488,0,0,0,0,0,0,0,0,0,0
TX001793,AC00263,-0.0890896219865714,-0.2311705121672926,-0.8079000052476193,-471.8311518444541,0.0,0.1240570512122272,5.393831873208476,-76.30951745806908,0,0,0,0,0,0,0,0,0,0
TX000272,AC00263,-0.017829575318288,-0.2139227554038119,-1.3951194994275795,-399.2099890497112,0.0,0.4176471683485473,6.643073123470006,6.8621875097905125,0,0,0,0,0,0,1,0,0,0
TX001202,AC00263,-0.0098975310662108,-0.1019568597146194,-1.7021244819851835,-318.01696262317336,8.429369702178808e-08,0.4386002049768683,5.1802760965049,0.8816061192100295,0,0,0,0,0,0,1,0,0,0
TX000867,AC00263,-0.1109377217791829,-0.2607479867874869,-2.376438147850571,-471.3727384752884,0.0,0.0749150129572098,3.213202747112321,-25.55411025778256,0,0,0,0,0,0,0,0,0,0
TX002046,AC00263,-0.0371756110444727,-0.2087297005409689,-2.753548411233133,-270.35180658305444,0.0,0.3345395064365025,5.12878627353733,-15.939957343454546,0,0,0,0,0,0,1,0,0,0
TX000374,AC00264,-0.0947256324663536,-0.1452045826979924,-1.4702412663781868,-468.4588629887015,0.0,0.2828660726590293,4.481871856472062,-73.84040984994195,0,0,0,0,0,0,0,0,0,0
TX001319,AC00264,-0.105545852338476,-0.2513545516215096,-1.5377672234567736,-466.7024903820591,0.0,0.1081180225069939,3.5208555270114585,-60.60833400086608,0,0,0,0,0,0,0,0,0,0
TX000908,AC00264,-0.0564219457893486,-0.1648301420536879,-2.32010902687181,-458.4378651268643,0.0,0.4705570249865105,4.986306521140569,5.288329152877115,0,0,0,0,0,0,1,0,0,0
TX000455,AC00264,-0.002806169931583,-0.058002889363431,-1.906577577598945,-427.8010025809844,0.0,0.540708037546,6.982662978043736,18.393281456473183,1,0,0,0,0,0,1,0,1,0
TX000329,AC00264,-0.1063175213438609,-0.2599499710599121,-2.8445279585344974,-464.19537708892926,0.0,0.0585647708676998,3.015443440916913,-28.522607435637976,0,0,0,0,0,0,0,0,0,0
TX000014,AC00264,-0.0499879461975049,0.137150168188616,1.6083785017950143,818.0433752672304,10.579590999664736,0.7030968799254101,12.593682005960082,-138.3869305545983,1,0,1,1,1,1,1,1,0,0
TX000530,AC00265,-0.0129969392722374,-0.0971102745066512,-0.7499740187007831,4777.028714854097,3.371747880871523e-07,0.5828229976896881,10.214523873324003,-64.25205900733656,0,0,0,0,1,0,1,0,0,0
TX000101,AC00265,0.0076452035729458,-0.121924019487434,0.7057626816058971,-396.6419866915945,0.0,0.5127563194180852,17.077422339099495,-56.38490688549054,1,1,0,1,0,0,1,1,0,0
TX000888,AC00265,-0.0334988529526193,-0.2090769415291569,-1.9695683096552208,-439.2574113306234,0.0,0.3802118047775151,6.303629996741474,-19.13504382187807,0,0,0,0,0,0,1,0,0,0
TX001844,AC00265,-0.0890475515162392,-0.2111998983961793,-2.190378116831861,-446.9077334501123,0.0,0.3355629909857829,4.223109376219348,-20.7182448887906,0,0,0,0,0,0,1,0,0,0
TX001752,AC00265,-0.0888654209260688,-0.2353683260927181,-2.133863847885077,-337.41758866911573,0.0,0.1077808373915543,3.3596771724680274,-18.716010434723103,0,0,0,0,0,0,0,0,0,0
TX000394,AC00265,-0.0546506695374913,-0.1884912688295803,-2.0581828196805727,-270.78641295418925,1.0323827311807142e-07,0.3468177693101646,3.586764194705364,-11.576788788340826,0,0,0,0,0,0,1,0,0,0
TX000193,AC00265,-0.085664298724659,-0.2153582626279633,-2.759213488777764,-224.78051217505623,0.0,0.199601426376953,3.508257478494028,-16.08055627163415,0,0,0,0,0,0,0,0,0,0
TX000075,AC00265,-0.0201969991893945,-0.2099134471624171,-0.6538363785442041,-179.2034559266276,0.0,0.5737712466091515,6.49520451353089,-10.183571068423428,0,0,0,0,0,0,1,0,0,0
TX002491,AC00265,-0.0537714831146235,-0.1628692634624957,-1.8731230533714989,-414.2211542409744,8.429369702178808e-08,0.3753129654930715,4.781501178176404,-21.461843834952827,0,0,0,0,0,0,1,0,0,0
TX000510,AC00266,-0.0962220634231781,-0.2103978132203885,-0.9628280020566288,-469.1787755772744,0.0,0.1990675974391407,4.985580935731152,-74.8146977565329,0,0,0,0,0,0,0,0,0,0
TX001278,AC00266,-0.120775501558989,-0.2578600138868516,-1.207198519531941,-468.01921241351926,5.960464477539064e-08,0.0832198219808839,3.817013782565202,-61.14448746430186,0,0,0,0,0,0,0,0,0,0
TX001443,AC00266,-0.0224764871085528,-0.0351299307338659,-1.2389455181510236,-432.5483316872091,0.0,0.52742080478054,7.03793687220248,10.29142010119717,0,0,0,0,0,0,1,0,0,0
TX001463,AC00266,-0.0567479020447527,-0.2259000872882051,-1.10522935500385,-437.1878794839965,0.0,0.1704649741976488,3.776015253212944,-16.153325610548965,0,0,0,0,0,0,0,0,0,0
TX001374,AC00267,-0.083758075490742,-0.1598635073201137,-0.1994376785636049,-466.63159341874535,0.0,0.2411169958554773,6.325403280787982,-76.14919177917837,0,0,0,0,0,0,0,0,0,0
TX000425,AC00267,-0.0406470793282242,-0.1769504215268933,-0.0003431531488384,-153.5182394230282,2.384185791015625e-07,0.4976316456877406,8.274020607191881,-56.63477732991631,0,0,0,0,0,0,1,0,0,0
TX001769,AC00267,-0.0980196379399898,-0.2504340429121335,-1.6464754938401356,-464.0836168664581,0.0,0.1224275330824155,4.569200013419666,-24.40423577679309,0,0,0,0,0,0,0,0,0,0
TX002060,AC00267,-0.0340641368483565,-0.1618461513894677,-2.151132209686313,-427.8820573909051,0.0,0.4803419877852842,6.332046822315288,-1.5169797975010308,0,0,0,0,0,0,1,0,0,0
TX001208,AC00267,-0.0795787727110353,-0.237069538048305,-1.4486246451002067,-455.7022469867893,0.0,0.0987998715199171,3.773021804532623,-22.64501199200878,0,0,0,0,0,0,0,0,0,0
TX001176,AC00267,-0.0938599903467151,-0.1802236819912959,-1.682266274027766,-431.5866490360105,0.0,0.3505109553217737,4.23942880093728,-8.416582815881402,0,0,0,0,0,0,1,0,0,0
TX001209,AC00267,-0.0810060347253658,-0.2239024776994442,-2.526179176286785,-439.0702633695905,8.429369702178808e-08,0.1787498039036988,3.73017905019307,-24.563850556372437,0,0,0,0,0,0,0,0,0,0
TX000036,AC00267,-0.0768556218868984,-0.237148952863907,-1.2757368161637803,-66.59851724134933,0.0,0.1518107002853744,3.867383614156509,20.70429417659889,1,0,0,0,0,0,0,0,1,0
TX002410,AC00267,-0.0380805560244019,-0.2234943732726133,-1.3405446651620905,-332.9930646484584,0.0,0.1299868952612693,3.7349185136613823,12.67168309098548,1,0,0,0,0,0,0,0,1,0
TX002176,AC00267,-0.0761217712635516,-0.2516182733628357,-1.3157796261345371,-355.8961810645877,5.960464477539064e-08,0.0838592004463874,3.9259236794102335,-21.958705917046164,0,0,0,0,0,0,0,0,0,0
TX001451,AC00268,-0.0432860680191567,-0.1663962674230787,-1.1264175781336956,-420.8338524985997,0.0,0.2949694276511823,5.132346828936237,-57.15009473800935,0,0,0,0,0,0,0,0,0,0
TX001367,AC00268,-0.1138801294973633,-0.2239044846653239,-1.8587224668618347,-468.7743583879935,0.0,0.1642769027511983,5.056087330027833,-62.62849952504936,0,0,0,0,0,0,0,0,0,0
TX000172,AC00268,-0.0813573338285363,-0.2667958081430461,-1.9075029435107869,-476.0227763764568,0.0,0.0402632292879352,3.453923865783988,-27.26048741697398,0,0,0,0,0,0,0,0,0,0
TX002273,AC00268,0.0227002503037162,0.219305895426827,-3.503966493845212e-05,-358.9805276573388,7.391028476216657,0.7109044119121788,9.562753907221923,-8.620693062839871,2,1,1,0,0,0,1,0,0,1
TX000370,AC00269,-0.0904114377926107,-0.2170016694612566,-1.5261161241489472,-474.39852317829417,0.0,0.1999676355021585,4.016110358586117,-74.48448676848389,0,0,0,0,0,0,0,0,0,0
TX002445,AC00269,-0.0883514817776771,-0.2484880910718858,-2.2165810668698107,-473.0611224331736,5.960464477539064e-08,0.1499260624407123,3.5358164712352247,-62.98260818850922,0,0,0,0,0,0,0,0,0,0
TX001930,AC00269,-0.0888171905827376,-0.1787785373423733,-1.8148481953167668,-462.6048827453039,0.0,0.3436875866591557,3.923996508313748,-3.847317488839683,0,0,0,0,0,0,1,0,0,0
TX001621,AC00270,-0.0601396513182765,-0.1194397934484921,-1.8268026375447288,-459.3181661173109,8.429369702178808e-08,0.3724470649924307,4.818338742957106,-71.8688408974682,0,0,0,0,0,0,1,0,0,0
TX000016,AC00270,-0.0879148053941241,-0.1606356735121223,-2.021077685034186,-458.3561054658337,0.0,0.4690319340742797,7.203976506604465,-60.532987601745695,0,0,0,0,0,0,1,0,0,0
TX001113,AC00271,-0.0950246098548937,-0.2663257316571874,-0.7709682613448301,-454.9588587805019,0.0,0.0306566488733353,5.510980276666693,-77.4414439982303,0,0,0,0,0,0,0,0,0,0
TX000453,AC00271,-0.0970533420726104,-0.2216314354510842,-1.1388420112801398,-467.34796702489535,0.0,0.1464771309012595,4.382972959732857,-62.133556490416936,0,0,0,0,0,0,0,0,0,0
TX001519,AC00271,-0.0907789530116165,-0.2304418114310944,-1.9594774329598792,-454.65885904652754,0.0,0.3338658635736964,6.618443444614878,5.737978262150093,0,0,0,0,0,0,1,0,0,0
TX000057,AC00271,-0.0088757135523687,-0.1895456732179945,-1.023929967249309,-439.4960292836332,0.0,0.349512464062358,4.957849685272955,-17.412326260156238,0,0,0,0,0,0,1,0,0,0
TX001101,AC00271,-0.0543675517269126,-0.2442969946865154,-2.210963069207136,-439.9922110148787,0.0,0.1731565574294502,5.334605740319249,-22.59608015450446,0,0,0,0,0,0,0,0,0,0
TX000138,AC00272,-0.1122383582582374,-0.2422565485839856,-2.482070064492861,-480.9741276068964,8.429369702178808e-08,0.2041899593003838,4.2974418850126135,-81.9778909649917,0,0,0,0,0,0,0,0,0,0
TX000917,AC00272,0.001287341444912,-0.0078104599313206,-2.070988174273886,-420.18420411956754,1.1920928955078125e-07,0.5150992810215539,5.179282359150192,21.171030551961845,2,1,0,0,0,0,1,0,1,1
TX000805,AC00272,-0.0594833882639984,-0.1749620128008611,-2.341143076110022,-397.4263952231671,0.0,0.3694493586657404,4.15236828480482,7.123286903698418,0,0,0,0,0,0,1,0,0,0
TX001960,AC00272,-0.0426683447526716,-0.1602192003331328,-0.7323438253793704,-394.9824098246917,0.0,0.4915692869008743,7.015194250604088,14.54951915696321,1,0,0,0,0,0,1,0,1,0
TX000296,AC00272,-0.0761411380517826,-0.2433500545242484,-2.261777122359252,-455.5568653573956,0.0,0.0940958462357593,4.002085352080508,-22.97226888298197,0,0,0,0,0,0,0,0,0,0
TX001515,AC00272,-0.0356038718867276,-0.1651508206284444,-1.647104632241163,-395.5886797438093,0.0,0.3650029321111973,4.136246612628829,15.752258375992335,1,0,0,0,0,0,1,0,1,0
TX000365,AC00272,-0.076591382422635,-0.2135333788620035,-1.7730798696729586,-373.4458672718822,0.0,0.3335188457078959,3.960729838210817,-11.438479497647323,0,0,0,0,0,0,1,0,0,0
TX002178,AC00272,-0.085406552702631,-0.2255622702883055,-2.328535877838224,-334.28952120615395,0.0,0.1971236486131074,3.743527724328671,-16.764850489713663,0,0,0,0,0,0,0,0,0,0
TX001610,AC00273,-0.017232170644476,-0.0537084324705117,1.2223213692172763,-307.45966786437333,4.76837158203125e-07,0.6430993166061206,15.795610507291308,-60.81305399537835,0,0,0,1,0,0,1,1,0,0
TX000178,AC00273,-0.0103505774920942,0.7754717674758524,5.772264236223713,-287.82801683980176,10.765473281001016,0.7990117526916128,21.408332307259,-43.10146465180711,1,0,1,1,0,1,1,1,0,0
TX000444,AC00273,0.0466034284669821,0.3441533663066449,1.9723503365358672,-352.5410826433635,0.0,0.6861380156417028,11.988322391522258,38.49217829050594,3,1,1,1,0,0,1,1,1,1
TX002227,AC00273,-0.0001242078389397,-0.1830013906298548,-0.8449894117291379,-372.5510238444057,0.0,0.448504529338815,7.445117843499929,-10.300403093626604,0,0,0,0,0,0,1,0,0,0
TX002133,AC00274,-0.1042058004269324,-0.2612439949372492,-2.146646327581798,-473.24756706040944,0.0,0.2231001959833138,3.8441566568964753,-74.76605211284507,0,0,0,0,0,0,0,0,0,0
TX001795,AC00274,-0.0989691154838733,-0.2494200532889362,-1.7379763798673746,-476.2649548286641,0.0,0.1555712460048586,6.150509608732627,-65.9608161363467,0,0,0,0,0,0,0,0,0,0
TX000418,AC00274,-0.0516742756027933,-0.1975346290775086,-1.870565179293456,-189.939848947672,0.0,0.3663742527935157,6.126108777029604,-6.419341323461279,0,0,0,0,0,0,1,0,0,0
TX000598,AC00274,-0.0808808724295901,-0.1856347456968912,-1.8572050413385188,-454.9738686124845,8.429369702178808e-08,0.3576700278194789,4.349152037123008,-20.848419932877466,0,0,0,0,0,0,1,0,0,0
TX001805,AC00274,-0.0790437820598729,-0.2402036295288387,-1.7299890142191536,-457.7348518360134,0.0,0.1335739033498011,3.759219425860431,-24.70872764824927,0,0,0,0,0,0,0,0,0,0
TX001292,AC00275,-0.0946187143038441,-0.2180169735906394,-2.1577253324109424,-470.20725377823726,0.0,0.2273570774194701,4.224281495344015,-77.10231180210303,0,0,0,0,0,0,0,0,0,0
TX002473,AC00275,-0.0843192128346967,-0.2220525321743287,-1.707945053852484,-463.2516445903928,0.0,0.1917844168207551,4.16539662961644,-56.278291247360826,0,0,0,0,0,0,0,0,0,0
TX001437,AC00275,-0.1070156322139681,-0.2681903110466953,-2.5137007104502604,-474.5366008259058,5.960464477539064e-08,0.0368524359131526,3.002119438455521,-25.04081585809301,0,0,0,0,0,0,0,0,0,0
TX001223,AC00275,-0.1097275544284141,-0.2526237745131064,-2.1593903161005663,-470.1538679021044,0.0,0.1101384581523635,3.670933879376186,-23.39331113632733,0,0,0,0,0,0,0,0,0,0
TX000159,AC00275,-0.0926975610338051,-0.2685444683178686,-1.9053768574204568,-474.8094499097105,0.0,0.0896832159609828,3.208110747282144,-25.291314363250365,0,0,0,0,0,0,0,0,0,0
TX001298,AC00275,-0.0782665246234438,-0.2377357197777538,-3.0236083343291487,-470.7436072492744,0.0,0.1533457623142522,5.620988976810959,-24.97225723759676,0,0,0,0,0,0,0,0,0,0
TX002480,AC00275,-0.0388330247222256,-0.2303180384810199,-1.5906406273033262,-421.99299736362445,0.0,0.1233654376516366,3.755821957571028,-18.89509456509815,0,0,0,0,0,0,0,0,0,0
TX000635,AC00275,-0.0421796534786618,-0.205771380709465,-1.6733687177545669,-385.7181261209315,0.0,0.3222699806538099,4.138901536427953,9.875789669976507,0,0,0,0,0,0,1,0,0,0
TX001954,AC00275,-0.0378845960340976,-0.2289090440646293,-1.0171590403641346,-380.1309740002429,0.0,0.1743267190055519,4.134376707026816,-15.359553646797256,0,0,0,0,0,0,0,0,0,0
TX002479,AC00276,-0.1021753342481654,-0.2547443861821166,-2.152442350540527,-475.01060506304776,0.0,0.2085807603027905,3.9239710442946656,-78.84561042052982,0,0,0,0,0,0,0,0,0,0
TX000648,AC00276,-0.0850091185749863,-0.2475557564672961,-1.07817480568292,-462.66240168051246,0.0,0.193972605424615,6.570351101667913,-60.03892212147249,0,0,0,0,0,0,0,0,0,0
TX002180,AC00276,-0.0734420255429969,-0.2351405620875164,-1.0486273089325202,-461.59358080296965,8.429369702178808e-08,0.1287792708269073,3.992929179653623,-19.729140280480586,0,0,0,0,0,0,0,0,0,0
TX001050,AC00276,-0.0725446591142668,-0.2337045279579244,-2.4186861823797283,-457.3697233454488,0.0,0.3468390213476316,6.191052055618887,-17.1314154572331,0,0,0,0,0,0,1,0,0,0
TX001962,AC00276,-0.0982546142602673,-0.2609786424297274,-2.4869433301038573,-459.0999635904664,0.0,0.0795931782530954,3.4574577605294623,-27.272807769676906,0,0,0,0,0,0,0,0,0,0
TX002234,AC00277,-0.0901365580057997,-0.1394530127153836,-1.1336916807281945,-455.1875425128762,0.0,0.3073577504524781,5.029074933691395,-70.36618046273144,0,0,0,0,0,0,0,0,0,0
TX001493,AC00277,-0.0452676591649893,-0.1437727415320064,-0.9359481736059844,-411.4355690694624,0.0,0.5598013937223288,6.085953268574085,-59.54846601215491,0,0,0,0,0,0,1,0,0,0
TX000699,AC00277,-0.0710101197776612,-0.1352896910504921,-2.7640816775300987,-448.8329509833064,0.0,0.3971041304742759,4.442297418900368,-20.25910452317825,0,0,0,0,0,0,1,0,0,0
TX001989,AC00278,-0.1085954696151793,-0.2296381997004348,-2.4818705132164,-477.67655471923,0.0,0.2256513352896114,3.4747235012467548,-78.57572635822062,0,0,0,0,0,0,0,0,0,0
TX000890,AC00278,-0.0652545516295515,-0.1587275528510316,-2.344123897822751,-398.72665116787647,0.0,0.3997460991421309,5.046151687263891,-56.47616414459948,0,0,0,0,0,0,1,0,0,0
TX000986,AC00278,-0.0893992299394589,-0.1979497467216184,-2.487953143409422,-463.916649697208,8.429369702178808e-08,0.3336356956243691,3.860101070933498,-20.120518604673336,0,0,0,0,0,0,1,0,0,0
TX000801,AC00279,-0.0727259045620672,-0.2098845599134911,-0.970577364062601,-451.5430355608025,0.0,0.3370664836135015,6.897745147229214,-72.90276305406877,0,0,0,0,0,0,1,0,0,0
TX000150,AC00279,-0.0474619283489852,-0.2110831114964246,-0.8225493961009054,-460.9922474024631,0.0,0.4384268350337505,9.00244952418088,-61.34649953792233,0,0,0,0,0,0,1,0,0,0
TX002465,AC00279,-0.1023263847855137,-0.2417348123903619,-2.614824976280305,-464.8924634729061,8.429369702178808e-08,0.0627700312772269,3.6081831556213846,-21.148375316757285,0,0,0,0,0,0,0,0,0,0
TX002263,AC00279,0.0020851817483047,-0.036595816990474,-0.6787716151863012,-391.70766207692566,0.0,0.4462047128363504,5.10202810336343,10.020191354006055,1,1,0,0,0,0,1,0,0,0
TX002494,AC00279,-0.0623116329401201,-0.2206802082588648,-1.826620294752084,-411.6884908188047,1.1920928955078125e-07,0.3483615352727148,5.932443296006666,-16.0087401181399,0,0,0,0,0,0,1,0,0,0
TX000389,AC00279,-0.1189594688567071,-0.2482248574445591,-1.8873971957627609,-404.1925673466752,0.0,0.1230829182967678,3.585269513927275,-17.652343608746218,0,0,0,0,0,0,0,0,0,0
TX001129,AC00279,-0.0853386639450478,-0.2452338986833517,-1.791538710895276,-430.2345839480638,0.0,0.1177654050666952,3.4052645126416485,-23.40354591901809,0,0,0,0,0,0,0,0,0,0
TX001652,AC00279,-0.0949162713271296,-0.2086734932993468,-1.5753962290098222,-443.37996697134463,0.0,0.1921834176176812,3.905070665406436,-21.10291040896616,0,0,0,0,0,0,0,0,0,0
TX000725,AC00279,-0.0818845514667824,-0.2269286800057555,-0.9472283950394776,-333.70072410303885,5.960464477539064e-08,0.1626936120287748,4.011585816792924,-19.156826143787843,0,0,0,0,0,0,0,0,0,0
TX001907,AC00280,-0.0873451091543108,-0.1479841861412321,-0.4647779790326378,-467.9613350283427,1.1920928955078125e-07,0.2756419916572198,6.192446648873954,-76.25573351979267,0,0,0,0,0,0,0,0,0,0
TX000920,AC00280,0.0173258963247275,0.2885843406339194,5.313405004817387,2418.832279825074,15.643757123200178,0.8172379314711004,26.628667652989105,-125.12657366534737,2,1,1,1,1,1,1,1,0,1
TX000970,AC00280,-0.0384888894079975,-0.1549551907909847,-2.033241235651282,-411.5414221504643,0.0,0.3617393385429199,4.499279930407946,-19.322165161033347,0,0,0,0,0,0,1,0,0,0
TX001357,AC00280,-0.0887873328995318,-0.2381406508204961,-2.897453337674593,-463.2460762004805,0.0,0.1690473049689351,3.6268184716824967,-25.734051530119057,0,0,0,0,0,0,0,0,0,0
TX000445,AC00280,-0.0540157317049285,-0.2369260281323897,-2.403441923882067,-300.1159102458264,0.0,0.1231516157874641,3.551295688822525,-12.748392745321016,0,0,0,0,0,0,0,0,0,0
TX000983,AC00281,-0.1091865116003655,-0.2483583188566147,-1.806831999459682,-466.4385228830951,0.0,0.2103873176748145,5.558161738793774,-77.07279758146188,0,0,0,0,0,0,0,0,0,0
TX001829,AC00281,-0.0540826185440763,-0.0845967625891683,-0.4215169111220476,-455.9406547387725,0.0,0.4771847525100017,9.34449702371569,-59.3800750641793,0,0,0,0,0,0,1,0,0,0
TX001156,AC00281,-0.0917558328146536,-0.2447170917708956,-2.9879401053853414,-465.4335721068461,0.0,0.1250986259061681,3.694473951399997,-25.82770086658805,0,0,0,0,0,0,0,0,0,0
TX002104,AC00281,-0.080254199264111,-0.2325274640866577,-2.519028230246642,-450.2564381599561,8.429369702178808e-08,0.165485789581461,3.3239007298576744,-21.88121981937249,0,0,0,0,0,0,0,0,0,0
TX002355,AC00282,-0.0599778295722647,-0.1969570768778845,-0.0668094170894342,-414.701204337854,2.384185791015625e-07,0.4628764050386095,8.101587083223341,-72.24226056511144,0,0,0,0,0,0,1,0,0,0
TX000751,AC00282,-0.0180279254540169,0.0208235463895736,0.9398249670513898,-381.6298648125032,0.0,0.5693808820548877,19.914079030221057,-55.17190557115749,1,0,1,1,0,0,1,1,0,0
TX000073,AC00282,-0.0253042386533942,-0.0602589539578652,-1.172631485729017,-422.4835374328564,1.1920928955078125e-07,0.4781514464253494,6.151393039842811,-13.645357489973184,0,0,0,0,0,0,1,0,0,0
TX000117,AC00282,-0.0438966878379115,-0.150360120570393,-1.690036203462201,-63.20285709856978,0.0,0.376476785934273,4.3149648812936094,22.483737930724327,1,0,0,0,0,0,1,0,1,0
TX000959,AC00282,-0.0375569940783853,-0.150340943038258,-1.9300926552998536,-296.7943936477354,0.0,0.3892852642865744,4.228758603121369,9.283663441531996,0,0,0,0,0,0,1,0,0,0
TX000047,AC00282,-0.0606179815602347,-0.2167618214721347,-1.684661109713998,-356.64694553219687,0.0,0.3302548270378067,4.0755032659165815,-17.338487342457327,0,0,0,0,0,0,1,0,0,0
TX001711,AC00283,-0.0742486111260949,-0.1064120308573224,-0.8759598932652022,-459.6610024014764,0.0,0.3140507149831146,5.287700874757635,-69.4421814686348,0,0,0,0,0,0,0,0,0,0
TX000502,AC00284,-0.1089800048676679,-0.2592184231039255,-1.923959687632454,-477.09051312248073,0.0,0.0317885746213698,3.521443207723426,-79.0793719146718,0,0,0,0,0,0,0,0,0,0
TX002151,AC00284,-0.0878425157292807,-0.1762022647843195,-1.684278334717762,-463.83600008670766,8.429369702178808e-08,0.3842392741802754,4.945533021615797,-61.05484370209699,0,0,0,0,0,0,1,0,0,0
TX001040,AC00284,-0.0273009142975814,-0.1743756584421678,-0.36160822578303,-31.04387320720201,0.0,0.5522578557345783,4.011378987554633,-5.278970547834357,0,0,0,0,0,0,1,0,0,0
TX000137,AC00284,-0.0509920593088903,-0.2132492637794698,-2.7244232374890665,-452.9075193138384,0.0,0.3627682793954802,3.890078395670129,-21.556581881031185,0,0,0,0,0,0,1,0,0,0
TX000292,AC00284,-0.0234832572059068,-0.2174083687878829,-0.8002387346966522,-189.18360932277292,3.371747880871523e-07,0.5694266065032577,5.077644305879007,-7.02533305674171,0,0,0,0,0,0,1,0,0,0
TX000126,AC00284,-0.0313683312424041,-0.0943723816034913,-1.5056871130705751,-241.0862762291784,0.0,0.434131276344841,5.264870035574314,-7.560896919392039,0,0,0,0,0,0,1,0,0,0
TX002469,AC00284,-0.0393627521669768,-0.1284424989023391,-2.4914173150497856,-412.6946114931337,1.1920928955078125e-07,0.4114328206370203,5.26037500211215,-17.685987648187808,0,0,0,0,0,0,1,0,0,0
TX001933,AC00284,-0.024083402617892,-0.1220415968652683,-1.5159221094565505,-381.3673907919263,0.0,0.4201854863826969,5.15244750346722,-16.883903903973373,0,0,0,0,0,0,1,0,0,0
TX000433,AC00285,-0.1168520313394764,-0.2540993491858366,-1.7195060698935585,-475.4125801792835,0.0,0.1744025863197892,4.479417642109555,-80.17287170998988,0,0,0,0,0,0,0,0,0,0
TX000020,AC00285,-0.0651138198293284,-0.2151449301496031,-1.4990694954759771,-461.53006070364586,0.0,0.3254151921332928,4.284491384721706,-59.66330183967795,0,0,0,0,0,0,1,0,0,0
TX000400,AC00285,-0.0891041404987552,-0.2266416602406911,-0.6923739238463735,-241.04112215377307,2.384185791015625e-07,0.5506516881431986,6.246404178610102,-13.341117943914748,0,0,0,0,0,0,1,0,0,0
TX001675,AC00285,-0.0186285339087111,-0.2243864284970851,-2.0138732077329475,-286.00664793722785,0.0,0.4089654718964226,6.375537358952789,6.316094889764283,0,0,0,0,0,0,1,0,0,0
TX000312,AC00285,-0.0002969484994977,0.2819962567948155,4.436547811365892,1173.2602245737685,16.698029365894232,0.7792976720724929,19.559370288901388,-138.3868278332682,1,0,1,1,1,1,1,1,0,0
TX001878,AC00285,-0.0639976662648972,-0.2129556565205395,-1.7179815754844867,-268.99976638978035,0.0,0.191742601170952,4.426054632690247,-14.32543658846713,0,0,0,0,0,0,0,0,0,0
TX001247,AC00285,-0.0707724003593336,-0.2202890533477646,-1.945879606590584,-319.0992537597871,0.0,0.184356379242657,4.280276081044328,-18.034646436060275,0,0,0,0,0,0,0,0,0,0
TX000325,AC00286,-0.1194127853893727,-0.2546232133892211,-2.122280449172333,-481.784423328766,0.0,0.1097733844875094,3.2880893084294214,-81.17691287752007,0,0,0,0,0,0,0,0,0,0
TX000676,AC00286,-0.1086918643163012,-0.2325739576685768,-1.3993765132074485,-472.8078402459043,0.0,0.1611759903904754,4.822276811730795,-63.24985556061168,0,0,0,0,0,0,0,0,0,0
TX001091,AC00286,-0.0677860282983401,-0.2147861415103176,-0.5749091555686903,-441.8657302035815,0.0,0.1699026611945301,4.424363258386929,-11.46939102773482,0,0,0,0,0,0,0,0,0,0
TX001554,AC00286,-0.0646690031115992,-0.2418471114728573,-0.9549072329649028,-441.8249838257874,0.0,0.1311056218794565,4.034886976800714,-15.884238226896162,0,0,0,0,0,0,0,0,0,0
TX001141,AC00286,-0.0988156426751835,-0.2473292532714106,-0.8455439633997877,-444.5109446715693,8.429369702178808e-08,0.12630856479906,4.3104220009620935,-19.595784011612952,0,0,0,0,0,0,0,0,0,0
TX002016,AC00286,-0.0533480095024362,-0.1771994759525259,-1.102131026556778,-433.4485884651872,0.0,0.3647208273689869,5.296274186050326,-13.776386307680134,0,0,0,0,0,0,1,0,0,0
TX000691,AC00287,-0.0874159587900328,-0.2367502626216695,-1.864063541127168,-458.2623457626671,0.0,0.3352890959005382,7.069452263653642,-73.40886389396296,0,0,0,0,0,0,1,0,0,0
TX001730,AC00287,0.0022233331347999,-0.1584163175681217,-0.2384020937392357,-431.3916316084173,0.0,0.5170269646992969,10.83667344826326,-53.67252250401688,1,1,0,0,0,0,1,1,0,0
TX000739,AC00288,-0.1068970498257584,-0.220881340923756,-2.1110420034421478,-475.35368710915344,0.0,0.2457137943298666,3.850734523189785,-78.30865660100952,0,0,0,0,0,0,0,0,0,0
TX002314,AC00288,0.0089664961920022,-0.0170235034360162,-0.0250153658887288,-353.2594236253448,2.384185791015625e-07,0.6386771903057614,8.18277633089026,30.172460171724406,2,1,0,0,0,0,1,0,1,1
TX001856,AC00288,-0.0359566787511778,-0.1086125990311173,-1.5558282592189112,-437.8477801336826,0.0,0.4514456233170183,6.05708896060284,-17.65468187821803,0,0,0,0,0,0,1,0,0,0
TX001717,AC00289,-0.0763880449111031,-0.2380212774721455,-1.612286589424988,-460.69131554763015,0.0,0.3050259175104625,6.268487994442881,-78.23776317579981,0,0,0,0,0,0,0,0,0,0
TX001825,AC00289,-0.0397811422949143,-0.2717092671183687,-0.6303551946997406,-448.39147342259895,0.0,0.4153742918308209,12.109126371756808,-58.94707088960766,0,0,0,0,0,0,1,1,0,0
TX001663,AC00289,-0.0748892144095597,-0.2312866069034216,-2.425035416333781,-460.3034380748185,0.0,0.1418478595810863,3.680004122044675,-22.685111063494944,0,0,0,0,0,0,0,0,0,0
TX001914,AC00290,-0.1243017846921178,-0.2618663106224999,-1.047109274479178,-480.30328689357447,0.0,0.0226526774083262,5.304641366518028,-82.92418316252252,0,0,0,0,0,0,0,0,0,0
TX000458,AC00290,-0.0530838095731154,-0.1606473545817726,-1.1875116176726284,-461.1593773793656,8.429369702178808e-08,0.3788899701336253,5.611250236837904,-62.12832845120426,0,0,0,0,0,0,1,0,0,0
TX002216,AC00290,0.0496663286191941,0.0463737983782774,1.7934361660870008,152.31413084935826,8.1077617308663,0.7616007175530094,14.685016344207789,-125.126191467576,2,1,1,1,1,0,1,1,0,1
TX000624,AC00290,0.015036179485914,0.0086053844871749,-0.687390410113407,-264.2939865287124,0.0,0.5772635993197297,7.78076021548067,11.347188530859054,2,1,1,0,0,0,1,0,0,1
TX001543,AC00291,-0.0949935306454315,-0.1368797709145601,-1.02321550091831,-464.4279425578611,0.0,0.2757423631770639,4.932584018130832,-72.97857254634778,0,0,0,0,0,0,0,0,0,0
TX000032,AC00291,-0.1109837692774386,-0.2365167861013621,-1.1311514418384905,-465.6406107113176,0.0,0.0716958634652384,4.037072295111986,-61.502210175844645,0,0,0,0,0,0,0,0,0,0
TX002019,AC00291,-0.075811423181321,-0.2177214628785833,-2.093923535061876,-465.93888028656335,0.0,0.3390467873000002,5.0752029672438965,-19.41214673472017,0,0,0,0,0,0,1,0,0,0
TX001221,AC00291,-0.0950429462765582,-0.24554673837249,-2.584982054856555,-467.3544760591319,1.6858739404357617e-07,0.1359929411795409,5.991308075615963,-26.077494416827204,0,0,0,0,0,0,0,0,0,0
TX001039,AC00291,-0.1034493932347919,-0.2725233942621241,-2.056358082501124,-476.9152308651162,0.0,0.0,3.0871084179758506,-29.65941081488523,0,0,0,0,0,0,0,0,0,0
TX002228,AC00291,-0.0212237844447029,-0.1791199210241072,-1.6291058159390204,-407.7141765036666,0.0,0.3983901122120335,7.467254551491114,-16.85772332936661,0,0,0,0,0,0,1,0,0,0
TX001643,AC00291,-0.0192037284424172,-0.1667976522537764,-1.6541287608141657,-317.10302088063906,0.0,0.3930406314684874,4.794697750447385,-14.485801954502282,0,0,0,0,0,0,1,0,0,0
TX002242,AC00292,-0.106809552078355,-0.2061761598865206,-1.3849387979434216,-471.28240728538094,0.0,0.1777579406123229,4.085310280804806,-75.35782818115013,0,0,0,0,0,0,0,0,0,0
TX001656,AC00292,-0.0390830549669557,-0.1254229371671369,-2.169145224387961,-407.7733540489221,0.0,0.4313351140778831,5.864904191048229,-37.09269014047521,0,0,0,0,0,0,1,0,0,0
TX000403,AC00292,-0.0773733815563588,-0.1849022093457182,-2.8235433165127493,-460.6535983445162,0.0,0.3272317555395593,4.566676930716514,-19.14213932690608,0,0,0,0,0,0,1,0,0,0
TX001386,AC00292,-0.0747041148106155,-0.2402147060577335,-2.3677511087992773,-468.2294924535863,0.0,0.091058825517487,3.758664169880457,-24.83951637635558,0,0,0,0,0,0,0,0,0,0
TX000938,AC00292,-0.0738995268853147,-0.2190136121420469,-2.3916616556831016,-453.0721942322214,0.0,0.3243622294320981,4.16696195675114,-22.69605098520812,0,0,0,0,0,0,1,0,0,0
TX000813,AC00292,-0.0808949950562359,-0.2055177197212183,-1.810238726339588,-435.1656387186338,0.0,0.3253157619246846,3.8996153277611674,-20.94388616931197,0,0,0,0,0,0,1,0,0,0
TX002056,AC00292,-0.0555090205195673,-0.2397679071805993,-1.4676769200100317,-389.10156142289344,0.0,0.1610324626503245,3.6382286629337743,7.190364494646207,0,0,0,0,0,0,0,0,0,0
TX000767,AC00293,-0.0927517221112449,-0.2351858870899636,-0.4286565574245458,-469.5992396350815,0.0,0.0941850107016464,5.750114784614816,-77.6852208931009,0,0,0,0,0,0,0,0,0,0
TX000398,AC00293,-0.0506280969873207,-0.0802448610177359,-1.053629156895644,-453.6616777899218,8.429369702178808e-08,0.419485288533002,5.804299679492619,-55.303176110796855,0,0,0,0,0,0,1,0,0,0
TX001499,AC00293,-0.0821206073635448,-0.2403336269048419,-0.889345019272767,-466.2218646551658,0.0,0.1289049509520521,4.157846864330696,-22.336631612913468,0,0,0,0,0,0,0,0,0,0
TX001967,AC00293,-0.071694944999171,-0.2029566625752605,-1.126193414253855,-465.2299367218409,1.1920928955078125e-07,0.3329011734001142,5.257763019406598,-22.34660335239938,0,0,0,0,0,0,1,0,0,0
TX001978,AC00294,-0.106846437571975,-0.2062909198795142,-1.5221740023976214,-471.8255088391092,8.429369702178808e-08,0.2685136536419072,4.507897546188379,-77.5670711242409,0,0,0,0,0,0,0,0,0,0
TX001703,AC00294,-0.0743723715579919,-0.1819147891261179,-2.631178429100835,-445.614200311748,0.0,0.3826069252047336,4.379692270840434,-59.50355058396111,0,0,0,0,0,0,1,0,0,0
TX001739,AC00294,-0.1193423830808095,-0.2187884838974787,-2.663891685921037,-469.7490214896604,0.0,0.3353708684845818,3.45157329898365,-10.052289077963168,0,0,0,0,0,0,1,0,0,0
TX001534,AC00294,-0.0917494534401609,-0.2040655192370764,-3.0948973530653383,-470.04012886913387,0.0,0.333470500881179,3.3326220070879207,-23.09690045245333,0,0,0,0,0,0,1,0,0,0
TX000525,AC00295,-0.0887052274475511,-0.1577595488653123,-1.6174048033091957,-464.6235629250606,8.429369702178808e-08,0.3313532932036034,4.027298866072092,-73.16405791252153,0,0,0,0,0,0,1,0,0,0
TX000705,AC00295,-0.1093351153695002,-0.1485124112285778,-2.4043665114592567,-471.6849681943703,8.429369702178808e-08,0.3463185683493494,4.827544805710136,-62.41135632124289,0,0,0,0,0,0,1,0,0,0
TX000121,AC00295,-0.1036937431905181,-0.2448712054934991,-2.2314010335194787,-477.5390228916827,0.0,0.0490667679813185,3.221901284660269,-24.799321706864863,0,0,0,0,0,0,0,0,0,0
TX001098,AC00295,-0.0561577591676138,-0.2166593178395313,-2.3832833208491326,-401.85558326404,0.0,0.3245215946663997,4.177258200388312,-20.944625982269915,0,0,0,0,0,0,1,0,0,0
TX000953,AC00295,-0.0890787975236754,-0.263180469597831,-2.398969493167007,-470.3068557861519,0.0,0.0726151478919129,3.253006837853555,-27.774305992263333,0,0,0,0,0,0,0,0,0,0
TX002272,AC00295,0.0467557203174737,-0.1555274351414974,-1.3242869406342166,-260.68274773724403,0.0,0.5381499614301847,7.828736204997925,40.84602514332144,2,1,0,0,0,0,1,0,1,1
TX001667,AC00296,-0.0765813452039904,-0.1856623347732033,-2.296652894564124,-466.23261685562017,0.0,0.357724800477247,6.861535742221243,-78.00199637890306,0,0,0,0,0,0,1,0,0,0
TX000630,AC00296,-0.0246048970896465,-0.1181638611349917,-2.2729912472794105,-414.1305566146814,1.1920928955078125e-07,0.4921762068933818,5.605741491194908,-56.94305422628874,0,0,0,0,0,0,1,0,0,0
TX000049,AC00296,-0.0617111541935904,-0.1896378611712343,-0.4260860112435622,-147.3198830734409,3.371747880871523e-07,0.6030097232133979,4.714871538948751,-2.7776891070839955,0,0,0,0,0,0,1,0,0,0
TX000579,AC00296,-0.0685601168749501,-0.1774662183773268,-2.241923240729614,-462.2287261121294,0.0,0.3460000674193035,4.604356256990157,-18.513819942581858,0,0,0,0,0,0,1,0,0,0
TX001595,AC00297,-0.117382045059534,-0.2641528763045733,-1.921347468975405,-478.830665776759,0.0,0.0477945484110835,3.495730110271732,-79.37979052401766,0,0,0,0,0,0,0,0,0,0
TX001421,AC00297,-0.1151914581915287,-0.2354374592243084,-1.7329208304705954,-455.1832188657591,0.0,0.0,4.46524936597507,-55.13451316439168,0,0,0,0,0,0,0,0,0,0
TX001000,AC00297,-0.0688204322161937,-0.1255320629051894,-1.1910935942654373,-450.6465984613602,0.0,0.3799350521354221,4.345091573375049,-12.241622486892968,0,0,0,0,0,0,1,0,0,0
TX002333,AC00297,-0.1149830130252233,-0.2554248264949298,-2.441121637640567,-473.9317996042788,0.0,0.0512545655911176,4.093170234220393,-25.647868434821767,0,0,0,0,0,0,0,0,0,0
TX000965,AC00297,-0.0804663680028315,-0.243891371690083,-1.5320744389778849,-457.6612109466297,0.0,0.1298397278071376,3.478941163759258,-18.71513422740293,0,0,0,0,0,0,0,0,0,0
TX002508,AC00297,-0.0411295418554756,-0.1583227205217088,-1.2199914289978755,-108.44962842606355,1.6858739404357617e-07,0.4248397146262126,6.9626920878892,-3.105589136914828,0,0,0,0,0,0,1,0,0,0
TX001279,AC00297,-0.0599061718853532,-0.2426235470098621,-2.219621961941749,-372.26672256347695,0.0,0.4558964530785356,9.326558293915186,-15.783362129266829,0,0,0,0,0,0,1,0,0,0
TX002161,AC00297,-0.0773953144887686,-0.241614740373981,-1.960998243988323,-421.65566093764176,0.0,0.1462229473318053,3.620584868286871,-22.866267127324598,0,0,0,0,0,0,0,0,0,0
TX000712,AC00297,-0.0901767376123103,-0.2246007206259261,-1.5108884578484805,-377.2558343271045,0.0,0.1714188468263737,3.919180605638061,-20.57677426301744,0,0,0,0,0,0,0,0,0,0
TX000787,AC00297,-0.042279567261649,-0.1409028515913697,-0.8380486226826633,-375.9246870055362,8.429369702178808e-08,0.3909081438746242,4.49590532112491,11.199928001506574,0,0,0,0,0,0,1,0,0,0
TX002438,AC00298,-0.103814793775079,-0.1790357964614768,-1.1945927879606568,-465.63140255677416,0.0,0.2182644407173715,4.895059854802213,-76.43238666064477,0,0,0,0,0,0,0,0,0,0
TX001523,AC00298,-0.0851921015539996,-0.2346868157335264,-1.4868809008771162,-464.26201176361707,0.0,0.1586623416068635,3.897871117519244,-56.727582524017045,0,0,0,0,0,0,0,0,0,0
TX000174,AC00298,-0.0863138048579321,-0.2202368323090597,-2.1523751368105426,-470.74397663190814,0.0,0.3335718286819506,5.0551263405617215,-14.324404859140731,0,0,0,0,0,0,1,0,0,0
TX001321,AC00298,-0.1022116899099337,-0.2689148134009784,-1.4127858231987602,-477.0539564468306,0.0,0.0843726165056259,3.409855430904098,-26.73420385862921,0,0,0,0,0,0,0,0,0,0
TX000569,AC00298,-0.0627406240818878,-0.2040160014194829,-0.8333135010722188,-451.99452517688206,0.0,0.3296613965136613,4.493655357714617,-17.74326390325731,0,0,0,0,0,0,1,0,0,0
TX002240,AC00298,-0.1050512268767677,-0.2455664718572228,-1.6204200299012932,-471.2341106074115,5.960464477539064e-08,0.1278436670206528,4.046199304458588,-27.14694971866226,0,0,0,0,0,0,0,0,0,0
TX000857,AC00298,-0.0546810542924294,-0.2092256553403124,-1.062388538429829,-452.9151014944428,1.0323827311807142e-07,0.1117290678902372,4.129635641428452,-20.51880198866842,0,0,0,0,0,0,0,0,0,0
TX001277,AC00299,-0.102226387653305,-0.2545669333125255,-0.5801565947675673,-473.7104823981629,0.0,0.0820401931382693,5.527129556123476,-78.5383513028747,0,0,0,0,0,0,0,0,0,0
TX001946,AC00299,-0.0537023907392368,-0.0712100094157059,-1.0825304651379906,-449.7914804317663,0.0,0.4760909737386538,6.706838833458611,-56.58594589117814,0,0,0,0,0,0,1,0,0,0
TX000340,AC00299,-0.0964024191693285,-0.2039124147838096,-0.7034889254752894,-459.2840826994732,8.429369702178808e-08,0.1776923738987831,4.396313587826234,-20.57336770608613,0,0,0,0,0,0,0,0,0,0
TX000233,AC00299,-0.0449392460838816,-0.1803278586318923,-1.425183504926121,-448.5675816388105,0.0,0.3823941564050508,5.059604978138854,-17.781048681942085,0,0,0,0,0,0,1,0,0,0
TX000310,AC00300,-0.0997884327914327,-0.15903072562644,-2.123549791133115,-465.4975619056754,0.0,0.3354562370647864,5.083201442480044,-73.48005837017558,0,0,0,0,0,0,1,0,0,0
TX002388,AC00300,-0.0488875757066329,-0.2369439540402378,-1.4157031902676138,-458.3974266933614,0.0,0.3544787124830184,6.947758959844751,-47.2337342987619,0,0,0,0,0,0,1,0,0,0
TX000322,AC00300,-0.0804369297843677,-0.2386593394247405,-2.4695278043435707,-469.8523673104033,0.0,0.1588571580894939,3.264612645885276,-25.364311519292677,0,0,0,0,0,0,0,0,0,0
TX001847,AC00300,-0.0656834466624983,-0.2565420604074099,-1.9490946586165787,-458.442285817808,0.0,0.118893704780297,3.191055209366561,-22.455497656418267,0,0,0,0,0,0,0,0,0,0
TX000468,AC00300,-0.0718177615926602,-0.1729562504577655,-0.9768775508600508,-440.0368573884141,0.0,0.3699337974879753,4.939402426813153,-21.7372386302768,0,0,0,0,0,0,1,0,0,0
TX001958,AC00301,-0.0228891134656427,-0.1954759714777498,-0.3857983393794342,2841.609194313868,0.0,0.48138122459553,7.387595214213555,-65.677136759909,0,0,0,0,1,0,1,0,0,0
TX001848,AC00301,-0.0223674606711282,-0.1285289193165752,-0.436120510759018,-434.6202796393932,0.0,0.5080045790984817,10.594854202617263,-60.59700899418998,0,0,0,0,0,0,1,1,0,0
TX001505,AC00301,-0.0426693888549462,-0.1829836956308268,-2.0511642985464533,-430.7069654881228,0.0,0.4130315802497686,6.241828290976184,-10.182326889749262,0,0,0,0,0,0,1,0,0,0
TX000416,AC00301,0.0107643596369766,-0.0781302756027666,-1.8195518237181412,-420.0493011400974,0.0,0.4615749647513675,5.423313067114369,-11.227852255907807,1,1,0,0,0,0,1,0,0,0
TX000213,AC00301,-0.0847055140343618,-0.1854045933461516,-2.856616642054677,-428.2734251966183,0.0,0.4171664146926465,5.207412978559612,-16.63267628056011,0,0,0,0,0,0,1,0,0,0
TX000562,AC00301,-0.0533872468713802,-0.0939848056345222,-0.7937296290925584,-384.7705290215852,0.0,0.4160115558279402,5.7881256440546665,-12.111154115119522,0,0,0,0,0,0,1,0,0,0
TX001518,AC00302,-0.059497968245706,-0.2295437728336078,-0.7571403147022036,-434.3619215205835,1.6858739404357617e-07,0.3928007492979077,6.506413189762471,-70.1865281692208,0,0,0,0,0,0,1,0,0,0
TX000855,AC00302,-0.0040599349264014,-0.2087824963765807,0.236970597525433,-429.0121951602509,0.0,0.4966700173582369,14.907294881254446,-59.57180882000182,0,0,0,1,0,0,1,1,0,0
TX001762,AC00302,-0.0785866340755791,-0.2146101035179899,-2.527943200248208,-457.84710010058586,0.0,0.3213484196122632,3.880950893544903,-23.03512983920227,0,0,0,0,0,0,1,0,0,0
TX002475,AC00302,-0.0635968325596159,-0.172362479739528,-2.501173786870769,-435.0286801237939,0.0,0.3916242476312314,5.497715857516271,-17.06285486866758,0,0,0,0,0,0,1,0,0,0
TX001985,AC00303,0.0121288092349949,0.0157040699840358,2.3804957517255234,-278.998363768776,3.7502300966504594,0.6993504586130102,17.38156627867073,-51.21054024856014,2,1,1,1,0,0,1,1,0,1
TX001200,AC00303,-0.0007478861725811,0.9843836321797006,4.470676478806099,-249.1844493595376,9.34114790456688,0.7948765604735074,30.964915190216797,-53.33452493983267,1,0,1,1,0,1,1,1,0,0
TX000153,AC00303,-0.0111467539819525,-0.011132037179022,-0.315671976036759,-330.6657964331941,0.0,0.5639902462371993,8.616713016596556,1.6238006957143467,0,0,0,0,0,0,1,0,0,0
TX000087,AC00303,-0.0274583856111993,-0.1718013555809423,-1.0548637370867835,-348.58274512707254,0.0,0.3763378982381331,5.780452727843839,-11.43816376053191,0,0,0,0,0,0,1,0,0,0
TX001647,AC00303,-0.0663795931151362,-0.1697792832135645,-1.307680058869579,145.27317518662068,8.429369702178808e-08,0.3279760796889769,4.2763778856044485,3.9023141183841648,0,0,0,0,1,0,1,0,0,0
TX002429,AC00303,-0.0221197469769053,-0.0962504678609876,-0.9750761883782016,610.8160149719802,0.0,0.4741713578094474,6.3136853604880825,33.558646350627775,1,0,0,0,1,0,1,0,1,0
TX000877,AC00304,-0.078364155209787,-0.1679970904350136,-1.2278895045730476,-470.6235527613882,0.0,0.2765223141974424,4.350260635051335,-75.388542248069,0,0,0,0,0,0,0,0,0,0
TX001742,AC00304,-0.0902904674295069,-0.2146057047840404,-1.307721155202996,-458.2524768426653,0.0,0.3743116862847958,6.765555246116826,-61.18289171388236,0,0,0,0,0,0,1,0,0,0
TX002334,AC00304,-0.0610858833011962,-0.2349169540593243,-1.9039001934651,-450.4698580815312,0.0,0.1553104414855227,3.550613901828493,-18.279728460634143,0,0,0,0,0,0,0,0,0,0
TX000799,AC00304,-0.0883619266691094,-0.2578582275406482,-1.708514671498051,-467.15614399795606,0.0,0.0791461764253348,3.219037948460459,-23.32587319211247,0,0,0,0,0,0,0,0,0,0
TX001382,AC00304,-0.0928170387423857,-0.268079652107822,-2.0823864604477134,-468.43536100047135,0.0,0.0591302537978161,3.5554311615044822,-26.07291822471084,0,0,0,0,0,0,0,0,0,0
TX001300,AC00304,-0.0415028497460497,-0.1508548265847287,-2.695391717330235,-368.00848709306825,0.0,0.3971752713694091,3.903905172712281,7.733154735546616,0,0,0,0,0,0,1,0,0,0
TX001853,AC00304,-0.1150699326957625,-0.2658673383243116,-2.0342348860495623,-465.8555698847146,0.0,0.0465001946908465,2.9517243082938545,-25.287671835455185,0,0,0,0,0,0,0,0,0,0
TX000973,AC00304,-0.0948499007323392,-0.2593082362173352,-1.5989029595529125,-450.9782078476891,0.0,0.0975139736967021,3.384105440824643,-20.613094022101567,0,0,0,0,0,0,0,0,0,0
TX002130,AC00304,-0.025104305887418,-0.147705070082361,-1.38879459041493,-388.2445331710296,0.0,0.420480510322862,7.152283657857326,-7.4769073139051505,0,0,0,0,0,0,1,0,0,0
TX000251,AC00304,-0.0420938242157144,-0.1371832013342779,-1.8645165162839736,-196.445935340056,0.0,0.4278804501715039,5.581878657350834,-3.58683763528838,0,0,0,0,0,0,1,0,0,0
TX001335,AC00304,-0.0414373987895649,-0.1361389454003965,-1.4728328344103474,-254.86864753924075,0.0,0.3895685396660965,4.887191085317845,-6.451896809492073,0,0,0,0,0,0,1,0,0,0
TX001706,AC00305,-0.0716737875258377,-0.1220890954647375,-0.2383711892592721,-463.0756247536544,0.0,0.265473870753643,6.404671198774564,-73.81820679229367,0,0,0,0,0,0,0,0,0,0
TX000484,AC00305,-0.0510902366379595,-0.1333191760965162,-1.0506975815953083,-368.860242471333,0.0,0.4291230457501977,7.688151190731751,-59.668559490758064,0,0,0,0,0,0,1,0,0,0
TX001365,AC00305,-0.0698539126723314,-0.2273231753359055,-0.9797056928244708,-455.0830306579254,0.0,0.1824308037696431,4.515667070354021,-20.73540113879952,0,0,0,0,0,0,0,0,0,0
TX001846,AC00305,-0.0061230630896118,-0.1849517852367179,-0.4635414369410444,-97.9775175120226,0.0,0.6029600872329292,8.933459385784168,20.65476799174527,1,0,0,0,0,0,1,0,1,0
TX001619,AC00305,-0.049450540654058,-0.0726447123293791,-0.8654973909854942,-434.8932404256389,0.0,0.4229034577533482,4.916171506258378,13.959382400350702,1,0,0,0,0,0,1,0,1,0
TX001748,AC00305,-0.0208525044623442,-0.1675864060278884,-1.7614244770923673,-326.21056419668764,0.0,0.3623268973368352,4.918413281696336,-10.361610559915626,0,0,0,0,0,0,1,0,0,0
TX002423,AC00306,-0.0958007224451635,-0.1958682959197926,-1.129724286544196,-469.0743588636044,0.0,0.2151132544358331,4.661783338168797,-76.77266585295428,0,0,0,0,0,0,0,0,0,0
TX000305,AC00306,-0.0879008886722846,-0.244181076198976,-1.7068639345937928,-466.9481935245796,0.0,0.367832909984657,6.775727157818202,-63.397533682677405,0,0,0,0,0,0,1,0,0,0
TX000399,AC00306,-0.1049903154480778,-0.2660487854441934,-2.7379810059463647,-474.8804128355517,0.0,0.0461722033613046,2.495442580965901,-28.41617536880339,0,0,0,0,0,0,0,0,0,0
TX002426,AC00306,-0.0928310372535153,-0.2544264266315995,-2.6600020930238184,-477.7981373117727,5.960464477539064e-08,0.0512545655911176,3.594714778261909,-27.433067033482303,0,0,0,0,0,0,0,0,0,0
TX001131,AC00306,-0.0926351911874582,-0.2603483573627102,-2.0663090545242806,-465.0595049736321,0.0,0.0366505925050658,3.024853805635584,-26.568224188697403,0,0,0,0,0,0,0,0,0,0
TX000481,AC00306,-0.0743645935563274,-0.1116192922250913,-2.087521463296492,-451.9502893304765,0.0,0.4102479223439244,4.912383585281054,-17.719134383542897,0,0,0,0,0,0,1,0,0,0
TX000260,AC00307,-0.0502396372681098,-0.1990167539764302,-0.4917402415441483,110.63172334012762,1.6858739404357617e-07,0.5414888769044206,10.549837579491816,-67.06951614367455,0,0,0,0,1,0,1,0,0,0
TX000834,AC00307,-0.0609724807523955,-0.1706717698950641,-1.924370549852453,-461.84895608390553,1.1920928955078125e-07,0.3841478095848322,5.748455755656317,-61.92385815887686,0,0,0,0,0,0,1,0,0,0
TX000456,AC00307,-0.0828040846379347,-0.1883229911758503,-1.3696083420222358,-450.64783121624384,5.960464477539064e-08,0.1985325917998386,4.037025711331918,-16.997561340310487,0,0,0,0,0,0,0,0,0,0
TX002398,AC00308,-0.1148812932820415,-0.2621275316942274,-2.1674760571100613,-477.31654595279934,5.960464477539064e-08,0.0339800985436975,3.7912163154739904,-80.56496047668512,0,0,0,0,0,0,0,0,0,0
TX002399,AC00308,-0.0632207371740379,-0.142848950539,-1.423598358058877,-455.59405863108645,1.1920928955078125e-07,0.3762274315862239,6.295458969099684,-60.8725379186894,0,0,0,0,0,0,1,0,0,0
TX001164,AC00309,-0.0806553483067094,-0.158814270558635,-1.105318455018779,-439.5426995604029,0.0,0.2850855943604572,5.323731124580107,-71.48688206899052,0,0,0,0,0,0,0,0,0,0
TX001552,AC00310,-0.0786995334691593,-0.2415774144067703,-0.9225920555426868,-451.1097160608769,0.0,0.3384315142602123,6.301197310052922,-77.73641719850743,0,0,0,0,0,0,1,0,0,0
TX002067,AC00310,-0.0556055975586983,-0.2587888811279264,-0.8076548968796207,-452.4882779315012,0.0,0.3899208213858493,11.768815212765125,-62.030842466727975,0,0,0,0,0,0,1,1,0,0
TX001526,AC00310,-0.0505255212731703,-0.2280763739646438,-0.8587597264376772,-350.5500796007818,0.0,0.5696848898802197,9.904105904203863,-11.045420861663525,0,0,0,0,0,0,1,0,0,0
TX001103,AC00310,-0.0294467703601955,-0.1443390629855445,-1.6920139884736098,-446.6592615458692,8.429369702178808e-08,0.3677547884231188,5.081566876327018,-14.49988120968141,0,0,0,0,0,0,1,0,0,0
TX001042,AC00310,-0.0441064652586077,-0.2045345734772545,-2.5822501647284586,-121.4991739196388,0.0,0.2010289708860923,4.709401068905132,-7.376681708425525,0,0,0,0,0,0,0,0,0,0
TX000092,AC00310,-0.0357303553787062,-0.0955180650401936,-2.105180226128029,-413.8811677037981,0.0,0.4588527986858078,4.988865142805839,10.269299050039006,0,0,0,0,0,0,1,0,0,0
TX000318,AC00310,-0.0797398921258332,-0.2572487258052419,-0.8596769612633537,-253.8600603552084,0.0,0.4730048480444028,9.547738912684002,-11.291165017778406,0,0,0,0,0,0,1,0,0,0
TX001408,AC00311,-0.0997792871776148,-0.2160344157184492,-2.473094510239779,-476.7459807398556,0.0,0.2361363359688263,5.212484210428073,-81.2978990230535,0,0,0,0,0,0,0,0,0,0
TX002489,AC00311,-0.0806374089312237,-0.2071353686263819,-0.7986116601296551,-456.90594076092856,0.0,0.428133537707337,8.655940923725336,-58.08925490651012,0,0,0,0,0,0,1,0,0,0
TX000123,AC00311,-0.0801389610322023,-0.2175744759709921,-0.3548798054355284,-170.1652652259433,0.0,0.5074029482896966,5.534833080631428,11.665057071789752,0,0,0,0,0,0,1,0,0,0
TX001990,AC00311,-0.099866501822686,-0.2134351783600894,-1.762575226817166,-462.4190462465508,0.0,0.1535313784160681,3.620018323502033,-22.364181257455854,0,0,0,0,0,0,0,0,0,0
TX000538,AC00311,-0.0891102798404834,-0.2461328616771099,-2.34276151356819,-467.5164130930668,0.0,0.0959427061479206,4.674662444918933,-28.395964232232323,0,0,0,0,0,0,0,0,0,0
TX001008,AC00311,-0.0817316490331215,-0.2447438093797787,-2.5424885229697907,-466.8452412679744,0.0,0.1079794826187057,3.2494173920467246,-27.563122589564408,0,0,0,0,0,0,0,0,0,0
TX000683,AC00312,-0.0803734484368398,-0.1329493911918098,-0.0663981707298919,-466.2455970366527,0.0,0.2805913924773591,6.456673145927595,-76.02160930105792,0,0,0,0,0,0,0,0,0,0
TX001354,AC00312,0.0868411400464556,5.660965541100501,9.1508453447228,62394.20168571016,128.0219999158857,0.9708530990466578,140.9415893564993,1692.2084433296618,3,1,1,1,1,1,1,1,1,1
TX000606,AC00312,0.0298345431692264,0.0048371737241468,0.908240164878448,-276.4384783936643,0.0,0.5110024559870802,8.686075603385396,20.02369123101729,3,1,1,1,0,0,1,0,1,1
TX002459,AC00312,0.0022922231118359,0.1193574393065519,-0.1209719124266044,-266.2474317250783,1.1920928955078125e-07,0.5816918503743548,7.182428920775345,4.3017463009095245,2,1,1,0,0,0,1,0,0,1
TX000030,AC00313,-0.1009315121441672,-0.2215158014501088,-0.8744123007151998,-466.9864084354127,1.1920928955078125e-07,0.1861136736971532,5.338837615054697,-76.30594830787689,0,0,0,0,0,0,0,0,0,0
TX001690,AC00313,-0.0141164203941737,-0.1043476665994995,-0.4067491425137923,-395.7895984743319,1.1920928955078125e-07,0.3675826991958558,4.968756255966365,9.172080771383095,0,0,0,0,0,0,1,0,0,0
TX000526,AC00313,-0.0010728222143669,0.3695641709078681,2.6616495265988567,46.20210320814891,8.997624565364465,0.7958027617653204,13.452698244274757,51.03129211747509,2,0,1,1,1,1,1,1,1,1
TX001812,AC00314,-0.1111504111621258,-0.2561850735551645,-0.939729971192614,-469.8963948451808,8.429369702178808e-08,0.0703708565917221,5.079137072535372,-76.84801909688227,0,0,0,0,0,0,0,0,0,0
TX002257,AC00314,-0.0929937284188015,-0.2538356306083215,-1.6486683342135215,-458.66031983768033,0.0,0.3299383764613513,5.85903011875385,-64.0510149702462,0,0,0,0,0,0,1,0,0,0
TX000542,AC00314,-0.0652535665934248,-0.2112621162199603,-1.3808365922795025,-453.1231854410458,0.0,0.1513901008216286,3.746356433074719,-18.707477353462213,0,0,0,0,0,0,0,0,0,0
TX000226,AC00314,-0.0476636429435092,-0.0440978646148599,-0.7326018955480791,-444.8135419219856,0.0,0.5071953632370189,7.388779247869168,-15.476687313661165,0,0,0,0,0,0,1,0,0,0
TX002458,AC00315,-0.0674938940339384,-0.2201327404921866,-0.979960464796756,-397.8412229166416,0.0,0.1583253407005361,5.206886070666342,-23.722550415509,0,0,0,0,0,0,0,0,0,0
TX001390,AC00315,-0.0202670129783824,-0.0371900593667433,1.933372019546007,392.144732252002,7.982305890719922,0.7509688339198968,9.875537403135452,-138.3868007349702,0,0,0,1,1,0,1,0,0,0
TX002332,AC00315,-0.0712050684562878,-0.2201104894622465,-2.034512887410326,-465.6451750096259,1.0323827311807142e-07,0.1906416187896721,3.6894678857151466,-23.36035613699497,0,0,0,0,0,0,0,0,0,0
TX002241,AC00315,-0.1071731117965816,-0.2644694994243259,-2.146685440592337,-471.1226902097442,5.960464477539064e-08,0.0618525936726291,3.4178957395913026,-26.486874675702285,0,0,0,0,0,0,0,0,0,0
TX001401,AC00315,-0.1146126504925737,-0.2711549539609591,-2.06324701935565,-472.2389365631434,0.0,0.0725232703742264,2.941255360349084,-26.95061797465877,0,0,0,0,0,0,0,0,0,0
TX001369,AC00316,-0.0688580627295847,-0.2099139672950412,-0.9795877487151596,761.1984275932593,0.0,0.5570633786323803,9.378738943338536,-72.18122891225156,0,0,0,0,1,0,1,0,0,0
TX000330,AC00316,-0.0804427238793379,-0.2453514465043345,-1.0391555317050347,-467.5988968208093,0.0,0.327209606171855,9.43743947675772,-64.72737567713912,0,0,0,0,0,0,1,0,0,0
TX000976,AC00316,-0.0528540002884923,-0.1715008245860925,-1.637264374697656,-430.86274325182126,0.0,0.3783729265426979,5.307631737436528,-15.636645657257407,0,0,0,0,0,0,1,0,0,0
TX000808,AC00316,-0.0434560464640378,-0.0885986010952881,-2.094893348118145,-438.0796895462234,0.0,0.4545691772866325,5.3108237637994655,8.370204045348228,0,0,0,0,0,0,1,0,0,0
TX000376,AC00316,-0.0212913721708543,-0.0777896701337004,-0.6021757383387492,-337.80821633529354,0.0,0.5133710044802253,8.346230328991195,-1.4118617114588727,0,0,0,0,0,0,1,0,0,0
TX000544,AC00316,-0.0098783221086942,-0.1529942183649348,-1.2911463694653182,-154.9501909909327,0.0,0.5631761976765449,9.116407850311129,77.74878369373674,1,0,0,0,0,0,1,0,1,0
TX001607,AC00317,-0.0575569782887263,-0.2289313554296537,-1.2975059232491972,-447.0917396965678,0.0,0.4125413568014246,6.441462062367172,-77.695291314934,0,0,0,0,0,0,1,0,0,0
TX000559,AC00317,-0.0704502673486245,-0.2623871931044432,-0.8992977321896056,-452.2956285558096,0.0,0.4045916081690397,11.771427705380374,-63.17585102617648,0,0,0,0,0,0,1,1,0,0
TX002482,AC00317,-0.0889350705596921,-0.1884640223791485,-3.003323917065696,-464.1225117875431,0.0,0.3756549982958691,4.073868016201429,-22.657515652724644,0,0,0,0,0,0,1,0,0,0
TX000947,AC00317,-0.0668921961838518,-0.2184593314944036,-2.816220608243926,-468.66373158369447,0.0,0.1606090158058883,3.8521240135782686,-24.330386225252813,0,0,0,0,0,0,0,0,0,0
TX002050,AC00317,-0.0442048608267258,-0.2177953960446039,-2.851228398758052,-76.70154502886402,8.429369702178808e-08,0.3572478816718332,4.823128893033207,-6.352844764269428,0,0,0,0,0,0,1,0,0,0
TX001056,AC00317,0.0314682480451524,-0.0844865909881051,-1.7733201254617177,-407.1962163007976,0.0,0.4266817289160977,4.724941440363544,9.859858527205656,1,1,0,0,0,0,1,0,0,0
TX000017,AC00317,-0.012872812344627,-0.2089754339689935,-2.7508755974913104,-251.79209534700792,0.0,0.4019584822811564,5.267641470808536,-7.654284154812803,0,0,0,0,0,0,1,0,0,0
TX000492,AC00318,-0.0566067253050326,0.0672378554514414,-1.065288825249299,-426.3777738776639,0.0,0.5295437859333885,7.323187643163499,-61.34296360078172,1,0,1,0,0,0,1,0,0,0
TX000112,AC00318,-0.0920683362762013,-0.2284584313678193,-2.0304089154492395,-476.4210465918727,0.0,0.373117318923501,6.502422331578979,-66.78878706220077,0,0,0,0,0,0,1,0,0,0
TX001045,AC00318,-0.0800358766429095,-0.2214693320769309,-2.581886866822286,-470.9698615526698,0.0,0.1853798894445066,3.896819493951318,-25.04838949068201,0,0,0,0,0,0,0,0,0,0
TX001692,AC00318,-0.0289090539429404,-0.1790085106093453,-2.799839339675474,-448.39577803470274,0.0,0.3718341354534594,4.167708863896899,-19.34891921287747,0,0,0,0,0,0,1,0,0,0
TX000421,AC00318,-0.0490279579651628,-0.2057254349935389,-2.247644453961424,-436.7515469887872,0.0,0.3555588288099894,6.226329969989151,-20.22276887815277,0,0,0,0,0,0,1,0,0,0
TX000067,AC00319,-0.1070750411647677,-0.2397726926572796,-2.258593941921843,-476.75234506622365,0.0,0.1650108609626064,3.66165687378464,-77.76010558021353,0,0,0,0,0,0,0,0,0,0
TX001788,AC00319,-0.122099741312375,-0.2427169600554612,-2.6858906135064213,-479.040984094696,5.960464477539064e-08,0.1001853572677521,3.2482920919508422,-65.08323479559901,0,0,0,0,0,0,0,0,0,0
TX000264,AC00319,-0.0751055527326146,-0.1582765954727343,-2.870549022952611,-469.0293982798625,0.0,0.359167999602927,4.7970192189214,3.421020006976302,0,0,0,0,0,0,1,0,0,0
TX000825,AC00319,-0.0992962493610114,-0.2457559985660322,-2.3180772291763336,-474.2080017621252,0.0,0.0713757777842498,3.1393294651284616,-25.096908283233905,0,0,0,0,0,0,0,0,0,0
TX000814,AC00319,-0.062800860643247,-0.2102093017773136,-3.1381150708108265,-358.05556677318094,0.0,0.3344775487939609,4.24763858119181,-22.40720760300416,0,0,0,0,0,0,1,0,0,0
TX001714,AC00320,-0.0970215618334469,-0.2435299006541449,-1.164296719216523,-473.9261401081597,0.0,0.0921307869021177,4.705123975721501,-78.95397586875809,0,0,0,0,0,0,0,0,0,0
TX002462,AC00320,-0.1035417998521122,-0.2510762915252024,-1.7227761176022618,-463.3002471781671,0.0,0.3697883242706632,6.393094331241363,-61.47458877239029,0,0,0,0,0,0,1,0,0,0
TX000936,AC00320,-0.0875444593636732,-0.1596741145682458,-1.226279504234844,-465.08936520329,0.0,0.3371374729999378,4.038755381943904,-21.470895559750257,0,0,0,0,0,0,1,0,0,0
TX001883,AC00320,-0.0975908762522436,-0.2189188790796983,-1.9952797881498652,-460.1938109457652,0.0,0.1574809463059999,3.959411873092756,-19.182143200883512,0,0,0,0,0,0,0,0,0,0
TX000130,AC00320,-0.0611878494643417,-0.2019777893617509,-2.4831017560410373,-434.0231013726064,0.0,0.3792363515931404,6.461630088008016,-15.242540577072576,0,0,0,0,0,0,1,0,0,0
TX000186,AC00321,-0.0970645932070393,-0.2199677307771583,-1.860602127540684,-468.62573134710107,0.0,0.2906742636204855,5.012961954755121,-76.9591053249909,0,0,0,0,0,0,0,0,0,0
TX000854,AC00321,-0.0924567693712036,-0.2221945955496795,-1.3370442961675266,-457.8139324930044,0.0,0.3931360402504661,7.24393139909553,-58.808351398693866,0,0,0,0,0,0,1,0,0,0
TX002495,AC00322,-0.0751112327380115,-0.0643588828531791,-1.3581957566668343,-452.59016353386335,0.0,0.4191258416319206,5.905526196915404,-69.48885052276121,0,0,0,0,0,0,1,0,0,0
TX002509,AC00322,-0.0834482723672164,0.0473925030116406,-0.9461472398040288,-420.0426713088872,0.0,0.614163950667403,8.500603108080645,-38.26014097425488,1,0,1,0,0,0,1,0,0,0
TX000555,AC00322,-0.1167310901434021,-0.2509514093282423,-2.4003120583344995,-470.1290733740541,0.0,0.1041735598059312,3.144590579656861,-22.232394128467927,0,0,0,0,0,0,0,0,0,0
TX002294,AC00322,-0.0816617837734603,-0.1486738004401979,-1.6460391783318349,-458.13529759080575,0.0,0.3676365081536484,4.340890658608146,-19.541564639166896,0,0,0,0,0,0,1,0,0,0
TX000372,AC00322,-0.0999545874757725,-0.2587048675332616,-2.1940382931872104,-472.4422156035706,0.0,0.0766888576841836,3.3211990066752746,-29.23299029492549,0,0,0,0,0,0,0,0,0,0
TX002323,AC00322,-0.0405735112524268,-0.1524359300708055,-2.191566552679161,-442.3449820599838,0.0,0.458573055533138,7.032186691196327,-21.66790260805683,0,0,0,0,0,0,1,0,0,0
TX000387,AC00322,-0.0863128416220445,-0.2343429796090053,-1.9610852668165533,-452.7731328504616,5.960464477539064e-08,0.1233007446853735,3.5700437048515736,-24.276851515523852,0,0,0,0,0,0,0,0,0,0
TX001263,AC00322,-0.0633278045859094,-0.1959059189441123,-2.259404233720554,-418.69480434403175,0.0,0.3424176736085103,4.286105032602903,-19.95011136180074,0,0,0,0,0,0,1,0,0,0
TX001679,AC00322,-0.0635826090007892,-0.1801596320545528,-1.8897685245964768,-409.6627776717239,0.0,0.3939804962873757,5.467570842414466,-20.317153673689862,0,0,0,0,0,0,1,0,0,0
TX000784,AC00323,-0.0989073180627869,-0.2069071467929653,-2.0537449206676577,-473.49764440104815,0.0,0.2199223500744465,3.664976326922101,-74.86089559240486,0,0,0,0,0,0,0,0,0,0
TX001019,AC00323,-0.110273802200596,-0.2484729758918094,-1.9624334287496925,-475.5337463982317,5.960464477539064e-08,0.1440540748316072,3.748530515973481,-64.17313935642025,0,0,0,0,0,0,0,0,0,0
TX001525,AC00323,-0.0340538594529254,-0.1369022366972971,-1.2307849188696025,-445.23247617831976,0.0,0.3828166923252082,5.111224699116022,-14.581673482189313,0,0,0,0,0,0,1,0,0,0
TX000671,AC00323,-0.0573772632059515,-0.2414412632955982,-2.25705242228498,-455.2113929632585,0.0,0.1931912189307564,6.977294705469435,-22.25120232962245,0,0,0,0,0,0,0,0,0,0
TX000771,AC00324,-0.108704637118267,-0.2422427814469931,-1.6618962355179612,-476.6913052210317,0.0,0.156897192665415,4.087495474433279,-79.75108599077144,0,0,0,0,0,0,0,0,0,0
TX001538,AC00324,-0.0996467127356799,-0.1838184930377531,-1.0808117237943191,-409.6083374319006,0.0,0.4932496815142684,8.965448335141907,-38.25198060517063,0,0,0,0,0,0,1,0,0,0
TX001625,AC00324,-0.0785479138984091,-0.1801397702089058,-3.0536936074914536,-428.3418016220272,8.429369702178808e-08,0.4088989116531773,4.904787222821428,-5.129433438194016,0,0,0,0,0,0,1,0,0,0
TX002260,AC00324,-0.0569269214491746,-0.2359077384000638,-1.597108849161378,-459.3942044437157,5.960464477539064e-08,0.1408086334519387,3.470602067040156,-19.041496423879263,0,0,0,0,0,0,0,0,0,0
TX002184,AC00324,-0.080471711165144,-0.2398896752385035,-1.9576574395452104,-461.9210387052712,0.0,0.0969633872173519,3.884101769813345,-20.982599339435463,0,0,0,0,0,0,0,0,0,0
TX002140,AC00325,-0.0983747005752896,-0.225702092625079,-2.1570015724547016,-474.25455219660194,0.0,0.2283542912160619,5.472058525038922,-79.9250619587141,0,0,0,0,0,0,0,0,0,0
TX000064,AC00325,-0.0492342390770993,-0.1168388667664122,-2.2858413164722684,-306.29981941122,0.0,0.4856609680281137,6.31970409244737,-55.20626129255503,0,0,0,0,0,0,1,0,0,0
TX002251,AC00325,-0.0319869512608834,-0.1151186974673696,-2.620238327761814,-439.6659428505269,8.429369702178808e-08,0.4554717705412879,4.929384151511179,8.65492466329243,0,0,0,0,0,0,1,0,0,0
TX000500,AC00325,-0.0476563956641764,-0.2096459698460973,-2.4351639723331537,-441.9182983898603,0.0,0.3329259483217504,4.3032398041970215,-11.049917352588675,0,0,0,0,0,0,1,0,0,0
TX002451,AC00325,-0.0906325697181776,-0.1945690499415251,-2.121315481801533,-453.9806737735752,8.429369702178808e-08,0.3461550309222031,4.387434585541794,-22.267601166667905,0,0,0,0,0,0,1,0,0,0
TX002349,AC00326,-0.0945573249115852,-0.2044256757126603,-2.5721987533506336,-467.6878847616126,1.1920928955078125e-07,0.3132961825841823,6.491332662098117,-80.68295219626826,0,0,0,0,0,0,0,0,0,0
TX000745,AC00326,-0.0776778213420084,-0.1865957950810548,-2.764917110645772,-468.0316622089623,0.0,0.369776516509317,4.339762024664338,-60.64824051649105,0,0,0,0,0,0,1,0,0,0
TX001251,AC00326,-0.049552866115161,-0.1854855764530036,-2.696949524868785,-466.0993831436385,8.429369702178808e-08,0.369918862372355,4.214912047968058,-12.076287525971123,0,0,0,0,0,0,1,0,0,0
TX000498,AC00326,-0.0855099932625591,-0.2568565598146725,-3.017488048555005,-451.9228937912855,0.0,0.070758682277921,2.928198124149113,-26.861597256558397,0,0,0,0,0,0,0,0,0,0
TX000395,AC00326,0.0069977661206936,-0.0807286054969858,-0.4814006221737656,-405.5048173594158,0.0,0.4574920607039569,5.586125958906186,12.036047257701238,1,1,0,0,0,0,1,0,0,0
TX000858,AC00327,-0.0865631349816551,-0.2079714750803218,-0.2050199398606746,-469.8719340249823,0.0,0.2190576239944613,6.267587308825411,-77.31382396937374,0,0,0,0,0,0,0,0,0,0
TX000369,AC00327,-0.0416778033570527,0.0927816816638569,0.7802537442454458,984.637139886924,4.860862101966337,0.637830181062598,16.666731234540183,-125.12654911711896,1,0,1,1,1,0,1,1,0,0
TX002364,AC00327,-0.065641894104499,-0.2445141191146478,-1.384117451504741,-443.26868462048566,0.0,0.1101750756339809,3.667937486797472,-16.153956893725482,0,0,0,0,0,0,0,0,0,0
TX000507,AC00327,-0.0621308073468658,-0.2207590725205428,-2.4440601393055967,-449.1390091501284,0.0,0.36972896450915,5.95050510721897,-14.850618480792331,0,0,0,0,0,0,1,0,0,0
TX001979,AC00327,-0.0049831254001218,0.0095159488213882,-0.9307716781674528,338.62077205598194,1.6858739404357617e-07,0.5324145444895672,8.360625523222241,12.034259397928531,1,0,1,0,1,0,1,0,0,0
TX001779,AC00327,-0.0551768060639859,-0.2560253591336334,-1.0963737068177846,-296.8683579193861,0.0,0.4876618326068899,8.95587112607551,-3.573704457886288,0,0,0,0,0,0,1,0,0,0
TX001936,AC00328,-0.097008852380694,-0.2030597462970882,-1.4850072097740998,-465.2573061597535,8.429369702178808e-08,0.182014894152167,4.889356360708321,-74.55275780664118,0,0,0,0,0,0,0,0,0,0
TX000681,AC00328,-0.0857239027936271,-0.2476275259822,-1.711197410698528,-473.8529128018594,0.0,0.1671601489990549,5.692030282497895,-64.61844895631558,0,0,0,0,0,0,0,0,0,0
TX002324,AC00328,-0.0950563092436754,-0.2654737405639684,-2.465760354096357,-477.37934957901535,0.0,0.0964522792807743,3.084717357965848,-27.98940006243712,0,0,0,0,0,0,0,0,0,0
TX001105,AC00328,-0.0492481670233902,-0.2195099790597332,-1.9171298453288497,-451.4234696683485,0.0,0.1856272329448871,3.602110559987452,-17.97377868974126,0,0,0,0,0,0,0,0,0,0
TX001232,AC00328,-0.1154368810682096,-0.2755126957845157,-1.4747315982420286,-466.87173919618607,5.960464477539064e-08,0.0329234075045681,3.334068428459913,-26.45568102971252,0,0,0,0,0,0,0,0,0,0
TX000930,AC00329,-0.1033350689616393,-0.2534033116152323,-0.3791350313387376,-472.5702256357294,1.1920928955078125e-07,0.0,6.188073816925277,-79.4382637442388,0,0,0,0,0,0,0,0,0,0
TX001012,AC00329,0.0190190712282861,10.349896365554,8.232723839033742,195863.5215684835,223.55378394796853,0.9865318793088442,237.66324528304904,-214.92072080208536,2,1,1,1,1,1,1,1,0,1
TX001273,AC00329,-0.0268221843070539,-0.2184833739785237,-0.5008064205120171,-422.8812978355855,1.1920928955078125e-07,0.1569010025031486,4.448681791159145,-8.528328269902733,0,0,0,0,0,0,0,0,0,0
TX000485,AC00329,-0.0449408026987833,-0.1999467163771482,-1.679211556982553,-387.04448934468513,0.0,0.3991408562442057,7.404979458828786,10.956054506162712,0,0,0,0,0,0,1,0,0,0
TX001324,AC00329,-0.0976206066081806,-0.2229216408836236,-2.311307031790701,-459.86196950084974,8.429369702178808e-08,0.1517307163502084,3.796772234951678,-21.152272918579133,0,0,0,0,0,0,0,0,0,0
TX001992,AC00329,-0.0749467046316744,-0.180550448569781,-1.4746264450045423,-450.77110575722514,0.0,0.3268175810358952,3.948567901268993,-21.080246537735537,0,0,0,0,0,0,1,0,0,0
TX000765,AC00329,-0.0563227734858824,-0.2208597323546193,-2.7481817920858536,-279.1361617034269,0.0,0.3333482232807798,4.314040764016669,-15.385709290315422,0,0,0,0,0,0,1,0,0,0
TX000381,AC00329,-0.0484439667165979,-0.2345070417874819,-2.0223486550714007,-404.511456526977,0.0,0.15418157028974,3.425396586327009,16.824658119177922,1,0,0,0,0,0,0,0,1,0
TX002246,AC00329,-0.0817354157731993,-0.2177425705471476,-1.6264602378197743,-443.7754395921116,0.0,0.1914213575374717,3.98754586054644,-17.863023973231204,0,0,0,0,0,0,0,0,0,0
TX001088,AC00330,-0.1052265289878134,-0.2714127465556344,-2.421147499943588,-478.9689148948819,0.0,0.1619628427788585,4.415168700955824,-80.55887738197436,0,0,0,0,0,0,0,0,0,0
TX001257,AC00330,-0.0545235277929963,-0.1683157006215028,-2.4739953145380014,-449.7591778039376,1.1920928955078125e-07,0.3992314069984947,4.746630252278769,-56.13335286943766,0,0,0,0,0,0,1,0,0,0
TX000688,AC00330,-0.0958822846307851,-0.2304634135641776,-2.353326854714915,-476.8074886139524,0.0,0.1104827639432869,3.44922736705643,-18.513201729989024,0,0,0,0,0,0,0,0,0,0
TX002215,AC00330,-0.074958691757091,-0.2634753210108823,-2.0927589244851976,-459.31362111751326,0.0,0.1293150781082473,2.975892869848772,-21.887796802292936,0,0,0,0,0,0,0,0,0,0
TX001143,AC00331,-0.081486980821378,-0.2099312687866756,-2.1576413313452107,-468.03673784773326,0.0,0.3459713511524092,6.929120715204771,-79.68502707661153,0,0,0,0,0,0,1,0,0,0
TX000170,AC00331,-0.0765201096644992,-0.2051399270003566,-2.2098582812808267,-468.0706331960192,0.0,0.4002892720767199,7.321415853293071,-62.7969704433086,0,0,0,0,0,0,1,0,0,0
TX002054,AC00331,-0.0249397187064804,-0.0977690987284727,-1.99417262636147,-440.4551711716813,0.0,0.450811866493685,4.923582055607415,5.935360432379529,0,0,0,0,0,0,1,0,0,0
TX000359,AC00331,-0.1114894224474998,-0.2598693943130823,-2.3654323725169704,-472.9453666006041,0.0,0.0720874423327425,3.0290424995529586,-26.777757714377437,0,0,0,0,0,0,0,0,0,0
TX001078,AC00331,-0.022380979949743,-0.2240300800811792,-1.0332233240576336,-289.46008625256565,2.384185791015625e-07,0.555174412732848,7.141442282479461,-14.621946360814189,0,0,0,0,0,0,1,0,0,0
TX001618,AC00331,0.0060392958121434,-0.1305325097776111,-1.292612978141781,-340.6934753855543,0.0,0.3743073630008291,4.676809894485584,9.621912378517347,1,1,0,0,0,0,1,0,0,0
TX002310,AC00331,0.0181627379932666,0.080825087047589,-0.2130920228060908,-176.24936634758933,0.0,0.5120321432214457,5.940521183539471,23.695875984178095,3,1,1,0,0,0,1,0,1,1
TX000337,AC00332,-0.114621750812055,-0.2833862461172739,-1.3135243001726646,-482.76853802231335,0.0,0.0,4.55710294023415,-81.44405320465526,0,0,0,0,0,0,0,0,0,0
TX002230,AC00332,-0.0787833555620984,-0.2351895884466184,-1.38220781129184,-450.521631165197,0.0,0.4279826068629657,5.137253173296232,-59.90631610058793,0,0,0,0,0,0,1,0,0,0
TX002002,AC00332,-0.0796658294973017,-0.2436249009285631,-2.8370528050933217,-419.7292288309474,0.0,0.1764298187394363,3.445274300896304,-25.29144121383594,0,0,0,0,0,0,0,0,0,0
TX000168,AC00332,-0.0274558567610142,-0.136526407100056,-2.9778043480469307,-283.72951399411187,0.0,0.4089253355073218,4.3591638329078215,13.099997217304589,1,0,0,0,0,0,1,0,1,0
TX001681,AC00332,-0.0815863250293929,-0.217316653715363,-2.494235242796373,-316.4596780961865,0.0,0.3243410910566947,4.062376689821135,-15.723783862402689,0,0,0,0,0,0,1,0,0,0
TX001092,AC00332,-0.0986708040585581,-0.2183344309071169,-2.3356458784181484,-429.03196157681134,0.0,0.1903225172866374,3.9649003969297216,-17.87760228087078,0,0,0,0,0,0,0,0,0,0
TX000367,AC00332,-0.0438267865438329,-0.1735892634158509,-1.8680771697287764,-435.8574611533236,0.0,0.3377546776386672,4.2201018719369126,-17.713363103641495,0,0,0,0,0,0,1,0,0,0
TX001079,AC00332,-0.0835980364285998,-0.2450410765874306,-2.155517771638824,-441.56336597940015,0.0,0.1679523112728343,3.76430629292802,-23.44404427465312,0,0,0,0,0,0,0,0,0,0
TX000423,AC00333,-0.0989888243395449,-0.1721426227204445,-1.5319544996641472,-469.2136155691163,0.0,0.2833012324943876,4.571351604428348,-71.68519702349514,0,0,0,0,0,0,0,0,0,0
TX000149,AC00333,-0.1013768386654562,-0.2407260626035507,-1.4974072022624565,-459.1286641574824,0.0,0.3726604821024024,5.808590937694108,-60.965141006182414,0,0,0,0,0,0,1,0,0,0
TX001732,AC00333,-0.0423335238306515,-0.208938371260976,-1.295333623361703,-435.0489942593425,0.0,0.419271268597782,4.959821891578098,4.899255422808832,0,0,0,0,0,0,1,0,0,0
TX001630,AC00334,-0.1163251970894899,-0.2612983231255219,-2.0166363753645715,-479.6701180687287,0.0,0.0,4.343754461870159,-81.79696400422105,0,0,0,0,0,0,0,0,0,0
TX002097,AC00334,-0.1007882875869304,-0.1816850709358848,-2.65012326155181,-465.6103269543076,8.429369702178808e-08,0.3867755355478356,4.339657884850434,-60.685370745745445,0,0,0,0,0,0,1,0,0,0
TX001228,AC00334,-0.0131255088096754,0.0075093256330014,-1.50528250878949,-433.1355829681993,0.0,0.5187753488658182,6.059773045714591,-9.87765267960609,1,0,1,0,0,0,1,0,0,0
TX001352,AC00335,-0.1157127940437509,-0.2633262589996721,-2.319856838436735,-14.085913359012352,0.0,0.0100606007682339,3.4241238703642662,-79.59045482842808,0,0,0,0,0,0,0,0,0,0
TX001672,AC00335,-0.0618048957418553,0.0033316361523676,-0.1068958107670319,-433.8599496200923,0.0,0.4788791937560455,7.276614545241711,-49.02509368290373,1,0,1,0,0,0,1,0,0,0
TX000115,AC00336,-0.1156562809670759,-0.1699937499642831,-2.3493271848785344,-461.3637475780212,0.0,0.3068332184979481,5.800897736702011,-80.31628421309361,0,0,0,0,0,0,0,0,0,0
TX000982,AC00336,-0.0209322014759199,-0.0758620509575362,-1.9529539472447384,-342.10105877339174,0.0,0.4372218532711353,5.571740488822909,10.076550443943727,0,0,0,0,0,0,1,0,0,0
TX001903,AC00336,0.000763788969847,-0.0657012494699413,-2.1416559614408754,283.1121317928269,1.6858739404357617e-07,0.5891126599617246,9.336226444234962,-3.071579948991422,1,1,0,0,1,0,1,0,0,0
TX000916,AC00336,-0.0562040289298894,-0.1757947757904276,-2.6411107879364284,-443.890999371547,0.0,0.4000981288578387,5.215558459015952,-20.49871787984896,0,0,0,0,0,0,1,0,0,0
TX001843,AC00337,-0.0653060443925373,-0.2351294446012599,-0.7189473657935022,-431.1332462195455,2.384185791015625e-07,0.3518265948664099,6.8764935806696,-75.05303335977206,0,0,0,0,0,0,1,0,0,0
TX002229,AC00337,-0.0431393356234564,-0.2184655225657645,-0.5683614656863405,-444.02304148497245,0.0,0.4715302036620297,11.748114326288622,-62.03340260966914,0,0,0,0,0,0,1,1,0,0
TX001021,AC00337,-0.024420570616421,-0.1278463090200849,-2.302264839763776,-403.68245044630055,0.0,0.4520875507857212,6.041297869064594,11.735916527379398,0,0,0,0,0,0,1,0,0,0
TX001934,AC00337,-0.0820804975604073,-0.1890804062639277,-2.8945683967280207,-456.02650379499335,8.429369702178808e-08,0.3718901280568314,4.61608178378402,-21.535491928381788,0,0,0,0,0,0,1,0,0,0
TX002325,AC00337,-0.066795366043029,-0.2013770679486057,-2.8838561453968694,-353.27210726706056,0.0,0.3587794603361772,4.494648408923904,-18.39977962466122,0,0,0,0,0,0,1,0,0,0
TX001609,AC00337,-0.073073891792819,-0.2169092036893558,-2.422513871042032,-442.8044971671375,8.429369702178808e-08,0.1631403691417109,4.508013482185826,-17.573981890994038,0,0,0,0,0,0,0,0,0,0
TX000248,AC00337,-0.0679097959373962,-0.1790383921520348,-3.155434231748023,-414.5643141278376,0.0,0.4029168937914305,5.28964243978278,-12.248383253942402,0,0,0,0,0,0,1,0,0,0
TX001030,AC00337,-0.005985840891077,0.0024647088420084,0.6631489897081426,324.1128619918772,6.897980169314984,0.7030968799254101,7.577984144069536,-138.38683043330195,1,0,1,1,1,0,1,0,0,0
TX001993,AC00338,-0.0657304361088451,-0.2356612081427793,-1.359201915197545,-455.7792493453707,0.0,0.3050259175104625,6.055681756297962,-79.18304152954893,0,0,0,0,0,0,0,0,0,0
TX001901,AC00338,-0.0354464989176404,-0.2512905396223988,-0.0293383059451066,-440.2926385560335,0.0,0.4720028804373783,14.464181057120882,-62.84060229232746,0,0,0,0,0,0,1,1,0,0
TX000266,AC00338,-0.038732975351241,-0.1818575533849193,-1.396997997591848,-444.3132188140825,0.0,0.3562986998002704,4.450786863786106,-17.57487250363688,0,0,0,0,0,0,1,0,0,0
TX001487,AC00338,-0.0526484626421072,-0.173622958805842,-2.1116770143662738,-433.76108315532014,0.0,0.3665158557945482,4.032803951145611,-17.481379438506924,0,0,0,0,0,0,1,0,0,0
TX001789,AC00338,-0.0006244253699183,-0.0672630330102366,-0.0003238696851664,-318.4126276023844,0.0,0.5512727127122838,8.866441166538873,2.657610882558353,0,0,0,0,0,0,1,0,0,0
TX001366,AC00338,0.0023150243752678,-0.0769803243960962,-0.4265843565471758,-358.0659811980475,0.0,0.4861639294980118,6.624556226677697,-10.654808075124226,1,1,0,0,0,0,1,0,0,0
TX001385,AC00338,-0.0134361158765826,-0.1702511173756711,-1.0180701844741886,-335.65747926235764,8.429369702178808e-08,0.3757863681218267,5.311038120259172,-8.547622213745473,0,0,0,0,0,0,1,0,0,0
TX001192,AC00339,-0.091055457345774,-0.1868287009166018,-2.190223053396677,-472.25855008253535,0.0,0.3051756119089354,6.744492406914318,-80.03290720338362,0,0,0,0,0,0,0,0,0,0
TX002299,AC00339,-0.0220415608205891,0.0236733365174035,-2.093447404244552,-407.542241532301,0.0,0.5688404097863196,7.288318015614322,20.13461414021793,2,0,1,0,0,0,1,0,1,1
TX000529,AC00339,-0.0399961355503802,-0.1628955215383738,-1.8589062874142144,-441.877676753555,0.0,0.4345706135225172,5.804749614619931,-5.023873843756067,0,0,0,0,0,0,1,0,0,0
TX000999,AC00339,-0.0808968892393179,-0.240267167540283,-2.163835264908501,-438.0371280636594,8.429369702178808e-08,0.1271201916576847,3.9067704529177374,-20.68245432316981,0,0,0,0,0,0,0,0,0,0
TX000210,AC00339,-0.0513888190958169,-0.2575409017182668,-2.5241963347703127,-427.5128680071758,0.0,0.0946496892365908,3.072202077937114,3.5267802144718594,0,0,0,0,0,0,0,0,0,0
TX000991,AC00339,-0.0823413771712626,-0.254276031704479,-1.8863821730464352,-412.1773861636996,8.429369702178808e-08,0.0526553465678361,3.3418191224298703,-18.63261733949296,0,0,0,0,0,0,0,0,0,0
TX000792,AC00339,-0.0666528449892341,-0.2275263859973086,-1.408795651269518,-435.4626717022064,5.960464477539064e-08,0.158833136134451,3.7082966107877313,-19.299373028334447,0,0,0,0,0,0,0,0,0,0
TX000821,AC00339,-0.0625525013175706,-0.1988400986332497,-1.8459770387180503,-424.3251485498197,0.0,0.3248710516057631,4.098204052389136,-20.500381513427417,0,0,0,0,0,0,1,0,0,0
TX001809,AC00339,-0.0575046890949951,-0.1460797094173143,-0.7734024010335858,-425.88824335630807,1.1920928955078125e-07,0.4161962791532775,5.633399991647177,-16.79650743048274,0,0,0,0,0,0,1,0,0,0
TX002424,AC00340,-0.0511709106705405,0.0078841921094208,-1.6040079049102438,-448.664573882255,1.1920928955078125e-07,0.4277801029083775,4.879045000099167,-64.7485144977832,1,0,1,0,0,0,1,0,0,0
TX000354,AC00340,-0.095058223702297,-0.17542122139266,-2.198475695654677,-454.1075037171887,0.0,0.3629552460580086,4.802117476690717,-56.6792066481623,0,0,0,0,0,0,1,0,0,0
TX000125,AC00340,-0.0571010999786887,-0.1575758794950352,-2.2179275902991016,-461.17106680275,0.0,0.4043894184390562,4.8523722535121925,-11.828816424805089,0,0,0,0,0,0,1,0,0,0
TX001432,AC00341,-0.1058352770199875,-0.2061513770508503,-1.289722293701244,-472.0237878061613,8.429369702178808e-08,0.2073857604538726,4.317983705247067,-77.41682308317047,0,0,0,0,0,0,0,0,0,0
TX002010,AC00341,-0.0894195650079549,-0.157804861856478,-0.716668247535118,-459.9327614071471,0.0,0.3758851178736412,4.895055184709577,-58.24121471738409,0,0,0,0,0,0,1,0,0,0
TX000384,AC00341,-0.0893645995808698,-0.2520868219008773,-0.8540197000586467,-464.4088015525483,0.0,0.1077704502759498,4.224533570245235,-23.63486480273927,0,0,0,0,0,0,0,0,0,0
TX001503,AC00341,-0.0382180491264352,-0.0878931370654736,-0.0394663305330542,-449.7162273986797,0.0,0.4234915177135107,6.474343854476861,-17.88409391583208,0,0,0,0,0,0,1,0,0,0
TX001786,AC00341,-0.0606154580741542,-0.1980665378975794,-1.3968565226642298,-465.8459315748784,0.0,0.3197052891996362,4.91232034520276,-24.304221546480225,0,0,0,0,0,0,1,0,0,0
TX000790,AC00342,-0.1202357359623719,-0.2426045081529113,-1.2188942509574758,-472.5318784418523,0.0,0.1625145344198661,4.66032866799932,-78.8203042616245,0,0,0,0,0,0,0,0,0,0
TX002384,AC00342,-0.1026639250024976,-0.2305711596532702,-2.745757733044085,-467.4976158924976,0.0,0.4031364394999465,5.641795479424937,-64.82801052816816,0,0,0,0,0,0,1,0,0,0
TX001174,AC00342,-0.1120726885326326,-0.2689733470700256,-2.43183265262355,-480.90617543348105,0.0,0.0,2.6935930247218574,-29.517620108390403,0,0,0,0,0,0,0,0,0,0
TX001344,AC00344,-0.1187041783744758,-0.2603890949449177,-0.9786675104851064,-472.1658055317369,0.0,0.022275920656262,5.28773945171942,-79.00922004818625,0,0,0,0,0,0,0,0,0,0
TX002166,AC00344,-0.0294419633234465,-0.0275557122475533,0.3576822204739329,-50.76366009635922,0.0,0.6589399755396896,10.2253217719835,-50.34243399008233,0,0,0,1,0,0,1,0,0,0
TX001540,AC00344,-0.0338276001707786,-0.159575921248456,-1.4066916872596664,-408.7073624603555,0.0,0.3511935865933615,4.429099736347625,6.689909649267715,0,0,0,0,0,0,1,0,0,0
TX001673,AC00344,0.0065100603681104,0.0889729102563952,-0.2248903111328655,-368.0683795647272,0.0,0.6009600264012391,9.256397611602488,-2.2090557141166625,2,1,1,0,0,0,1,0,0,1
TX000234,AC00345,-0.1114842002198742,-0.2286026704644292,-0.7154529271405003,-468.5028379085616,0.0,0.1606874372163665,5.213086264422609,-76.33853486029038,0,0,0,0,0,0,0,0,0,0
TX001001,AC00345,-0.102842744161854,-0.2581096061235824,-1.0082253929734772,-471.72854606913575,0.0,0.0627663587244051,3.8448491602869046,-64.40069865402796,0,0,0,0,0,0,0,0,0,0
TX001512,AC00345,-0.0794697668563142,-0.2054867047037192,-1.9649096310565568,-450.1083100380697,0.0,0.3572168641043233,6.185000757106089,-16.375381575800493,0,0,0,0,0,0,1,0,0,0
TX002393,AC00345,-0.1010619589548774,-0.2574598572773964,-2.4011065165767267,-474.87490558374816,8.429369702178808e-08,0.0512545655911176,4.3654352073814815,-28.006878312209764,0,0,0,0,0,0,0,0,0,0
TX000577,AC00345,-0.103431399702586,-0.2198670155239148,-1.33718854205069,-457.31049645363225,0.0,0.1758004777056923,3.9524526637848223,-18.881173611491885,0,0,0,0,0,0,0,0,0,0
TX002022,AC00345,-0.0569005253356241,-0.2271291539562894,-2.36102074881002,-423.1405722145328,1.1920928955078125e-07,0.3490765585856951,6.711396942563775,-21.149761262431223,0,0,0,0,0,0,1,0,0,0
TX001111,AC00345,-0.0620254403896462,-0.1634875434375109,-1.753550548763096,-409.0788120549792,0.0,0.3971831079668804,4.705911017274605,-17.605123921686644,0,0,0,0,0,0,1,0,0,0
TX000522,AC00345,-0.0760589491851267,-0.1780391267583843,-2.0705258741576955,-417.3477338728396,0.0,0.344381028484047,4.346557163534865,-22.13122465074495,0,0,0,0,0,0,1,0,0,0
TX001077,AC00345,-0.0162523260215041,-0.177768278620725,-1.212984107863484,-226.95649433969783,0.0,0.3524864262557934,4.569046719983754,-8.63430620883631,0,0,0,0,0,0,1,0,0,0
TX001435,AC00346,-0.1092250850385517,-0.230295185544453,-1.9909655503586023,-476.9304857283131,0.0,0.1919279629982001,3.957534117175334,-79.71599979455709,0,0,0,0,0,0,0,0,0,0
TX001198,AC00347,-0.1031342394225967,-0.0967873692248992,-1.8431262815625828,-455.205443003688,0.0,0.351109322129419,4.139445051272461,-58.433693323048665,0,0,0,0,0,0,1,0,0,0
TX001915,AC00347,-0.0993977747857809,-0.1704736354529454,-1.9467408207877064,-466.1857009176993,8.429369702178808e-08,0.3857108549527719,3.763609769576696,-57.91356495343757,0,0,0,0,0,0,1,0,0,0
TX002483,AC00347,-0.0777436421145906,-0.2022691887401606,-2.753209428738,-468.9142596978989,0.0,0.369169617983163,5.337137977061168,-17.94854838076344,0,0,0,0,0,0,1,0,0,0
TX000097,AC00348,-0.044290083897865,-0.2404571264519226,-1.2912577154628655,2918.78441002431,0.0,0.4031888335393909,6.752860899494236,-72.08945275338019,0,0,0,0,1,0,1,0,0,0
TX001767,AC00348,0.0001154945251047,-0.1280225570756294,0.0002146974665464,-413.7005654537126,0.0,0.484380160839058,17.54089234278973,-61.01240669154873,1,1,0,1,0,0,1,1,0,0
TX000837,AC00348,-0.0537453957978917,-0.1611977850029671,-2.554512928117573,-437.179666935539,0.0,0.363629014595529,4.738318312734475,-16.537533598570878,0,0,0,0,0,0,1,0,0,0
TX001057,AC00348,-0.0909535090836476,-0.2448030317209018,-2.4691337318393813,-452.03615520701993,0.0,0.1323160041423027,3.854526819506432,-22.205029483808463,0,0,0,0,0,0,0,0,0,0
TX000355,AC00349,-0.0807405547689392,-0.1269165999306558,-1.056988170644308,-454.1963563590488,0.0,0.2694079981888837,4.907031045397687,-69.3758970137251,0,0,0,0,0,0,0,0,0,0
TX002256,AC00349,-0.0734542398336495,-0.1900098751989756,-2.0661908308392256,-463.5259227330317,0.0,0.3319952305448427,4.735389989253276,-59.66351969297643,0,0,0,0,0,0,1,0,0,0
TX000135,AC00349,-0.0972678381605691,-0.1912325790342941,-2.274535163683065,-470.9485033910099,0.0,0.3542150921430993,4.445832700688006,-21.103349008672627,0,0,0,0,0,0,1,0,0,0
TX001780,AC00349,-0.1067650738519043,-0.2654965888598251,-2.9578296795252648,-477.5482005953356,5.960464477539064e-08,0.0486776999215544,2.8659739184598383,-27.3928119717591,0,0,0,0,0,0,0,0,0,0
TX001835,AC00349,-0.1060705546988065,-0.2533214008270028,-1.938893957210912,-463.3985748058558,0.0,0.0992840551133682,3.176681482907104,-25.043146734122622,0,0,0,0,0,0,0,0,0,0
TX002211,AC00349,-0.0909304887822533,-0.2357967055055716,-0.898594913215117,-445.3242324311199,8.429369702178808e-08,0.085684476942594,4.034760583394605,-21.45794237816731,0,0,0,0,0,0,0,0,0,0
TX001953,AC00350,0.0047470381830778,0.0772767285130935,2.853207189868153,-253.32527410493768,6.683688586758808,0.7474960172133348,19.504791115747302,-66.60975881621309,2,1,1,1,0,0,1,1,0,1
TX000480,AC00350,0.0516781154958541,0.7199763316221925,3.600931131946988,-242.9405967909176,8.4006830232268,0.7404223674474877,28.18638655476025,-47.585916246221245,2,1,1,1,0,0,1,1,0,1
TX001351,AC00351,-0.1169997347347429,-0.2574934918472614,-2.024245316271648,-478.3941620031136,0.0,0.1561237680240293,3.581796726490812,-79.57722331833514,0,0,0,0,0,0,0,0,0,0
TX000442,AC00351,-0.0789779502318863,-0.1705207432879534,-1.2380956299347865,-458.1292271645391,0.0,0.3630829474304577,4.424174464097832,-55.89772913971443,0,0,0,0,0,0,1,0,0,0
TX001149,AC00352,-0.0609124436351568,-0.1981819740792145,-2.1924177236156908,104.80881344566404,0.0,0.3334996544642082,5.620109926512131,-61.77942595008238,0,0,0,0,1,0,1,0,0,0
TX000921,AC00352,-0.0958293354636914,-0.2562519491071772,-1.782816781491796,-474.3280993872161,0.0,0.0,5.765158329363275,-64.049940167248,0,0,0,0,0,0,0,0,0,0
TX002008,AC00352,-0.059235778947215,-0.1064379997239908,-2.407019276157751,-459.3270720196499,1.1920928955078125e-07,0.4706504774094573,5.3118503686292105,-15.89791247846674,0,0,0,0,0,0,1,0,0,0
TX001468,AC00352,-0.0965920695334537,-0.2433434098460236,-2.114658408286534,-468.0125616227261,0.0,0.1292575091516724,3.354734932237992,-24.556979171772237,0,0,0,0,0,0,0,0,0,0
TX002188,AC00353,-0.1135419667255347,-0.2381580515242525,-1.6877858822041674,-476.5950601221208,8.429369702178808e-08,0.1454508947315926,4.060460903291768,-79.37588009701916,0,0,0,0,0,0,0,0,0,0
TX002113,AC00353,-0.0888616789805603,-0.2206435410601377,-1.2785483589640965,-462.78254735242353,0.0,0.2012021587814441,4.211012395590137,-60.45941106159084,0,0,0,0,0,0,0,0,0,0
TX001154,AC00353,-0.0785222891428379,-0.2304147429686756,-1.0338384778785397,-468.5450017539491,0.0,0.086370861933419,4.291596846345882,-26.38601178016125,0,0,0,0,0,0,0,0,0,0
TX000509,AC00353,-0.0096442953890568,-0.0237967859782179,-0.6345603743811843,-416.7296383354748,0.0,0.5100181889735097,5.942209752486764,11.95009361490423,0,0,0,0,0,0,1,0,0,0
TX001868,AC00353,-0.0701654778145741,-0.1894895252036195,-0.4703656116840466,-453.9856098154087,0.0,0.1968161330038562,4.555650883903843,-19.217004369936596,0,0,0,0,0,0,0,0,0,0
TX001806,AC00354,-0.0937448876678459,-0.238820355207366,-2.121339132070821,-471.8157349588388,0.0,0.2283542912160619,6.13406880634872,-79.96303750584195,0,0,0,0,0,0,0,0,0,0
TX000928,AC00354,-0.0691979201224428,-0.2327854408536063,-1.3184130922237944,-465.7493055665564,0.0,0.3770258510337715,7.727232398532527,-60.48632643695408,0,0,0,0,0,0,1,0,0,0
TX001689,AC00354,-0.037133205521231,-0.1339710770907947,-1.6673618614339727,-449.6728409979185,0.0,0.4466307275907356,4.799213927551923,5.657270234920002,0,0,0,0,0,0,1,0,0,0
TX000777,AC00354,-0.1033228950706079,-0.2595092947122488,-2.525262227929204,-473.8903229689643,0.0,0.0527925659903453,3.0934268687464512,-27.40307995520757,0,0,0,0,0,0,0,0,0,0
TX000623,AC00354,-0.0227329407524829,-0.1843216674021062,-1.578570107409332,287.1152608156977,1.1920928955078125e-07,0.4219993909468348,7.638172370229578,10.049132421540822,0,0,0,0,1,0,1,0,0,0
TX001816,AC00355,-0.1052663825913551,-0.2516110451839524,-1.970618255010585,-474.0654696264601,0.0,0.1801301496087112,3.934607573589437,-78.04879755699693,0,0,0,0,0,0,0,0,0,0
TX000957,AC00355,-0.1043006899580583,-0.1743056199595738,-2.962379534924425,-466.06923641525793,8.429369702178808e-08,0.3453075427551367,3.8738322349802767,-61.74593710839621,0,0,0,0,0,0,1,0,0,0
TX002157,AC00355,-0.066681228626431,-0.1514637381791721,-1.9992597607197613,-445.933665943805,8.429369702178808e-08,0.4124690077928723,5.1091205844664245,-12.174226904248334,0,0,0,0,0,0,1,0,0,0
TX001699,AC00356,-0.1071244734258567,-0.264122208804897,-1.962721334750455,-475.9328913259191,0.0,0.1409252000913617,3.519380799944728,-78.94390766008937,0,0,0,0,0,0,0,0,0,0
TX000551,AC00356,-0.081572886789611,-0.2231588409866509,-1.3021308972041332,-460.8639476869141,0.0,0.3390275968253081,4.758643675286646,-57.52432796062539,0,0,0,0,0,0,1,0,0,0
TX001750,AC00356,-0.0577120857689694,-0.1890846364598688,-0.9062702730607874,-426.62820375261737,0.0,0.3398693804243596,4.120037733113356,-9.381571700546464,0,0,0,0,0,0,1,0,0,0
TX001238,AC00356,-0.0389145686333055,-0.2024477201121157,-2.1369699110368945,-435.6072589736602,0.0,0.422045344571634,6.786536815595114,-9.779937768166024,0,0,0,0,0,0,1,0,0,0
TX001845,AC00356,-0.0798180123128757,-0.2356158007200999,-1.4676560964898986,-450.9083024057031,0.0,0.1588422497794909,3.88324629692568,-24.052561999412053,0,0,0,0,0,0,0,0,0,0
TX001069,AC00356,-0.05566686277784,-0.2081675603003365,-1.2121460321993371,-377.1861775068002,0.0,0.504826765339845,8.641569306962797,-13.829594864406092,0,0,0,0,0,0,1,0,0,0
TX000682,AC00356,-0.0293095520371428,-0.0947547065870708,-1.1705591294332225,-405.55972613289777,0.0,0.4329384098227948,5.650644824100594,-16.25140359943371,0,0,0,0,0,0,1,0,0,0
TX002444,AC00356,-0.0858496435883537,-0.2363027669649771,-2.558322475937782,-432.0740093581784,0.0,0.1120427245888942,3.8208618296644983,-23.200594250577463,0,0,0,0,0,0,0,0,0,0
TX000437,AC00357,-0.1004501450296912,-0.2566341090325826,-1.8612640893960108,-477.5197691144514,0.0,0.1575942016561357,4.624914143310936,-80.29785829164254,0,0,0,0,0,0,0,0,0,0
TX002274,AC00357,-0.0115755431496732,1.3524665077712597,8.125284434575377,4200.343120967843,39.75889106548778,0.905304965791176,42.11937841303221,-138.38679373317612,1,0,1,1,1,1,1,1,0,0
TX000430,AC00357,-0.0914951802043987,-0.2209119537696751,-3.029741756575035,-465.0762736531477,0.0,0.3445016767505005,4.832504567292905,-21.31679594997925,0,0,0,0,0,0,1,0,0,0
TX000637,AC00357,-0.1109048087161158,-0.2603650278159666,-2.576276363042126,-465.9787057778525,5.960464477539064e-08,0.0341492660336457,3.686863638612684,-21.97046316625157,0,0,0,0,0,0,0,0,0,0
TX001433,AC00357,-0.0891674039730174,-0.2480389669370095,-2.569453036632368,-461.9852994143155,0.0,0.1002374554343264,3.2568741229039087,-24.778442332111272,0,0,0,0,0,0,0,0,0,0
TX000896,AC00357,-0.0483892847214362,-0.2121842438418395,-2.1382817951784947,-399.4854567961938,0.0,0.1670422872123076,3.753096621198545,-20.069074910857086,0,0,0,0,0,0,0,0,0,0
TX001585,AC00358,-0.043806879245284,0.0379851637623283,-0.9807150628374152,-431.3591635402576,0.0,0.4867363186663384,6.504148339266605,-62.1222974081081,1,0,1,0,0,0,1,0,0,0
TX001775,AC00358,-0.0386850020500325,-0.0480114093905663,-0.0004638628611264,-425.7635430135769,0.0,0.5451582298820005,9.390593018789025,7.487709842330194,0,0,0,0,0,0,1,0,0,0
TX000629,AC00358,-0.0642159852160206,-0.1407731443405062,-1.7330908968957512,-443.21505888972206,0.0,0.3575464777849532,4.573670872131193,-16.572254586414918,0,0,0,0,0,0,1,0,0,0
TX000200,AC00358,-0.0775092763056939,-0.2544802314224972,-2.261957264432983,-465.9066822568532,5.960464477539064e-08,0.1804400076045652,3.980672750499685,-25.48132894004685,0,0,0,0,0,0,0,0,0,0
TX001635,AC00358,0.010102148745114,-0.0567279236124009,0.249755933227691,-312.0537667619407,0.0,0.6167457468085744,11.620348232957676,-6.24281761979392,1,1,0,1,0,0,1,1,0,0
TX002205,AC00358,0.0638741104331228,-0.0576516674161655,-0.2651443719234319,-252.0992401750863,0.0,0.4961608176955462,6.784848099963035,56.87192910036637,2,1,0,0,0,0,1,0,1,1
TX000778,AC00358,9.46204241697446e-05,-0.1587694756410878,-0.5655919892380723,-259.0297466657936,0.0,0.4403704927839577,6.562822224206229,1.1557235473223062,1,1,0,0,0,0,1,0,0,0
TX000122,AC00358,-0.0009080888056627,-0.1429288467727836,-0.1648082915130206,-211.23835296645507,0.0,0.4461572904090823,6.52825161804812,20.556965817366954,1,0,0,0,0,0,1,0,1,0
TX000034,AC00359,-0.045708165200775,0.0527967402326148,0.4999239968875901,-199.95182759765052,6.148104957448519,0.6918679877046944,9.484198540308316,-64.00738369676704,1,0,1,1,0,0,1,0,0,0
TX002290,AC00359,-0.0413491383032978,-0.2257697777989529,-0.3264817299497586,-435.7184292088305,0.0,0.3948962227385965,14.60167035780278,-63.73629877118381,0,0,0,0,0,0,1,1,0,0
TX002252,AC00359,-0.0725122295308917,-0.2038041961217083,-1.7403896165480577,-455.4687983982973,0.0,0.1957851924573744,5.101933574258616,-22.893633367410036,0,0,0,0,0,0,0,0,0,0
TX000616,AC00359,-0.0154504334773609,-0.1678259598039537,-1.909155835461524,-432.5529152017911,0.0,0.3585274803847404,4.13574975869311,-16.678058239801164,0,0,0,0,0,0,1,0,0,0
TX001798,AC00359,-0.1118346339168862,-0.2699227102849409,-2.7267134208148445,-349.8420733743984,5.960464477539064e-08,0.1108384265776028,2.885843878026771,-19.78202356729462,0,0,0,0,0,0,0,0,0,0
TX000018,AC00359,-0.0596614656252559,-0.1912997638155469,-2.200188068546124,-401.8832464501737,0.0,0.3350247338715431,4.049404380978985,-19.26871475711979,0,0,0,0,0,0,1,0,0,0
TX000523,AC00360,-0.0997217584105208,-0.2427226663741897,-2.096910932101297,-472.1733581030031,0.0,0.2283542912160619,5.690575464253647,-79.10712339060522,0,0,0,0,0,0,0,0,0,0
TX001942,AC00360,-0.0782604961812052,-0.1864848969628103,-2.431853852050427,-467.4537450288132,0.0,0.368061243024325,5.106700490477264,-61.0296157329174,0,0,0,0,0,0,1,0,0,0
TX001140,AC00360,-0.0987613919129656,-0.2096095797447474,-2.488017238870388,-468.1789964231755,8.429369702178808e-08,0.1437789594519995,4.446222110011801,-18.63550702494993,0,0,0,0,0,0,0,0,0,0
TX000744,AC00360,-0.0907078673905265,-0.2649262193431169,-2.538142609141895,-478.6227030076933,5.960464477539064e-08,0.0235770962456556,2.866759288067596,-29.920041520143737,0,0,0,0,0,0,0,0,0,0
TX001285,AC00360,-0.0666736454374952,-0.2617972571165441,-2.044077516497431,-434.9689056678086,0.0,0.1101750756339809,3.2344949183013307,-14.108924179490351,0,0,0,0,0,0,0,0,0,0
TX001107,AC00360,-0.0090423505622838,-0.2356044069985052,-2.166453437436965,-158.47041481076934,0.0,0.3450124776937807,5.593646746497634,-9.189707081238916,0,0,0,0,0,0,1,0,0,0
TX001025,AC00361,-0.0923620799398957,-0.2120400701456561,-1.3517780389335383,-469.578020417114,0.0,0.2231121028466209,4.499406072687376,-76.91079302832767,0,0,0,0,0,0,0,0,0,0
TX000667,AC00361,-0.0393048967828206,-0.0417998590692465,-1.4198146562968788,-443.817465360843,1.1920928955078125e-07,0.4703814918333951,5.44877272370519,-47.76468139320487,0,0,0,0,0,0,1,0,0,0
TX002412,AC00362,-0.1111209164369511,-0.2862114562874661,-1.4983027123009744,-478.8297885247468,0.0,0.0226526774083262,4.256179941407059,-80.93391909041154,0,0,0,0,0,0,0,0,0,0
TX000282,AC00362,-0.0462595241046113,-0.2144789263865714,-0.8605773745169074,-445.198343095265,0.0,0.1845361620115937,4.234233123624562,8.514829995399582,0,0,0,0,0,0,0,0,0,0
TX000842,AC00362,-0.0527841712451382,-0.1962838745278874,-2.560695431272657,-419.4852459020248,1.6858739404357617e-07,0.4886343166390469,4.964136969238225,2.060206088199374,0,0,0,0,0,0,1,0,0,0
TX001561,AC00362,-0.0725720180889982,-0.2236098430404165,-1.4927579901567682,-455.7813826205685,0.0,0.1773596033569932,3.7820097753250552,-21.167695556270317,0,0,0,0,0,0,0,0,0,0
TX001089,AC00362,-0.0969349582705972,-0.2372421284362849,-1.5496088435608115,-465.28748522309456,8.429369702178808e-08,0.1050207024730919,3.7211849601419287,-23.848029059846077,0,0,0,0,0,0,0,0,0,0
TX000880,AC00362,-0.055154135328166,-0.2216265477933838,-1.061502995371427,-425.5982133895373,5.960464477539064e-08,0.1825279301663633,3.9731381217111217,-14.710830502496638,0,0,0,0,0,0,0,0,0,0
TX001121,AC00362,-0.0661482868174077,-0.2317089283585884,-1.3531884115452826,-343.0680286720588,0.0,0.1780769124448583,4.044127816848211,-17.943133030560997,0,0,0,0,0,0,0,0,0,0
TX001544,AC00362,0.0170996045075237,-0.1336312984911776,-1.6425982537697958,-304.3694065430151,0.0,0.4204446405682663,5.582464945943258,12.163230003876432,1,1,0,0,0,0,1,0,0,0
TX001939,AC00362,-0.0383880342992277,-0.1107674627641905,-0.997505433218949,-378.502557758362,1.1920928955078125e-07,0.3993918444989529,4.708419251264516,-4.892771559660265,0,0,0,0,0,0,1,0,0,0
TX001400,AC00362,-0.0867797233393064,-0.2418771371403265,-1.8965786652927736,-353.9331446410345,0.0,0.1222232300984346,3.819028609949655,-18.434772481668265,0,0,0,0,0,0,0,0,0,0
TX000586,AC00362,-0.0352789291549824,-0.1211401406747003,-0.8642261601286556,-318.7895984623242,0.0,0.4110690695945338,4.976146439216655,-7.532901494676441,0,0,0,0,0,0,1,0,0,0
TX002365,AC00362,-0.0313342928703692,-0.1450428065414613,-1.3674259282019587,-137.45499314244347,0.0,0.439933466400875,6.085787197883644,-1.0990279169681814,0,0,0,0,0,0,1,0,0,0
TX002069,AC00363,-0.0688244909123911,-0.2101000490445901,-0.3456214303221454,-450.8166940229543,1.1920928955078125e-07,0.2038135340906658,6.188881233124025,-75.31510858317907,0,0,0,0,0,0,0,0,0,0
TX000177,AC00363,0.0918609827645601,4.325455632812684,8.157227437945368,38214.936343007066,97.75040597270248,0.9538114737367872,110.45056002551686,-207.21389994140887,2,1,1,1,1,1,1,1,0,1
TX000848,AC00363,0.0209535633331483,-0.0416759689293848,-0.3956744854997112,-318.1076928280576,1.1920928955078125e-07,0.5165750682786023,7.508111531536917,30.122368183923097,2,1,0,0,0,0,1,0,1,1
TX000196,AC00363,-0.0202703326215284,-0.1707538270302204,-0.7676327584395146,-352.1078712504586,0.0,0.3700463425341497,5.373812892048481,-10.31604947732642,0,0,0,0,0,0,1,0,0,0
TX002345,AC00363,-0.0522556743496161,-0.1067516928336347,-1.3797690828705689,-389.1969700260297,0.0,0.4170778693387345,4.9243584554305775,-15.684226588534802,0,0,0,0,0,0,1,0,0,0
TX001886,AC00363,-0.0525996858066462,-0.0992504761742816,-1.3612329092722266,-56.37942536554982,8.429369702178808e-08,0.4027346789578559,4.5312314758950585,3.103912393781964,0,0,0,0,0,0,1,0,0,0
TX002348,AC00363,-0.0503265846065443,-0.0936410897234856,-1.6905749144229285,-95.79542231829556,8.429369702178808e-08,0.3948095833632351,4.846381201770818,2.6896442053863114,0,0,0,0,0,0,1,0,0,0
TX000259,AC00363,-0.0405292584446692,-0.1952475626895427,-1.8375368461797892,-231.046885248752,0.0,0.1839871491254285,4.078604912048617,-8.47455224919253,0,0,0,0,0,0,0,0,0,0
TX000902,AC00363,-0.0356605540433894,-0.1637250669204477,-2.6533488114074637,-74.79818002151296,1.1920928955078125e-07,0.4181719370460702,5.950038904048964,0.7089105744103693,0,0,0,0,0,0,1,0,0,0
TX001177,AC00363,-0.0712748547157076,-0.1464766827979196,-1.6483430553611915,82.92007756959634,0.0,0.3761967130403671,4.407718593131273,-0.3703034220341732,0,0,0,0,1,0,1,0,0,0
TX001368,AC00363,-0.0728740915301335,-0.1097282680138047,-0.924550266637862,-37.41689984833806,0.0,0.4058512757150442,4.836152946191867,0.6649605688748994,0,0,0,0,0,0,1,0,0,0
TX001940,AC00363,-0.071830820004744,-0.1796000960546322,-1.6883502562119048,-325.65592483883387,0.0,0.3874351740641943,4.79558323943504,-15.463766630244042,0,0,0,0,0,0,1,0,0,0
TX000528,AC00364,-0.103161500374507,-0.2104047226271932,-1.6689718393118032,-470.9763014983357,0.0,0.1866129192548941,4.017090485311023,-75.78384246718099,0,0,0,0,0,0,0,0,0,0
TX000816,AC00365,-0.1067449588209387,-0.2639556423017082,-2.24189915353176,-477.00446051118337,0.0,0.1485194807278312,3.3834643885369817,-77.77115796779785,0,0,0,0,0,0,0,0,0,0
TX001125,AC00365,-0.0627286253600957,-0.1062982125765443,-0.5209006311143956,-441.7359899859098,0.0,0.4361950506626188,6.016835703695004,-49.44969445056951,0,0,0,0,0,0,1,0,0,0
TX000353,AC00365,-0.088597316167084,-0.2122860848466568,-2.081871630879437,-466.01367694971606,0.0,0.1867888953005216,4.093272442693126,-21.67046194757008,0,0,0,0,0,0,0,0,0,0
TX000419,AC00365,-0.0904563375471029,-0.2346137047204441,-2.1443302979416536,-474.8769363283905,0.0,0.1270864984419077,3.961655858965377,-25.41849058240788,0,0,0,0,0,0,0,0,0,0
TX000035,AC00365,-0.0770786579523281,-0.2207591836369231,-1.8582577705556584,-453.8050166268311,0.0,0.1825636111847391,4.196407069297649,-21.798043836065855,0,0,0,0,0,0,0,0,0,0
TX000618,AC00366,-0.0871388694499758,-0.1490923830598509,-1.01150291677655,-459.6654298095388,0.0,0.2595707669539652,4.965908217061275,-71.58289809672331,0,0,0,0,0,0,0,0,0,0
TX001309,AC00366,-0.1110288291684441,-0.2600170946367881,-1.6719510095453884,-467.92658345113233,0.0,0.0730377636247462,3.5141748077675588,-60.85230016674292,0,0,0,0,0,0,0,0,0,0
TX001911,AC00366,-0.0809019292695983,-0.2091539857000659,-1.6440193914494363,-445.9340853365909,0.0,0.1778835913058045,4.678284848506414,10.951546952681104,0,0,0,0,0,0,0,0,0,0
TX000819,AC00366,-0.095620250749822,-0.2630738563393624,-2.5377772634493017,-476.27200169612655,5.960464477539064e-08,0.1179458651290623,4.353737171316947,-22.21936950510388,0,0,0,0,0,0,0,0,0,0
TX000265,AC00366,-0.0944838941175945,-0.2575061809762377,-2.665921255894826,-470.5294089456317,0.0,0.10991968509976,4.042273765048564,-26.95253555349206,0,0,0,0,0,0,0,0,0,0
TX001708,AC00366,-0.0388531092515305,-0.2738043494598987,-1.5911831583970883,-203.56870635089103,0.0,0.4854681856427735,9.335425502543508,-11.202879398524148,0,0,0,0,0,0,1,0,0,0
TX001184,AC00366,-0.066189925068521,-0.2174721924984595,-1.7499392308531974,-306.7356234929055,8.429369702178808e-08,0.1348655578721784,3.8670863705409793,-16.150057043177167,0,0,0,0,0,0,0,0,0,0
TX000879,AC00366,0.0305428046373706,-0.1406896462619948,-1.4111963892198285,-374.7148697752018,0.0,0.4551898610938482,7.339390487614274,-8.535068768430495,1,1,0,0,0,0,1,0,0,0
TX000701,AC00367,-0.1022130819247296,-0.2134649439653617,-2.698944950142952,-478.35227849667103,8.429369702178808e-08,0.2630530556686857,4.812919107107238,-80.81296236713648,0,0,0,0,0,0,0,0,0,0
TX001441,AC00367,-0.0491239106780396,-0.1308746258611168,-2.67114177007913,-431.6629541685186,8.429369702178808e-08,0.40215684552799,4.100419850112549,-60.65974211435815,0,0,0,0,0,0,1,0,0,0
TX002276,AC00367,-0.0888682427798934,-0.1936399435212648,-2.4467918459426468,-460.2990418444149,8.429369702178808e-08,0.3766182688014465,5.046935225124387,5.926022787658848,0,0,0,0,0,0,1,0,0,0
TX000031,AC00367,-0.0742980751641391,-0.2094967017808362,-2.379884860207426,-457.59125687804266,8.429369702178808e-08,0.3238917275332204,4.197316401908714,-12.210661022172411,0,0,0,0,0,0,1,0,0,0
TX001537,AC00367,-0.0903267617644016,-0.2569375290590994,-2.09028926699583,-450.66973655965234,0.0,0.0366505925050658,3.254358476781228,-24.170487602283803,0,0,0,0,0,0,0,0,0,0
TX001823,AC00367,-0.0874850296512256,-0.2546517809334401,-1.917304434242613,-408.6817058552893,0.0,0.1140411101399636,3.3215356524226487,-20.56332482777697,0,0,0,0,0,0,0,0,0,0
TX001328,AC00367,-0.0656715535449034,-0.2330566193064613,-1.3867044758480596,-406.6597152885015,8.429369702178808e-08,0.1531974278225599,3.874216333362056,-19.08415117563438,0,0,0,0,0,0,0,0,0,0
TX001418,AC00368,-0.0966705470521969,-0.1992538088534219,-2.221446459891684,-471.18016551939104,0.0,0.3329434650659458,5.746537664215676,-78.81524004866941,0,0,0,0,0,0,1,0,0,0
TX000998,AC00368,-0.0992585099891286,-0.2043570004595281,-2.8039437448679703,-461.1621972720407,8.429369702178808e-08,0.3380264404182498,4.165376284183357,-60.900648312728,0,0,0,0,0,0,1,0,0,0
TX001669,AC00368,-0.0987754344273079,-0.2144483401060886,-2.8887065771932487,-473.930681740424,0.0,0.3329259483217504,3.6598249248376855,-21.684247084459454,0,0,0,0,0,0,1,0,0,0
TX001490,AC00368,-0.1085368555321899,-0.2604786182642308,-2.1042662793621005,-472.21128046501127,0.0,0.1761419313282441,5.371949828313364,6.388778781376285,0,0,0,0,0,0,0,0,0,0
TX000906,AC00369,-0.0211774468513262,-0.2001172166179459,-0.999813254028128,2439.9013082997776,0.0,0.4411807238732846,6.858930894981249,-53.86223245964279,0,0,0,0,1,0,1,0,0,0
TX002265,AC00369,-0.0424018282561349,-0.0654266035236925,-0.8414297733605274,-434.2664291283509,0.0,0.5275825529801844,8.489491740744704,-62.29707596562042,0,0,0,0,0,0,1,0,0,0
TX000531,AC00369,-0.0617933598287539,-0.0554764261399176,-2.043762944886529,-445.791634909176,0.0,0.55690620564581,7.372457773705904,0.7195753867472108,0,0,0,0,0,0,1,0,0,0
TX001124,AC00369,-0.0308282269154001,-0.1214773805349906,-1.835268140220883,-448.4847017136386,1.1920928955078125e-07,0.450982274768812,6.152857972959924,-6.146038625311152,0,0,0,0,0,0,1,0,0,0
TX001429,AC00369,-0.0483469122773215,-0.1634077422858757,-1.855997390918372,-418.8029311447163,0.0,0.3663772288960195,4.798971258908473,-16.935009859378813,0,0,0,0,0,0,1,0,0,0
TX001774,AC00369,-0.0246878319730736,-0.1828217266851566,-1.8302813749065745,-376.2111247265301,0.0,0.3516432042757469,4.127337865562717,27.70130845616836,1,0,0,0,0,0,1,0,1,0
TX000208,AC00370,-0.1020946417784589,-0.2440083080040254,-1.97241920982432,-473.7079788262669,0.0,0.2140812142973439,5.84845503046301,-80.6252413531302,0,0,0,0,0,0,0,0,0,0
TX001965,AC00370,-0.080259870732454,-0.2262774713147746,-1.1524758856074904,-459.5081985489788,0.0,0.3355990700111125,8.584816267034183,-61.599105465063744,0,0,0,0,0,0,1,0,0,0
TX001502,AC00370,-0.1054103556659618,-0.2500104684382406,-2.583045349269076,-414.2422828485973,0.0,0.0762079690083397,3.186808169532788,-21.68520419764938,0,0,0,0,0,0,0,0,0,0
TX000626,AC00370,-0.0121471676399526,-0.0678882091775825,-1.806217479157928,-124.99756739943535,0.0,0.4527291688497528,6.266008920091572,-4.112827931390067,0,0,0,0,0,0,1,0,0,0
TX002401,AC00370,-0.0728717543794268,-0.2652214225193843,-2.498966909916522,-431.3531323316186,5.960464477539064e-08,0.1185479379534553,3.504387420929244,-20.73061287643136,0,0,0,0,0,0,0,0,0,0
TX000850,AC00370,-0.0974945748226682,-0.2603186455339703,-3.058005330934389,-463.2870665332149,0.0,0.0212567348815968,2.9839482826555384,-26.868516728364025,0,0,0,0,0,0,0,0,0,0
TX000687,AC00370,-0.0815781640431331,-0.241185061079348,-2.387807087564731,-449.1389133898432,0.0,0.1309121752566042,3.801864947517917,-25.29129185467031,0,0,0,0,0,0,0,0,0,0
TX000315,AC00371,-0.1165469676940184,-0.258931216753132,-2.080633979925832,-475.12113701817617,5.960464477539064e-08,0.0,3.7595894655350586,-78.83089382520723,0,0,0,0,0,0,0,0,0,0
TX000471,AC00371,-0.0708137419767898,-0.1680709426760624,-0.5236407270278551,-453.3563527353356,1.1920928955078125e-07,0.4112252214712197,6.835525684844628,-56.565342605008425,0,0,0,0,0,0,1,0,0,0
TX001301,AC00372,-0.0479966544149517,-0.2291839959950612,-1.0977955926870049,-439.6097674105317,0.0,0.393499959689478,6.714385260068251,-77.50244608659713,0,0,0,0,0,0,1,0,0,0
TX000672,AC00372,-0.0101970795942065,0.1868709774649453,0.6891909926482533,86.96581807152012,1.6858739404357617e-07,0.6458895240340974,10.00234785951641,-39.808828096058335,1,0,1,1,1,0,1,0,0,0
TX002132,AC00372,0.0151742042870656,0.232136682712595,0.1313254397795962,-391.7749423013988,0.0,0.6321627096134671,10.113005633077496,32.0107158945963,3,1,1,1,0,0,1,0,1,1
TX001917,AC00373,-0.1123540687011037,-0.2716983678102083,-1.196722604208329,-481.5639760930418,0.0,0.0,4.645095198078608,-81.84152807226225,0,0,0,0,0,0,0,0,0,0
TX001280,AC00373,-0.0800681227056804,-0.2071757691879541,-1.1028595153079106,-459.8813286202685,0.0,0.3379197961798139,4.733902091666369,-58.23481219629559,0,0,0,0,0,0,1,0,0,0
TX001997,AC00373,-0.0476334088223143,-0.1552695086464115,-0.1996042499084769,-441.95436421993696,0.0,0.3618721923312819,4.722579411326924,-9.23588116485702,0,0,0,0,0,0,1,0,0,0
TX001231,AC00373,-0.0683926883996122,-0.1491732022896179,-1.2723618653059765,-456.2379817257324,8.429369702178808e-08,0.3586625855208133,4.667466470735013,-19.332037913551336,0,0,0,0,0,0,1,0,0,0
TX001473,AC00373,-0.116256638796432,-0.2685224590631263,-1.4078582552470935,-475.8377198072768,0.0,0.0538609820859469,3.465093574192029,-26.783127345444164,0,0,0,0,0,0,0,0,0,0
TX000088,AC00373,-0.0767208872105114,-0.2168022641275775,-2.100297024661172,-435.00506006222935,0.0,0.3960340856945634,6.203239330348473,-11.044272076005509,0,0,0,0,0,0,1,0,0,0
TX002284,AC00373,-0.0455247025490727,-0.2644475262412182,-1.366958949175391,-258.12823485248566,2.384185791015625e-07,0.4687269640311285,9.655061380923836,-12.553423014196309,0,0,0,0,0,0,1,0,0,0
TX002432,AC00373,-0.0635377082509484,-0.2337732383028066,-1.4487045004356585,-414.0647576586339,5.960464477539064e-08,0.1452865780389521,3.852265752170396,-18.63286990589644,0,0,0,0,0,0,0,0,0,0
TX000094,AC00373,-0.043989341062717,-0.1324039635500298,-1.7232470012251593,-398.4995728328156,0.0,0.4259090078698146,5.227822860510221,-16.534383879185494,0,0,0,0,0,0,1,0,0,0
TX002102,AC00374,-0.0802920522326806,-0.216140411672232,-0.792669056265952,-465.81482345956215,0.0,0.1859867149641962,5.555006878352418,-75.46885377350382,0,0,0,0,0,0,0,0,0,0
TX001412,AC00374,-0.0490116059669361,-0.170399078897067,-0.885797039665162,-452.32055734403775,1.1920928955078125e-07,0.3326731938806246,4.888498312955679,-54.82397714841885,0,0,0,0,0,0,1,0,0,0
TX001790,AC00374,-0.0337749517881519,0.027172360964127,-1.0893417802852596,-429.4968216067176,1.1920928955078125e-07,0.5447896459904205,7.120398458321648,13.775903210360443,2,0,1,0,0,0,1,0,1,1
TX000056,AC00374,-0.0962692722697301,-0.2500408164999426,-2.7341233135303917,-471.6113219402546,0.0,0.1323246060890062,5.130209144101245,-22.52103181870541,0,0,0,0,0,0,0,0,0,0
TX000356,AC00374,-0.0459877914709357,-0.2385896581292945,-3.084989811669528,-447.21748334995647,0.0,0.1454203099146999,5.005248860634323,-18.41785984155864,0,0,0,0,0,0,0,0,0,0
TX002428,AC00374,-0.0902026961729778,-0.2632599376650462,-2.7474695495825188,-446.91357145365225,0.0,0.0978808590695038,2.966413473498924,-26.80551808013246,0,0,0,0,0,0,0,0,0,0
TX000347,AC00375,-0.0882256518937753,-0.1747013599192708,-1.560350460944088,-470.4479614670927,0.0,0.2290683721262414,4.315978903725905,-73.32340911217189,0,0,0,0,0,0,0,0,0,0
TX002501,AC00375,-0.06165680124062,-0.0439156464053667,-1.239630864576336,-450.0263439406101,0.0,0.4869856837343784,6.736738186700274,-50.64107342573166,0,0,0,0,0,0,1,0,0,0
TX001492,AC00375,0.0333215611874371,0.1081207037184805,0.2228376814052186,-338.8947921473136,0.0,0.5821508351716251,7.864343168067621,14.130782785544664,3,1,1,1,0,0,1,0,1,1
TX002353,AC00376,-0.1012215519497991,-0.2287492622740254,-2.059870011936077,-472.0253800623086,8.429369702178808e-08,0.2337989593868347,4.036604749233357,-78.71413621461255,0,0,0,0,0,0,0,0,0,0
TX000875,AC00376,-0.1061699486681859,-0.2510158171680479,-1.7942531615980872,-472.75185741173306,5.960464477539064e-08,0.133905704120084,3.543811039982106,-62.85965084398495,0,0,0,0,0,0,0,0,0,0
TX000349,AC00376,-0.1028728571722175,-0.2427677420949059,-2.082373906207872,-475.87545386434056,0.0,0.1394161756199136,3.9388267065408784,-24.851066942006973,0,0,0,0,0,0,0,0,0,0
TX002506,AC00377,-0.0760833467178708,-0.2219725063992881,-1.3568693225681605,-457.432761652845,0.0,0.2513465634780875,7.128635672022476,-75.04645094627614,0,0,0,0,0,0,0,0,0,0
TX001961,AC00377,-0.0607369933919129,-0.1605482326388936,-1.4497018061343478,-457.6887102975367,0.0,0.4765627129677763,7.6346702800462705,-58.94903229235395,0,0,0,0,0,0,1,0,0,0
TX000948,AC00377,-0.09270957061752,-0.2343050803129349,-2.6683269730631025,-472.0172873523832,0.0,0.0390875764277583,3.9914896423373447,-26.078417512903236,0,0,0,0,0,0,0,0,0,0
TX001929,AC00377,-0.0593342789768721,-0.2371703505330071,-2.5921422384742616,-419.02391185022896,0.0,0.1298397278071376,3.068858652187662,5.529028017763888,0,0,0,0,0,0,0,0,0,0
TX001905,AC00378,-0.1151844190000134,-0.2512997526900529,-1.9333041120882248,-480.9956882883422,0.0,0.1718868278141278,3.3997983715041613,-81.28119332581215,0,0,0,0,0,0,0,0,0,0
TX001646,AC00378,-0.0417576155707672,-0.0271483243298094,0.3966538850911298,-253.13901469668,0.0,0.7064310106840843,13.40922720764673,-6.957548937281901,0,0,0,1,0,0,1,1,0,0
TX001894,AC00378,-0.0164175394000847,-0.2154749585215416,-1.5947418741149306,-74.88419096305404,0.0,0.3694275419142865,5.5932916085475055,19.860792870061427,1,0,0,0,0,0,1,0,1,0
TX002322,AC00378,-0.0158528267822609,-0.0720463004908191,-0.8369863590176276,-406.4773256959842,0.0,0.4481252291248388,5.18306394780976,-9.640260367600408,0,0,0,0,0,0,1,0,0,0
TX000581,AC00378,-0.0573202100174002,-0.1923519032507976,-1.1750572767275127,-438.83108879977954,0.0,0.3290130726041743,4.304922035428431,-20.20942944916902,0,0,0,0,0,0,1,0,0,0
TX002308,AC00378,-0.0863223253939977,-0.2014345901012735,-2.0956225489465368,-277.78085535314085,5.960464477539064e-08,0.3324060489226014,4.059284369012872,-15.771279623515898,0,0,0,0,0,0,1,0,0,0
TX001576,AC00379,-0.0265450148749054,-0.0512610499837782,-0.6493409457891861,2150.673179421363,2.384185791015625e-07,0.6437352128842843,9.766669221373146,-50.37144124159757,0,0,0,0,1,0,1,0,0,0
TX001158,AC00379,0.0169003781382893,-0.180104103687017,0.027021349865782,-418.28486969638897,0.0,0.5049237331033126,15.5413355357781,-57.79155395617006,1,1,0,1,0,0,1,1,0,0
TX000204,AC00380,-0.1045758527742578,-0.2486860408006818,-0.7979823041212128,-474.9467697183204,0.0,0.09878251353552,5.511358267332621,-78.59776231731398,0,0,0,0,0,0,0,0,0,0
TX000214,AC00380,-0.0832579629557103,-0.238918240397479,-1.460911671501174,-463.40369534561535,8.429369702178808e-08,0.0893207788679658,4.893325662832929,-60.72093187389731,0,0,0,0,0,0,0,0,0,0
TX000804,AC00380,-0.0319454954724875,-0.1161666999593051,-2.548662427014733,-308.90606088247426,0.0,0.5166760285278258,6.466271026669514,-11.32968085246522,0,0,0,0,0,0,1,0,0,0
TX001784,AC00380,-0.0201796549141033,-0.2048386002185127,-2.49436706281416,-423.2829955642319,5.960464477539064e-08,0.1933356044612032,3.6421327616508847,8.90601729383354,0,0,0,0,0,0,0,0,0,0
TX000161,AC00380,-0.0621502121072496,-0.2453133441557196,-2.066644125155955,-439.97070728260303,0.0,0.1188062258151059,3.2416950456245504,-21.33311558314486,0,0,0,0,0,0,0,0,0,0
TX001632,AC00380,-0.0685529960604311,-0.2002758648569689,-1.28418139539645,-438.5840286441492,0.0,0.1937734015705929,4.10867909724448,-18.70656855915597,0,0,0,0,0,0,0,0,0,0
TX000655,AC00381,-0.1042744685298978,-0.2458003367072274,-2.5745576832556374,-474.8630135601603,0.0,0.2082855288602419,4.413787408309232,-79.14914242706809,0,0,0,0,0,0,0,0,0,0
TX001218,AC00381,-0.0709244394524726,-0.2254259641530662,-1.495081525619803,-458.1152647976925,0.0,0.3796754165303346,7.591166427449486,-57.040736558165705,0,0,0,0,0,0,1,0,0,0
TX000297,AC00381,-0.0781283610830098,-0.2301019039444571,-2.4602710078247707,-456.4591297146841,0.0,0.151149017591897,4.219450402458128,-19.81474755245255,0,0,0,0,0,0,0,0,0,0
TX001918,AC00382,-0.0217425615198174,-0.0909205192155109,0.6221577228634168,-318.4796487355484,0.0,0.6211879739991188,16.137364663394234,-65.21352855987824,0,0,0,1,0,0,1,1,0,0
TX001191,AC00382,0.0283266539671894,0.6285849379468746,3.088655979403073,-286.78924106746393,6.466265443590407,0.7005066439183792,27.23440000554694,-51.82335041447648,2,1,1,1,0,0,1,1,0,1
TX001593,AC00382,0.0205703332928368,0.0156259870860513,0.3308786971969777,-353.066682922873,0.0,0.555451800283196,8.655292376255893,2.557963821005639,2,1,1,1,0,0,1,0,0,1
TX000131,AC00382,-0.0440863866809864,-0.1748096651957045,-1.7061934071067828,-374.3100109288554,0.0,0.3989948353710895,5.174506811333664,-13.489137551397397,0,0,0,0,0,0,1,0,0,0
TX001951,AC00382,-0.0908816284482945,-0.1734520847672234,-1.9984849145494843,119.46950282776568,5.960464477539064e-08,0.3440345467091561,3.814390770186472,-1.0030639294042951,0,0,0,0,1,0,1,0,0,0
TX000714,AC00382,-0.0661442519517662,-0.1933071682050935,-2.005584074851292,88.17420463270497,0.0,0.3496734724677568,4.006742865711383,-0.0426362649502505,0,0,0,0,1,0,1,0,0,0
TX001250,AC00383,-0.0897724025123524,-0.2085273038111139,-2.079081003763351,-474.6658857671031,1.0323827311807142e-07,0.2233071406582645,3.7269417432874032,-78.07077462087307,0,0,0,0,0,0,0,0,0,0
TX001912,AC00383,-0.0626346643947547,-0.1592755715003668,-1.3295579446316808,-457.207981127514,1.1920928955078125e-07,0.3855463368263963,6.0048808594015926,-61.071531509668,0,0,0,0,0,0,1,0,0,0
TX000862,AC00383,-0.0594221790220667,-0.2302049069595839,-1.565567285313449,-453.381637763801,5.960464477539064e-08,0.1896420173121963,3.92329667746206,-17.92169113069517,0,0,0,0,0,0,0,0,0,0
TX000165,AC00383,-0.07212705754356,-0.2535977294341045,-1.6640944351397398,-457.69509494555206,0.0,0.0832645880886629,3.6128787562550495,-19.553748494594483,0,0,0,0,0,0,0,0,0,0
TX001489,AC00384,-0.1030908355385323,-0.1609352448427885,0.6208403822531121,-129.32713919722926,0.0,0.6006496919358684,6.166444904387813,-50.25981628164491,0,0,0,1,0,0,1,0,0,0
TX002245,AC00384,-0.0846309004954244,-0.2023238286194455,-1.604560777983437,-455.51147177405136,0.0,0.4106148294854187,6.990119355390104,-60.25127026702667,0,0,0,0,0,0,1,0,0,0
TX002376,AC00384,-0.0811179055764123,-0.2272916761674026,-2.6941315212861685,-473.8714213078656,0.0,0.1656166205965808,3.8601911270532874,-25.859852210316927,0,0,0,0,0,0,0,0,0,0
TX001902,AC00384,-0.0428363637641213,-0.2317606338613496,-1.612864050331858,-449.1141739858183,0.0,0.1591055447927107,3.697261165513732,-19.071783975045644,0,0,0,0,0,0,0,0,0,0
TX001187,AC00384,0.0206535756791929,-0.145662295447543,-2.12592196944534,-84.88065370933282,0.0,0.4129825441167494,6.245087137611775,12.629692397893788,2,1,0,0,0,0,1,0,1,1
TX000132,AC00384,-0.0767897773870234,-0.2640179565814187,-2.4467768995391665,-402.0043778055894,0.0,0.0416225160791407,3.2494962634346383,-22.223139782276608,0,0,0,0,0,0,0,0,0,0
TX002196,AC00384,-0.0705374265294418,-0.2243502878643466,-2.6152874061854394,-448.8044878513799,0.0,0.1647398953477338,4.218828671278733,-24.764563735114702,0,0,0,0,0,0,0,0,0,0
TX000010,AC00385,-0.080103924336307,-0.1632367045971154,-1.3749656388127018,-419.6285676389702,0.0,0.4673579497160591,7.375316964103246,-69.96954010960391,0,0,0,0,0,0,1,0,0,0
TX002224,AC00385,-0.0299363221848097,-0.2567665646749089,-0.6450185611825479,-436.2755281296008,0.0,0.4374591440909385,13.73600424808092,-60.03807347961544,0,0,0,0,0,0,1,1,0,0
TX001833,AC00385,-0.0508241681056036,-0.248254933658915,-2.7375394699383904,-456.967751657259,0.0,0.1379310597043655,4.028929840861191,-23.09444994730291,0,0,0,0,0,0,0,0,0,0
TX000147,AC00385,-0.0217047885895865,0.0006308687582612,-1.7169009033327036,-406.1903452239901,0.0,0.5468970154650503,7.149213586599166,-6.17113433671226,1,0,1,0,0,0,1,0,0,0
TX000140,AC00385,-0.0591394808008471,-0.130339206994156,-1.7354814522955788,-389.6219638718458,0.0,0.5036640424729427,7.472902681812333,13.676338795950334,1,0,0,0,0,0,1,0,1,0
TX000903,AC00385,-0.0619164548521916,-0.1956093459009105,-2.3843079159063265,-370.66993807121,0.0,0.3221786058080278,4.268878678325096,-15.035239636892133,0,0,0,0,0,0,1,0,0,0
TX002202,AC00385,0.0295132356736622,-0.1420013103509354,-0.4392945283031153,-328.62641952801454,0.0,0.5811156788805701,12.117950751765116,-14.666678805960863,1,1,0,0,0,0,1,1,0,0
TX000311,AC00386,-0.1104273199829029,-0.2628931162969492,-0.9981361349735548,-477.14628084230577,0.0,0.0301266180413522,5.29144691277028,-80.08940665871194,0,0,0,0,0,0,0,0,0,0
TX000832,AC00386,-0.0757669665299351,-0.2188975124472716,-1.074611986496528,-469.6405316869572,0.0,0.1763409488997668,4.493070773740755,-61.33238675040439,0,0,0,0,0,0,0,0,0,0
TX000914,AC00386,-0.093771316983255,-0.2307467312359294,-2.0190846097504167,-439.13057504239913,0.0,0.3371542136496895,5.394422551754364,4.685893908403156,0,0,0,0,0,0,1,0,0,0
TX001427,AC00386,-0.0014391542283681,-0.1758541655421213,-1.6703349492231432,-388.3228997531971,8.429369702178808e-08,0.3693556205880136,4.78518356242152,16.745248989717307,1,0,0,0,0,0,1,0,1,0
TX001136,AC00386,-0.0407930577753206,-0.1718768166250377,-2.5098100403586407,-448.4807067530816,1.1920928955078125e-07,0.3715624075833987,4.225868582398243,-17.11354360074303,0,0,0,0,0,0,1,0,0,0
TX001981,AC00386,-0.0690567444934421,-0.2031848355427514,-1.656753064697062,-82.44702170007605,0.0,0.1942314789889354,3.742728452238679,17.601185110386947,1,0,0,0,0,0,0,0,1,0
TX002433,AC00386,-0.0933048723482689,-0.2451771060703753,-1.4696407012591344,-452.6115252881392,0.0,0.1100471602522668,3.9930736287262025,-23.70741037067939,0,0,0,0,0,0,0,0,0,0
TX002329,AC00386,-0.0496730137842382,-0.1823376884922356,-1.896228004371308,-444.166725196306,0.0,0.4145581495864573,6.328615336706861,-17.087023007046174,0,0,0,0,0,0,1,0,0,0
TX001736,AC00387,-0.0985608162607873,-0.2481205400674555,-0.7477882546759336,-469.63503844459206,0.0,0.0741632103820167,5.436700507234926,-77.1504838100526,0,0,0,0,0,0,0,0,0,0
TX000284,AC00387,-0.0293689928059702,-0.1618781971112306,-1.6840498402629578,-307.9605271034592,0.0,0.4836556964543488,4.994574267220368,13.225127838114783,1,0,0,0,0,0,1,0,1,0
TX002302,AC00387,-0.0674992722333477,-0.2548538736296373,-2.5454808347081865,-464.3457646681646,0.0,0.1276951935947174,3.5365879063484016,-22.91266802749114,0,0,0,0,0,0,0,0,0,0
TX002004,AC00388,-0.0904417435155958,-0.1818723429261826,-2.391300083746575,-471.100968744528,0.0,0.3514299143468509,4.435386225190484,-76.23709885145331,0,0,0,0,0,0,1,0,0,0
TX002293,AC00388,-0.0322782307518893,-0.1586227141345364,-1.0251221465416125,-357.80237894044274,0.0,0.59151217835749,9.583804319543836,-58.2537372706934,0,0,0,0,0,0,1,0,0,0
TX000822,AC00389,-0.0904897550151563,-0.2442231866727491,-2.29110987618923,-192.14840973111552,0.0,0.187530518514243,3.1939820063079187,-78.78286578710716,0,0,0,0,0,0,0,0,0,0
TX000308,AC00389,-0.0743591888116163,-0.2101239643930441,-2.3212091605688308,-469.5354687286973,0.0,0.1616245463131253,3.83079623859894,-60.40951828293872,0,0,0,0,0,0,0,0,0,0
TX001952,AC00389,-0.0880118401596736,-0.2256773839508976,-2.708800643819947,-459.5180794559565,0.0,0.1773303273696787,4.940967036324415,-16.93159449220017,0,0,0,0,0,0,0,0,0,0
TX000029,AC00390,-0.116919492170978,-0.243054511879861,-1.5285941726575203,-468.5072586140721,0.0,0.1271679643314229,4.302349929125917,-75.85347436093426,0,0,0,0,0,0,0,0,0,0
TX001713,AC00390,-0.0561809017607861,-0.2268716576986962,-1.120579436709642,-315.3277295116299,0.0,0.4631640255939345,4.771186896519742,-55.21899592535179,0,0,0,0,0,0,1,0,0,0
TX002021,AC00390,-0.0942088901603465,-0.260749652184932,-2.1092120207071154,-468.5735828660288,0.0,0.0341492660336457,3.3572885471638174,-25.609659587435296,0,0,0,0,0,0,0,0,0,0
TX000753,AC00390,-0.1022713007452367,-0.2333168428123389,-2.2814502771780063,-466.345954361459,1.0323827311807142e-07,0.1331581357006962,3.850090042786055,-25.114016217178108,0,0,0,0,0,0,0,0,0,0
TX000711,AC00390,-0.078627007847124,-0.2539510402486823,-1.889313233952244,-464.77026451393385,5.960464477539064e-08,0.0832750280816556,3.484026388066644,-26.04079454854216,0,0,0,0,0,0,0,0,0,0
TX001109,AC00390,-0.0568061715192443,-0.1812818483429894,-1.2675918019741186,-364.7530240450033,0.0,0.3649618911871676,4.522216663128288,-15.100901557677322,0,0,0,0,0,0,1,0,0,0
TX000898,AC00390,-0.0880462770757724,-0.2445794110027186,-0.8181837187254768,-384.8462733690569,5.960464477539064e-08,0.1265757055171896,3.838871180972636,-14.1423743904719,0,0,0,0,0,0,0,0,0,0
TX001361,AC00391,-0.0728027969600005,-0.1227689559527407,-0.6188207914292754,-448.1915666528733,0.0,0.2955073341689933,6.057970043743805,-71.80752996213539,0,0,0,0,0,0,0,0,0,0
TX000221,AC00391,0.00478359883453,-0.0327816843987347,1.2338766476811882,273.11387091791454,3.371747880871523e-07,0.651606360148699,11.770170171683272,-18.49237120712521,1,1,0,1,1,0,1,1,0,0
TX002059,AC00391,-0.0887967093290525,-0.245274297174155,-2.128534522829732,-445.02620946792007,0.0,0.1852934257335508,5.630241494051429,-14.476169562760305,0,0,0,0,0,0,0,0,0,0
TX000013,AC00392,-0.077403755941079,-0.1960487164540245,-2.3628685381255217,657.1642692956343,0.0,0.2861611279759944,6.210050598381177,-76.60430674938308,0,0,0,0,1,0,0,0,0,0
TX000479,AC00392,-0.0555475486714574,-0.1680526978180125,-2.125000392260203,-456.45591621486864,0.0,0.4819027985936503,5.688844762925892,-56.568819645437785,0,0,0,0,0,0,1,0,0,0
TX002354,AC00392,-0.0993934076936015,-0.2186183095460598,-2.700983458535763,-469.3526731436071,0.0,0.1029102237490343,3.8411211095554663,-20.986215369968757,0,0,0,0,0,0,0,0,0,0
TX000631,AC00393,-0.051276599715537,-0.2229898369061598,-1.7591384637148817,70.75571551542004,0.0,0.2230435535703888,4.390325535041831,-59.8643221699716,0,0,0,0,1,0,0,0,0,0
TX000006,AC00393,-0.1013130783399501,-0.2606486184030383,-2.1174223872583138,-479.84538199254376,0.0,0.0,5.217824250636492,-65.92493776026157,0,0,0,0,0,0,0,0,0,0
TX001166,AC00393,-0.0678466353374805,-0.1943529282708203,-2.157361261760208,-452.6048275600082,0.0,0.4159227270354853,5.400541681543099,-12.90350017269366,0,0,0,0,0,0,1,0,0,0
TX001565,AC00393,-0.1139592590533984,-0.2514677553766642,-2.174356293049236,-468.42576615379073,0.0,0.1011967149798667,3.033926327132016,-23.18828232319004,0,0,0,0,0,0,0,0,0,0
TX001695,AC00393,-0.1098311408704555,-0.268995523557096,-2.514040561002945,-467.6060703403026,0.0,0.0512545655911176,3.7610027522324807,-26.15993057021656,0,0,0,0,0,0,0,0,0,0
TX000666,AC00393,-0.0468795289966439,-0.1682063361269967,-1.5082464416178605,-450.1751876685192,0.0,0.3546915692509798,4.214484427477129,3.241626707100746,0,0,0,0,0,0,1,0,0,0
TX001479,AC00393,-0.0704065044422052,-0.1367399524797317,-1.6041965400207836,-453.17800982286445,1.1920928955078125e-07,0.369468522546619,4.719318021921764,-19.33038366258729,0,0,0,0,0,0,1,0,0,0
TX001859,AC00393,-0.0537290258716482,-0.2515172953205111,-1.8530593927880008,-422.6379946808127,0.0,0.1060350336815292,3.4285932477055225,-18.26736129506617,0,0,0,0,0,0,0,0,0,0
TX000239,AC00394,-0.0712707359044093,-0.193392658931035,-0.3275714961062466,-447.7944996807923,0.0,0.1941698151769039,5.958718879784989,-72.85813192138797,0,0,0,0,0,0,0,0,0,0
TX001874,AC00394,-0.075483821963566,-0.2324291122021593,-0.7420410747455399,-458.2342457845247,0.0,0.1891146056854846,4.531357027165759,-58.60122118592528,0,0,0,0,0,0,0,0,0,0
TX001028,AC00394,-0.0539922763824476,-0.1587859836971676,-1.535557135848343,-177.14522991645163,0.0,0.5976661693894967,6.021850732901581,12.584359625412445,1,0,0,0,0,0,1,0,1,0
TX001665,AC00394,-0.063371422442801,-0.1923723025136936,-1.5096847306908892,-446.8517251831152,0.0,0.3204191778441154,4.221964952047958,-15.089583252957611,0,0,0,0,0,0,1,0,0,0
TX000732,AC00394,-0.097695616091546,-0.2344844246536295,-2.8331847535229144,-466.69076730191983,0.0,0.1424820274491604,3.365870632051401,-24.12305886710305,0,0,0,0,0,0,0,0,0,0
TX002101,AC00394,-0.0579742513811288,-0.1366842273734825,-1.5951685820435344,-389.1558441155197,0.0,0.3906773088212149,4.488896410175993,-17.099251983194694,0,0,0,0,0,0,1,0,0,0
TX002141,AC00394,-0.0019254334430488,-0.0288728354014513,-1.3394026486996076,-312.39941064634,1.1920928955078125e-07,0.4780875400255647,5.924731612141043,-11.452363518154993,0,0,0,0,0,0,1,0,0,0
TX000730,AC00395,-0.0911550896631466,-0.2117569855306815,-2.668373605937182,169.22382907746413,0.0,0.2427775480871797,4.512578910843546,-77.90787817823175,0,0,0,0,1,0,0,0,0,0
TX000955,AC00395,-0.1081233532127972,-0.2282798510378423,-3.425669656042654,-472.8789299270822,5.960464477539064e-08,0.1779379763783151,3.490546742717048,-64.0612235780944,0,0,0,0,0,0,0,0,0,0
TX000070,AC00395,-0.0714538103998876,-0.2023562843492767,-2.978051998193717,-467.7836761908466,0.0,0.3756519998600641,4.8567419177426325,4.286936455755728,0,0,0,0,0,0,1,0,0,0
TX002346,AC00396,-0.1018600283824917,-0.2450132594019336,-0.8914419883867879,-477.16869888517095,0.0,0.1320137063743724,5.17518623202082,-80.18708083002308,0,0,0,0,0,0,0,0,0,0
TX001870,AC00396,-0.0933992074035932,-0.2101473608236177,-1.613230978618109,-474.05730475716814,0.0,0.3234604248651496,4.661526090750973,-63.97368927519716,0,0,0,0,0,0,1,0,0,0
TX000113,AC00396,-0.0677474073645752,-0.1868836946298755,-1.5265602590130791,-457.91468821422586,0.0,0.3616721576855973,4.82306632388611,-18.443756584096487,0,0,0,0,0,0,1,0,0,0
TX001304,AC00396,-0.0772582295246329,-0.2434538825803587,-1.5704732006445603,-470.2388497076952,0.0,0.0728768264531898,3.572338510082547,-23.824507429544436,0,0,0,0,0,0,0,0,0,0
TX002271,AC00396,-0.0625646490107532,-0.2208198194126989,-1.878639657959111,-446.3854144431445,1.1920928955078125e-07,0.1647774976248018,6.668238493118676,-15.599302129849578,0,0,0,0,0,0,0,0,0,0
TX000191,AC00396,0.0627585624809831,-0.0311787658509696,2.11286671714106e-07,-289.7208540661088,0.0,0.5392152121035602,9.14516157206811,27.545190179792,2,1,0,1,0,0,1,0,1,1
TX001831,AC00396,-0.0571481906754648,-0.1784496585406481,-1.83277149506511,-305.6744971463455,0.0,0.3670143306736193,4.841885571633289,-17.231637309375817,0,0,0,0,0,0,1,0,0,0
TX001469,AC00396,-0.0174709795871222,-0.0917187179802361,-1.406533442347495,-103.2369638380432,1.1920928955078125e-07,0.4486912112733979,5.336935082177339,57.71307583685049,1,0,0,0,0,0,1,0,1,0
TX000861,AC00397,-0.0868099602112738,-0.1588019017774387,-1.476648405862516,-468.8408012508544,0.0,0.2725719198869151,4.201665412065484,-75.18957258846699,0,0,0,0,0,0,0,0,0,0
TX001815,AC00397,-0.0925297361886509,-0.2038685858126887,-1.1801604582757292,-471.89459719791233,0.0,0.1981050473814271,4.924893571467504,-61.323778421196565,0,0,0,0,0,0,0,0,0,0
TX001486,AC00397,-0.0921816482974419,-0.211288806316056,-1.090150248941148,-453.8724194522718,0.0,0.1903287811260933,4.087399728585067,-18.01692044872696,0,0,0,0,0,0,0,0,0,0
TX000108,AC00397,-0.046196097260456,-0.1384441169550405,-0.2912203970039453,-288.8380405453852,2.384185791015625e-07,0.6244159389495747,8.360603491422475,-11.36890132587106,0,0,0,0,0,0,1,0,0,0
TX000835,AC00397,-0.0808619141044768,-0.2438404651925527,-2.1917564695385074,-457.80174479790986,0.0,0.1487282710808488,3.214060974420183,-24.515188325812144,0,0,0,0,0,0,0,0,0,0
TX000361,AC00397,-0.0933769359169329,-0.2517553827798807,-2.9301683863048016,-458.882025390024,0.0,0.1176410288068982,3.455180223695322,-27.584621311534963,0,0,0,0,0,0,0,0,0,0
TX000145,AC00397,-0.084964488187092,-0.2563088806047553,-2.020050478296604,-384.07602487390176,8.429369702178808e-08,0.097025545037709,3.396444376438314,-23.082864598854787,0,0,0,0,0,0,0,0,0,0
TX001454,AC00398,-0.1197579681166208,-0.2593209729134131,-1.864133632804096,-477.4940736935232,0.0,0.1012718895809721,3.849782120706636,-78.00060061741695,0,0,0,0,0,0,0,0,0,0
TX001783,AC00398,-0.0952461557395759,-0.2496797697260465,-1.7407948738753536,-467.4200868503028,0.0,0.3445318650724358,6.285453774932074,-62.85875837629023,0,0,0,0,0,0,1,0,0,0
TX001768,AC00398,-0.0880899137528551,-0.2448234034968621,-1.1759745330763955,-247.41592845440536,0.0,0.4921960138963401,6.644829129819373,-10.860659388026043,0,0,0,0,0,0,1,0,0,0
TX000605,AC00398,-0.0998748296160574,-0.265577920313485,-3.08087371612441,-476.0361694389904,0.0,0.0431655760960254,2.7376981605960315,-29.64448992144905,0,0,0,0,0,0,0,0,0,0
TX001275,AC00398,-0.0418674532559546,-0.0617961169082676,-1.4008189477049413,-403.3163228090928,0.0,0.4814263408867247,7.92069237897372,-9.452546691938329,0,0,0,0,0,0,1,0,0,0
TX001219,AC00398,-0.0506689238651811,-0.2255934990666419,-0.3187366869672416,-267.05487421871385,2.384185791015625e-07,0.522715085649129,9.190891385726308,-15.51565287819677,0,0,0,0,0,0,1,0,0,0
TX000472,AC00398,-0.0666976426250174,-0.155602396635367,-1.975791231967042,-391.4858169543984,0.0,0.3695852923545243,4.568010148427178,-15.705191837403556,0,0,0,0,0,0,1,0,0,0
TX002175,AC00399,-0.0864727880665744,-0.2295712303752,-0.4578977846431993,-453.2059158362417,0.0,0.1951626229833696,6.001202467798925,-75.27453479495315,0,0,0,0,0,0,0,0,0,0
TX000783,AC00399,-0.0417432726886079,-0.0559455655339344,-0.1746087672200644,305.6934372670226,3.371747880871523e-07,0.637830181062598,11.551628452642946,-43.69546055247064,0,0,0,0,1,0,1,1,0,0
TX000870,AC00399,-0.0893846399329372,-0.2477978539792953,-1.8421213097072895,-463.75349430522095,0.0,0.1635122779891286,3.755943343488624,-23.638765474144204,0,0,0,0,0,0,0,0,0,0
TX001677,AC00399,-0.0930309331053464,-0.244125601742539,-2.240239126069417,-462.8225870410608,8.429369702178808e-08,0.0457795463364446,4.570369801281942,-24.381972042475024,0,0,0,0,0,0,0,0,0,0
TX002259,AC00399,-0.0572979798290431,-0.1556474335493449,-1.477687538162911,-380.9632134662591,0.0,0.3693410908646659,4.25923710358393,-14.811578491518862,0,0,0,0,0,0,1,0,0,0
TX000414,AC00400,-0.114100147638825,-0.2462550692548537,-1.8030168296861595,-475.55426132623137,0.0,0.1181175288201857,3.9524486889093415,-77.13895366707212,0,0,0,0,0,0,0,0,0,0
TX000486,AC00400,-0.0639221474454063,-0.0509338602832041,-0.7699406035090774,-450.1361840638149,0.0,0.4835340285858053,6.145699974812776,-49.61754385628822,0,0,0,0,0,0,1,0,0,0
TX000244,AC00400,-0.0852667132010118,-0.2483663912337239,-1.4439422030106304,-465.0725167573573,0.0,0.0776226957373508,3.6122687924703394,-16.66629476725158,0,0,0,0,0,0,0,0,0,0
TX001504,AC00400,-0.082383967685499,-0.2142499756224294,-1.6174557659798356,-471.8287464528189,0.0,0.1725410495780581,4.266596999943836,-24.019901476947453,0,0,0,0,0,0,0,0,0,0
TX002244,AC00400,-0.017910638996356,-0.1176156519012971,-1.1457626790094313,-424.9634025066621,0.0,0.4615399463356864,6.367794384860408,-15.442800254052113,0,0,0,0,0,0,1,0,0,0
TX000981,AC00401,-0.0770611282063411,-0.1086043262588354,-0.9975676855123226,-467.3482870149814,0.0,0.2772024785856845,5.126671437243,-75.01139742075298,0,0,0,0,0,0,0,0,0,0
TX001803,AC00401,-0.0533313737570058,-0.099174041462446,-1.551121632641015,-456.45654694317386,0.0,0.4269105990894106,5.520264477583876,-54.83328775068342,0,0,0,0,0,0,1,0,0,0
TX000046,AC00401,-0.0844528441170714,-0.2435683441538125,-2.8529016121391386,-475.33936298118186,0.0,0.0918186962354615,4.153370402344801,-25.49928355212076,0,0,0,0,0,0,0,0,0,0
TX000407,AC00401,-0.0689877523371832,-0.2559357216169634,-2.311610042052944,-460.6907950468464,0.0,0.1105568719705703,3.3608577461142763,-22.717605469298828,0,0,0,0,0,0,0,0,0,0
TX000231,AC00401,-0.1089288692415418,-0.2410966436511643,-2.8235239405034385,-445.423238722683,5.960464477539064e-08,0.1380432297898201,3.6280037376451024,-25.25146593139345,0,0,0,0,0,0,0,0,0,0
TX001183,AC00401,-0.0822590916612746,-0.2625286071384641,-1.809236768649248,-367.4569977270963,0.0,0.1048174172552372,3.5310068284690286,-21.61584554209374,0,0,0,0,0,0,0,0,0,0
TX000558,AC00402,-0.0723700391405508,-0.2367548478366155,-1.0904273873080663,-438.6447140353857,0.0,0.3257368542895769,6.203674239214015,-74.0736919472105,0,0,0,0,0,0,1,0,0,0
TX000918,AC00402,0.0262205424837496,-0.1941829390771567,-0.4355481150284852,-360.554659166932,0.0,0.4958439274625428,11.241594566840613,16.353525446244216,2,1,0,0,0,0,1,1,1,1
TX002144,AC00402,-0.0495647792180816,-0.2266286266923252,-2.2345060340086924,-463.6140370892292,8.429369702178808e-08,0.1296251972206504,4.76103321384382,-23.734519615851557,0,0,0,0,0,0,0,0,0,0
TX001832,AC00402,-0.096706543105045,-0.2720468760256564,-2.790477084805877,-470.7524373669089,8.429369702178808e-08,0.0212567348815968,3.0263352037998343,-27.307993408944892,0,0,0,0,0,0,0,0,0,0
TX001639,AC00403,-0.1080600399182004,-0.2426383951648243,-1.4760892139308996,-472.2770974726671,0.0,0.1045047752731963,4.258374881589239,-77.67103720149288,0,0,0,0,0,0,0,0,0,0
TX000277,AC00403,-0.0961045850366824,-0.2480068771880119,-1.5953845401068314,-470.66701044638495,0.0,0.1347669373553301,4.109794954049856,-61.48275894993316,0,0,0,0,0,0,0,0,0,0
TX000628,AC00403,-0.105777075627098,-0.2686248071237609,-1.474448858059073,-478.0333922526872,5.960464477539064e-08,0.0462534544381639,3.3636139804579286,-14.263876165745272,0,0,0,0,0,0,0,0,0,0
TX001087,AC00403,-0.0962627704820167,-0.2331578894533359,-1.4125618650370289,-472.7951951940013,0.0,0.0588002347605927,4.241771836022788,-26.278930466080457,0,0,0,0,0,0,0,0,0,0
TX001342,AC00403,-0.0688178505605072,-0.2414740542024136,-2.545145279367276,-429.7583888826722,0.0,0.1103821078786506,5.295765997896413,-24.357288744353852,0,0,0,0,0,0,0,0,0,0
TX000141,AC00403,-0.0861743550932078,-0.2546256079861383,-1.3990834561138996,-456.0216583801713,0.0,0.0824704115545995,3.7837973902297537,-21.782502596524683,0,0,0,0,0,0,0,0,0,0
TX000860,AC00403,-0.0776649169507917,-0.2038409579173912,-0.8348692838819716,-447.3614029114697,8.429369702178808e-08,0.1967518432074989,4.988770324394419,-19.606889430501585,0,0,0,0,0,0,0,0,0,0
TX001318,AC00403,-0.0965474916863575,-0.2363041653666509,-1.1558757245118318,-447.2983891826947,0.0,0.1347340917092572,4.033042754502126,-20.904652427196957,0,0,0,0,0,0,0,0,0,0
TX000897,AC00404,-0.1193158612369162,-0.2599051755920496,-1.2756527632164474,-476.0566906685611,8.429369702178808e-08,0.0224483724675246,4.830528050559656,-79.03953000429593,0,0,0,0,0,0,0,0,0,0
TX002210,AC00404,-0.1030376773223425,-0.2270751420185663,-1.509134354185095,-472.9493006760413,0.0,0.1272981222470298,4.361223743677001,-64.43932939176847,0,0,0,0,0,0,0,0,0,0
TX001197,AC00404,-0.0488078143779878,-0.0071745469735791,-0.1757036773340825,-437.8725184952115,0.0,0.482856090585691,6.196553255406598,-6.828927447693634,0,0,0,0,0,0,1,0,0,0
TX000037,AC00404,-0.0971999421378006,-0.2512907758072735,-1.455843124894308,-470.2004296947737,0.0,0.1213673381183229,3.81727891067066,-22.560617657655825,0,0,0,0,0,0,0,0,0,0
TX001604,AC00405,-0.0882030824590321,-0.2231376817351069,-0.8999678374870435,-468.6238769954606,0.0,0.142883961096176,4.93278642529341,-77.06009831198826,0,0,0,0,0,0,0,0,0,0
TX001414,AC00405,-0.0032446229112196,-0.2313117557983552,-1.4609933127995252,-413.762231850284,1.1920928955078125e-07,0.4034369523181155,6.359414144192697,-36.97851675499078,0,0,0,0,0,0,1,0,0,0
TX000040,AC00405,-0.0707032218082988,-0.1536628173579122,-2.443364621842818,-462.2772124982912,0.0,0.4017196266390689,4.2277135227679725,-17.748189511925734,0,0,0,0,0,0,1,0,0,0
TX001756,AC00405,-0.0935485656423347,-0.195788905675047,-2.048904532934697,-459.2710914523435,0.0,0.3748817957649847,4.649088566162667,-21.434673423334363,0,0,0,0,0,0,1,0,0,0
TX001371,AC00405,-0.0931329370474901,-0.2401393492878962,-3.105054546618664,-440.8393256066694,0.0,0.1168215523237231,3.624194541481759,-24.22427234310849,0,0,0,0,0,0,0,0,0,0
TX000139,AC00405,-0.0526503972089182,-0.1981673110511725,-2.5158835635363115,-414.16154078950746,0.0,0.3798951673588315,6.144569718040224,-11.2992841186956,0,0,0,0,0,0,1,0,0,0
TX000081,AC00406,-0.108016182028912,-0.2230276660089523,-2.0767798686028414,-471.748475079437,0.0,0.2077011111423535,3.952093131697733,-76.23032270120912,0,0,0,0,0,0,0,0,0,0
TX001974,AC00407,-0.1012613636822306,-0.2452731087881288,-1.5635174547556048,-466.40348362258936,0.0,0.2018964809192527,6.834429698081758,-79.7144622362846,0,0,0,0,0,0,0,0,0,0
TX000450,AC00407,-0.0105812477984954,0.1858351175819652,3.078540779053413,711.0766280548514,12.452989526595925,0.7652645077833498,13.372268295825355,-138.3867929135453,1,0,1,1,1,1,1,1,0,0
TX001049,AC00407,-0.0649737757270156,-0.1399810279447262,-1.6461942715359896,-451.1531009798743,0.0,0.4583132627509112,6.407914325060895,5.911487829633952,0,0,0,0,0,0,1,0,0,0
TX001535,AC00407,-0.0255659679878728,-0.2283663681657612,-0.6549572726065467,-288.203039996778,0.0,0.5427303740479517,8.30839643890882,-12.61159637047829,0,0,0,0,0,0,1,0,0,0
TX002441,AC00407,-0.0128458647057019,-0.1450473021753351,-2.1706357972802977,-378.35371873839017,0.0,0.428707633463795,5.2257901380546725,-9.773082042289577,0,0,0,0,0,0,1,0,0,0
TX002499,AC00407,-0.0546955511611965,-0.1935024129351592,-1.6986511941731557,-378.74153156899297,1.1920928955078125e-07,0.3689226470828054,4.747944270796339,-14.85906676291393,0,0,0,0,0,0,1,0,0,0
TX000540,AC00407,-0.0384346088008051,-0.234573904314209,-2.302031901887055,-404.17161245859086,8.429369702178808e-08,0.1571302926968324,3.925407256451152,-18.081571952446872,0,0,0,0,0,0,0,0,0,0
TX002297,AC00408,-0.1236580224617732,-0.2581463716887058,-2.3925634896524954,-476.9683607177037,0.0,0.0366325040875816,3.371578208829423,-78.77594861495658,0,0,0,0,0,0,0,0,0,0
TX001740,AC00408,-0.1166610495986058,-0.2488001638196189,-3.10588756003704,-481.66496601847535,0.0,0.1089341807417811,2.9232919418595986,-64.96442253968785,0,0,0,0,0,0,0,0,0,0
TX001994,AC00409,-0.082102307670471,-0.2148753762964164,-1.7836488846589074,-458.49812173307686,0.0,0.3164964540563895,6.966634509540845,-74.51402213299583,0,0,0,0,0,0,0,0,0,0
TX001283,AC00409,-0.03923276586207,-0.2242400802150033,-0.3806137689339373,-435.5875697761148,0.0,0.4660286076829326,10.750033252774744,-54.09775344594253,0,0,0,0,0,0,1,1,0,0
TX001608,AC00409,-0.091230028394474,-0.2406065543273337,-2.326921214025372,-468.53406728694574,5.960464477539064e-08,0.1561678668819996,3.557198542062815,-25.70393934833741,0,0,0,0,0,0,0,0,0,0
TX001948,AC00409,-0.0842446515738767,-0.2430814056828756,-2.193156639776083,-461.1804177273372,8.429369702178808e-08,0.1690782035749324,3.818111154587641,-22.270454622243715,0,0,0,0,0,0,0,0,0,0
TX001353,AC00409,-0.0057720845258368,-0.0987070105053082,-1.6286906752903594,-409.7829188171455,0.0,0.4050344902679009,4.295913198705161,10.558725586800396,0,0,0,0,0,0,1,0,0,0
TX001171,AC00410,-0.1084138631903014,-0.2325614273132015,-1.5719549146351213,-476.9663647122075,0.0,0.1991590741613847,4.48459512826249,-79.37577013858632,0,0,0,0,0,0,0,0,0,0
TX001399,AC00410,-0.0850540171861464,-0.1803965667870632,-1.4584957427986716,-464.4735666204536,0.0,0.3743116862847958,5.80044663557071,-59.86184874024607,0,0,0,0,0,0,1,0,0,0
TX001284,AC00410,-0.0183148177060815,-0.1467155706230585,-1.2606875360586862,-427.0171672649497,0.0,0.4377893467331162,5.543637676992285,7.352458139410249,0,0,0,0,0,0,1,0,0,0
TX001600,AC00410,-0.0640490357160561,-0.2273399677706455,-2.762298140879615,-464.8413297140009,0.0,0.341240115520694,5.766475658043658,-16.492857103245814,0,0,0,0,0,0,1,0,0,0
TX000379,AC00410,-0.0920415250224741,-0.238971224172471,-2.6462828606532955,-466.37960770995534,5.960464477539064e-08,0.1541020262703787,3.481372424912668,-27.690962004268982,0,0,0,0,0,0,0,0,0,0
TX000803,AC00411,-0.1086604286031201,-0.2519957546075219,-2.1686778252616,-471.3743848323546,0.0,0.0,4.027708770970024,-78.0877095428752,0,0,0,0,0,0,0,0,0,0
TX001205,AC00411,-0.1123734999900618,-0.1935983035446291,-2.646583215867059,-462.3213588500098,0.0,0.3254162428684778,3.9985809328573767,-59.442172361366296,0,0,0,0,0,0,1,0,0,0
TX000396,AC00411,-0.0440264681348911,-0.1542525255575488,-0.3519765774827714,-388.8383646358806,0.0,0.5114528938962388,7.227909137766174,19.25528499287199,1,0,0,0,0,0,1,0,1,0
TX001597,AC00411,-0.0840603298743645,-0.2297150526415499,-2.7230893773179705,-454.52496177944926,0.0,0.1683565366457564,4.162651371964472,-20.90272573941232,0,0,0,0,0,0,0,0,0,0
TX000005,AC00411,-0.0620879856874263,-0.2340450944490431,-1.8117043020487813,-422.6088534362828,8.429369702178808e-08,0.1256793258672554,3.8371833718693247,-17.947884743611358,0,0,0,0,0,0,0,0,0,0
TX001702,AC00411,-0.0951472784922637,-0.2301807710268775,-1.548632847606509,-369.8352248211972,1.1920928955078125e-07,0.1537593121037638,4.061857915580661,-16.139394070127327,0,0,0,0,0,0,0,0,0,0
TX000852,AC00412,-0.1112962465220369,-0.248145937608428,-1.918659314912164,-475.8778894907094,5.960464477539064e-08,0.1621858336092862,3.616982318813512,-78.93592037406265,0,0,0,0,0,0,0,0,0,0
TX002468,AC00412,-0.0844573915896912,-0.0220718177065903,-1.7866505488441664,-455.4389509279489,0.0,0.4873466358443035,5.19056136507892,-55.30247122112789,0,0,0,0,0,0,1,0,0,0
TX001389,AC00412,-0.0692170713923355,-0.2732858612731755,-1.183567381626121,-362.7549621017505,0.0,0.5179946880488214,9.586881846924236,-17.22904103270784,0,0,0,0,0,0,1,0,0,0
TX001152,AC00412,-0.0966561494071174,-0.2277367391324309,-2.812134848619809,-473.5816448633479,0.0,0.159444174048008,3.8476340612590505,-27.2715241170126,0,0,0,0,0,0,0,0,0,0
TX000565,AC00413,-0.059419585991717,-0.1684034318990344,-1.7773048081934937,-358.19878458674293,0.0,0.4154395574730587,8.272233508217896,-21.896323012275467,0,0,0,0,0,0,1,0,0,0
TX000609,AC00413,-0.0549202664655167,-0.0798143746703285,-1.0069327380782074,-451.49562946211313,1.1920928955078125e-07,0.5252672317616283,7.051542616353212,-56.998334375533545,0,0,0,0,0,0,1,0,0,0
TX001594,AC00413,-0.0179393417582856,-0.1869735217700128,-2.8016532519975925,-444.6083441780289,0.0,0.3814887223244848,6.163457836128702,-17.057205510593732,0,0,0,0,0,0,1,0,0,0
TX002128,AC00413,-0.0777017660833981,-0.271557912027954,-2.570053851532146,-467.81983031980326,0.0,0.0472104995661739,3.689678647046181,-28.03088072833372,0,0,0,0,0,0,0,0,0,0
TX001014,AC00414,-0.1034274455419492,-0.2313135002252431,-2.207674760345075,-475.85582562837806,0.0,0.2427775480871797,5.116121770788834,-80.85195967227428,0,0,0,0,0,0,0,0,0,0
TX000222,AC00414,-0.0230830723239115,-0.0090368330674259,-1.8245048170813,-366.0707652244627,1.1920928955078125e-07,0.5398431786715999,6.556941955161839,-57.95247707038956,0,0,0,0,0,0,1,0,0,0
TX002177,AC00414,-0.039129157990872,-0.1182110447626201,-1.7081226978834447,-447.3648498303071,0.0,0.424631015506601,5.304861363366466,24.910710433215232,1,0,0,0,0,0,1,0,1,0
TX002331,AC00415,-0.0458477892710892,-0.1035147668878904,-0.3971108379318142,-385.5768109484153,0.0,0.2871530699739278,5.874418534588101,-25.48624917803664,0,0,0,0,0,0,0,0,0,0
TX001128,AC00415,-0.0743702653285157,-0.1747901916271375,-0.750550596964219,-460.81454958593554,0.0,0.3376051683905006,4.569905341923967,-58.46453654917665,0,0,0,0,0,0,1,0,0,0
TX000247,AC00415,-0.0551405473331411,-0.1934004288250403,-0.5535055361571874,-438.33929030532255,0.0,0.3568523504359139,5.556876538722187,-14.904906147422851,0,0,0,0,0,0,1,0,0,0
TX000639,AC00416,-0.0683663592314254,-0.2350923026497109,-1.0675419759455167,-449.7491544110746,0.0,0.3478735218544432,6.627248250476867,-73.68955482945081,0,0,0,0,0,0,1,0,0,0
TX001016,AC00416,-0.0497295388821681,-0.2167184322585016,-1.4340651908264397,-438.7388818714361,0.0,0.4540187240685936,9.16525825887055,-59.02276213337796,0,0,0,0,0,0,1,0,0,0
TX002268,AC00416,-0.0344757915306734,-0.0623483763116141,-1.9341502518270843,-392.8816548881597,1.6858739404357617e-07,0.533555507755341,8.021166539564915,-5.172311946329644,0,0,0,0,0,0,1,0,0,0
TX001514,AC00416,-0.004038126710345,-0.017802842464452,-1.0902456689303008,-413.4107768465613,1.1920928955078125e-07,0.523957008593345,7.307891793185677,-13.19945378747082,0,0,0,0,0,0,1,0,0,0
TX000718,AC00416,-0.0086245725230094,-0.1639744762922199,-1.3566071565743805,-358.2704388034545,0.0,0.3898779119554832,5.579788771725395,13.058448169002997,1,0,0,0,0,0,1,0,1,0
TX000220,AC00417,-0.1152462673700474,-0.2456567437333121,-1.9001505714919968,-467.7540640330569,0.0,0.0022345058376769,4.312414203067044,-75.29902980115742,0,0,0,0,0,0,0,0,0,0
TX000797,AC00417,-0.0850928837550625,-0.2399573855508767,-0.8594176284348727,-470.5906593239996,0.0,0.3428331217223148,6.75569281877215,-63.92784531513146,0,0,0,0,0,0,1,0,0,0
TX001213,AC00417,-0.0661424690061369,-0.2435081309393305,-1.532408691453785,-456.9665879777734,0.0,0.096612646786778,3.5502387269417555,-21.297661216687377,0,0,0,0,0,0,0,0,0,0
TX001267,AC00417,-0.0554142293252196,-0.1999666421670085,-0.9878406341523344,-457.9719214692616,0.0,0.3215601316706992,4.6117161036078,-21.39601154314829,0,0,0,0,0,0,1,0,0,0
TX000464,AC00417,-0.0226684290170937,-0.0872635831968655,-0.8553679785727546,-396.0792911664665,0.0,0.4937231341077689,6.000913164643335,9.190347545193529,0,0,0,0,0,0,1,0,0,0
TX000589,AC00418,-8.743909819652895e-05,0.2225410986514508,-0.7052012533165204,-259.3614854178227,1.1920928955078125e-07,0.5425874801707927,5.733231118954142,-53.03130681625216,1,0,1,0,0,0,1,0,0,0
TX000866,AC00418,-0.10689427254722,-0.2498983990495917,-1.5201927546348395,-471.2288023255869,5.960464477539064e-08,0.1400781260972847,3.678757880135941,-60.21817055936643,0,0,0,0,0,0,0,0,0,0
TX000723,AC00418,-0.0976699739199468,-0.268365185784522,-2.018661341810308,-471.6101679333079,0.0,0.0368524359131526,3.1901634059907726,-24.030154984864534,0,0,0,0,0,0,0,0,0,0
TX000333,AC00418,-0.0791942077448464,-0.2048746436359656,-1.5661511900676253,-460.4635420083053,0.0,0.3333842722094429,5.144022438174684,-19.45920092753008,0,0,0,0,0,0,1,0,0,0
TX002195,AC00418,-0.0156652800885895,-0.2079010252523851,-2.6135125460505737,-443.8141614089503,1.6858739404357617e-07,0.4605333192252051,6.2688526022935775,-15.909349792262384,0,0,0,0,0,0,1,0,0,0
TX000692,AC00418,0.0735151201778644,-0.0364997883181648,-0.0308004914719859,-299.56193055956874,1.1920928955078125e-07,0.5077174378485345,6.14060786060228,16.15242471127075,2,1,0,0,0,0,1,0,1,1
TX002206,AC00419,-0.1042458194198348,-0.2488559337797252,-1.902432196850784,-472.9597731266609,0.0,0.1642532753198622,5.339783348878623,-79.32869118964895,0,0,0,0,0,0,0,0,0,0
TX000055,AC00419,-0.0880124156989666,-0.2518560174837857,-1.522873227916767,-472.5216052242334,0.0,0.3221650395564886,7.378638158864995,-63.91725206958312,0,0,0,0,0,0,1,0,0,0
TX001508,AC00419,-0.0683822245426262,-0.2054284076602233,-2.6528378998528304,-447.4680087766085,0.0,0.1866505484725065,3.9149518161189536,-20.86618805462506,0,0,0,0,0,0,0,0,0,0
TX001051,AC00420,-0.0937434330357088,-0.0061760754438917,-0.2151354944388703,-456.2258788508662,0.0,0.379957540508681,6.342018967802048,-71.79729236563729,0,0,0,0,0,0,1,0,0,0
TX000440,AC00420,-0.0612594789365026,-0.1820370528422474,-1.9240366377014448,-453.28274101831454,1.1920928955078125e-07,0.3535007901888135,6.5441128348176845,-63.08916314237163,0,0,0,0,0,0,1,0,0,0
TX002343,AC00420,-0.0271346345190237,-0.1676547140599116,-1.6317021286472624,-424.0895883080509,0.0,0.4863702895439303,6.826740818863657,-9.72756801667163,0,0,0,0,0,0,1,0,0,0
TX000764,AC00420,0.0072060690539225,-0.1551139872005975,-2.143742292215274,-332.2120619021161,8.429369702178808e-08,0.3999547837012789,5.037605294373916,-11.909528005901954,1,1,0,0,0,0,1,0,0,0
TX000157,AC00421,-0.0885503090349139,-0.2144707072397538,-1.197405282247061,-414.2351828387286,8.429369702178808e-08,0.175173263246124,4.676367188475024,-73.5433105061148,0,0,0,0,0,0,0,0,0,0
TX000041,AC00421,-0.0608963642658617,-0.2193333238484991,-1.32692502219966,-448.88128198642056,0.0,0.3767674593406271,6.549686718925127,-55.0044124614901,0,0,0,0,0,0,1,0,0,0
TX000413,AC00421,0.0125184546919111,-0.1089407778924875,-2.0183640851946745,-429.2986894815241,0.0,0.4123927090089225,4.419746932706661,14.880008242637086,2,1,0,0,0,0,1,0,1,1
TX001629,AC00422,-0.1083816002763352,-0.214154789109324,-1.6846900582736222,-480.0286652873165,0.0,0.1940362762774149,4.717253280893985,-82.7442957965023,0,0,0,0,0,0,0,0,0,0
TX001286,AC00422,-0.1008118937579461,-0.2477347750533434,-1.6789323125978584,-473.7856610552095,0.0,0.097381308361405,3.824711054772933,-63.767739235763045,0,0,0,0,0,0,0,0,0,0
TX000809,AC00422,-0.0986204059021254,-0.277505501835615,-1.891307693507068,-466.49961548532303,0.0,0.0617219871989437,3.203501233156243,-10.417157717035517,0,0,0,0,0,0,0,0,0,0
TX001475,AC00422,-0.0965081889530442,-0.2554641279256743,-2.287310710131472,-471.6261323432916,5.960464477539064e-08,0.0526416797310517,4.091021631502871,-16.613561049331675,0,0,0,0,0,0,0,0,0,0
TX001733,AC00423,-0.0850544427651021,-0.161957199961864,-1.498164729830339,-467.0588388486078,8.429369702178808e-08,0.3013902352902315,4.305921385280837,-74.28542173324745,0,0,0,0,0,0,0,0,0,0
TX000273,AC00423,-0.0892283738258479,-0.1793516044542062,-1.1313926511466832,-469.0156695029887,0.0,0.4091795522187268,5.233861221187739,-61.17739108888207,0,0,0,0,0,0,1,0,0,0
TX001090,AC00423,-0.1060803259009153,-0.2670231551841016,-2.4910578004371704,-475.80162015407336,0.0,0.0171761882036331,3.2764300475147943,-26.73428955108168,0,0,0,0,0,0,0,0,0,0
TX000654,AC00423,0.0221482050733687,0.1376050618439019,1.2992515568755847,-284.3932729994499,0.0,0.6928656113813534,8.918852137895072,20.44396877524158,3,1,1,1,0,0,1,0,1,1
TX001120,AC00423,-0.021978306324991,-0.1058600490059704,-0.0868420863329415,-316.9837346813933,0.0,0.4560033778653581,6.935206088171437,-6.241433253387104,0,0,0,0,0,0,1,0,0,0
TX000109,AC00423,-0.0011879912626496,-0.0528068846316382,-0.0002274620969107,-118.56930745163868,1.6858739404357617e-07,0.5890570565648747,10.36084600556192,-3.740211647985669,0,0,0,0,0,0,1,0,0,0
TX002435,AC00424,-0.1036072895548035,-0.2285559585768266,-1.375636314082131,-473.7000527479041,0.0,0.2125575153355104,4.016869585235319,-77.68628157991122,0,0,0,0,0,0,0,0,0,0
TX001694,AC00424,-0.1107644198668893,-0.2546485962551797,-1.913420223671228,-468.0144660195899,0.0,0.0409880060139082,3.3597519958551887,-60.74345523704404,0,0,0,0,0,0,0,0,0,0
TX000663,AC00424,-0.0994244211058092,-0.2669413788532946,-2.176210545108741,-478.6374377212667,5.960464477539064e-08,0.0368524359131526,3.3298452293956835,-26.341869079714137,0,0,0,0,0,0,0,0,0,0
TX000268,AC00424,-0.0930281869431262,-0.2382953183234846,-2.1304937945723257,-470.3820005709669,0.0,0.1215371182304157,5.42015005033063,-25.392939332623264,0,0,0,0,0,0,0,0,0,0
TX000571,AC00424,-0.040448185854576,-0.19555634059163,-1.9997529430531331,-445.2315291589582,5.960464477539064e-08,0.1896022879229298,3.4241680490511843,9.499849834987142,0,0,0,0,0,0,0,0,0,0
TX000095,AC00425,-0.072330662479895,-0.1766755756510893,-1.4052706611887924,-449.22300004726,1.6858739404357617e-07,0.4627533211658616,6.877208851680042,-74.59520428088001,0,0,0,0,0,0,1,0,0,0
TX000901,AC00425,-0.0390988323674423,-0.2548532839731241,-0.485410595823442,-455.1039848951171,0.0,0.4157174451596475,10.940432245341054,-60.21931676400708,0,0,0,0,0,0,1,1,0,0
TX002062,AC00425,-0.0952464763428208,-0.2326569687985376,-3.242014252841632,-471.9096546283375,0.0,0.1996884922781522,3.265395357613629,-27.230479024687885,0,0,0,0,0,0,0,0,0,0
TX000795,AC00425,-0.1079707384233034,-0.2709682759888463,-2.594645881824249,-469.4217324779742,0.0,0.030956673888641,2.7039377928226545,-26.28174789524812,0,0,0,0,0,0,0,0,0,0
TX000625,AC00425,-0.0653616315177527,-0.1940518065203584,-2.628443793892192,-411.7825179987521,0.0,0.3662052978857932,4.310264649414292,-21.32890691602441,0,0,0,0,0,0,1,0,0,0
TX001573,AC00425,-0.0987336156539461,-0.2500229186224649,-3.047618228467231,-469.7878435093056,0.0,0.1055979206326179,3.077099630889056,-24.687298312411052,0,0,0,0,0,0,0,0,0,0
TX000063,AC00425,-0.0818275001057415,-0.205308586308007,-1.684733660393034,-453.35053844184665,0.0,0.3673991047529094,4.9902640213856255,-20.549248789237605,0,0,0,0,0,0,1,0,0,0
TX001122,AC00426,-0.0480318931027712,-0.0440234291394792,-1.1103162156160629,-436.0451823344588,1.1920928955078125e-07,0.4277801029083775,5.53605656335697,-61.80240160250791,0,0,0,0,0,0,1,0,0,0
TX000593,AC00426,-0.1030411927401404,-0.2341090798402663,-2.0080451408499016,-475.5105453432158,0.0,0.0,4.591338363634344,-64.0742510122087,0,0,0,0,0,0,0,0,0,0
TX001688,AC00426,-0.1041881031718102,-0.2616411299405332,-2.4321969984050416,-478.06803964007656,0.0,0.0855981177557234,2.9880108705972472,-27.92932990131296,0,0,0,0,0,0,0,0,0,0
TX000197,AC00426,-0.1038746393816528,-0.2650119683993864,-2.251124822751734,-479.6151984208813,0.0,0.0929384845477696,3.257209944793707,-29.23261800536818,0,0,0,0,0,0,0,0,0,0
TX000653,AC00426,-0.0988288951612882,-0.2630419587152162,-1.8264109438858116,-471.291817870095,0.0,0.0176691486460218,3.172723685786053,-26.3749751308363,0,0,0,0,0,0,0,0,0,0
TX001754,AC00426,-0.0796254725007815,-0.2013464979634875,-3.2818606231360032,-463.657960484825,0.0,0.3304631046807708,7.226030817183228,-16.982804204893178,0,0,0,0,0,0,1,0,0,0
TX002076,AC00427,-0.1060010420136453,-0.2589841316328624,-0.842502581561547,-474.7793708907075,1.1920928955078125e-07,0.0116438283892336,5.440286626170121,-79.86529548269901,0,0,0,0,0,0,0,0,0,0
TX001963,AC00427,-0.0403636979880803,-0.0881534568700421,-1.2910409998618722,-438.5646116634096,8.429369702178808e-08,0.4249723055210595,5.560505107636544,-52.297309171822576,0,0,0,0,0,0,1,0,0,0
TX000291,AC00427,-0.1156821214006927,-0.2632047997479365,-1.546542033257774,-475.8100505119272,5.960464477539064e-08,0.0368524359131526,3.587957334538034,-26.08974622392408,0,0,0,0,0,0,0,0,0,0
TX000060,AC00427,-0.1070638042637709,-0.2514738012924058,-1.9299678095225747,-480.084979952149,0.0,0.1224265910002208,3.841864432445036,-28.983855753493305,0,0,0,0,0,0,0,0,0,0
TX002504,AC00427,-0.0935606667233567,-0.2249457986433514,-1.82931928500882,-465.4272554140295,0.0,0.3311153075733324,5.363604969348288,-19.78893000969641,0,0,0,0,0,0,1,0,0,0
TX002065,AC00427,-0.0828780998361204,-0.1633713292834835,-0.6606088932392815,-440.3427981613426,0.0,0.3254127809504032,4.553394037734671,-13.8645015969113,0,0,0,0,0,0,1,0,0,0
TX002037,AC00427,0.0078532784134423,-0.1015211069753085,-0.4276945428520893,-416.1432827856304,0.0,0.4112377154755296,5.149705522600804,-11.077325084235472,1,1,0,0,0,0,1,0,0,0
TX002115,AC00427,-0.0022168462192911,-0.1683886985059546,-1.8598394398453488,-362.0875406694849,1.6858739404357617e-07,0.505368790141215,6.001842729532484,8.208689759382587,0,0,0,0,0,0,1,0,0,0
TX000230,AC00427,0.0574205595318046,-0.2156649816445517,0.0004183263277006,-166.01315030232945,2.384185791015625e-07,0.5762892071667698,8.819003652360744,-6.15397727443,1,1,0,1,0,0,1,0,0,0
TX001211,AC00428,-0.11624651724527,-0.2465803111124691,-1.741594202834296,-479.67837585018856,8.429369702178808e-08,0.1098262697546081,4.163769812763168,-81.4061999959466,0,0,0,0,0,0,0,0,0,0
TX002085,AC00428,-0.012764700014031,-0.1444120975905554,-0.4009725213502015,-321.32685291531334,3.371747880871523e-07,0.6469183729563831,12.690516848046055,-52.81886066552798,0,0,0,0,0,0,1,1,0,0
TX001581,AC00428,-0.0160020952712257,0.0512468184934566,-0.693345738704318,-384.1241208633666,0.0,0.5613173444476669,7.556006875095956,-4.36407257070471,1,0,1,0,0,0,1,0,0,0
TX002249,AC00429,-0.111034890510672,-0.2259951831745048,-1.5779117264594031,-472.6171449367038,0.0,0.2156604649136075,3.923953900800712,-74.50093219343718,0,0,0,0,0,0,0,0,0,0
TX000588,AC00429,-0.0923456917596632,-0.17219245893593,-1.715581490183293,-463.94553438541897,0.0,0.3978377853680755,4.4049092773844665,-58.94867804160532,0,0,0,0,0,0,1,0,0,0
TX000941,AC00429,-0.08022399525447,-0.2342882442864096,-1.383280532662738,-465.8637452680889,5.960464477539064e-08,0.1578483563543498,3.9210974684243127,-22.31217781512122,0,0,0,0,0,0,0,0,0,0
TX000258,AC00430,-0.0970249800501479,-0.2000076720774355,-2.430935553258406,-465.15096339458137,1.1920928955078125e-07,0.3068332184979481,5.925086762111019,-80.69804590293239,0,0,0,0,0,0,0,0,0,0
TX000232,AC00430,-0.0479803661971467,-0.0858988805034957,-0.9773783030332516,-393.9794417695952,0.0,0.5231024086038515,7.536768619379464,16.285098762494567,1,0,0,0,0,0,1,0,1,0
TX002116,AC00430,-0.0565052323747335,-0.1645258514076322,-2.1752195354147226,-455.00145256800494,8.429369702178808e-08,0.3956841732264646,4.767146115999036,-17.45238084140607,0,0,0,0,0,0,1,0,0,0
TX002208,AC00430,-0.0920611185780702,-0.2246973072477378,-2.429854413093917,-469.48776355556345,0.0,0.1798753809871931,4.066838976990868,-26.91396089686309,0,0,0,0,0,0,0,0,0,0
TX002461,AC00430,-0.0266719008551513,-0.062242685718947,-0.7876650354166799,-424.4182303064446,0.0,0.419338242082685,5.1779498461435525,-10.63454719460815,0,0,0,0,0,0,1,0,0,0
TX000235,AC00430,-0.0414550595643105,-0.1542844592037915,-0.6890416054627551,-340.8951799292646,0.0,0.3355295820568344,4.402769545161245,-10.183620578909087,0,0,0,0,0,0,1,0,0,0
TX000255,AC00430,-0.0753319282264374,-0.2334343041865094,-1.8275042997957216,-374.1403698765349,0.0,0.3224278677563103,4.1394360095654985,-23.120636779821005,0,0,0,0,0,0,1,0,0,0
TX000892,AC00431,-0.1123838878715977,-0.2324337500933138,-0.9180988694837068,-471.6297687675221,0.0,0.1471302386967196,5.424200865231347,-77.54308718707577,0,0,0,0,0,0,0,0,0,0
TX001222,AC00431,-0.0387065300899315,-0.213946791386598,-1.868145381465574,-433.2361112182487,0.0,0.3584775899015102,5.7111143987569495,-45.92227186237625,0,0,0,0,0,0,1,0,0,0
TX001921,AC00431,-0.0936242474054611,-0.227153784412095,-1.9587375414055452,-472.88023111133566,8.429369702178808e-08,0.1860579405282953,3.8186126337297313,-26.09746600252081,0,0,0,0,0,0,0,0,0,0
TX000815,AC00431,-0.0981328290798266,-0.2287623715022906,-2.1985815574623366,-444.00679578040143,0.0,0.165703542577472,3.653243670750047,-22.60661647579523,0,0,0,0,0,0,0,0,0,0
TX001274,AC00431,-0.0033628235146906,-0.0536145194369632,0.225396051478194,863.2519374856206,4.76837158203125e-07,0.6985533360689983,5.58643818216573,-8.20358002895828,0,0,0,1,1,0,1,0,0,0
TX000306,AC00431,-0.0639957721775714,-0.2109057419898707,-2.4947389406994898,-419.0415179517984,8.429369702178808e-08,0.1746876137523539,4.085506032279153,-19.485677670403344,0,0,0,0,0,0,0,0,0,0
TX002264,AC00431,-0.0656928788918539,-0.1485111394730713,-1.745607612754963,-380.0317882406077,0.0,0.3839480932456464,4.601975133895027,-15.264867200943232,0,0,0,0,0,0,1,0,0,0
TX002497,AC00432,-0.065974002067854,-0.2036753571012635,-1.917646808177773,-25.212692995250507,1.1920928955078125e-07,0.2986852473152294,4.085887979023864,-74.93260199426044,0,0,0,0,0,0,0,0,0,0
TX001532,AC00432,-0.0462206392915968,-0.1478932817662346,-0.990947650240928,-441.2227408197884,0.0,0.4091498286561328,6.454994562842889,6.945969636166193,0,0,0,0,0,0,1,0,0,0
TX002439,AC00432,-0.0464065478797205,-0.1935078827331002,-2.465726423334303,-359.2746335941294,1.1920928955078125e-07,0.3794446930210949,5.2726481803549206,-15.967441850101562,0,0,0,0,0,0,1,0,0,0
TX001744,AC00432,-0.0881091011715587,-0.2335264724721879,-2.2117160420155706,-464.5466048955226,0.0,0.1720740221429562,3.169625477214651,-22.139282428094955,0,0,0,0,0,0,0,0,0,0
TX000946,AC00432,-0.1227650708146037,-0.2652677570949797,-2.285190558174481,-468.5161360596598,0.0,0.0454875935518042,3.200714066550164,-27.04590438166109,0,0,0,0,0,0,0,0,0,0
TX001794,AC00432,-0.0908085565943433,-0.2585747129486093,-2.01514108192492,-458.3437430092831,0.0,0.0593004735164333,3.356748032116059,-26.750467758894093,0,0,0,0,0,0,0,0,0,0
TX000695,AC00432,-0.0425005699753862,-0.2212919355642333,-1.3384808867647229,-358.4622202144652,0.0,0.4927873222734455,9.31528938544242,-13.175409155435924,0,0,0,0,0,0,1,0,0,0
TX001217,AC00433,-0.0932302480730772,-0.1299977696269434,-1.7716118658778974,-462.76699780394034,0.0,0.3449754678027308,4.311773439228816,-73.54155989506285,0,0,0,0,0,0,1,0,0,0
TX000556,AC00433,-0.0348630675432421,-0.1301986667301524,-0.1747923015787371,-265.9672195891757,0.0,0.5994594221630002,13.503780818018312,-56.50182882420913,0,0,0,0,0,0,1,1,0,0
TX000501,AC00433,0.0282431549939523,0.067578433412877,0.4898281918045679,-374.991680743921,1.6858739404357617e-07,0.5912610195306206,8.96510540003766,-5.493838985723105,2,1,1,1,0,0,1,0,0,1
TX000457,AC00434,-0.0980627863898676,-0.2168131442917775,-1.3756014490455506,-473.5629788207194,0.0,0.1718868278141278,4.126151550054739,-77.60831510429992,0,0,0,0,0,0,0,0,0,0
TX000146,AC00434,-0.0867224938170205,-0.2330866552397981,-1.1796895088628665,-465.7399544431111,0.0,0.009642051816018,4.221654047074776,-60.05663416907425,0,0,0,0,0,0,0,0,0,0
TX000572,AC00434,-0.0662294326856406,-0.1652985852491855,-0.9215519148277168,-459.6186440442386,0.0,0.3304060630485151,4.435370267486934,-18.825741952895225,0,0,0,0,0,0,1,0,0,0
TX000328,AC00434,-0.0111363757679665,-0.1603737553571049,-1.089331776873328,-362.35337251470304,0.0,0.5001783127914347,6.336155638195641,9.230520693626737,0,0,0,0,0,0,1,0,0,0
TX001650,AC00434,-0.0564637747016636,-0.2249484354920026,-1.3833308723854767,-445.8889868505301,8.429369702178808e-08,0.1618120225524904,4.048595049020356,-22.350984965174963,0,0,0,0,0,0,0,0,0,0
TX000065,AC00434,-0.0499806180338769,-0.1361502277516149,-0.689867897562598,-415.5729087326429,8.429369702178808e-08,0.3751326764943458,4.773516789447196,-16.21803700970101,0,0,0,0,0,0,1,0,0,0
TX000417,AC00434,-0.0504375101917276,-0.1709194198593497,-1.7203939902809149,-385.0503973319196,8.429369702178808e-08,0.3662440717141631,5.374235949868847,-14.215548348354876,0,0,0,0,0,0,1,0,0,0
TX001509,AC00435,-0.1006993356797563,-0.2360602702613754,-0.90864437827633,-475.4989384809302,0.0,0.0266000007241446,5.212587945274247,-79.38973420436699,0,0,0,0,0,0,0,0,0,0
TX002034,AC00435,-0.0465815536910118,-0.1215058525507239,-0.532968337752445,-432.32352355137294,1.6858739404357617e-07,0.5177788758721124,6.465429223311475,-54.97230196164348,0,0,0,0,0,0,1,0,0,0
TX002464,AC00436,-0.1189109149169996,-0.2363439303076899,-2.0032692668606025,-470.407803743913,0.0,0.1753251658623861,3.327431018392736,-71.74538741480808,0,0,0,0,0,0,0,0,0,0
TX000869,AC00436,-0.0545391573267635,-0.1915341751364554,-1.6928808460642024,-444.4753543858316,0.0,0.3430881065607342,3.965594776143126,9.039244416294675,0,0,0,0,0,0,1,0,0,0
TX002057,AC00436,-0.0599118254910267,-0.2389146502137098,-2.124014487275872,-436.6569697384807,5.960464477539064e-08,0.1706495952604732,4.019079892546819,-15.639869641446683,0,0,0,0,0,0,0,0,0,0
TX002466,AC00436,-0.1058355736141769,-0.2616651444077917,-2.30883826403619,-474.5857529419014,0.0,0.0479232383948284,3.0556362694679424,-26.891836084088744,0,0,0,0,0,0,0,0,0,0
TX000602,AC00436,-0.0576738038993623,-0.2122653049874843,-1.7312096780863353,-443.7302382240114,0.0,0.1941885582273298,4.518815240845337,-19.452121041627976,0,0,0,0,0,0,0,0,0,0
TX001190,AC00437,-0.1118949899040571,-0.2475597866136731,-0.3792532735178593,-471.8719825627184,0.0,0.0683280251747419,6.107912623904841,-79.18370730829945,0,0,0,0,0,0,0,0,0,0
TX000690,AC00437,-0.0729356614465589,-0.1652914786237074,-1.13320710631068,-448.4642235568853,0.0,0.3570501711375544,5.074837349846097,-58.79931804347257,0,0,0,0,0,0,1,0,0,0
TX000090,AC00437,0.0147634877150309,0.1224255368456879,2.086549448093705,1135.3490486182277,8.170747603423854,0.7160713637978704,18.760608381205788,-125.1263083724653,2,1,1,1,1,0,1,1,0,1
TX000534,AC00437,-0.0500911228163959,-0.2105564284614927,-2.130243146151276,-454.5566030224545,0.0,0.1659921462942191,5.495352935765848,-18.528253181419824,0,0,0,0,0,0,0,0,0,0
TX000089,AC00438,-0.0701545879900484,-0.1764951515577912,-0.2262804489108116,-446.51438248045866,0.0,0.2450287742805594,6.281189834428269,-67.40611024843506,0,0,0,0,0,0,0,0,0,0
TX001395,AC00438,-0.0413079803045635,-0.1515042125336503,0.299898640758359,102.21101391346798,0.0,0.5797011565028951,10.097732305126671,-50.49966512774768,0,0,0,1,1,0,1,0,0,0
TX002033,AC00438,-0.0743818748556376,-0.2257080505416027,-1.2532596348397185,-457.193799038726,0.0,0.1609401353105354,4.366387126404932,-22.0510173767379,0,0,0,0,0,0,0,0,0,0
TX001511,AC00438,-0.0815008240738944,-0.2489533481161508,-1.511515415182151,-462.51515850491546,0.0,0.1151132631347304,3.881092011128575,-21.92166473437956,0,0,0,0,0,0,0,0,0,0
TX001746,AC00438,-0.0761867674149024,-0.1529051382997679,-1.4935829373622305,-430.7869221829252,0.0,0.4283834305330379,5.766849686380668,-9.600882744193957,0,0,0,0,0,0,1,0,0,0
TX000061,AC00438,-0.0349378869489451,-0.2013228533051583,-2.006369626108377,-419.6349713019179,0.0,0.3702020522257232,6.711606744027524,-7.767816497571855,0,0,0,0,0,0,1,0,0,0
TX000910,AC00438,-0.0463911051115583,-0.1485812631889611,-1.26094068148587,-440.573646689511,8.429369702178808e-08,0.3439432068458666,4.548667926802718,6.128248491034871,0,0,0,0,0,0,1,0,0,0
TX001651,AC00438,-0.0762229327076994,-0.1788534506167964,-0.8427183611671971,-438.6086638047295,0.0,0.3477625547852565,4.462759012078823,-19.211072321894324,0,0,0,0,0,0,1,0,0,0
TX001983,AC00439,-0.0932751778836545,-0.2021200504367437,-2.150320150661969,-476.4260242907674,0.0,0.2937595636629294,4.008394536413065,-79.99969704387834,0,0,0,0,0,0,0,0,0,0
TX000338,AC00439,-0.0791959049476921,-0.166861799742906,-1.912156528037487,-467.0410773832273,0.0,0.4099603880251317,4.739704245432828,-59.64597820658804,0,0,0,0,0,0,1,0,0,0
TX001254,AC00439,-0.054150751971807,-0.1832131473668474,-2.5600196319538906,-448.7643642724733,0.0,0.4006003189212228,6.444051696595872,-17.427563851514297,0,0,0,0,0,0,1,0,0,0
TX000885,AC00439,-0.0560272915488636,-0.1907714434261953,-2.60705217234864,-438.45375307105945,0.0,0.3677747997746958,4.864387817659583,-21.199596431486324,0,0,0,0,0,0,1,0,0,0
TX002154,AC00439,-0.0530886028416984,-0.2085304113424702,-2.3637282887953592,-430.4448265339552,0.0,0.3219243330006304,4.643898483394355,-20.855094297395983,0,0,0,0,0,0,1,0,0,0
TX002446,AC00439,-0.0112169381515934,-0.070499777121725,-1.950179741097136,-328.95957367866004,0.0,0.4434562125721136,4.887823180414051,24.414973238685143,1,0,0,0,0,0,1,0,1,0
TX002440,AC00439,0.0035990896874724,-0.1357135753106784,-2.3003453221051906,-312.64483557521925,0.0,0.4136327598012978,4.459849637654509,-7.63905972493527,1,1,0,0,0,0,1,0,0,0
TX000048,AC00439,-0.0677447556265392,-0.1909153163312875,-2.753657085078405,-430.1021018329205,0.0,0.4192808035350731,5.86159938193762,-14.149949006606722,0,0,0,0,0,0,1,0,0,0
TX001871,AC00439,-0.0710755177828286,-0.1966569472787285,-2.246211551064981,-301.3266609420002,0.0,0.3397752437071116,4.024357770798835,-17.995077973130773,0,0,0,0,0,0,1,0,0,0
TX000185,AC00440,-0.1123583909163532,-0.2315732307391804,-1.6817446910895892,-471.7000056453038,0.0,0.2035614669653547,3.923911873978781,-75.37595464902058,0,0,0,0,0,0,0,0,0,0
TX001095,AC00441,-0.1218752117467608,-0.2623966775789799,-1.1918764772186563,-479.4667504200937,0.0,0.0,4.70576697438835,-80.84655303863804,0,0,0,0,0,0,0,0,0,0
TX000027,AC00441,-0.0427536718600933,-0.0399986185111349,-1.1453600336846197,-425.8933912921901,0.0,0.540346982864842,7.345743900175808,8.792689440729955,0,0,0,0,0,0,1,0,0,0
TX000321,AC00441,-0.096508982227539,-0.2377264098680824,-2.112137732332842,-469.6833497364107,0.0,0.1527707514783171,3.742488389222269,-25.113473563270123,0,0,0,0,0,0,0,0,0,0
TX001442,AC00441,-0.0911797463903383,-0.2529314953484699,-2.61764208006376,-391.34934247463167,8.429369702178808e-08,0.0512545655911176,4.1452446716674025,-22.2920544037544,0,0,0,0,0,0,0,0,0,0
TX001388,AC00441,-0.0758749635566217,-0.2199615133848305,-2.063614845796886,-443.9180536974932,0.0,0.1643539805674663,3.680341825182445,-21.789219454331263,0,0,0,0,0,0,0,0,0,0
TX002026,AC00441,-0.0393435984842781,-0.2125389196197675,-1.954572584101065,-125.36787040458093,0.0,0.5193231324046166,10.153156235100568,-14.038263756286897,0,0,0,0,0,0,1,0,0,0
TX001691,AC00442,-0.0848238291171397,-0.2028453293885241,-0.270855576642008,-465.49068996354464,0.0,0.1595943766865971,6.215923986270656,-74.68249371157131,0,0,0,0,0,0,0,0,0,0
TX001225,AC00442,-0.0259572239912587,0.0896863002608938,1.0088476371942132,1115.2278589581406,5.406804944710884,0.637830181062598,17.53282484386633,-125.12648961227517,1,0,1,1,1,0,1,1,0,0
TX001074,AC00442,-0.0734215795113205,-0.2433399504710247,-1.2628265903905298,-452.7597820339872,8.429369702178808e-08,0.1488865635761475,3.728343641099077,-19.55860317437727,0,0,0,0,0,0,0,0,0,0
TX000254,AC00442,-0.084071588962708,-0.2100469638057247,-1.8550495750017169,-469.3663213647423,0.0,0.3213366461295485,4.298066892848587,-24.350334321683302,0,0,0,0,0,0,1,0,0,0
TX000346,AC00442,-0.0874488562703958,-0.2438119888132863,-1.2914107142507785,-458.0161204111715,0.0,0.0832750280816556,3.7157791447089754,-23.73855013930771,0,0,0,0,0,0,0,0,0,0
TX000477,AC00442,0.016112042451585,-0.0873336384851448,-0.4157416665309519,-351.27103410714017,0.0,0.4151747823410524,4.878520067919611,12.29458128370447,1,1,0,0,0,0,1,0,0,0
TX000154,AC00442,-0.0525209087760912,-0.2043926842152286,-1.7357706880409065,-453.78846024119815,0.0,0.3859182483654009,5.807839767338428,-19.38723873389768,0,0,0,0,0,0,1,0,0,0
TX002091,AC00442,-0.0892248323434418,-0.2500189372167262,-1.7795718604839976,-442.8374365979669,0.0,0.1033549958741965,3.842165883649389,-20.151815679348697,0,0,0,0,0,0,0,0,0,0
TX000708,AC00442,-0.1014327279918601,-0.2589882480092138,-2.152408495585048,-449.4636757267208,0.0,0.1145319262118517,3.389773538139248,-23.405007519292106,0,0,0,0,0,0,0,0,0,0
TX000431,AC00443,-0.1005028178197391,-0.268240733345269,-1.996083844435642,-52.545943496281325,0.0,0.0,3.676052569737798,-78.85952219092218,0,0,0,0,0,0,0,0,0,0
TX002380,AC00443,-0.0533984735357251,-0.0762656354277515,-0.7267318008364985,-409.36062648459296,0.0,0.5665102938049139,7.335657144927489,-51.15915844544928,0,0,0,0,0,0,1,0,0,0
TX002317,AC00443,-0.1063131736495668,-0.2046710024508502,-3.315701912760776,-460.9018289098774,0.0,0.3332037854873624,4.024080267193124,-21.146446970260904,0,0,0,0,0,0,1,0,0,0
TX001424,AC00443,-0.0175598874789261,0.1086641542589434,-0.7703676569158198,-403.84321790134175,1.6858739404357617e-07,0.5691236401536748,7.908938648450724,-1.079671559383898,1,0,1,0,0,0,1,0,0,0
TX000320,AC00444,-0.0963247862212736,-0.2235475959354842,-0.5830922669506098,-471.4395240779904,0.0,0.0724915395859157,5.749077097848921,-76.24689516696611,0,0,0,0,0,0,0,0,0,0
TX001097,AC00444,-0.0784864416165095,-0.111683040187559,-1.253307877424561,-456.5250921907578,1.1920928955078125e-07,0.4609071218927411,6.101595694061982,-60.55873855550666,0,0,0,0,0,0,1,0,0,0
TX000833,AC00444,-0.0497506493524143,-0.2140255240550697,-1.8127222778149117,-464.3082143570492,0.0,0.1932434012211462,4.890856782415937,-21.596996547667874,0,0,0,0,0,0,0,0,0,0
TX000843,AC00444,-0.0749962965786525,-0.1950477110021855,-1.648767688380559,-455.0823449482299,0.0,0.1984456139880853,4.665879352990465,-17.996308218260225,0,0,0,0,0,0,0,0,0,0
TX002223,AC00445,-0.0806116454244733,-0.1232415854909045,-1.2473895364266934,-214.85475878823436,0.0,0.4448951416472354,7.298517108909682,-77.49373249814764,0,0,0,0,0,0,1,0,0,0
TX001155,AC00445,-0.0644270895075924,-0.1865631175164277,-1.792748004401986,-445.4731307537997,8.429369702178808e-08,0.3762274315862239,4.78252643815303,-46.94861302055334,0,0,0,0,0,0,1,0,0,0
TX000280,AC00445,-0.0728059686129057,-0.2482946501587704,-2.771557213630775,-462.5073734964786,1.1920928955078125e-07,0.3723954792151691,6.284902894551608,-21.06401164968136,0,0,0,0,0,0,1,0,0,0
TX000082,AC00445,-0.0830126479575709,-0.243612621226644,-2.420443615685077,-437.3836061864292,0.0,0.0975600874492344,3.523211473391842,-24.435464767655382,0,0,0,0,0,0,0,0,0,0
TX000314,AC00445,-0.074229748484463,-0.2085315146095003,-2.680458411592138,-460.7753535174802,0.0,0.3727891210741269,4.690804892552083,-24.12546488440275,0,0,0,0,0,0,1,0,0,0
TX002168,AC00446,-0.115027792039194,-0.2643122002304446,-1.1499611185914258,-475.608622431128,0.0,0.0,4.932855497037439,-80.32157522113974,0,0,0,0,0,0,0,0,0,0
TX000937,AC00446,-0.0376046114425129,-0.1278475886887495,-1.4955205967969647,-386.78057838425,0.0,0.5602449419831607,4.9966106285558665,-61.77135912931479,0,0,0,0,0,0,1,0,0,0
TX002300,AC00446,-0.082196016680633,-0.1936096119728421,-2.0818927935155003,-459.4459592246912,0.0,0.3429771640955175,4.396220290886523,-22.5263928664049,0,0,0,0,0,0,1,0,0,0
TX002036,AC00446,-0.0693909489565045,-0.2178920566582156,-1.4885981604916445,-452.6659138772354,0.0,0.1971545929160544,3.9848336401534334,-21.984537110622004,0,0,0,0,0,0,0,0,0,0
TX001684,AC00446,-0.0278315505015528,-0.2113152991740337,-1.3627654095853965,-450.6041996752119,0.0,0.1473303187932443,4.3839709661222885,-21.018029530935667,0,0,0,0,0,0,0,0,0,0
TX000649,AC00447,-0.1109591243994097,-0.2502909676263594,-0.7703518057395762,-464.336170834674,0.0,0.1038807751587848,5.459928710859721,-73.89041306960395,0,0,0,0,0,0,0,0,0,0
TX001356,AC00447,-0.0890409381935893,-0.2171646766739432,-1.910545744617643,-460.0600672944631,0.0,0.1770754787206687,6.367387811211675,-64.89033371887146,0,0,0,0,0,0,0,0,0,0
TX001583,AC00447,-0.1061839901510121,-0.2614722479245659,-2.093446749697573,-472.00400934606057,0.0,0.0888596927022263,3.54113660856915,-24.44998609457988,0,0,0,0,0,0,0,0,0,0
TX001375,AC00447,-0.0547688149931417,-0.1631421155195735,-1.624729654588764,-456.266132003753,0.0,0.3565752848926614,4.712474292389191,-18.46048409116433,0,0,0,0,0,0,1,0,0,0
TX002344,AC00448,-0.0467954869246926,-0.176624501378807,-0.5123995726992039,-442.5179924547062,0.0,0.2252608381436096,5.957222936675945,-55.07149972921933,0,0,0,0,0,0,0,0,0,0
TX002167,AC00448,-0.0480480574516981,-0.1761285725750347,-1.198589529323682,-344.38415674143965,0.0,0.4831017831704701,5.759287610644102,-43.95914130674774,0,0,0,0,0,0,1,0,0,0
TX001887,AC00448,-0.0643396091774043,-0.2283350860831512,-1.064736270204607,-441.5686859204401,0.0,0.1616463115504167,3.9796988054803775,-16.405059547717418,0,0,0,0,0,0,0,0,0,0
TX000884,AC00448,-0.0814138379309869,-0.2552597210427845,-0.7722518922607815,-376.7716453161344,1.6858739404357617e-07,0.4819710838581148,10.343028954830103,-13.362160789648764,0,0,0,0,0,0,1,0,0,0
TX001080,AC00448,-0.0679468577225526,-0.1901150480010556,-2.857235845508118,-332.6199201561229,1.1920928955078125e-07,0.3953408219424518,6.926225844309943,-16.12760247158988,0,0,0,0,0,0,1,0,0,0
TX000262,AC00448,-0.0898812921597693,-0.2504679397982674,-1.5617028095164969,-462.9221602107983,0.0,0.1070619202737384,3.84319512635718,-24.7251281296616,0,0,0,0,0,0,0,0,0,0
TX002226,AC00448,-0.0510305390765125,-0.182190806212199,-1.1826870978260704,-427.9325101801485,0.0,0.3325314608472983,4.183843233760963,-17.002686736540685,0,0,0,0,0,0,1,0,0,0
TX001956,AC00449,-0.1260943652106306,-0.2730848866050567,-1.1588624938196048,-482.2769630718609,0.0,0.0,4.817903759695747,-81.94921475021515,0,0,0,0,0,0,0,0,0,0
TX002088,AC00449,-0.0931126283523905,-0.2489425541495675,-1.678946769086032,-476.90416262578304,0.0,0.1060754106003623,3.996145089930616,-64.61086879757613,0,0,0,0,0,0,0,0,0,0
TX000591,AC00449,-0.0888199651063634,-0.2171730820274642,-0.5251831574163646,-467.6511591387281,0.0,0.1604784402099759,4.388086097179427,2.084458258923154,0,0,0,0,0,0,0,0,0,0
TX001500,AC00449,-0.0668626009319418,-0.2359693244990188,-1.7364601756684177,-459.77864117658856,0.0,0.3241551496953403,5.657424535378189,-19.949277554585453,0,0,0,0,0,0,1,0,0,0
TX001687,AC00449,-0.061220158859883,-0.1096647637079752,-1.6335706923120783,-428.793200371933,0.0,0.4530968086807443,5.553207193922871,-14.632861674882538,0,0,0,0,0,0,1,0,0,0
TX002387,AC00450,-0.1093639812232484,-0.2509613936763717,-0.9499203793332054,-474.9851614839944,0.0,0.0374459888582273,5.215731653146029,-79.70973101593643,0,0,0,0,0,0,0,0,0,0
TX000499,AC00450,-0.0226089528617497,-0.0718018675343206,-0.5813301579865495,-278.5718762231931,3.371747880871523e-07,0.6096032914341779,7.022665728286112,-57.29050024841408,0,0,0,0,0,0,1,0,0,0
TX000863,AC00450,-0.0850813442835428,-0.2715599787893872,-2.675183487476413,-467.2147253150808,0.0,0.0652734906768894,3.1493665860505557,-25.68737123512073,0,0,0,0,0,0,0,0,0,0
TX001114,AC00451,-0.1023600179773122,-0.2597701659807812,-0.8790201190493203,-311.7973048892732,0.0,0.4730048480444028,8.057050937004329,-71.32374412204337,0,0,0,0,0,0,1,0,0,0
TX001724,AC00451,-0.0580811429294616,-0.1571989156452831,-1.8001647667508536,-183.01970348624707,0.0,0.5513932607513772,7.31237344250736,-47.37210424804526,0,0,0,0,0,0,1,0,0,0
TX001791,AC00451,-0.0753751174056522,-0.2215308420515016,-2.3240602111315365,-455.2044313617362,0.0,0.3525288531762008,4.75055813224889,-18.513281437812484,0,0,0,0,0,0,1,0,0,0
TX001892,AC00451,-0.0868576930440928,-0.2557140246120399,-3.201873530678313,-425.2044684229149,0.0,0.1141970432147786,3.1413526018339453,-25.743198964403813,0,0,0,0,0,0,0,0,0,0
TX000285,AC00451,-0.0875150560677934,-0.2572643909774088,-1.8635561047857416,-449.422412521328,0.0,0.0668237667271668,3.791582196221264,-22.10584385502621,0,0,0,0,0,0,0,0,0,0
TX002109,AC00452,-0.1046226176364383,-0.2393594877455076,-1.74130310372988,-474.0772736060262,0.0,0.1662493339745618,3.926159713092255,-77.11815545982245,0,0,0,0,0,0,0,0,0,0
TX000205,AC00452,-0.1014004494671406,-0.2356856369102968,-2.426650822679864,-473.2281484574926,0.0,0.15548319381013,3.770668214958953,-63.23947292448533,0,0,0,0,0,0,0,0,0,0
TX002382,AC00452,-0.1141631359939031,-0.2619687772039228,-2.097428683269742,-480.2792753169186,0.0,0.0551569375425498,2.984526369090996,-26.09183266148295,0,0,0,0,0,0,0,0,0,0
TX000436,AC00452,-0.0612058253590721,-0.2408200052972764,-2.447405271344147,-205.95055731435465,0.0,0.1931912189307564,6.693859815702753,-11.314087524815706,0,0,0,0,0,0,0,0,0,0
TX001315,AC00452,-0.0902374312467076,-0.2165628324684012,-1.2963694833854404,-448.755750398066,1.1920928955078125e-07,0.1744619780340432,3.992509355547392,-18.260309534126478,0,0,0,0,0,0,0,0,0,0
TX000820,AC00452,-0.0491576271252837,-0.2461899334110728,-1.5442449715497073,-417.2634148013421,0.0,0.1195748671411526,3.66153343996324,-18.572811784943628,0,0,0,0,0,0,0,0,0,0
TX002403,AC00452,-0.0194642825961001,-0.2079652366655027,-1.3918289541591982,-399.3114139396768,0.0,0.1845887558176236,4.298086587665417,-17.596060198611813,0,0,0,0,0,0,0,0,0,0
TX000911,AC00453,-0.1098542244542477,-0.243756044158256,-1.8849099914540923,-479.98852613563287,0.0,0.187993175744061,3.537352763304462,-80.44725136234705,0,0,0,0,0,0,0,0,0,0
TX002018,AC00453,-0.0738676212419482,-0.1514609720034143,-2.091544415819809,-458.8226590166401,0.0,0.3390935927805785,4.255946580862104,-55.2235417634394,0,0,0,0,0,0,1,0,0,0
TX000209,AC00453,-0.0351598915517833,-0.1512522184203726,-1.7376195367793184,-401.46281632263737,0.0,0.4500201242582668,5.91930216452146,11.165026305492884,0,0,0,0,0,0,1,0,0,0
TX000979,AC00453,-0.1157400947618021,-0.250940396817926,-2.8482687563091518,-472.39133997050567,5.960464477539064e-08,0.1357099178976361,3.270119152650785,-24.902816823227287,0,0,0,0,0,0,0,0,0,0
TX001568,AC00453,-0.0980611475692684,-0.1811535175545555,-2.861238533499586,-456.5329488632985,0.0,0.3865488962206735,3.9917255451260094,-15.54985047481704,0,0,0,0,0,0,1,0,0,0
TX001327,AC00453,-0.104821067210286,-0.222708214268114,-2.168332116317636,-452.012390446344,8.429369702178808e-08,0.1857613972261832,3.9866647741451415,-19.84124533316835,0,0,0,0,0,0,0,0,0,0
TX000024,AC00453,-0.0129998043276282,-0.109794797546719,-1.822451024259376,-418.19963874160834,0.0,0.4244800444825173,4.544401540267634,16.922500078859454,1,0,0,0,0,0,1,0,1,0
TX000099,AC00453,-0.0514011718646138,-0.1707402896851333,-1.922311284696594,-436.1146523195495,0.0,0.3480875288283864,4.327671302861544,-18.053819385238945,0,0,0,0,0,0,1,0,0,0
TX002287,AC00453,-0.0684254472346487,-0.2522493134732285,-1.7578423315255058,-428.0843607033832,0.0,0.057799117643021,3.285176764397941,6.733165414216035,0,0,0,0,0,0,0,0,0,0
TX000627,AC00454,-0.0719515920859205,-0.1907356553118013,-0.8469333592575765,-412.0348462323967,0.0,0.5105678710621274,9.024122643759249,-71.43983560728418,0,0,0,0,0,0,1,0,0,0
TX000830,AC00454,-0.0978723224748985,-0.22716255068982,-2.454962591172306,-471.7592648197955,0.0,0.1965251888386703,3.656474987811494,-61.423853528659066,0,0,0,0,0,0,0,0,0,0
TX001810,AC00454,-0.0490941761929206,-0.1522548286465186,-2.428418222111688,-414.0422595265952,0.0,0.433135706041153,5.097293476341081,-17.696901265051075,0,0,0,0,0,0,1,0,0,0
TX000275,AC00454,0.0748947420527207,0.0413571912497938,1.94739289652236,1157.953720967813,7.73883711184676,0.7281412830772469,10.200244584496122,-138.38678009517383,2,1,1,1,1,0,1,0,0,1
TX000750,AC00455,-0.1023810367780624,-0.153667856549222,-1.4788303905639495,-475.0537889021597,8.429369702178808e-08,0.3197572171823171,4.482018194638743,-77.11613461065396,0,0,0,0,0,0,1,0,0,0
TX000274,AC00455,-0.0851354853828875,-0.1402237096888414,-1.874380613613832,-459.6442689420293,0.0,0.4000755501673345,4.271910814382631,-56.529400706076416,0,0,0,0,0,0,1,0,0,0
TX001348,AC00455,-0.0389999580036528,0.0354928103339562,1.0910715645241034,-34.667228722842424,7.276054419990264,0.747734232736936,9.106685855532213,-7.93991402806274,1,0,1,1,0,0,1,0,0,0
TX000002,AC00455,-0.1178406349707895,-0.2538991680977951,-2.632292879383007,-460.6898327745416,0.0,0.1026100488327806,3.1625505431661427,-25.10654530305126,0,0,0,0,0,0,0,0,0,0
TX001434,AC00455,-0.0933659210334686,-0.2451394233595762,-2.186844162993633,-462.6610268242865,0.0,0.1636880385440974,3.517070267500915,-25.260475513443392,0,0,0,0,0,0,0,0,0,0
TX001127,AC00455,-0.0846232473444095,-0.2252195099515581,-2.6573545004624783,-456.4282355346271,0.0,0.159444174048008,3.950744309976175,-25.22579492358751,0,0,0,0,0,0,0,0,0,0
TX001615,AC00455,-0.0685550368073421,-0.2144509976895836,-1.8328067074273056,-124.25442158076775,8.429369702178808e-08,0.322255412468274,3.821975995737336,13.608446048313876,1,0,0,0,0,0,1,0,1,0
TX001063,AC00456,-0.100846518441554,-0.2298256671243472,-0.5685490900957522,-473.09962983010206,0.0,0.0907725178198523,5.483308885347466,-78.51992137487014,0,0,0,0,0,0,0,0,0,0
TX000935,AC00456,0.0207933924492185,0.5608690756154409,8.001486824365989,1974.8431813384527,24.51820051890752,0.889684102121862,27.29954864811371,-138.3867558545231,2,1,1,1,1,1,1,1,0,1
TX001180,AC00456,0.0222318750262434,-0.0928758028860314,-1.0366975359350104,-369.01337306698775,1.1920928955078125e-07,0.4574094963144634,5.980138717889415,-0.2864128681853555,1,1,0,0,0,0,1,0,0,0
TX000058,AC00456,-0.0493594279587881,-0.1454781184947462,-1.5123824458526869,-392.088833119908,0.0,0.3821682630349082,4.335729929805208,-16.704335391210957,0,0,0,0,0,0,1,0,0,0
TX000548,AC00456,-0.029945439452048,-0.0882864314271478,-1.2587511312345114,-424.5980286055139,0.0,0.4495215997731563,4.905343561440268,9.190408459980317,0,0,0,0,0,0,1,0,0,0
TX002001,AC00456,-0.0384018981369365,-0.14253148726228,-1.0222341065222356,-231.373173818986,0.0,0.3689419867480826,4.103365276421319,-1.912881284700735,0,0,0,0,0,0,1,0,0,0
TX001909,AC00456,-0.078518109431781,-0.1970651795753555,-1.9337237055329943,-317.60257990009814,8.429369702178808e-08,0.3494725387942718,4.707492705096746,-13.013083450437197,0,0,0,0,0,0,1,0,0,0
TX000386,AC00456,-0.0729141320222074,-0.2163869251439751,-1.2451225553637355,-420.5021608397584,0.0,0.1918680337265507,4.1958179009690175,-20.28099241178252,0,0,0,0,0,0,0,0,0,0
TX001100,AC00456,-0.0600051843443975,-0.2033933572977282,-1.9612074657064973,-405.9000674221799,8.429369702178808e-08,0.1847771703718895,4.417318903056922,-19.498494966906424,0,0,0,0,0,0,0,0,0,0
TX002347,AC00456,-0.0369913844190217,-0.0809550783948425,-1.8959537150169137,-316.8264743216245,1.1920928955078125e-07,0.4905925805752141,5.7544184220842345,-3.8697346388592178,0,0,0,0,0,0,1,0,0,0
TX001660,AC00456,0.0325392422058103,0.0223607913319465,0.2163637312889257,-313.2016576845552,0.0,0.4877321932063454,6.093109829638313,22.5282092940953,3,1,1,1,0,0,1,0,1,1
TX002148,AC00457,-0.1167099579396412,-0.2613915237633105,-2.2447682671136797,-477.80337548720894,0.0,0.1172687024757824,3.211958658525856,-79.14121980165837,0,0,0,0,0,0,0,0,0,0
TX002361,AC00457,-0.1182688364473513,-0.2058264051823257,-2.7392500418727384,-472.4326931149592,0.0,0.3426088814321574,4.968046499035539,-64.22527635771931,0,0,0,0,0,0,1,0,0,0
TX000733,AC00457,-0.0807487047512651,-0.2236858263165586,-2.3946023575401423,-469.2874605924381,0.0,0.1536783881193087,3.806670748833183,-23.47986597473974,0,0,0,0,0,0,0,0,0,0
TX000656,AC00458,-0.0836561845030391,-0.2617296813996614,-1.670444398090595,-348.51985354310995,0.0,0.1218320547242401,3.951227498298717,-77.35449917075643,0,0,0,0,0,0,0,0,0,0
TX001067,AC00458,-0.0521780894943613,-0.1474179575433176,-1.0185014630021527,-435.2061707500744,0.0,0.3551874338510888,4.485757373617771,7.783026333032069,0,0,0,0,0,0,1,0,0,0
TX002172,AC00458,-0.0911647573135875,-0.2567516632051863,-2.499656495563324,-458.5759717128721,0.0,0.0955694936646102,4.021644614341956,-19.768493121335503,0,0,0,0,0,0,0,0,0,0
TX001671,AC00458,-0.1119411436371847,-0.2716612364041234,-2.1704426458829094,-478.5553077313994,0.0,0.0368524359131526,3.0942727416065634,-28.115663562473305,0,0,0,0,0,0,0,0,0,0
TX001826,AC00458,-0.0590369278604237,-0.2075477213133525,-1.1092383586746166,-463.199520492402,0.0,0.1888034877762948,4.831400926053969,-21.86546961717984,0,0,0,0,0,0,0,0,0,0
TX001653,AC00458,0.0119833866676004,-0.2039408265348083,-0.4994716471625509,-238.4093770028812,0.0,0.5806252517329313,7.050731121014371,-9.672994390209888,1,1,0,0,0,0,1,0,0,0
TX001002,AC00458,-0.0720861779636494,-0.215223862854174,-1.380284099548554,-427.2896001111885,0.0,0.1692486199503481,4.310154596533327,-18.751084801655512,0,0,0,0,0,0,0,0,0,0
TX000012,AC00459,-0.1067250343972587,-0.245568827609226,-1.8398476917781057,-479.893992372056,0.0,0.0412043332447723,3.699870770954816,-81.63984755941581,0,0,0,0,0,0,0,0,0,0
TX002416,AC00459,-0.0644601811737453,-0.1931360995995377,-1.434528265536855,-399.5791208133857,0.0,0.3849022897348378,6.691815993123863,-56.54770750490543,0,0,0,0,0,0,1,0,0,0
TX000945,AC00459,-0.0020160910695452,-0.1658416058810041,-1.185667292642389,-388.6881347497421,8.429369702178808e-08,0.3360197806310238,4.174558964691142,14.764472365375507,1,0,0,0,0,0,1,0,1,0
TX001163,AC00459,-0.0685399527031733,-0.212548041331485,-1.931664990946258,-463.1510873048245,0.0,0.1521619474888948,3.85053524280812,-22.071777115987437,0,0,0,0,0,0,0,0,0,0
TX000358,AC00459,-0.0750720878781008,-0.2166046037636555,-2.275470086523105,-436.7936140374175,1.1920928955078125e-07,0.3482859639751203,4.717337961729959,-24.3717771706009,0,0,0,0,0,0,1,0,0,0
TX001661,AC00459,-0.0724999540914615,-0.2452035824996323,-2.187864351544341,-458.3414232170937,0.0,0.1318077238202715,3.96136011280466,-25.53718353206592,0,0,0,0,0,0,0,0,0,0
TX001529,AC00459,-0.1102346038386085,-0.2571195452533974,-1.6405475740661188,-455.96736136400494,5.960464477539064e-08,0.0400486868299531,3.287990490292255,-25.99895944010458,0,0,0,0,0,0,0,0,0,0
TX001253,AC00460,-0.1124466522464708,-0.2645866512827585,-1.9666662616156465,188.51252074227156,8.429369702178808e-08,0.0315440163506884,4.442609253004249,-78.8758078878966,0,0,0,0,1,0,0,0,0,0
TX000570,AC00460,-0.0872620898116896,-0.2454015371740554,-1.946600172886152,-465.0466109143856,0.0,0.3678466653693983,5.308490400162722,-57.96014668191923,0,0,0,0,0,0,1,0,0,0
TX001452,AC00460,-0.0331785559883212,-0.1474537340775892,-1.2132511036320484,-434.581971147828,0.0,0.3822087508338396,4.267662020015262,-7.329818539977627,0,0,0,0,0,0,1,0,0,0
TX000068,AC00460,-0.0591658018749937,-0.1313259629834506,-2.4018102312630454,-456.0005113664926,0.0,0.4201808567897152,5.110426272169231,-18.436188154891457,0,0,0,0,0,0,1,0,0,0
TX001460,AC00460,-0.0320977263781044,0.6703681876558498,7.015399095073015,2500.1529755658808,25.78120706701339,0.8191959872399601,28.364044500566894,-138.38682170660977,1,0,1,1,1,1,1,1,0,0
TX001996,AC00460,-0.0477882910546171,-0.1777523519536537,-2.500654534284621,-410.2651759905098,0.0,0.4198228959004387,5.832936718556345,-16.957023616461715,0,0,0,0,0,0,1,0,0,0
TX002321,AC00460,-0.0634932451983356,-0.1696566797465308,-1.9928577023695395,-88.17191059138719,0.0,0.3764831805509586,4.444066718405344,-4.976015479901822,0,0,0,0,0,0,1,0,0,0
TX002169,AC00460,-0.0063353614300339,-0.0874149149366332,-1.673587867585974,-384.5567204052343,0.0,0.4289893463158618,4.860984408472944,-11.6535854234719,0,0,0,0,0,0,1,0,0,0
TX000756,AC00460,-0.0039666332060011,-0.0247366952121435,-0.1059420723455701,-276.69843510037583,0.0,0.5197739950326805,9.32657418872948,1.1067091498036876,0,0,0,0,0,0,1,0,0,0
TX001162,AC00460,0.0729776260823885,0.0584150474536255,-0.255047532806989,-144.91225046210434,0.0,0.5623959613407888,6.978529216372547,35.3165123793504,3,1,1,0,0,0,1,0,1,1
TX002449,AC00460,-0.037495848834235,-0.1613030474435182,-0.9514922665534158,-270.45724473675034,0.0,0.4397084440023478,5.87755342028678,-5.107038696354213,0,0,0,0,0,0,1,0,0,0
TX001880,AC00460,-0.0138066110801207,-0.0390286491688796,-0.2240094921582685,-260.32913979667705,0.0,0.4566540426853923,6.668879031772444,2.1585757846023443,0,0,0,0,0,0,1,0,0,0
TX000069,AC00461,-0.0922424912611961,-0.2456360406411535,-1.2445830765925925,-393.7400166967745,8.429369702178808e-08,0.129855343862666,4.476494964641053,-75.54918769795762,0,0,0,0,0,0,0,0,0,0
TX001264,AC00461,-0.1028903914962167,-0.2402211974619035,-1.1200902363468792,-466.7368107844061,0.0,0.1612185919337197,4.080405918196209,-60.26552464780009,0,0,0,0,0,0,0,0,0,0
TX000574,AC00461,0.0019228265209804,-0.0175100258702711,-0.4985022971516972,-413.3068377996117,0.0,0.530469249342683,7.983339919675042,-3.7158710601173977,1,1,0,0,0,0,1,0,0,0
TX001102,AC00462,-0.1049703620245356,-0.2159908902582301,-0.8007944862681349,-475.13825328742365,0.0,0.1142754453511145,5.52413949156452,-79.90722109362233,0,0,0,0,0,0,0,0,0,0
TX001457,AC00462,-0.0901866466947751,-0.2350162513395302,-1.7363450435292016,-470.12856778142935,0.0,0.1212972843002741,4.733726415776959,-62.72131794365147,0,0,0,0,0,0,0,0,0,0
TX001392,AC00462,-0.1040515939266163,-0.268440128011269,-1.278196969468679,-464.3447619693616,5.960464477539064e-08,0.0538609820859469,3.667652176908797,-20.243951117856486,0,0,0,0,0,0,0,0,0,0
TX000710,AC00462,-0.0486150804153998,-0.2317779485408893,-1.5898440001658294,-458.4294370507061,0.0,0.1353232672165165,4.414049890596164,-23.02803394456705,0,0,0,0,0,0,0,0,0,0
TX001884,AC00462,-0.084324346655413,-0.2086075137657903,-1.513373772540703,-464.5842403394532,8.429369702178808e-08,0.1563433767877802,4.743526124068896,-23.281924760354244,0,0,0,0,0,0,0,0,0,0
TX001175,AC00462,-0.0883284345416177,-0.2564863581967982,-1.4082074297550662,-471.70695587450064,0.0,0.072569564418355,3.8037320516019126,-26.99121320722124,0,0,0,0,0,0,0,0,0,0
TX000489,AC00463,-0.1150274413114546,-0.2591907288602769,-2.322931848106686,-479.7034969635876,5.960464477539064e-08,0.1484931692637106,3.503728639754406,-79.80556922328103,0,0,0,0,0,0,0,0,0,0
TX001044,AC00463,-0.0760308058732257,-0.2318644899394086,-1.0848860806904277,-454.85233171322096,0.0,0.0,6.238013956203813,-58.68862448054904,0,0,0,0,0,0,0,0,0,0
TX000990,AC00463,-0.0813980426893219,-0.2274416448214951,-1.132862338366584,-456.4361652753808,0.0,0.1977615351187364,4.862402679454923,-19.908860448145216,0,0,0,0,0,0,0,0,0,0
TX001919,AC00463,-0.0040059174794978,0.0077939110894951,-0.0725135731498021,-416.0237117225967,0.0,0.458007315083314,5.8886758484944,-5.83506266959834,1,0,1,0,0,0,1,0,0,0
TX000104,AC00464,-0.1017269089007446,-0.2343444154848135,-1.5759714609323456,-471.3282256105128,0.0,0.2085777030910026,3.915815276657456,-76.27721139844283,0,0,0,0,0,0,0,0,0,0
TX000474,AC00464,-0.075538434632476,-0.2058186646925746,-1.277139129549994,-463.1551382980436,8.429369702178808e-08,0.1917844168207551,4.298641196883266,-60.833914560140045,0,0,0,0,0,0,0,0,0,0
TX000476,AC00464,0.0471753339435927,0.2710801426504146,1.7711951507211738,-290.24903036351265,7.4498290131566,0.7346726640675745,11.71329656256779,24.54024625614956,3,1,1,1,0,0,1,1,1,1
TX001764,AC00464,-0.0163947996792984,-0.0799550695188235,-0.0796138938814081,-351.728061828719,0.0,0.4525166483611165,5.997723586564319,-8.604112219536635,0,0,0,0,0,0,1,0,0,0
TX002463,AC00464,-0.0435053081463387,-0.1061544537064458,-1.3448788511788266,-241.27990582583465,1.1920928955078125e-07,0.4241945372392554,5.465100378268105,-8.744599411263696,0,0,0,0,0,0,1,0,0,0
TX000079,AC00464,-0.0319201643793753,-0.1635649505427472,-1.268961671493436,-367.9039225558593,8.429369702178808e-08,0.388036524440475,5.13359241036108,-14.912886918304029,0,0,0,0,0,0,1,0,0,0
TX002207,AC00464,-0.060148876504415,-0.1732751840489981,-1.359728810509246,-281.2883913057924,0.0,0.363778815248866,4.236586635046852,-11.882779076817332,0,0,0,0,0,0,1,0,0,0
TX002430,AC00464,-0.034680140484958,-0.1282253585156685,-1.103291382522297,-195.06431324203635,0.0,0.3413589619370942,4.554849472345757,-0.4580789411544015,0,0,0,0,0,0,1,0,0,0
TX000720,AC00465,-0.0683312325754507,-0.2446094357050041,-0.774219634922348,-447.5135785785919,0.0,0.3257368542895769,6.363829886002375,-75.84742951029786,0,0,0,0,0,0,1,0,0,0
TX001303,AC00465,0.0107887535179573,-0.2603946352003385,-0.2922679925304727,-383.5862322294267,0.0,0.4075761241629603,12.515190301334574,24.028821800276145,2,1,0,0,0,0,1,1,1,1
TX000552,AC00465,-0.0438747907186227,-0.1054965535571852,-1.8613294600068429,-441.78612242538384,8.429369702178808e-08,0.4513088702982034,4.963998034084203,11.281135358686525,0,0,0,0,0,0,1,0,0,0
TX001636,AC00465,-0.0075726249972405,-0.0827129362850647,-1.1272491978751713,-421.0827444664377,0.0,0.3898517833298686,4.431375170484146,31.110897664544225,1,0,0,0,0,0,1,0,1,0
TX000693,AC00465,-0.0902152551529619,-0.2291910081026376,-1.8225125463656295,-360.6433083137493,0.0,0.1824308037696431,3.6937065116447303,-18.94432372098726,0,0,0,0,0,0,0,0,0,0
TX002372,AC00465,-0.0501716861036585,-0.0721535420052994,-0.9816432200983698,-339.3965255551298,8.429369702178808e-08,0.445150721183731,4.568578378447335,7.888041293530986,0,0,0,0,0,0,1,0,0,0
TX001226,AC00465,-0.0841859890814393,-0.2612865992473736,-0.9603030882335624,-346.5465112292221,8.429369702178808e-08,0.0339377079761784,3.7709500313325583,-19.980719239058505,0,0,0,0,0,0,0,0,0,0
TX002235,AC00465,-0.0351156465499671,-0.1328231321038753,-0.9158210783482216,-334.4358129731346,0.0,0.4138956136917669,5.390405274165239,-16.987142324716604,0,0,0,0,0,0,1,0,0,0
TX000615,AC00466,0.0199628365933659,0.0570785205004791,3.245287821696831,8001.320685637343,8.348586998717282,0.7696631167255595,18.9640303249766,-43.92077937565542,2,1,1,1,1,0,1,1,0,1
TX000303,AC00466,-0.0083326402926828,0.7446643969361244,3.5315549592290694,-280.9350980976818,7.127143171427724,0.760523498184706,28.63579574985313,-53.29908757282935,1,0,1,1,0,0,1,1,0,0
TX001345,AC00466,-0.0249339519799522,-0.1396862936886955,-0.9932985573200632,-361.1100106984637,0.0,0.449022705137011,6.873231993111491,-4.090628650097049,0,0,0,0,0,0,1,0,0,0
TX001567,AC00466,-0.0274534342316883,-0.1159899701686699,-1.545731798343457,-379.6390153830768,0.0,0.4521081272130373,6.135643915885916,-12.98504502071592,0,0,0,0,0,0,1,0,0,0
TX000543,AC00467,-0.0921033513529474,-0.2362122807504947,-2.1751785412575426,489.0686426944182,0.0,0.2300580864376207,5.238201073791472,-76.06626495369034,0,0,0,0,1,0,0,0,0,0
TX000719,AC00467,-0.0784162213196216,-0.1304085604660538,-0.8322304700064898,-452.5842430843561,0.0,0.4907237947352342,7.971789264811064,-54.61219944983914,0,0,0,0,0,0,1,0,0,0
TX002041,AC00467,-0.0695985558075594,-0.1218032128148138,-2.161435688476155,-451.4238166080544,1.1920928955078125e-07,0.4188838101708888,5.479648359341817,-19.6705696059329,0,0,0,0,0,0,1,0,0,0
TX000793,AC00468,-0.0687675789707494,0.0251055444770287,-1.2109936643063453,-434.60794539966366,8.429369702178808e-08,0.4403525760640498,5.204386631259916,-62.51256508523058,1,0,1,0,0,0,1,0,0,0
TX001516,AC00468,-0.1324821618425058,-0.2327591404822375,-2.542067139985281,-466.7302232950285,0.0,0.1877168704075043,3.4365318477153823,-59.24028128462499,0,0,0,0,0,0,0,0,0,0
TX000116,AC00468,-0.0916352825501969,-0.2459079722139756,-2.215842450599298,-474.8200803868542,0.0,0.1230280771496518,3.393414346302687,-19.653823927219506,0,0,0,0,0,0,0,0,0,0
TX001289,AC00468,-0.0923450133349544,-0.2633623680305629,-1.379635984845054,-459.2416787349754,5.960464477539064e-08,0.0124528017009682,3.481138359197091,-25.071417501883374,0,0,0,0,0,0,0,0,0,0
TX000514,AC00469,-0.0976732556816633,-0.2277718454663595,-1.085408169526989,-472.0092413673311,0.0,0.1514071293996712,5.180130764347987,-78.50478880608182,0,0,0,0,0,0,0,0,0,0
TX000252,AC00470,-0.0961396116826626,-0.2585222938207883,-2.1660738766511525,-124.16231976709209,0.0,0.1633781491444656,3.395386263784065,-78.5869574336659,0,0,0,0,0,0,0,0,0,0
TX001310,AC00470,-0.0397013603947262,-0.1606132721714004,-2.040976489542972,-316.5491418793836,0.0,0.4497151241342879,6.23841542755204,10.714423960617308,0,0,0,0,0,0,1,0,0,0
TX001557,AC00470,-0.1007168727808461,-0.196856835832756,-2.942797617077991,-472.7530698632589,0.0,0.3199846618669235,3.355045103936627,-24.665134287744472,0,0,0,0,0,0,1,0,0,0
TX001891,AC00470,-0.0816297614414265,-0.189989126156538,-3.237334211468076,-452.4273929408136,0.0,0.4644750307717583,7.217634462082426,-15.606249411758556,0,0,0,0,0,0,1,0,0,0
TX000596,AC00471,-0.100712939820754,-0.2431298558038803,-1.9315545931160865,-472.06010489931066,0.0,0.2381287781177164,4.264712795352745,-77.91669716094844,0,0,0,0,0,0,0,0,0,0
TX000573,AC00471,-0.0661759268332253,-0.2233048304746396,-1.861651993670176,-468.6932208300902,0.0,0.362412721534862,5.331303942364867,-60.74946409247717,0,0,0,0,0,0,1,0,0,0
TX000050,AC00471,-0.0339323812357996,-0.2340036389035888,-1.5989475588765707,-434.4869667315949,0.0,0.1467569184890516,3.351517371602672,-15.4971725048554,0,0,0,0,0,0,0,0,0,0
TX001381,AC00471,-0.0954921044937487,-0.2452791020205651,-2.641802310349844,-469.2322424168049,0.0,0.1493359746289773,4.009278426423013,-24.74375748787976,0,0,0,0,0,0,0,0,0,0
TX001269,AC00471,-0.0341785764580418,-0.238280838775974,-1.9520988076275088,-395.4149427619164,0.0,0.4151405204570244,8.858862064350653,-7.627996082300408,0,0,0,0,0,0,1,0,0,0
TX000327,AC00471,-0.052869189208729,-0.1514401235396285,-2.027142292250831,-440.5605888088264,0.0,0.3750035324320429,5.053876172167988,-18.16360161212348,0,0,0,0,0,0,1,0,0,0
TX002035,AC00472,-0.0499603543286338,-0.1209114679904259,-1.348363529748891,-453.5587284640465,1.6858739404357617e-07,0.4446815669746499,7.235394371231017,-73.9704055049491,0,0,0,0,0,0,1,0,0,0
TX001765,AC00473,-0.0833206624734847,-0.0994825605757279,-0.878146525582931,-460.70449305707245,0.0,0.3423618930371502,5.533604568578252,-72.32094447444396,0,0,0,0,0,0,1,0,0,0
TX000883,AC00474,-0.1145922481170306,-0.2707114995303947,-1.2375526800709942,-476.207233080284,0.0,0.0841916617148081,4.440406778190101,-78.93173238692799,0,0,0,0,0,0,0,0,0,0
TX000171,AC00474,-0.0330206664841565,-0.0798618190138149,-0.6916272306552678,-397.4084891948655,2.384185791015625e-07,0.5706240478517964,6.726277510153504,-54.6844892281696,0,0,0,0,0,0,1,0,0,0
TX001046,AC00474,-0.0742805009361484,-0.2310239093643247,-2.31004330140275,-458.4499139247852,0.0,0.1102306643893534,3.9539019727028375,-23.675337894188637,0,0,0,0,0,0,0,0,0,0
TX001272,AC00475,-0.0794331775917085,-0.1900274945257039,-1.5838193502650046,-296.1008049306419,0.0,0.2389251535890856,3.9391832114215815,-73.55534510252866,0,0,0,0,0,0,0,0,0,0
TX000873,AC00475,-0.0815972888532338,-0.2275144264199751,-1.8488850457206567,-463.0441375368455,0.0,0.0962440830626951,3.5230321971172613,-57.09486845253996,0,0,0,0,0,0,0,0,0,0
TX000974,AC00475,-0.0708067261648826,-0.1859131559708222,-0.8770165612727308,-459.3499776455311,0.0,0.3395856721096696,4.359020111621125,9.692458178826348,0,0,0,0,0,0,1,0,0,0
TX001556,AC00475,-0.1050150955454166,-0.2712426941367711,-1.1876968872462754,-467.5403686567263,5.960464477539064e-08,0.1004376983694924,3.522174794382218,-22.787235055364537,0,0,0,0,0,0,0,0,0,0
TX000434,AC00475,-0.066545706144927,-0.1964549641838224,-0.9223939601746256,-456.1264652749333,0.0,0.1771073376795481,4.288555861655329,-19.88607861881873,0,0,0,0,0,0,0,0,0,0
TX000997,AC00475,-0.0685000191002668,-0.2199653777100241,-1.1305578994963028,-461.8812111383187,0.0,0.1297277264825417,4.317409948523261,-22.99017036273281,0,0,0,0,0,0,0,0,0,0
TX002051,AC00475,-0.0824655582851499,-0.2145713502944943,-1.2347215048932796,-462.3956798073839,0.0,0.1898121336928294,4.243062786597002,-23.41011737606563,0,0,0,0,0,0,0,0,0,0
TX000583,AC00475,-0.0405782676256973,-0.2237328223683299,-1.992848418877884,-448.2378145793012,0.0,0.1900240528508824,5.184053232484419,-19.525474093944588,0,0,0,0,0,0,0,0,0,0
TX002058,AC00476,-0.0811388513120972,-0.1618674626508365,-1.7088946165719872,-449.9803476160197,0.0,0.3644488021880516,6.532895765772159,-64.71752325819901,0,0,0,0,0,0,1,0,0,0
TX001170,AC00477,-0.0746290428595709,-0.2130401205872525,-0.5045143382279633,-445.4695608114443,0.0,0.3705423371478155,6.698023957616515,-75.07258147073213,0,0,0,0,0,0,1,0,0,0
TX000960,AC00477,-0.0487513640721962,-0.2536250402024432,-0.4342353829150447,-446.5002814139114,0.0,0.4441662597313003,12.196750222829124,-59.49648554508725,0,0,0,0,0,0,1,1,0,0
TX001212,AC00477,-0.0391285665794022,-0.0476744512444526,-1.8380304510174932,-444.4757728515179,1.1920928955078125e-07,0.457161504205172,5.54157800372068,-15.839705329390146,0,0,0,0,0,0,1,0,0,0
TX002190,AC00478,-0.0976585184689324,-0.2537324398471311,-1.9699587737970976,-472.75783066122494,8.429369702178808e-08,0.1386456111304169,5.2787956959493645,-80.11338111443986,0,0,0,0,0,0,0,0,0,0
TX000167,AC00478,-0.0703041817280885,-0.2327371910373923,-1.2314769227014768,-465.464340574289,0.0,0.403291476513088,7.254304164391493,-61.91851780377087,0,0,0,0,0,0,1,0,0,0
TX000364,AC00478,-0.1053245725566163,-0.2592099069774405,-3.273683856456626,-475.08150631401423,0.0,0.0449559865857862,3.1768061236534297,-28.325965011459008,0,0,0,0,0,0,0,0,0,0
TX001237,AC00478,-0.0585934557696951,-0.2062748347387033,-3.137919668288092,-246.05389913629136,0.0,0.3599102977948168,4.20550847108558,-14.21919132599512,0,0,0,0,0,0,1,0,0,0
TX002253,AC00478,-0.0609221943390335,-0.1515025725471077,-2.003322160221348,-435.61995095281947,8.429369702178808e-08,0.4008006526353065,4.930398380273142,-20.063474311072454,0,0,0,0,0,0,1,0,0,0
TX000039,AC00478,-0.0421389012195984,-0.1295003246354349,-2.638816730454882,-344.1327280148896,0.0,0.4305013937403931,5.342669164088242,14.014112925779482,1,0,0,0,0,0,1,0,1,0
TX001782,AC00478,-0.0574396353765759,-0.1501494809103349,-2.9116812054507197,-416.9528504098869,0.0,0.3928559946658519,4.157896752182263,-20.833870163896247,0,0,0,0,0,0,1,0,0,0
TX000929,AC00479,-0.0849926494404292,-0.2216622123772864,-0.5631882934536261,-463.7228470009193,1.1920928955078125e-07,0.1260267123794782,5.99655698259927,-74.0490914377313,0,0,0,0,0,0,0,0,0,0
TX000212,AC00479,-0.0124293128742157,-0.0540634484372504,-0.0004402089113568,374.61965708821714,0.0,0.6644335202305895,12.716034945569282,-125.1263984294587,0,0,0,0,1,0,1,1,0,0
TX001306,AC00479,0.0041970744240895,-0.0971822016387553,-1.9305580810216083,-92.64098496700478,0.0,0.5388715372891332,8.156575202273869,13.299516280083454,2,1,0,0,0,0,1,0,1,1
TX000610,AC00479,-0.0341293849821889,-0.1739750682203409,-1.875264078957695,-420.60890248888006,8.429369702178808e-08,0.3578727731593497,4.2722113992144735,-12.498031104974618,0,0,0,0,0,0,1,0,0,0
TX000042,AC00480,-0.1025150369914547,-0.2261302097077537,-0.4155232723252791,-464.1650998719036,1.1920928955078125e-07,0.1082730142742085,5.932500028665703,-75.18815133267795,0,0,0,0,0,0,0,0,0,0
TX000516,AC00480,-0.0380239960047276,-0.198765627156302,-1.445930862981264,-265.84331144474845,0.0,0.544144033863367,4.855413771245314,-58.82800080910066,0,0,0,0,0,0,1,0,0,0
TX001559,AC00480,-0.061720197710728,-0.1316349454659431,-2.4676874674397418,-452.0770252076913,0.0,0.4523537301182064,6.26353254225947,-14.830774389663535,0,0,0,0,0,0,1,0,0,0
TX000887,AC00480,-0.0789983551642561,-0.2382608747128103,-1.826358419101476,-454.64210798422886,5.960464477539064e-08,0.1334988955282486,3.6451861061143314,-20.052973214948786,0,0,0,0,0,0,0,0,0,0
TX001536,AC00480,-0.1022648041717379,-0.2145299504953886,-2.509879801825281,-454.9031182827515,5.960464477539064e-08,0.1885220852006453,3.424547508047232,-23.00505782569997,0,0,0,0,0,0,0,0,0,0
TX001973,AC00480,-0.0083326360791995,-0.1324842208607508,-2.407894151561821,-392.9310141607469,1.1920928955078125e-07,0.4738611555493736,7.188445758855567,-7.798233681464939,0,0,0,0,0,0,1,0,0,0
TX000420,AC00480,-0.0681217418724259,-0.2583632000754687,-1.967195943060183,-434.4224633499692,8.429369702178808e-08,0.0821348602928776,3.798755854504301,-21.880196774354435,0,0,0,0,0,0,0,0,0,0
TX001642,AC00480,-0.0290412122406325,-0.1073816860698102,-0.923916030626012,-399.7584896413417,8.429369702178808e-08,0.3936092507443548,4.959470493616099,-10.653765894987988,0,0,0,0,0,0,1,0,0,0
TX000905,AC00480,-0.0818984957761951,-0.1513992849822867,-1.833956794051911,-347.64767746416146,0.0,0.3601397205319405,4.294975824008522,-13.92628814682894,0,0,0,0,0,0,1,0,0,0
TX001199,AC00480,-0.0491432163595779,-0.137174827385446,-1.4397525796948258,-296.5753520313529,0.0,0.3966587700809026,4.766810683501499,-8.225081199371747,0,0,0,0,0,0,1,0,0,0
TX000446,AC00480,-0.0041500636992253,-0.1723068742353899,-0.6849774394241468,13.580197534402998,0.0,0.3394973782186,4.515123065364381,20.71999751575873,1,0,0,0,1,0,1,0,1,0
TX001393,AC00481,-0.0877416087613144,-0.1557303048897,-0.2930033617180889,-444.4730527462264,1.1920928955078125e-07,0.2688259929273413,6.346008737767225,-68.84247587487012,0,0,0,0,0,0,0,0,0,0
TX002099,AC00481,-0.0443276300894791,-0.1237332803896371,-1.0967776962769662,-422.93216598567454,0.0,0.461547993643083,6.377079359743052,-62.906128666091945,0,0,0,0,0,0,1,0,0,0
TX002009,AC00481,-0.0231194799514349,-0.1026130068308135,0.000160376930042,128.98781417146205,0.0,0.6112614635062801,10.340473450449744,21.040759837631537,1,0,0,1,1,0,1,0,1,0
TX000768,AC00481,-0.0322002332862182,-0.2025764217959282,-1.369360365780908,-423.5716175977099,0.0,0.3610521059732076,5.520332591135137,-9.946389102647064,0,0,0,0,0,0,1,0,0,0
TX000052,AC00482,-0.088128943849874,-0.2256588302215223,-2.036079607954804,-471.4587478334116,8.429369702178808e-08,0.2621878935505653,5.0816566975687145,-78.68256607374526,0,0,0,0,0,0,0,0,0,0
TX002114,AC00482,-0.0921928689200222,-0.2298612051409041,-1.0142580397458527,-469.47459514638143,0.0,0.3221650395564886,8.301909215161377,-64.41110470722215,0,0,0,0,0,0,1,0,0,0
TX001325,AC00482,-0.054535664194815,-0.0751325814167616,-1.811284764654566,-451.6806966207627,1.1920928955078125e-07,0.4751845851695027,6.42734398616054,-19.38858355129783,0,0,0,0,0,0,1,0,0,0
TX000636,AC00482,-0.0955327518123828,-0.253829803931237,-2.448811535450739,-457.434326913828,5.960464477539064e-08,0.1051973448432117,3.391480922486771,-22.969109374491264,0,0,0,0,0,0,0,0,0,0
TX000352,AC00482,-0.0321727414470497,-0.2429608497877071,-1.64308586026028,-422.8865944744358,0.0,0.1560902820710782,3.876858039018974,-17.414030903064514,0,0,0,0,0,0,0,0,0,0
TX000872,AC00482,-0.0381830674748117,-0.2141130870542436,-1.894674496749248,-453.7978716792112,0.0,0.19480356928822,3.9120255085211713,7.367750508700045,0,0,0,0,0,0,0,0,0,0
TX001855,AC00483,-0.1048541207687719,-0.1611160172471148,-1.093625661768959,-465.8668188359377,0.0,0.2760667271056333,4.492737991098304,-69.57454397423928,0,0,0,0,0,0,0,0,0,0
TX002066,AC00483,-0.0125887661583015,-0.0830831160485225,-1.2773323007512245,-396.614338691897,0.0,0.5806338903098129,6.9320784197446805,-44.67351597315627,0,0,0,0,0,0,1,0,0,0
TX001188,AC00483,-0.0926047141999795,-0.2278192254978213,-2.986858899080037,-462.6831996365441,0.0,0.148771457085604,3.896145567625309,-25.304490724746767,0,0,0,0,0,0,0,0,0,0
TX002460,AC00483,-0.0692118958733308,-0.0960427307360058,-2.7598766384198417,-448.3783733844618,8.429369702178808e-08,0.4376227906452126,4.7869787999519815,-19.01208866942531,0,0,0,0,0,0,1,0,0,0
TX001036,AC00485,-0.1020281342742119,-0.2333157149968052,-1.5023819609498243,-465.3326957720573,0.0,0.2018964809192527,6.554862758419246,-79.60642526243637,0,0,0,0,0,0,0,0,0,0
TX002337,AC00485,0.0228448932451758,0.0472069055378054,1.1757513672628086,-400.807353687946,0.0,0.6000624174590632,13.483135873469417,-52.41258778519798,2,1,1,1,0,0,1,1,0,1
TX001766,AC00486,-0.0943501058488693,-0.2143640178013353,-2.1738223417982816,-472.6015759227448,0.0,0.2604648447485066,3.5166313387729624,-77.82239349175777,0,0,0,0,0,0,0,0,0,0
TX002457,AC00487,-0.0769990692557917,-0.0575167889222827,-1.36494985479108,-398.3317677659315,0.0,0.3913106813971511,5.718177332631277,-73.69642476808852,0,0,0,0,0,0,1,0,0,0
TX000633,AC00487,-0.1098951369814641,-0.2658066943839913,-1.3430004703823677,-471.3322800081912,0.0,0.0918859963764403,3.6300790577723623,-63.87866653968133,0,0,0,0,0,0,0,0,0,0
TX000969,AC00487,-0.0671454853151108,-0.1885498681322592,-1.758969364919878,-442.1677204636762,0.0,0.3761448112174932,6.0837138233517045,-13.566813843748136,0,0,0,0,0,0,1,0,0,0
TX001060,AC00487,-0.0935708746689994,-0.2432185520330063,-1.41151748040118,-469.9817686840328,0.0,0.0969633872173519,4.19494372974353,-25.201875685489863,0,0,0,0,0,0,0,0,0,0
TX000995,AC00488,-0.1003608769487809,-0.2019412454371363,-0.5753115306048713,-472.3074113564713,0.0,0.1780841021452634,6.128409382235492,-79.00746142664593,0,0,0,0,0,0,0,0,0,0
TX002250,AC00488,0.0064696450583715,2.07252778689896,8.222769325625782,15068.610724752349,49.54061481517114,0.9396994547647672,63.619584927620906,-125.12637392579876,2,1,1,1,1,1,1,1,0,1
TX000302,AC00488,-0.0602147925939157,-0.2394388167091674,-2.0191132953278146,-225.08761039370705,0.0,0.1296852722439133,6.154702968391269,-9.499639782789986,0,0,0,0,0,0,0,0,0,0
TX000380,AC00488,-0.1019183443021573,-0.2550808727623725,-2.2191666694995806,-461.09006226041527,0.0,0.1451734852987046,3.3920881935843914,-23.70492617601524,0,0,0,0,0,0,0,0,0,0
TX001281,AC00489,-0.0713191020524181,-0.1734415798793804,-0.9078410854354164,-454.1764794920653,0.0,0.2701021134964849,5.752289455043494,-74.88884476198498,0,0,0,0,0,0,0,0,0,0
TX000304,AC00489,-0.080383264262463,-0.1516827873030115,-1.200186697282275,-354.14935183915753,0.0,0.4460739497959034,6.645080048005201,-57.71793926139343,0,0,0,0,0,0,1,0,0,0
TX002307,AC00489,-0.08471137792052,-0.2267530936629262,-1.820740711822616,-459.990621516005,0.0,0.1896420173121963,4.360784659946105,-21.964035929028693,0,0,0,0,0,0,0,0,0,0
TX001720,AC00490,-0.0716833084280477,-0.2325254840470494,-2.15968015016594,-33.79153306827652,5.960464477539064e-08,0.2053484474568565,4.004057009498959,-74.3090443835926,0,0,0,0,0,0,0,0,0,0
TX001204,AC00490,-0.0885675357602336,-0.2587332870968307,-1.977966240951158,-470.7095582082961,0.0,0.1543364883238035,5.323339452367094,-61.72224026660992,0,0,0,0,0,0,0,0,0,0
TX000426,AC00490,-0.0859828131069525,-0.1097128399517239,-1.4352742485728722,-438.3308944260135,0.0,0.4187853283758714,4.755090902356839,-12.206478535004356,0,0,0,0,0,0,1,0,0,0
TX002275,AC00490,-0.0727828345356811,-0.2229107951556563,-2.2243504873797324,-460.8294002897948,0.0,0.3435555148615632,4.570473310371701,-20.826613045189717,0,0,0,0,0,0,1,0,0,0
TX001173,AC00490,-0.0703402635067569,-0.2199333418181315,-2.6153737959611014,-306.9151493787053,1.1920928955078125e-07,0.2008863719762896,5.314129431522899,-18.67497884493913,0,0,0,0,0,0,0,0,0,0
TX000508,AC00491,-0.0614682998914024,0.0088947561775241,-0.2719115869911537,-454.5706723131711,0.0,0.3803453261093074,6.3699263187029445,-62.85328043353064,1,0,1,0,0,0,1,0,0,0
TX002081,AC00492,-0.0731032804180151,-0.1552303273635809,-1.5351591076209967,-300.4286235763448,8.429369702178808e-08,0.2603215488618353,4.12624706950063,-71.36033791067373,0,0,0,0,0,0,0,0,0,0
TX000160,AC00492,-0.0670490389531401,-0.1515469327269525,-1.0649213810668066,-453.6739598336813,0.0,0.3963054222384577,4.518817113319612,-53.67067214380817,0,0,0,0,0,0,1,0,0,0
TX001925,AC00492,-0.1170708724159702,-0.2695918540195798,-2.225465994159828,-471.592442276764,5.960464477539064e-08,0.0146217295839306,3.322959304501444,-25.641884267546867,0,0,0,0,0,0,0,0,0,0
TX002073,AC00492,-0.0936641208097444,-0.2716149945655766,-1.5797825036362223,-474.1560766076459,0.0,0.0704109512657304,3.4429363929622543,-26.340591663647103,0,0,0,0,0,0,0,0,0,0
TX001601,AC00492,-0.0592104594799184,-0.1976411916183567,-1.8439590938222776,-461.7144440092485,8.429369702178808e-08,0.195257391083168,5.314101283521439,-22.396362381151125,0,0,0,0,0,0,0,0,0,0
TX000439,AC00493,-0.1071786394836456,-0.2234810188249469,-0.7781173986111192,-475.7133218746098,0.0,0.139047811599357,5.905674167323199,-80.45458399978546,0,0,0,0,0,0,0,0,0,0
TX002492,AC00493,-0.0746751655320771,-0.1867539639439701,-0.3038628896744129,-168.66629752876486,0.0,0.5231937576578817,7.639091014699444,-56.15042472408536,0,0,0,0,0,0,1,0,0,0
TX000343,AC00493,-0.0346705509979978,-0.2059838816300796,-0.5720654981920141,-429.9789958366762,0.0,0.1891146056854846,4.410922751379021,-10.495491372644072,0,0,0,0,0,0,0,0,0,0
TX001827,AC00493,-0.0452522405905249,-0.1409218659769231,-1.221710569033828,-451.9680151898091,0.0,0.3700659349587239,5.006102954484302,-19.20954587905361,0,0,0,0,0,0,1,0,0,0
TX001808,AC00493,-0.0427959085675872,-0.0941229020832155,-1.3379091093222488,-449.4741093892951,0.0,0.4716069923193771,6.450997380837218,-14.750290758791246,0,0,0,0,0,0,1,0,0,0
TX001722,AC00494,-0.0753775431082275,-0.1264816042421672,0.0003157195060268,-458.47772203200697,0.0,0.2491628968310957,6.60294886638493,-73.86126511337943,0,0,0,1,0,0,0,0,0,0
TX002305,AC00494,0.0657182334554919,4.9254088009110815,8.157227438132566,51746.398402776846,112.46678361906903,0.9635837631132752,125.60122004792622,-207.21389994140884,2,1,1,1,1,1,1,1,0,1
TX001243,AC00494,-0.0065286552178726,0.0893591444813211,-0.5587879512413192,-360.5109193627102,1.6858739404357617e-07,0.6357341626832566,8.5911509298075,11.725412680470551,1,0,1,0,0,0,1,0,0,0
TX002450,AC00494,-0.0133889274150473,-0.1764776124521578,-1.938388024360428,-395.4762153967367,0.0,0.3910105054162512,4.665591442981945,-15.688592110973063,0,0,0,0,0,0,1,0,0,0
TX000299,AC00495,-0.0810017612139027,-0.2326380740953642,-1.8254826465772676,-458.5857358339901,0.0,0.3689087231618081,6.060610493790528,-79.54980431280178,0,0,0,0,0,0,1,0,0,0
TX000922,AC00495,-0.0590280064889995,-0.2561686609358631,-1.288558669085479,-453.5820642000288,0.0,0.3920419347242989,11.084521846965444,-60.88588842120327,0,0,0,0,0,0,1,1,0,0
TX000415,AC00495,-0.0149937763246441,-0.0548678753189784,-0.8406481627077156,-408.4176525818157,1.1920928955078125e-07,0.4889425397446374,5.845316589610827,11.085369480936958,0,0,0,0,0,0,1,0,0,0
TX001668,AC00495,-0.1058938184673102,-0.2425796520896836,-2.5628018644380983,-468.2748512937749,5.960464477539064e-08,0.1083801740336553,3.1132720467340445,-26.515255263818776,0,0,0,0,0,0,0,0,0,0
TX000451,AC00495,0.0349073322967552,0.2276317171411046,3.338772841366751,1111.8137926524596,14.284941510105243,0.7428513354145954,16.65076509964686,-138.38682352697825,2,1,1,1,1,1,1,1,0,1
TX001520,AC00495,-0.0996487659080971,-0.2650074479389656,-2.4012726217417946,-424.49698756436914,0.0,0.0863329052391978,3.062612645482881,-21.85027057526201,0,0,0,0,0,0,0,0,0,0
TX001741,AC00495,-0.0899434840270402,-0.2674619913376376,-2.2155259328672727,-465.509167917202,0.0,0.0400283656346934,3.200298223967361,-26.511212092887124,0,0,0,0,0,0,0,0,0,0
TX000294,AC00495,-0.0125213460303311,-0.1411073920321288,-1.4429968817569527,-401.97724039211016,8.429369702178808e-08,0.3652365643196439,4.571900451214967,-12.247635798907869,0,0,0,0,0,0,1,0,0,0
TX002197,AC00496,-0.1058067319126,-0.2630636639479462,-0.8294938093311703,-476.6456801393694,1.1920928955078125e-07,0.0,5.300193787205099,-81.39204570948073,0,0,0,0,0,0,0,0,0,0
TX001501,AC00496,-0.0642222851698884,-0.0522190216854416,-1.6837083662426338,-393.8909971972877,0.0,0.5968251635029348,7.064927579228543,-43.79911756203788,0,0,0,0,0,0,1,0,0,0
TX000972,AC00496,-0.1019040773101645,-0.2330643509735723,-2.17454898587266,-470.868673610665,5.960464477539064e-08,0.1386525776933442,3.3545317960397574,-25.52864379638945,0,0,0,0,0,0,0,0,0,0
TX000673,AC00497,-0.0832432140846693,-0.1273853249434635,-0.2094524383630247,-461.07512124906447,0.0,0.250727673211384,6.432603115086907,-74.77863742632037,0,0,0,0,0,0,0,0,0,0
TX002191,AC00497,-0.0441032331979264,0.042508425238025,0.6068331233992357,795.6570615519017,3.371747880871523e-07,0.637830181062598,15.351748324055754,-34.97452026978965,1,0,1,1,1,0,1,1,0,0
TX002186,AC00497,-0.0811373730268786,-0.1612269359070013,-1.13927986957599,-450.4746234628711,0.0,0.3296613965136613,4.863260887408696,-15.436354102422522,0,0,0,0,0,0,1,0,0,0
TX000697,AC00497,-0.0747192049837372,-0.2061311103440581,-1.7887748428121757,-464.5806606802046,1.1920928955078125e-07,0.1815462252247529,4.123397260266595,-20.58400416349648,0,0,0,0,0,0,0,0,0,0
TX001072,AC00497,-0.1029680933620076,-0.2545911946619758,-2.817704009495671,-445.9215477855437,0.0,0.0482516499384127,3.771476545772991,-27.772006960092565,0,0,0,0,0,0,0,0,0,0
TX001555,AC00497,-0.0743348489869116,-0.2272228444166413,-2.260138731482254,-424.93669808489534,5.960464477539064e-08,0.1756362911783935,3.696923516120072,-22.42656298175002,0,0,0,0,0,0,0,0,0,0
TX001658,AC00498,-0.1091279837803963,-0.2571768159553885,-1.4406825203430564,-477.1758695546616,8.429369702178808e-08,0.0433571369711322,4.206577894688496,-79.28510646134275,0,0,0,0,0,0,0,0,0,0
TX001302,AC00498,-0.0161948826945343,-0.1393803104415747,-0.0004951035214375,-339.91921663051414,0.0,0.6469183729563831,11.849323756303733,-56.63466779474642,0,0,0,0,0,0,1,1,0,0
TX001405,AC00498,-0.0517272341039565,-0.1963679445109754,-1.4653132045545636,-414.0337719532024,0.0,0.377068443264186,5.907023113108974,-16.27170734694494,0,0,0,0,0,0,1,0,0,0
TX001193,AC00498,0.0097738221691348,-0.1531020096156325,0.2715061615216054,235.95868396028203,0.0,0.6315441580027011,5.540269092292438,-6.715298525136342,1,1,0,1,1,0,1,0,0,0
TX000495,AC00498,-0.0494055254580042,-0.1321679255206111,-2.2415721367350816,-398.2624442358153,0.0,0.4421843353828779,5.3202210386309625,-19.72466845841381,0,0,0,0,0,0,1,0,0,0
TX000134,AC00498,-0.0058700921487924,-0.1248406022991199,-1.2895569097101998,-406.9767497224258,0.0,0.4062769840476083,5.485813721907652,-11.609590018292623,0,0,0,0,0,0,1,0,0,0
TX002082,AC00498,-0.0758205857025681,-0.2213188802326198,-1.8748810483918208,-449.7437185294871,0.0,0.1787416398142209,4.232228372103033,-24.78173006584981,0,0,0,0,0,0,0,0,0,0
TX000118,AC00498,0.0267299183421561,-0.1218641769942652,-0.6596345489491533,-308.6375642323458,0.0,0.3917427673137411,5.393634575530232,14.30530396228846,2,1,0,0,0,0,1,0,1,1
TX001729,AC00499,-0.1040925368376721,-0.2730554298638806,-0.7912768633782186,-475.0580547958792,0.0,0.0622012125844184,5.52636599697748,-79.46298031883258,0,0,0,0,0,0,0,0,0,0
TX000460,AC00499,-0.023541916022361,-0.190024715022385,-1.0109012543208955,-324.20565122231704,0.0,0.544144033863367,4.9373628245645405,-57.81860543309756,0,0,0,0,0,0,1,0,0,0
TX001896,AC00499,-0.0669725379345116,-0.2257453488501928,-1.304289099998842,-459.99775218370473,0.0,0.1911878870452473,3.78301471440864,-19.459209056053485,0,0,0,0,0,0,0,0,0,0
TX000432,AC00499,-0.0578907882014707,-0.2157237739877349,-2.671215662587848,-402.0759479215984,1.1920928955078125e-07,0.3349030448179809,4.708808360308616,-21.96718265568729,0,0,0,0,0,0,1,0,0,0
TX001923,AC00499,-0.1323566627081967,-0.2531918672488612,-2.9276866299379147,-461.29598157894645,0.0,0.1026734037138507,3.0444844927328694,-23.511550872306817,0,0,0,0,0,0,0,0,0,0
TX000203,AC00499,-0.0532981363308212,-0.1966721727316194,-2.195291168054497,-448.5599663744345,0.0,0.3354322463063467,4.470440481303857,-17.32714153377118,0,0,0,0,0,0,1,0,0,0
TX001943,AC00499,-0.0491062045387298,-0.1880176273794902,-2.284670207747501,-387.4307484751928,0.0,0.3916242476312314,5.939737623206656,-16.980425407746242,0,0,0,0,0,0,1,0,0,0
TX002055,AC00500,-0.1242981107468901,-0.2567309884115349,-1.582276233685482,-477.42111127598514,0.0,0.1493659715163948,4.047835268420933,-79.13496595404882,0,0,0,0,0,0,0,0,0,0
TX001716,AC00500,-0.080281318716031,-0.1774164649634924,-1.994961242414368,-453.1865758543694,0.0,0.3817462386079111,4.510924910022121,-57.66781208942693,0,0,0,0,0,0,1,0,0,0
TX002375,AC00500,-0.0692799071025218,-0.2223764641124306,-2.437847204638484,-470.0971834832218,0.0,0.3321373589326349,3.5954042324896025,3.564442446950515,0,0,0,0,0,0,1,0,0,0
TX002350,AC00500,-0.055539832215783,-0.1247358657152302,-1.4473736897956029,-437.2417232412206,0.0,0.3563714297297325,4.632232421351092,-12.75237250411966,0,0,0,0,0,0,1,0,0,0
