TransactionAmount,CustomerAge,TransactionDuration,LoginAttempts,AccountBalance,Amount_vs_TypeAvg,DeviceTxnCount,IPTxnCount,MerchantTxnCount,Amount_vs_AccountAvg,DeviceNoveltyFlag,LocationNoveltyFlag,TimeSinceLastTxn,Location_enc,TransactionType_Debit,Channel_Branch,Channel_Online,CustomerOccupation_Engineer,CustomerOccupation_Retired,CustomerOccupation_Student
-0.8558202767445653,-1.105983752797117,-1.1814655237530776,-0.20679364850592954,-0.8882655254504942,-0.8540632666030458,1.8711376349116977,-1.0590212998330302,-0.9982410867410686,-0.22183952644634597,0.0692820323027559,0.2465984809580359,-0.26720699091482264,-0.9005423361417769,0.5405377599750526,1.37623007400284,-0.690491394346993,-0.5755115693951635,-0.5595719370593745,1.6803094590682988
-0.289918533703829,0.8053466605675694,0.8342649039403235,-0.20679364850592954,-0.23945210930842015,-0.2833777727316914,-1.9449240876917921,-0.07773708545436095,-0.025556210909585365,0.3003413269791986,0.0692820323027559,0.2465984809580359,0.18080819445157068,-1.6351696413122068,0.5405377599750526,-0.7266226911401854,1.4482439726069483,1.7375845303178776,-0.5595719370593745,-0.5951284714867237
0.6146060951714295,-1.218414953583275,0.9629285482611789,-0.20679364850592954,-1.0152960172518242,0.628793095968605,-0.30946906371886795,0.9035471289243083,-1.7763889874062553,-0.044921379295355696,0.0692820323027559,0.2465984809580359,-0.26720699091482264,1.221714323239465,0.5405377599750526,-0.7266226911401854,1.4482439726069483,-0.5755115693951635,-0.5595719370593745,1.6803094590682988
-0.8163188413573532,1.4799338652845175,-1.1671695632729824,-0.20679364850592954,0.16322049901765498,-0.8142279127809322,-1.9449240876917921,-0.07773708545436095,-0.025556210909585365,-0.22641662215656727,0.0692820323027559,0.2465984809580359,-0.05340548151669912,-0.0842897748412993,0.5405377599750526,1.37623007400284,-0.690491394346993,-0.5755115693951635,1.7870803265351975,-0.5951284714867237
-0.9763116455709527,-0.6562589496524849,-0.8383624722307964,-0.20679364850592954,0.3349003728678375,-0.9755731880188073,-1.399772413034151,-0.07773708545436095,1.1416656400881946,-0.23581615204196904,0.0692820323027559,0.2465984809580359,0.30892900466636525,-0.7372918238816814,0.5405377599750526,1.37623007400284,-0.690491394346993,-0.5755115693951635,-0.5595719370593745,-0.5951284714867237
-0.11512553860794346,1.9296586684291497,1.5347669674649806,1.452841000206196,-0.24083153778793542,-0.10710719580157577,-0.30946906371886795,-0.07773708545436095,-0.22009318607588202,-0.06610485386064398,0.0692820323027559,0.2465984809580359,-0.8655043438107297,-0.9821675922718247,0.5405377599750526,1.37623007400284,-0.690491394346993,-0.5755115693951635,1.7870803265351975,-0.5951284714867237
0.334258960935908,0.6366998593883324,-1.4673847333549783,-0.20679364850592954,0.05805574341206487,0.3460760965528591,0.7808342855964149,-1.5496634070223647,0.16898076425671127,-0.005106388018813243,0.0692820323027559,0.2465984809580359,0.37308576350121775,0.32383650580893947,0.5405377599750526,-0.7266226911401854,1.4482439726069483,-0.5755115693951635,1.7870803265351975,-0.5951284714867237
0.11670985884675222,1.7610118672499127,0.3624982080971871,-0.20679364850592954,0.5389506641044198,0.12668798140071602,-0.30946906371886795,1.394189236113643,-0.025556210909585365,-0.07462614039337409,0.0692820323027559,0.2465984809580359,-0.05248641519327915,-0.16591503097134708,0.5405377599750526,-0.7266226911401854,-0.690491394346993,-0.5755115693951635,1.7870803265351975,-0.5951284714867237
0.7498633951789866,-1.105983752797117,-0.36659577638766006,-0.20679364850592954,-0.9766874037861285,0.6981870436106423,-0.30946906371886795,-0.5683791926436955,3.6706463172500507,0.003181958453201308,0.0692820323027559,0.2465984809580359,1.0552849775351252,-1.3086686167920156,-1.8500095165343355,-0.7266226911401854,-0.690491394346993,-0.5755115693951635,-0.5595719370593745,1.6803094590682988
-0.9504455712280688,1.8172274676429916,-0.4809634602284204,-0.20679364850592954,-0.3191999977812273,-0.9494884593668597,0.7808342855964149,0.4129050217349737,0.7525916897556012,-0.23322461317586682,0.0692820323027559,0.2465984809580359,-0.26720699091482264,1.140089067109417,0.5405377599750526,-0.7266226911401854,-0.690491394346993,-0.5755115693951635,1.7870803265351975,-0.5951284714867237
-0.20426928091282276,1.3675026644983594,-0.7239947883900362,-0.20679364850592954,2.1465361013330813,-0.19700449904974532,0.23568261093877343,-1.0590212998330302,-0.803704111574772,1.1930852659716373,0.0692820323027559,0.2465984809580359,-0.94986573811044,-1.0637928484018724,0.5405377599750526,-0.7266226911401854,-0.690491394346993,-0.5755115693951635,-0.5595719370593745,-0.5951284714867237
0.4077802795317077,-1.0497681524040379,-0.7525867093502262,-0.20679364850592954,1.176000478268767,0.36616670978227567,-1.399772413034151,-0.5683791926436955,0.9471286649218978,0.15095846942095312,0.0692820323027559,0.2465984809580359,0.09548326287730732,-1.4719191290521112,-1.8500095165343355,-0.7266226911401854,1.4482439726069483,-0.5755115693951635,-0.5595719370593745,1.6803094590682988
0.2964019912022832,0.7491310601744904,-1.5388645357554536,-0.20679364850592954,0.7148970230659665,0.3078991095854389,0.7808342855964149,0.4129050217349737,-0.41463016124217866,-0.033880450354452404,0.0692820323027559,0.2465984809580359,0.39357204832325265,-0.6556665677516337,0.5405377599750526,-0.7266226911401854,-0.690491394346993,-0.5755115693951635,1.7870803265351975,-0.5951284714867237
-0.30876136931785036,0.4680530582090954,-1.5388645357554536,-0.20679364850592954,-0.8782710789576478,-0.3023798929417195,0.23568261093877343,0.4129050217349737,-0.9982410867410686,-0.14623843348943225,0.0692820323027559,0.2465984809580359,1.8906569709222059,0.24221124967889174,0.5405377599750526,-0.7266226911401854,-0.690491394346993,-0.5755115693951635,-0.5595719370593745,-0.5951284714867237
-0.974461621710667,-0.09410294572169475,-0.3094119344672799,-0.20679364850592954,-1.0499150568994415,-0.9737075253072773,0.23568261093877343,0.4129050217349737,0.16898076425671127,-0.23611416632481472,0.0692820323027559,0.2465984809580359,-0.26720699091482264,0.16058599354884398,0.5405377599750526,1.37623007400284,-0.690491394346993,1.7375845303178776,-0.5595719370593745,-0.5951284714867237
1.1817754471534725,-0.03788734532861574,-1.3101291680739329,-0.20679364850592954,-0.5053972025812551,1.2007569142904517,2.416289309569339,2.3754734504923123,0.9471286649218978,5.695447699111857,0.0692820323027559,0.2465984809580359,-0.9066992682104652,0.32383650580893947,0.5405377599750526,1.37623007400284,-0.690491394346993,1.7375845303178776,-0.5595719370593745,-0.5951284714867237
-0.679519854799558,1.0302090621398854,-0.38089173686775507,-0.20679364850592954,-0.652270439741266,-0.6891491975498097,-1.399772413034151,-1.0590212998330302,-0.025556210909585365,-0.20472781728509346,0.0692820323027559,0.2465984809580359,-0.09835078946200249,0.813588042589226,-1.8500095165343355,-0.7266226911401854,1.4482439726069483,-0.5755115693951635,1.7870803265351975,-0.5951284714867237
0.8574388566844903,1.0864246625329645,0.1623547613758565,-0.20679364850592954,0.2670289020848365,0.8736786015116587,0.7808342855964149,0.4129050217349737,0.5580547145893046,0.02319075781163784,0.0692820323027559,0.2465984809580359,-0.8007249916600121,-1.0637928484018724,0.5405377599750526,-0.7266226911401854,-0.690491394346993,-0.5755115693951635,1.7870803265351975,-0.5951284714867237
-0.8084391101005806,0.6929154597814113,-1.4387928123947882,-0.20679364850592954,0.8335714601930566,-0.806281571602193,-0.8546207383765094,-0.5683791926436955,1.5307395904207879,-0.2185339441349451,0.0692820323027559,0.2465984809580359,0.8414982917873796,0.24221124967889174,0.5405377599750526,-0.7266226911401854,1.4482439726069483,-0.5755115693951635,-0.5595719370593745,-0.5951284714867237
-0.5525534024621704,1.6485806664637546,-0.7811786303104162,-0.20679364850592954,-0.1870056231588116,-0.5482327791500109,-0.30946906371886795,-0.5683791926436955,-0.6091671364084753,-0.1808001330285768,0.0692820323027559,0.2465984809580359,-0.6510802410967411,0.40546176193898725,0.5405377599750526,-0.7266226911401854,1.4482439726069483,-0.5755115693951635,1.7870803265351975,-0.5951284714867237
0.23240486951684336,-1.105983752797117,0.8056729829801335,-0.20679364850592954,-1.036056672267878,0.24336099949028872,-0.8546207383765094,1.394189236113643,1.3362026152544912,-0.06388726525631927,0.0692820323027559,0.2465984809580359,-0.5873978390739761,0.8952132987192738,0.5405377599750526,-0.7266226911401854,-0.690491394346993,-0.5755115693951635,-0.5595719370593745,1.6803094590682988
-0.08343531507527116,0.35562185742293734,0.7627851015398482,-0.20679364850592954,-0.7466587308498231,-0.0751490845392557,1.8711376349116977,0.9035471289243083,-0.025556210909585365,-0.11691221990711882,0.0692820323027559,0.2465984809580359,-0.6942467109967159,-0.5740413116215859,0.5405377599750526,1.37623007400284,-0.690491394346993,-0.5755115693951635,1.7870803265351975,-0.5951284714867237
-0.8802474436405602,0.8053466605675694,0.5197537733782326,-0.20679364850592954,-1.0154601128330303,-0.8786969242571366,1.8711376349116977,-1.0590212998330302,-0.41463016124217866,-0.22305106674049646,0.0692820323027559,0.2465984809580359,-0.6736863079227924,-0.002664518711251552,0.5405377599750526,1.37623007400284,-0.690491394346993,-0.5755115693951635,1.7870803265351975,-0.5951284714867237
-0.46251890792826467,1.0864246625329645,-1.4387928123947882,-0.20679364850592954,0.5103698290465031,-0.45743719385554915,-0.8546207383765094,0.4129050217349737,-0.803704111574772,-0.1745184563323346,0.0692820323027559,0.2465984809580359,-0.26720699091482264,-0.4107907993614904,0.5405377599750526,1.37623007400284,-0.690491394346993,-0.5755115693951635,1.7870803265351975,-0.5951284714867237
0.2751952362112301,-0.6562589496524849,1.2059598764227946,-0.20679364850592954,-0.7331977652039935,0.28651308702178907,-1.9449240876917921,0.4129050217349737,-0.22009318607588202,0.041097468487029734,0.0692820323027559,0.2465984809580359,-1.0988434244067127,0.9768385548493216,0.5405377599750526,1.37623007400284,-0.690491394346993,1.7375845303178776,-0.5595719370593745,-0.5951284714867237
1.3127160248203629,-1.330846154369433,0.648417417699088,-0.20679364850592954,-1.1643948007319453,1.332804375095411,0.23568261093877343,0.9035471289243083,-0.025556210909585365,0.06475777154413455,0.0692820323027559,0.2465984809580359,-0.9939216270330791,-0.24754028710139483,0.5405377599750526,1.37623007400284,-0.690491394346993,-0.5755115693951635,-0.5595719370593745,1.6803094590682988
0.42031933014031087,-0.5438277488663268,0.34820224761709206,-0.20679364850592954,0.8827873145876658,0.43286396194847837,-0.30946906371886795,-0.07773708545436095,0.9471286649218978,-0.11600225252328511,0.0692820323027559,0.2465984809580359,0.5871837459068961,1.7114658600197514,0.5405377599750526,1.37623007400284,-0.690491394346993,-0.5755115693951635,-0.5595719370593745,-0.5951284714867237
0.4118229242634432,-0.9935525520109589,0.14805880089576146,-0.20679364850592954,-0.9218794796632231,0.3700904353097416,-0.30946906371886795,2.866115557681647,1.5307395904207879,-0.11774576693523198,0.0692820323027559,0.2465984809580359,-0.2470468264010982,0.7319627864591783,-1.8500095165343355,1.37623007400284,-0.690491394346993,-0.5755115693951635,-0.5595719370593745,1.6803094590682988
0.6541760499608744,0.41183745781601633,0.17665072185595154,-0.20679364850592954,0.6082630992098887,0.6686975484096642,-0.30946906371886795,-0.07773708545436095,-0.22009318607588202,-0.09730672581773511,0.0692820323027559,0.2465984809580359,-0.9491986738434417,-0.3291655432314426,0.5405377599750526,1.37623007400284,-0.690491394346993,1.7375845303178776,-0.5595719370593745,-0.5951284714867237
-0.6190857420302242,1.4799338652845175,1.5204710069848855,-0.20679364850592954,-0.059995643305132365,-0.6153275381461467,-0.8546207383765094,-0.5683791926436955,0.5580547145893046,-0.208067695369586,0.0692820323027559,0.2465984809580359,1.8874254151398582,-1.0637928484018724,0.5405377599750526,-0.7266226911401854,1.4482439726069483,-0.5755115693951635,1.7870803265351975,-0.5951284714867237
0.21212312645593304,1.9296586684291497,0.5340497338583277,-0.20679364850592954,0.522905193054591,0.22290780828240384,-0.8546207383765094,0.4129050217349737,-1.387315037073662,-0.12670504838139784,0.0692820323027559,0.2465984809580359,-0.884997444057456,-1.3086686167920156,0.5405377599750526,-0.7266226911401854,1.4482439726069483,-0.5755115693951635,1.7870803265351975,-0.5951284714867237
-0.6513241207807587,-1.274630553976354,0.13376284041566644,-0.20679364850592954,-1.159712948680653,-0.6478384383600311,0.7808342855964149,-0.07773708545436095,-1.387315037073662,-0.2069674520829225,0.0692820323027559,0.2465984809580359,-1.0146154429604022,0.6503375303291306,0.5405377599750526,1.37623007400284,-0.690491394346993,-0.5755115693951635,-0.5595719370593745,1.6803094590682988
-0.4763255674781749,-0.6562589496524849,-0.2808200135070898,-0.20679364850592954,0.07356277583606069,-0.47136056557307887,-0.8546207383765094,0.4129050217349737,-0.22009318607588202,-0.17617964023964702,0.0692820323027559,0.2465984809580359,-0.26720699091482264,1.0584638109793694,0.5405377599750526,-0.7266226911401854,-0.690491394346993,-0.5755115693951635,-0.5595719370593745,-0.5951284714867237
-0.7630107464202309,-1.105983752797117,1.1773679554626044,-0.20679364850592954,-1.2034444210721331,-0.7604691872412889,-0.30946906371886795,-0.07773708545436095,3.6706463172500507,-0.18411470145265305,0.0692820323027559,0.2465984809580359,0.7135850126778732,-1.6351696413122068,0.5405377599750526,-0.7266226911401854,-0.690491394346993,-0.5755115693951635,-0.5595719370593745,1.6803094590682988
1.0742342453490852,-0.9935525520109589,0.019395156574906088,-0.20679364850592954,-1.0823829060371826,1.0923066318554002,0.7808342855964149,-0.07773708545436095,0.7525916897556012,0.3951458244768591,0.0692820323027559,0.2465984809580359,0.587139274955763,-0.8189170800117291,0.5405377599750526,-0.7266226911401854,-0.690491394346993,-0.5755115693951635,-0.5595719370593745,1.6803094590682988
-0.4264091829515765,-1.387061754762512,2.406820556750778,-0.20679364850592954,-0.9291817330269035,-0.44348407723694316,1.3259859602540562,0.4129050217349737,-0.41463016124217866,-0.16676153195916477,0.0692820323027559,-4.0551750201988135,0.0737517914235425,-1.6351696413122068,-1.8500095165343355,-0.7266226911401854,1.4482439726069483,-0.5755115693951635,-0.5595719370593745,1.6803094590682988
-0.4623818691237991,-1.274630553976354,-0.09497252726585426,-0.20679364850592954,-1.1487031607790927,-0.45729899661765805,-0.30946906371886795,-0.07773708545436095,0.7525916897556012,-0.17450196815459454,0.0692820323027559,0.2465984809580359,-0.26720699091482264,-0.24754028710139483,0.5405377599750526,-0.7266226911401854,1.4482439726069483,-0.5755115693951635,-0.5595719370593745,1.6803094590682988
1.1653650503187158,1.9296586684291497,0.4625699314578524,-0.20679364850592954,-0.23367799604472322,1.1842077950529912,-0.30946906371886795,-1.5496634070223647,1.3362026152544912,0.23530005488442876,0.0692820323027559,0.2465984809580359,-0.20493283567794285,-0.9821675922718247,0.5405377599750526,1.37623007400284,-0.690491394346993,-0.5755115693951635,1.7870803265351975,-0.5951284714867237
0.5791473045159529,0.7491310601744904,-1.5531604962355485,-0.20679364850592954,1.487323127732058,0.5930345606642793,-0.30946906371886795,0.9035471289243083,-1.5818520122399586,-0.09975140837173144,0.0692820323027559,0.2465984809580359,-0.20262034621901562,-0.16591503097134708,0.5405377599750526,-0.7266226911401854,-0.690491394346993,-0.5755115693951635,-0.5595719370593745,-0.5951284714867237
-0.708195224633987,-1.0497681524040379,2.349636714830398,-0.20679364850592954,0.5135799488538515,-0.7051902920848434,-1.399772413034151,-0.07773708545436095,0.16898076425671127,-0.21537334464939098,0.0692820323027559,0.2465984809580359,0.5439135104542774,-1.1454181045319203,0.5405377599750526,-0.7266226911401854,-0.690491394346993,1.7375845303178776,-0.5595719370593745,-0.5951284714867237
-0.5485450174315514,0.5804842589952534,-1.038505918952127,-0.20679364850592954,2.3483916141710295,-0.5441905099416958,-0.8546207383765094,0.4129050217349737,0.16898076425671127,-0.19229475249143058,0.0692820323027559,0.2465984809580359,-0.9500880928661061,1.4665900916296082,0.5405377599750526,1.37623007400284,-0.690491394346993,-0.5755115693951635,-0.5595719370593745,-0.5951284714867237
-0.7586255046773314,-1.218414953583275,-0.29511597398718487,-0.20679364850592954,-1.0363797354433777,-0.7560468756287733,-0.30946906371886795,-1.5496634070223647,0.7525916897556012,-0.21014528638419874,0.0692820323027559,0.2465984809580359,-0.26720699091482264,1.3033395793695126,0.5405377599750526,-0.7266226911401854,-0.690491394346993,-0.5755115693951635,-0.5595719370593745,1.6803094590682988
-0.18676257364234106,-1.162199353190196,-0.38089173686775507,-0.20679364850592954,-1.2776515196857712,-0.21088695804521304,0.7808342855964149,-0.07773708545436095,-1.1927780619073654,-0.14510278803149015,0.0692820323027559,0.2465984809580359,-0.26720699091482264,-0.3291655432314426,-1.8500095165343355,-0.7266226911401854,1.4482439726069483,-0.5755115693951635,-0.5595719370593745,1.6803094590682988
0.4371065836873482,0.8053466605675694,0.21953860329623667,-0.20679364850592954,0.17338929706553308,0.3946303458120285,0.23568261093877343,-0.07773708545436095,0.16898076425671127,-0.028849590068471213,0.0692820323027559,0.2465984809580359,-0.9718936825717595,-0.5740413116215859,-1.8500095165343355,-0.7266226911401854,1.4482439726069483,1.7375845303178776,-0.5595719370593745,-0.5951284714867237
-0.7201861200247278,-1.330846154369433,1.8921659794673567,-0.20679364850592954,-0.925425482613353,-0.7172825504003159,0.23568261093877343,-1.0590212998330302,0.16898076425671127,-0.20973941675357866,0.0692820323027559,0.2465984809580359,-0.8632066780021802,-1.6351696413122068,0.5405377599750526,1.37623007400284,-0.690491394346993,-0.5755115693951635,-0.5595719370593745,1.6803094590682988
-0.49335263893302694,1.1988558633191224,0.7770810620199433,-0.20679364850592954,-0.07722311533833805,-0.5084583118188788,0.23568261093877343,-1.0590212998330302,1.1416656400881946,-0.16739220658235074,-14.433756729740645,0.2465984809580359,0.2229666561258591,0.8952132987192738,-1.8500095165343355,1.37623007400284,-0.690491394346993,-0.5755115693951635,1.7870803265351975,-0.5951284714867237
-0.7631135255235801,1.5361494656775965,-0.03778868534547408,-0.20679364850592954,-0.6934507386436791,-0.7605728351697073,-0.30946906371886795,-1.0590212998330302,0.9471286649218978,-0.20149824371229175,0.0692820323027559,0.2465984809580359,3.9160716166341403,0.9768385548493216,0.5405377599750526,-0.7266226911401854,-0.690491394346993,-0.5755115693951635,1.7870803265351975,-0.5951284714867237
-0.05373215420735015,-1.105983752797117,2.1351973076289723,-0.20679364850592954,-1.2534781893793177,-0.04519483322635674,-0.30946906371886795,-0.07773708545436095,-2.1654629377388486,-0.12533422213369488,0.0692820323027559,0.2465984809580359,-0.26720699091482264,-0.9005423361417769,0.5405377599750526,1.37623007400284,-0.690491394346993,-0.5755115693951635,-0.5595719370593745,1.6803094590682988
-0.9936470543358524,-0.2627497469009318,0.3624982080971871,-0.20679364850592954,0.875454293302509,-0.9930551386120333,-0.8546207383765094,1.394189236113643,1.1416656400881946,-0.23827790948956262,0.0692820323027559,0.2465984809580359,-0.5667188467970308,0.32383650580893947,0.5405377599750526,-0.7266226911401854,-0.690491394346993,-0.5755115693951635,-0.5595719370593745,-0.5951284714867237
2.703111734928441,-1.443277355155591,-1.1671695632729824,-0.20679364850592954,-0.8996111964948363,2.734953550738651,0.7808342855964149,-0.5683791926436955,-0.803704111574772,0.6713501617094619,0.0692820323027559,0.2465984809580359,1.1423590998539617,1.221714323239465,0.5405377599750526,-0.7266226911401854,1.4482439726069483,-0.5755115693951635,-0.5595719370593745,1.6803094590682988
1.8533683681383109,-0.20653414650785276,2.1923811495493526,-0.20679364850592954,2.4260934358656705,1.878027027885328,1.3259859602540562,-0.5683791926436955,-0.025556210909585365,-0.019237549514252723,0.0692820323027559,0.2465984809580359,-0.35414770038025944,0.813588042589226,0.5405377599750526,-0.7266226911401854,-0.690491394346993,-0.5755115693951635,-0.5595719370593745,-0.5951284714867237
0.723175088009309,0.35562185742293734,0.10517091945547634,-0.20679364850592954,0.6651273460847856,0.6722838047471174,0.7808342855964149,-0.07773708545436095,-0.025556210909585365,-0.129820732364056,0.0692820323027559,0.2465984809580359,-1.0997773143805103,0.16058599354884398,-1.8500095165343355,1.37623007400284,-0.690491394346993,1.7375845303178776,-0.5595719370593745,-0.5951284714867237
-0.9024819896651054,0.5242686586021743,-0.9384341955914618,-0.20679364850592954,-1.1250169892293453,-0.9055526359629303,-1.399772413034151,0.4129050217349737,0.9471286649218978,-0.2339102951076618,0.0692820323027559,0.2465984809580359,2.0599282345856027,0.7319627864591783,-1.8500095165343355,-0.7266226911401854,1.4482439726069483,1.7375845303178776,-0.5595719370593745,-0.5951284714867237
-0.9812450425317147,-0.09410294572169475,0.5912335757787078,-0.20679364850592954,0.216038764218434,-0.9805482885828876,1.8711376349116977,-0.5683791926436955,-0.6091671364084753,-0.2385807582219563,0.0692820323027559,0.2465984809580359,-0.9078555129399289,-1.6351696413122068,0.5405377599750526,-0.7266226911401854,1.4482439726069483,-0.5755115693951635,-0.5595719370593745,-0.5951284714867237
1.492682234784825,0.41183745781601633,-0.36659577638766006,6.431744946342572,1.3621720431342315,1.514291897755916,0.23568261093877343,-0.5683791926436955,-0.41463016124217866,0.0607266195741662,0.0692820323027559,0.2465984809580359,-0.26720699091482264,1.6298406038897038,0.5405377599750526,-0.7266226911401854,-0.690491394346993,-0.5755115693951635,-0.5595719370593745,-0.5951284714867237
-0.6168246017565414,-1.162199353190196,-1.2100574447132675,-0.20679364850592954,-1.0810727053809885,-0.6130472837209433,0.23568261093877343,-0.5683791926436955,-0.025556210909585365,-0.22204622588974018,0.0692820323027559,0.2465984809580359,0.2857151681748267,-0.5740413116215859,0.5405377599750526,-0.7266226911401854,-0.690491394346993,-0.5755115693951635,-0.5595719370593745,1.6803094590682988
1.3387533976688288,-1.218414953583275,-1.395904930954503,-0.20679364850592954,0.01969840130509151,1.2697541460819286,0.23568261093877343,3.847399772060316,0.5580547145893046,-0.0447866055619045,0.0692820323027559,0.2465984809580359,-0.20342082333941358,0.07896073741879621,-1.8500095165343355,1.37623007400284,-0.690491394346993,-0.5755115693951635,-0.5595719370593745,1.6803094590682988
-0.932664786348656,0.6929154597814113,-0.5953311440691808,-0.20679364850592954,-1.2597574093539152,-0.9315573677504876,-1.9449240876917921,0.9035471289243083,0.5580547145893046,-0.2355284616059676,0.0692820323027559,0.2465984809580359,-0.7364644672725154,-0.002664518711251552,0.5405377599750526,-0.7266226911401854,-0.690491394346993,1.7375845303178776,-0.5595719370593745,-0.5951284714867237
0.023009576293391343,-0.9935525520109589,-1.2386493656734576,-0.20679364850592954,-1.0885928981884587,0.03219561999266688,-0.30946906371886795,1.394189236113643,1.1416656400881946,-0.14693558192443196,0.0692820323027559,-4.0551750201988135,-0.908018573094084,-0.002664518711251552,0.5405377599750526,1.37623007400284,-0.690491394346993,-0.5755115693951635,-0.5595719370593745,1.6803094590682988
0.8231448958669715,-0.9935525520109589,0.20524264281614163,-0.20679364850592954,-1.236163541568596,0.8390947427294074,0.23568261093877343,-0.07773708545436095,1.1416656400881946,-0.06656137229503516,0.0692820323027559,0.2465984809580359,0.07401861713034175,-0.24754028710139483,0.5405377599750526,-0.7266226911401854,1.4482439726069483,-0.5755115693951635,-0.5595719370593745,1.6803094590682988
-0.9115265507598356,-1.105983752797117,2.335340754350303,-0.20679364850592954,-1.0869724543240462,-0.9102404438057835,-0.8546207383765094,-0.5683791926436955,-0.9982410867410686,-0.2319807189259417,0.0692820323027559,-4.0551750201988135,0.8644008316209857,-0.24754028710139483,0.5405377599750526,-0.7266226911401854,1.4482439726069483,-0.5755115693951635,-0.5595719370593745,1.6803094590682988
-0.6946969023941244,1.2550714637122016,-0.9098422746312717,-0.20679364850592954,-0.9862613553521337,-0.7038797942334318,-0.8546207383765094,-0.07773708545436095,-0.025556210909585365,-0.2039212827546545,0.0692820323027559,0.2465984809580359,-0.26720699091482264,-1.0637928484018724,-1.8500095165343355,1.37623007400284,-0.690491394346993,-0.5755115693951635,1.7870803265351975,-0.5951284714867237
-0.9899127469141646,0.1869750562437003,2.1923811495493526,-0.20679364850592954,1.452257953223036,-0.9892892638795006,1.3259859602540562,3.847399772060316,-0.6091671364084753,-0.23044605814165187,0.0692820323027559,0.2465984809580359,0.5228787505682662,-0.16591503097134708,0.5405377599750526,-0.7266226911401854,1.4482439726069483,-0.5755115693951635,-0.5595719370593745,-0.5951284714867237
1.003727780451529,1.9296586684291497,-0.38089173686775507,-0.20679364850592954,-0.4845186038662093,1.0212041529604226,-0.30946906371886795,0.4129050217349737,-0.41463016124217866,1.1465228007621884,0.0692820323027559,0.2465984809580359,-0.6098408457458724,0.32383650580893947,0.5405377599750526,-0.7266226911401854,-0.690491394346993,-0.5755115693951635,1.7870803265351975,-0.5951284714867237
-0.5485107577304349,-0.6000433492594058,-0.995618037511842,-0.20679364850592954,-0.16492963949965098,-0.544155960632223,0.23568261093877343,-0.07773708545436095,-0.025556210909585365,-0.16927349897347319,0.0692820323027559,0.2465984809580359,-0.5015096087853588,-0.6556665677516337,0.5405377599750526,-0.7266226911401854,-0.690491394346993,1.7375845303178776,-0.5595719370593745,-0.5951284714867237
2.157868591660896,-1.162199353190196,-0.35229981590756504,-0.20679364850592954,-1.0134089180679515,2.1851012904793827,0.23568261093877343,-0.5683791926436955,-1.387315037073662,0.30095453075479434,0.0692820323027559,0.2465984809580359,-0.8419940343116363,-1.553544385182159,0.5405377599750526,-0.7266226911401854,-0.690491394346993,-0.5755115693951635,-0.5595719370593745,1.6803094590682988
0.03839218209465609,0.4680530582090954,-1.1242816818326973,-0.20679364850592954,-0.294285673365889,0.04770825994594443,0.23568261093877343,-0.5683791926436955,0.16898076425671127,-0.1348034447885613,0.0692820323027559,0.2465984809580359,1.907466990450561,-1.4719191290521112,0.5405377599750526,-0.7266226911401854,-0.690491394346993,-0.5755115693951635,1.7870803265351975,-0.5951284714867237
-0.9049144284443701,1.5361494656775965,-0.12356444822604433,-0.20679364850592954,-0.37773596838966345,-0.9035724270775373,0.23568261093877343,-0.5683791926436955,-0.025556210909585365,-0.22774641612172736,0.0692820323027559,0.2465984809580359,-0.26720699091482264,1.4665900916296082,0.5405377599750526,-0.7266226911401854,-0.690491394346993,-0.5755115693951635,1.7870803265351975,-0.5951284714867237
0.4457057686675652,-0.09410294572169475,1.663430611785836,-0.20679364850592954,-0.6847818767677649,0.4584650002678073,-0.8546207383765094,-0.07773708545436095,0.7525916897556012,1.3127258373455724,0.0692820323027559,0.2465984809580359,-0.33217905052045094,0.9768385548493216,0.5405377599750526,-0.7266226911401854,-0.690491394346993,1.7375845303178776,-0.5595719370593745,-0.5951284714867237
-0.7624625912023684,0.2431906566367793,0.8342649039403235,-0.20679364850592954,1.1625907924920647,-0.7599163982897243,1.8711376349116977,0.9035471289243083,-0.803704111574772,-0.20196546291861678,0.0692820323027559,0.2465984809580359,1.4838960045570588,-0.7372918238816814,0.5405377599750526,-0.7266226911401854,-0.690491394346993,1.7375845303178776,-0.5595719370593745,-0.5951284714867237
-0.427128636675021,-1.387061754762512,1.320327560263555,-0.20679364850592954,-1.204546938258363,-0.42174775717016905,-0.8546207383765094,1.8848313433029775,0.16898076425671127,-0.12389483100857901,0.0692820323027559,0.2465984809580359,-0.4169406833803601,0.24221124967889174,0.5405377599750526,-0.7266226911401854,1.4482439726069483,-0.5755115693951635,-0.5595719370593745,1.6803094590682988
-0.6256293449434569,0.8053466605675694,-0.5667392231089906,-0.20679364850592954,0.2641879973352024,-0.6219264562554473,-0.30946906371886795,-2.0403055142116995,-0.41463016124217866,-0.1626726528326515,0.0692820323027559,-4.0551750201988135,0.2875384771712885,1.4665900916296082,0.5405377599750526,-0.7266226911401854,1.4482439726069483,-0.5755115693951635,1.7870803265351975,-0.5951284714867237
0.4289870345227608,-0.9373369516178799,1.0487043111417491,-0.20679364850592954,-0.8166378042539427,0.4416049372450914,0.23568261093877343,-0.07773708545436095,-0.22009318607588202,0.07039501228389924,0.0692820323027559,0.2465984809580359,-0.6949878935156028,-0.0842897748412993,0.5405377599750526,1.37623007400284,-0.690491394346993,-0.5755115693951635,-0.5595719370593745,1.6803094590682988
-0.546386656261218,1.3112870641052805,-0.22363617158670962,-0.20679364850592954,-0.24015720750891598,-0.5599322704334317,-0.30946906371886795,-0.07773708545436095,1.1416656400881946,-0.16072850604771888,0.0692820323027559,0.2465984809580359,-0.6504131768297429,0.813588042589226,-1.8500095165343355,-0.7266226911401854,1.4482439726069483,-0.5755115693951635,1.7870803265351975,-0.5951284714867237
-0.17583372898620866,-0.8811213512248008,0.30531436617680696,-0.20679364850592954,0.5603753934256678,-0.16832857218733915,0.23568261093877343,0.4129050217349737,0.16898076425671127,-0.09019016146896162,0.0692820323027559,0.2465984809580359,-0.7589667685459226,-0.5740413116215859,0.5405377599750526,-0.7266226911401854,1.4482439726069483,-0.5755115693951635,-0.5595719370593745,-0.5951284714867237
1.4463288591743326,-1.443277355155591,1.005816429701464,-0.20679364850592954,-1.134255057652569,1.467546682039247,2.416289309569339,-0.07773708545436095,0.9471286649218978,0.055149493453586294,0.0692820323027559,0.2465984809580359,-0.26720699091482264,1.3033395793695126,0.5405377599750526,1.37623007400284,-0.690491394346993,-0.5755115693951635,-0.5595719370593745,1.6803094590682988
1.1841051068293882,1.0864246625329645,-0.38089173686775507,-0.20679364850592954,-1.04571010763103,1.2031062673346011,0.23568261093877343,-0.07773708545436095,-0.41463016124217866,-0.13287278630370788,0.0692820323027559,0.2465984809580359,-0.37481186900682706,-1.6351696413122068,0.5405377599750526,-0.7266226911401854,-0.690491394346993,-0.5755115693951635,-0.5595719370593745,-0.5951284714867237
1.0546034366093864,-1.330846154369433,-1.2386493656734576,-0.20679364850592954,-1.2107082145339683,1.0725098775274982,-0.8546207383765094,-1.0590212998330302,-0.22009318607588202,-0.13351506724083298,0.0692820323027559,0.2465984809580359,-0.225508062402244,0.16058599354884398,0.5405377599750526,-0.7266226911401854,-0.690491394346993,-0.5755115693951635,-0.5595719370593745,1.6803094590682988
-0.60188737206979,0.8615622609606484,0.19094668233604659,-0.20679364850592954,2.4092556908378304,-0.5979837847908118,1.3259859602540562,-0.5683791926436955,1.1416656400881946,-0.21894602990943393,0.0692820323027559,0.2465984809580359,-0.8201884446059828,-1.227043360661968,0.5405377599750526,1.37623007400284,-0.690491394346993,-0.5755115693951635,-0.5595719370593745,-0.5951284714867237
-0.4225720964265394,0.2994062570298583,-0.7525867093502262,-0.20679364850592954,1.3881555528208671,-0.4171526990102895,-1.399772413034151,-0.5683791926436955,-0.41463016124217866,-0.20099316206158516,0.0692820323027559,0.2465984809580359,-0.6514063614050514,1.4665900916296082,0.5405377599750526,-0.7266226911401854,1.4482439726069483,-0.5755115693951635,-0.5595719370593745,-0.5951284714867237
0.44334184929053344,0.2431906566367793,0.6198254967388979,-0.20679364850592954,0.804926525298731,0.40068219365947594,-1.399772413034151,-1.5496634070223647,1.3362026152544912,-0.12689886103721884,0.0692820323027559,0.2465984809580359,-0.8026817135098735,0.5687122741990828,-1.8500095165343355,1.37623007400284,-0.690491394346993,1.7375845303178776,-0.5595719370593745,-0.5951284714867237
-0.7257019319044686,-0.3751809476870898,-0.38089173686775507,-0.20679364850592954,1.0337731972516597,-0.7228449892254332,0.23568261093877343,-0.5683791926436955,1.3362026152544912,-0.21828977004716918,0.0692820323027559,0.2465984809580359,-0.8637996240172897,-0.16591503097134708,0.5405377599750526,1.37623007400284,-0.690491394346993,-0.5755115693951635,-0.5595719370593745,-0.5951284714867237
-0.9842598962299581,0.1307594558506213,1.1058881530621294,-0.20679364850592954,0.6889494092877194,-0.983588627816492,0.23568261093877343,0.4129050217349737,-1.7763889874062553,-0.23838210394339698,0.0692820323027559,0.2465984809580359,1.4175749927670565,-0.5740413116215859,0.5405377599750526,-0.7266226911401854,-0.690491394346993,1.7375845303178776,-0.5595719370593745,-0.5951284714867237
0.16806515082023937,-0.8249057508317219,-0.8526584327108915,-0.20679364850592954,0.31861645042656817,0.1784773963004107,-0.30946906371886795,-0.5683791926436955,0.5580547145893046,-0.12057150871527843,0.0692820323027559,0.2465984809580359,-0.5668670833008083,1.7114658600197514,0.5405377599750526,-0.7266226911401854,1.4482439726069483,1.7375845303178776,-0.5595719370593745,-0.5951284714867237
1.633797943683287,0.9177778613537274,-1.2672412866336478,-0.20679364850592954,1.6664103786776312,1.6566005034742908,-1.399772413034151,-0.07773708545436095,1.3362026152544912,0.07770532060200708,0.0692820323027559,0.2465984809580359,-0.26720699091482264,-0.002664518711251552,0.5405377599750526,1.37623007400284,-0.690491394346993,-0.5755115693951635,-0.5595719370593745,-0.5951284714867237
-0.7682524806910405,-1.162199353190196,-1.038505918952127,-0.20679364850592954,-1.0082809311552545,-0.765755231590624,-0.8546207383765094,2.3754734504923123,-0.6091671364084753,-0.23002251012140834,0.0692820323027559,0.2465984809580359,-0.9501622111179949,1.3033395793695126,0.5405377599750526,1.37623007400284,-0.690491394346993,-0.5755115693951635,-0.5595719370593745,1.6803094590682988
-0.845165509697364,-0.9373369516178799,0.4339780104976623,-0.20679364850592954,-0.983702489882698,-0.8499221884421635,0.7808342855964149,0.9035471289243083,-0.803704111574772,-0.22693850953778177,0.0692820323027559,0.2465984809580359,-0.20364317809507965,-0.3291655432314426,-1.8500095165343355,-0.7266226911401854,1.4482439726069483,-0.5755115693951635,-0.5595719370593745,1.6803094590682988
-0.1630206007686742,0.9739934617468065,-0.4523715392682303,-0.20679364850592954,-0.9160694704911373,-0.1554071304445201,0.23568261093877343,0.4129050217349737,0.16898076425671127,-0.14006093860332675,0.0692820323027559,0.2465984809580359,3.084138710134695,-0.24754028710139483,0.5405377599750526,-0.7266226911401854,-0.690491394346993,-0.5755115693951635,1.7870803265351975,-0.5951284714867237
-0.8482488827978403,0.4680530582090954,-0.46666749974832533,-0.20679364850592954,-1.2636469874271958,-0.8529148604546375,1.3259859602540562,0.4129050217349737,0.16898076425671127,-0.2217025112282295,0.0692820323027559,0.2465984809580359,-0.26720699091482264,-0.3291655432314426,-1.8500095165343355,-0.7266226911401854,-0.690491394346993,-0.5755115693951635,-0.5595719370593745,-0.5951284714867237
2.769164438680866,-0.6000433492594058,-1.1957614842331725,-0.20679364850592954,-0.6353532109162786,2.8015646194021686,0.23568261093877343,0.9035471289243083,0.3635177394230079,2.4478884888120374,0.0692820323027559,0.2465984809580359,-0.8868504003546733,0.6503375303291306,0.5405377599750526,-0.7266226911401854,-0.690491394346993,1.7375845303178776,-0.5595719370593745,-0.5951284714867237
-0.9295471535470634,0.018328255064463266,0.8199689434602284,-0.20679364850592954,0.9588379244964186,-0.9318216458502022,0.23568261093877343,0.9035471289243083,-1.387315037073662,-0.23601165398645377,0.0692820323027559,0.2465984809580359,-0.8662010553784835,0.8952132987192738,-1.8500095165343355,-0.7266226911401854,1.4482439726069483,1.7375845303178776,-0.5595719370593745,-0.5951284714867237
0.057988731133238214,1.9858742688222286,1.5633588884251706,-0.20679364850592954,0.5017778869742793,0.0674704649643736,-0.8546207383765094,1.394189236113643,0.16898076425671127,-0.14448359087404358,0.0692820323027559,0.2465984809580359,-1.034983138579415,0.07896073741879621,0.5405377599750526,-0.7266226911401854,-0.690491394346993,-0.5755115693951635,1.7870803265351975,-0.5951284714867237
1.3969263701644803,0.8053466605675694,0.062283038015191215,-0.20679364850592954,-0.02848159973315304,1.4177265777795007,-1.9449240876917921,-0.07773708545436095,3.6706463172500507,-0.012317850999367141,0.0692820323027559,0.2465984809580359,2.6583590003349094,1.7114658600197514,0.5405377599750526,-0.7266226911401854,1.4482439726069483,-0.5755115693951635,-0.5595719370593745,-0.5951284714867237
-0.779866519369501,-0.9373369516178799,-1.2672412866336478,-0.20679364850592954,-1.2692236731947537,-0.777467447501896,-0.8546207383765094,-0.07773708545436095,0.7525916897556012,-0.22222254864417215,0.0692820323027559,0.2465984809580359,-0.375152812965515,-1.4719191290521112,0.5405377599750526,1.37623007400284,-0.690491394346993,-0.5755115693951635,-0.5595719370593745,1.6803094590682988
-0.6650280012273198,-0.7124745500455638,-1.2386493656734576,-0.20679364850592954,0.3538175165887767,-0.6616581621491424,0.23568261093877343,-1.0590212998330302,-0.9982410867410686,-0.19888386098772842,0.0692820323027559,0.2465984809580359,-0.26720699091482264,-1.4719191290521112,0.5405377599750526,-0.7266226911401854,-0.690491394346993,1.7375845303178776,-0.5595719370593745,-0.5951284714867237
0.6689077214409274,-1.105983752797117,-1.1671695632729824,-0.20679364850592954,-1.1631897238074618,0.6835537514829587,-0.30946906371886795,0.9035471289243083,-0.6091671364084753,0.3375849221657342,0.0692820323027559,0.2465984809580359,-0.4580466658778292,-0.4107907993614904,0.5405377599750526,-0.7266226911401854,-0.690491394346993,-0.5755115693951635,-0.5595719370593745,1.6803094590682988
-0.1232108280714145,-1.387061754762512,0.4339780104976623,-0.20679364850592954,-1.1889937539521531,-0.11526083283715152,0.7808342855964149,1.8848313433029775,0.16898076425671127,-0.13483986939026898,0.0692820323027559,0.2465984809580359,0.8005553694440652,-1.227043360661968,0.5405377599750526,1.37623007400284,-0.690491394346993,-0.5755115693951635,-0.5595719370593745,1.6803094590682988
-0.2816276860336596,-0.9935525520109589,1.3775114021839352,-0.20679364850592954,-0.905539149365914,-0.275016839839279,-0.30946906371886795,-0.5683791926436955,0.7525916897556012,-0.14995751492694653,0.0692820323027559,0.2465984809580359,-0.6107747357196699,-0.8189170800117291,0.5405377599750526,-0.7266226911401854,-0.690491394346993,-0.5755115693951635,-0.5595719370593745,1.6803094590682988
-0.8136123249691574,0.9177778613537274,0.03369111705500113,-0.20679364850592954,0.5439683992984938,-0.8192971781811794,-0.8546207383765094,-1.0590212998330302,-0.22009318607588202,-0.21429977325693136,0.0692820323027559,0.2465984809580359,2.2952536843322027,-1.7167948974422544,-1.8500095165343355,1.37623007400284,-0.690491394346993,-0.5755115693951635,1.7870803265351975,-0.5951284714867237
3.190318944504801,-1.0497681524040379,1.9207579004275468,-0.20679364850592954,-0.8444007253992841,3.2262792807510334,-0.30946906371886795,-0.07773708545436095,-0.9982410867410686,0.26498216541819863,0.0692820323027559,0.2465984809580359,-0.26720699091482264,1.3033395793695126,0.5405377599750526,-0.7266226911401854,-0.690491394346993,-0.5755115693951635,-0.5595719370593745,1.6803094590682988
0.11554502900879443,0.9177778613537274,0.24813052425642676,6.431744946342572,2.0358715797636244,0.12551330487864143,1.3259859602540562,-0.07773708545436095,-0.22009318607588202,-0.2087530569542093,0.0692820323027559,0.2465984809580359,1.1421515687486736,1.0584638109793694,0.5405377599750526,1.37623007400284,-0.690491394346993,-0.5755115693951635,-0.5595719370593745,-0.5951284714867237
-0.6819522935788226,-1.387061754762512,0.677009338659278,-0.20679364850592954,1.0946013780100714,-0.6915100832485391,-0.8546207383765094,-0.07773708545436095,-0.9982410867410686,-0.22617833984955268,0.0692820323027559,0.2465984809580359,0.32931152393575586,-0.7372918238816814,-1.8500095165343355,-0.7266226911401854,1.4482439726069483,-0.5755115693951635,-0.5595719370593745,1.6803094590682988
-0.02101413964118593,0.6929154597814113,0.21953860329623667,-0.20679364850592954,0.5200360843769369,-0.012200242679853491,-0.8546207383765094,0.9035471289243083,-0.025556210909585365,-0.12139766969825232,0.0692820323027559,0.2465984809580359,-0.26720699091482264,0.24221124967889174,0.5405377599750526,-0.7266226911401854,-0.690491394346993,-0.5755115693951635,1.7870803265351975,-0.5951284714867237
-0.8786372376880893,1.8172274676429916,-0.8812503536710816,-0.20679364850592954,0.24440935181293,-0.8824093057331314,-0.30946906371886795,-0.07773708545436095,-0.025556210909585365,-0.22437939806734453,0.0692820323027559,0.2465984809580359,-0.09538605938645463,0.7319627864591783,-1.8500095165343355,1.37623007400284,-0.690491394346993,-0.5755115693951635,1.7870803265351975,-0.5951284714867237
0.6568140469468373,-0.09410294572169475,-1.1957614842331725,-0.20679364850592954,0.12330681288267792,0.6713578452390682,-0.8546207383765094,-1.5496634070223647,-0.803704111574772,0.11624999730697211,0.0692820323027559,0.2465984809580359,-0.9516445761557686,-0.002664518711251552,0.5405377599750526,1.37623007400284,-0.690491394346993,1.7375845303178776,-0.5595719370593745,-0.5951284714867237
-0.5868816229808057,-1.443277355155591,-0.9098422746312717,-0.20679364850592954,-1.0235341282270718,-0.5828511872417349,0.23568261093877343,0.9035471289243083,0.7525916897556012,-0.18548652704028218,0.0692820323027559,0.2465984809580359,0.9935296500614662,0.16058599354884398,0.5405377599750526,-0.7266226911401854,1.4482439726069483,-0.5755115693951635,-0.5595719370593745,1.6803094590682988
0.2126027622715626,-1.105983752797117,2.4211165172308733,-0.20679364850592954,-1.2550165854531268,0.17673057139267068,1.3259859602540562,0.9035471289243083,-0.22009318607588202,-0.09885651843834792,0.0692820323027559,0.2465984809580359,-0.26720699091482264,-0.3291655432314426,-1.8500095165343355,-0.7266226911401854,1.4482439726069483,-0.5755115693951635,-0.5595719370593745,1.6803094590682988
-0.7051461112346271,0.35562185742293734,0.7770810620199433,-0.20679364850592954,1.0580131913879782,-0.7021154035417662,1.3259859602540562,-0.07773708545436095,0.5580547145893046,-0.21051158451749674,0.0692820323027559,0.2465984809580359,0.22327795278379173,0.6503375303291306,0.5405377599750526,1.37623007400284,-0.690491394346993,-0.5755115693951635,-0.5595719370593745,-0.5951284714867237
0.1926293565207,-0.15031854611477377,0.333906287136997,-0.20679364850592954,-1.1303500956185502,0.2032492511923929,-0.30946906371886795,-0.5683791926436955,-0.803704111574772,-0.050925394324076154,0.0692820323027559,0.2465984809580359,-0.5446316077342004,0.32383650580893947,0.5405377599750526,-0.7266226911401854,-0.690491394346993,-0.5755115693951635,-0.5595719370593745,-0.5951284714867237
-0.9218387207958729,-1.387061754762512,0.6198254967388979,-0.20679364850592954,-1.141436803323801,-0.9206397859570898,0.23568261093877343,-0.07773708545436095,-0.22009318607588202,-0.22861863596277404,0.0692820323027559,0.2465984809580359,0.030511203271679138,-0.8189170800117291,0.5405377599750526,-0.7266226911401854,-0.690491394346993,-0.5755115693951635,-0.5595719370593745,1.6803094590682988
-0.03273095742299544,1.3112870641052805,-0.8097705512706064,-0.20679364850592954,-0.8631127496437155,-0.024016106519543577,1.3259859602540562,-0.07773708545436095,-0.803704111574772,-0.07350617638864194,0.0692820323027559,0.2465984809580359,0.6717230240111395,-0.9005423361417769,0.5405377599750526,-0.7266226911401854,-0.690491394346993,-0.5755115693951635,1.7870803265351975,-0.5951284714867237
1.0471005620648945,-0.9373369516178799,-1.0242099584720321,-0.20679364850592954,-1.2810539390023459,1.06494357875296,-0.30946906371886795,1.394189236113643,-0.6091671364084753,0.08539463829265795,0.0692820323027559,-4.0551750201988135,-1.0991991920157786,-0.8189170800117291,0.5405377599750526,1.37623007400284,-0.690491394346993,-0.5755115693951635,-0.5595719370593745,1.6803094590682988
1.0005416282477033,0.9739934617468065,1.2917356393033648,-0.20679364850592954,-0.788403108312633,1.017991067179454,1.3259859602540562,0.4129050217349737,-0.41463016124217866,0.007842214206251398,0.0692820323027559,0.2465984809580359,-0.5035256252367312,-1.3086686167920156,0.5405377599750526,-0.7266226911401854,1.4482439726069483,-0.5755115693951635,1.7870803265351975,-0.5951284714867237
1.0094491505379681,0.41183745781601633,0.2910184056967119,-0.20679364850592954,1.2057812622642547,1.0269738876423764,-0.8546207383765094,-0.5683791926436955,-0.9982410867410686,-0.023753505944673167,0.0692820323027559,0.2465984809580359,-0.5655922493683226,1.5482153477596559,0.5405377599750526,-0.7266226911401854,-0.690491394346993,-0.5755115693951635,-0.5595719370593745,-0.5951284714867237
1.9990748769863707,-0.9373369516178799,-1.4816806938350733,-0.20679364850592954,1.2403003061670748,2.0249652410730548,1.3259859602540562,-0.07773708545436095,-0.6091671364084753,0.05331412980192462,0.0692820323027559,0.2465984809580359,-0.5022507913042457,0.813588042589226,0.5405377599750526,1.37623007400284,-0.690491394346993,-0.5755115693951635,-0.5595719370593745,1.6803094590682988
-0.11649592665259967,1.4799338652845175,-1.4816806938350733,-0.20679364850592954,0.4825556280320348,-0.10848916818048701,-0.30946906371886795,-1.0590212998330302,0.16898076425671127,-0.13288580753864865,0.0692820323027559,0.2465984809580359,-0.26720699091482264,-0.9821675922718247,0.5405377599750526,1.37623007400284,-0.690491394346993,-0.5755115693951635,1.7870803265351975,-0.5951284714867237
1.5935770545726304,1.0864246625329645,1.7777982956265963,-0.20679364850592954,-1.258203629319368,1.616039614153249,-0.30946906371886795,-1.5496634070223647,-0.41463016124217866,0.11032082195222825,0.0692820323027559,0.2465984809580359,1.0145644099474773,-0.0842897748412993,0.5405377599750526,-0.7266226911401854,-0.690491394346993,-0.5755115693951635,-0.5595719370593745,-0.5951284714867237
0.4075404616238929,-0.6562589496524849,-0.666810946469656,-0.20679364850592954,-1.0746575937532046,0.41997706951513214,1.3259859602540562,0.4129050217349737,0.9471286649218978,-0.14283542030599253,0.0692820323027559,0.2465984809580359,-1.0357539683990575,0.5687122741990828,0.5405377599750526,-0.7266226911401854,1.4482439726069483,1.7375845303178776,-0.5595719370593745,-0.5951284714867237
-0.4020505354578143,0.7491310601744904,0.34820224761709206,-0.20679364850592954,0.8504579210965675,-0.39645766263609516,-0.8546207383765094,-0.5683791926436955,-0.803704111574772,-0.19597035058878712,0.0692820323027559,0.2465984809580359,0.1591063702985613,0.813588042589226,0.5405377599750526,1.37623007400284,-0.690491394346993,1.7375845303178776,-0.5595719370593745,-0.5951284714867237
2.895754034305972,0.9177778613537274,-1.0242099584720321,-0.20679364850592954,-0.6786667523743738,2.7809537566475546,0.7808342855964149,1.8848313433029775,1.3362026152544912,0.10092355201970979,0.0692820323027559,0.2465984809580359,-0.8644815119346657,0.6503375303291306,-1.8500095165343355,1.37623007400284,-0.690491394346993,-0.5755115693951635,1.7870803265351975,-0.5951284714867237
-0.07425371517607526,0.9739934617468065,-0.18074829014642452,-0.20679364850592954,-0.8555848648558763,-0.10168768150116132,2.416289309569339,0.4129050217349737,0.5580547145893046,-0.1808887955804182,0.0692820323027559,0.2465984809580359,0.30987771829054045,0.40546176193898725,-1.8500095165343355,1.37623007400284,-0.690491394346993,-0.5755115693951635,1.7870803265351975,-0.5951284714867237
0.6475639276454087,0.1869750562437003,0.14805880089576146,-0.20679364850592954,-0.7967899309083489,0.5988968366190046,1.3259859602540562,1.8848313433029775,0.3635177394230079,-0.12482733315007685,0.0692820323027559,0.2465984809580359,0.41345056347979997,1.0584638109793694,-1.8500095165343355,-0.7266226911401854,-0.690491394346993,1.7375845303178776,-0.5595719370593745,-0.5951284714867237
1.4980610078601004,0.1869750562437003,2.435412477710968,-0.20679364850592954,0.28914847363275487,1.4243755333930859,0.23568261093877343,0.4129050217349737,-1.387315037073662,-0.06426814221620468,0.0692820323027559,0.2465984809580359,-0.8861536887869197,-1.3902938729220635,-1.8500095165343355,1.37623007400284,-0.690491394346993,1.7375845303178776,-0.5595719370593745,-0.5951284714867237
-0.7059683440614207,-0.03788734532861574,-0.7239947883900362,-0.20679364850592954,2.4516256827039893,-0.7029445869691128,-0.8546207383765094,-0.5683791926436955,-0.9982410867410686,-0.20380970408757543,0.0692820323027559,0.2465984809580359,-0.26720699091482264,0.32383650580893947,0.5405377599750526,1.37623007400284,-0.690491394346993,-0.5755115693951635,-0.5595719370593745,-0.5951284714867237
-1.0133121227766675,1.9858742688222286,-0.8526584327108915,-0.20679364850592954,0.11719681647619946,-1.0128864422494082,1.8711376349116977,-0.5683791926436955,0.7525916897556012,-0.23912092377584848,0.0692820323027559,0.2465984809580359,-0.4372342607474843,1.3033395793695126,0.5405377599750526,-0.7266226911401854,1.4482439726069483,-0.5755115693951635,1.7870803265351975,-0.5951284714867237
0.7425318191400765,-1.105983752797117,0.5769376152986128,-0.20679364850592954,-0.902875160164768,0.7578002175399599,-1.9449240876917921,0.4129050217349737,-0.6091671364084753,1.0983826555727925,0.0692820323027559,0.2465984809580359,-0.03360108461204038,0.7319627864591783,0.5405377599750526,1.37623007400284,-0.690491394346993,-0.5755115693951635,-0.5595719370593745,1.6803094590682988
-0.443984409624291,-0.7124745500455638,-1.5531604962355485,-0.20679364850592954,-0.41427031114917323,-0.460542307708045,0.7808342855964149,-0.5683791926436955,-0.41463016124217866,-0.14068842805452794,0.0692820323027559,0.2465984809580359,0.6714413746539623,1.5482153477596559,-1.8500095165343355,1.37623007400284,-0.690491394346993,1.7375845303178776,-0.5595719370593745,-0.5951284714867237
0.42929537183280836,-0.2627497469009318,-0.12356444822604433,-0.20679364850592954,0.6415437342732923,0.44191588103034635,-1.9449240876917921,0.4129050217349737,-1.387315037073662,-0.0672175176443703,0.0692820323027559,0.2465984809580359,-0.26720699091482264,1.5482153477596559,0.5405377599750526,-0.7266226911401854,-0.690491394346993,1.7375845303178776,-0.5595719370593745,-0.5951284714867237
-0.5871214408886205,0.07454385545754227,-0.6096271045492758,4.772110297630447,0.26129837670989753,-0.5830930324080443,-1.399772413034151,2.3754734504923123,-0.6091671364084753,-0.20524665995310315,0.0692820323027559,0.2465984809580359,0.30909206482052043,-1.6351696413122068,0.5405377599750526,-0.7266226911401854,-0.690491394346993,1.7375845303178776,-0.5595719370593745,-0.5951284714867237
-0.8149141936115807,-0.9935525520109589,-0.9098422746312717,-0.20679364850592954,-1.105946005901025,-0.8128113910925482,-0.8546207383765094,-1.0590212998330302,0.7525916897556012,-0.2150856471910185,0.0692820323027559,0.2465984809580359,-0.7154741783376375,-0.5740413116215859,0.5405377599750526,-0.7266226911401854,-0.690491394346993,-0.5755115693951635,-0.5595719370593745,1.6803094590682988
-0.36213798365720545,-1.105983752797117,-1.5102726147952634,-0.20679364850592954,-1.2088544472650284,-0.35620771710030835,-0.30946906371886795,-0.5683791926436955,-1.1927780619073654,-0.12656862677427663,0.0692820323027559,0.2465984809580359,-0.3314526916519417,1.140089067109417,0.5405377599750526,1.37623007400284,-0.690491394346993,-0.5755115693951635,-0.5595719370593745,1.6803094590682988
-0.3477831688894327,0.9177778613537274,-0.3094119344672799,-0.20679364850592954,-0.22575525626460646,-0.3417315564312141,-1.399772413034151,-0.07773708545436095,0.7525916897556012,-0.12243553657077487,0.0692820323027559,0.2465984809580359,0.1597437872648041,1.3033395793695126,0.5405377599750526,-0.7266226911401854,1.4482439726069483,-0.5755115693951635,1.7870803265351975,-0.5951284714867237
-0.14619908752052058,-0.9373369516178799,0.7056012596194681,-0.20679364850592954,-0.5956625922120039,-0.171516695125555,0.23568261093877343,-0.07773708545436095,0.5580547145893046,-0.0860571837128572,0.0692820323027559,-4.0551750201988135,-0.5883020817470181,1.140089067109417,-1.8500095165343355,-0.7266226911401854,-0.690491394346993,1.7375845303178776,-0.5595719370593745,-0.5951284714867237
1.7913240494165057,0.4680530582090954,1.7635023351465013,-0.20679364850592954,0.13013729145039016,1.709011893690614,-0.8546207383765094,-1.5496634070223647,-1.1927780619073654,0.08395847247883385,0.0692820323027559,0.2465984809580359,-0.26720699091482264,-0.6556665677516337,-1.8500095165343355,-0.7266226911401854,1.4482439726069483,1.7375845303178776,-0.5595719370593745,-0.5951284714867237
-0.728716785602712,-0.4313965480801688,-0.7096988279099411,-0.20679364850592954,-0.09709662861849529,-0.7258853284590377,0.23568261093877343,0.4129050217349737,0.16898076425671127,-0.2289576099045344,0.0692820323027559,0.2465984809580359,-0.05297559565574469,1.3849648354995603,0.5405377599750526,-0.7266226911401854,-0.690491394346993,1.7375845303178776,-0.5595719370593745,-0.5951284714867237
-0.9209479685668462,-0.2627497469009318,-0.9813220770317469,-0.20679364850592954,-1.1368113591285482,-0.9234754161265248,-0.30946906371886795,0.9035471289243083,0.3635177394230079,-0.23380794752521702,0.0692820323027559,0.2465984809580359,0.5425793819202809,1.5482153477596559,-1.8500095165343355,-0.7266226911401854,1.4482439726069483,-0.5755115693951635,-0.5595719370593745,-0.5951284714867237
0.43145373300314166,0.2994062570298583,-0.5524432626288956,-0.20679364850592954,0.08694425768474338,0.38914378045582604,-0.30946906371886795,0.9035471289243083,0.9471286649218978,-0.07614471077952346,0.0692820323027559,0.2465984809580359,-1.0349683149290372,-0.24754028710139483,-1.8500095165343355,1.37623007400284,-0.690491394346993,-0.5755115693951635,-0.5595719370593745,-0.5951284714867237
-0.7821961790454163,-1.105983752797117,0.13376284041566644,-0.20679364850592954,-1.129583461575102,-0.7798168005460447,-0.30946906371886795,-0.5683791926436955,1.1416656400881946,-0.2167189550830294,0.0692820323027559,0.2465984809580359,0.6286603196638089,-0.0842897748412993,0.5405377599750526,-0.7266226911401854,1.4482439726069483,-0.5755115693951635,-0.5595719370593745,1.6803094590682988
0.17991900740651476,1.6485806664637546,0.8342649039403235,-0.20679364850592954,-0.12185711342645264,0.1450082480604463,-1.9449240876917921,-1.0590212998330302,-0.41463016124217866,-0.10264127791264298,0.0692820323027559,0.2465984809580359,-0.26720699091482264,0.9768385548493216,-1.8500095165343355,-0.7266226911401854,1.4482439726069483,-0.5755115693951635,1.7870803265351975,-0.5951284714867237
-0.7959685788942101,-1.0497681524040379,-0.681106906949751,-0.20679364850592954,0.5810847685725947,-0.7937056229541019,0.23568261093877343,1.394189236113643,3.6706463172500507,-0.21887332586926694,0.0692820323027559,0.2465984809580359,4.663465245029342,1.0584638109793694,0.5405377599750526,1.37623007400284,-0.690491394346993,-0.5755115693951635,-0.5595719370593745,1.6803094590682988
0.10996069772682084,-1.0497681524040379,-0.7668826698303213,-0.20679364850592954,-0.8826914036763926,0.07710784528853591,-1.399772413034151,1.394189236113643,0.7525916897556012,-0.11074240877900624,0.0692820323027559,0.2465984809580359,-0.26720699091482264,1.140089067109417,-1.8500095165343355,-0.7266226911401854,1.4482439726069483,-0.5755115693951635,-0.5595719370593745,1.6803094590682988
-0.708195224633987,-1.49949295554867,0.8056729829801335,-0.20679364850592954,-0.30917478336690474,-0.7051902920848434,0.23568261093877343,-0.07773708545436095,0.16898076425671127,-0.20802029384496268,0.0692820323027559,0.2465984809580359,-0.20345047064016902,-1.7167948974422544,0.5405377599750526,1.37623007400284,-0.690491394346993,-0.5755115693951635,-0.5595719370593745,1.6803094590682988
-0.0662026854137208,-0.8811213512248008,0.04798707753509617,-0.20679364850592954,0.4025564682005053,-0.05777078187444825,0.23568261093877343,-1.0590212998330302,-1.387315037073662,-0.08062993683115122,0.0692820323027559,0.2465984809580359,-0.05395395658067535,1.5482153477596559,0.5405377599750526,1.37623007400284,-0.690491394346993,-0.5755115693951635,-0.5595719370593745,-0.5951284714867237
-0.7917203759557762,-0.7124745500455638,0.34820224761709206,-0.20679364850592954,0.43739857527882486,-0.798049206892614,0.7808342855964149,-0.5683791926436955,-0.803704111574772,-0.20682619175371858,0.0692820323027559,0.2465984809580359,-0.5876350174800199,-0.002664518711251552,-1.8500095165343355,-0.7266226911401854,1.4482439726069483,1.7375845303178776,-0.5595719370593745,-0.5951284714867237
-0.5143538357173816,1.1426402629260435,1.2202558369028897,-0.20679364850592954,0.600930077924732,-0.5288417334149518,0.7808342855964149,-0.07773708545436095,0.16898076425671127,-0.14782539294145497,0.0692820323027559,-4.0551750201988135,2.3370267310966697,-1.7167948974422544,-1.8500095165343355,-0.7266226911401854,1.4482439726069483,-0.5755115693951635,-0.5595719370593745,-0.5951284714867237
-0.8848725032912745,-1.105983752797117,0.8342649039403235,-0.20679364850592954,-0.9942969108443299,-0.8833610810359618,-1.9449240876917921,-1.0590212998330302,-0.41463016124217866,-0.21535578734197539,0.0692820323027559,0.2465984809580359,-0.7152814708827269,0.8952132987192738,0.5405377599750526,-0.7266226911401854,1.4482439726069483,-0.5755115693951635,-0.5595719370593745,1.6803094590682988
-0.12173766092340917,1.0302090621398854,-0.02349272486537904,-0.20679364850592954,2.1725273030000865,-0.11377521252982202,-1.399772413034151,-0.07773708545436095,-0.22009318607588202,-0.13351648033720645,0.0692820323027559,0.2465984809580359,-0.26720699091482264,0.5687122741990828,0.5405377599750526,1.37623007400284,-0.690491394346993,-0.5755115693951635,-0.5595719370593745,-0.5951284714867237
-0.07048514805327111,0.07454385545754227,1.5347669674649806,-0.20679364850592954,0.8902382795718143,-0.09802997126369319,-0.30946906371886795,-1.5496634070223647,0.5580547145893046,-0.11300058119368876,0.0692820323027559,0.2465984809580359,0.24500942423755634,-0.9005423361417769,-1.8500095165343355,-0.7266226911401854,-0.690491394346993,-0.5755115693951635,-0.5595719370593745,-0.5951284714867237
-0.9563039801189738,1.3112870641052805,1.33462352074365,-0.20679364850592954,0.324934130303011,-0.955396391286705,1.3259859602540562,1.8848313433029775,-0.41463016124217866,-0.23321097682515324,0.0692820323027559,0.2465984809580359,-0.9502808003210167,-1.3086686167920156,0.5405377599750526,1.37623007400284,-0.690491394346993,-0.5755115693951635,1.7870803265351975,-0.5951284714867237
-0.6513241207807587,-1.387061754762512,-0.23793213206680466,-0.20679364850592954,-0.95762924042509,-0.6478384383600311,-0.8546207383765094,-1.0590212998330302,0.16898076425671127,-0.19723504321372107,0.0692820323027559,0.2465984809580359,-0.26720699091482264,-0.0842897748412993,0.5405377599750526,1.37623007400284,-0.690491394346993,-0.5755115693951635,-0.5595719370593745,1.6803094590682988
0.34522206529315674,-1.274630553976354,-0.9098422746312717,-0.20679364850592954,-0.8334524733406762,0.35713187558414816,-0.30946906371886795,-2.0403055142116995,-1.970925962572552,0.20914287242208698,0.0692820323027559,0.2465984809580359,1.8878701246511904,-1.0637928484018724,0.5405377599750526,-0.7266226911401854,-0.690491394346993,-0.5755115693951635,-0.5595719370593745,1.6803094590682988
4.682397447526362,-1.49949295554867,-0.7811786303104162,-0.20679364850592954,-0.9040622891350574,4.73097080690948,0.7808342855964149,-0.07773708545436095,0.5580547145893046,0.5586235111714947,0.0692820323027559,0.2465984809580359,0.8215308347285655,1.140089067109417,0.5405377599750526,1.37623007400284,-0.690491394346993,-0.5755115693951635,-0.5595719370593745,1.6803094590682988
-0.5759527783246734,-0.7686901504386429,0.8485608644204186,-0.20679364850592954,0.6326389849993939,-0.5718299575199187,2.416289309569339,1.394189236113643,1.1416656400881946,-0.18816654545668057,0.0692820323027559,0.2465984809580359,-0.26720699091482264,1.4665900916296082,0.5405377599750526,-0.7266226911401854,-0.690491394346993,1.7375845303178776,-0.5595719370593745,-0.5951284714867237
-0.9812450425317147,0.4680530582090954,0.34820224761709206,-0.20679364850592954,0.6033068998587671,-0.9805482885828876,-0.30946906371886795,-0.5683791926436955,-0.803704111574772,-0.23103946233378783,0.0692820323027559,0.2465984809580359,-0.6514953033073178,0.24221124967889174,0.5405377599750526,-0.7266226911401854,-0.690491394346993,1.7375845303178776,-0.5595719370593745,-0.5951284714867237
-0.6188116644212929,-1.49949295554867,2.564076122031824,-0.20679364850592954,-1.1242093312905956,-0.6150511436703644,-0.30946906371886795,-0.07773708545436095,-1.1927780619073654,-0.03930407384871391,0.0692820323027559,0.2465984809580359,1.7820144373037594,0.5687122741990828,0.5405377599750526,-0.7266226911401854,-0.690491394346993,-0.5755115693951635,-0.5595719370593745,1.6803094590682988
0.3177800446989184,1.0864246625329645,-0.8383624722307964,-0.20679364850592954,0.5080750549030713,0.27881393892928436,0.23568261093877343,1.8848313433029775,0.7525916897556012,0.3111756657603811,0.0692820323027559,0.2465984809580359,0.5239460533954634,0.6503375303291306,-1.8500095165343355,-0.7266226911401854,-0.690491394346993,-0.5755115693951635,-0.5595719370593745,-0.5951284714867237
-0.6728734727829759,1.0864246625329645,-0.6382190255094659,-0.20679364850592954,2.3781416302450418,-0.6826983267673657,-1.399772413034151,-1.5496634070223647,0.16898076425671127,-0.16558352684069053,0.0692820323027559,0.2465984809580359,0.26628136252961127,-0.9005423361417769,-1.8500095165343355,-0.7266226911401854,1.4482439726069483,-0.5755115693951635,-0.5595719370593745,-0.5951284714867237
3.0674636563013817,-1.218414953583275,-0.666810946469656,-0.20679364850592954,-1.227935686567174,3.1023854569816502,-0.30946906371886795,-0.07773708545436095,1.1416656400881946,0.7265912217467647,0.0692820323027559,0.2465984809580359,-0.9932842100668364,-0.16591503097134708,0.5405377599750526,1.37623007400284,-0.690491394346993,-0.5755115693951635,-0.5595719370593745,1.6803094590682988
0.7649034039690872,0.35562185742293734,-0.7668826698303213,-0.20679364850592954,1.0477597815560407,0.7127846326492656,1.3259859602540562,-1.5496634070223647,-0.6091671364084753,-0.034900430927749464,0.0692820323027559,0.2465984809580359,-0.26720699091482264,1.0584638109793694,-1.8500095165343355,-0.7266226911401854,1.4482439726069483,1.7375845303178776,-0.5595719370593745,-0.5951284714867237
0.2974297822357753,0.8615622609606484,-0.7811786303104162,-0.20679364850592954,0.6967029254997175,0.30893558886962225,-1.399772413034151,-0.5683791926436955,-0.6091671364084753,-0.15179683118764778,0.0692820323027559,0.2465984809580359,-0.5018505527440468,-0.3291655432314426,0.5405377599750526,-0.7266226911401854,-0.690491394346993,1.7375845303178776,-0.5595719370593745,-0.5951284714867237
-0.756124546495834,0.5804842589952534,0.17665072185595154,-0.20679364850592954,0.5794515047409007,-0.7535247760372604,0.7808342855964149,0.9035471289243083,-0.025556210909585365,-0.22088290466801327,0.0692820323027559,0.2465984809580359,-0.608106478651677,-1.227043360661968,0.5405377599750526,-0.7266226911401854,-0.690491394346993,-0.5755115693951635,-0.5595719370593745,-0.5951284714867237
0.17327262538993268,-1.330846154369433,0.8771527853806086,-0.20679364850592954,-0.8272629931370508,0.18372889134027318,0.7808342855964149,-0.5683791926436955,-2.1654629377388486,-0.11222280429327249,0.0692820323027559,0.2465984809580359,-1.0997921380308882,-0.7372918238816814,0.5405377599750526,-0.7266226911401854,-0.690491394346993,-0.5755115693951635,-0.5595719370593745,1.6803094590682988
-0.1582585023134942,0.6929154597814113,0.8342649039403235,-0.20679364850592954,-0.6544934220679202,-0.15060477642780384,-0.30946906371886795,0.4129050217349737,-1.5818520122399586,-0.14962350186654752,0.0692820323027559,0.2465984809580359,0.09453454925313211,1.5482153477596559,0.5405377599750526,-0.7266226911401854,-0.690491394346993,-0.5755115693951635,1.7870803265351975,-0.5951284714867237
-0.29632509781259625,0.6929154597814113,0.23383456377633172,-0.20679364850592954,0.4988164745321969,-0.28983849360310093,-0.8546207383765094,-0.5683791926436955,1.1416656400881946,-0.16039640525745397,0.0692820323027559,0.2465984809580359,0.4157630529387271,0.24221124967889174,0.5405377599750526,1.37623007400284,-0.690491394346993,-0.5755115693951635,1.7870803265351975,-0.5951284714867237
0.5458811347319261,-0.9373369516178799,1.0487043111417491,-0.20679364850592954,0.5565037633065817,0.5002051640298617,-0.8546207383765094,1.8848313433029775,-1.970925962572552,-0.055594154226032894,0.0692820323027559,0.2465984809580359,-0.8443361710713191,1.6298406038897038,-1.8500095165343355,1.37623007400284,-0.690491394346993,1.7375845303178776,-0.5595719370593745,-0.5951284714867237
0.22695757703933525,1.5923650660706756,-0.02349272486537904,3.1124756489183216,0.07726261839357164,0.23786765928411682,0.23568261093877343,-1.0590212998330302,-0.025556210909585365,-0.10388310730479924,0.0692820323027559,0.2465984809580359,-0.607706240091478,-1.0637928484018724,0.5405377599750526,-0.7266226911401854,1.4482439726069483,-0.5755115693951635,1.7870803265351975,-0.5951284714867237
0.20044056837523988,-1.0497681524040379,0.9629285482611789,-0.20679364850592954,-1.0886595620183235,0.16492614289902335,1.8711376349116977,-0.07773708545436095,-0.41463016124217866,-0.10899948366883941,0.0692820323027559,0.2465984809580359,-0.9731240455531119,-0.6556665677516337,-1.8500095165343355,1.37623007400284,-0.690491394346993,-0.5755115693951635,-0.5595719370593745,1.6803094590682988
-0.19782845710293911,1.4237182648914386,-0.995618037511842,-0.20679364850592954,-0.9324405687099224,-0.19050922886886298,-0.30946906371886795,1.394189236113643,0.3635177394230079,-0.14267154102738233,0.0692820323027559,0.2465984809580359,-0.26720699091482264,1.5482153477596559,0.5405377599750526,-0.7266226911401854,-0.690491394346993,-0.5755115693951635,1.7870803265351975,-0.5951284714867237
0.15100381966427107,0.4680530582090954,-0.33800385542746997,6.431744946342572,-0.9415017215846581,0.16127184018296717,-0.30946906371886795,-1.0590212998330302,-0.6091671364084753,-0.0683224057961092,0.0692820323027559,0.2465984809580359,-0.2669846361591566,0.6503375303291306,0.5405377599750526,1.37623007400284,-0.690491394346993,-0.5755115693951635,1.7870803265351975,-0.5951284714867237
-0.1673030634082245,-1.330846154369433,-0.03778868534547408,-0.20679364850592954,0.27292865102789443,-0.1597257941286174,-0.8546207383765094,-1.5496634070223647,1.1416656400881946,-0.13750659690809897,0.0692820323027559,0.2465984809580359,-0.7991833320207273,0.8952132987192738,0.5405377599750526,1.37623007400284,-0.690491394346993,-0.5755115693951635,-0.5595719370593745,1.6803094590682988
2.4774430836746983,-0.9373369516178799,-0.46666749974832533,-0.20679364850592954,-1.0242366624341115,2.50737724924146,-0.8546207383765094,2.3754734504923123,-0.22009318607588202,0.20692706314358336,0.0692820323027559,0.2465984809580359,1.5877949700546283,-0.6556665677516337,0.5405377599750526,-0.7266226911401854,-0.690491394346993,-0.5755115693951635,-0.5595719370593745,1.6803094590682988
-0.8691130407777294,-0.9935525520109589,-0.4809634602284204,-0.20679364850592954,-0.8480723640287752,-0.8674683986784838,1.3259859602540562,0.9035471289243083,-0.41463016124217866,-0.23000061913581807,0.0692820323027559,0.2465984809580359,-0.5859747686377131,-1.7167948974422544,0.5405377599750526,-0.7266226911401854,1.4482439726069483,-0.5755115693951635,-0.5595719370593745,1.6803094590682988
-0.8406089694488825,-0.9373369516178799,-0.33800385542746997,-0.20679364850592954,-1.2843794385152296,-0.8454996842459519,0.23568261093877343,-0.5683791926436955,-0.803704111574772,-0.22478082413542377,0.0692820323027559,0.2465984809580359,-0.5665854339436311,1.3033395793695126,-1.8500095165343355,1.37623007400284,-0.690491394346993,-0.5755115693951635,-0.5595719370593745,1.6803094590682988
0.5808260298706566,0.5242686586021743,-1.0670978399123172,-0.20679364850592954,-0.30754151953521064,0.5341221135045671,-1.399772413034151,-0.5683791926436955,0.3635177394230079,-0.06650921249655052,0.0692820323027559,0.2465984809580359,-0.7377541248553785,-0.24754028710139483,-1.8500095165343355,1.37623007400284,-0.690491394346993,-0.5755115693951635,1.7870803265351975,-0.5951284714867237
0.9749496315137507,0.6929154597814113,0.21953860329623667,-0.20679364850592954,0.5631880942472821,0.9921827330032885,1.3259859602540562,1.394189236113643,-0.6091671364084753,-0.03628931066903541,0.0692820323027559,-4.0551750201988135,0.3932014570638091,1.5482153477596559,0.5405377599750526,1.37623007400284,-0.690491394346993,1.7375845303178776,-0.5595719370593745,-0.5951284714867237
0.31044846866000814,0.4680530582090954,1.677726572265931,-0.20679364850592954,1.1820489388322932,0.271698029921846,-0.8546207383765094,0.4129050217349737,1.3362026152544912,-0.11550948934090349,0.0692820323027559,0.2465984809580359,-0.8431947499922332,-1.0637928484018724,-1.8500095165343355,1.37623007400284,-0.690491394346993,-0.5755115693951635,-0.5595719370593745,-0.5951284714867237
-0.8805557809506078,-1.0497681524040379,-0.8097705512706064,-0.20679364850592954,-0.9326251762387796,-0.8790078680423917,0.7808342855964149,-0.5683791926436955,0.3635177394230079,-0.22481564252842925,0.0692820323027559,0.2465984809580359,-0.26720699091482264,-1.0637928484018724,0.5405377599750526,1.37623007400284,-0.690491394346993,-0.5755115693951635,-0.5595719370593745,1.6803094590682988
-0.8018612474862313,-1.0497681524040379,0.23383456377633172,-0.20679364850592954,-0.1826904221717771,-0.7996481041834197,1.3259859602540562,-1.0590212998330302,-0.9982410867410686,-0.05109621702022043,0.0692820323027559,0.2465984809580359,0.9932183534035337,-0.9821675922718247,0.5405377599750526,-0.7266226911401854,-0.690491394346993,1.7375845303178776,-0.5595719370593745,-0.5951284714867237
-0.860136999085232,-0.15031854611477377,-1.2243534051933627,-0.20679364850592954,-0.16568088958236116,-0.8584164795966157,0.7808342855964149,-0.07773708545436095,-1.5818520122399586,-0.13284806988620246,0.0692820323027559,0.2465984809580359,-0.4389982751424351,1.3033395793695126,0.5405377599750526,-0.7266226911401854,-0.690491394346993,1.7375845303178776,-0.5595719370593745,-0.5951284714867237
0.34059700564244233,-1.274630553976354,-0.2808200135070898,-0.20679364850592954,-1.1268194766291584,0.352467718805323,0.7808342855964149,-0.5683791926436955,0.16898076425671127,0.7198614014555641,0.0692820323027559,0.2465984809580359,-0.11771047685532907,-0.0842897748412993,0.5405377599750526,-0.7266226911401854,-0.690491394346993,-0.5755115693951635,-0.5595719370593745,1.6803094590682988
0.02852538817313219,1.5361494656775965,-0.4523715392682303,-0.20679364850592954,-0.9406863716655391,0.03775805881778426,0.7808342855964149,1.394189236113643,0.16898076425671127,0.03015930970961251,0.0692820323027559,0.2465984809580359,1.4820430482598412,-0.7372918238816814,0.5405377599750526,-0.7266226911401854,-0.690491394346993,-0.5755115693951635,1.7870803265351975,-0.5951284714867237
-0.8570878856858721,1.0864246625329645,-1.3101291680739329,-0.20679364850592954,0.8048931933837986,-0.8553415910535384,-0.8546207383765094,-0.5683791926436955,-0.9982410867410686,-0.2077623094739495,0.0692820323027559,0.2465984809580359,-0.8223378739107551,1.221714323239465,0.5405377599750526,-0.7266226911401854,-0.690491394346993,-0.5755115693951635,-0.5595719370593745,-0.5951284714867237
-0.32712456911624205,-0.9935525520109589,-1.4530887728748834,-0.20679364850592954,-1.119909514264299,-0.3208983228191287,0.7808342855964149,-0.5683791926436955,1.1416656400881946,-0.15822813672514183,0.0692820323027559,0.2465984809580359,-0.26720699091482264,0.07896073741879621,0.5405377599750526,-0.7266226911401854,-0.690491394346993,-0.5755115693951635,-0.5595719370593745,1.6803094590682988
-0.692881138234955,-1.330846154369433,0.1623547613758565,-0.20679364850592954,-0.8908346468937554,-0.6897467507505115,-0.8546207383765094,-0.5683791926436955,-0.41463016124217866,-0.18417275852900106,0.0692820323027559,0.2465984809580359,1.4192055943086077,-1.227043360661968,0.5405377599750526,-0.7266226911401854,1.4482439726069483,-0.5755115693951635,-0.5595719370593745,1.6803094590682988
-0.7712673343892839,-0.8811213512248008,-0.681106906949751,-0.20679364850592954,-0.9765592041133111,-0.7687955708242284,-0.30946906371886795,0.4129050217349737,-0.803704111574772,-0.18228971254621737,0.0692820323027559,0.2465984809580359,0.6732350363496686,-1.3902938729220635,0.5405377599750526,-0.7266226911401854,1.4482439726069483,-0.5755115693951635,-0.5595719370593745,-0.5951284714867237
1.1661187637432768,0.7491310601744904,-0.42377961830804023,-0.20679364850592954,0.7268221566314431,1.1849678798613923,-0.30946906371886795,-1.5496634070223647,1.5307395904207879,0.3875671378563734,0.0692820323027559,0.2465984809580359,-0.9724866285868691,0.48708701806903504,0.5405377599750526,1.37623007400284,-0.690491394346993,-0.5755115693951635,1.7870803265351975,-0.5951284714867237
-0.7686635971044372,-1.0497681524040379,-1.5102726147952634,-0.20679364850592954,-1.109327913269949,-0.7661698233042972,0.23568261093877343,0.4129050217349737,-1.7763889874062553,-0.2113530454036591,0.0692820323027559,0.2465984809580359,-0.26720699091482264,0.8952132987192738,0.5405377599750526,1.37623007400284,-0.690491394346993,-0.5755115693951635,-0.5595719370593745,1.6803094590682988
-0.7491698271692042,0.8053466605675694,-0.35229981590756504,-0.20679364850592954,0.13090648948729472,-0.7567503331204726,-1.399772413034151,0.9035471289243083,-1.387315037073662,-0.11049395851092518,0.0692820323027559,0.2465984809580359,-0.5216994205998386,-0.3291655432314426,-1.8500095165343355,-0.7266226911401854,1.4482439726069483,1.7375845303178776,-0.5595719370593745,-0.5951284714867237
1.7684385690707485,0.5242686586021743,-0.9241382351113667,-0.20679364850592954,2.518148492928951,1.6867996169758066,0.7808342855964149,1.8848313433029775,-0.9982410867410686,1.0591903282600887,0.0692820323027559,0.2465984809580359,0.030333319467146232,-1.6351696413122068,-1.8500095165343355,-0.7266226911401854,-0.690491394346993,-0.5755115693951635,-0.5595719370593745,-0.5951284714867237
-0.4331583440715078,0.35562185742293734,-1.1099857213526023,-0.20679364850592954,0.25952665723156076,-0.42782843563737805,-1.9449240876917921,2.3754734504923123,0.16898076425671127,-0.17689902374906427,0.0692820323027559,0.2465984809580359,0.00907620482546902,0.48708701806903504,0.5405377599750526,-0.7266226911401854,1.4482439726069483,-0.5755115693951635,1.7870803265351975,-0.5951284714867237
-0.29605102020366497,1.5923650660706756,-0.42377961830804023,-0.20679364850592954,-0.26797140852338436,-0.2895620991273187,0.7808342855964149,-1.0590212998330302,0.16898076425671127,-0.15120716748640942,0.0692820323027559,0.2465984809580359,-0.7160226534016139,1.7114658600197514,0.5405377599750526,-0.7266226911401854,-0.690491394346993,-0.5755115693951635,1.7870803265351975,-0.5951284714867237
-0.8362237277059831,0.6366998593883324,0.648417417699088,-0.20679364850592954,0.16901768822245883,-0.8343010615846164,0.7808342855964149,1.394189236113643,-0.025556210909585365,-0.21740918942177936,0.0692820323027559,-4.0551750201988135,-0.8857682738770983,0.48708701806903504,0.5405377599750526,-0.7266226911401854,1.4482439726069483,-0.5755115693951635,1.7870803265351975,-0.5951284714867237
0.5970993879009477,-0.6000433492594058,0.30531436617680696,-0.20679364850592954,2.491954735778895,0.5499167713481798,0.23568261093877343,-0.07773708545436095,0.16898076425671127,0.004059192976285339,0.0692820323027559,0.2465984809580359,-1.0128810758662068,1.3849648354995603,-1.8500095165343355,-0.7266226911401854,1.4482439726069483,-0.5755115693951635,-0.5595719370593745,-0.5951284714867237
-0.7767146268667919,1.6485806664637546,0.8056729829801335,-0.20679364850592954,-0.8511568481567624,-0.7834848697652405,2.416289309569339,-0.5683791926436955,-0.22009318607588202,-0.20933900641148817,0.0692820323027559,0.2465984809580359,-0.3549481775006573,0.6503375303291306,-1.8500095165343355,1.37623007400284,-0.690491394346993,-0.5755115693951635,1.7870803265351975,-0.5951284714867237
-0.3116391842116282,0.8053466605675694,0.11946687993557138,-0.20679364850592954,0.6441333676642041,-0.3320901745504105,-0.30946906371886795,-0.5683791926436955,-1.5818520122399586,-0.138170258188195,0.0692820323027559,0.2465984809580359,-1.0359614995043456,0.5687122741990828,-1.8500095165343355,-0.7266226911401854,1.4482439726069483,-0.5755115693951635,1.7870803265351975,-0.5951284714867237
-0.7730488388473369,0.8053466605675694,-0.9527301560715568,-0.20679364850592954,1.064830849988409,-0.7799269152615214,0.23568261093877343,-0.5683791926436955,0.5580547145893046,-0.21299439063485665,0.0692820323027559,0.2465984809580359,-0.26720699091482264,0.6503375303291306,-1.8500095165343355,-0.7266226911401854,1.4482439726069483,1.7375845303178776,-0.5595719370593745,-0.5951284714867237
1.4143645580327289,1.2550714637122016,-0.06638060630566417,-0.20679364850592954,0.1310834050357829,1.4353121763011447,-0.8546207383765094,-0.5683791926436955,0.5580547145893046,0.9590998214562098,0.0692820323027559,0.2465984809580359,-0.6085215408622536,1.221714323239465,0.5405377599750526,-0.7266226911401854,1.4482439726069483,-0.5755115693951635,1.7870803265351975,-0.5951284714867237
-0.8179290473098241,1.4799338652845175,-0.06638060630566417,-0.20679364850592954,-0.8524003849830915,-0.823486918998643,-0.30946906371886795,0.9035471289243083,-1.1927780619073654,-0.22324596225057944,0.0692820323027559,0.2465984809580359,0.3517545306076521,0.32383650580893947,-1.8500095165343355,-0.7266226911401854,1.4482439726069483,-0.5755115693951635,1.7870803265351975,-0.5951284714867237
-0.9273202729744972,0.9739934617468065,-1.0956897608725071,-0.20679364850592954,-0.8818504138227102,-0.9261676754727342,-0.30946906371886795,1.8848313433029775,-0.41463016124217866,-0.22986521546117814,0.0692820323027559,0.2465984809580359,-1.0349683149290372,-0.4107907993614904,0.5405377599750526,-0.7266226911401854,-0.690491394346993,-0.5755115693951635,1.7870803265351975,-0.5951284714867237
1.5165269867618414,-0.20653414650785276,0.04798707753509617,-0.20679364850592954,2.3973331212658096,1.5383382171489701,-0.8546207383765094,1.394189236113643,-1.387315037073662,0.17319121990825417,0.0692820323027559,0.2465984809580359,0.22249229931377149,0.7319627864591783,0.5405377599750526,-0.7266226911401854,1.4482439726069483,-0.5755115693951635,-0.5595719370593745,-0.5951284714867237
-0.7461549734709608,1.5923650660706756,-0.6239230650293708,-0.20679364850592954,0.3226214082053845,-0.7434709269806818,-0.8546207383765094,-0.5683791926436955,1.1416656400881946,-0.20864486220985204,0.0692820323027559,0.2465984809580359,-0.26720699091482264,-0.6556665677516337,0.5405377599750526,-0.7266226911401854,-0.690491394346993,-0.5755115693951635,1.7870803265351975,-0.5951284714867237
-0.42531287251585165,-0.7686901504386429,0.5912335757787078,-0.20679364850592954,1.0161918941214783,-0.41991664376811183,-0.8546207383765094,-0.5683791926436955,1.5307395904207879,0.02275882445364151,0.0692820323027559,0.2465984809580359,-1.036628563771344,0.7319627864591783,0.5405377599750526,-0.7266226911401854,-0.690491394346993,1.7375845303178776,-0.5595719370593745,-0.5951284714867237
0.014170573405359557,1.2550714637122016,0.6198254967388979,-0.20679364850592954,-1.0572788461060745,0.0232818981486901,-0.30946906371886795,-1.5496634070223647,-0.41463016124217866,-0.11716433006348839,0.0692820323027559,0.2465984809580359,-0.26720699091482264,1.5482153477596559,0.5405377599750526,-0.7266226911401854,1.4482439726069483,-0.5755115693951635,-0.5595719370593745,-0.5951284714867237
1.5069685301503652,0.4680530582090954,-0.6382190255094659,4.772110297630447,-1.1487057247725492,1.4330210303180109,1.3259859602540562,-1.0590212998330302,-0.6091671364084753,0.05103027160184315,0.0692820323027559,0.2465984809580359,-0.26720699091482264,-1.7167948974422544,-1.8500095165343355,1.37623007400284,-0.690491394346993,-0.5755115693951635,-0.5595719370593745,-0.5951284714867237
-0.5465579547668,-0.03788734532861574,0.5626416548185177,-0.20679364850592954,-1.0368361262786077,-0.5421866499922747,-1.399772413034151,-1.5496634070223647,-0.22009318607588202,-0.21877463894319713,0.0692820323027559,0.2465984809580359,3.2341392283070314,-1.3086686167920156,0.5405377599750526,1.37623007400284,-0.690491394346993,1.7375845303178776,-0.5595719370593745,-0.5951284714867237
1.1554639966960756,-0.9935525520109589,-1.0670978399123172,-0.20679364850592954,-1.1604129188942363,1.174223044615358,-0.8546207383765094,-1.0590212998330302,0.7525916897556012,-0.0651935536147884,0.0692820323027559,0.2465984809580359,-0.7591446523504554,-1.227043360661968,0.5405377599750526,-0.7266226911401854,-0.690491394346993,-0.5755115693951635,-0.5595719370593745,1.6803094590682988
-0.8472553514654646,0.7491310601744904,-0.7954745907905113,-0.20679364850592954,0.6385874498181223,-0.8519505550283959,0.7808342855964149,-1.0590212998330302,1.3362026152544912,-0.22939263157493067,0.0692820323027559,0.2465984809580359,-0.26762205312539933,0.9768385548493216,-1.8500095165343355,-0.7266226911401854,1.4482439726069483,-0.5755115693951635,-0.5595719370593745,-0.5951284714867237
0.4069237870037976,-0.5438277488663268,-0.7525867093502262,-0.20679364850592954,0.7237145965623487,0.4193551819446221,0.7808342855964149,-0.07773708545436095,1.1416656400881946,-0.11177599402628363,0.0692820323027559,0.2465984809580359,-0.6089217794224525,-1.0637928484018724,0.5405377599750526,-0.7266226911401854,1.4482439726069483,1.7375845303178776,-0.5595719370593745,-0.5951284714867237
-1.0053296124165458,0.8615622609606484,-0.009196764385283997,-0.20679364850592954,0.23154323264897317,-1.0053748735345636,1.8711376349116977,1.8848313433029775,0.7525916897556012,-0.2402625601096157,0.0692820323027559,0.2465984809580359,-0.9288309782244291,0.6503375303291306,-1.8500095165343355,1.37623007400284,-0.690491394346993,-0.5755115693951635,1.7870803265351975,-0.5951284714867237
-0.5413847398982232,-1.443277355155591,2.049421544748402,3.1124756489183216,-1.241619719643706,-0.5369697042618852,-1.399772413034151,-1.0590212998330302,-0.025556210909585365,-0.19014162982092223,0.0692820323027559,0.2465984809580359,-0.47960025352706115,-0.6556665677516337,0.5405377599750526,-0.7266226911401854,-0.690491394346993,-0.5755115693951635,-0.5595719370593745,1.6803094590682988
-0.2370558148812199,1.2550714637122016,-0.052084645825569126,-0.20679364850592954,1.1497272373215641,-0.23006818821519426,2.416289309569339,-1.5496634070223647,0.7525916897556012,-0.1473912819054784,0.0692820323027559,0.2465984809580359,-0.26720699091482264,0.6503375303291306,0.5405377599750526,-0.7266226911401854,-0.690491394346993,-0.5755115693951635,-0.5595719370593745,-0.5951284714867237
-0.011798280040873669,-0.3751809476870898,0.23383456377633172,-0.20679364850592954,0.31994972702386937,-0.0029064784316760973,1.3259859602540562,0.4129050217349737,-0.803704111574772,-0.08493776493438909,0.0692820323027559,0.2465984809580359,-0.5022507913042457,-0.5740413116215859,0.5405377599750526,-0.7266226911401854,1.4482439726069483,1.7375845303178776,-0.5595719370593745,-0.5951284714867237
-0.335038560074131,-1.387061754762512,0.6198254967388979,-0.20679364850592954,-1.2684134512625478,-0.3288792133073406,-0.8546207383765094,-1.5496634070223647,0.9471286649218978,-0.14855237590206144,0.0692820323027559,0.2465984809580359,2.5716109983243833,-0.8189170800117291,0.5405377599750526,-0.7266226911401854,-0.690491394346993,-0.5755115693951635,-0.5595719370593745,1.6803094590682988
3.2202961829816528,0.8615622609606484,0.5626416548185177,-0.20679364850592954,1.1014574965123474,3.0959491119160694,-0.30946906371886795,-2.0403055142116995,0.7525916897556012,0.3834347938576886,0.0692820323027559,0.2465984809580359,1.2922113815225214,-1.553544385182159,-1.8500095165343355,1.37623007400284,-0.690491394346993,1.7375845303178776,-0.5595719370593745,-0.5951284714867237
2.2887749096266696,0.4680530582090954,-1.2529453261535526,-0.20679364850592954,-1.114950750919721,2.317114201974869,0.23568261093877343,-0.07773708545436095,0.7525916897556012,-0.0018929249960747913,0.0692820323027559,0.2465984809580359,-0.3531841631057065,0.9768385548493216,0.5405377599750526,-0.7266226911401854,-0.690491394346993,1.7375845303178776,-0.5595719370593745,-0.5951284714867237
-0.847289611166581,0.8615622609606484,-0.7811786303104162,-0.20679364850592954,0.1576335572762716,-0.8454604885443238,-0.8546207383765094,-0.07773708545436095,0.16898076425671127,-0.22081313738202638,0.0692820323027559,0.2465984809580359,-0.26720699091482264,0.5687122741990828,0.5405377599750526,1.37623007400284,-0.690491394346993,1.7375845303178776,-0.5595719370593745,-0.5951284714867237
-0.9020023538494758,-1.162199353190196,1.8778700189872617,-0.20679364850592954,-0.930612441375546,-0.900635735772351,0.7808342855964149,-0.5683791926436955,0.16898076425671127,-0.15856377639269298,0.0692820323027559,0.2465984809580359,0.7150377304148915,0.7319627864591783,0.5405377599750526,-0.7266226911401854,-0.690491394346993,-0.5755115693951635,-0.5595719370593745,1.6803094590682988
-0.5927057721705942,-0.9935525520109589,0.7341931805796582,-0.20679364850592954,-1.2781540624032155,-0.5887245698521072,1.8711376349116977,-1.0590212998330302,0.9471286649218978,0.11665328888894833,0.0692820323027559,0.2465984809580359,-0.9499250327119511,-1.3086686167920156,0.5405377599750526,1.37623007400284,-0.690491394346993,-0.5755115693951635,-0.5595719370593745,1.6803094590682988
-0.2902268710138766,-0.31896534729401077,0.03369111705500113,-0.20679364850592954,0.4929064696153136,-0.28368871651694644,2.416289309569339,-0.07773708545436095,0.5580547145893046,0.1297037887069697,0.0692820323027559,0.2465984809580359,-0.7999838091411251,-0.5740413116215859,0.5405377599750526,-0.7266226911401854,1.4482439726069483,-0.5755115693951635,-0.5595719370593745,-0.5951284714867237
-0.9938868722436672,1.1426402629260435,2.2352690309896377,-0.20679364850592954,-0.3793769242017265,-0.99426873517716,0.7808342855964149,0.9035471289243083,-0.41463016124217866,-0.23290721350004961,0.0692820323027559,0.2465984809580359,2.186640798014512,-0.4924160554915381,-1.8500095165343355,-0.7266226911401854,1.4482439726069483,-0.5755115693951635,1.7870803265351975,-0.5951284714867237
0.1741976373200755,-1.162199353190196,0.39109012905737717,-0.20679364850592954,-1.0490227871766322,0.18466172269603812,0.23568261093877343,-0.07773708545436095,-0.9982410867410686,0.2516419475917848,0.0692820323027559,0.2465984809580359,-0.7369388240846031,-1.4719191290521112,0.5405377599750526,-0.7266226911401854,1.4482439726069483,-0.5755115693951635,-0.5595719370593745,1.6803094590682988
0.2538514424157113,1.2550714637122016,0.333906287136997,-0.20679364850592954,-0.4179265658179261,0.264988867220248,-0.30946906371886795,-1.0590212998330302,-0.803704111574772,0.10702312955047151,0.0692820323027559,0.2465984809580359,-0.11932625474650252,1.3033395793695126,0.5405377599750526,1.37623007400284,-0.690491394346993,-0.5755115693951635,1.7870803265351975,-0.5951284714867237
-0.5538210114034773,1.4799338652845175,1.9779417423479269,-0.20679364850592954,-0.10360917199762038,-0.5495111036005037,0.23568261093877343,-0.5683791926436955,-0.803704111574772,-0.18550370475165867,0.0692820323027559,0.2465984809580359,-0.26720699091482264,-0.4924160554915381,0.5405377599750526,1.37623007400284,-0.690491394346993,-0.5755115693951635,1.7870803265351975,-0.5951284714867237
-0.6284729001361183,-1.443277355155591,-0.9670261165516518,-0.20679364850592954,-0.8978856288987138,-0.6247940489416879,-0.30946906371886795,1.8848313433029775,1.1416656400881946,-0.13943296527273488,0.0692820323027559,0.2465984809580359,-0.3741448047398288,-1.6351696413122068,0.5405377599750526,-0.7266226911401854,-0.690491394346993,-0.5755115693951635,-0.5595719370593745,1.6803094590682988
0.13174986763685287,-0.9373369516178799,0.6341214572189929,-0.20679364850592954,-0.8920781837200844,0.14185512825926566,0.7808342855964149,-0.07773708545436095,0.7525916897556012,0.08524416524668318,0.0692820323027559,0.2465984809580359,0.22401913530267858,1.140089067109417,0.5405377599750526,1.37623007400284,-0.690491394346993,-0.5755115693951635,-0.5595719370593745,1.6803094590682988
-0.17535409317057907,0.5242686586021743,-1.3816089704744081,-0.20679364850592954,-0.9442426305894946,-0.16784488185472032,1.3259859602540562,-0.07773708545436095,0.16898076425671127,-0.08818303744576643,0.0692820323027559,0.2465984809580359,-0.4169406833803601,-0.8189170800117291,0.5405377599750526,-0.7266226911401854,-0.690491394346993,-0.5755115693951635,1.7870803265351975,-0.5951284714867237
-0.26072926835265403,-1.218414953583275,1.0915921925820342,-0.20679364850592954,-1.1299654966000978,-0.28267783443333955,2.416289309569339,0.4129050217349737,0.16898076425671127,-0.11214136189004699,0.0692820323027559,0.2465984809580359,1.249074558923302,0.5687122741990828,-1.8500095165343355,1.37623007400284,-0.690491394346993,-0.5755115693951635,-0.5595719370593745,1.6803094590682988
0.07724268316065643,0.8615622609606484,-0.33800385542746997,-0.20679364850592954,-0.522627238607917,0.08688717688807511,0.23568261093877343,-1.0590212998330302,-0.22009318607588202,-0.1095756462586195,0.0692820323027559,0.2465984809580359,-0.26720699091482264,0.32383650580893947,0.5405377599750526,-0.7266226911401854,1.4482439726069483,-0.5755115693951635,1.7870803265351975,-0.5951284714867237
1.2272380705349386,0.5804842589952534,0.6341214572189929,1.452841000206196,-0.14725346861158453,1.2466038479608288,-0.8546207383765094,-0.5683791926436955,-0.41463016124217866,0.007553295044289258,0.0692820323027559,0.2465984809580359,0.9065444696448964,0.6503375303291306,0.5405377599750526,-0.7266226911401854,-0.690491394346993,-0.5755115693951635,1.7870803265351975,-0.5951284714867237
0.04051628356387306,-0.9935525520109589,-1.1099857213526023,-0.20679364850592954,0.8846180059154984,0.049850317133256716,-0.30946906371886795,-0.5683791926436955,-0.803704111574772,-0.16443553833144056,0.0692820323027559,0.2465984809580359,2.443534659060721,-0.5740413116215859,0.5405377599750526,1.37623007400284,-0.690491394346993,1.7375845303178776,-0.5595719370593745,-0.5951284714867237
1.4792866916483118,1.3112870641052805,-0.42377961830804023,-0.20679364850592954,1.0290195533835895,1.5007831177520599,1.3259859602540562,-1.0590212998330302,-0.6091671364084753,-0.034539533981854546,0.0692820323027559,0.2465984809580359,-0.5230780200849684,-0.0842897748412993,0.5405377599750526,-0.7266226911401854,-0.690491394346993,-0.5755115693951635,-0.5595719370593745,-0.5951284714867237
0.6499963664246732,0.41183745781601633,0.6341214572189929,-0.20679364850592954,0.66501196637925,0.664482532653985,-0.30946906371886795,-1.0590212998330302,1.1416656400881946,-0.04066330739398168,0.0692820323027559,0.2465984809580359,-0.26720699091482264,-0.24754028710139483,0.5405377599750526,1.37623007400284,-0.690491394346993,-0.5755115693951635,-0.5595719370593745,-0.5951284714867237
2.66093804285415,1.2550714637122016,-0.5810351835890857,-0.20679364850592954,-0.7955310101212819,2.692423350777661,-0.8546207383765094,-0.5683791926436955,-0.6091671364084753,0.2012883348082941,0.0692820323027559,0.2465984809580359,-0.26720699091482264,0.8952132987192738,0.5405377599750526,1.37623007400284,-0.690491394346993,-0.5755115693951635,1.7870803265351975,-0.5951284714867237
-0.18141806026818236,-0.8249057508317219,-0.23793213206680466,-0.20679364850592954,1.0372012565027975,-0.17396010963140213,0.7808342855964149,0.4129050217349737,-2.1654629377388486,-0.21384847162484016,0.0692820323027559,0.2465984809580359,-0.09488205527361157,1.5482153477596559,0.5405377599750526,1.37623007400284,-0.690491394346993,-0.5755115693951635,-0.5595719370593745,-0.5951284714867237
-0.16665212908701288,1.1426402629260435,-1.295833207593838,-0.20679364850592954,-0.5267757800202889,-0.19136808614163262,-1.9449240876917921,1.394189236113643,1.1416656400881946,-0.19563565850670617,0.0692820323027559,0.2465984809580359,1.3527956406163386,1.3033395793695126,-1.8500095165343355,1.37623007400284,-0.690491394346993,-0.5755115693951635,1.7870803265351975,-0.5951284714867237
-0.7705478806658395,1.3675026644983594,-1.0813938003924122,-0.20679364850592954,0.28267182616201875,-0.7680700353253,2.416289309569339,-1.0590212998330302,-2.1654629377388486,-0.22462871635676898,0.0692820323027559,0.2465984809580359,-0.35134603045886686,1.4665900916296082,0.5405377599750526,-0.7266226911401854,1.4482439726069483,-0.5755115693951635,1.7870803265351975,-0.5951284714867237
-0.3187309423427235,-1.49949295554867,0.8485608644204186,-0.20679364850592954,-1.2177899644604029,-0.3389733201791007,-1.399772413034151,0.4129050217349737,1.3362026152544912,-0.18089162658617708,0.0692820323027559,0.2465984809580359,0.010024918449644439,1.221714323239465,-1.8500095165343355,1.37623007400284,-0.690491394346993,-0.5755115693951635,-0.5595719370593745,1.6803094590682988
-0.6808217234419813,-1.387061754762512,0.8485608644204186,-0.20679364850592954,-1.1745918027078435,-0.6775853938160934,0.7808342855964149,-1.0590212998330302,0.7525916897556012,-0.20078412347227192,0.0692820323027559,0.2465984809580359,-0.26720699091482264,-0.8189170800117291,0.5405377599750526,-0.7266226911401854,1.4482439726069483,-0.5755115693951635,-0.5595719370593745,1.6803094590682988
-0.9223183566115025,0.018328255064463266,2.006533663308117,-0.20679364850592954,0.9687580151790312,-0.9211234762897087,1.3259859602540562,-1.0590212998330302,0.5580547145893046,-0.20663522083298755,0.0692820323027559,0.2465984809580359,4.7265102300858635,1.5482153477596559,0.5405377599750526,1.37623007400284,-0.690491394346993,-0.5755115693951635,-0.5595719370593745,-0.5951284714867237
2.21011463586341,-0.5438277488663268,-1.295833207593838,-0.20679364850592954,0.006927149899019548,2.23778898742537,-0.8546207383765094,1.394189236113643,-0.025556210909585365,1.5600991577157008,0.0692820323027559,0.2465984809580359,-0.3743523358451172,-1.3902938729220635,0.5405377599750526,-0.7266226911401854,1.4482439726069483,1.7375845303178776,-0.5595719370593745,-0.5951284714867237
-0.05832295415694819,-1.105983752797117,-1.367313009994313,-0.20679364850592954,-1.236117389686382,-0.08622554277004567,-1.399772413034151,0.4129050217349737,-0.6091671364084753,-0.1302295560931964,0.0692820323027559,0.2465984809580359,-0.26720699091482264,1.6298406038897038,-1.8500095165343355,-0.7266226911401854,1.4482439726069483,-0.5755115693951635,-0.5595719370593745,1.6803094590682988
0.547148743673233,-0.9373369516178799,-1.4959766543151685,-0.20679364850592954,0.8215001790005679,0.5607655056167042,1.8711376349116977,0.9035471289243083,0.5580547145893046,-0.04334875746456683,0.0692820323027559,-4.0551750201988135,2.1027537605268893,1.6298406038897038,0.5405377599750526,-0.7266226911401854,1.4482439726069483,1.7375845303178776,-0.5595719370593745,-0.5951284714867237
1.5531848669563921,1.8734430680360705,-1.3244251285540278,-0.20679364850592954,0.005145174446857389,1.5753059782848433,0.7808342855964149,-1.0590212998330302,0.5580547145893046,0.005965652233175177,0.0692820323027559,0.2465984809580359,0.47957886781489173,-1.227043360661968,0.5405377599750526,1.37623007400284,-0.690491394346993,-0.5755115693951635,1.7870803265351975,-0.5951284714867237
-0.5968511960056788,0.8053466605675694,-1.1385776423127922,-0.20679364850592954,2.1609611285184984,-0.5929050362983135,-0.30946906371886795,0.4129050217349737,-0.41463016124217866,-0.21130825556117433,0.0692820323027559,0.2465984809580359,1.3540852981992022,1.0584638109793694,0.5405377599750526,-0.7266226911401854,1.4482439726069483,-0.5755115693951635,-0.5595719370593745,-0.5951284714867237
0.02263271958111087,-1.105983752797117,-0.2522280925468997,-0.20679364850592954,-1.2026829150155975,0.03181557758846627,1.8711376349116977,-0.5683791926436955,-0.803704111574772,-0.11614618508803885,0.0692820323027559,0.2465984809580359,-0.26720699091482264,-0.4107907993614904,0.5405377599750526,-0.7266226911401854,1.4482439726069483,-0.5755115693951635,-0.5595719370593745,1.6803094590682988
3.379295455862877,-0.15031854611477377,0.019395156574906088,-0.20679364850592954,1.5198320007651003,3.41685327180288,-0.8546207383765094,-1.0590212998330302,-0.025556210909585365,0.2716976558953825,0.0692820323027559,0.2465984809580359,0.22483443607345427,-1.1454181045319203,0.5405377599750526,-0.7266226911401854,-0.690491394346993,-0.5755115693951635,-0.5595719370593745,-0.5951284714867237
-0.9712412098057251,0.018328255064463266,-0.666810946469656,-0.20679364850592954,0.47046896287880785,-0.9704598902168361,0.23568261093877343,0.4129050217349737,-1.387315037073662,-0.23937967122085788,0.0692820323027559,0.2465984809580359,1.8455782501235027,-0.002664518711251552,0.5405377599750526,1.37623007400284,-0.690491394346993,1.7375845303178776,-0.5595719370593745,-0.5951284714867237
0.7092999090571659,0.8615622609606484,0.6913052991393731,-0.20679364850592954,-0.33540700041880617,0.7242873873513646,1.8711376349116977,0.9035471289243083,1.1416656400881946,-0.03352804847696481,0.0692820323027559,0.2465984809580359,-0.26720699091482264,0.8952132987192738,0.5405377599750526,-0.7266226911401854,1.4482439726069483,1.7375845303178776,-0.5595719370593745,-0.5951284714867237
1.0673480454246882,-0.31896534729401077,0.8199689434602284,-0.20679364850592954,1.0049744227499535,1.085362220651372,-0.8546207383765094,0.4129050217349737,-0.9982410867410686,-0.09475912119030866,0.0692820323027559,0.2465984809580359,-0.8872951098660055,1.5482153477596559,0.5405377599750526,-0.7266226911401854,-0.690491394346993,1.7375845303178776,-0.5595719370593745,-0.5951284714867237
-0.9366731713792751,-0.8811213512248008,-1.3101291680739329,-0.20679364850592954,-0.6046160573615729,-0.9355996369588028,0.23568261093877343,0.9035471289243083,-0.41463016124217866,-0.23156755131298942,0.0692820323027559,0.2465984809580359,-0.26720699091482264,1.221714323239465,0.5405377599750526,-0.7266226911401854,-0.690491394346993,1.7375845303178776,-0.5595719370593745,-0.5951284714867237
-0.8865854883470947,-1.105983752797117,0.3624982080971871,-0.20679364850592954,-0.8960395536101429,-0.8901237491430644,-0.30946906371886795,-1.0590212998330302,1.1416656400881946,-0.046451215876041264,0.0692820323027559,0.2465984809580359,0.5876136317678505,1.6298406038897038,-1.8500095165343355,-0.7266226911401854,1.4482439726069483,-0.5755115693951635,-0.5595719370593745,1.6803094590682988
0.09742164711821744,-1.49949295554867,0.24813052425642676,-0.20679364850592954,-1.2368865877232866,0.06493764577114153,-0.30946906371886795,-1.5496634070223647,0.9471286649218978,1.0170064008268982,0.0692820323027559,0.2465984809580359,-0.8668384723447262,0.48708701806903504,-1.8500095165343355,-0.7266226911401854,1.4482439726069483,-0.5755115693951635,-0.5595719370593745,1.6803094590682988
0.12496644681580511,0.8053466605675694,1.1487760345024145,-0.20679364850592954,0.5621522408909173,0.1350143649836555,-0.30946906371886795,0.4129050217349737,0.16898076425671127,0.07171581683662437,0.0692820323027559,-4.0551750201988135,0.9071225920096283,0.48708701806903504,0.5405377599750526,1.37623007400284,-0.690491394346993,1.7375845303178776,-0.5595719370593745,-0.5951284714867237
-0.003884289082984686,-1.218414953583275,0.23383456377633172,-0.20679364850592954,-1.1679792635839208,0.0050744120565357305,0.7808342855964149,0.4129050217349737,-0.025556210909585365,-0.04212757791087946,0.0692820323027559,0.2465984809580359,0.8201225879426802,-0.9821675922718247,0.5405377599750526,1.37623007400284,-0.690491394346993,-0.5755115693951635,-0.5595719370593745,1.6803094590682988
-0.13975826371063685,-1.0497681524040379,-0.5667392231089906,-0.20679364850592954,-1.0219880401728936,-0.13194814931250348,-1.9449240876917921,-0.07773708545436095,1.3362026152544912,-0.13568467571002613,0.0692820323027559,0.2465984809580359,-0.26720699091482264,-1.3086686167920156,0.5405377599750526,-0.7266226911401854,-0.690491394346993,-0.5755115693951635,-0.5595719370593745,1.6803094590682988
0.05096549240437586,0.2431906566367793,0.40538608953747224,4.772110297630447,1.1037907305576244,0.06038785652245418,-0.30946906371886795,1.394189236113643,0.16898076425671127,-0.09358191242502947,0.0692820323027559,0.2465984809580359,0.3308087126239073,0.32383650580893947,0.5405377599750526,-0.7266226911401854,-0.690491394346993,1.7375845303178776,-0.5595719370593745,-0.5951284714867237
-0.3804326640533643,0.1869750562437003,2.406820556750778,-0.20679364850592954,-1.2537038208034763,-0.37465704835877195,-1.9449240876917921,-0.5683791926436955,-0.025556210909585365,-0.1618442011641885,0.0692820323027559,0.2465984809580359,-0.03311190414957485,0.7319627864591783,0.5405377599750526,1.37623007400284,-0.690491394346993,1.7375845303178776,-0.5595719370593745,-0.5951284714867237
-0.35703328819086144,-1.49949295554867,2.363932675310493,-0.20679364850592954,-1.0339336856860213,-0.35105986998886435,-1.399772413034151,1.394189236113643,-2.1654629377388486,-0.14820555840713137,0.0692820323027559,0.2465984809580359,-0.4815125044257894,0.07896073741879621,0.5405377599750526,-0.7266226911401854,-0.690491394346993,-0.5755115693951635,-0.5595719370593745,1.6803094590682988
0.3836957096468766,-0.5438277488663268,-0.995618037511842,-0.20679364850592954,2.4226448646668826,0.39593075012207823,1.3259859602540562,-0.07773708545436095,0.5580547145893046,-0.0727039587873798,0.0692820323027559,0.2465984809580359,-0.26720699091482264,-1.7167948974422544,0.5405377599750526,-0.7266226911401854,1.4482439726069483,-0.5755115693951635,-0.5595719370593745,-0.5951284714867237
-1.007830570598043,-0.09410294572169475,0.5483456943384226,-0.20679364850592954,2.3244926311644054,-1.0078022630557923,1.3259859602540562,0.9035471289243083,-0.803704111574772,-0.24052346713006895,0.0692820323027559,0.2465984809580359,2.9345977251240685,1.140089067109417,-1.8500095165343355,-0.7266226911401854,1.4482439726069483,-0.5755115693951635,-0.5595719370593745,-0.5951284714867237
-0.9802857709004555,1.2550714637122016,-0.666810946469656,-0.20679364850592954,0.38830322857666394,-0.9795809079176497,1.3259859602540562,-1.5496634070223647,-0.803704111574772,-0.23479076446699185,0.0692820323027559,0.2465984809580359,-0.8005174605547237,-1.227043360661968,0.5405377599750526,-0.7266226911401854,1.4482439726069483,-0.5755115693951635,1.7870803265351975,-0.5951284714867237
-0.5481681607192709,-0.8249057508317219,-0.35229981590756504,-0.20679364850592954,1.426956465795789,-0.5438104675374953,-0.8546207383765094,-0.07773708545436095,1.3362026152544912,-0.1848235674198806,0.0692820323027559,0.2465984809580359,-0.26720699091482264,0.40546176193898725,0.5405377599750526,-0.7266226911401854,-0.690491394346993,-0.5755115693951635,-0.5595719370593745,-0.5951284714867237
-0.5289142086918527,-0.5438277488663268,0.21953860329623667,-0.20679364850592954,0.3231957427396065,-0.5243937556137938,0.23568261093877343,-0.5683791926436955,1.5307395904207879,-0.11497533260349473,0.0692820323027559,0.2465984809580359,-0.8859461576816313,-0.9821675922718247,0.5405377599750526,-0.7266226911401854,1.4482439726069483,1.7375845303178776,-0.5595719370593745,-0.5951284714867237
-0.9195433208210739,0.7491310601744904,-1.1242816818326973,-0.20679364850592954,1.7808337146540956,-0.9221120877652866,-0.8546207383765094,-1.0590212998330302,0.9471286649218978,-0.21625809372852012,0.0692820323027559,-4.0551750201988135,-0.8431651026914777,0.40546176193898725,-1.8500095165343355,1.37623007400284,-0.690491394346993,-0.5755115693951635,-0.5595719370593745,-0.5951284714867237
-0.616447745044261,-0.31896534729401077,0.0908749589753813,-0.20679364850592954,0.43071680833158077,-0.6279324289390914,-0.30946906371886795,-0.07773708545436095,1.3362026152544912,-0.10307880935365298,0.0692820323027559,0.2465984809580359,2.956447785780855,0.07896073741879621,-1.8500095165343355,1.37623007400284,-0.690491394346993,-0.5755115693951635,-0.5595719370593745,-0.5951284714867237
-0.8888466286207773,-1.0497681524040379,-0.16645232966632947,-0.20679364850592954,-1.233440580517954,-0.8873688009348042,-0.30946906371886795,0.9035471289243083,1.1416656400881946,-0.1981489543760402,0.0692820323027559,0.2465984809580359,-0.35474064639536906,0.16058599354884398,0.5405377599750526,-0.7266226911401854,1.4482439726069483,-0.5755115693951635,-0.5595719370593745,1.6803094590682988
-0.9346861087145238,-0.2627497469009318,-1.4673847333549783,-0.20679364850592954,-1.188686074737391,-0.936809432537659,0.23568261093877343,-0.07773708545436095,0.9471286649218978,-0.20920783570242446,0.0692820323027559,-4.0551750201988135,0.07484874155149517,0.40546176193898725,-1.8500095165343355,-0.7266226911401854,1.4482439726069483,1.7375845303178776,-0.5595719370593745,-0.5951284714867237
-0.2907065068295062,-0.9935525520109589,0.11946687993557138,-0.20679364850592954,0.6489895712705283,-0.28417240684956524,1.3259859602540562,-1.0590212998330302,-0.41463016124217866,0.07485011524646502,0.0692820323027559,0.2465984809580359,-0.18026628144938583,1.4665900916296082,0.5405377599750526,1.37623007400284,-0.690491394346993,1.7375845303178776,-0.5595719370593745,-0.5951284714867237
-0.6709206698193411,-0.7686901504386429,-1.338721089034123,-0.20679364850592954,0.23818141170745952,-0.6676006433784604,-0.30946906371886795,-0.07773708545436095,0.16898076425671127,-0.1995928526305516,0.0692820323027559,0.2465984809580359,-0.26720699091482264,0.7319627864591783,0.5405377599750526,1.37623007400284,-0.690491394346993,-0.5755115693951635,-0.5595719370593745,-0.5951284714867237
-0.5494015099594615,1.0864246625329645,-0.8097705512706064,-0.20679364850592954,2.2393116405575952,-0.5450542426785153,-0.8546207383765094,-0.5683791926436955,0.16898076425671127,-0.07755768443496158,0.0692820323027559,0.2465984809580359,-0.11852577762610456,-0.5740413116215859,0.5405377599750526,1.37623007400284,-0.690491394346993,-0.5755115693951635,-0.5595719370593745,-0.5951284714867237
-0.7888768207631148,0.8053466605675694,-1.1957614842331725,-0.20679364850592954,0.2081134604448606,-0.7865539158932366,-1.399772413034151,1.8848313433029775,-0.41463016124217866,-0.17302456066138194,0.0692820323027559,0.2465984809580359,-0.9705595540377631,-0.8189170800117291,0.5405377599750526,-0.7266226911401854,1.4482439726069483,1.7375845303178776,-0.5595719370593745,-0.5951284714867237
-0.9426000996724128,0.5242686586021743,-0.5953311440691808,-0.20679364850592954,0.3890083267771598,-0.9415766674975935,1.8711376349116977,2.3754734504923123,-0.22009318607588202,-0.2147916292189527,0.0692820323027559,0.2465984809580359,-0.3760867029393126,0.48708701806903504,0.5405377599750526,-0.7266226911401854,1.4482439726069483,-0.5755115693951635,1.7870803265351975,-0.5951284714867237
-0.8398895157254381,-0.9935525520109589,-0.46666749974832533,-0.20679364850592954,-0.501658900121899,-0.8379978376982037,-0.8546207383765094,1.8848313433029775,-0.025556210909585365,-0.16396068442314,0.0692820323027559,0.2465984809580359,1.2934269208534956,0.9768385548493216,0.5405377599750526,-0.7266226911401854,1.4482439726069483,-0.5755115693951635,-0.5595719370593745,1.6803094590682988
1.5120389659155928,-0.20653414650785276,0.7627851015398482,-0.20679364850592954,2.2414115511983455,1.5338122576080364,0.23568261093877343,-0.5683791926436955,-0.22009318607588202,0.936949619262803,0.0692820323027559,-4.0551750201988135,-0.3955056849341501,0.7319627864591783,0.5405377599750526,1.37623007400284,-0.690491394346993,-0.5755115693951635,-0.5595719370593745,-0.5951284714867237
0.10807641416541866,0.5804842589952534,-1.5102726147952634,-0.20679364850592954,1.7741852796217839,0.1179815554135757,-0.8546207383765094,0.4129050217349737,0.16898076425671127,-0.027164009805828844,0.0692820323027559,0.2465984809580359,-0.33346870810331414,1.0584638109793694,0.5405377599750526,1.37623007400284,-0.690491394346993,-0.5755115693951635,-0.5595719370593745,-0.5951284714867237
-0.40417463692703126,-1.162199353190196,-0.009196764385283997,-0.20679364850592954,-1.2063699376058268,-0.3985997198234075,1.3259859602540562,-0.07773708545436095,-1.5818520122399586,-0.1360475723836116,0.0692820323027559,0.2465984809580359,-1.0790983221035648,1.5482153477596559,0.5405377599750526,-0.7266226911401854,1.4482439726069483,-0.5755115693951635,-0.5595719370593745,1.6803094590682988
-0.5986669601648482,0.1307594558506213,0.10517091945547634,3.1124756489183216,2.069421434139944,-0.6106746870004912,-1.399772413034151,-0.07773708545436095,-2.1654629377388486,-0.16817406709299665,0.0692820323027559,0.2465984809580359,-0.799598394231304,1.4665900916296082,-1.8500095165343355,-0.7266226911401854,1.4482439726069483,-0.5755115693951635,-0.5595719370593745,-0.5951284714867237
0.00492045410393073,-0.31896534729401077,-0.9670261165516518,-0.20679364850592954,-0.9571446456618403,0.013953584591039767,0.7808342855964149,-0.07773708545436095,0.16898076425671127,-0.11827728206094339,0.0692820323027559,0.2465984809580359,-0.26720699091482264,-1.0637928484018724,0.5405377599750526,1.37623007400284,-0.690491394346993,1.7375845303178776,-0.5595719370593745,-0.5951284714867237
-0.4388454544568306,-0.9373369516178799,0.319610326656902,-0.20679364850592954,-1.0757037030833947,-0.43356362100985923,0.23568261093877343,0.4129050217349737,-0.22009318607588202,-0.17261378033214514,0.0692820323027559,0.2465984809580359,3.8305095066538324,1.221714323239465,0.5405377599750526,1.37623007400284,-0.690491394346993,-0.5755115693951635,-0.5595719370593745,1.6803094590682988
0.30520673438919865,0.07454385545754227,0.11946687993557138,-0.20679364850592954,0.4483801592523657,0.3167782821199429,1.3259859602540562,1.394189236113643,0.7525916897556012,-0.04083011642341658,0.0692820323027559,0.2465984809580359,0.052746678838287014,0.48708701806903504,0.5405377599750526,1.37623007400284,-0.690491394346993,-0.5755115693951635,-0.5595719370593745,-0.5951284714867237
-0.8413626828734434,0.1869750562437003,-0.4952594207085154,-0.20679364850592954,-1.023911035265155,-0.8394834580055333,1.8711376349116977,-1.0590212998330302,0.7525916897556012,-0.2193538934710222,0.0692820323027559,0.2465984809580359,-0.9505031550766828,0.16058599354884398,0.5405377599750526,-0.7266226911401854,-0.690491394346993,-0.5755115693951635,-0.5595719370593745,-0.5951284714867237
-0.9034412612963647,-1.0497681524040379,0.8199689434602284,-0.20679364850592954,-0.9408709791943963,-0.9020868067702078,-0.8546207383765094,-2.0403055142116995,-2.554536888071442,-0.22336936961969506,0.0692820323027559,0.2465984809580359,-1.0363913853653002,0.40546176193898725,0.5405377599750526,1.37623007400284,-0.690491394346993,-0.5755115693951635,-0.5595719370593745,1.6803094590682988
-0.824643948728639,0.8053466605675694,-0.9098422746312717,-0.20679364850592954,-0.5332165315826363,-0.8300042936035865,-1.399772413034151,0.4129050217349737,0.5580547145893046,-0.21896907383012748,0.0692820323027559,0.2465984809580359,-0.26720699091482264,-0.4924160554915381,-1.8500095165343355,1.37623007400284,-0.690491394346993,1.7375845303178776,-0.5595719370593745,-0.5951284714867237
-0.9559613831078096,0.2431906566367793,0.5912335757787078,-0.20679364850592954,-0.22663983400704665,-0.9574588694237296,-1.399772413034151,0.9035471289243083,0.16898076425671127,-0.20186862506037942,0.0692820323027559,0.2465984809580359,0.6069140245596663,0.07896073741879621,-1.8500095165343355,1.37623007400284,-0.690491394346993,1.7375845303178776,-0.5595719370593745,-0.5951284714867237
-0.7637302001436753,-0.09410294572169475,2.335340754350303,-0.20679364850592954,-0.42689285093477686,-0.7611947227402172,0.23568261093877343,-0.5683791926436955,0.16898076425671127,-0.0008594939529571219,0.0692820323027559,0.2465984809580359,-0.6511395356982521,-0.4107907993614904,0.5405377599750526,-0.7266226911401854,-0.690491394346993,1.7375845303178776,-0.5595719370593745,-0.5951284714867237
-0.5311753489655352,1.2550714637122016,-0.32370789494737495,-0.20679364850592954,-0.9875536080541333,-0.5266740100389972,-0.8546207383765094,-0.07773708545436095,0.16898076425671127,0.10485631266896638,0.0692820323027559,0.2465984809580359,-1.079320676859231,-0.24754028710139483,0.5405377599750526,-0.7266226911401854,1.4482439726069483,-0.5755115693951635,-0.5595719370593745,-0.5951284714867237
-0.44281957978633324,1.0864246625329645,1.7206144537062162,-0.20679364850592954,0.6073349335786906,-0.43757134090870153,0.7808342855964149,-1.0590212998330302,1.1416656400881946,0.03822463450570403,0.0692820323027559,0.2465984809580359,-0.20204222385428383,0.813588042589226,0.5405377599750526,-0.7266226911401854,-0.690491394346993,-0.5755115693951635,1.7870803265351975,-0.5951284714867237
-0.8905596136765974,-0.9935525520109589,-0.15215636918623443,-0.20679364850592954,-1.205723811254827,-0.893980970848031,1.3259859602540562,-1.0590212998330302,0.5580547145893046,-0.19188566692784131,0.0692820323027559,0.2465984809580359,0.8205821211043902,1.3849648354995603,-1.8500095165343355,-0.7266226911401854,1.4482439726069483,-0.5755115693951635,-0.5595719370593745,1.6803094590682988
1.0314438786546984,-0.7124745500455638,1.4632871650645054,-0.20679364850592954,-0.6479706227149695,0.9714845021720189,-0.8546207383765094,-1.0590212998330302,-0.41463016124217866,-0.0040352016719678325,0.0692820323027559,0.2465984809580359,-0.26720699091482264,-1.3086686167920156,-1.8500095165343355,1.37623007400284,-0.690491394346993,1.7375845303178776,-0.5595719370593745,-0.5951284714867237
-0.10316890291831896,-1.330846154369433,0.5626416548185177,1.452841000206196,-1.1031435610532363,-0.09504948679557605,-1.399772413034151,0.4129050217349737,0.9471286649218978,-0.18720963021450668,0.0692820323027559,0.2465984809580359,-0.6727672415993726,-1.7167948974422544,0.5405377599750526,-0.7266226911401854,-0.690491394346993,-0.5755115693951635,-0.5595719370593745,1.6803094590682988
-0.8814122734785179,-0.4313965480801688,-0.35229981590756504,-0.20679364850592954,-0.6224819637654092,-0.8798716007792112,1.3259859602540562,-0.5683791926436955,-0.9982410867410686,-0.2302177914157093,0.0692820323027559,0.2465984809580359,0.13783443200650636,0.32383650580893947,0.5405377599750526,1.37623007400284,-0.690491394346993,1.7375845303178776,-0.5595719370593745,-0.5951284714867237
-0.3390812048058665,-0.9935525520109589,-0.5095553811886104,-0.20679364850592954,-1.0046323684668708,-0.35872495546142913,-0.8546207383765094,-0.5683791926436955,-2.554536888071442,-0.16160738067551578,0.0692820323027559,0.2465984809580359,-0.09697218997687283,1.5482153477596559,-1.8500095165343355,1.37623007400284,-0.690491394346993,-0.5755115693951635,-0.5595719370593745,1.6803094590682988
-0.9423260220634815,-1.0497681524040379,-1.1099857213526023,-0.20679364850592954,0.5191591986148657,-0.9413002730218112,-0.30946906371886795,-0.07773708545436095,-0.41463016124217866,-0.23161808413095303,0.0692820323027559,0.2465984809580359,1.1627860900744855,-0.7372918238816814,0.5405377599750526,-0.7266226911401854,1.4482439726069483,1.7375845303178776,-0.5595719370593745,-0.5951284714867237
0.07864733090642902,0.2994062570298583,-0.02349272486537904,-0.20679364850592954,-1.1988087209030551,0.08830369857645912,0.7808342855964149,-0.5683791926436955,-1.1927780619073654,-0.10940664243678375,0.0692820323027559,0.2465984809580359,-0.26720699091482264,0.32383650580893947,0.5405377599750526,-0.7266226911401854,1.4482439726069483,1.7375845303178776,-0.5595719370593745,-0.5951284714867237
-0.9420519444545503,1.0864246625329645,-0.2522280925468997,-0.20679364850592954,0.6583558393665693,-0.941023878546029,1.3259859602540562,-0.07773708545436095,-1.387315037073662,-0.232958157604137,0.0692820323027559,0.2465984809580359,-0.9083150461016388,1.6298406038897038,0.5405377599750526,-0.7266226911401854,-0.690491394346993,-0.5755115693951635,-0.5595719370593745,-0.5951284714867237
-0.09319932989344594,-1.105983752797117,-0.22363617158670962,-0.20679364850592954,-1.0807624621727703,-0.08499563773899764,1.8711376349116977,1.394189236113643,-1.970925962572552,-0.04992218239886166,0.0692820323027559,0.2465984809580359,-0.39466073686261904,-0.3291655432314426,0.5405377599750526,-0.7266226911401854,-0.690491394346993,-0.5755115693951635,-0.5595719370593745,1.6803094590682988
0.9809450792091211,0.5804842589952534,0.2767224452166169,-0.20679364850592954,0.32045739772822646,0.9982288621610247,-0.8546207383765094,0.4129050217349737,-1.1927780619073654,0.10562897498056456,0.0692820323027559,0.2465984809580359,-0.03376414476619536,-0.24754028710139483,0.5405377599750526,-0.7266226911401854,1.4482439726069483,1.7375845303178776,-0.5595719370593745,-0.5951284714867237
-0.33729970034781365,-0.7686901504386429,-1.1957614842331725,-0.20679364850592954,0.4838119848256454,-0.331159467732544,1.3259859602540562,-0.07773708545436095,1.1416656400881946,-0.16065302316865263,0.0692820323027559,0.2465984809580359,-1.077349131358992,1.4665900916296082,0.5405377599750526,1.37623007400284,-0.690491394346993,1.7375845303178776,-0.5595719370593745,-0.5951284714867237
-0.4987999314105349,0.35562185742293734,-0.8097705512706064,-0.20679364850592954,0.61974978989433,-0.49402491258722153,-1.399772413034151,-0.5683791926436955,0.7525916897556012,-0.17536938448285774,0.0692820323027559,0.2465984809580359,1.8464380218454113,-1.7167948974422544,0.5405377599750526,-0.7266226911401854,-0.690491394346993,1.7375845303178776,-0.5595719370593745,-0.5951284714867237
-0.4338435380938358,1.0864246625329645,-0.7239947883900362,-0.20679364850592954,2.118009110137748,-0.42851942182683356,-0.8546207383765094,-1.0590212998330302,-0.803704111574772,-0.1609967217160247,0.0692820323027559,0.2465984809580359,-0.8876953484262043,1.7114658600197514,0.5405377599750526,1.37623007400284,-0.690491394346993,-0.5755115693951635,-0.5595719370593745,-0.5951284714867237
0.16230952103268395,-0.6000433492594058,-0.19504425062651956,-0.20679364850592954,0.11887623219010755,0.1726731123089841,1.3259859602540562,1.8848313433029775,-0.41463016124217866,-0.09934060992646876,0.0692820323027559,0.2465984809580359,-0.26720699091482264,-1.553544385182159,0.5405377599750526,-0.7266226911401854,1.4482439726069483,-0.5755115693951635,-0.5595719370593745,-0.5951284714867237
-0.5847575215115888,-1.274630553976354,-1.1099857213526023,-0.20679364850592954,-1.1336986710725414,-0.5807091300544227,0.23568261093877343,-0.5683791926436955,-0.41463016124217866,-0.19680492178109046,0.0692820323027559,0.2465984809580359,2.2288140833391785,-0.24754028710139483,0.5405377599750526,-0.7266226911401854,-0.690491394346993,-0.5755115693951635,-0.5595719370593745,1.6803094590682988
-0.7964824744109561,-0.6000433492594058,0.4339780104976623,-0.20679364850592954,0.8642804098197422,-0.7942238625961933,-1.399772413034151,-0.07773708545436095,3.6706463172500507,-0.20798295093032235,0.0692820323027559,0.2465984809580359,-0.779067638458136,0.40546176193898725,0.5405377599750526,-0.7266226911401854,-0.690491394346993,1.7375845303178776,-0.5595719370593745,-0.5951284714867237
-0.8277615815302316,-1.162199353190196,-0.46666749974832533,-0.20679364850592954,0.49555251086226515,-0.8330302175273102,0.7808342855964149,0.4129050217349737,1.3362026152544912,-0.20351022704831306,0.0692820323027559,-4.0551750201988135,-0.7157558276948146,-0.24754028710139483,-1.8500095165343355,1.37623007400284,-0.690491394346993,-0.5755115693951635,-0.5595719370593745,1.6803094590682988
-0.7651005881883315,0.8053466605675694,0.40538608953747224,-0.20679364850592954,2.2004979076153925,-0.7722124718515884,-0.8546207383765094,0.9035471289243083,-0.41463016124217866,-0.21207398791154797,0.0692820323027559,0.2465984809580359,-0.26720699091482264,0.07896073741879621,-1.8500095165343355,-0.7266226911401854,1.4482439726069483,-0.5755115693951635,-0.5595719370593745,-0.5951284714867237
0.4910998726467985,-0.15031854611477377,0.40538608953747224,-0.20679364850592954,0.5612394592204571,0.5042428353192387,1.3259859602540562,0.4129050217349737,-0.9982410867410686,0.48037924079693617,0.0692820323027559,0.2465984809580359,0.22476031782156544,1.140089067109417,0.5405377599750526,-0.7266226911401854,1.4482439726069483,-0.5755115693951635,-0.5595719370593745,-0.5951284714867237
0.33867846237992383,0.2431906566367793,0.6913052991393731,3.1124756489183216,1.1732441853031923,0.3505329574748474,0.23568261093877343,-0.07773708545436095,0.5580547145893046,-0.054403378999889965,0.0692820323027559,0.2465984809580359,-0.845699946906071,0.48708701806903504,0.5405377599750526,-0.7266226911401854,-0.690491394346993,1.7375845303178776,-0.5595719370593745,-0.5951284714867237
1.176705011388245,-1.218414953583275,-1.353017049514218,-0.20679364850592954,-0.9005188501783836,1.1956436164884805,-0.30946906371886795,-0.07773708545436095,-0.22009318607588202,0.014973907065225243,0.0692820323027559,0.2465984809580359,0.5434984482437006,-1.1454181045319203,0.5405377599750526,-0.7266226911401854,-0.690491394346993,-0.5755115693951635,-0.5595719370593745,1.6803094590682988
0.2209621293439648,-0.7124745500455638,-1.2672412866336478,-0.20679364850592954,0.3784395457500912,0.2318215301263806,0.23568261093877343,0.4129050217349737,-0.6091671364084753,-0.09228366985371728,0.0692820323027559,0.2465984809580359,-0.26720699091482264,0.48708701806903504,0.5405377599750526,1.37623007400284,-0.690491394346993,1.7375845303178776,-0.5595719370593745,-0.5951284714867237
-0.48670625691644487,-0.8811213512248008,-0.7668826698303213,-0.20679364850592954,-0.28364253652858634,-0.48182900634333076,-0.30946906371886795,0.9035471289243083,-1.1927780619073654,-0.18930884586149066,0.0692820323027559,0.2465984809580359,-0.5661703717330544,-1.4719191290521112,0.5405377599750526,-0.7266226911401854,-0.690491394346993,1.7375845303178776,-0.5595719370593745,-0.5951284714867237
0.32028100288041567,0.6366998593883324,-0.20934021110661458,-0.20679364850592954,0.4540465847908957,0.3319799782879654,0.7808342855964149,-1.0590212998330302,-0.22009318607588202,-0.057797654591135776,0.0692820323027559,0.2465984809580359,-0.3526653353424856,-0.5740413116215859,0.5405377599750526,-0.7266226911401854,1.4482439726069483,-0.5755115693951635,1.7870803265351975,-0.5951284714867237
-0.9263267416421216,1.9296586684291497,-0.2522280925468997,-0.20679364850592954,-0.40862183356483744,-0.9251657454980238,0.23568261093877343,0.9035471289243083,-0.41463016124217866,-0.2306155467855499,0.0692820323027559,0.2465984809580359,-0.09719454473253891,1.3849648354995603,0.5405377599750526,-0.7266226911401854,-0.690491394346993,-0.5755115693951635,1.7870803265351975,-0.5951284714867237
-0.9470881205186615,1.4237182648914386,0.8628568249005136,-0.20679364850592954,-0.42243406631418684,-0.9461026270385275,1.3259859602540562,-0.5683791926436955,0.16898076425671127,-0.23054724830707585,0.0692820323027559,0.2465984809580359,2.2937120246929177,-1.0637928484018724,0.5405377599750526,1.37623007400284,-0.690491394346993,-0.5755115693951635,1.7870803265351975,-0.5951284714867237
-0.5456329428366571,-1.330846154369433,-0.7239947883900362,-0.20679364850592954,-1.2516757019795046,-0.5412538186365097,0.7808342855964149,0.4129050217349737,-0.025556210909585365,-0.18451853613168925,0.0692820323027559,0.2465984809580359,-0.26720699091482264,-0.9821675922718247,0.5405377599750526,-0.7266226911401854,1.4482439726069483,-0.5755115693951635,-0.5595719370593745,1.6803094590682988
0.6133727459312389,1.9296586684291497,-0.06638060630566417,-0.20679364850592954,-0.05642143642698266,0.627549320827585,2.416289309569339,-0.5683791926436955,-0.6091671364084753,0.177434966430711,0.0692820323027559,0.2465984809580359,-0.7162746554580355,-1.3086686167920156,0.5405377599750526,-0.7266226911401854,-0.690491394346993,-0.5755115693951635,1.7870803265351975,-0.5951284714867237
-0.7630792658224637,1.4237182648914386,0.07657899849528625,-0.20679364850592954,0.46335900902435334,-0.7605382858602343,-0.8546207383765094,-0.07773708545436095,1.3362026152544912,-0.21193447922232128,0.0692820323027559,0.2465984809580359,-0.6725893577948397,0.40546176193898725,0.5405377599750526,1.37623007400284,-0.690491394346993,-0.5755115693951635,-0.5595719370593745,-0.5951284714867237
-0.9772366575010956,-1.105983752797117,-1.395904930954503,-0.20679364850592954,-0.8377728023146234,-0.9765060193745724,-0.8546207383765094,-0.07773708545436095,-0.803704111574772,-0.23644805192405124,0.0692820323027559,0.2465984809580359,-0.26720699091482264,-0.5740413116215859,0.5405377599750526,1.37623007400284,-0.690491394346993,-0.5755115693951635,-0.5595719370593745,1.6803094590682988
0.8950902682114167,0.8615622609606484,-0.35229981590756504,-0.20679364850592954,1.212773272419717,0.9116482926222421,0.7808342855964149,-0.07773708545436095,-0.025556210909585365,5.260933292147862,0.0692820323027559,0.2465984809580359,-0.31115911428481763,-1.553544385182159,0.5405377599750526,-0.7266226911401854,-0.690491394346993,-0.5755115693951635,-0.5595719370593745,-0.5951284714867237
1.9735513996546505,-0.4313965480801688,-0.8669543931909865,-0.20679364850592954,1.801340534317971,1.885878809627828,-0.30946906371886795,-0.5683791926436955,-0.41463016124217866,0.1304188651611946,0.0692820323027559,0.2465984809580359,-0.9298538101004928,0.5687122741990828,-1.8500095165343355,-0.7266226911401854,1.4482439726069483,-0.5755115693951635,-0.5595719370593745,-0.5951284714867237
0.77230349941023,0.4680530582090954,-0.5238513416687055,-0.20679364850592954,-0.1354283307909053,0.7878235674718042,-1.399772413034151,-1.0590212998330302,-1.387315037073662,-0.10948963169769285,0.0692820323027559,0.2465984809580359,0.11851921556431316,-0.3291655432314426,0.5405377599750526,-0.7266226911401854,1.4482439726069483,-0.5755115693951635,1.7870803265351975,-0.5951284714867237
-1.0045073795897521,-1.0497681524040379,-0.8097705512706064,-0.20679364850592954,-0.9447528652873081,-1.004007269714904,1.8711376349116977,-0.07773708545436095,0.16898076425671127,-0.24045373206362913,0.0692820323027559,0.2465984809580359,-0.5897992704351698,0.7319627864591783,0.5405377599750526,-0.7266226911401854,-0.690491394346993,-0.5755115693951635,-0.5595719370593745,1.6803094590682988
-0.8914161062045075,-1.387061754762512,-0.5095553811886104,-0.20679364850592954,-0.921702564114735,-0.8899599991452625,-0.8546207383765094,-0.07773708545436095,-0.9982410867410686,-0.23000963329294893,0.0692820323027559,0.2465984809580359,-0.030947651194425163,0.9768385548493216,0.5405377599750526,-0.7266226911401854,-0.690491394346993,-0.5755115693951635,-0.5595719370593745,1.6803094590682988
1.0114362132027197,1.6485806664637546,1.8349821375469764,-0.20679364850592954,0.6139936245848275,1.0289777475917978,-0.30946906371886795,-0.07773708545436095,-0.9982410867410686,-0.026324459939869267,0.0692820323027559,0.2465984809580359,-0.16109930151096988,0.07896073741879621,0.5405377599750526,-0.7266226911401854,1.4482439726069483,-0.5755115693951635,1.7870803265351975,-0.5951284714867237
-0.6191200017313405,0.018328255064463266,2.049421544748402,-0.20679364850592954,0.6674169922413049,-0.6153620874556194,-0.30946906371886795,-1.0590212998330302,3.6706463172500507,-0.20331170927609363,0.0692820323027559,-4.0551750201988135,-0.6731971274603271,0.07896073741879621,0.5405377599750526,-0.7266226911401854,-0.690491394346993,-0.5755115693951635,-0.5595719370593745,-0.5951284714867237
-0.9238257834606242,1.9296586684291497,0.005099196094811046,-0.20679364850592954,-0.8258271568014957,-0.9226436459065109,-1.399772413034151,-0.07773708545436095,-0.6091671364084753,-0.23154407375393243,0.0692820323027559,0.2465984809580359,-0.45812078412971785,-1.6351696413122068,0.5405377599750526,1.37623007400284,-0.690491394346993,-0.5755115693951635,1.7870803265351975,-0.5951284714867237
0.5064139590458305,-0.5438277488663268,1.649134651305741,3.1124756489183216,1.8051429366137357,0.5196863766535708,0.7808342855964149,-1.5496634070223647,1.1416656400881946,-0.06411304033461764,0.0692820323027559,-4.0551750201988135,-0.7390437824382419,-0.5740413116215859,0.5405377599750526,-0.7266226911401854,-0.690491394346993,-0.5755115693951635,-0.5595719370593745,-0.5951284714867237
-0.3945819206144386,0.35562185742293734,0.24813052425642676,-0.20679364850592954,-0.5289551744581851,-0.3889259131710296,1.3259859602540562,-0.5683791926436955,-1.387315037073662,-0.1663444422176931,0.0692820323027559,0.2465984809580359,-0.26720699091482264,-0.24754028710139483,0.5405377599750526,1.37623007400284,-0.690491394346993,-0.5755115693951635,1.7870803265351975,-0.5951284714867237
1.0575155112042807,-0.8811213512248008,-1.1099857213526023,-0.20679364850592954,1.167764931286976,1.0754465688326846,0.23568261093877343,-2.0403055142116995,0.16898076425671127,0.16258596247383567,0.0692820323027559,0.2465984809580359,0.864030240361542,-0.002664518711251552,0.5405377599750526,1.37623007400284,-0.690491394346993,-0.5755115693951635,-0.5595719370593745,-0.5951284714867237
-0.846775715649835,-0.7124745500455638,-0.9813220770317469,-0.20679364850592954,1.1999379211772367,-0.8449422489022321,-0.30946906371886795,-0.5683791926436955,0.16898076425671127,-0.22598863198860497,0.0692820323027559,0.2465984809580359,-0.7165414811648347,1.3849648354995603,0.5405377599750526,1.37623007400284,-0.690491394346993,-0.5755115693951635,-0.5595719370593745,-0.5951284714867237
0.9398676975705545,0.41183745781601633,-0.009196764385283997,-0.20679364850592954,-0.27903247629407174,0.9568042401031635,-1.399772413034151,0.9035471289243083,-0.025556210909585365,0.00709599826107138,0.0692820323027559,0.2465984809580359,0.43847288531742284,1.7114658600197514,0.5405377599750526,-0.7266226911401854,1.4482439726069483,-0.5755115693951635,1.7870803265351975,-0.5951284714867237
-0.34117104657396713,-1.0497681524040379,-1.1385776423127922,-0.20679364850592954,-1.2469656460001923,-0.3607533220476616,-0.30946906371886795,0.4129050217349737,1.1416656400881946,-0.16298319783300788,0.0692820323027559,0.2465984809580359,-0.26720699091482264,-1.553544385182159,-1.8500095165343355,1.37623007400284,-0.690491394346993,-0.5755115693951635,-0.5595719370593745,1.6803094590682988
-0.5982215840503349,1.9296586684291497,1.5490629279450756,-0.20679364850592954,-0.014951406264002149,-0.5942870086772245,-1.399772413034151,-1.0590212998330302,-0.803704111574772,-0.16601752565607988,0.0692820323027559,0.2465984809580359,0.8412462897309576,-0.3291655432314426,0.5405377599750526,-0.7266226911401854,1.4482439726069483,-0.5755115693951635,1.7870803265351975,-0.5951284714867237
0.3168892924698918,-1.0497681524040379,-1.009913997991937,-0.20679364850592954,-0.6402478744244479,0.32855959665016027,1.3259859602540562,0.4129050217349737,0.16898076425671127,0.054007246616392036,0.0692820323027559,0.2465984809580359,0.5442989253640984,-0.7372918238816814,0.5405377599750526,-0.7266226911401854,1.4482439726069483,1.7375845303178776,-0.5595719370593745,-0.5951284714867237
-0.38026136554778234,-1.49949295554867,0.2767224452166169,-0.20679364850592954,1.180046459942885,-0.3744843018114082,-0.8546207383765094,0.9035471289243083,-0.9982410867410686,-0.1458113816753385,0.0692820323027559,0.2465984809580359,-0.7590853577489444,1.5482153477596559,0.5405377599750526,1.37623007400284,-0.690491394346993,-0.5755115693951635,-0.5595719370593745,1.6803094590682988
-0.3258227004738187,0.1869750562437003,-0.7239947883900362,-0.20679364850592954,0.5981276330769432,-0.3458564658077909,-0.8546207383765094,-0.07773708545436095,-0.41463016124217866,-0.13182432606560915,0.0692820323027559,0.2465984809580359,0.2666519537890548,1.6298406038897038,-1.8500095165343355,-0.7266226911401854,-0.690491394346993,1.7375845303178776,-0.5595719370593745,-0.5951284714867237
0.17012073288722362,1.3675026644983594,1.8635740585071665,-0.20679364850592954,0.553629526642015,0.1805503548687775,-0.30946906371886795,-0.5683791926436955,0.5580547145893046,-0.09840078379528458,0.0692820323027559,0.2465984809580359,-0.26720699091482264,-0.4107907993614904,0.5405377599750526,-0.7266226911401854,-0.690491394346993,-0.5755115693951635,-0.5595719370593745,-0.5951284714867237
-0.58503159912052,0.6929154597814113,-1.1528736027928874,-0.20679364850592954,0.2529833459309593,-0.5809855245302049,-0.30946906371886795,-1.0590212998330302,0.5580547145893046,-0.19712665231122814,0.0692820323027559,0.2465984809580359,-0.6535409670594456,-1.553544385182159,0.5405377599750526,1.37623007400284,-0.690491394346993,-0.5755115693951635,1.7870803265351975,-0.5951284714867237
0.11667559914563566,-0.20653414650785276,-0.8383624722307964,-0.20679364850592954,-0.241459716184741,0.12665343209124305,1.8711376349116977,-1.0590212998330302,-1.970925962572552,-0.07140906202767183,0.0692820323027559,0.2465984809580359,2.8711525015073467,0.8952132987192738,0.5405377599750526,-0.7266226911401854,1.4482439726069483,1.7375845303178776,-0.5595719370593745,-0.5951284714867237
-0.8231022621784009,-0.9935525520109589,-0.5524432626288956,-0.20679364850592954,-1.0291005580208044,-0.8210686760565423,-1.9449240876917921,-1.5496634070223647,-0.803704111574772,-0.2155783863229529,0.0692820323027559,0.2465984809580359,0.15829106952778563,-1.6351696413122068,0.5405377599750526,-0.7266226911401854,1.4482439726069483,-0.5755115693951635,-0.5595719370593745,1.6803094590682988
-0.4467251857136032,-0.8249057508317219,-0.5095553811886104,-0.20679364850592954,1.591349470243029,-0.44150996218859834,0.23568261093877343,-2.0403055142116995,-0.22009318607588202,-0.17261819384779112,0.0692820323027559,0.2465984809580359,-0.26720699091482264,1.140089067109417,0.5405377599750526,1.37623007400284,-0.690491394346993,-0.5755115693951635,-0.5595719370593745,-0.5951284714867237
3.4677540041454282,-1.218414953583275,0.2767224452166169,-0.20679364850592954,-0.988515105600264,3.5060595888615933,-1.399772413034151,-1.0590212998330302,0.9471286649218978,0.7110099636729962,0.0692820323027559,0.2465984809580359,-0.09781713804840378,1.3033395793695126,0.5405377599750526,-0.7266226911401854,-0.690491394346993,-0.5755115693951635,-0.5595719370593745,1.6803094590682988
0.5428662810336827,1.3112870641052805,-1.4244968519146932,-0.20679364850592954,1.6961347548170793,0.556446841932607,-0.30946906371886795,0.9035471289243083,-0.41463016124217866,-0.1664479802807721,0.0692820323027559,0.2465984809580359,-0.864644572088821,-0.8189170800117291,0.5405377599750526,1.37623007400284,-0.690491394346993,-0.5755115693951635,-0.5595719370593745,-0.5951284714867237
2.0246668737203235,0.9739934617468065,-0.2522280925468997,-0.20679364850592954,0.7132611952408161,2.05077357524922,-0.8546207383765094,0.9035471289243083,-0.803704111574772,-0.0738539095695483,0.0692820323027559,-4.0551750201988135,0.7779789499187695,1.140089067109417,0.5405377599750526,-0.7266226911401854,1.4482439726069483,-0.5755115693951635,1.7870803265351975,-0.5951284714867237
-0.9500687145157883,-0.4876121484732478,1.33462352074365,-0.20679364850592954,-0.7862416618289313,-0.9491084169626592,-0.8546207383765094,0.4129050217349737,0.3635177394230079,-0.2380429272165477,0.0692820323027559,0.2465984809580359,-0.33028162327210037,0.5687122741990828,0.5405377599750526,-0.7266226911401854,1.4482439726069483,1.7375845303178776,-0.5595719370593745,-0.5951284714867237
-0.3001279246365169,-1.443277355155591,-1.1385776423127922,-0.20679364850592954,-0.8143994379665503,-0.29367346695457935,-0.30946906371886795,0.4129050217349737,1.3362026152544912,-0.19661428595816613,0.0692820323027559,0.2465984809580359,-0.03293402034504215,-0.9005423361417769,0.5405377599750526,-0.7266226911401854,-0.690491394346993,-0.5755115693951635,-0.5595719370593745,1.6803094590682988
-0.42856754412190984,1.3112870641052805,-1.2672412866336478,-0.20679364850592954,0.44532900703931083,-0.42319882816802573,-0.30946906371886795,-0.07773708545436095,1.3362026152544912,-0.20030105102862697,0.0692820323027559,0.2465984809580359,0.3508058169834767,-1.0637928484018724,0.5405377599750526,-0.7266226911401854,1.4482439726069483,-0.5755115693951635,-0.5595719370593745,-0.5951284714867237
-0.1291377563645522,-1.0497681524040379,-0.2808200135070898,-0.20679364850592954,-1.076883140073315,-0.12123786337594226,0.7808342855964149,-0.5683791926436955,-0.803704111574772,-0.13440684193517044,0.0692820323027559,0.2465984809580359,-0.26720699091482264,0.5687122741990828,0.5405377599750526,-0.7266226911401854,1.4482439726069483,-0.5755115693951635,-0.5595719370593745,1.6803094590682988
2.2656153516719817,-0.7686901504386429,0.21953860329623667,-0.20679364850592954,1.24691797327791,2.2937588687712704,0.7808342855964149,-0.07773708545436095,-0.025556210909585365,0.20709177919058097,0.0692820323027559,0.2465984809580359,-0.8434171047478992,0.07896073741879621,0.5405377599750526,1.37623007400284,-0.690491394346993,1.7375845303178776,-0.5595719370593745,-0.5951284714867237
0.27536653471681216,1.5361494656775965,0.5769376152986128,-0.20679364850592954,-0.6813051016409564,0.286685833569153,1.3259859602540562,-0.5683791926436955,1.3362026152544912,-0.16612048507205857,0.0692820323027559,0.2465984809580359,1.8034642594003474,0.24221124967889174,0.5405377599750526,-0.7266226911401854,1.4482439726069483,-0.5755115693951635,1.7870803265351975,-0.5951284714867237
2.561345091708768,0.4680530582090954,-0.666810946469656,-0.20679364850592954,-0.8421187712231339,2.5919885081402945,-0.8546207383765094,1.8848313433029775,-1.970925962572552,-0.0027530231018174367,0.0692820323027559,0.2465984809580359,-0.9937140959277907,-1.0637928484018724,0.5405377599750526,-0.7266226911401854,-0.690491394346993,-0.5755115693951635,1.7870803265351975,-0.5951284714867237
1.0481626127995027,-0.03788734532861574,-1.338721089034123,-0.20679364850592954,1.385368491933816,1.066014607346616,1.3259859602540562,0.4129050217349737,-0.22009318607588202,0.007243093029802293,0.0692820323027559,0.2465984809580359,-0.26720699091482264,-1.7167948974422544,0.5405377599750526,-0.7266226911401854,1.4482439726069483,-0.5755115693951635,-0.5595719370593745,-0.5951284714867237
-0.43226759184248137,1.2550714637122016,2.449708438191063,-0.20679364850592954,-0.5943498275623535,-0.44917015406064376,-1.399772413034151,0.9035471289243083,-0.803704111574772,-0.2070023628442014,0.0692820323027559,0.2465984809580359,-0.7357529320543839,-0.4107907993614904,-1.8500095165343355,1.37623007400284,-0.690491394346993,-0.5755115693951635,1.7870803265351975,-0.5951284714867237
-0.9893645916963021,0.6929154597814113,0.648417417699088,-0.20679364850592954,2.156151076794388,-0.988736474927936,-0.8546207383765094,1.394189236113643,-0.025556210909585365,-0.238774074251355,0.0692820323027559,0.2465984809580359,-0.8017922944872092,-0.9821675922718247,0.5405377599750526,-0.7266226911401854,1.4482439726069483,-0.5755115693951635,-0.5595719370593745,-0.5951284714867237
-0.06267393619873124,-1.443277355155591,-1.0242099584720321,-0.20679364850592954,-1.0052631108571326,-0.054212202998751964,1.3259859602540562,0.9035471289243083,-2.554536888071442,-0.11154416091602627,0.0692820323027559,0.2465984809580359,-0.4377086175595719,0.5687122741990828,0.5405377599750526,-0.7266226911401854,-0.690491394346993,-0.5755115693951635,-0.5595719370593745,1.6803094590682988
-0.4804024719110268,-0.15031854611477377,2.4211165172308733,-0.20679364850592954,2.269136012441841,-0.49588908936648796,-0.30946906371886795,-1.5496634070223647,1.3362026152544912,-0.16953722035053143,0.0692820323027559,-4.0551750201988135,2.0161243477193853,-0.9821675922718247,-1.8500095165343355,1.37623007400284,-0.690491394346993,-0.5755115693951635,-0.5595719370593745,-0.5951284714867237
0.06007857290133881,-0.8249057508317219,0.333906287136997,-0.20679364850592954,0.3734807824055132,0.06957797284221313,-0.8546207383765094,-1.0590212998330302,-0.9982410867410686,-0.08455125587634785,0.0692820323027559,0.2465984809580359,-0.6737159552235479,0.6503375303291306,0.5405377599750526,1.37623007400284,-0.690491394346993,1.7375845303178776,-0.5595719370593745,-0.5951284714867237
-0.7385835795242359,-1.218414953583275,0.5197537733782326,-0.20679364850592954,-1.2375993779041514,-0.7464754925443119,-1.399772413034151,-0.07773708545436095,-0.025556210909585365,-0.20257417388447688,0.0692820323027559,0.2465984809580359,-0.6717444097233087,1.0584638109793694,-1.8500095165343355,1.37623007400284,-0.690491394346993,-0.5755115693951635,-0.5595719370593745,1.6803094590682988
-0.6770188966180606,1.5923650660706756,0.4625699314578524,-0.20679364850592954,-0.5323704137420413,-0.6867218080285807,0.7808342855964149,-1.5496634070223647,-0.6091671364084753,-0.2018741801459163,0.0692820323027559,0.2465984809580359,-0.26720699091482264,1.7114658600197514,-1.8500095165343355,-0.7266226911401854,1.4482439726069483,-0.5755115693951635,1.7870803265351975,-0.5951284714867237
-0.7001784545727487,0.41183745781601633,-0.9670261165516518,-0.20679364850592954,-1.0511534657388577,-0.6971057536682131,-0.30946906371886795,0.4129050217349737,-0.025556210909585365,-0.1281636522354361,0.0692820323027559,0.2465984809580359,-0.9288458018748068,-1.3086686167920156,0.5405377599750526,-0.7266226911401854,1.4482439726069483,-0.5755115693951635,1.7870803265351975,-0.5951284714867237
-0.9126913805977934,0.41183745781601633,-0.6525149859895609,-0.20679364850592954,0.11067658111670517,-0.9114151203278579,0.23568261093877343,-0.07773708545436095,-1.5818520122399586,-0.20227789356479767,0.0692820323027559,-4.0551750201988135,-0.7163784210106795,-1.3086686167920156,0.5405377599750526,-0.7266226911401854,-0.690491394346993,1.7375845303178776,-0.5595719370593745,-0.5951284714867237
-0.38745590278222686,-1.0497681524040379,-1.353017049514218,-0.20679364850592954,0.8857974429054188,-0.3817396568006916,0.7808342855964149,1.394189236113643,0.9471286649218978,0.058402292153240616,0.0692820323027559,0.2465984809580359,-0.886301925290697,0.9768385548493216,0.5405377599750526,-0.7266226911401854,1.4482439726069483,-0.5755115693951635,-0.5595719370593745,1.6803094590682988
-0.5324086982057258,-1.49949295554867,-1.3244251285540278,4.772110297630447,-1.176832732988692,-0.5279177851800172,-0.30946906371886795,-2.0403055142116995,1.1416656400881946,-0.07239954015114429,0.0692820323027559,0.2465984809580359,-0.2229880418380285,-0.4924160554915381,0.5405377599750526,1.37623007400284,-0.690491394346993,-0.5755115693951635,-0.5595719370593745,1.6803094590682988
2.030388243806762,-0.6562589496524849,0.5912335757787078,-0.20679364850592954,0.006827154154222105,1.941043730391099,-1.399772413034151,0.9035471289243083,-0.22009318607588202,0.7406258014531797,0.0692820323027559,0.2465984809580359,-0.6306532508762173,-0.16591503097134708,-1.8500095165343355,-0.7266226911401854,1.4482439726069483,1.7375845303178776,-0.5595719370593745,-0.5951284714867237
-0.48310898829922255,-1.162199353190196,0.5769376152986128,-0.20679364850592954,0.9915749929470763,-0.478201328848689,0.7808342855964149,-0.5683791926436955,-0.803704111574772,-0.16227971319665735,0.0692820323027559,0.2465984809580359,0.4565873860790193,0.8952132987192738,0.5405377599750526,1.37623007400284,-0.690491394346993,-0.5755115693951635,-0.5595719370593745,1.6803094590682988
-0.012414954660968742,1.3112870641052805,0.47686589193794743,-0.20679364850592954,0.5788335823179208,-0.003528366002185936,1.3259859602540562,-0.07773708545436095,0.3635177394230079,-0.08494544435061145,0.0692820323027559,0.2465984809580359,0.09683221506168152,0.813588042589226,0.5405377599750526,1.37623007400284,-0.690491394346993,-0.5755115693951635,1.7870803265351975,-0.5951284714867237
1.438106530906396,-1.274630553976354,0.2624264847365218,-0.20679364850592954,-1.1792890387198738,1.3661846887060913,0.23568261093877343,-0.07773708545436095,-0.803704111574772,0.043056092835246605,0.0692820323027559,0.2465984809580359,-0.26720699091482264,1.221714323239465,-1.8500095165343355,-0.7266226911401854,1.4482439726069483,-0.5755115693951635,-0.5595719370593745,1.6803094590682988
-0.4825608330813601,1.4237182648914386,0.23383456377633172,-0.20679364850592954,-0.2845912141074353,-0.4776485398971245,1.8711376349116977,0.4129050217349737,-1.387315037073662,-0.21497043233245378,0.0692820323027559,0.2465984809580359,0.0326606325764511,0.5687122741990828,0.5405377599750526,-0.7266226911401854,-0.690491394346993,-0.5755115693951635,1.7870803265351975,-0.5951284714867237
-0.7492040868703207,0.9177778613537274,0.5340497338583277,-0.20679364850592954,-0.8453160710632005,-0.7465458155237592,-0.30946906371886795,1.8848313433029775,-0.9982410867410686,-0.21958431842019738,0.0692820323027559,0.2465984809580359,-0.9942773946421448,1.0584638109793694,0.5405377599750526,-0.7266226911401854,1.4482439726069483,-0.5755115693951635,-0.5595719370593745,-0.5951284714867237
0.5004870307526929,-1.49949295554867,0.24813052425642676,-0.20679364850592954,-1.0871724458136416,0.51370934611478,-0.8546207383765094,-0.07773708545436095,-0.9982410867410686,-0.0717083660140094,0.0692820323027559,0.2465984809580359,0.07578263152529266,1.5482153477596559,0.5405377599750526,-0.7266226911401854,-0.690491394346993,-0.5755115693951635,-0.5595719370593745,1.6803094590682988
0.4710236877925866,0.5804842589952534,-0.5953311440691808,-0.20679364850592954,-0.7719909861985463,0.48399693996819054,-0.30946906371886795,-2.0403055142116995,0.9471286649218978,-0.09002542760120523,0.0692820323027559,0.2465984809580359,0.8186253992545289,1.3033395793695126,0.5405377599750526,-0.7266226911401854,1.4482439726069483,1.7375845303178776,-0.5595719370593745,-0.5951284714867237
-0.610829154061171,-0.6000433492594058,-1.395904930954503,6.431744946342572,-1.2295022865690028,-0.607001154563207,-0.8546207383765094,0.9035471289243083,0.16898076425671127,-0.20194186500125164,0.0692820323027559,0.2465984809580359,-0.35268015899286337,0.16058599354884398,0.5405377599750526,1.37623007400284,-0.690491394346993,1.7375845303178776,-0.5595719370593745,-0.5951284714867237
0.5266271827045079,0.9739934617468065,0.662713378179183,6.431744946342572,-0.5515183168740518,0.54007046924251,-1.399772413034151,0.4129050217349737,-0.025556210909585365,-0.07277658129641537,0.0692820323027559,0.2465984809580359,0.9927439965914462,-0.6556665677516337,0.5405377599750526,-0.7266226911401854,-0.690491394346993,-0.5755115693951635,1.7870803265351975,-0.5951284714867237
4.62556060337425,1.2550714637122016,-0.9670261165516518,-0.20679364850592954,-0.9308483287735301,4.673653502494141,-0.30946906371886795,0.9035471289243083,-0.41463016124217866,0.3422649082268047,0.0692820323027559,0.2465984809580359,-0.6509764755440969,-0.002664518711251552,0.5405377599750526,-0.7266226911401854,-0.690491394346993,-0.5755115693951635,1.7870803265351975,-0.5951284714867237
-0.7684922985988553,-1.330846154369433,-1.4102008914345983,-0.20679364850592954,-0.97044407971992,-0.7659970767569334,0.7808342855964149,-1.5496634070223647,0.3635177394230079,-0.21133243518148404,0.0692820323027559,0.2465984809580359,-0.26720699091482264,-1.3902938729220635,0.5405377599750526,1.37623007400284,-0.690491394346993,-0.5755115693951635,-0.5595719370593745,1.6803094590682988
0.697891428585404,-1.0497681524040379,0.37679416857728215,-0.20679364850592954,0.873239002956224,0.6477438942448305,0.7808342855964149,-0.07773708545436095,-0.803704111574772,0.5902902115514749,0.0692820323027559,0.2465984809580359,0.45916670124474585,1.140089067109417,-1.8500095165343355,-0.7266226911401854,1.4482439726069483,1.7375845303178776,-0.5595719370593745,-0.5951284714867237
-0.7817850626320194,1.9858742688222286,-0.09497252726585426,-0.20679364850592954,0.34318207173184323,-0.7794022088323714,1.8711376349116977,-0.07773708545436095,-0.41463016124217866,-0.2121649336106978,0.0692820323027559,0.2465984809580359,0.2446240093277353,1.6298406038897038,0.5405377599750526,-0.7266226911401854,1.4482439726069483,-0.5755115693951635,1.7870803265351975,-0.5951284714867237
1.1903403724325732,1.4237182648914386,-0.5953311440691808,-0.20679364850592954,0.576172157110231,1.2093942416586465,1.3259859602540562,-0.07773708545436095,1.3362026152544912,0.1238517909709723,0.0692820323027559,0.2465984809580359,2.1224692155292817,0.07896073741879621,0.5405377599750526,1.37623007400284,-0.690491394346993,-0.5755115693951635,1.7870803265351975,-0.5951284714867237
-0.38026136554778234,0.7491310601744904,-1.5245685752753584,-0.20679364850592954,-0.9244691130541349,-0.3744843018114082,0.23568261093877343,0.9035471289243083,-0.6091671364084753,-0.16462142764385537,0.0692820323027559,0.2465984809580359,-0.26720699091482264,1.7114658600197514,0.5405377599750526,-0.7266226911401854,1.4482439726069483,-0.5755115693951635,-0.5595719370593745,-0.5951284714867237
-0.13845639506821356,1.2550714637122016,-1.3101291680739329,-0.20679364850592954,2.108076199487854,-0.1306352755525379,-0.30946906371886795,-0.5683791926436955,-1.387315037073662,-0.07394906150386683,0.0692820323027559,0.2465984809580359,-0.9713303838574056,-0.0842897748412993,0.5405377599750526,-0.7266226911401854,1.4482439726069483,-0.5755115693951635,-0.5595719370593745,-0.5951284714867237
2.245984542932283,0.8615622609606484,-0.5095553811886104,-0.20679364850592954,-0.41233962407654273,2.2739621144433686,-1.399772413034151,-1.5496634070223647,-1.1927780619073654,0.2808026190054603,0.0692820323027559,0.2465984809580359,0.9072115339118947,0.9768385548493216,0.5405377599750526,-0.7266226911401854,1.4482439726069483,-0.5755115693951635,1.7870803265351975,-0.5951284714867237
-0.9131367567123065,0.07454385545754227,-0.8383624722307964,-0.20679364850592954,1.5127425588582968,-0.911864261351004,-0.8546207383765094,-0.5683791926436955,-2.1654629377388486,-0.23342797764352577,0.0692820323027559,0.2465984809580359,-0.26799264438484277,-0.24754028710139483,0.5405377599750526,-0.7266226911401854,-0.690491394346993,-0.5755115693951635,-0.5595719370593745,-0.5951284714867237
0.37417151273651683,1.1988558633191224,-0.5095553811886104,-0.20679364850592954,-0.8066177178265328,0.3863260420886459,1.3259859602540562,1.394189236113643,-0.803704111574772,-0.10297740527485548,0.0692820323027559,0.2465984809580359,-0.7801052939845777,0.48708701806903504,0.5405377599750526,-0.7266226911401854,1.4482439726069483,-0.5755115693951635,1.7870803265351975,-0.5951284714867237
-0.6720854996572987,1.1988558633191224,0.37679416857728215,-0.20679364850592954,0.36313506880914714,-0.6687753199005348,1.3259859602540562,-0.07773708545436095,-0.22009318607588202,-0.19973300214134224,0.0692820323027559,0.2465984809580359,-0.26720699091482264,-1.6351696413122068,0.5405377599750526,-0.7266226911401854,1.4482439726069483,-0.5755115693951635,1.7870803265351975,-0.5951284714867237
-0.06633972421818629,0.1869750562437003,-0.5238513416687055,-0.20679364850592954,0.8169490906155493,-0.057908979112339234,0.23568261093877343,-0.07773708545436095,0.7525916897556012,0.09204287787293958,0.0692820323027559,0.2465984809580359,-0.9070550358195311,-0.5740413116215859,0.5405377599750526,-0.7266226911401854,1.4482439726069483,1.7375845303178776,-0.5595719370593745,-0.5951284714867237
-0.9597642099317304,-1.49949295554867,-0.4523715392682303,-0.20679364850592954,-0.8088842880419448,-0.9588858715434555,-0.30946906371886795,0.9035471289243083,0.16898076425671127,-0.23036078358683051,0.0692820323027559,0.2465984809580359,1.7167755519913321,0.6503375303291306,0.5405377599750526,-0.7266226911401854,-0.690491394346993,-0.5755115693951635,-0.5595719370593745,1.6803094590682988
-0.25408288633607196,1.8172274676429916,0.8342649039403235,-0.20679364850592954,0.7225607995069919,-0.24723919502316516,0.23568261093877343,-0.07773708545436095,0.9471286649218978,-0.14943993798968258,0.0692820323027559,0.2465984809580359,-0.26720699091482264,-0.9821675922718247,0.5405377599750526,1.37623007400284,-0.690491394346993,-0.5755115693951635,1.7870803265351975,-0.5951284714867237
-0.7686635971044372,-1.387061754762512,0.7484891410597533,-0.20679364850592954,-0.9754592509205375,-0.7661698233042972,0.7808342855964149,-1.5496634070223647,-0.41463016124217866,-0.20168501136129424,0.0692820323027559,0.2465984809580359,1.780665485119385,1.3033395793695126,0.5405377599750526,1.37623007400284,-0.690491394346993,-0.5755115693951635,-0.5595719370593745,1.6803094590682988
-0.79987418482148,0.6929154597814113,1.4632871650645054,-0.20679364850592954,-1.0474459312009778,-0.8059631617700452,0.23568261093877343,0.4129050217349737,-0.025556210909585365,-0.1889750281759869,0.0692820323027559,0.2465984809580359,-0.07482565631253131,-0.4107907993614904,-1.8500095165343355,1.37623007400284,-0.690491394346993,-0.5755115693951635,-0.5595719370593745,-0.5951284714867237
-0.7343696362869184,0.5804842589952534,0.6341214572189929,-0.20679364850592954,-1.0084168228084411,-0.7423855074605974,-1.9449240876917921,-0.5683791926436955,0.7525916897556012,-0.15737355275914616,0.0692820323027559,0.2465984809580359,0.33152024784203893,-0.6556665677516337,-1.8500095165343355,1.37623007400284,-0.690491394346993,-0.5755115693951635,-0.5595719370593745,-0.5951284714867237
1.1999673484462825,-0.4876121484732478,0.019395156574906088,-0.20679364850592954,2.2218713570675126,1.2191025976204974,1.3259859602540562,-0.5683791926436955,-0.9982410867410686,0.46812678530787183,0.0692820323027559,0.2465984809580359,-0.05577726557713716,0.6503375303291306,0.5405377599750526,1.37623007400284,-0.690491394346993,-0.5755115693951635,-0.5595719370593745,-0.5951284714867237
-0.4128766010105975,-0.5438277488663268,-0.4952594207085154,-0.20679364850592954,2.143713144537642,-0.4073752444294932,-0.30946906371886795,-0.5683791926436955,1.3362026152544912,-0.1685456139459929,0.0692820323027559,0.2465984809580359,-0.26720699091482264,-0.16591503097134708,0.5405377599750526,-0.7266226911401854,1.4482439726069483,-0.5755115693951635,-0.5595719370593745,-0.5951284714867237
0.2358308396284836,-1.330846154369433,-0.39518769734785014,-0.20679364850592954,-0.9112055749044443,0.199275367219975,0.23568261093877343,-0.5683791926436955,-1.387315037073662,0.010080158075066816,0.0692820323027559,0.2465984809580359,-0.5881538452432408,0.8952132987192738,-1.8500095165343355,-0.7266226911401854,1.4482439726069483,-0.5755115693951635,-0.5595719370593745,1.6803094590682988
-0.808302071296115,-1.0497681524040379,-0.4809634602284204,-0.20679364850592954,0.15155689278472548,-0.806143374364302,-1.399772413034151,-1.0590212998330302,-0.22009318607588202,-0.2139490253357827,0.0692820323027559,0.2465984809580359,-0.865148576201664,1.0584638109793694,0.5405377599750526,-0.7266226911401854,-0.690491394346993,-0.5755115693951635,-0.5595719370593745,1.6803094590682988
-0.4405926992137671,-1.49949295554867,1.1916639159426996,-0.20679364850592954,-0.9206615827714576,-0.43532563579297096,0.7808342855964149,-1.5496634070223647,-0.22009318607588202,-0.13967338006491037,0.0692820323027559,0.2465984809580359,0.6096267525787924,-1.4719191290521112,0.5405377599750526,-0.7266226911401854,-0.690491394346993,-0.5755115693951635,-0.5595719370593745,1.6803094590682988
-0.8622953602555653,0.6366998593883324,2.0637175052284973,-0.20679364850592954,0.1497236374634364,-0.8605930860934008,-0.8546207383765094,0.9035471289243083,0.9471286649218978,-0.21270086812684386,0.0692820323027559,0.2465984809580359,0.2665037172852774,-1.0637928484018724,0.5405377599750526,1.37623007400284,-0.690491394346993,1.7375845303178776,-0.5595719370593745,-0.5951284714867237
0.0906039665960535,0.5242686586021743,-1.2815372471137427,-0.20679364850592954,-0.7349028208524653,0.10036140758245882,-0.30946906371886795,-1.0590212998330302,-0.41463016124217866,-0.0012990588972194106,0.0692820323027559,0.2465984809580359,-1.0804176269871837,1.6298406038897038,0.5405377599750526,-0.7266226911401854,-0.690491394346993,-0.5755115693951635,1.7870803265351975,-0.5951284714867237
0.7480476310198173,-0.8811213512248008,-1.1814655237530776,-0.20679364850592954,-0.9549370472959241,0.7633626563650773,0.23568261093877343,-0.07773708545436095,-0.41463016124217866,0.08747059915465141,0.0692820323027559,0.2465984809580359,2.5288299433342294,1.3033395793695126,0.5405377599750526,-0.7266226911401854,-0.690491394346993,1.7375845303178776,-0.5595719370593745,-0.5951284714867237
0.5033648456464705,-0.9935525520109589,-1.4673847333549783,-0.20679364850592954,0.07955995653045991,0.5166114881104934,-0.30946906371886795,1.8848313433029775,3.6706463172500507,-0.05830565757586049,0.0692820323027559,0.2465984809580359,-0.26720699091482264,-0.002664518711251552,0.5405377599750526,-0.7266226911401854,1.4482439726069483,1.7375845303178776,-0.5595719370593745,-0.5951284714867237
-0.6395045238956,-1.443277355155591,1.1630719949825095,-0.20679364850592954,-0.8107226713501468,-0.650310965210147,2.416289309569339,1.8848313433029775,-0.22009318607588202,-0.2111943095814233,0.0692820323027559,0.2465984809580359,-1.0354574953915026,1.6298406038897038,-1.8500095165343355,1.37623007400284,-0.690491394346993,-0.5755115693951635,-0.5595719370593745,1.6803094590682988
1.2135684497894943,-1.330846154369433,0.662713378179183,-0.20679364850592954,-0.8490748854702075,1.2328186734811906,1.8711376349116977,-1.5496634070223647,0.16898076425671127,0.04384844077937923,0.0692820323027559,0.2465984809580359,-0.9492727920953306,-0.4107907993614904,0.5405377599750526,-0.7266226911401854,-0.690491394346993,-0.5755115693951635,-0.5595719370593745,1.6803094590682988
-0.9489038846778308,-0.5438277488663268,1.5061750465047905,-0.20679364850592954,1.8938930061117822,-0.9506089757062891,0.7808342855964149,-0.5683791926436955,1.3362026152544912,-0.235308213532689,0.0692820323027559,0.2465984809580359,0.3509095825361209,0.7319627864591783,-1.8500095165343355,-0.7266226911401854,-0.690491394346993,-0.5755115693951635,-0.5595719370593745,-0.5951284714867237
-0.6076087421562292,-1.49949295554867,0.1623547613758565,1.452841000206196,-0.8130866733169,-0.6037535194727658,-1.9449240876917921,1.8848313433029775,-0.22009318607588202,-0.19390979392425967,0.0692820323027559,0.2465984809580359,0.35136911569783086,0.32383650580893947,0.5405377599750526,1.37623007400284,-0.690491394346993,-0.5755115693951635,-0.5595719370593745,1.6803094590682988
0.37889935149058035,-1.0497681524040379,1.7349104141863112,-0.20679364850592954,0.4443828934539183,0.3910938467958893,0.23568261093877343,0.4129050217349737,0.9471286649218978,-0.05745208084491222,0.0692820323027559,0.2465984809580359,1.2267649651048054,0.16058599354884398,0.5405377599750526,1.37623007400284,-0.690491394346993,1.7375845303178776,-0.5595719370593745,-0.5951284714867237
0.43546211803376084,0.6366998593883324,0.8342649039403235,-0.20679364850592954,0.2885997790330964,0.3930342540720423,-0.30946906371886795,-0.5683791926436955,-0.41463016124217866,-0.07304953690764618,0.0692820323027559,0.2465984809580359,-0.26720699091482264,0.24221124967889174,-1.8500095165343355,-0.7266226911401854,1.4482439726069483,-0.5755115693951635,1.7870803265351975,-0.5951284714867237
-0.47975153758981515,-0.09410294572169475,0.5626416548185177,-0.20679364850592954,0.622244555527357,-0.47481549652035676,-0.8546207383765094,-1.0590212998330302,-0.803704111574772,-0.19642745824783417,0.0692820323027559,0.2465984809580359,0.4152145778747509,-0.4107907993614904,0.5405377599750526,1.37623007400284,-0.690491394346993,-0.5755115693951635,-0.5595719370593745,-0.5951284714867237
1.084101039270609,1.3112870641052805,-0.9813220770317469,-0.20679364850592954,-0.5893192724009977,1.1022568329835605,-0.30946906371886795,-0.5683791926436955,-0.9982410867410686,0.014924059335330263,0.0692820323027559,0.2465984809580359,-0.5239822627580105,-0.9821675922718247,0.5405377599750526,-0.7266226911401854,-0.690491394346993,-0.5755115693951635,1.7870803265351975,-0.5951284714867237
0.9261295574228772,0.4680530582090954,-1.5102726147952634,-0.20679364850592954,-0.3422502989538003,0.9429499670045792,-0.8546207383765094,-1.5496634070223647,0.5580547145893046,-0.06836036341544788,0.0692820323027559,0.2465984809580359,-0.18216370869773646,-1.0637928484018724,0.5405377599750526,-0.7266226911401854,1.4482439726069483,-0.5755115693951635,1.7870803265351975,-0.5951284714867237
2.94149073529637,0.41183745781601633,-1.1385776423127922,-0.20679364850592954,-1.0967771653011231,2.8253450581659196,-0.30946906371886795,-0.5683791926436955,0.16898076425671127,0.07721620096428802,0.0692820323027559,0.2465984809580359,0.8850501765971752,0.813588042589226,-1.8500095165343355,-0.7266226911401854,1.4482439726069483,-0.5755115693951635,-0.5595719370593745,-0.5951284714867237
-0.9622309084121113,1.9296586684291497,0.648417417699088,-0.20679364850592954,0.6350568308287305,-0.9613734218254955,-0.30946906371886795,1.394189236113643,-1.7763889874062553,-0.23805582969768707,0.0692820323027559,0.2465984809580359,0.39576594857915776,0.6503375303291306,0.5405377599750526,-0.7266226911401854,1.4482439726069483,-0.5755115693951635,1.7870803265351975,-0.5951284714867237
-0.7578375315516542,-1.49949295554867,1.4203992836242203,-0.20679364850592954,0.22093855571351587,-0.7552522415108994,-0.30946906371886795,-0.5683791926436955,0.7525916897556012,-0.21005047936219332,0.0692820323027559,0.2465984809580359,-0.26720699091482264,-0.9005423361417769,0.5405377599750526,1.37623007400284,-0.690491394346993,-0.5755115693951635,-0.5595719370593745,1.6803094590682988
-0.9462316279907514,0.1869750562437003,0.13376284041566644,-0.20679364850592954,0.8813207103306345,-0.9480153266288116,-0.30946906371886795,-0.07773708545436095,0.7525916897556012,-0.20747450691274277,0.0692820323027559,0.2465984809580359,-0.4391316879958348,-0.24754028710139483,-1.8500095165343355,-0.7266226911401854,1.4482439726069483,1.7375845303178776,-0.5595719370593745,-0.5951284714867237
0.013005743567401763,0.1307594558506213,-0.22363617158670962,-0.20679364850592954,1.3933450755765164,-0.016995063548146918,-1.399772413034151,0.4129050217349737,-0.41463016124217866,0.5079863432945517,0.0692820323027559,-4.0551750201988135,1.9100018346651548,-0.9005423361417769,-1.8500095165343355,-0.7266226911401854,1.4482439726069483,-0.5755115693951635,-0.5595719370593745,-0.5951284714867237
-0.8182031249187552,-0.9935525520109589,1.020112390181559,-0.20679364850592954,0.5505911943962419,-0.816128124801935,-0.30946906371886795,-1.0590212998330302,-0.22009318607588202,-0.18783188924261793,0.0692820323027559,0.2465984809580359,-0.9075738635827518,0.07896073741879621,0.5405377599750526,-0.7266226911401854,1.4482439726069483,1.7375845303178776,-0.5595719370593745,-0.5951284714867237
-0.8240272741085437,-0.7686901504386429,-0.29511597398718487,-0.20679364850592954,1.079289209088758,-0.8294057592010917,0.23568261093877343,-0.5683791926436955,-1.387315037073662,-0.18092496255846596,0.0692820323027559,0.2465984809580359,-0.18208959044584763,-1.3902938729220635,-1.8500095165343355,-0.7266226911401854,1.4482439726069483,-0.5755115693951635,-0.5595719370593745,-0.5951284714867237
-0.41530903978986206,0.5804842589952534,0.0908749589753813,-0.20679364850592954,-0.6905970139267633,-0.4098282454020605,1.3259859602540562,-1.0590212998330302,0.16898076425671127,-0.16883827910087923,0.0692820323027559,0.2465984809580359,-0.26720699091482264,-1.3902938729220635,0.5405377599750526,1.37623007400284,-0.690491394346993,-0.5755115693951635,1.7870803265351975,-0.5951284714867237
-0.5082213492175456,-0.31896534729401077,0.319610326656902,-0.20679364850592954,0.14440847902842607,-0.5035259726922356,-0.30946906371886795,-0.5683791926436955,-0.22009318607588202,-0.1386397100519731,0.0692820323027559,0.2465984809580359,0.6931728461077271,0.6503375303291306,0.5405377599750526,-0.7266226911401854,-0.690491394346993,1.7375845303178776,-0.5595719370593745,-0.5951284714867237
-0.8011075340616705,1.3675026644983594,-0.2808200135070898,-0.20679364850592954,-0.034368528708929195,-0.7988880193750185,1.3259859602540562,1.394189236113643,0.9471286649218978,-0.19391881477071138,0.0692820323027559,0.2465984809580359,0.5660748677689964,1.140089067109417,0.5405377599750526,-0.7266226911401854,-0.690491394346993,-0.5755115693951635,1.7870803265351975,-0.5951284714867237
1.3509498512662679,-1.443277355155591,-0.8383624722307964,-0.20679364850592954,-1.0332003835575057,1.3713614044670317,0.7808342855964149,-0.5683791926436955,-1.387315037073662,0.40668552312008593,0.0692820323027559,-4.0551750201988135,-0.8233903530875745,-1.3902938729220635,0.5405377599750526,-0.7266226911401854,1.4482439726069483,-0.5755115693951635,-0.5595719370593745,1.6803094590682988
-0.45340582743130164,-0.5438277488663268,-0.19504425062651956,-0.20679364850592954,1.2372901778493217,-0.4482470775357901,-0.8546207383765094,0.4129050217349737,0.9471286649218978,-0.16720656299330874,0.0692820323027559,0.2465984809580359,1.8250178470495793,1.0584638109793694,0.5405377599750526,-0.7266226911401854,1.4482439726069483,-0.5755115693951635,-0.5595719370593745,-0.5951284714867237
2.378398287747179,-0.09410294572169475,2.5783720825119185,-0.20679364850592954,-0.4156676875828831,2.4074951955556574,-0.30946906371886795,0.9035471289243083,0.5580547145893046,0.24220453494732336,0.0692820323027559,0.2465984809580359,-0.8872506389148722,0.32383650580893947,0.5405377599750526,-0.7266226911401854,1.4482439726069483,1.7375845303178776,-0.5595719370593745,-0.5951284714867237
-0.034546721582164874,-1.274630553976354,1.9350538609076418,-0.20679364850592954,-1.2631905965919659,-0.025847219921600936,-0.8546207383765094,0.4129050217349737,-0.803704111574772,-0.1230258772500846,0.0692820323027559,0.2465984809580359,-0.26720699091482264,-0.7372918238816814,0.5405377599750526,-0.7266226911401854,1.4482439726069483,-0.5755115693951635,-0.5595719370593745,1.6803094590682988
0.060969325130365244,-1.218414953583275,-0.38089173686775507,-0.20679364850592954,-1.072955102098189,0.029557612201448806,-0.30946906371886795,0.9035471289243083,-0.9982410867410686,-0.1081507723599223,0.0692820323027559,0.2465984809580359,-1.0145857956596467,0.48708701806903504,-1.8500095165343355,1.37623007400284,-0.690491394346993,-0.5755115693951635,-0.5595719370593745,1.6803094590682988
-1.0042333019808207,-0.9935525520109589,0.17665072185595154,-0.20679364850592954,-0.9570241379693919,-1.0037308752391219,-0.30946906371886795,0.4129050217349737,0.16898076425671127,-0.23973570075574344,0.0692820323027559,0.2465984809580359,0.6073142631198652,-1.4719191290521112,0.5405377599750526,1.37623007400284,-0.690491394346993,-0.5755115693951635,-0.5595719370593745,1.6803094590682988
-0.9574002905546987,0.7491310601744904,-1.0242099584720321,-0.20679364850592954,0.23243806636523898,-0.9588554496962175,-0.30946906371886795,-1.0590212998330302,-0.025556210909585365,-0.23434217966125265,0.0692820323027559,0.2465984809580359,-0.26720699091482264,0.32383650580893947,-1.8500095165343355,-0.7266226911401854,-0.690491394346993,-0.5755115693951635,1.7870803265351975,-0.5951284714867237
-0.10423095365292745,-1.0497681524040379,0.7198972200995631,-0.20679364850592954,-0.9568010705386896,-0.09612051538923219,0.7808342855964149,0.4129050217349737,0.5580547145893046,1.5493647744296157,0.0692820323027559,0.2465984809580359,2.911532125136307,1.4665900916296082,0.5405377599750526,-0.7266226911401854,-0.690491394346993,-0.5755115693951635,-0.5595719370593745,1.6803094590682988
0.4768135772812586,-1.387061754762512,0.8056729829801335,-0.20679364850592954,-1.0995975581031063,0.48983577326909006,1.3259859602540562,-0.5683791926436955,-1.387315037073662,0.13075657367383262,0.0692820323027559,0.2465984809580359,-0.35340651786137256,-0.3291655432314426,0.5405377599750526,-0.7266226911401854,-0.690491394346993,-0.5755115693951635,-0.5595719370593745,1.6803094590682988
0.2723174213174522,-1.0497681524040379,-0.695402867429846,-0.20679364850592954,0.3375643620689835,0.2346886527009174,-0.8546207383765094,-0.5683791926436955,-0.41463016124217866,-0.09194159625417986,0.0692820323027559,0.2465984809580359,-0.26720699091482264,0.16058599354884398,-1.8500095165343355,1.37623007400284,-0.690491394346993,-0.5755115693951635,-0.5595719370593745,1.6803094590682988
1.0686499140671115,1.8734430680360705,0.7056012596194681,-0.20679364850592954,-0.41774452228252534,1.0866750944113375,-0.30946906371886795,-0.07773708545436095,-0.9982410867410686,-0.04498731726412361,0.0692820323027559,0.2465984809580359,2.3781771845452724,1.7114658600197514,0.5405377599750526,-0.7266226911401854,-0.690491394346993,-0.5755115693951635,1.7870803265351975,-0.5951284714867237
-0.24942356698424126,-1.49949295554867,0.13376284041566644,-0.20679364850592954,-1.1758276475538034,-0.24254048893486732,-0.8546207383765094,-1.0590212998330302,-0.9982410867410686,-0.18612883653323442,0.0692820323027559,0.2465984809580359,-0.5657849568232333,-1.3902938729220635,0.5405377599750526,-0.7266226911401854,1.4482439726069483,-0.5755115693951635,-0.5595719370593745,1.6803094590682988
4.226674903275976,-1.49949295554867,-0.8240665117507014,4.772110297630447,-1.0908363924627635,4.271395892302581,-0.8546207383765094,1.394189236113643,-0.22009318607588202,0.21958997341641756,0.0692820323027559,0.2465984809580359,0.22483443607345427,1.221714323239465,0.5405377599750526,-0.7266226911401854,1.4482439726069483,-0.5755115693951635,-0.5595719370593745,1.6803094590682988
-0.9899127469141646,1.3112870641052805,1.1201841135422244,-0.20679364850592954,-0.2341138749323024,-0.9892892638795006,0.23568261093877343,0.4129050217349737,0.7525916897556012,-0.2400047973659784,0.0692820323027559,-4.0551750201988135,-0.5035700961878644,0.16058599354884398,0.5405377599750526,-0.7266226911401854,-0.690491394346993,-0.5755115693951635,1.7870803265351975,-0.5951284714867237
-1.0125926690532232,-0.6562589496524849,-1.3101291680739329,-0.20679364850592954,-0.5389496209510315,-1.0124242787195024,0.23568261093877343,0.4129050217349737,-0.9982410867410686,-0.24109019481668195,0.0692820323027559,0.2465984809580359,-0.20367282539583512,-0.8189170800117291,-1.8500095165343355,-0.7266226911401854,-0.690491394346993,1.7375845303178776,-0.5595719370593745,-0.5951284714867237
-1.0077620511958103,1.8734430680360705,-0.16645232966632947,-0.20679364850592954,0.6274161303288119,-1.007289454114818,-0.30946906371886795,0.9035471289243083,0.9471286649218978,-0.24012079351565263,0.0692820323027559,0.2465984809580359,-0.26720699091482264,-0.6556665677516337,0.5405377599750526,-0.7266226911401854,-0.690491394346993,-0.5755115693951635,1.7870803265351975,-0.5951284714867237
0.6886070495828588,0.6929154597814113,0.2624264847365218,-0.20679364850592954,-0.6396761038836821,0.7034196044298064,0.23568261093877343,1.8848313433029775,0.7525916897556012,17.382555533719422,0.0692820323027559,0.2465984809580359,4.814103180167922,0.7319627864591783,0.5405377599750526,-0.7266226911401854,1.4482439726069483,-0.5755115693951635,1.7870803265351975,-0.5951284714867237
-0.4474446394370476,-1.49949295554867,0.20524264281614163,-0.20679364850592954,-1.2344020780640848,-0.4422354976875266,1.3259859602540562,-0.07773708545436095,-0.6091671364084753,-0.17270475678092648,0.0692820323027559,0.2465984809580359,-0.26720699091482264,-0.002664518711251552,0.5405377599750526,-0.7266226911401854,1.4482439726069483,-0.5755115693951635,-0.5595719370593745,1.6803094590682988
0.10680880522411175,-0.31896534729401077,1.8206861770668814,-0.20679364850592954,0.4750379992180208,0.07404866945356242,1.3259859602540562,-1.0590212998330302,0.16898076425671127,-0.0021391179318787606,0.0692820323027559,0.2465984809580359,-0.05296077200536696,1.221714323239465,-1.8500095165343355,-0.7266226911401854,1.4482439726069483,-0.5755115693951635,-0.5595719370593745,-0.5951284714867237
1.3884642239887288,-1.443277355155591,0.9200406668208938,-0.20679364850592954,-0.9940097435772189,1.4091928983397244,-0.8546207383765094,-1.5496634070223647,0.16898076425671127,0.10325175420659354,0.0692820323027559,0.2465984809580359,0.28681211830277914,1.7114658600197514,0.5405377599750526,-0.7266226911401854,-0.690491394346993,-0.5755115693951635,-0.5595719370593745,1.6803094590682988
0.37704932763029453,-1.0497681524040379,-0.8240665117507014,-0.20679364850592954,0.8287691004493155,0.3892281840843593,-0.8546207383765094,-0.07773708545436095,-1.1927780619073654,-0.11747489402966238,0.0692820323027559,0.2465984809580359,-0.4603295080360009,-1.3902938729220635,0.5405377599750526,-0.7266226911401854,1.4482439726069483,1.7375845303178776,-0.5595719370593745,-0.5951284714867237
-0.9706245351856301,-1.218414953583275,-0.5524432626288956,-0.20679364850592954,-0.9017034151552167,-0.9698380026463264,-0.8546207383765094,3.847399772060316,0.16898076425671127,-0.23721474631680095,0.0692820323027559,0.2465984809580359,0.3950988843121595,0.813588042589226,0.5405377599750526,-0.7266226911401854,-0.690491394346993,-0.5755115693951635,-0.5595719370593745,1.6803094590682988
-0.762085734490088,-1.218414953583275,0.4911618524180425,-0.20679364850592954,-1.0310799609691055,-0.7595363558855238,0.23568261093877343,-0.5683791926436955,0.16898076425671127,-0.2133448424235348,0.0692820323027559,-4.0551750201988135,-1.035442671741125,-1.3902938729220635,0.5405377599750526,-0.7266226911401854,-0.690491394346993,-0.5755115693951635,-0.5595719370593745,1.6803094590682988
0.14572782569234502,-1.162199353190196,-1.2529453261535526,3.1124756489183216,-1.0165113501501333,0.15595124652415923,2.416289309569339,-0.07773708545436095,-0.22009318607588202,-0.10133567943301769,0.0692820323027559,0.2465984809580359,-0.26720699091482264,0.16058599354884398,0.5405377599750526,1.37623007400284,-0.690491394346993,-0.5755115693951635,-0.5595719370593745,1.6803094590682988
2.8779389897254437,-1.0497681524040379,0.34820224761709206,-0.20679364850592954,-0.8935986318396991,2.9112586769782403,0.23568261093877343,-1.5496634070223647,0.16898076425671127,0.16516472150114378,0.0692820323027559,0.2465984809580359,-0.9295425134425604,-1.4719191290521112,0.5405377599750526,-0.7266226911401854,-0.690491394346993,-0.5755115693951635,-0.5595719370593745,1.6803094590682988
-0.9188923864998623,-0.9373369516178799,-0.8097705512706064,-0.20679364850592954,-0.8848323382124437,-0.9214803014515421,-0.8546207383765094,1.8848313433029775,0.5580547145893046,-0.23670374127263766,0.0692820323027559,-4.0551750201988135,-1.0789204382990323,-1.4719191290521112,-1.8500095165343355,1.37623007400284,-0.690491394346993,-0.5755115693951635,-0.5595719370593745,1.6803094590682988
1.883790982729676,-0.9373369516178799,0.7913770225000384,-0.20679364850592954,-1.2030213621518357,1.9087068146971553,1.3259859602540562,0.9035471289243083,0.5580547145893046,-0.03642088059151559,0.0692820323027559,0.2465984809580359,1.5469261659632034,-0.3291655432314426,0.5405377599750526,1.37623007400284,-0.690491394346993,-0.5755115693951635,-0.5595719370593745,1.6803094590682988
-0.3292144108843426,0.9177778613537274,1.0915921925820342,-0.20679364850592954,1.8035173647624105,-0.34914840502151234,0.23568261093877343,-0.07773708545436095,1.5307395904207879,-0.19991499310639327,0.0692820323027559,0.2465984809580359,-0.5646583593945251,-0.9821675922718247,-1.8500095165343355,-0.7266226911401854,1.4482439726069483,-0.5755115693951635,-0.5595719370593745,-0.5951284714867237
1.1128106688061543,1.0864246625329645,0.07657899849528625,-0.20679364850592954,0.5660546389314798,1.1312091543217488,-0.8546207383765094,1.394189236113643,0.5580547145893046,-0.09349429107648645,0.0692820323027559,0.2465984809580359,2.10091562788005,-0.4107907993614904,0.5405377599750526,-0.7266226911401854,-0.690491394346993,-0.5755115693951635,-0.5595719370593745,-0.5951284714867237
-0.979908914188175,0.6366998593883324,-0.7954745907905113,-0.20679364850592954,-0.782708478846083,-0.9807019553872778,-0.8546207383765094,-0.07773708545436095,-0.6091671364084753,-0.23888304523797893,0.0692820323027559,0.2465984809580359,-0.9083743407031497,0.48708701806903504,-1.8500095165343355,1.37623007400284,-0.690491394346993,-0.5755115693951635,1.7870803265351975,-0.5951284714867237
-0.49122853746380996,0.07454385545754227,-0.6382190255094659,-0.20679364850592954,0.7516262293281586,-0.48638951519373747,0.7808342855964149,-0.5683791926436955,-0.803704111574772,-0.17797272956888002,0.0692820323027559,0.2465984809580359,-0.26720699091482264,0.24221124967889174,0.5405377599750526,-0.7266226911401854,1.4482439726069483,1.7375845303178776,-0.5595719370593745,-0.5951284714867237
-0.8962467240619202,1.0302090621398854,0.13376284041566644,-0.20679364850592954,-0.16012471576245393,-0.8948314517809243,0.23568261093877343,-1.0590212998330302,-1.5818520122399586,-0.21316016646896221,0.0692820323027559,-4.0551750201988135,-0.736820234881581,0.24221124967889174,0.5405377599750526,1.37623007400284,-0.690491394346993,-0.5755115693951635,1.7870803265351975,-0.5951284714867237
0.2695081258259072,-0.4313965480801688,1.7920942561066913,-0.20679364850592954,1.0122894960809155,0.28077790164930777,-0.30946906371886795,-0.5683791926436955,-0.6091671364084753,0.23955456092608818,0.0692820323027559,0.2465984809580359,-0.523152138336857,1.5482153477596559,0.5405377599750526,-0.7266226911401854,-0.690491394346993,1.7375845303178776,-0.5595719370593745,-0.5951284714867237
0.8318468599505375,0.018328255064463266,2.1780851890692574,-0.20679364850592954,-1.2021367844093955,0.847870267335493,-0.30946906371886795,2.3754734504923123,-0.41463016124217866,0.10646916690083814,0.0692820323027559,0.2465984809580359,-0.9504586841255496,-0.4924160554915381,0.5405377599750526,1.37623007400284,-0.690491394346993,-0.5755115693951635,-0.5595719370593745,-0.5951284714867237
-0.8693185989844279,0.9739934617468065,0.03369111705500113,-0.20679364850592954,-0.19417711285621841,-0.8676756945353203,-0.30946906371886795,-0.5683791926436955,1.3362026152544912,-0.22226979762902602,0.0692820323027559,0.2465984809580359,-0.6945728313050261,-0.5740413116215859,0.5405377599750526,-0.7266226911401854,-0.690491394346993,-0.5755115693951635,1.7870803265351975,-0.5951284714867237
-0.5723212500063347,1.0864246625329645,-0.36659577638766006,-0.20679364850592954,1.5615533022868033,-0.5681677307158041,-0.8546207383765094,2.3754734504923123,0.16898076425671127,-0.17256729817379965,0.0692820323027559,0.2465984809580359,-0.6081213023020547,-1.6351696413122068,0.5405377599750526,-0.7266226911401854,-0.690491394346993,-0.5755115693951635,-0.5595719370593745,-0.5951284714867237
-0.906798712005772,-1.443277355155591,1.9350538609076418,-0.20679364850592954,-1.201744493410574,-0.9054726390985401,0.23568261093877343,0.4129050217349737,-0.22009318607588202,-0.2227988854688884,0.0692820323027559,0.2465984809580359,-0.4814976807754117,-0.6556665677516337,0.5405377599750526,-0.7266226911401854,1.4482439726069483,-0.5755115693951635,-0.5595719370593745,1.6803094590682988
-0.39536989374011583,-1.0497681524040379,-0.9527301560715568,-0.20679364850592954,-1.0097526633991987,-0.38972054728890343,0.7808342855964149,-1.0590212998330302,0.5580547145893046,-0.12353493611067753,0.0692820323027559,0.2465984809580359,-0.11799212621250604,0.16058599354884398,0.5405377599750526,1.37623007400284,-0.690491394346993,-0.5755115693951635,-0.5595719370593745,1.6803094590682988
0.16624938666107014,-0.03788734532861574,-1.5388645357554536,-0.20679364850592954,2.0434943323093484,0.17664628289835355,0.7808342855964149,-0.5683791926436955,-0.22009318607588202,-0.016526971275410588,0.0692820323027559,0.2465984809580359,3.021064077777417,1.3033395793695126,0.5405377599750526,1.37623007400284,-0.690491394346993,-0.5755115693951635,-0.5595719370593745,-0.5951284714867237
-0.005700053242153925,-0.4876121484732478,-0.03778868534547408,-0.20679364850592954,-1.0419230892960032,0.003243298654478567,-0.30946906371886795,-0.07773708545436095,-0.22009318607588202,-0.11955511583579907,0.0692820323027559,0.2465984809580359,-0.26720699091482264,-1.3902938729220635,0.5405377599750526,1.37623007400284,-0.690491394346993,-0.5755115693951635,-0.5595719370593745,-0.5951284714867237
-0.2740220323858182,-0.9935525520109589,0.005099196094811046,-0.20679364850592954,-0.8853989807662966,-0.26734689313632215,-1.399772413034151,-0.5683791926436955,-0.22009318607588202,-0.15212351228480325,0.0692820323027559,0.2465984809580359,-0.9290088620289617,0.6503375303291306,0.5405377599750526,-0.7266226911401854,1.4482439726069483,-0.5755115693951635,-0.5595719370593745,1.6803094590682988
-0.5728008858219643,0.018328255064463266,-0.8097705512706064,-0.20679364850592954,-0.18795686473111692,-0.5686514210484229,-0.8546207383765094,0.4129050217349737,-1.1927780619073654,-0.18778731736865886,0.0692820323027559,0.2465984809580359,-0.26720699091482264,0.9768385548493216,0.5405377599750526,1.37623007400284,-0.690491394346993,1.7375845303178776,-0.5595719370593745,-0.5951284714867237
0.891390220490845,-1.0497681524040379,-0.2522280925468997,-0.20679364850592954,-0.9806821055911195,0.8355506889831993,1.3259859602540562,-1.0590212998330302,-2.1654629377388486,0.2785855371719085,0.0692820323027559,0.2465984809580359,0.11718508703031669,0.813588042589226,-1.8500095165343355,1.37623007400284,-0.690491394346993,-0.5755115693951635,-0.5595719370593745,1.6803094590682988
-0.7894249759809772,1.0302090621398854,-1.0242099584720321,-0.20679364850592954,2.3835234525099165,-0.7871067048448009,-0.30946906371886795,1.8848313433029775,-0.9982410867410686,-0.2178018163061224,0.0692820323027559,0.2465984809580359,-0.37312197286376486,1.4665900916296082,0.5405377599750526,-0.7266226911401854,1.4482439726069483,-0.5755115693951635,-0.5595719370593745,-0.5951284714867237
-0.3182513065270939,0.2431906566367793,-0.35229981590756504,6.431744946342572,0.0006992097935490601,-0.3119500516656792,0.23568261093877343,-0.07773708545436095,-0.41463016124217866,-0.14268058223501134,0.0692820323027559,0.2465984809580359,0.6060839001385129,0.5687122741990828,0.5405377599750526,1.37623007400284,-0.690491394346993,-0.5755115693951635,-0.5595719370593745,-0.5951284714867237
-0.19316913775110833,-0.7686901504386429,-0.16645232966632947,-0.20679364850592954,-0.9982762286885829,-0.18581052278056506,1.3259859602540562,-0.5683791926436955,-0.6091671364084753,-0.1193353853369401,0.0692820323027559,0.2465984809580359,-1.0140817915468037,0.6503375303291306,0.5405377599750526,-0.7266226911401854,-0.690491394346993,1.7375845303178776,-0.5595719370593745,-0.5951284714867237
-0.9812107828305984,0.8615622609606484,-1.1385776423127922,-0.20679364850592954,1.2211959909238221,-0.9805137392734148,0.7808342855964149,0.4129050217349737,-0.41463016124217866,-0.23692620907851336,0.0692820323027559,0.2465984809580359,-0.26720699091482264,-1.553544385182159,0.5405377599750526,-0.7266226911401854,-0.690491394346993,1.7375845303178776,-0.5595719370593745,-0.5951284714867237
1.8559721054231575,0.8615622609606484,-0.4809634602284204,-0.20679364850592954,1.6472804234998148,1.7717582502188192,-0.30946906371886795,0.4129050217349737,0.16898076425671127,8.879082735927458,0.0692820323027559,0.2465984809580359,1.460281929505321,-0.002664518711251552,-1.8500095165343355,1.37623007400284,-0.690491394346993,-0.5755115693951635,-0.5595719370593745,-0.5951284714867237
-0.747696660021199,1.2550714637122016,-0.7096988279099411,-0.20679364850592954,-0.8774377810843346,-0.745025645906957,0.23568261093877343,-0.07773708545436095,-0.6091671364084753,-0.21884983688106283,0.0692820323027559,0.2465984809580359,-0.5226777815247694,-0.0842897748412993,0.5405377599750526,-0.7266226911401854,1.4482439726069483,-0.5755115693951635,1.7870803265351975,-0.5951284714867237
-0.6444721805574782,0.9177778613537274,-0.38089173686775507,-0.20679364850592954,0.5789925499122144,-0.6409285764654754,-0.30946906371886795,-0.5683791926436955,-0.9982410867410686,-0.19858952350705683,0.0692820323027559,0.2465984809580359,-0.5016726689395139,-1.4719191290521112,0.5405377599750526,-0.7266226911401854,1.4482439726069483,-0.5755115693951635,1.7870803265351975,-0.5951284714867237
-0.7402965645800561,-1.105983752797117,-0.32370789494737495,-0.20679364850592954,-1.0893928641468393,-0.7375629950608368,0.7808342855964149,-0.07773708545436095,0.16898076425671127,-0.2033943691256638,0.0692820323027559,0.2465984809580359,-0.14062784033931292,1.7114658600197514,0.5405377599750526,1.37623007400284,-0.690491394346993,-0.5755115693951635,-0.5595719370593745,1.6803094590682988
0.8044390990574156,-1.274630553976354,0.41968205001756725,-0.20679364850592954,-1.0462562382372322,0.8202308197572702,-0.30946906371886795,0.4129050217349737,-1.387315037073662,0.04724878954004418,0.0692820323027559,0.2465984809580359,-0.8005174605547237,-0.3291655432314426,0.5405377599750526,-0.7266226911401854,-0.690491394346993,-0.5755115693951635,-0.5595719370593745,1.6803094590682988
0.0771399040573073,-1.218414953583275,0.14805880089576146,-0.20679364850592954,-0.26609712930679363,0.08678352895965687,0.23568261093877343,-0.5683791926436955,0.9471286649218978,-0.10027489232200588,0.0692820323027559,0.2465984809580359,-0.9507699807834821,-0.7372918238816814,0.5405377599750526,1.37623007400284,-0.690491394346993,-0.5755115693951635,-0.5595719370593745,1.6803094590682988
0.8864568235300833,-0.4313965480801688,-1.052801879432222,-0.20679364850592954,1.7488581522599733,0.902941866635102,0.7808342855964149,-0.07773708545436095,-1.387315037073662,-0.0015717252517268474,0.0692820323027559,0.2465984809580359,-0.05382054372727563,1.4665900916296082,0.5405377599750526,-0.7266226911401854,1.4482439726069483,-0.5755115693951635,-0.5595719370593745,-0.5951284714867237
-0.8473581305688138,1.1426402629260435,0.6341214572189929,-0.20679364850592954,-0.9217358960296674,-0.8455295871632694,0.23568261093877343,0.9035471289243083,-0.6091671364084753,-0.22221181696962497,0.0692820323027559,0.2465984809580359,-0.6504872950816316,-0.16591503097134708,0.5405377599750526,1.37623007400284,-0.690491394346993,-0.5755115693951635,1.7870803265351975,-0.5951284714867237
2.1568750603285203,0.8053466605675694,0.47686589193794743,-0.20679364850592954,0.5103134211904634,2.1840993605046717,-1.399772413034151,-0.5683791926436955,1.3362026152544912,0.14064069503586818,0.0692820323027559,0.2465984809580359,-0.26720699091482264,1.3033395793695126,0.5405377599750526,-0.7266226911401854,-0.690491394346993,-0.5755115693951635,1.7870803265351975,-0.5951284714867237
-0.6769161175147115,0.2994062570298583,-0.8097705512706064,-0.20679364850592954,0.3278878507647243,-0.6736467725361968,0.7808342855964149,-0.5683791926436955,-0.41463016124217866,-0.22842250091467448,0.0692820323027559,0.2465984809580359,1.055433214038903,0.7319627864591783,0.5405377599750526,-0.7266226911401854,-0.690491394346993,-0.5755115693951635,-0.5595719370593745,-0.5951284714867237
-0.8487970380157027,0.2431906566367793,0.37679416857728215,-0.20679364850592954,0.7070819710110161,-0.8469806581611261,0.7808342855964149,-2.0403055142116995,-0.9982410867410686,-0.22973862735402098,0.0692820323027559,0.2465984809580359,1.1627712664241077,-1.227043360661968,0.5405377599750526,-0.7266226911401854,-0.690491394346993,-0.5755115693951635,-0.5595719370593745,-0.5951284714867237
-0.7972019281344006,0.35562185742293734,-0.681106906949751,-0.20679364850592954,0.446213584781751,-0.8033695126925677,0.23568261093877343,-2.0403055142116995,-0.41463016124217866,-0.21579130408284197,0.0692820323027559,0.2465984809580359,-0.26720699091482264,-0.8189170800117291,-1.8500095165343355,1.37623007400284,-0.690491394346993,-0.5755115693951635,1.7870803265351975,-0.5951284714867237
1.6976922862653776,1.3112870641052805,-0.6239230650293708,-0.20679364850592954,2.121667928799958,1.7210349656410224,-0.8546207383765094,-0.07773708545436095,-0.803704111574772,1.2444703833845454,0.0692820323027559,0.2465984809580359,0.7147412574073367,0.07896073741879621,0.5405377599750526,-0.7266226911401854,1.4482439726069483,-0.5755115693951635,-0.5595719370593745,-0.5951284714867237
-0.6227172703485628,-0.31896534729401077,0.677009338659278,-0.20679364850592954,0.3504304812329403,-0.6189897649502611,2.416289309569339,-0.07773708545436095,-0.9982410867410686,-0.20870881413166975,0.0692820323027559,0.2465984809580359,-0.8432836918944996,-0.5740413116215859,0.5405377599750526,1.37623007400284,-0.690491394346993,1.7375845303178776,-0.5595719370593745,-0.5951284714867237
0.25926447519210283,0.9177778613537274,-0.5810351835890857,-0.20679364850592954,0.8531193463042576,0.2220196745147774,-1.399772413034151,1.394189236113643,-0.41463016124217866,-0.10171867171882075,0.0692820323027559,0.2465984809580359,0.11762979654164885,0.24221124967889174,-1.8500095165343355,-0.7266226911401854,1.4482439726069483,-0.5755115693951635,-0.5595719370593745,-0.5951284714867237
-0.4243193411834759,1.9858742688222286,-0.7954745907905113,-0.20679364850592954,-0.05150626097116258,-0.41891471379340117,-0.8546207383765094,0.4129050217349737,0.16898076425671127,-0.1788092355671486,0.0692820323027559,0.2465984809580359,0.009876681945866985,-0.4924160554915381,0.5405377599750526,-0.7266226911401854,1.4482439726069483,-0.5755115693951635,1.7870803265351975,-0.5951284714867237
1.1480296415538163,1.9858742688222286,-0.6239230650293708,-0.20679364850592954,-0.19244385327972677,1.1667258444597655,-0.8546207383765094,-0.07773708545436095,0.3635177394230079,0.011385602098083905,0.0692820323027559,0.2465984809580359,-1.015697569437977,-0.9005423361417769,0.5405377599750526,-0.7266226911401854,-0.690491394346993,-0.5755115693951635,1.7870803265351975,-0.5951284714867237
-0.79339910131048,0.2431906566367793,0.8485608644204186,-0.20679364850592954,-0.4200623723670645,-0.7911144247436434,0.23568261093877343,-1.0590212998330302,0.5580547145893046,-0.21917599549291278,0.0692820323027559,0.2465984809580359,-0.585648648329403,0.32383650580893947,0.5405377599750526,-0.7266226911401854,1.4482439726069483,1.7375845303178776,-0.5595719370593745,-0.5951284714867237
-0.6836995383357591,0.5242686586021743,0.648417417699088,-0.20679364850592954,0.3100245083543443,-0.6804875358118069,2.416289309569339,1.8848313433029775,-0.9982410867410686,-0.20394551518164014,0.0692820323027559,0.2465984809580359,0.45839587142510335,-0.7372918238816814,0.5405377599750526,1.37623007400284,-0.690491394346993,1.7375845303178776,-0.5595719370593745,-0.5951284714867237
1.8142095297622627,-0.4876121484732478,2.078013465708592,4.772110297630447,1.201463497283764,1.8385371671579418,0.7808342855964149,0.9035471289243083,0.16898076425671127,0.09941200659681401,0.0692820323027559,0.2465984809580359,-0.26720699091482264,-0.7372918238816814,0.5405377599750526,1.37623007400284,-0.690491394346993,1.7375845303178776,-0.5595719370593745,-0.5951284714867237
2.4796699642472646,0.9177778613537274,0.07657899849528625,-0.20679364850592954,0.28433585791518884,2.509622954357191,0.23568261093877343,0.9035471289243083,1.3362026152544912,-0.0913871171138632,0.0692820323027559,0.2465984809580359,-0.8850419150085892,-0.8189170800117291,0.5405377599750526,1.37623007400284,-0.690491394346993,-0.5755115693951635,-0.5595719370593745,-0.5951284714867237
-0.229998316451241,-1.443277355155591,0.8485608644204186,-0.20679364850592954,-1.2696313481543133,-0.22295103046380188,-0.8546207383765094,-0.5683791926436955,-0.025556210909585365,-0.21121919496504812,0.0692820323027559,0.2465984809580359,0.7772822383510158,0.16058599354884398,0.5405377599750526,-0.7266226911401854,1.4482439726069483,-0.5755115693951635,-0.5595719370593745,1.6803094590682988
-0.5658804261964511,-1.49949295554867,0.6341214572189929,-0.20679364850592954,-1.1250580131246468,-0.5616724605349218,-0.30946906371886795,-0.5683791926436955,-2.1654629377388486,-0.21830358113188247,0.0692820323027559,0.2465984809580359,0.820196706194569,-0.9005423361417769,0.5405377599750526,-0.7266226911401854,-0.690491394346993,-0.5755115693951635,-0.5595719370593745,1.6803094590682988
-0.778941507439358,-0.3751809476870898,2.006533663308117,-0.20679364850592954,1.669320511250587,-0.7765346161461308,-0.8546207383765094,-1.5496634070223647,1.5307395904207879,-0.22609202527529987,0.0692820323027559,0.2465984809580359,-0.011306314443921401,0.07896073741879621,0.5405377599750526,-0.7266226911401854,-0.690491394346993,-0.5755115693951635,-0.5595719370593745,-0.5951284714867237
-0.29355006202216766,-1.387061754762512,0.8771527853806086,-0.20679364850592954,-1.0735012327043914,-0.28703999953580595,-0.8546207383765094,2.3754734504923123,-1.387315037073662,-0.18507134350205473,0.0692820323027559,0.2465984809580359,-0.9926764404013491,-0.4107907993614904,0.5405377599750526,-0.7266226911401854,1.4482439726069483,-0.5755115693951635,-0.5595719370593745,1.6803094590682988
0.10194392766558275,-1.387061754762512,0.7913770225000384,-0.20679364850592954,-1.2235948456455759,0.06932689805610356,1.8711376349116977,-1.5496634070223647,0.16898076425671127,-0.14576004836122006,0.0692820323027559,-4.0551750201988135,-0.9487391406817318,0.07896073741879621,-1.8500095165343355,1.37623007400284,-0.690491394346993,-0.5755115693951635,-0.5595719370593745,1.6803094590682988
-0.8526341245407398,-1.330846154369433,-1.4673847333549783,-0.20679364850592954,-1.1020615558146571,-0.8508501808220773,-0.8546207383765094,-0.5683791926436955,-0.9982410867410686,-0.22683797655867122,0.0692820323027559,0.2465984809580359,-1.0144227355054916,1.6298406038897038,0.5405377599750526,1.37623007400284,-0.690491394346993,-0.5755115693951635,-0.5595719370593745,1.6803094590682988
-0.006076909954434398,0.1307594558506213,-1.052801879432222,-0.20679364850592954,0.2008701789306761,-0.03551637811423605,0.23568261093877343,-0.07773708545436095,-1.1927780619073654,-0.14125828540910235,0.0692820323027559,0.2465984809580359,0.5200474333461181,-1.227043360661968,-1.8500095165343355,1.37623007400284,-0.690491394346993,1.7375845303178776,-0.5595719370593745,-0.5951284714867237
-0.9718578844258204,-0.4313965480801688,1.2774396788232698,-0.20679364850592954,-0.6098363480386984,-0.9710817777873462,0.23568261093877343,0.9035471289243083,-1.1927780619073654,-0.23580089094775333,0.0692820323027559,0.2465984809580359,-0.26720699091482264,-0.0842897748412993,0.5405377599750526,-0.7266226911401854,-0.690491394346993,1.7375845303178776,-0.5595719370593745,-0.5951284714867237
-0.9109441358408569,0.1869750562437003,0.019395156574906088,-0.20679364850592954,-1.1205684605825807,-0.9137658580416091,-1.399772413034151,-1.0590212998330302,0.16898076425671127,0.0353732517497133,0.0692820323027559,0.2465984809580359,-1.0363617380645447,0.9768385548493216,-1.8500095165343355,-0.7266226911401854,-0.690491394346993,-0.5755115693951635,-0.5595719370593745,-0.5951284714867237
-0.8200531487790411,-0.9373369516178799,-1.2243534051933627,-0.20679364850592954,1.04494451674097,-0.8179937875134651,1.3259859602540562,-1.0590212998330302,1.1416656400881946,0.06887665615545847,0.0692820323027559,0.2465984809580359,0.07456709219431819,0.813588042589226,0.5405377599750526,-0.7266226911401854,1.4482439726069483,-0.5755115693951635,-0.5595719370593745,1.6803094590682988
-0.607848560064044,0.2431906566367793,-0.20934021110661458,-0.20679364850592954,0.07422428614779858,-0.6039953646390752,-0.30946906371886795,0.4129050217349737,-1.5818520122399586,0.1805780045527711,0.0692820323027559,0.2465984809580359,-0.8226639942190652,0.8952132987192738,0.5405377599750526,-0.7266226911401854,-0.690491394346993,-0.5755115693951635,-0.5595719370593745,-0.5951284714867237
0.22795110837171098,1.0302090621398854,-0.8383624722307964,-0.20679364850592954,0.7906579017141516,0.23886958925882748,-1.399772413034151,-0.5683791926436955,1.1416656400881946,-0.0914427727889735,0.0692820323027559,0.2465984809580359,-0.26720699091482264,-0.6556665677516337,0.5405377599750526,-0.7266226911401854,-0.690491394346993,-0.5755115693951635,-0.5595719370593745,-0.5951284714867237
0.3363488027040084,-0.09410294572169475,-0.02349272486537904,-0.20679364850592954,0.3363156972557418,0.29683647482662767,1.3259859602540562,-1.0590212998330302,-0.9982410867410686,-0.1093762842815324,0.0692820323027559,0.2465984809580359,-0.5873237208220875,-0.7372918238816814,-1.8500095165343355,1.37623007400284,-0.690491394346993,-0.5755115693951635,-0.5595719370593745,-0.5951284714867237
-0.7859304864671042,-0.2627497469009318,0.9915204692213689,-0.20679364850592954,1.225793231191055,-0.7924296338914127,1.3259859602540562,0.4129050217349737,3.6706463172500507,-0.21971569648908465,0.0692820323027559,0.2465984809580359,-0.7799570574808004,-0.5740413116215859,-1.8500095165343355,-0.7266226911401854,1.4482439726069483,-0.5755115693951635,-0.5595719370593745,-0.5951284714867237
-0.8407117485522317,-0.31896534729401077,0.005099196094811046,-0.20679364850592954,0.9898622453182354,-0.8388270211255504,2.416289309569339,1.8848313433029775,-1.7763889874062553,-0.21854363834487156,0.0692820323027559,0.2465984809580359,0.6956483957208094,-1.6351696413122068,0.5405377599750526,-0.7266226911401854,1.4482439726069483,1.7375845303178776,-0.5595719370593745,-0.5951284714867237
1.8240420639826698,1.1988558633191224,-0.33800385542746997,-0.20679364850592954,-0.22079136493311563,1.7407674689340882,-0.8546207383765094,-0.07773708545436095,0.16898076425671127,0.217066828160943,0.0692820323027559,0.2465984809580359,-0.1412652573055557,-1.227043360661968,-1.8500095165343355,-0.7266226911401854,1.4482439726069483,-0.5755115693951635,1.7870803265351975,-0.5951284714867237
-0.9214618640835924,0.6366998593883324,0.37679416857728215,-0.20679364850592954,-0.44392802345875626,-0.9202597435528892,0.23568261093877343,-0.5683791926436955,-0.22009318607588202,-0.23136128256136093,0.0692820323027559,0.2465984809580359,-0.43779755946183835,1.221714323239465,0.5405377599750526,1.37623007400284,-0.690491394346993,-0.5755115693951635,1.7870803265351975,-0.5951284714867237
3.8865103308912157,0.8615622609606484,0.2624264847365218,-0.20679364850592954,-0.20492280943177493,3.9283557985473645,-0.8546207383765094,0.4129050217349737,-0.6091671364084753,0.3592752242914503,0.0692820323027559,0.2465984809580359,-0.715044292476683,-0.002664518711251552,0.5405377599750526,1.37623007400284,-0.690491394346993,-0.5755115693951635,1.7870803265351975,-0.5951284714867237
-0.9821357947607412,1.2550714637122016,2.120901347148877,-0.20679364850592954,0.6289211944876885,-0.9814465706291797,0.7808342855964149,-0.5683791926436955,-0.41463016124217866,-0.23860752535479046,0.0692820323027559,0.2465984809580359,-0.20339117603865803,-0.3291655432314426,0.5405377599750526,-0.7266226911401854,-0.690491394346993,-0.5755115693951635,1.7870803265351975,-0.5951284714867237
0.8147170093923363,-1.218414953583275,-0.1378604087061394,-0.20679364850592954,-1.144172584341725,0.8305956125991039,1.3259859602540562,1.8848313433029775,-1.5818520122399586,-0.020844517750413155,0.0692820323027559,0.2465984809580359,-0.26720699091482264,1.221714323239465,0.5405377599750526,1.37623007400284,-0.690491394346993,-0.5755115693951635,-0.5595719370593745,1.6803094590682988
-0.34887947932515767,1.7047962668568335,-0.29511597398718487,-0.20679364850592954,0.5664443659368447,-0.34283713433434315,-0.30946906371886795,-0.07773708545436095,-0.803704111574772,-0.19707898760460635,0.0692820323027559,0.2465984809580359,-0.8885254728473578,0.7319627864591783,0.5405377599750526,1.37623007400284,-0.690491394346993,-0.5755115693951635,1.7870803265351975,-0.5951284714867237
-0.5017462657065456,1.0864246625329645,-1.1671695632729824,-0.20679364850592954,-0.7583684889649668,-0.4969961532018805,2.416289309569339,1.8848313433029775,0.9471286649218978,-0.19126762916564222,0.0692820323027559,0.2465984809580359,-0.886420514493719,0.07896073741879621,0.5405377599750526,-0.7266226911401854,1.4482439726069483,-0.5755115693951635,1.7870803265351975,-0.5951284714867237
-0.7578375315516542,-0.8249057508317219,-0.5667392231089906,-0.20679364850592954,1.6589081338243554,-0.7552522415108994,-0.8546207383765094,-0.07773708545436095,1.1416656400881946,-0.21005047936219332,0.0692820323027559,0.2465984809580359,-0.26720699091482264,1.0584638109793694,0.5405377599750526,-0.7266226911401854,1.4482439726069483,-0.5755115693951635,-0.5595719370593745,-0.5951284714867237
-1.0186566361508262,-1.387061754762512,0.7627851015398482,-0.20679364850592954,-0.8411521456900906,-1.0182761345271616,-0.30946906371886795,-1.0590212998330302,-0.41463016124217866,-0.2411249106747837,0.0692820323027559,0.2465984809580359,4.641985775631998,0.5687122741990828,0.5405377599750526,-0.7266226911401854,1.4482439726069483,-0.5755115693951635,-0.5595719370593745,1.6803094590682988
-0.38550309981859193,-1.274630553976354,0.5626416548185177,-0.20679364850592954,-1.1481262622514143,-0.37977034616074323,-0.8546207383765094,-0.07773708545436095,0.5580547145893046,0.34564718548895607,0.0692820323027559,0.2465984809580359,-0.5442610164747568,-1.1454181045319203,0.5405377599750526,1.37623007400284,-0.690491394346993,-0.5755115693951635,-0.5595719370593745,1.6803094590682988
-0.2825184382626861,0.07454385545754227,-0.08067656678575921,-0.20679364850592954,-0.29681120692039226,-0.27591512188557127,0.23568261093877343,-0.07773708545436095,-0.803704111574772,-0.15286123487074785,0.0692820323027559,0.2465984809580359,-0.26720699091482264,-1.3086686167920156,0.5405377599750526,-0.7266226911401854,1.4482439726069483,1.7375845303178776,-0.5595719370593745,-0.5951284714867237
3.0016507704567728,0.9177778613537274,-0.8383624722307964,-0.20679364850592954,1.3696691600005944,2.883735414320412,-0.8546207383765094,0.4129050217349737,-0.9982410867410686,0.42188760606905534,0.0692820323027559,0.2465984809580359,4.51473956078949,1.6298406038897038,-1.8500095165343355,-0.7266226911401854,1.4482439726069483,-0.5755115693951635,-0.5595719370593745,-0.5951284714867237
3.571903495539292,0.5242686586021743,-1.2815372471137427,-0.20679364850592954,0.907647795140421,3.437213477071856,1.3259859602540562,-0.07773708545436095,-0.9982410867410686,-0.006869312002165366,0.0692820323027559,0.2465984809580359,-1.0139483786934038,-1.553544385182159,-1.8500095165343355,-0.7266226911401854,1.4482439726069483,1.7375845303178776,-0.5595719370593745,-0.5951284714867237
0.16563271204097488,-0.7686901504386429,0.6198254967388979,-0.20679364850592954,0.6436282609533036,0.1760243953278435,-0.30946906371886795,-1.0590212998330302,0.5580547145893046,-0.1952973995063225,0.0692820323027559,0.2465984809580359,-0.8862871016403193,0.8952132987192738,0.5405377599750526,-0.7266226911401854,-0.690491394346993,-0.5755115693951635,-0.5595719370593745,-0.5951284714867237
-0.5482366801215037,0.5242686586021743,-0.7096988279099411,-0.20679364850592954,-0.0027262854641324466,-0.5438795661564408,0.23568261093877343,-0.07773708545436095,-0.22009318607588202,-0.21977870043483477,0.0692820323027559,0.2465984809580359,0.2448167167826459,-0.002664518711251552,0.5405377599750526,-0.7266226911401854,1.4482439726069483,1.7375845303178776,-0.5595719370593745,-0.5951284714867237
2.4448621079129995,0.9177778613537274,0.13376284041566644,-0.20679364850592954,0.18578876942043432,2.4745208559328478,1.8711376349116977,0.9035471289243083,0.16898076425671127,0.175290600556633,0.0692820323027559,0.2465984809580359,-0.26720699091482264,1.5482153477596559,0.5405377599750526,1.37623007400284,-0.690491394346993,-0.5755115693951635,1.7870803265351975,-0.5951284714867237
-0.2264010478340188,0.8615622609606484,-0.33800385542746997,-0.20679364850592954,0.1734277569673782,-0.249359419361129,0.7808342855964149,-0.07773708545436095,-0.9982410867410686,-0.21370027161299712,0.0692820323027559,0.2465984809580359,-0.9517928126595461,0.5687122741990828,-1.8500095165343355,1.37623007400284,-0.690491394346993,-0.5755115693951635,1.7870803265351975,-0.5951284714867237
2.5499023515358896,1.8734430680360705,-0.8955463141511766,-0.20679364850592954,0.1568899991739304,2.5804490387763868,-0.8546207383765094,-0.5683791926436955,-0.41463016124217866,-0.03765027920363295,0.0692820323027559,0.2465984809580359,-0.9083446934023942,-0.3291655432314426,0.5405377599750526,-0.7266226911401854,1.4482439726069483,-0.5755115693951635,1.7870803265351975,-0.5951284714867237
-0.24401053420784963,0.2431906566367793,0.30531436617680696,-0.20679364850592954,1.2116758832204002,-0.2664509017434805,0.7808342855964149,-2.0403055142116995,-1.1927780619073654,-0.20539364099344906,0.0692820323027559,0.2465984809580359,-0.8434022810975215,-0.002664518711251552,-1.8500095165343355,1.37623007400284,-0.690491394346993,-0.5755115693951635,-0.5595719370593745,-0.5951284714867237
-0.25137636994787615,0.4680530582090954,-1.1814655237530776,-0.20679364850592954,0.8426736369630938,-0.24450979957481567,-0.30946906371886795,-1.0590212998330302,-0.9982410867410686,-0.14911429647931612,0.0692820323027559,0.2465984809580359,-0.26720699091482264,-0.5740413116215859,0.5405377599750526,1.37623007400284,-0.690491394346993,-0.5755115693951635,-0.5595719370593745,-0.5951284714867237
-0.7753099791210193,1.3112870641052805,-0.9241382351113667,1.452841000206196,0.541342869999193,-0.7728723893420162,-0.30946906371886795,0.4129050217349737,-1.387315037073662,-0.20287751017758923,0.0692820323027559,0.2465984809580359,-0.8879621741330037,-1.227043360661968,0.5405377599750526,-0.7266226911401854,-0.690491394346993,-0.5755115693951635,1.7870803265351975,-0.5951284714867237
-0.4994166060306302,0.35562185742293734,-0.20934021110661458,-0.20679364850592954,-0.7479638035191045,-0.49464680015773155,-0.8546207383765094,-0.07773708545436095,1.3362026152544912,-0.11659673133256268,0.0692820323027559,-4.0551750201988135,2.4217587166558237,-1.227043360661968,0.5405377599750526,-0.7266226911401854,-0.690491394346993,-0.5755115693951635,1.7870803265351975,-0.5951284714867237
-0.8314273695496867,-0.20653414650785276,2.2209730705095425,-0.20679364850592954,0.7212429068704289,-0.8365881720310293,-0.8546207383765094,-0.07773708545436095,-1.387315037073662,-0.21975458994743402,0.0692820323027559,0.2465984809580359,-0.26720699091482264,-1.0637928484018724,-1.8500095165343355,-0.7266226911401854,-0.690491394346993,1.7375845303178776,-0.5595719370593745,-0.5951284714867237
-0.4489520662861693,0.8053466605675694,-0.29511597398718487,-0.20679364850592954,2.014249422946237,-0.46536383483925303,0.23568261093877343,-1.0590212998330302,1.3362026152544912,0.12728167868042606,0.0692820323027559,0.2465984809580359,2.1035394139969092,-0.4924160554915381,-1.8500095165343355,1.37623007400284,-0.690491394346993,-0.5755115693951635,-0.5595719370593745,-0.5951284714867237
-0.7508142928227917,0.41183745781601633,2.4640043986711584,-0.20679364850592954,0.4503749461614047,-0.7583464248604588,-0.30946906371886795,-1.5496634070223647,0.16898076425671127,-0.1554009130453474,0.0692820323027559,0.2465984809580359,1.6960520887632533,1.3849648354995603,-1.8500095165343355,-0.7266226911401854,1.4482439726069483,-0.5755115693951635,1.7870803265351975,-0.5951284714867237
-0.20464613762510314,-1.49949295554867,1.2917356393033648,-0.20679364850592954,-1.1893527130360417,-0.19738454145394582,0.23568261093877343,-0.07773708545436095,-0.41463016124217866,-0.143491827869951,0.0692820323027559,0.2465984809580359,-0.26720699091482264,0.7319627864591783,0.5405377599750526,-0.7266226911401854,-0.690491394346993,-0.5755115693951635,-0.5595719370593745,1.6803094590682988
-0.9343777714044761,0.7491310601744904,2.4640043986711584,-0.20679364850592954,-0.6468065696857873,-0.9332848332241266,-0.8546207383765094,-1.0590212998330302,0.5580547145893046,-0.22883006522163318,0.0692820323027559,0.2465984809580359,-0.9512888085467031,-0.3291655432314426,0.5405377599750526,1.37623007400284,-0.690491394346993,1.7375845303178776,-0.5595719370593745,-0.5951284714867237
-0.831804226261967,-0.6000433492594058,0.2910184056967119,-0.20679364850592954,-0.04379633264792273,-0.829844200662628,-0.30946906371886795,-0.07773708545436095,-0.6091671364084753,-0.19081177058076773,0.0692820323027559,0.2465984809580359,1.2049149044480187,-1.7167948974422544,0.5405377599750526,1.37623007400284,-0.690491394346993,1.7375845303178776,-0.5595719370593745,-0.5951284714867237
0.06432677583977275,0.4680530582090954,-0.4809634602284204,-0.20679364850592954,-0.1134856747914749,0.0738620872168377,0.7808342855964149,-1.0590212998330302,0.7525916897556012,0.12193013640911027,0.0692820323027559,0.2465984809580359,0.7797281406633426,-1.1454181045319203,0.5405377599750526,-0.7266226911401854,-0.690491394346993,1.7375845303178776,-0.5595719370593745,-0.5951284714867237
-0.35926016876342765,1.4799338652845175,0.5340497338583277,-0.20679364850592954,-0.7888261672329305,-0.353305575104595,0.7808342855964149,0.9035471289243083,-1.387315037073662,-0.09365612733890023,0.0692820323027559,0.2465984809580359,-0.05457654989654041,0.32383650580893947,0.5405377599750526,1.37623007400284,-0.690491394346993,-0.5755115693951635,1.7870803265351975,-0.5951284714867237
0.6164903787328316,-1.218414953583275,-0.9670261165516518,-0.20679364850592954,-0.9014162478881056,0.5687373531155165,0.23568261093877343,-0.5683791926436955,-0.9982410867410686,-0.052086571433667975,0.0692820323027559,0.2465984809580359,-0.26720699091482264,1.3033395793695126,-1.8500095165343355,-0.7266226911401854,-0.690491394346993,-0.5755115693951635,-0.5595719370593745,1.6803094590682988
-0.8928892733525128,-0.20653414650785276,-0.5810351835890857,-0.20679364850592954,-0.5803299113430399,-0.8914456194525918,0.23568261093877343,-0.07773708545436095,-0.22009318607588202,-0.23212505196676847,0.0692820323027559,0.2465984809580359,-1.0571741431948898,1.6298406038897038,0.5405377599750526,1.37623007400284,-0.690491394346993,1.7375845303178776,-0.5595719370593745,-0.5951284714867237
1.7073877816813197,1.1426402629260435,-0.009196764385283997,-0.20679364850592954,0.09083639975148049,1.730812420221819,-0.30946906371886795,0.4129050217349737,1.3362026152544912,0.134687590834575,0.0692820323027559,0.2465984809580359,-0.33097833483985406,0.9768385548493216,0.5405377599750526,-0.7266226911401854,1.4482439726069483,-0.5755115693951635,1.7870803265351975,-0.5951284714867237
0.30065019414071714,-0.3751809476870898,2.1351973076289723,-0.20679364850592954,0.017903605885647562,0.3121832239600635,0.23568261093877343,-1.0590212998330302,-0.9982410867410686,-0.13427048974332179,0.0692820323027559,0.2465984809580359,-0.9937437432285463,0.24221124967889174,0.5405377599750526,1.37623007400284,-0.690491394346993,-0.5755115693951635,-0.5595719370593745,-0.5951284714867237
0.5193298663667142,1.2550714637122016,-0.995618037511842,-0.20679364850592954,-1.048240769172446,0.5327114663248081,-1.9449240876917921,0.4129050217349737,-1.970925962572552,-0.11270715911036926,0.0692820323027559,0.2465984809580359,0.6716340821088729,-0.9005423361417769,0.5405377599750526,-0.7266226911401854,1.4482439726069483,-0.5755115693951635,1.7870803265351975,-0.5951284714867237
-0.07672041365645633,0.5242686586021743,-0.5524432626288956,-0.20679364850592954,-0.9959019707480041,-0.0683774198825912,-0.30946906371886795,-1.0590212998330302,0.16898076425671127,-0.12810011394959225,0.0692820323027559,0.2465984809580359,-0.26720699091482264,0.48708701806903504,0.5405377599750526,-0.7266226911401854,1.4482439726069483,1.7375845303178776,-0.5595719370593745,-0.5951284714867237
-0.6003799452206683,0.4680530582090954,0.977224508741274,-0.20679364850592954,0.3482408308212187,-0.6123372825629767,1.8711376349116977,-1.0590212998330302,-0.9982410867410686,-0.19299943492159963,0.0692820323027559,0.2465984809580359,-0.26720699091482264,-1.6351696413122068,-1.8500095165343355,1.37623007400284,-0.690491394346993,-0.5755115693951635,1.7870803265351975,-0.5951284714867237
-0.5993521541871762,-0.9373369516178799,-1.1242816818326973,-0.20679364850592954,-0.8065792579246874,-0.5954271358898262,-0.8546207383765094,-2.0403055142116995,-0.22009318607588202,-0.11964391770110873,0.0692820323027559,0.2465984809580359,1.6098080908655703,-1.0637928484018724,0.5405377599750526,-0.7266226911401854,1.4482439726069483,-0.5755115693951635,-0.5595719370593745,1.6803094590682988
-0.5508061577052339,-0.7686901504386429,-1.5102726147952634,-0.20679364850592954,0.28584092207406536,-0.5464707643668992,-1.9449240876917921,2.866115557681647,0.9471286649218978,-0.10572766391049994,0.0692820323027559,0.2465984809580359,-0.9273782604874106,-1.227043360661968,0.5405377599750526,1.37623007400284,-0.690491394346993,1.7375845303178776,-0.5595719370593745,-0.5951284714867237
-0.4389482335601798,-1.162199353190196,-1.4387928123947882,-0.20679364850592954,-0.8482056916885053,-0.4336672689382776,-0.8546207383765094,0.9035471289243083,-0.025556210909585365,-0.17168248976104192,0.0692820323027559,0.2465984809580359,-0.26720699091482264,-1.227043360661968,0.5405377599750526,-0.7266226911401854,1.4482439726069483,-0.5755115693951635,-0.5595719370593745,1.6803094590682988
0.014581689818756401,0.5242686586021743,-1.353017049514218,-0.20679364850592954,0.37739087242644465,0.02369648986236346,-1.399772413034151,-0.07773708545436095,0.5580547145893046,-0.02495787330596298,0.0692820323027559,0.2465984809580359,-0.5221737774119264,-1.0637928484018724,0.5405377599750526,-0.7266226911401854,1.4482439726069483,1.7375845303178776,-0.5595719370593745,-0.5951284714867237
-0.19327191685445755,-1.105983752797117,0.6055295362588028,-0.20679364850592954,-0.9406709877048012,-0.18591417070898342,0.23568261093877343,-1.5496634070223647,0.9471286649218978,-0.1170938409097828,0.0692820323027559,0.2465984809580359,-0.2026796408205266,0.16058599354884398,0.5405377599750526,-0.7266226911401854,-0.690491394346993,-0.5755115693951635,-0.5595719370593745,1.6803094590682988
1.4366333637583906,0.8615622609606484,-1.2243534051933627,-0.20679364850592954,-0.26929186515340386,1.3647548565223533,-0.8546207383765094,1.8848313433029775,0.16898076425671127,0.12551944005224477,0.0692820323027559,0.2465984809580359,1.1826497815806554,0.32383650580893947,-1.8500095165343355,-0.7266226911401854,1.4482439726069483,-0.5755115693951635,1.7870803265351975,-0.5951284714867237
0.02537349567042311,-1.274630553976354,1.4632871650645054,-0.20679364850592954,-1.0690501400641703,0.03457952234628859,0.23568261093877343,0.9035471289243083,-0.025556210909585365,-0.13775756225725552,0.0692820323027559,0.2465984809580359,-0.5017467871914026,0.813588042589226,0.5405377599750526,-0.7266226911401854,-0.690491394346993,-0.5755115693951635,-0.5595719370593745,1.6803094590682988
0.11016625593351927,0.6366998593883324,1.30603159978346,-0.20679364850592954,0.229509985838089,0.12008906329141524,0.23568261093877343,-0.5683791926436955,0.5580547145893046,-0.12594888889372832,0.0692820323027559,0.2465984809580359,0.47987534082244665,1.0584638109793694,0.5405377599750526,-0.7266226911401854,1.4482439726069483,-0.5755115693951635,1.7870803265351975,-0.5951284714867237
0.16426232399631885,-0.8811213512248008,-0.995618037511842,-0.20679364850592954,-0.7749729105882796,0.17464242294893245,-0.30946906371886795,0.9035471289243083,-0.41463016124217866,-0.09910565339367272,0.0692820323027559,0.2465984809580359,-0.26720699091482264,1.221714323239465,0.5405377599750526,-0.7266226911401854,1.4482439726069483,1.7375845303178776,-0.5595719370593745,-0.5951284714867237
5.249977915921802,0.5804842589952534,1.692022532746026,-0.20679364850592954,-0.7380719167645121,5.3033492169450005,-0.30946906371886795,0.9035471289243083,-1.5818520122399586,0.4024444736781001,0.0692820323027559,0.2465984809580359,-0.3310524530917428,1.140089067109417,0.5405377599750526,-0.7266226911401854,1.4482439726069483,1.7375845303178776,-0.5595719370593745,-0.5951284714867237
-0.9497946369068572,0.9739934617468065,-0.6382190255094659,-0.20679364850592954,-0.603005869470986,-0.9488320224868769,0.7808342855964149,-0.07773708545436095,-2.1654629377388486,-0.2392628281937441,0.0692820323027559,0.2465984809580359,1.9957418284499944,1.5482153477596559,0.5405377599750526,1.37623007400284,-0.690491394346993,-0.5755115693951635,1.7870803265351975,-0.5951284714867237
-0.5090093223432228,0.07454385545754227,0.8056729829801335,-0.20679364850592954,1.093650136437766,-0.5236544352599968,-1.399772413034151,-1.0590212998330302,0.7525916897556012,-0.21678308527273676,0.0692820323027559,0.2465984809580359,-0.26779993692993226,-0.6556665677516337,-1.8500095165343355,1.37623007400284,-0.690491394346993,1.7375845303178776,-0.5595719370593745,-0.5951284714867237
1.1573140205563612,0.1307594558506213,-0.19504425062651956,-0.20679364850592954,-0.9938533399763817,1.176088707326888,0.23568261093877343,0.9035471289243083,0.16898076425671127,-0.10974315544615182,0.0692820323027559,0.2465984809580359,-0.7153704127849934,-0.9005423361417769,0.5405377599750526,-0.7266226911401854,-0.690491394346993,-0.5755115693951635,-0.5595719370593745,-0.5951284714867237
-0.20231647794918783,-1.443277355155591,-1.5388645357554536,4.772110297630447,-1.0885159783847682,-0.19503518840979697,0.7808342855964149,-1.0590212998330302,-1.970925962572552,-0.14321152884836974,0.0692820323027559,0.2465984809580359,-0.26720699091482264,-0.4107907993614904,0.5405377599750526,-0.7266226911401854,-0.690491394346993,-0.5755115693951635,-0.5595719370593745,1.6803094590682988
1.8917049736875646,-1.105983752797117,2.1351973076289723,-0.20679364850592954,-1.2154413464543876,1.9166877051853668,0.7808342855964149,-1.0590212998330302,-1.5818520122399586,0.19162973569458736,0.0692820323027559,0.2465984809580359,1.6967932712821405,1.4665900916296082,0.5405377599750526,-0.7266226911401854,-0.690491394346993,-0.5755115693951635,-0.5595719370593745,1.6803094590682988
-0.5580692143419113,0.2994062570298583,-0.19504425062651956,-0.20679364850592954,0.8413865122480068,-0.5537952179751283,-0.30946906371886795,-0.5683791926436955,0.16898076425671127,-0.21143848048027544,0.0692820323027559,0.2465984809580359,-0.9935362121232579,-0.6556665677516337,0.5405377599750526,-0.7266226911401854,-0.690491394346993,-0.5755115693951635,-0.5595719370593745,-0.5951284714867237
-0.02594753660194788,0.5804842589952534,1.8063902165867864,-0.20679364850592954,-0.09425059588194837,-0.01717534324393358,-0.30946906371886795,-0.5683791926436955,1.1416656400881946,-0.15503311030471426,0.0692820323027559,0.2465984809580359,-0.351227441255845,0.32383650580893947,0.5405377599750526,1.37623007400284,-0.690491394346993,1.7375845303178776,-0.5595719370593745,-0.5951284714867237
-0.218761134485061,1.1988558633191224,-1.4673847333549783,-0.20679364850592954,-1.037830955739671,-0.24194424315244334,-0.8546207383765094,-0.07773708545436095,-0.025556210909585365,-0.16639895291056273,0.0692820323027559,0.2465984809580359,-0.4818534483844774,0.5687122741990828,-1.8500095165343355,-0.7266226911401854,1.4482439726069483,-0.5755115693951635,1.7870803265351975,-0.5951284714867237
-0.42479897699910557,-1.330846154369433,0.5769376152986128,-0.20679364850592954,-1.2032469935759944,-0.4193984041260201,0.23568261093877343,0.9035471289243083,-0.41463016124217866,-0.1811149401583314,0.0692820323027559,0.2465984809580359,-0.3528283954966407,-1.553544385182159,0.5405377599750526,-0.7266226911401854,1.4482439726069483,-0.5755115693951635,-0.5595719370593745,1.6803094590682988
-0.9194405417177247,-0.9935525520109589,-0.7239947883900362,-0.20679364850592954,0.6875315209063588,-0.9182213342939951,-0.30946906371886795,-1.0590212998330302,-0.803704111574772,-0.22949416296217512,0.0692820323027559,0.2465984809580359,-0.26720699091482264,-0.8189170800117291,0.5405377599750526,-0.7266226911401854,-0.690491394346993,1.7375845303178776,-0.5595719370593745,-0.5951284714867237
0.31555316412635215,0.9739934617468065,1.3775114021839352,-0.20679364850592954,0.5155798637498032,0.276652564698053,-1.9449240876917921,-1.5496634070223647,-0.025556210909585365,1.3801667345200577,0.0692820323027559,0.2465984809580359,-0.8667643540928375,-1.553544385182159,-1.8500095165343355,1.37623007400284,-0.690491394346993,-0.5755115693951635,-0.5595719370593745,-0.5951284714867237
0.07391949215236548,1.5923650660706756,-0.5524432626288956,-0.20679364850592954,0.3556917958053675,0.0835358938692157,1.3259859602540562,-1.0590212998330302,0.7525916897556012,-0.10997548456881628,0.0692820323027559,0.2465984809580359,-0.26720699091482264,1.5482153477596559,0.5405377599750526,-0.7266226911401854,1.4482439726069483,-0.5755115693951635,1.7870803265351975,-0.5951284714867237
-0.2511708117411778,1.0864246625329645,-0.7382907488701311,-0.20679364850592954,0.16748185614210614,-0.24430250371797899,-0.8546207383765094,0.4129050217349737,1.1416656400881946,-0.15609306055095126,0.0692820323027559,0.2465984809580359,-0.35290251374852943,-1.227043360661968,0.5405377599750526,-0.7266226911401854,1.4482439726069483,-0.5755115693951635,1.7870803265351975,-0.5951284714867237
3.2661356630753997,-0.4876121484732478,-0.18074829014642452,1.452841000206196,1.6542032058319558,3.3027369026142925,-0.30946906371886795,1.394189236113643,0.16898076425671127,0.3182558080728506,0.0692820323027559,0.2465984809580359,-0.8215818677414902,-1.0637928484018724,0.5405377599750526,-0.7266226911401854,-0.690491394346993,-0.5755115693951635,-0.5595719370593745,-0.5951284714867237
-0.9005291867014704,0.6366998593883324,-1.367313009994313,-0.20679364850592954,0.4392805464757847,-0.8991501154650215,0.7808342855964149,-0.5683791926436955,-2.1654629377388486,-0.23447631637554026,0.0692820323027559,0.2465984809580359,1.4179752313272551,1.3033395793695126,0.5405377599750526,-0.7266226911401854,-0.690491394346993,-0.5755115693951635,1.7870803265351975,-0.5951284714867237
0.1842699894482978,1.0864246625329645,-1.4102008914345983,-0.20679364850592954,0.6390310206860706,0.194819219681035,-0.8546207383765094,1.394189236113643,3.6706463172500507,-0.14810277040129716,0.0692820323027559,0.2465984809580359,-1.098102241887826,0.48708701806903504,0.5405377599750526,1.37623007400284,-0.690491394346993,-0.5755115693951635,1.7870803265351975,-0.5951284714867237
-0.2181444598649658,-1.0497681524040379,2.292452872910018,-0.20679364850592954,0.36493755620896007,-0.2413457087499486,1.3259859602540562,1.8848313433029775,-0.025556210909585365,-0.1763157292595628,0.0692820323027559,0.2465984809580359,1.374660524923503,-0.3291655432314426,-1.8500095165343355,-0.7266226911401854,1.4482439726069483,-0.5755115693951635,-0.5595719370593745,1.6803094590682988
-0.7661968986240564,-1.0497681524040379,-0.6239230650293708,-0.20679364850592954,-1.2179950839369107,-0.7636822730222573,-1.399772413034151,0.4129050217349737,-0.9982410867410686,-0.21919294018214872,0.0692820323027559,0.2465984809580359,-0.8012734667239885,-0.24754028710139483,0.5405377599750526,-0.7266226911401854,-0.690491394346993,-0.5755115693951635,-0.5595719370593745,1.6803094590682988
-0.9531178279151483,-0.09410294572169475,-1.0670978399123172,-0.20679364850592954,1.2136142622733996,-0.9521833055057365,-0.30946906371886795,0.4129050217349737,0.5580547145893046,-0.23490622037394807,0.0692820323027559,0.2465984809580359,-0.8010511119683223,-1.1454181045319203,0.5405377599750526,-0.7266226911401854,-0.690491394346993,-0.5755115693951635,-0.5595719370593745,-0.5951284714867237
-0.7408447197979185,-0.20653414650785276,-0.23793213206680466,-0.20679364850592954,0.5328355397110286,-0.7381157840124012,-0.30946906371886795,-0.07773708545436095,1.3362026152544912,-0.20800594532242417,0.0692820323027559,0.2465984809580359,-0.26720699091482264,-0.4924160554915381,0.5405377599750526,-0.7266226911401854,1.4482439726069483,1.7375845303178776,-0.5595719370593745,-0.5951284714867237
-0.0926854343766998,-1.387061754762512,0.2767224452166169,-0.20679364850592954,-1.2421325183349756,-0.11957720975350596,-0.30946906371886795,-1.5496634070223647,-1.970925962572552,0.16284687385579924,0.0692820323027559,0.2465984809580359,0.39496547145876,1.0584638109793694,-1.8500095165343355,-0.7266226911401854,-0.690491394346993,-0.5755115693951635,-0.5595719370593745,1.6803094590682988
1.7327742202085739,1.3112870641052805,0.13376284041566644,-0.20679364850592954,1.8086581716423897,1.6521843773648575,0.23568261093877343,-0.5683791926436955,-0.025556210909585365,0.31367532792704883,0.0692820323027559,0.2465984809580359,-0.8030374811189394,0.07896073741879621,-1.8500095165343355,1.37623007400284,-0.690491394346993,-0.5755115693951635,-0.5595719370593745,-0.5951284714867237
-0.9459232906807038,0.7491310601744904,1.7206144537062162,-0.20679364850592954,1.7632421555500886,-0.944927950516453,0.23568261093877343,-1.0590212998330302,-0.41463016124217866,-0.23475299737395514,-14.433756729740645,0.2465984809580359,-0.7363755253702489,-0.9005423361417769,0.5405377599750526,-0.7266226911401854,-0.690491394346993,-0.5755115693951635,-0.5595719370593745,-0.5951284714867237
4.095425988299039,1.3675026644983594,0.44827397097775734,-0.20679364850592954,-0.8961523693222222,4.1390374877123675,-0.30946906371886795,-0.5683791926436955,0.3635177394230079,0.3755638611501153,0.0692820323027559,0.2465984809580359,-0.37392244998416274,-1.1454181045319203,0.5405377599750526,-0.7266226911401854,-0.690491394346993,-0.5755115693951635,1.7870803265351975,-0.5951284714867237
-0.899467135966862,-0.8249057508317219,-0.20934021110661458,-0.20679364850592954,2.363019196839497,-0.8980790868713654,1.3259859602540562,-0.07773708545436095,0.3635177394230079,-0.23355682257518484,0.0692820323027559,0.2465984809580359,1.2924485599285649,-1.3902938729220635,0.5405377599750526,1.37623007400284,-0.690491394346993,-0.5755115693951635,-0.5595719370593745,-0.5951284714867237
0.23754382468430374,1.1988558633191224,-1.2386493656734576,-0.20679364850592954,0.40600503939929394,0.2485433959112055,2.416289309569339,-0.07773708545436095,-0.22009318607588202,-0.1425647763997649,0.0692820323027559,-4.0551750201988135,0.5009249243588353,-0.4924160554915381,0.5405377599750526,-0.7266226911401854,1.4482439726069483,-0.5755115693951635,1.7870803265351975,-0.5951284714867237
0.878953948985591,0.2431906566367793,-0.16645232966632947,-0.20679364850592954,2.4878215783272606,0.8953755678605634,-1.9449240876917921,0.9035471289243083,1.5307395904207879,-0.013115684434753638,0.0692820323027559,0.2465984809580359,-0.26720699091482264,0.9768385548493216,0.5405377599750526,-0.7266226911401854,-0.690491394346993,-0.5755115693951635,-0.5595719370593745,-0.5951284714867237
-0.279880441276723,-0.3751809476870898,1.649134651305741,-0.20679364850592954,0.7073999061996032,-0.27325482505616727,-0.30946906371886795,2.3754734504923123,-0.803704111574772,-0.15254383744925143,0.0692820323027559,0.2465984809580359,-0.26720699091482264,-0.0842897748412993,0.5405377599750526,-0.7266226911401854,-0.690491394346993,-0.5755115693951635,-0.5595719370593745,-0.5951284714867237
-0.4220924606109098,-1.443277355155591,-1.1957614842331725,-0.20679364850592954,-1.0223213593222191,-0.4166690086776707,0.23568261093877343,-0.07773708545436095,1.1416656400881946,-0.14332085371512454,0.0692820323027559,0.2465984809580359,-0.993076678961548,1.3033395793695126,0.5405377599750526,-0.7266226911401854,-0.690491394346993,-0.5755115693951635,-0.5595719370593745,1.6803094590682988
0.03363008363947619,-1.443277355155591,-1.5102726147952634,-0.20679364850592954,-1.0402898254643091,0.04290590592922828,0.23568261093877343,-1.5496634070223647,0.5580547145893046,-0.04998868113720898,0.0692820323027559,-4.0551750201988135,2.1886419908155066,-0.0842897748412993,0.5405377599750526,-0.7266226911401854,-0.690491394346993,-0.5755115693951635,-0.5595719370593745,1.6803094590682988
1.18341991280706,-0.3751809476870898,-0.4952594207085154,-0.20679364850592954,1.762767816760664,1.118989980475738,-0.30946906371886795,-0.07773708545436095,1.3362026152544912,0.09466208582957034,0.0692820323027559,0.2465984809580359,1.2910847840938129,-0.8189170800117291,-1.8500095165343355,-0.7266226911401854,-0.690491394346993,-0.5755115693951635,-0.5595719370593745,-0.5951284714867237
-0.10005127011672645,-0.8811213512248008,0.8199689434602284,-0.20679364850592954,1.1012677609965775,-0.09190549963355332,-0.8546207383765094,-0.07773708545436095,-0.22009318607588202,-0.1309072262098398,0.0692820323027559,0.2465984809580359,-0.26720699091482264,1.140089067109417,0.5405377599750526,-0.7266226911401854,1.4482439726069483,-0.5755115693951635,-0.5595719370593745,-0.5951284714867237
-0.9268063774577512,1.9858742688222286,-1.1528736027928874,-0.20679364850592954,-0.3438348469098237,-0.9291614929502254,1.8711376349116977,-2.0403055142116995,0.9471286649218978,-0.22927444934597752,0.0692820323027559,0.2465984809580359,-0.822901172625109,1.6298406038897038,-1.8500095165343355,1.37623007400284,-0.690491394346993,-0.5755115693951635,1.7870803265351975,-0.5951284714867237
-0.9005291867014704,0.8053466605675694,-0.681106906949751,-0.20679364850592954,-0.3532498308815353,-0.9036572770216967,2.416289309569339,-0.07773708545436095,-1.387315037073662,-0.21294424882063243,0.0692820323027559,0.2465984809580359,0.030022022809213806,0.8952132987192738,-1.8500095165343355,-0.7266226911401854,1.4482439726069483,-0.5755115693951635,1.7870803265351975,-0.5951284714867237
2.577447151233477,1.9858742688222286,-1.4102008914345983,-0.20679364850592954,-0.788800527298367,2.6082266835925005,-0.8546207383765094,1.394189236113643,0.16898076425671127,0.9183656425087654,0.0692820323027559,0.2465984809580359,2.7003988728061765,-0.8189170800117291,0.5405377599750526,-0.7266226911401854,-0.690491394346993,-0.5755115693951635,1.7870803265351975,-0.5951284714867237
-0.038006951394921495,-0.8249057508317219,-0.8526584327108915,-0.20679364850592954,0.872692872350022,-0.06650715939896688,1.8711376349116977,0.4129050217349737,-0.025556210909585365,-0.14056942250559643,0.0692820323027559,0.2465984809580359,-1.0997773143805103,-1.3902938729220635,-1.8500095165343355,1.37623007400284,-0.690491394346993,1.7375845303178776,-0.5595719370593745,-0.5951284714867237
0.6148801727803607,-0.9935525520109589,2.2638609519498276,-0.20679364850592954,0.3727449162835412,0.6290694904443872,0.7808342855964149,0.4129050217349737,0.3635177394230079,-0.06750348196282718,0.0692820323027559,0.2465984809580359,-0.35319898675608424,-1.0637928484018724,0.5405377599750526,-0.7266226911401854,1.4482439726069483,1.7375845303178776,-0.5595719370593745,-0.5951284714867237
-0.7537948868199187,0.2431906566367793,1.5061750465047905,-0.20679364850592954,1.971102541062805,-0.7511754229931116,1.8711376349116977,-0.5683791926436955,0.9471286649218978,-0.21513871948774285,0.0692820323027559,0.2465984809580359,-0.7578846420683476,-1.6351696413122068,0.5405377599750526,-0.7266226911401854,1.4482439726069483,-0.5755115693951635,-0.5595719370593745,-0.5951284714867237
0.9731681270556978,-1.274630553976354,0.8056729829801335,-0.20679364850592954,-1.188183532019947,0.9903861689107041,-1.399772413034151,-0.5683791926436955,0.7525916897556012,-0.0017800622384530015,0.0692820323027559,0.2465984809580359,-0.26720699091482264,-1.3902938729220635,0.5405377599750526,-0.7266226911401854,-0.690491394346993,-0.5755115693951635,-0.5595719370593745,1.6803094590682988
-0.7283056691893152,-1.105983752797117,0.5340497338583277,-0.20679364850592954,-0.9781386240824217,-0.7364999191693985,-0.8546207383765094,0.4129050217349737,1.3362026152544912,-0.223767031094849,0.0692820323027559,0.2465984809580359,-0.7995539232801707,0.8952132987192738,-1.8500095165343355,-0.7266226911401854,-0.690491394346993,-0.5755115693951635,-0.5595719370593745,1.6803094590682988
-0.7268667617424263,1.2550714637122016,0.3624982080971871,-0.20679364850592954,2.510302672952524,-0.7240196657475075,0.23568261093877343,-1.0590212998330302,-0.22009318607588202,-0.21037444537032998,0.0692820323027559,0.2465984809580359,1.7801911283072975,1.6298406038897038,0.5405377599750526,1.37623007400284,-0.690491394346993,-0.5755115693951635,-0.5595719370593745,-0.5951284714867237
-1.0014240064892757,0.41183745781601633,2.2352690309896377,-0.20679364850592954,1.5767500915025805,-1.000897831862354,-0.30946906371886795,-0.07773708545436095,0.5580547145893046,-0.23935821529517423,0.0692820323027559,0.2465984809580359,-0.26720699091482264,-0.4107907993614904,0.5405377599750526,-0.7266226911401854,1.4482439726069483,-0.5755115693951635,-0.5595719370593745,-0.5951284714867237
-0.5613924053502023,-1.105983752797117,0.04798707753509617,-0.20679364850592954,-0.8312679509158671,-0.5744966075608055,-1.399772413034151,0.4129050217349737,1.1416656400881946,2.8323978235748233,0.0692820323027559,0.2465984809580359,0.37075845039191285,1.3849648354995603,-1.8500095165343355,-0.7266226911401854,1.4482439726069483,-0.5755115693951635,-0.5595719370593745,1.6803094590682988
0.3803725186385857,0.1869750562437003,0.5626416548185177,-0.20679364850592954,-0.6706952967185863,0.3395651807825067,-0.30946906371886795,-0.5683791926436955,-0.22009318607588202,0.4732770140133228,0.0692820323027559,0.2465984809580359,-0.9706336722896518,-0.6556665677516337,-1.8500095165343355,-0.7266226911401854,1.4482439726069483,1.7375845303178776,-0.5595719370593745,-0.5951284714867237
0.20201651462659434,0.1307594558506213,-0.9670261165516518,-0.20679364850592954,-0.6739643883754306,0.2127157619879342,-0.30946906371886795,-1.0590212998330302,0.5580547145893046,-0.004029528905689414,0.0692820323027559,0.2465984809580359,1.8882851868617674,0.48708701806903504,0.5405377599750526,-0.7266226911401854,1.4482439726069483,1.7375845303178776,-0.5595719370593745,-0.5951284714867237
-0.9704189769789316,1.2550714637122016,-1.367313009994313,-0.20679364850592954,0.7225864394415555,-0.9714911759711079,-1.399772413034151,-0.5683791926436955,0.9471286649218978,-0.23382501085122212,0.0692820323027559,0.2465984809580359,-0.9287123890214071,0.07896073741879621,-1.8500095165343355,-0.7266226911401854,1.4482439726069483,-0.5755115693951635,1.7870803265351975,-0.5951284714867237
-0.12300526986471606,0.4680530582090954,-0.5095553811886104,-0.20679364850592954,0.003165771498556285,-0.11505353698031484,-0.8546207383765094,-1.5496634070223647,0.5580547145893046,-0.06832562322752601,0.0692820323027559,0.2465984809580359,-0.2250337055901564,0.7319627864591783,0.5405377599750526,-0.7266226911401854,-0.690491394346993,-0.5755115693951635,1.7870803265351975,-0.5951284714867237
-0.8300227218039142,-1.443277355155591,-0.03778868534547408,-0.20679364850592954,-1.249309136019295,-0.8280476365700435,-1.399772413034151,2.3754734504923123,0.7525916897556012,-0.21873562698677712,0.0692820323027559,0.2465984809580359,-0.26720699091482264,1.5482153477596559,0.5405377599750526,-0.7266226911401854,-0.690491394346993,-0.5755115693951635,-0.5595719370593745,1.6803094590682988
-0.3824197267181157,-1.218414953583275,-1.4387928123947882,-0.20679364850592954,-0.8557053725483247,-0.37666090830819315,-1.399772413034151,0.4129050217349737,-1.1927780619073654,-0.16488111644326153,0.0692820323027559,0.2465984809580359,-0.26720699091482264,-0.9005423361417769,0.5405377599750526,-0.7266226911401854,1.4482439726069483,-0.5755115693951635,-0.5595719370593745,1.6803094590682988
1.3531082124366014,0.4680530582090954,-0.15215636918623443,-0.20679364850592954,-0.6827255540157734,1.373538010963817,-0.30946906371886795,0.4129050217349737,0.16898076425671127,0.21128586551654632,0.0692820323027559,0.2465984809580359,-0.8646890430399541,-1.3086686167920156,0.5405377599750526,1.37623007400284,-0.690491394346993,-0.5755115693951635,1.7870803265351975,-0.5951284714867237
-0.7282371497870824,0.35562185742293734,-1.0242099584720321,-0.20679364850592954,-0.1324899942899299,-0.7254016381264187,-0.8546207383765094,-0.5683791926436955,-0.803704111574772,-0.2180006265549402,0.0692820323027559,0.2465984809580359,-0.37411515743907336,1.221714323239465,0.5405377599750526,-0.7266226911401854,-0.690491394346993,-0.5755115693951635,1.7870803265351975,-0.5951284714867237
-0.03612266783351931,-1.274630553976354,1.320327560263555,-0.20679364850592954,-1.0024324620813236,-0.027436488157348674,0.23568261093877343,-1.0590212998330302,0.16898076425671127,-0.13286459952957974,0.0692820323027559,0.2465984809580359,-1.0152825072274003,0.32383650580893947,0.5405377599750526,-0.7266226911401854,-0.690491394346993,-0.5755115693951635,-0.5595719370593745,1.6803094590682988
0.38376422904910956,1.1426402629260435,-0.43807557878813524,-0.20679364850592954,1.6880940713379704,0.39599984874102395,0.23568261093877343,0.9035471289243083,-1.1927780619073654,-0.07269571469850976,0.0692820323027559,0.2465984809580359,-0.26720699091482264,-0.24754028710139483,0.5405377599750526,1.37623007400284,-0.690491394346993,-0.5755115693951635,-0.5595719370593745,-0.5951284714867237
1.5901168247598738,-1.443277355155591,-1.3244251285540278,-0.20679364850592954,-1.2725158407927053,1.6125501338964985,0.23568261093877343,-0.07773708545436095,-1.387315037073662,-0.015411829150259548,0.0692820323027559,0.2465984809580359,-0.09559359049174299,-1.0637928484018724,0.5405377599750526,-0.7266226911401854,-0.690491394346993,-0.5755115693951635,-0.5595719370593745,1.6803094590682988
-0.6305627419042188,-0.3751809476870898,2.1923811495493526,-0.20679364850592954,0.11971465805033361,-0.6269015568195273,-0.30946906371886795,-0.5683791926436955,-0.22009318607588202,-0.21796562140434655,0.0692820323027559,-4.0551750201988135,-0.8655784620626183,-1.0637928484018724,0.5405377599750526,-0.7266226911401854,1.4482439726069483,1.7375845303178776,-0.5595719370593745,-0.5951284714867237
-0.7166231111086219,0.9739934617468065,-0.40948365782794516,-0.20679364850592954,1.8632917442102634,-0.7136894222151468,1.3259859602540562,-0.5683791926436955,0.3635177394230079,-0.2164354658723419,0.0692820323027559,0.2465984809580359,-0.5451059645462879,-0.7372918238816814,0.5405377599750526,-0.7266226911401854,-0.690491394346993,-0.5755115693951635,-0.5595719370593745,-0.5951284714867237
-0.29543434558356974,0.35562185742293734,2.378228635790588,-0.20679364850592954,0.7253965762697134,-0.316362020529297,0.23568261093877343,-0.07773708545436095,-1.1927780619073654,-0.16668061090227473,0.0692820323027559,0.2465984809580359,-0.3742040993413398,-0.6556665677516337,-1.8500095165343355,1.37623007400284,-0.690491394346993,1.7375845303178776,-0.5595719370593745,-0.5951284714867237
-0.8324551605831787,0.7491310601744904,0.5769376152986128,-0.20679364850592954,0.5182694928855129,-0.8305006375426107,0.7808342855964149,-0.5683791926436955,-0.41463016124217866,-0.22058666052348325,0.0692820323027559,0.2465984809580359,-0.8225898759671766,0.32383650580893947,0.5405377599750526,-0.7266226911401854,-0.690491394346993,1.7375845303178776,-0.5595719370593745,-0.5951284714867237
0.01358815848638066,0.2431906566367793,-0.02349272486537904,-0.20679364850592954,1.352582707607488,0.022694559887652812,0.23568261093877343,0.4129050217349737,-0.025556210909585365,-0.11723440481888371,0.0692820323027559,0.2465984809580359,-0.26720699091482264,1.4665900916296082,0.5405377599750526,1.37623007400284,-0.690491394346993,-0.5755115693951635,-0.5595719370593745,-0.5951284714867237
-0.7258389707089341,-0.20653414650785276,2.092309426188687,-0.20679364850592954,2.5163152376076616,-0.7229831864633242,0.7808342855964149,1.394189236113643,0.5580547145893046,-0.20697024776047968,0.0692820323027559,0.2465984809580359,-0.6744126667913016,1.6298406038897038,0.5405377599750526,-0.7266226911401854,-0.690491394346993,-0.5755115693951635,-0.5595719370593745,-0.5951284714867237
-0.19244968402766394,0.6929154597814113,-0.052084645825569126,-0.20679364850592954,2.113427253831254,-0.2164067753126652,0.23568261093877343,0.9035471289243083,-0.41463016124217866,-0.08994241855842945,0.0692820323027559,0.2465984809580359,-0.030102703122894023,-1.3086686167920156,-1.8500095165343355,-0.7266226911401854,1.4482439726069483,-0.5755115693951635,-0.5595719370593745,-0.5951284714867237
1.4817533901286928,1.8172274676429916,-0.38089173686775507,-0.20679364850592954,0.3255623086998163,1.4085476236382233,1.3259859602540562,0.9035471289243083,-0.41463016124217866,0.1820798474449435,0.0692820323027559,0.2465984809580359,0.9485398711650298,-1.227043360661968,-1.8500095165343355,1.37623007400284,-0.690491394346993,-0.5755115693951635,1.7870803265351975,-0.5951284714867237
-0.39184114452512636,-0.9935525520109589,-0.8097705512706064,-0.20679364850592954,-1.0486433161450925,-0.38616196841320727,0.7808342855964149,1.394189236113643,-0.22009318607588202,-0.1759550719566772,0.0692820323027559,0.2465984809580359,0.43755381899400286,0.32383650580893947,0.5405377599750526,-0.7266226911401854,-0.690491394346993,-0.5755115693951635,-0.5595719370593745,1.6803094590682988
-0.32561714226712035,-1.330846154369433,-1.2243534051933627,1.452841000206196,-1.131380820988002,-0.3193781532023265,-0.30946906371886795,-0.07773708545436095,-0.22009318607588202,-0.1616784211930008,0.0692820323027559,0.2465984809580359,-0.24592022897239008,-0.9821675922718247,0.5405377599750526,-0.7266226911401854,-0.690491394346993,-0.5755115693951635,-0.5595719370593745,1.6803094590682988
-0.7421465884403418,-0.3751809476870898,0.5340497338583277,-0.20679364850592954,0.2081980722289203,-0.7394286577723668,0.7808342855964149,1.394189236113643,3.6706463172500507,-0.20816258301095486,0.0692820323027559,0.2465984809580359,-0.26720699091482264,1.4665900916296082,0.5405377599750526,-0.7266226911401854,1.4482439726069483,-0.5755115693951635,-0.5595719370593745,-0.5951284714867237
-0.28721201731563323,1.8734430680360705,2.321044793870208,-0.20679364850592954,-0.40654243487173886,-0.30838156182936644,1.3259859602540562,-1.0590212998330302,0.7525916897556012,0.07947532428619856,0.0692820323027559,0.2465984809580359,-0.010876428582966969,-0.9821675922718247,-1.8500095165343355,-0.7266226911401854,-0.690491394346993,-0.5755115693951635,1.7870803265351975,-0.5951284714867237
-0.1676456604193885,-0.9373369516178799,-0.09497252726585426,-0.20679364850592954,-0.6520012204283494,-0.16007128722334515,1.8711376349116977,-0.07773708545436095,0.16898076425671127,-0.1390400198801311,0.0692820323027559,0.2465984809580359,-0.26720699091482264,-1.227043360661968,0.5405377599750526,-0.7266226911401854,1.4482439726069483,1.7375845303178776,-0.5595719370593745,-0.5951284714867237
1.082970469133768,0.9177778613537274,-1.1814655237530776,-0.20679364850592954,0.5622342886815205,1.0214953766915846,1.8711376349116977,-0.5683791926436955,-0.6091671364084753,0.05856537563637317,0.0692820323027559,0.2465984809580359,-0.6945135367035151,-0.6556665677516337,-1.8500095165343355,1.37623007400284,-0.690491394346993,-0.5755115693951635,1.7870803265351975,-0.5951284714867237
0.20756658620745155,-1.49949295554867,0.5340497338583277,-0.20679364850592954,-1.1523722354151276,0.21831275012252435,-0.8546207383765094,-0.5683791926436955,1.3362026152544912,-0.1405287387556653,0.0692820323027559,0.2465984809580359,-0.0973576048866939,-1.3902938729220635,0.5405377599750526,-0.7266226911401854,-0.690491394346993,-0.5755115693951635,-0.5595719370593745,1.6803094590682988
0.01999472259514794,-1.274630553976354,-1.2815372471137427,-0.20679364850592954,-0.8412623974087137,0.0291552807590624,-1.399772413034151,3.847399772060316,-0.22009318607588202,-0.1508508307943075,0.0692820323027559,0.2465984809580359,0.1175408546393823,1.6298406038897038,0.5405377599750526,1.37623007400284,-0.690491394346993,-0.5755115693951635,-0.5595719370593745,1.6803094590682988
-0.9817931977495773,-0.15031854611477377,-1.1099857213526023,-0.20679364850592954,0.7090357340247536,-0.9811010775344521,-0.30946906371886795,1.394189236113643,1.1416656400881946,-0.23802165857060234,0.0692820323027559,0.2465984809580359,0.07438920838978529,-1.553544385182159,0.5405377599750526,-0.7266226911401854,1.4482439726069483,-0.5755115693951635,-0.5595719370593745,-0.5951284714867237
-0.9462316279907514,-0.6000433492594058,1.9779417423479269,-0.20679364850592954,1.1486195921484217,-0.945238894301708,-0.8546207383765094,-0.07773708545436095,-1.387315037073662,-0.23306259940823043,0.0692820323027559,0.2465984809580359,2.057808452581586,-0.5740413116215859,0.5405377599750526,1.37623007400284,-0.690491394346993,1.7375845303178776,-0.5595719370593745,-0.5951284714867237
-0.7538976659232678,1.2550714637122016,-0.666810946469656,-0.20679364850592954,-0.14817907024932625,-0.7512790709215297,-0.8546207383765094,-1.0590212998330302,-0.9982410867410686,-0.20957644425216618,0.0692820323027559,0.2465984809580359,-0.26720699091482264,0.813588042589226,0.5405377599750526,-0.7266226911401854,1.4482439726069483,-0.5755115693951635,1.7870803265351975,-0.5951284714867237
-0.4623133497215663,0.8053466605675694,0.39109012905737717,-0.20679364850592954,1.1247334291090791,-0.45722989799871244,-1.399772413034151,0.4129050217349737,0.7525916897556012,0.013525759686705741,0.0692820323027559,0.2465984809580359,1.013408165218014,0.48708701806903504,0.5405377599750526,-0.7266226911401854,-0.690491394346993,1.7375845303178776,-0.5595719370593745,-0.5951284714867237
0.9623420615029147,0.8053466605675694,0.8628568249005136,-0.20679364850592954,0.3489151611002384,0.9794685871173062,-0.8546207383765094,0.4129050217349737,-0.41463016124217866,0.34418484428167206,0.0692820323027559,0.2465984809580359,2.2732405635212607,0.40546176193898725,0.5405377599750526,1.37623007400284,-0.690491394346993,-0.5755115693951635,1.7870803265351975,-0.5951284714867237
-0.6756485085734045,1.0302090621398854,-1.009913997991937,-0.20679364850592954,1.2967081622067418,-0.6723684480857038,2.416289309569339,-0.07773708545436095,0.7525916897556012,-0.19681112727807965,0.0692820323027559,0.2465984809580359,-0.20328741048601384,1.4665900916296082,0.5405377599750526,1.37623007400284,-0.690491394346993,-0.5755115693951635,-0.5595719370593745,-0.5951284714867237
-0.8281726979436284,-0.31896534729401077,-0.7382907488701311,-0.20679364850592954,0.05952491166255268,-0.8261819738585134,1.3259859602540562,3.847399772060316,0.5580547145893046,-0.21851303658728613,0.0692820323027559,0.2465984809580359,-0.26720699091482264,1.4665900916296082,0.5405377599750526,-0.7266226911401854,1.4482439726069483,1.7375845303178776,-0.5595719370593745,-0.5951284714867237
-0.9393796877674709,0.07454385545754227,0.7913770225000384,4.772110297630447,2.496554540039584,-0.9383290324071524,0.7808342855964149,-0.5683791926436955,-1.387315037073662,-0.19060138006786254,0.0692820323027559,0.2465984809580359,-0.7573361670043713,-0.7372918238816814,0.5405377599750526,-0.7266226911401854,-0.690491394346993,-0.5755115693951635,-0.5595719370593745,-0.5951284714867237
1.787966598707098,-1.105983752797117,-1.338721089034123,-0.20679364850592954,-0.8486313146022592,1.8120723961017937,-0.30946906371886795,-0.5683791926436955,0.9471286649218978,2.2728711827337644,0.0692820323027559,0.2465984809580359,4.000032772373651,1.6298406038897038,0.5405377599750526,-0.7266226911401854,-0.690491394346993,-0.5755115693951635,-0.5595719370593745,1.6803094590682988
-0.018890038171968958,1.5361494656775965,-1.2529453261535526,-0.20679364850592954,0.7271939356826136,-0.01005818549254121,0.7808342855964149,0.4129050217349737,-0.22009318607588202,-0.12298625014232276,0.0692820323027559,0.2465984809580359,0.7160012676894446,-1.0637928484018724,0.5405377599750526,-0.7266226911401854,-0.690491394346993,-0.5755115693951635,1.7870803265351975,-0.5951284714867237
-0.40660707570629584,-1.49949295554867,-1.4387928123947882,-0.20679364850592954,0.9631864573983855,-0.40105272079597476,-0.30946906371886795,1.394189236113643,-0.803704111574772,-0.16779127981438455,0.0692820323027559,0.2465984809580359,-0.26720699091482264,0.6503375303291306,0.5405377599750526,-0.7266226911401854,-0.690491394346993,-0.5755115693951635,-0.5595719370593745,1.6803094590682988
-0.8342024053401152,-0.9373369516178799,-1.4673847333549783,-0.20679364850592954,-1.070055225499059,-0.8392815768422559,-0.30946906371886795,-0.07773708545436095,-0.22009318607588202,-0.2047695529631529,0.0692820323027559,0.2465984809580359,0.2886354272992412,-1.3902938729220635,-1.8500095165343355,1.37623007400284,-0.690491394346993,1.7375845303178776,-0.5595719370593745,-0.5951284714867237
-0.9528094906051007,-0.9935525520109589,-0.08067656678575921,-0.20679364850592954,-0.09607615922286847,-0.9518723617204814,1.3259859602540562,0.4129050217349737,0.9471286649218978,-0.22120742709650718,0.0692820323027559,0.2465984809580359,0.008527729761492787,-0.9821675922718247,0.5405377599750526,-0.7266226911401854,-0.690491394346993,1.7375845303178776,-0.5595719370593745,-0.5951284714867237
0.6113171638642547,1.8172274676429916,-0.29511597398718487,-0.20679364850592954,0.21641054326960446,0.5637163145168099,-0.30946906371886795,-0.5683791926436955,-0.025556210909585365,0.4462153476893965,0.0692820323027559,0.2465984809580359,0.03160815339963181,-0.4924160554915381,-1.8500095165343355,1.37623007400284,-0.690491394346993,-0.5755115693951635,1.7870803265351975,-0.5951284714867237
-0.2650459906933208,-0.20653414650785276,-1.0242099584720321,-0.20679364850592954,-0.42979785552081967,-0.2582949740544543,2.416289309569339,0.4129050217349737,0.16898076425671127,-0.09450510530902345,0.0692820323027559,0.2465984809580359,-0.7348931603324751,0.32383650580893947,0.5405377599750526,-0.7266226911401854,-0.690491394346993,1.7375845303178776,-0.5595719370593745,-0.5951284714867237
-0.8244726502230569,1.7610118672499127,-0.6525149859895609,-0.20679364850592954,0.4846786146138912,-0.8298380340473379,-1.399772413034151,-0.5683791926436955,-0.41463016124217866,-0.2050501524040762,0.0692820323027559,0.2465984809580359,0.69164601011882,-1.3086686167920156,-1.8500095165343355,-0.7266226911401854,1.4482439726069483,-0.5755115693951635,1.7870803265351975,-0.5951284714867237
-0.41983132033722714,-0.31896534729401077,-1.2243534051933627,-0.20679364850592954,-0.9402043408957458,-0.41438875425246724,-0.30946906371886795,-1.0590212998330302,1.1416656400881946,-0.16938238896630164,0.0692820323027559,0.2465984809580359,-0.26720699091482264,1.3033395793695126,0.5405377599750526,-0.7266226911401854,1.4482439726069483,1.7375845303178776,-0.5595719370593745,-0.5951284714867237
-0.7675672866687124,0.35562185742293734,0.5483456943384226,-0.20679364850592954,-0.5902935899144102,-0.7650642454011684,0.23568261093877343,-0.5683791926436955,-0.9982410867410686,-0.1904480154926999,0.0692820323027559,0.2465984809580359,-0.9513036321970807,-1.6351696413122068,0.5405377599750526,-0.7266226911401854,-0.690491394346993,1.7375845303178776,-0.5595719370593745,-0.5951284714867237
-0.6549213893979811,0.41183745781601633,0.6341214572189929,-0.20679364850592954,1.099649881125622,-0.665274325272517,0.23568261093877343,1.394189236113643,-0.9982410867410686,-0.13742343128875723,0.0692820323027559,0.2465984809580359,0.9932480007042892,0.813588042589226,-1.8500095165343355,-0.7266226911401854,-0.690491394346993,1.7375845303178776,-0.5595719370593745,-0.5951284714867237
-0.5913011244248216,0.2431906566367793,0.8199689434602284,-0.20679364850592954,-0.4867851740816213,-0.6035255260818032,0.23568261093877343,0.4129050217349737,-0.025556210909585365,-0.11310240579202893,0.0692820323027559,0.2465984809580359,-0.05502125940787257,-0.4107907993614904,-1.8500095165343355,-0.7266226911401854,1.4482439726069483,1.7375845303178776,-0.5595719370593745,-0.5951284714867237
-0.7539319256243843,0.5242686586021743,-0.9241382351113667,-0.20679364850592954,0.011357730591589916,-0.7513136202310027,-0.8546207383765094,-0.5683791926436955,0.16898076425671127,-0.1629820811408727,0.0692820323027559,0.2465984809580359,-0.03109588769820241,-0.002664518711251552,0.5405377599750526,1.37623007400284,-0.690491394346993,-0.5755115693951635,1.7870803265351975,-0.5951284714867237
1.1834541725081762,-0.4876121484732478,-0.9670261165516518,-0.20679364850592954,-0.5723199957854073,1.1190232323869875,0.7808342855964149,1.394189236113643,0.9471286649218978,0.4596443210222713,0.0692820323027559,0.2465984809580359,-0.9519114018625678,-0.3291655432314426,-1.8500095165343355,-0.7266226911401854,1.4482439726069483,1.7375845303178776,-0.5595719370593745,-0.5951284714867237
0.07426208916352939,0.2994062570298583,0.4339780104976623,-0.20679364850592954,1.3218609380135204,0.08388138696394337,0.7808342855964149,-0.07773708545436095,0.16898076425671127,-0.047523265991470456,0.0692820323027559,0.2465984809580359,-0.9713600311581609,1.140089067109417,0.5405377599750526,-0.7266226911401854,-0.690491394346993,-0.5755115693951635,-0.5595719370593745,-0.5951284714867237
0.8298255375846697,0.07454385545754227,0.8199689434602284,-0.20679364850592954,-0.7853647760668601,0.845831858076599,-0.8546207383765094,-0.07773708545436095,0.5580547145893046,-0.019026696154570047,0.0692820323027559,0.2465984809580359,-0.26720699091482264,1.3033395793695126,0.5405377599750526,-0.7266226911401854,1.4482439726069483,1.7375845303178776,-0.5595719370593745,-0.5951284714867237
-1.0002249169502018,0.8053466605675694,-1.038505918952127,-0.20679364850592954,1.9457984896421014,-0.9996886060308068,-1.399772413034151,1.394189236113643,0.5580547145893046,-0.24026831993146128,0.0692820323027559,0.2465984809580359,-0.779067638458136,-1.3902938729220635,0.5405377599750526,-0.7266226911401854,1.4482439726069483,-0.5755115693951635,-0.5595719370593745,-0.5951284714867237
0.7110471538141024,1.3112870641052805,0.8485608644204186,-0.20679364850592954,-0.6637750783799017,0.7260494021344762,0.23568261093877343,0.4129050217349737,0.16898076425671127,-0.033317824210778876,0.0692820323027559,0.2465984809580359,-0.26720699091482264,0.8952132987192738,0.5405377599750526,-0.7266226911401854,-0.690491394346993,-0.5755115693951635,1.7870803265351975,-0.5951284714867237
1.4133710267003534,-1.0497681524040379,1.5347669674649806,-0.20679364850592954,-1.1919167064923903,1.4343102463264343,0.23568261093877343,-0.07773708545436095,0.16898076425671127,-0.07059471188691446,0.0692820323027559,0.2465984809580359,0.2651695887512809,-0.7372918238816814,0.5405377599750526,-0.7266226911401854,-0.690491394346993,-0.5755115693951635,-0.5595719370593745,1.6803094590682988
0.43960754186884565,-1.218414953583275,-1.038505918952127,-0.20679364850592954,-1.2129542728017297,0.4523152231816528,-0.8546207383765094,0.4129050217349737,0.9471286649218978,-0.15630861900391468,0.0692820323027559,0.2465984809580359,-0.7581514677751469,-0.3291655432314426,0.5405377599750526,-0.7266226911401854,-0.690491394346993,-0.5755115693951635,-0.5595719370593745,1.6803094590682988
-0.5489903935460646,-0.2627497469009318,1.4346952441043153,-0.20679364850592954,1.9353938041962393,-0.56245941568841,0.23568261093877343,-1.0590212998330302,1.3362026152544912,-0.21100975667465227,0.0692820323027559,0.2465984809580359,-0.9917129031267959,1.0584638109793694,-1.8500095165343355,-0.7266226911401854,1.4482439726069483,-0.5755115693951635,-0.5595719370593745,-0.5951284714867237
-0.9712754695068417,1.4237182648914386,-0.5524432626288956,-0.20679364850592954,-0.0005366350524108402,-0.9704944395263091,0.7808342855964149,-1.0590212998330302,1.1416656400881946,-0.23768550944688588,0.0692820323027559,0.2465984809580359,-0.823924004501173,1.221714323239465,0.5405377599750526,-0.7266226911401854,-0.690491394346993,-0.5755115693951635,-0.5595719370593745,-0.5951284714867237
-0.9007690046092852,-1.443277355155591,-0.695402867429846,-0.20679364850592954,-1.083467475269218,-0.899391960631331,1.3259859602540562,-1.5496634070223647,-1.970925962572552,-0.22978019366069438,0.0692820323027559,0.2465984809580359,-0.8009769937164337,-1.227043360661968,0.5405377599750526,-0.7266226911401854,1.4482439726069483,-0.5755115693951635,-0.5595719370593745,1.6803094590682988
3.768554179947442,-1.0497681524040379,0.34820224761709206,-0.20679364850592954,-1.0203445203673742,3.6280794476451974,-0.8546207383765094,-1.0590212998330302,-0.803704111574772,0.31647252046569446,0.0692820323027559,0.2465984809580359,3.2128079954134656,-1.553544385182159,-1.8500095165343355,-0.7266226911401854,-0.690491394346993,-0.5755115693951635,-0.5595719370593745,1.6803094590682988
-0.2714182951009716,0.9739934617468065,-0.20934021110661458,-0.20679364850592954,1.2378798963442816,-0.264721145616391,-0.8546207383765094,2.3754734504923123,-1.387315037073662,-0.15152569247380188,0.0692820323027559,0.2465984809580359,-0.26720699091482264,-0.4924160554915381,0.5405377599750526,-0.7266226911401854,-0.690491394346993,-0.5755115693951635,-0.5595719370593745,-0.5951284714867237
-0.7319371975076538,1.7047962668568335,0.7198972200995631,-0.20679364850592954,0.5894305672730091,-0.7291329635494789,-0.30946906371886795,0.9035471289243083,1.1416656400881946,-0.19479222964758694,0.0692820323027559,0.2465984809580359,-0.9079444548421953,0.48708701806903504,0.5405377599750526,-0.7266226911401854,1.4482439726069483,-0.5755115693951635,1.7870803265351975,-0.5951284714867237
0.9909831716362273,-0.4876121484732478,-0.4809634602284204,-0.20679364850592954,0.39507217130142386,1.008351809836549,1.3259859602540562,-0.07773708545436095,1.3362026152544912,0.23053734678816587,0.0692820323027559,0.2465984809580359,0.22416737180645604,0.16058599354884398,0.5405377599750526,-0.7266226911401854,-0.690491394346993,-0.5755115693951635,-0.5595719370593745,-0.5951284714867237
-0.31294105285405144,1.6485806664637546,-0.9098422746312717,-0.20679364850592954,-0.37517197493331494,-0.30659490869739847,0.23568261093877343,0.4129050217349737,0.16898076425671127,-0.15692282941351843,0.0692820323027559,0.2465984809580359,-0.05445796069351841,-1.4719191290521112,0.5405377599750526,-0.7266226911401854,-0.690491394346993,-0.5755115693951635,1.7870803265351975,-0.5951284714867237
0.432926900151147,-0.09410294572169475,-0.6382190255094659,-0.20679364850592954,0.8358816182972262,0.4455781078344609,0.7808342855964149,-1.5496634070223647,-0.9982410867410686,-0.06678058093425834,0.0692820323027559,0.2465984809580359,-0.26720699091482264,1.221714323239465,0.5405377599750526,-0.7266226911401854,-0.690491394346993,-0.5755115693951635,-0.5595719370593745,-0.5951284714867237
-0.44213438576400527,1.4237182648914386,0.319610326656902,1.452841000206196,2.1259856937804487,-0.436880354719246,-1.399772413034151,-2.0403055142116995,0.5580547145893046,-0.19319952586973366,0.0692820323027559,0.2465984809580359,-1.0381850470610063,0.5687122741990828,0.5405377599750526,-0.7266226911401854,-0.690491394346993,-0.5755115693951635,-0.5595719370593745,-0.5951284714867237
1.4475964681156395,-1.274630553976354,-0.33800385542746997,-0.20679364850592954,-1.212072259052746,1.375395468122261,-0.30946906371886795,0.4129050217349737,-1.1927780619073654,0.05404075403760042,0.0692820323027559,0.2465984809580359,-0.842186741766547,0.6503375303291306,-1.8500095165343355,-0.7266226911401854,-0.690491394346993,-0.5755115693951635,-0.5595719370593745,1.6803094590682988
0.3056521105037119,0.6929154597814113,0.41968205001756725,-0.20679364850592954,0.5284357269399347,0.2670427623468865,0.23568261093877343,-0.5683791926436955,-0.22009318607588202,-0.13404125982081286,0.0692820323027559,0.2465984809580359,-0.7369536477349807,-0.8189170800117291,-1.8500095165343355,-0.7266226911401854,1.4482439726069483,-0.5755115693951635,-0.5595719370593745,-0.5951284714867237
-0.33651172722213635,-1.162199353190196,-0.5810351835890857,-0.20679364850592954,-0.96995948495667,-0.33036483361467006,1.8711376349116977,-0.07773708545436095,-0.803704111574772,-0.18447825032289272,0.0692820323027559,0.2465984809580359,1.4185978246431203,-1.227043360661968,0.5405377599750526,-0.7266226911401854,1.4482439726069483,-0.5755115693951635,-0.5595719370593745,1.6803094590682988
-0.34295255103202,0.4680530582090954,-1.2815372471137427,-0.20679364850592954,-0.027940597113863593,-0.3624824214326465,1.8711376349116977,-0.5683791926436955,0.5580547145893046,-0.1783040837997169,0.0692820323027559,0.2465984809580359,-1.0154455673815554,-0.5740413116215859,-1.8500095165343355,-0.7266226911401854,1.4482439726069483,-0.5755115693951635,1.7870803265351975,-0.5951284714867237
-0.08110565539935577,1.9296586684291497,-0.15215636918623443,-0.20679364850592954,-0.14633812294766796,-0.07279973149510674,-0.30946906371886795,0.4129050217349737,-0.41463016124217866,-0.14620575266996527,0.0692820323027559,0.2465984809580359,-1.077452896911636,0.8952132987192738,0.5405377599750526,1.37623007400284,-0.690491394346993,-0.5755115693951635,1.7870803265351975,-0.5951284714867237
0.16196692402151983,0.7491310601744904,-1.353017049514218,-0.20679364850592954,0.5982148088544589,0.17232761921425624,0.23568261093877343,-0.07773708545436095,-0.41463016124217866,-0.11769145782368444,0.0692820323027559,0.2465984809580359,0.07427061918676349,-0.4924160554915381,0.5405377599750526,1.37623007400284,-0.690491394346993,-0.5755115693951635,1.7870803265351975,-0.5951284714867237
-0.5133945640861224,-1.218414953583275,-1.4959766543151685,-0.20679364850592954,-0.8724046619295225,-0.5087429184226251,-1.399772413034151,-1.0590212998330302,-0.9982410867410686,-0.18860587996644534,0.0692820323027559,0.2465984809580359,-0.9301206358072921,0.9768385548493216,0.5405377599750526,1.37623007400284,-0.690491394346993,-0.5755115693951635,-0.5595719370593745,1.6803094590682988
-0.03190872459620194,-0.9935525520109589,-1.1957614842331725,-0.20679364850592954,-1.2700672270418925,-0.02318692309219706,-0.8546207383765094,-1.0590212998330302,-0.22009318607588202,-0.12270847982858818,0.0692820323027559,0.2465984809580359,-0.26720699091482264,0.8952132987192738,0.5405377599750526,-0.7266226911401854,1.4482439726069483,-0.5755115693951635,-0.5595719370593745,1.6803094590682988
-0.7170684872231351,0.2994062570298583,2.392524596270683,-0.20679364850592954,0.03374908544588131,-0.7255932922794931,0.7808342855964149,-0.5683791926436955,-0.22009318607588202,-0.20429799287876607,0.0692820323027559,0.2465984809580359,-1.036228325211145,-0.4924160554915381,-1.8500095165343355,-0.7266226911401854,1.4482439726069483,1.7375845303178776,-0.5595719370593745,-0.5951284714867237
0.7777165321866217,0.7491310601744904,-0.6239230650293708,-0.20679364850592954,2.0264258278704363,0.7932823583685032,-0.30946906371886795,-0.07773708545436095,0.9471286649218978,0.09725418055250114,0.0692820323027559,0.2465984809580359,0.5445064564693868,-0.7372918238816814,0.5405377599750526,1.37623007400284,-0.690491394346993,-0.5755115693951635,-0.5595719370593745,-0.5951284714867237
-0.3067057872508662,-0.7124745500455638,-1.1957614842331725,-0.20679364850592954,0.8626804779029809,-0.3003069343733529,-0.8546207383765094,-1.0590212998330302,0.5580547145893046,-0.1573128483383835,0.0692820323027559,0.2465984809580359,0.9059515236297866,0.5687122741990828,0.5405377599750526,-0.7266226911401854,1.4482439726069483,-0.5755115693951635,-0.5595719370593745,-0.5951284714867237
-0.2576458952521779,0.2431906566367793,-0.666810946469656,-0.20679364850592954,-0.5120071777117216,-0.25083232320833415,0.7808342855964149,0.4129050217349737,0.7525916897556012,-0.14402375215242597,0.0692820323027559,0.2465984809580359,-0.16095106500719242,1.6298406038897038,0.5405377599750526,-0.7266226911401854,1.4482439726069483,1.7375845303178776,-0.5595719370593745,-0.5951284714867237
-0.2130740240997382,-0.9373369516178799,-0.7096988279099411,-0.20679364850592954,-1.1014769653066099,-0.20588367158424933,0.23568261093877343,-0.07773708545436095,0.9471286649218978,-0.13406198282508744,0.0692820323027559,0.2465984809580359,-0.3736852715781189,-0.8189170800117291,0.5405377599750526,1.37623007400284,-0.690491394346993,-0.5755115693951635,-0.5595719370593745,1.6803094590682988
0.11838858420145577,0.8053466605675694,-0.20934021110661458,-0.20679364850592954,1.1884512304927952,0.12838089756488197,-0.30946906371886795,-1.0590212998330302,-0.025556210909585365,-0.08689586907610451,0.0692820323027559,0.2465984809580359,-0.6728265362008835,-0.9821675922718247,0.5405377599750526,-0.7266226911401854,-0.690491394346993,-0.5755115693951635,-0.5595719370593745,-0.5951284714867237
-0.8448571723873164,-0.8811213512248008,-0.6239230650293708,-0.20679364850592954,-0.969113367116075,-0.8430074875717565,0.23568261093877343,2.3754734504923123,-0.025556210909585365,-0.21868601277324465,0.0692820323027559,-4.0551750201988135,-0.7801052939845777,-0.8189170800117291,0.5405377599750526,1.37623007400284,-0.690491394346993,-0.5755115693951635,-0.5595719370593745,-0.5951284714867237
1.9927368322798358,-1.162199353190196,0.24813052425642676,-0.20679364850592954,-1.2790360761521993,1.9044998799276662,1.3259859602540562,0.9035471289243083,-0.9982410867410686,0.19704413172522592,0.0692820323027559,0.2465984809580359,-0.9495989124036407,0.07896073741879621,-1.8500095165343355,-0.7266226911401854,1.4482439726069483,-0.5755115693951635,-0.5595719370593745,1.6803094590682988
-0.5709851216627949,-0.9373369516178799,0.41968205001756725,-0.20679364850592954,-1.0907697286328986,-0.5838071427107245,-0.30946906371886795,-0.07773708545436095,-0.41463016124217866,-0.18959553174660468,0.0692820323027559,0.2465984809580359,-0.26720699091482264,-0.4924160554915381,-1.8500095165343355,1.37623007400284,-0.690491394346993,1.7375845303178776,-0.5595719370593745,-0.5951284714867237
-0.9399278429853333,1.3112870641052805,0.13376284041566644,-0.20679364850592954,2.2213124064940297,-0.9388818213587167,-0.8546207383765094,0.9035471289243083,0.16898076425671127,-0.2199554306859141,0.0692820323027559,0.2465984809580359,0.26608865507470064,-0.4107907993614904,0.5405377599750526,1.37623007400284,-0.690491394346993,-0.5755115693951635,-0.5595719370593745,-0.5951284714867237
-0.9820672753585085,0.8615622609606484,1.7920942561066913,-0.20679364850592954,-0.9928585105153185,-0.9827968257960096,0.7808342855964149,-0.07773708545436095,-0.803704111574772,-0.224281618566694,0.0692820323027559,0.2465984809580359,3.020530426363818,0.7319627864591783,-1.8500095165343355,-0.7266226911401854,-0.690491394346993,1.7375845303178776,-0.5595719370593745,-0.5951284714867237
-0.263024668327453,-0.15031854611477377,-1.2672412866336478,-0.20679364850592954,-0.20926621434682918,-0.25625656479556036,-0.30946906371886795,-0.5683791926436955,-0.803704111574772,0.24633568914230364,0.0692820323027559,0.2465984809580359,0.32948940774028856,-0.002664518711251552,0.5405377599750526,1.37623007400284,-0.690491394346993,1.7375845303178776,-0.5595719370593745,-0.5951284714867237
-0.1778893110531929,-1.162199353190196,-0.18074829014642452,-0.20679364850592954,-1.1184275260465297,-0.2022747130315379,0.23568261093877343,-0.5683791926436955,0.7525916897556012,-0.14407526947400334,0.0692820323027559,0.2465984809580359,-0.26720699091482264,0.8952132987192738,-1.8500095165343355,1.37623007400284,-0.690491394346993,-0.5755115693951635,-0.5595719370593745,1.6803094590682988
0.5151159231293966,-0.8811213512248008,-0.6382190255094659,-0.20679364850592954,0.6230752894072139,0.5284619012596563,0.23568261093877343,0.4129050217349737,0.9471286649218978,-0.019821658269638356,0.0692820323027559,0.2465984809580359,-0.9087894029137265,1.5482153477596559,0.5405377599750526,1.37623007400284,-0.690491394346993,1.7375845303178776,-0.5595719370593745,-0.5951284714867237
-0.9802857709004555,-0.20653414650785276,0.11946687993557138,-0.20679364850592954,-0.7070450319492388,-0.9810677264110247,2.416289309569339,-1.0590212998330302,-0.803704111574772,-0.23752073166998294,0.0692820323027559,0.2465984809580359,-0.3959800417462378,1.3033395793695126,-1.8500095165343355,-0.7266226911401854,1.4482439726069483,1.7375845303178776,-0.5595719370593745,-0.5951284714867237
-0.19721178248284385,-0.6562589496524849,-1.2672412866336478,-0.20679364850592954,0.6905929290932388,-0.18988734129835294,-1.399772413034151,0.9035471289243083,-2.554536888071442,-0.11735347564333622,0.0692820323027559,0.2465984809580359,-0.8005767551562347,-1.6351696413122068,0.5405377599750526,-0.7266226911401854,1.4482439726069483,1.7375845303178776,-0.5595719370593745,-0.5951284714867237
-0.7178564603488125,-1.49949295554867,2.406820556750778,-0.20679364850592954,-0.8549515584721582,-0.7263580862382366,1.3259859602540562,-1.0590212998330302,-0.803704111574772,-0.19622000561050507,0.0692820323027559,0.2465984809580359,4.066264842261386,0.9768385548493216,-1.8500095165343355,-0.7266226911401854,1.4482439726069483,-0.5755115693951635,-0.5595719370593745,1.6803094590682988
-0.6424165984904943,-1.443277355155591,-0.35229981590756504,-0.20679364850592954,-0.9402274168368528,-0.6388556178971088,1.8711376349116977,1.394189236113643,0.16898076425671127,-0.17676064042677744,0.0692820323027559,0.2465984809580359,-0.5881538452432408,-0.8189170800117291,0.5405377599750526,1.37623007400284,-0.690491394346993,-0.5755115693951635,-0.5595719370593745,1.6803094590682988
-0.14578797110712374,0.018328255064463266,0.4625699314578524,-0.20679364850592954,0.2829513014487605,-0.13802882777971254,-0.8546207383765094,0.4129050217349737,0.16898076425671127,-0.07878159897159769,0.0692820323027559,0.2465984809580359,-1.036747152974366,1.4665900916296082,0.5405377599750526,-0.7266226911401854,-0.690491394346993,1.7375845303178776,-0.5595719370593745,-0.5951284714867237
-0.8496535305436128,0.1869750562437003,0.39109012905737717,-0.20679364850592954,0.23658660777761067,-0.8478443908979455,-1.399772413034151,-1.5496634070223647,-0.803704111574772,-0.22109755844804266,0.0692820323027559,0.2465984809580359,-0.26720699091482264,-1.3902938729220635,0.5405377599750526,1.37623007400284,-0.690491394346993,1.7375845303178776,-0.5595719370593745,-0.5951284714867237
-0.6556065834203091,0.35562185742293734,-0.4809634602284204,-0.20679364850592954,1.0206840106570005,-0.6659393634975111,0.7808342855964149,-0.07773708545436095,-0.803704111574772,-0.19939464694734768,0.0692820323027559,0.2465984809580359,-0.26720699091482264,-0.8189170800117291,-1.8500095165343355,1.37623007400284,-0.690491394346993,1.7375845303178776,-0.5595719370593745,-0.5951284714867237
-0.8836734137522004,0.41183745781601633,0.7056012596194681,-0.20679364850592954,0.8674084818364876,-0.8821518552044145,-0.8546207383765094,3.847399772060316,-0.9982410867410686,-0.1961417569834931,0.0692820323027559,0.2465984809580359,0.13753795899895166,1.6298406038897038,0.5405377599750526,1.37623007400284,-0.690491394346993,1.7375845303178776,-0.5595719370593745,-0.5951284714867237
-0.8072057608603902,0.2431906566367793,-1.0813938003924122,-0.20679364850592954,0.025121247465268483,-0.8050377964611731,0.7808342855964149,-0.07773708545436095,0.9471286649218978,-0.21599034539305484,0.0692820323027559,0.2465984809580359,-0.26720699091482264,-0.9005423361417769,0.5405377599750526,-0.7266226911401854,1.4482439726069483,1.7375845303178776,-0.5595719370593745,-0.5951284714867237
1.3271050992892521,-1.330846154369433,-1.2672412866336478,-0.20679364850592954,-1.176266090434839,1.3473150850739781,0.7808342855964149,-0.07773708545436095,1.1416656400881946,1.1022637222155365,0.0692820323027559,0.2465984809580359,-0.9735835787148218,0.16058599354884398,0.5405377599750526,-0.7266226911401854,-0.690491394346993,-0.5755115693951635,-0.5595719370593745,1.6803094590682988
1.182255082969102,0.2994062570298583,-0.36659577638766006,-0.20679364850592954,0.8582088733151089,1.2012406046230708,0.7808342855964149,-0.5683791926436955,-0.9982410867410686,-0.032290989452502084,0.0692820323027559,0.2465984809580359,-0.2668363996553792,-0.5740413116215859,0.5405377599750526,1.37623007400284,-0.690491394346993,-0.5755115693951635,-0.5595719370593745,-0.5951284714867237
1.5132037957535502,0.7491310601744904,-1.038505918952127,-0.20679364850592954,1.7412943715637452,1.4390728781654583,-1.399772413034151,-0.07773708545436095,3.6706463172500507,-0.04746986665033847,0.0692820323027559,0.2465984809580359,1.5041599346234273,1.5482153477596559,-1.8500095165343355,1.37623007400284,-0.690491394346993,-0.5755115693951635,-0.5595719370593745,-0.5951284714867237
-0.7501976182026964,-0.7124745500455638,-0.9670261165516518,-0.20679364850592954,-0.9623828842931602,-0.7475477454984698,-0.8546207383765094,-1.5496634070223647,0.16898076425671127,-0.2235765748090703,0.0692820323027559,0.2465984809580359,-0.20336152873790259,0.5687122741990828,0.5405377599750526,1.37623007400284,-0.690491394346993,-0.5755115693951635,-0.5595719370593745,-0.5951284714867237
2.0165130648546192,0.9177778613537274,-0.7239947883900362,-0.20679364850592954,0.7153380299404581,2.042550839594699,0.23568261093877343,-0.07773708545436095,-0.6091671364084753,0.0025310053451734417,0.0692820323027559,0.2465984809580359,-0.6509468282433415,-1.1454181045319203,0.5405377599750526,1.37623007400284,-0.690491394346993,-0.5755115693951635,1.7870803265351975,-0.5951284714867237
-0.5661887635064986,-0.5438277488663268,-1.038505918952127,-0.20679364850592954,0.6009070019836248,-0.5791518751357648,-1.9449240876917921,-0.5683791926436955,0.9471286649218978,-0.210331794778125,0.0692820323027559,0.2465984809580359,0.6282452574532321,0.813588042589226,-1.8500095165343355,-0.7266226911401854,-0.690491394346993,1.7375845303178776,-0.5595719370593745,-0.5951284714867237
1.2227157899875736,-1.105983752797117,-0.22363617158670962,-0.20679364850592954,-1.2690980375153929,1.1571299226791567,0.7808342855964149,-0.07773708545436095,0.7525916897556012,-0.06885437185760183,0.0692820323027559,0.2465984809580359,-0.8864501617944743,-1.553544385182159,-1.8500095165343355,-0.7266226911401854,1.4482439726069483,-0.5755115693951635,-0.5595719370593745,1.6803094590682988
-0.9120061865754654,-1.387061754762512,-1.4959766543151685,-0.20679364850592954,-1.0552917511774043,-0.9107241341384024,1.8711376349116977,-1.0590212998330302,1.1416656400881946,-0.22859967931977615,0.0692820323027559,0.2465984809580359,-0.26720699091482264,1.5482153477596559,0.5405377599750526,-0.7266226911401854,-0.690491394346993,-0.5755115693951635,-0.5595719370593745,1.6803094590682988
0.12359605877114908,-0.4876121484732478,-0.7382907488701311,-0.20679364850592954,1.057333733122046,0.1336323926047444,-0.30946906371886795,-1.5496634070223647,-0.6091671364084753,1.0510120960745952,0.0692820323027559,0.2465984809580359,2.7005915802610865,-0.6556665677516337,0.5405377599750526,-0.7266226911401854,1.4482439726069483,1.7375845303178776,-0.5595719370593745,-0.5951284714867237
-0.9780588903278893,1.7047962668568335,0.10517091945547634,-0.20679364850592954,-0.8676612740352778,-0.9773352028019191,-0.30946906371886795,-0.07773708545436095,0.9471286649218978,-0.23347141168359653,0.0692820323027559,0.2465984809580359,2.2924668380611877,-0.3291655432314426,0.5405377599750526,1.37623007400284,-0.690491394346993,-0.5755115693951635,1.7870803265351975,-0.5951284714867237
-0.8091928235251414,-0.20653414650785276,-1.4244968519146932,1.452841000206196,0.71242276938059,-0.8070416564105942,0.7808342855964149,-0.07773708545436095,-0.41463016124217866,-0.2162294239702859,0.0692820323027559,0.2465984809580359,-0.26720699091482264,1.3849648354995603,0.5405377599750526,1.37623007400284,-0.690491394346993,1.7375845303178776,-0.5595719370593745,-0.5951284714867237
0.19667200125243553,-1.0497681524040379,-1.2386493656734576,-0.20679364850592954,-1.2637495471654496,0.16126843266155502,-0.30946906371886795,-0.07773708545436095,-0.41463016124217866,0.4615040607881863,0.0692820323027559,0.2465984809580359,3.4041961454404484,-0.6556665677516337,-1.8500095165343355,-0.7266226911401854,1.4482439726069483,-0.5755115693951635,-0.5595719370593745,1.6803094590682988
-0.9847737917467043,0.8053466605675694,-0.8812503536710816,6.431744946342572,0.5232436401908289,-0.9841068674585838,1.8711376349116977,-1.5496634070223647,0.9471286649218978,-0.23735490169975526,0.0692820323027559,0.2465984809580359,-0.26720699091482264,-1.553544385182159,0.5405377599750526,-0.7266226911401854,-0.690491394346993,-0.5755115693951635,-0.5595719370593745,-0.5951284714867237
-0.6097671033265626,-0.6562589496524849,-0.9527301560715568,-0.20679364850592954,1.2270342040239277,-0.6059301259695509,0.23568261093877343,-1.0590212998330302,-0.6091671364084753,1.1913854358228297,0.0692820323027559,0.2465984809580359,-0.6947655387599367,1.221714323239465,0.5405377599750526,-0.7266226911401854,-0.690491394346993,-0.5755115693951635,-0.5595719370593745,-0.5951284714867237
-0.6689336071545897,0.35562185742293734,-0.5953311440691808,-0.20679364850592954,1.07994815540704,-0.6655967834290393,0.7808342855964149,0.4129050217349737,-0.9982410867410686,-0.04973534193516011,0.0692820323027559,0.2465984809580359,0.28756812447204394,1.140089067109417,0.5405377599750526,-0.7266226911401854,1.4482439726069483,-0.5755115693951635,-0.5595719370593745,-0.5951284714867237
0.7300955476348222,-0.9935525520109589,2.4925963196313483,-0.20679364850592954,0.18311452424546276,0.6790006908195588,-0.8546207383765094,-0.07773708545436095,-0.025556210909585365,0.5611252128901263,0.0692820323027559,0.2465984809580359,-0.6727375942986171,0.40546176193898725,-1.8500095165343355,-0.7266226911401854,1.4482439726069483,-0.5755115693951635,-0.5595719370593745,1.6803094590682988
-0.11536535651575826,0.6929154597814113,1.6205427303455509,-0.20679364850592954,-0.24424421307833538,-0.14158997500081483,-1.9449240876917921,-0.5683791926436955,0.16898076425671127,-0.06872346892852786,0.0692820323027559,-4.0551750201988135,-0.05273841724970088,1.221714323239465,-1.8500095165343355,1.37623007400284,-0.690491394346993,-0.5755115693951635,1.7870803265351975,-0.5951284714867237
-0.956680836831254,-1.330846154369433,-0.5953311440691808,-0.20679364850592954,-0.979679584149687,-0.9557764336909054,-0.30946906371886795,0.4129050217349737,-0.803704111574772,-0.2304567500550173,0.0692820323027559,-4.0551750201988135,0.051664552360712074,0.40546176193898725,0.5405377599750526,1.37623007400284,-0.690491394346993,-0.5755115693951635,-0.5595719370593745,1.6803094590682988
0.1653586344320437,0.35562185742293734,0.3624982080971871,-0.20679364850592954,-0.9255152223843252,0.17574800085206133,-1.399772413034151,-0.5683791926436955,-2.1654629377388486,0.004622578471905245,0.0692820323027559,0.2465984809580359,0.24492048233528999,0.6503375303291306,0.5405377599750526,-0.7266226911401854,-0.690491394346993,-0.5755115693951635,1.7870803265351975,-0.5951284714867237
-0.845405327605179,-0.8249057508317219,-1.0242099584720321,-0.20679364850592954,1.1381867027745396,-0.8501549518209115,-0.30946906371886795,0.9035471289243083,-0.9982410867410686,-0.2099796714988861,0.0692820323027559,0.2465984809580359,-0.5027251481163334,0.7319627864591783,-1.8500095165343355,-0.7266226911401854,1.4482439726069483,-0.5755115693951635,-0.5595719370593745,-0.5951284714867237
-0.46036054675793137,-1.0497681524040379,1.3918073626640302,-0.20679364850592954,-0.8527926759819128,-0.4552605873587641,0.7808342855964149,0.9035471289243083,-0.22009318607588202,-0.17425876753292843,0.0692820323027559,0.2465984809580359,-0.26720699091482264,0.24221124967889174,0.5405377599750526,-0.7266226911401854,1.4482439726069483,-0.5755115693951635,-0.5595719370593745,1.6803094590682988
-1.0109482033996358,1.0302090621398854,-1.2529453261535526,-0.20679364850592954,-0.05711115066674031,-1.0105025398957865,-0.30946906371886795,-0.5683791926436955,-0.22009318607588202,-0.23966886021047404,0.0692820323027559,0.2465984809580359,-0.8668977669462371,-1.4719191290521112,0.5405377599750526,-0.7266226911401854,1.4482439726069483,-0.5755115693951635,1.7870803265351975,-0.5951284714867237
-0.48951555240798983,-0.6000433492594058,0.5340497338583277,-0.20679364850592954,-0.9206231228696122,-0.4846620497200985,0.23568261093877343,-0.07773708545436095,-0.025556210909585365,-0.014516193866315837,0.0692820323027559,0.2465984809580359,0.5442841017137207,1.221714323239465,0.5405377599750526,-0.7266226911401854,1.4482439726069483,-0.5755115693951635,-0.5595719370593745,-0.5951284714867237
-0.19234690492431472,-1.0497681524040379,0.5483456943384226,-0.20679364850592954,-0.9025931208845697,-0.18498133935321845,-0.8546207383765094,1.8848313433029775,3.6706463172500507,0.03332882342644034,0.0692820323027559,0.2465984809580359,-0.6521920148750715,0.8952132987192738,0.5405377599750526,-0.7266226911401854,1.4482439726069483,-0.5755115693951635,-0.5595719370593745,1.6803094590682988
-0.49736102396364607,-0.15031854611477377,0.8056729829801335,-0.20679364850592954,1.0326450401308667,-0.49257384158936485,0.23568261093877343,-1.5496634070223647,0.16898076425671127,-0.1095999991175222,0.0692820323027559,0.2465984809580359,0.8432326588815748,1.3849648354995603,0.5405377599750526,-0.7266226911401854,-0.690491394346993,-0.5755115693951635,-0.5595719370593745,-0.5951284714867237
-0.5851001185227528,-1.0497681524040379,2.435412477710968,-0.20679364850592954,0.08042658631870549,-0.5810546231491504,-0.30946906371886795,-0.5683791926436955,-0.22009318607588202,-0.13360469834955366,0.0692820323027559,0.2465984809580359,-0.9502808003210167,0.7319627864591783,0.5405377599750526,1.37623007400284,-0.690491394346993,1.7375845303178776,-0.5595719370593745,-0.5951284714867237
-0.2942695157456121,0.2994062570298583,1.2202558369028897,-0.20679364850592954,1.8354288273201242,-0.3152314555468069,-1.399772413034151,-0.07773708545436095,0.5580547145893046,-0.05791202202801201,0.0692820323027559,0.2465984809580359,-0.8010511119683223,-1.227043360661968,-1.8500095165343355,-0.7266226911401854,1.4482439726069483,-0.5755115693951635,-0.5595719370593745,-0.5951284714867237
-0.5116130596280695,-1.105983752797117,-0.8955463141511766,-0.20679364850592954,-1.065493881140215,-0.5069463543300406,-0.30946906371886795,-0.5683791926436955,-0.22009318607588202,-0.18042534600771598,0.0692820323027559,0.2465984809580359,-0.26720699091482264,0.6503375303291306,0.5405377599750526,-0.7266226911401854,-0.690491394346993,-0.5755115693951635,-0.5595719370593745,1.6803094590682988
-0.8072400205615066,1.6485806664637546,-0.35229981590756504,-0.20679364850592954,0.4872579920309777,-0.8050723457706458,-0.8546207383765094,-0.07773708545436095,-0.803704111574772,-0.1907135514119837,0.0692820323027559,0.2465984809580359,-0.7999838091411251,0.813588042589226,0.5405377599750526,-0.7266226911401854,-0.690491394346993,-0.5755115693951635,1.7870803265351975,-0.5951284714867237
1.6547306210654091,-1.218414953583275,0.3624982080971871,-0.20679364850592954,0.358712180096946,1.5764365235380153,2.416289309569339,-1.0590212998330302,0.16898076425671127,0.6614453107412689,0.0692820323027559,0.2465984809580359,-0.3107885230253741,1.5482153477596559,-1.8500095165343355,-0.7266226911401854,1.4482439726069483,-0.5755115693951635,-0.5595719370593745,1.6803094590682988
0.34638689513111437,0.1307594558506213,2.2352690309896377,-0.20679364850592954,0.7367473753009681,0.35830655210622253,-0.8546207383765094,-0.07773708545436095,-1.970925962572552,-0.09474943034839678,0.0692820323027559,0.2465984809580359,0.20049400215320742,-1.7167948974422544,0.5405377599750526,-0.7266226911401854,-0.690491394346993,-0.5755115693951635,-0.5595719370593745,-0.5951284714867237
-0.7912064804390301,-0.4313965480801688,-1.2386493656734576,-0.20679364850592954,-0.3985325193141061,-0.7889032689373855,-0.8546207383765094,0.9035471289243083,0.5580547145893046,-0.21820864712078752,0.0692820323027559,0.2465984809580359,-0.031762951965200646,-0.8189170800117291,0.5405377599750526,-0.7266226911401854,-0.690491394346993,1.7375845303178776,-0.5595719370593745,-0.5951284714867237
0.7075526643002295,-1.105983752797117,-0.2665240530269948,-0.20679364850592954,-1.0273980663657891,0.657120933217249,0.23568261093877343,-1.0590212998330302,-0.9982410867410686,-0.04154161264679554,0.0692820323027559,0.2465984809580359,-0.26720699091482264,-1.4719191290521112,-1.8500095165343355,1.37623007400284,-0.690491394346993,-0.5755115693951635,-0.5595719370593745,1.6803094590682988
-0.9319110729240953,0.8615622609606484,0.662713378179183,-0.20679364850592954,0.4171891788558861,-0.9307972829420866,0.23568261093877343,-0.5683791926436955,-0.025556210909585365,-0.23536873065780203,0.0692820323027559,0.2465984809580359,3.5099332435848574,0.6503375303291306,0.5405377599750526,-0.7266226911401854,-0.690491394346993,1.7375845303178776,-0.5595719370593745,-0.5951284714867237
-0.3717649596709145,1.3112870641052805,1.692022532746026,-0.20679364850592954,1.4554501250761895,-0.36591607306215906,-0.30946906371886795,-0.07773708545436095,-0.025556210909585365,-0.1635991606239708,0.0692820323027559,0.2465984809580359,-0.26720699091482264,0.24221124967889174,0.5405377599750526,1.37623007400284,-0.690491394346993,-0.5755115693951635,-0.5595719370593745,-0.5951284714867237
-0.7664367165318712,0.4680530582090954,0.1623547613758565,-0.20679364850592954,-0.271463567610931,-0.7639241181885668,-0.30946906371886795,0.4129050217349737,0.7525916897556012,-0.1940267994476066,0.0692820323027559,0.2465984809580359,0.09680256776092606,-0.0842897748412993,0.5405377599750526,1.37623007400284,-0.690491394346993,-0.5755115693951635,1.7870803265351975,-0.5951284714867237
0.3046585791713361,0.1869750562437003,-1.3101291680739329,-0.20679364850592954,0.13238078572469508,0.3162254931683784,-0.30946906371886795,0.9035471289243083,0.5580547145893046,0.11592668361841472,0.0692820323027559,0.2465984809580359,-0.41806728080906824,-0.4107907993614904,0.5405377599750526,1.37623007400284,-0.690491394346993,1.7375845303178776,-0.5595719370593745,-0.5951284714867237
0.5147048067159997,0.4680530582090954,-0.4523715392682303,-0.20679364850592954,2.091905092758664,0.46994592479262437,-1.399772413034151,-0.5683791926436955,-0.025556210909585365,0.009991614683106975,0.0692820323027559,0.2465984809580359,0.33034917946219744,-1.6351696413122068,-1.8500095165343355,1.37623007400284,-0.690491394346993,-0.5755115693951635,-0.5595719370593745,-0.5951284714867237
-0.05523958105647185,-0.6000433492594058,0.319610326656902,-0.20679364850592954,-0.17353696553261302,-0.046715002843158986,1.3259859602540562,-0.5683791926436955,-0.22009318607588202,-0.11677613038810397,0.0692820323027559,0.2465984809580359,-1.035264787936592,0.7319627864591783,0.5405377599750526,-0.7266226911401854,-0.690491394346993,1.7375845303178776,-0.5595719370593745,-0.5951284714867237
-0.5619748202691811,-1.105983752797117,0.8199689434602284,-0.20679364850592954,-1.1103304347113812,-0.557733839255025,-0.30946906371886795,-0.5683791926436955,0.16898076425671127,-0.18648475132719305,0.0692820323027559,0.2465984809580359,-0.26720699091482264,-1.6351696413122068,0.5405377599750526,-0.7266226911401854,1.4482439726069483,-0.5755115693951635,-0.5595719370593745,1.6803094590682988
0.12979706467321794,0.018328255064463266,0.5054578128981375,-0.20679364850592954,-0.5361676880508934,0.13988581761931734,1.3259859602540562,-0.07773708545436095,-0.025556210909585365,0.06389146341646056,0.0692820323027559,0.2465984809580359,-0.31241912456692533,0.5687122741990828,0.5405377599750526,1.37623007400284,-0.690491394346993,1.7375845303178776,-0.5595719370593745,-0.5951284714867237
-0.5884575692321603,0.6929154597814113,0.2624264847365218,-0.20679364850592954,0.25526017212019675,-0.5844404554774828,0.23568261093877343,0.9035471289243083,1.1416656400881946,-0.17629694860652484,0.0692820323027559,0.2465984809580359,0.7795650805091875,-0.0842897748412993,0.5405377599750526,-0.7266226911401854,-0.690491394346993,-0.5755115693951635,1.7870803265351975,-0.5951284714867237
-0.6847273293692512,1.3675026644983594,0.5197537733782326,-0.20679364850592954,0.7104587503930271,-0.68152401509599,1.3259859602540562,-0.5683791926436955,0.16898076425671127,-0.1816081392821259,0.0692820323027559,0.2465984809580359,-1.099288133918045,1.0584638109793694,0.5405377599750526,1.37623007400284,-0.690491394346993,-0.5755115693951635,-0.5595719370593745,-0.5951284714867237
-0.9170766223406928,1.7610118672499127,-1.0956897608725071,3.1124756489183216,-0.5844528128208483,-0.9197179501553073,0.7808342855964149,-1.5496634070223647,-0.9982410867410686,-0.2205341130823862,0.0692820323027559,0.2465984809580359,0.2435863538012935,0.7319627864591783,-1.8500095165343355,-0.7266226911401854,1.4482439726069483,-0.5755115693951635,1.7870803265351975,-0.5951284714867237
-0.5656748679897526,-0.4876121484732478,-0.2665240530269948,-0.20679364850592954,1.0765559920642904,-0.561465164678085,0.23568261093877343,0.4129050217349737,0.5580547145893046,-0.13005843993508814,0.0692820323027559,0.2465984809580359,-0.9058246728381787,-1.3086686167920156,0.5405377599750526,1.37623007400284,-0.690491394346993,1.7375845303178776,-0.5595719370593745,-0.5951284714867237
0.7580172040446903,-1.274630553976354,-0.5381473021488006,-0.20679364850592954,-0.8482467155838069,0.7734165054216556,-0.30946906371886795,-1.5496634070223647,0.9471286649218978,0.20120640731172074,0.0692820323027559,0.2465984809580359,0.5010435135618573,-0.24754028710139483,0.5405377599750526,-0.7266226911401854,1.4482439726069483,-0.5755115693951635,-0.5595719370593745,1.6803094590682988
0.5876779700939371,0.5242686586021743,0.2767224452166169,-0.20679364850592954,-0.9868869697554828,0.5407724957545093,1.3259859602540562,-0.07773708545436095,0.7525916897556012,0.049115621778435044,0.0692820323027559,0.2465984809580359,-0.2040137693545231,1.140089067109417,-1.8500095165343355,-0.7266226911401854,-0.690491394346993,-0.5755115693951635,-0.5595719370593745,-0.5951284714867237
0.7467800220785105,-0.9935525520109589,-0.9098422746312717,-0.20679364850592954,1.065433388450651,0.7620843319145845,-0.30946906371886795,0.4129050217349737,-1.387315037073662,-0.029018531865054632,0.0692820323027559,0.2465984809580359,-0.26720699091482264,-1.0637928484018724,0.5405377599750526,-0.7266226911401854,-0.690491394346993,1.7375845303178776,-0.5595719370593745,-0.5951284714867237
-0.2740220323858182,-1.443277355155591,-1.0670978399123172,-0.20679364850592954,-0.95118336087583,-0.26734689313632215,0.7808342855964149,0.4129050217349737,0.9471286649218978,-0.19021566029738654,0.0692820323027559,0.2465984809580359,0.45851446062812534,-1.227043360661968,0.5405377599750526,-0.7266226911401854,-0.690491394346993,-0.5755115693951635,-0.5595719370593745,1.6803094590682988
-0.6850699263804153,0.1869750562437003,0.10517091945547634,-0.20679364850592954,1.8853061920264713,-0.6945360071722629,0.23568261093877343,1.8848313433029775,-1.5818520122399586,-0.20915522460076913,0.0692820323027559,0.2465984809580359,0.1795185368687074,0.32383650580893947,-1.8500095165343355,-0.7266226911401854,1.4482439726069483,-0.5755115693951635,-0.5595719370593745,-0.5951284714867237
0.2724544601219179,-0.6000433492594058,-0.8383624722307964,-0.20679364850592954,-1.0967822932880356,0.28374914226396675,1.3259859602540562,-0.07773708545436095,-0.41463016124217866,-0.07595380613621901,0.0692820323027559,0.2465984809580359,0.8435884264906407,-0.4924160554915381,0.5405377599750526,-0.7266226911401854,-0.690491394346993,1.7375845303178776,-0.5595719370593745,-0.5951284714867237
-0.3519971121267503,-1.218414953583275,0.14805880089576146,4.772110297630447,-1.229297167092495,-0.34598112149636595,-1.399772413034151,-1.0590212998330302,0.3635177394230079,-0.16308019660164724,0.0692820323027559,0.2465984809580359,-0.48118638411747916,-0.3291655432314426,0.5405377599750526,-0.7266226911401854,1.4482439726069483,-0.5755115693951635,-0.5595719370593745,1.6803094590682988
-0.8962809837630366,-0.2627497469009318,0.19094668233604659,-0.20679364850592954,1.546866747768839,-0.8995340400267325,-1.9449240876917921,-1.5496634070223647,0.9471286649218978,-0.22726460009925853,0.0692820323027559,0.2465984809580359,-0.26720699091482264,0.40546176193898725,-1.8500095165343355,1.37623007400284,-0.690491394346993,-0.5755115693951635,-0.5595719370593745,-0.5951284714867237
2.8716694644211413,-0.8249057508317219,1.8635740585071665,-0.20679364850592954,2.1588817298253997,2.904936153344721,1.3259859602540562,-0.5683791926436955,0.9471286649218978,3.596969716754603,0.0692820323027559,0.2465984809580359,-0.6731378328588161,1.221714323239465,0.5405377599750526,-0.7266226911401854,-0.690491394346993,-0.5755115693951635,-0.5595719370593745,-0.5951284714867237
-0.09206875975660452,-1.0497681524040379,-0.9527301560715568,-0.20679364850592954,0.29477131128252715,-0.11897867535101112,-1.399772413034151,-1.0590212998330302,0.16898076425671127,-0.13413730041414046,0.0692820323027559,0.2465984809580359,-0.26720699091482264,1.7114658600197514,-1.8500095165343355,-0.7266226911401854,1.4482439726069483,1.7375845303178776,-0.5595719370593745,-0.5951284714867237
-0.8456794052141101,0.9739934617468065,0.9343366273009888,-0.20679364850592954,0.8094955616379439,-0.8438366709991032,-0.30946906371886795,0.4129050217349737,0.16898076425671127,-0.21874388596951555,0.0692820323027559,0.2465984809580359,-0.20316882128299193,-1.3902938729220635,0.5405377599750526,-0.7266226911401854,-0.690491394346993,-0.5755115693951635,-0.5595719370593745,-0.5951284714867237
-0.78949349538321,0.8053466605675694,-1.5102726147952634,-0.20679364850592954,1.0035949942704379,-0.7871758034637466,-0.30946906371886795,-0.5683791926436955,1.1416656400881946,-0.19073951807624706,0.0692820323027559,0.2465984809580359,0.991172689651406,-0.4107907993614904,0.5405377599750526,-0.7266226911401854,1.4482439726069483,-0.5755115693951635,-0.5595719370593745,-0.5951284714867237
0.23507712620392265,0.9739934617468065,0.8771527853806086,-0.20679364850592954,1.4739595938375694,0.24605584562916535,-0.30946906371886795,-0.5683791926436955,0.16898076425671127,-0.09058538754648968,0.0692820323027559,0.2465984809580359,-0.26720699091482264,0.5687122741990828,0.5405377599750526,-0.7266226911401854,-0.690491394346993,-0.5755115693951635,-0.5595719370593745,-0.5951284714867237
3.8339902090797713,0.07454385545754227,-0.8812503536710816,-0.20679364850592954,-0.35218320960369437,3.875391707125595,-0.8546207383765094,1.8848313433029775,1.1416656400881946,0.22886027767693676,0.0692820323027559,0.2465984809580359,-1.0153566254792892,0.40546176193898725,0.5405377599750526,-0.7266226911401854,-0.690491394346993,1.7375845303178776,-0.5595719370593745,-0.5951284714867237
1.575316633877588,-1.274630553976354,-1.1814655237530776,-0.20679364850592954,1.1328023165162078,1.5976248322042579,0.7808342855964149,0.4129050217349737,-0.025556210909585365,-0.13822556666149552,0.0692820323027559,0.2465984809580359,1.226394373845362,-0.0842897748412993,0.5405377599750526,-0.7266226911401854,-0.690491394346993,-0.5755115693951635,-0.5595719370593745,1.6803094590682988
0.07505006228920671,-0.8811213512248008,-0.7239947883900362,-0.20679364850592954,-0.7045861622246007,0.04322414772508017,-0.30946906371886795,0.4129050217349737,-0.6091671364084753,-0.19565837541963824,0.0692820323027559,0.2465984809580359,-0.35319898675608424,1.6298406038897038,-1.8500095165343355,1.37623007400284,-0.690491394346993,1.7375845303178776,-0.5595719370593745,-0.5951284714867237
-0.9887821767773233,1.1988558633191224,-0.9098422746312717,-0.20679364850592954,-0.15320962541068198,-0.9881491366668987,-1.399772413034151,-0.07773708545436095,-0.9982410867410686,-0.24001148897389488,0.0692820323027559,0.2465984809580359,0.4584255187258588,-0.8189170800117291,0.5405377599750526,-0.7266226911401854,1.4482439726069483,-0.5755115693951635,1.7870803265351975,-0.5951284714867237
2.724112931712796,0.7491310601744904,-1.5531604962355485,-0.20679364850592954,-0.9546575720091822,2.7561322774454644,-0.8546207383765094,-0.07773708545436095,0.5580547145893046,0.20888938474646804,0.0692820323027559,0.2465984809580359,-0.26720699091482264,-1.0637928484018724,0.5405377599750526,1.37623007400284,-0.690491394346993,-0.5755115693951635,1.7870803265351975,-0.5951284714867237
-0.7816822835286702,-0.8249057508317219,0.6055295362588028,-0.20679364850592954,1.0685563324804834,-0.7792985609039531,-0.8546207383765094,-1.0590212998330302,-0.025556210909585365,-0.23381275207326277,0.0692820323027559,0.2465984809580359,-0.800843580863034,-0.16591503097134708,0.5405377599750526,-0.7266226911401854,-0.690491394346993,1.7375845303178776,-0.5595719370593745,-0.5951284714867237
-0.229313122428913,-1.330846154369433,0.21953860329623667,-0.20679364850592954,-1.1528363182307264,-0.22226004427434637,-0.30946906371886795,-1.0590212998330302,-0.41463016124217866,-0.1932709028892721,0.0692820323027559,0.2465984809580359,-0.05337583421594347,-0.4924160554915381,0.5405377599750526,1.37623007400284,-0.690491394346993,-0.5755115693951635,-0.5595719370593745,1.6803094590682988
0.5342670960534657,0.7491310601744904,-0.5381473021488006,-0.20679364850592954,1.7773595035207432,0.5477749652549396,0.7808342855964149,-0.07773708545436095,-0.6091671364084753,-0.12275321202137168,0.0692820323027559,0.2465984809580359,-0.6104189681106041,-1.7167948974422544,0.5405377599750526,-0.7266226911401854,-0.690491394346993,-0.5755115693951635,-0.5595719370593745,-0.5951284714867237
-0.8971374762909465,1.1426402629260435,-0.46666749974832533,-0.20679364850592954,1.015050917033403,-0.8957297338272164,-0.30946906371886795,-0.07773708545436095,1.3362026152544912,-0.23212641897746714,0.0692820323027559,0.2465984809580359,0.052969033593953094,0.24221124967889174,0.5405377599750526,1.37623007400284,-0.690491394346993,-0.5755115693951635,-0.5595719370593745,-0.5951284714867237
0.13161282883238717,1.0302090621398854,0.019395156574906088,4.772110297630447,1.236844042987917,0.1417169310213745,0.23568261093877343,-0.07773708545436095,-0.41463016124217866,-0.13299532448300047,0.0692820323027559,0.2465984809580359,2.103746945102198,-1.1454181045319203,0.5405377599750526,-0.7266226911401854,1.4482439726069483,-0.5755115693951635,-0.5595719370593745,-0.5951284714867237
-0.3377108167612104,-1.274630553976354,0.9343366273009888,-0.20679364850592954,-1.1078177211241595,-0.33157405944621726,-0.30946906371886795,-0.07773708545436095,-0.6091671364084753,-0.1595018484555625,0.0692820323027559,0.2465984809580359,-0.26720699091482264,0.07896073741879621,0.5405377599750526,-0.7266226911401854,-0.690491394346993,-0.5755115693951635,-0.5595719370593745,1.6803094590682988
0.5927826655602811,0.6929154597814113,0.10517091945547634,-0.20679364850592954,1.886154873860523,0.6067851858344452,-0.30946906371886795,0.4129050217349737,0.9471286649218978,0.04599936911959606,0.0692820323027559,0.2465984809580359,-0.5019691419470687,1.5482153477596559,0.5405377599750526,1.37623007400284,-0.690491394346993,-0.5755115693951635,-0.5595719370593745,-0.5951284714867237
2.379597377286253,-0.09410294572169475,0.7056012596194681,-0.20679364850592954,0.2824641426920544,2.4087044213872044,-0.8546207383765094,0.9035471289243083,0.5580547145893046,0.11878797783558007,0.0692820323027559,0.2465984809580359,-1.0994363704218224,1.140089067109417,0.5405377599750526,-0.7266226911401854,-0.690491394346993,-0.5755115693951635,-0.5595719370593745,-0.5951284714867237
-0.348742440520692,-0.31896534729401077,0.9486325877810838,-0.20679364850592954,1.7725853477050226,-0.34269893709645194,-0.8546207383765094,0.4129050217349737,0.16898076425671127,-0.19855798778568873,0.0692820323027559,0.2465984809580359,-1.0792317349569647,0.9768385548493216,0.5405377599750526,-0.7266226911401854,1.4482439726069483,-0.5755115693951635,-0.5595719370593745,-0.5951284714867237
-0.958633639794889,0.41183745781601633,-0.8669543931909865,-0.20679364850592954,0.637208021338607,-0.9600525185012072,-0.8546207383765094,-0.07773708545436095,-0.41463016124217866,-0.2368833553329664,-14.433756729740645,0.2465984809580359,-0.8018071181375871,-1.7167948974422544,-1.8500095165343355,-0.7266226911401854,1.4482439726069483,1.7375845303178776,-0.5595719370593745,-0.5951284714867237
-0.5994206735894091,-1.330846154369433,0.47686589193794743,-0.20679364850592954,-1.2192411847566962,-0.5954962345087719,0.7808342855964149,-0.5683791926436955,-0.22009318607588202,-0.20178330179412574,0.0692820323027559,0.2465984809580359,-0.30841673896493593,0.32383650580893947,0.5405377599750526,1.37623007400284,-0.690491394346993,-0.5755115693951635,-0.5595719370593745,1.6803094590682988
-0.908066320947079,-1.105983752797117,0.9057447063407987,4.772110297630447,-0.9151977127159788,-0.9067509635490327,0.7808342855964149,-0.5683791926436955,-1.7763889874062553,-0.22965674317463755,0.0692820323027559,0.2465984809580359,0.4990719680616181,0.5687122741990828,0.5405377599750526,-0.7266226911401854,1.4482439726069483,-0.5755115693951635,-0.5595719370593745,1.6803094590682988
0.013279821176333122,-1.330846154369433,2.449708438191063,-0.20679364850592954,-1.167533128722516,0.02238361610239789,-0.8546207383765094,-0.5683791926436955,-0.025556210909585365,-0.11727150321879885,0.0692820323027559,0.2465984809580359,-0.26720699091482264,-1.1454181045319203,0.5405377599750526,1.37623007400284,-0.690491394346993,-0.5755115693951635,-0.5595719370593745,1.6803094590682988
-0.4436075529120105,0.35562185742293734,-1.5388645357554536,-0.20679364850592954,1.419895227817005,-0.4601765366842981,0.23568261093877343,1.394189236113643,1.1416656400881946,-0.17373228769080004,0.0692820323027559,0.2465984809580359,1.3126680190438005,0.48708701806903504,-1.8500095165343355,-0.7266226911401854,1.4482439726069483,-0.5755115693951635,-0.5595719370593745,-0.5951284714867237
0.289413012174537,0.9739934617468065,0.39109012905737717,-0.20679364850592954,1.2927108964082943,0.2512813564145233,-1.9449240876917921,-0.07773708545436095,0.9471286649218978,-0.04366640783871271,0.0692820323027559,0.2465984809580359,-0.7360642287123165,0.6503375303291306,-1.8500095165343355,1.37623007400284,-0.690491394346993,-0.5755115693951635,-0.5595719370593745,-0.5951284714867237
0.025990170290518377,0.7491310601744904,1.3775114021839352,-0.20679364850592954,-0.16412198156090127,0.03520140991679862,-1.399772413034151,-0.07773708545436095,1.3362026152544912,-0.11081999753649899,0.0692820323027559,0.2465984809580359,-1.0998959035835323,-1.227043360661968,0.5405377599750526,-0.7266226911401854,1.4482439726069483,-0.5755115693951635,1.7870803265351975,-0.5951284714867237
1.0812917437790643,0.9177778613537274,0.5340497338583277,-0.20679364850592954,-0.4705397115421973,1.0994237896067929,0.23568261093877343,-1.0590212998330302,-0.803704111574772,0.011229109998465126,0.0692820323027559,0.2465984809580359,-0.26720699091482264,1.5482153477596559,0.5405377599750526,-0.7266226911401854,-0.690491394346993,-0.5755115693951635,1.7870803265351975,-0.5951284714867237
-0.24109845961295542,0.4680530582090954,1.4346952441043153,-0.20679364850592954,-1.09776943076873,-0.23414500673298214,-0.8546207383765094,-0.07773708545436095,0.16898076425671127,-0.19648210210234818,0.0692820323027559,0.2465984809580359,-0.842750040480901,-0.7372918238816814,0.5405377599750526,-0.7266226911401854,-0.690491394346993,-0.5755115693951635,-0.5595719370593745,-0.5951284714867237
-0.6785948428694153,0.41183745781601633,0.10517091945547634,-0.20679364850592954,-0.33747614313807933,-0.6753396887003629,-0.30946906371886795,-1.0590212998330302,-0.803704111574772,-0.21274088962900978,0.0692820323027559,0.2465984809580359,-0.8019850019421199,1.221714323239465,0.5405377599750526,-0.7266226911401854,-0.690491394346993,1.7375845303178776,-0.5595719370593745,-0.5951284714867237
-0.9170423626395764,1.3112870641052805,-0.8097705512706064,-0.20679364850592954,0.7027154901548547,-0.9196846982440575,-0.30946906371886795,-0.5683791926436955,-1.387315037073662,-0.22992696731692944,0.0692820323027559,0.2465984809580359,4.576909950473726,-0.9005423361417769,-1.8500095165343355,-0.7266226911401854,1.4482439726069483,-0.5755115693951635,-0.5595719370593745,-0.5951284714867237
0.28787132562429896,1.0864246625329645,0.6341214572189929,-0.20679364850592954,0.22943050204094206,0.2992963315267171,1.8711376349116977,-1.5496634070223647,-0.025556210909585365,-0.08423331707212629,0.0692820323027559,0.2465984809580359,-0.26720699091482264,-0.16591503097134708,0.5405377599750526,-0.7266226911401854,1.4482439726069483,-0.5755115693951635,1.7870803265351975,-0.5951284714867237
-0.6914079710869497,-1.274630553976354,-1.3244251285540278,-0.20679364850592954,-1.2416556155520946,-0.6882611304431819,1.3259859602540562,0.4129050217349737,-0.41463016124217866,-0.21102011297420742,0.0692820323027559,0.2465984809580359,0.07456709219431819,-1.6351696413122068,0.5405377599750526,-0.7266226911401854,1.4482439726069483,-0.5755115693951635,-0.5595719370593745,1.6803094590682988
0.44618540448319477,0.1307594558506213,-1.295833207593838,-0.20679364850592954,-0.4669655046640475,0.45894869060042615,-1.399772413034151,0.4129050217349737,1.5307395904207879,-0.023596930215639217,0.0692820323027559,0.2465984809580359,-0.07538895502688527,0.813588042589226,0.5405377599750526,-0.7266226911401854,-0.690491394346993,1.7375845303178776,-0.5595719370593745,-0.5951284714867237
-0.7306010691641142,0.7491310601744904,1.8349821375469764,3.1124756489183216,0.05119449692287647,-0.7277855404800404,0.7808342855964149,3.847399772060316,-0.22009318607588202,-0.20755139393977204,0.0692820323027559,0.2465984809580359,-0.4813790915723898,0.07896073741879621,0.5405377599750526,-0.7266226911401854,1.4482439726069483,-0.5755115693951635,1.7870803265351975,-0.5951284714867237
-0.7129230633880504,-0.20653414650785276,0.20524264281614163,-0.20679364850592954,0.9088451800845357,-0.7215698110182781,0.23568261093877343,2.3754734504923123,-0.803704111574772,-0.19754833564301805,0.0692820323027559,0.2465984809580359,0.47963816241640284,-0.002664518711251552,-1.8500095165343355,1.37623007400284,-0.690491394346993,1.7375845303178776,-0.5595719370593745,-0.5951284714867237
-0.14133420996199147,1.3675026644983594,-0.29511597398718487,-0.20679364850592954,0.604417109025366,-0.1335374175482514,0.7808342855964149,0.4129050217349737,0.16898076425671127,-0.09710838928198354,0.0692820323027559,0.2465984809580359,-1.0995994305759775,-0.24754028710139483,0.5405377599750526,1.37623007400284,-0.690491394346993,-0.5755115693951635,1.7870803265351975,-0.5951284714867237
2.805479721864252,0.35562185742293734,-0.9241382351113667,-0.20679364850592954,-1.196557534648381,2.8381868874433134,-0.8546207383765094,0.4129050217349737,0.16898076425671127,0.36843249963980773,0.0692820323027559,0.2465984809580359,-0.5012872540296927,1.221714323239465,0.5405377599750526,-0.7266226911401854,-0.690491394346993,1.7375845303178776,-0.5595719370593745,-0.5951284714867237
-0.992756302106826,-0.4876121484732478,2.1923811495493526,-0.20679364850592954,-0.7368437638989211,-0.9921568565657412,-0.30946906371886795,-0.5683791926436955,-0.41463016124217866,-0.23831533805311458,0.0692820323027559,0.2465984809580359,-0.26720699091482264,-1.3902938729220635,0.5405377599750526,-0.7266226911401854,-0.690491394346993,1.7375845303178776,-0.5595719370593745,-0.5951284714867237
0.25443385733469015,0.07454385545754227,-0.40948365782794516,-0.20679364850592954,-0.9704338237460945,0.2655762054812853,-0.8546207383765094,-0.5683791926436955,-0.41463016124217866,5.540679336215224,0.0692820323027559,0.2465984809580359,-0.20377659094847927,0.24221124967889174,0.5405377599750526,-0.7266226911401854,-0.690491394346993,-0.5755115693951635,-0.5595719370593745,-0.5951284714867237
-0.529530883311948,1.0302090621398854,0.39109012905737717,-0.20679364850592954,0.7351346234169249,-0.5250156431843037,1.3259859602540562,0.4129050217349737,-0.6091671364084753,-0.14992490778842518,0.0692820323027559,0.2465984809580359,2.336063193822117,1.140089067109417,0.5405377599750526,-0.7266226911401854,-0.690491394346993,-0.5755115693951635,1.7870803265351975,-0.5951284714867237
-0.975215335135228,-1.218414953583275,0.5483456943384226,-0.20679364850592954,-1.0751011646211526,-0.9744676101156785,-0.8546207383765094,-1.5496634070223647,-0.803704111574772,-0.23250817805334165,0.0692820323027559,0.2465984809580359,-0.5017467871914026,-0.5740413116215859,0.5405377599750526,1.37623007400284,-0.690491394346993,-0.5755115693951635,-0.5595719370593745,1.6803094590682988
0.12397291548342937,0.8615622609606484,-0.3094119344672799,-0.20679364850592954,0.4350166253578771,0.13401243500894483,1.3259859602540562,2.866115557681647,0.16898076425671127,0.061543821794842586,0.0692820323027559,0.2465984809580359,0.907300475814161,1.221714323239465,0.5405377599750526,-0.7266226911401854,-0.690491394346993,-0.5755115693951635,1.7870803265351975,-0.5951284714867237
1.0609757410170373,-0.7124745500455638,-0.5095553811886104,-0.20679364850592954,1.1705596841543957,1.078936049089435,0.7808342855964149,0.9035471289243083,-0.803704111574772,0.00878473764849919,0.0692820323027559,0.2465984809580359,-0.26720699091482264,-1.4719191290521112,0.5405377599750526,-0.7266226911401854,-0.690491394346993,-0.5755115693951635,-0.5595719370593745,-0.5951284714867237
-0.7060711231647699,0.1307594558506213,-0.6096271045492758,-0.20679364850592954,-1.1401163466937816,-0.7030482348975311,0.23568261093877343,-2.0403055142116995,0.16898076425671127,-0.22321757652346083,0.0692820323027559,0.2465984809580359,0.24459436202697984,0.6503375303291306,0.5405377599750526,-0.7266226911401854,-0.690491394346993,-0.5755115693951635,-0.5595719370593745,-0.5951284714867237
-0.5098658148711329,1.2550714637122016,0.7913770225000384,-0.20679364850592954,-0.7630144451078702,-0.505184339546929,-0.30946906371886795,-1.0590212998330302,-0.803704111574772,-0.1897629905360211,0.0692820323027559,0.2465984809580359,-1.0341678378086392,1.3849648354995603,0.5405377599750526,1.37623007400284,-0.690491394346993,-0.5755115693951635,1.7870803265351975,-0.5951284714867237
0.0799491995488523,0.5804842589952534,0.8342649039403235,-0.20679364850592954,1.1120955053627373,0.08961657233642467,0.23568261093877343,-0.07773708545436095,3.6706463172500507,-0.10340876355597399,0.0692820323027559,0.2465984809580359,0.6911716533067324,-1.6351696413122068,0.5405377599750526,-0.7266226911401854,1.4482439726069483,1.7375845303178776,-0.5595719370593745,-0.5951284714867237
0.2875287286131349,-0.4876121484732478,-0.5810351835890857,-0.20679364850592954,0.17553535958849673,0.29895083843198916,-1.9449240876917921,-0.07773708545436095,0.16898076425671127,-0.08272878318381606,0.0692820323027559,0.2465984809580359,2.1239071096159226,1.4665900916296082,0.5405377599750526,-0.7266226911401854,1.4482439726069483,-0.5755115693951635,-0.5595719370593745,-0.5951284714867237
-0.30968638124799325,0.8615622609606484,0.19094668233604659,-0.20679364850592954,0.7637205864617542,-0.30331272429748457,-0.30946906371886795,-0.5683791926436955,1.3362026152544912,-0.16026510739728486,0.0692820323027559,0.2465984809580359,-0.20380623824923474,-1.0637928484018724,0.5405377599750526,-0.7266226911401854,1.4482439726069483,1.7375845303178776,-0.5595719370593745,-0.5951284714867237
-0.5120584357425827,0.7491310601744904,-0.9098422746312717,-0.20679364850592954,-0.7499483344543183,-0.5073954953531868,1.8711376349116977,-0.5683791926436955,0.9471286649218978,-0.18047893258537123,0.0692820323027559,0.2465984809580359,-0.26720699091482264,0.813588042589226,0.5405377599750526,1.37623007400284,-0.690491394346993,-0.5755115693951635,1.7870803265351975,-0.5951284714867237
-0.12488955342611824,-0.15031854611477377,0.6055295362588028,-0.20679364850592954,0.252752586519888,-0.11695374900131769,0.23568261093877343,0.9035471289243083,-0.025556210909585365,-0.02717461153006519,0.0692820323027559,0.2465984809580359,0.1614485070582441,1.140089067109417,0.5405377599750526,-0.7266226911401854,-0.690491394346993,1.7375845303178776,-0.5595719370593745,-0.5951284714867237
3.3379439966153797,0.1307594558506213,0.5054578128981375,-0.20679364850592954,-0.7675322015779562,3.3751522552692363,-0.30946906371886795,-0.07773708545436095,-0.41463016124217866,0.514240295089861,0.0692820323027559,0.2465984809580359,1.1396463718348353,-0.4924160554915381,0.5405377599750526,-0.7266226911401854,-0.690491394346993,1.7375845303178776,-0.5595719370593745,-0.5951284714867237
-0.20824340624232543,-1.274630553976354,-1.4959766543151685,-0.20679364850592954,-1.1026769142441808,-0.2010122189485876,0.23568261093877343,-2.0403055142116995,1.3362026152544912,-0.19015435537397224,0.0692820323027559,0.2465984809580359,0.15975861091518181,0.5687122741990828,0.5405377599750526,1.37623007400284,-0.690491394346993,-0.5755115693951635,-0.5595719370593745,1.6803094590682988
-0.20738691371441537,1.4799338652845175,-1.052801879432222,-0.20679364850592954,-1.0080424797638143,-0.20014848621176812,-0.8546207383765094,-0.07773708545436095,-0.41463016124217866,-0.1814219557188754,0.0692820323027559,-4.0551750201988135,0.03126720944094372,0.813588042589226,0.5405377599750526,-0.7266226911401854,1.4482439726069483,-0.5755115693951635,1.7870803265351975,-0.5951284714867237
-0.5035962895668313,1.3675026644983594,-0.8669543931909865,-0.20679364850592954,-0.48053415803504373,-0.49886181591341056,-0.30946906371886795,-0.07773708545436095,-1.387315037073662,-0.17946078760992168,0.0692820323027559,0.2465984809580359,-0.26720699091482264,0.24221124967889174,0.5405377599750526,-0.7266226911401854,-0.690491394346993,-0.5755115693951635,1.7870803265351975,-0.5951284714867237
0.6301599994782761,0.7491310601744904,2.249564991469733,-0.20679364850592954,0.2636393027355437,0.6444784824692463,2.416289309569339,0.9035471289243083,-0.22009318607588202,0.14725579018828597,0.0692820323027559,0.2465984809580359,2.058994344611805,-1.6351696413122068,0.5405377599750526,1.37623007400284,-0.690491394346993,-0.5755115693951635,1.7870803265351975,-0.5951284714867237
-0.2838888263073422,0.07454385545754227,-1.338721089034123,-0.20679364850592954,0.06515544129269399,-0.30515612643814444,-1.399772413034151,-0.07773708545436095,-0.41463016124217866,-0.15892772935241983,0.0692820323027559,0.2465984809580359,0.1605146170844464,-0.0842897748412993,-1.8500095165343355,-0.7266226911401854,-0.690491394346993,-0.5755115693951635,-0.5595719370593745,-0.5951284714867237
-0.6673234012021187,1.7610118672499127,-1.038505918952127,-0.20679364850592954,-0.4834237786603485,-0.6639729658838186,-0.30946906371886795,-0.5683791926436955,0.16898076425671127,-0.19725274122006628,0.0692820323027559,0.2465984809580359,-0.5894435028261041,1.4665900916296082,0.5405377599750526,1.37623007400284,-0.690491394346993,-0.5755115693951635,1.7870803265351975,-0.5951284714867237
0.006256582447470575,1.0302090621398854,-0.9527301560715568,-0.20679364850592954,-0.09714790848762221,-0.023545690064339934,-0.30946906371886795,1.8848313433029775,1.1416656400881946,-0.0881866197210772,0.0692820323027559,0.2465984809580359,-1.0989768372601125,1.3849648354995603,-1.8500095165343355,1.37623007400284,-0.690491394346993,-0.5755115693951635,1.7870803265351975,-0.5951284714867237
0.3300107579974741,1.5361494656775965,-1.038505918952127,-0.20679364850592954,0.5651905731366904,0.34179198217823453,1.3259859602540562,-1.0590212998330302,-0.41463016124217866,-0.07916320241705364,0.0692820323027559,0.2465984809580359,-0.26720699091482264,0.07896073741879621,0.5405377599750526,1.37623007400284,-0.690491394346993,-0.5755115693951635,1.7870803265351975,-0.5951284714867237
-0.17699855882416635,0.5242686586021743,0.7484891410597533,-0.20679364850592954,0.7364627720273136,-0.16950324870941366,-0.30946906371886795,1.8848313433029775,0.16898076425671127,-0.16562418010214894,0.0692820323027559,0.2465984809580359,-0.6499091727168997,-0.5740413116215859,0.5405377599750526,1.37623007400284,-0.690491394346993,1.7375845303178776,-0.5595719370593745,-0.5951284714867237
0.5112788366043595,0.5804842589952534,0.333906287136997,-0.20679364850592954,-0.895039596162167,0.4666207336676532,-0.8546207383765094,-0.07773708545436095,-0.6091671364084753,-0.07170817206711014,0.0692820323027559,0.2465984809580359,-0.6730044200054164,0.24221124967889174,-1.8500095165343355,1.37623007400284,-0.690491394346993,-0.5755115693951635,1.7870803265351975,-0.5951284714867237
-0.3630629955873483,1.0302090621398854,-0.9813220770317469,-0.20679364850592954,-0.8032050425361329,-0.35714054845607335,2.416289309569339,-0.07773708545436095,-0.803704111574772,-0.17721341656038528,0.0692820323027559,0.2465984809580359,-0.4181858700120901,-0.3291655432314426,0.5405377599750526,1.37623007400284,-0.690491394346993,-0.5755115693951635,-0.5595719370593745,-0.5951284714867237
1.6376350302083242,1.9296586684291497,0.5483456943384226,-0.20679364850592954,-0.3116951889344953,1.5598438198244096,0.7808342855964149,-0.07773708545436095,1.1416656400881946,0.05357318538501016,0.0692820323027559,0.2465984809580359,-0.587234778919821,0.16058599354884398,-1.8500095165343355,1.37623007400284,-0.690491394346993,-0.5755115693951635,1.7870803265351975,-0.5951284714867237
-0.6624585236435896,1.0302090621398854,-0.16645232966632947,-0.20679364850592954,-0.02692525570514958,-0.6725897457474534,0.23568261093877343,-0.5683791926436955,-0.6091671364084753,-0.21068521857569517,0.0692820323027559,0.2465984809580359,0.11591025309783112,-0.002664518711251552,-1.8500095165343355,-0.7266226911401854,1.4482439726069483,-0.5755115693951635,1.7870803265351975,-0.5951284714867237
-0.34637852114366025,-0.20653414650785276,-0.7811786303104162,-0.20679364850592954,0.6159371316247398,-0.3403150347428302,-1.399772413034151,1.8848313433029775,-0.803704111574772,-0.1751131116685029,0.0692820323027559,0.2465984809580359,0.3096850108356298,0.5687122741990828,0.5405377599750526,1.37623007400284,-0.690491394346993,1.7375845303178776,-0.5595719370593745,-0.5951284714867237
0.43765473890521056,1.3675026644983594,0.019395156574906088,-0.20679364850592954,-0.3094132347583451,0.3951623763920238,-0.30946906371886795,1.8848313433029775,-0.025556210909585365,-0.07279563270811275,0.0692820323027559,0.2465984809580359,-0.26720699091482264,-0.24754028710139483,-1.8500095165343355,-0.7266226911401854,1.4482439726069483,-0.5755115693951635,1.7870803265351975,-0.5951284714867237
-0.22982701794565905,0.35562185742293734,-0.9098422746312717,-0.20679364850592954,1.1302255030925776,-0.25268461048610014,0.7808342855964149,0.4129050217349737,0.5580547145893046,-0.17564030331331243,0.0692820323027559,0.2465984809580359,-1.0135926110843383,0.07896073741879621,-1.8500095165343355,1.37623007400284,-0.690491394346993,1.7375845303178776,-0.5595719370593745,-0.5951284714867237
-0.5015749672009635,-0.4313965480801688,-0.33800385542746997,-0.20679364850592954,1.74082772475469,-0.5164387705188095,-0.30946906371886795,0.4129050217349737,-0.41463016124217866,-0.18547654916478845,0.0692820323027559,0.2465984809580359,0.5420160832059268,0.48708701806903504,-1.8500095165343355,1.37623007400284,-0.690491394346993,-0.5755115693951635,-0.5595719370593745,-0.5951284714867237
-0.9194405417177247,-1.162199353190196,0.44827397097775734,-0.20679364850592954,-0.8883911611298553,-0.9182213342939951,-0.30946906371886795,-0.5683791926436955,1.1416656400881946,-0.22833104572103,0.0692820323027559,0.2465984809580359,0.22551632399083024,1.140089067109417,0.5405377599750526,-0.7266226911401854,-0.690491394346993,-0.5755115693951635,-0.5595719370593745,1.6803094590682988
-0.37587612380488283,0.8615622609606484,0.8628568249005136,-0.20679364850592954,-0.7588710316824111,-0.3700619901988925,0.23568261093877343,-0.5683791926436955,-0.6091671364084753,-0.13226372283346197,0.0692820323027559,0.2465984809580359,-0.3542218186321482,0.40546176193898725,0.5405377599750526,-0.7266226911401854,-0.690491394346993,1.7375845303178776,-0.5595719370593745,-0.5951284714867237
1.5742545831429795,1.1426402629260435,1.1916639159426996,-0.20679364850592954,1.3945373325337183,1.5965538036106017,0.23568261093877343,-0.5683791926436955,0.16898076425671127,0.07054120737394506,0.0692820323027559,0.2465984809580359,-0.26720699091482264,-1.6351696413122068,0.5405377599750526,1.37623007400284,-0.690491394346993,-0.5755115693951635,-0.5595719370593745,-0.5951284714867237
-0.09525491196042998,0.41183745781601633,-1.4673847333549783,-0.20679364850592954,-0.9800103393055561,-0.08706859630736422,1.3259859602540562,-0.5683791926436955,1.3362026152544912,-0.19820820589450952,0.0692820323027559,0.2465984809580359,4.299663217458881,1.3849648354995603,0.5405377599750526,-0.7266226911401854,-0.690491394346993,1.7375845303178776,-0.5595719370593745,-0.5951284714867237
0.7446559206092934,-0.20653414650785276,0.319610326656902,6.431744946342572,-1.203121357896633,0.7599422747272722,-0.8546207383765094,-0.07773708545436095,-0.803704111574772,-0.02927409862002578,0.0692820323027559,0.2465984809580359,-0.26720699091482264,0.48708701806903504,0.5405377599750526,-0.7266226911401854,1.4482439726069483,-0.5755115693951635,-0.5595719370593745,-0.5951284714867237
-0.7844573193190989,-0.8811213512248008,0.5340497338583277,-0.20679364850592954,2.2504598841057986,-0.7820970549712482,0.7808342855964149,-0.5683791926436955,0.9471286649218978,-0.22533532812001755,0.0692820323027559,0.2465984809580359,0.5422680852623483,0.6503375303291306,0.5405377599750526,1.37623007400284,-0.690491394346993,-0.5755115693951635,-0.5595719370593745,-0.5951284714867237
-0.33616913021097233,0.6929154597814113,0.319610326656902,-0.20679364850592954,0.2443837118783664,-0.3300193405199423,-0.8546207383765094,-0.5683791926436955,-1.1927780619073654,-0.15841286224413503,0.0692820323027559,0.2465984809580359,-0.1184368357238382,-0.8189170800117291,0.5405377599750526,-0.7266226911401854,1.4482439726069483,-0.5755115693951635,-0.5595719370593745,-0.5951284714867237
3.032895617874931,-0.8249057508317219,-1.2243534051933627,-0.20679364850592954,0.6619864541007587,3.067525203723616,0.7808342855964149,-1.0590212998330302,-0.41463016124217866,0.30951307165219216,0.0692820323027559,0.2465984809580359,1.4399883521381969,1.5482153477596559,0.5405377599750526,-0.7266226911401854,1.4482439726069483,1.7375845303178776,-0.5595719370593745,-0.5951284714867237
-0.9038866374108779,-1.0497681524040379,1.5347669674649806,-0.20679364850592954,-0.47710609878390575,-0.9025359477933539,0.7808342855964149,-1.0590212998330302,-1.1927780619073654,-0.2276227547886768,0.0692820323027559,0.2465984809580359,-0.26720699091482264,1.4665900916296082,0.5405377599750526,-0.7266226911401854,1.4482439726069483,1.7375845303178776,-0.5595719370593745,-0.5951284714867237
-0.8277273218291151,-0.5438277488663268,-0.35229981590756504,-0.20679364850592954,-1.0721833400678282,-0.8257328328353672,-1.9449240876917921,0.9035471289243083,-0.6091671364084753,-0.03987409945388155,0.0692820323027559,0.2465984809580359,5.324036753162129,-0.7372918238816814,0.5405377599750526,-0.7266226911401854,-0.690491394346993,-0.5755115693951635,-0.5595719370593745,-0.5951284714867237
-0.2413725372218867,-1.49949295554867,2.4925963196313483,-0.20679364850592954,-1.223630741553965,-0.2344214012087644,-0.8546207383765094,0.4129050217349737,0.16898076425671127,-0.14791065950429075,0.0692820323027559,0.2465984809580359,-0.26720699091482264,-1.3086686167920156,0.5405377599750526,-0.7266226911401854,-0.690491394346993,-0.5755115693951635,-0.5595719370593745,1.6803094590682988
0.3123670119225267,-1.0497681524040379,-1.2815372471137427,-0.20679364850592954,-0.8860681830584036,0.2735601369518298,0.7808342855964149,1.8848313433029775,1.3362026152544912,-0.033415366412586064,0.0692820323027559,0.2465984809580359,2.3361521357243835,-0.3291655432314426,-1.8500095165343355,-0.7266226911401854,1.4482439726069483,-0.5755115693951635,-0.5595719370593745,1.6803094590682988
0.423642521148602,-1.105983752797117,-0.7668826698303213,-0.20679364850592954,0.5282818873325537,0.436215244967338,1.3259859602540562,-0.5683791926436955,0.5580547145893046,-0.06789765497614833,0.0692820323027559,0.2465984809580359,-0.26720699091482264,-0.6556665677516337,0.5405377599750526,-0.7266226911401854,1.4482439726069483,-0.5755115693951635,-0.5595719370593745,1.6803094590682988
1.3229596754541673,-0.7124745500455638,-0.19504425062651956,-0.20679364850592954,0.31265772963401434,1.343134618627772,-0.30946906371886795,-0.07773708545436095,-0.41463016124217866,-0.044169642385996306,0.0692820323027559,0.2465984809580359,-0.1155610475505569,-0.16591503097134708,0.5405377599750526,1.37623007400284,-0.690491394346993,-0.5755115693951635,-0.5595719370593745,-0.5951284714867237
0.31195589550912983,1.7610118672499127,-1.0956897608725071,-0.20679364850592954,0.7134432387762168,0.3235844960860802,-0.30946906371886795,-0.5683791926436955,1.3362026152544912,-0.15600292192460077,0.0692820323027559,0.2465984809580359,-1.0811291622053152,0.5687122741990828,0.5405377599750526,-0.7266226911401854,-0.690491394346993,-0.5755115693951635,1.7870803265351975,-0.5951284714867237
1.511148213686566,0.2994062570298583,0.062283038015191215,-0.20679364850592954,2.368624086535075,1.5329139755617436,0.23568261093877343,0.9035471289243083,0.3635177394230079,-0.06113294889633654,0.0692820323027559,0.2465984809580359,-0.8005471078554793,-1.227043360661968,0.5405377599750526,-0.7266226911401854,1.4482439726069483,-0.5755115693951635,-0.5595719370593745,-0.5951284714867237
1.417345152029856,-1.330846154369433,-0.9813220770317469,-0.20679364850592954,-1.06633999898081,1.4383179662252765,-1.399772413034151,-0.07773708545436095,-0.9982410867410686,-0.08655857741389306,0.0692820323027559,0.2465984809580359,1.2716065074974643,1.3849648354995603,0.5405377599750526,1.37623007400284,-0.690491394346993,-0.5755115693951635,-0.5595719370593745,1.6803094590682988
-0.691510750190299,-0.7686901504386429,0.7056012596194681,-0.20679364850592954,-1.2247383867271073,-0.6883647783716003,-1.9449240876917921,-0.07773708545436095,0.5580547145893046,-0.22176237060576892,0.0692820323027559,0.2465984809580359,-0.760182307876897,-0.0842897748412993,0.5405377599750526,1.37623007400284,-0.690491394346993,1.7375845303178776,-0.5595719370593745,-0.5951284714867237
1.7918722046343682,0.9177778613537274,0.5483456943384226,-0.20679364850592954,0.23345084378049658,1.7095439242706094,0.7808342855964149,1.394189236113643,0.16898076425671127,0.08402194852871721,0.0692820323027559,0.2465984809580359,-0.26720699091482264,-0.5740413116215859,-1.8500095165343355,1.37623007400284,-0.690491394346993,-0.5755115693951635,-0.5595719370593745,-0.5951284714867237
-0.5561164113782763,0.1869750562437003,0.1623547613758565,-0.20679364850592954,1.1015446722898632,-0.5518259073351798,-0.30946906371886795,2.3754734504923123,-0.41463016124217866,-0.22149492427281076,0.0692820323027559,0.2465984809580359,2.314554077124018,-1.6351696413122068,0.5405377599750526,-0.7266226911401854,-0.690491394346993,-0.5755115693951635,-0.5595719370593745,-0.5951284714867237
-0.9063875955923753,-1.330846154369433,-1.3101291680739329,-0.20679364850592954,-1.0713449142076021,-0.9050580473848667,0.7808342855964149,-0.07773708545436095,0.7525916897556012,-0.23313542676225116,0.0692820323027559,0.2465984809580359,-1.0992733102676673,1.7114658600197514,0.5405377599750526,1.37623007400284,-0.690491394346993,-0.5755115693951635,-0.5595719370593745,1.6803094590682988
1.128193274607419,-1.218414953583275,0.37679416857728215,-0.20679364850592954,-1.1607693139846689,1.1467217942750265,0.7808342855964149,-1.0590212998330302,-0.6091671364084753,-0.010289610718786426,0.0692820323027559,0.2465984809580359,0.20197636719098133,-1.227043360661968,0.5405377599750526,-0.7266226911401854,-0.690491394346993,-0.5755115693951635,-0.5595719370593745,1.6803094590682988
-0.8747658914619358,-0.03788734532861574,0.7341931805796582,-0.20679364850592954,-1.2423914816740669,-0.8731690347414922,1.8711376349116977,-0.5683791926436955,-1.387315037073662,-0.2288178629314431,0.0692820323027559,0.2465984809580359,-0.7586999428391232,0.9768385548493216,0.5405377599750526,-0.7266226911401854,-0.690491394346993,-0.5755115693951635,-0.5595719370593745,-0.5951284714867237
-0.6663983892719759,0.8615622609606484,-0.15215636918623443,-0.20679364850592954,1.7660420364044211,-0.6630401345280537,-0.30946906371886795,1.394189236113643,0.7525916897556012,-0.20374147974374365,0.0692820323027559,0.2465984809580359,-0.694469065752382,1.3033395793695126,0.5405377599750526,-0.7266226911401854,1.4482439726069483,-0.5755115693951635,-0.5595719370593745,-0.5951284714867237
-0.7415299138202466,-1.443277355155591,-0.08067656678575921,-0.20679364850592954,-0.9022803136828951,-0.7388067702018567,0.7808342855964149,-0.07773708545436095,0.16898076425671127,-0.20808838621112452,0.0692820323027559,0.2465984809580359,-0.26720699091482264,0.24221124967889174,0.5405377599750526,-0.7266226911401854,-0.690491394346993,-0.5755115693951635,-0.5595719370593745,1.6803094590682988
-1.0161556779693288,0.018328255064463266,0.19094668233604659,-0.20679364850592954,-0.20421001925090987,-1.0157540349356486,0.7808342855964149,-0.07773708545436095,-0.22009318607588202,-0.24005534086569982,0.0692820323027559,0.2465984809580359,3.340484096116928,-0.0842897748412993,0.5405377599750526,-0.7266226911401854,-0.690491394346993,1.7375845303178776,-0.5595719370593745,-0.5951284714867237
0.35553423532919387,-0.09410294572169475,1.8778700189872617,-0.20679364850592954,0.7933603508171432,0.36753121773545444,-1.399772413034151,1.394189236113643,-1.387315037073662,0.9468047594791534,0.0692820323027559,-4.0551750201988135,-0.9937140959277907,-0.0842897748412993,0.5405377599750526,1.37623007400284,-0.690491394346993,1.7375845303178776,-0.5595719370593745,-0.5951284714867237
-0.009674178571656698,1.8172274676429916,-0.2665240530269948,-0.20679364850592954,-0.7287210326292091,-0.000764421244363818,2.416289309569339,-0.07773708545436095,-0.22009318607588202,-0.01914589332174047,0.0692820323027559,0.2465984809580359,-0.629422887894865,0.7319627864591783,0.5405377599750526,-0.7266226911401854,1.4482439726069483,-0.5755115693951635,1.7870803265351975,-0.5951284714867237
-0.3933143116731317,-1.218414953583275,-1.5102726147952634,-0.20679364850592954,-0.9903304129673588,-0.4113627309697221,0.7808342855964149,-1.0590212998330302,1.3362026152544912,-0.12730399280414986,0.0692820323027559,0.2465984809580359,-0.7805203561951545,-0.002664518711251552,-1.8500095165343355,-0.7266226911401854,1.4482439726069483,-0.5755115693951635,-0.5595719370593745,1.6803094590682988
0.5097714097552378,1.0302090621398854,-0.6096271045492758,-0.20679364850592954,0.704917960533858,0.5230722089819029,0.23568261093877343,0.4129050217349737,0.7525916897556012,0.04085248298609411,0.0692820323027559,0.2465984809580359,-0.07409929744402217,-0.4924160554915381,0.5405377599750526,-0.7266226911401854,-0.690491394346993,-0.5755115693951635,1.7870803265351975,-0.5951284714867237
0.6617817036087157,1.1988558633191224,0.5197537733782326,-0.20679364850592954,0.33326967302959976,0.676367495112621,0.7808342855964149,-0.5683791926436955,-0.025556210909585365,-0.03924532410833534,0.0692820323027559,0.2465984809580359,-0.26720699091482264,-1.0637928484018724,0.5405377599750526,-0.7266226911401854,1.4482439726069483,-0.5755115693951635,1.7870803265351975,-0.5951284714867237
0.5164177917718199,-1.105983752797117,0.5912335757787078,-0.20679364850592954,-1.0748550212493435,0.5297747750196219,-0.30946906371886795,-0.5683791926436955,-1.387315037073662,-0.13045504693786586,0.0692820323027559,0.2465984809580359,1.0771498618422897,-1.6351696413122068,0.5405377599750526,-0.7266226911401854,-0.690491394346993,-0.5755115693951635,-0.5595719370593745,1.6803094590682988
0.3700260889014322,-0.4313965480801688,-1.0813938003924122,-0.20679364850592954,1.189802455044291,0.3821455756424398,0.23568261093877343,-1.5496634070223647,-1.387315037073662,-0.13650172175749045,0.0692820323027559,0.2465984809580359,1.014697822800877,1.5482153477596559,0.5405377599750526,-0.7266226911401854,1.4482439726069483,1.7375845303178776,-0.5595719370593745,-0.5951284714867237
-0.5636535456238848,-1.330846154369433,0.5054578128981375,-0.20679364850592954,-0.882863191237968,-0.5594267554191912,-0.30946906371886795,1.394189236113643,1.1416656400881946,-0.20543928849193924,0.0692820323027559,0.2465984809580359,-0.3326089363814054,1.0584638109793694,0.5405377599750526,1.37623007400284,-0.690491394346993,-0.5755115693951635,-0.5595719370593745,1.6803094590682988
-0.6638974310904785,-0.4876121484732478,-1.2243534051933627,-0.20679364850592954,0.49493458843928523,-0.6605180349365408,-0.30946906371886795,-0.5683791926436955,-0.803704111574772,-0.207370971352843,0.0692820323027559,0.2465984809580359,-0.8007991099119008,0.5687122741990828,0.5405377599750526,-0.7266226911401854,-0.690491394346993,-0.5755115693951635,-0.5595719370593745,-0.5951284714867237
-0.7529041345908922,0.2431906566367793,0.37679416857728215,-0.20679364850592954,-0.6776052590834454,-0.7603747914466912,-0.8546207383765094,0.4129050217349737,-0.22009318607588202,-0.21066164580164334,0.0692820323027559,0.2465984809580359,-0.26720699091482264,-0.24754028710139483,-1.8500095165343355,1.37623007400284,-0.690491394346993,1.7375845303178776,-0.5595719370593745,-0.5951284714867237
-0.8852151003024387,1.1988558633191224,1.7920942561066913,4.772110297630447,1.0951500726097299,-0.8837065741306895,0.23568261093877343,0.4129050217349737,-0.6091671364084753,-0.22537624057159175,0.0692820323027559,0.2465984809580359,-0.26720699091482264,0.24221124967889174,0.5405377599750526,-0.7266226911401854,-0.690491394346993,-0.5755115693951635,-0.5595719370593745,-0.5951284714867237
-0.5519709875431916,0.41183745781601633,0.2624264847365218,4.772110297630447,-0.12711586400542346,-0.5476454408889737,0.23568261093877343,-0.07773708545436095,-2.554536888071442,0.1817083080184745,0.0692820323027559,0.2465984809580359,0.9497850577967599,-1.3086686167920156,0.5405377599750526,-0.7266226911401854,1.4482439726069483,1.7375845303178776,-0.5595719370593745,-0.5951284714867237
-0.5743768320733188,-0.7124745500455638,1.649134651305741,-0.20679364850592954,0.7283323487772324,-0.5702406892841708,0.23568261093877343,1.394189236113643,-0.9982410867410686,-0.18797693141266972,0.0692820323027559,0.2465984809580359,-0.26720699091482264,-0.16591503097134708,0.5405377599750526,-0.7266226911401854,-0.690491394346993,1.7375845303178776,-0.5595719370593745,-0.5951284714867237
-0.7439966123006275,0.8053466605675694,0.5340497338583277,-0.20679364850592954,0.2239307360770746,-0.7412943204838969,-0.30946906371886795,0.4129050217349737,1.3362026152544912,-0.16627309184872086,0.0692820323027559,0.2465984809580359,-1.0576040290558442,-1.0637928484018724,0.5405377599750526,1.37623007400284,-0.690491394346993,-0.5755115693951635,1.7870803265351975,-0.5951284714867237
-0.9883710603639264,0.41183745781601633,-0.8097705512706064,-0.20679364850592954,-0.5955779804279444,-0.9889151774659564,-0.30946906371886795,-1.0590212998330302,0.3635177394230079,-0.2310189298880732,0.0692820323027559,0.2465984809580359,0.11682931942125088,1.3033395793695126,-1.8500095165343355,-0.7266226911401854,1.4482439726069483,-0.5755115693951635,1.7870803265351975,-0.5951284714867237
-0.4333296425770897,0.6929154597814113,0.7341931805796582,-0.20679364850592954,0.3101886039355507,-0.42800118218474187,0.7808342855964149,-0.07773708545436095,0.16898076425671127,0.042870193937959364,0.0692820323027559,-4.0551750201988135,0.4803496976345343,1.3033395793695126,0.5405377599750526,-0.7266226911401854,-0.690491394346993,-0.5755115693951635,1.7870803265351975,-0.5951284714867237
-0.877335369045666,-0.9373369516178799,-1.0242099584720321,-0.20679364850592954,-1.155002892701341,-0.8757602329519505,-0.8546207383765094,-0.5683791926436955,0.16898076425671127,-0.18984663363312673,0.0692820323027559,0.2465984809580359,1.9311700074045648,0.813588042589226,0.5405377599750526,-0.7266226911401854,1.4482439726069483,-0.5755115693951635,-0.5595719370593745,1.6803094590682988
-0.6530028461354624,-0.3751809476870898,0.4625699314578524,-0.20679364850592954,0.16847924959662555,-0.6495313545241973,-0.30946906371886795,0.4129050217349737,-0.22009318607588202,-0.09099570045054657,0.0692820323027559,0.2465984809580359,-0.011054312387499871,0.6503375303291306,0.5405377599750526,1.37623007400284,-0.690491394346993,1.7375845303178776,-0.5595719370593745,-0.5951284714867237
3.0648941787176516,0.8615622609606484,-0.23793213206680466,6.431744946342572,0.6928184754133494,2.9451184424873795,-0.8546207383765094,-0.07773708545436095,-0.6091671364084753,1.3719611718357316,0.0692820323027559,0.2465984809580359,-0.5241304992617878,-0.3291655432314426,-1.8500095165343355,1.37623007400284,-0.690491394346993,-0.5755115693951635,1.7870803265351975,-0.5951284714867237
-0.6838708368413411,1.5361494656775965,-1.4530887728748834,-0.20679364850592954,0.6015197964196921,-0.6806602823591706,-0.30946906371886795,-0.5683791926436955,0.16898076425671127,-0.20115098542698856,0.0692820323027559,0.2465984809580359,-0.26720699091482264,-0.9005423361417769,0.5405377599750526,1.37623007400284,-0.690491394346993,-0.5755115693951635,1.7870803265351975,-0.5951284714867237
-0.45237803639780955,-0.9373369516178799,-0.06638060630566417,-0.20679364850592954,-1.1159840402826295,-0.4472105982516067,-0.8546207383765094,-0.07773708545436095,-0.41463016124217866,-0.03608526945757513,0.0692820323027559,0.2465984809580359,3.9824222757248977,-0.9821675922718247,0.5405377599750526,1.37623007400284,-0.690491394346993,-0.5755115693951635,-0.5595719370593745,1.6803094590682988
0.9597383242180682,-0.4313965480801688,-0.8097705512706064,-0.20679364850592954,2.529042901124975,0.9768428395973751,0.23568261093877343,-0.07773708545436095,0.16898076425671127,0.29160784654122485,0.0692820323027559,0.2465984809580359,-0.26910441816317315,1.3849648354995603,0.5405377599750526,-0.7266226911401854,-0.690491394346993,-0.5755115693951635,-0.5595719370593745,-0.5951284714867237
-0.9302666072705078,1.1426402629260435,2.335340754350303,-0.20679364850592954,1.9946143610575202,-0.9291389160873932,-1.399772413034151,-0.5683791926436955,0.3635177394230079,-0.2302385479727686,0.0692820323027559,0.2465984809580359,-0.22418875751862524,1.221714323239465,0.5405377599750526,-0.7266226911401854,-0.690491394346993,-0.5755115693951635,-0.5595719370593745,-0.5951284714867237
-0.9420862041556667,-1.443277355155591,0.3624982080971871,-0.20679364850592954,-1.026272473238452,-0.9410584278555018,0.7808342855964149,-0.07773708545436095,-0.22009318607588202,-0.22885925111186742,0.0692820323027559,0.2465984809580359,-1.0990806028127567,1.4665900916296082,0.5405377599750526,-0.7266226911401854,1.4482439726069483,-0.5755115693951635,-0.5595719370593745,1.6803094590682988
0.4581077804717029,-1.218414953583275,-0.29511597398718487,-0.20679364850592954,-1.223428186070913,0.4150137674081015,-0.8546207383765094,-1.5496634070223647,-0.22009318607588202,-0.07042718259684004,0.0692820323027559,0.2465984809580359,-0.26720699091482264,-1.6351696413122068,-1.8500095165343355,-0.7266226911401854,1.4482439726069483,-0.5755115693951635,-0.5595719370593745,1.6803094590682988
0.4247045718832105,0.4680530582090954,0.34820224761709206,-0.20679364850592954,0.7496006744976432,0.43728627356099414,0.23568261093877343,0.9035471289243083,0.3635177394230079,-0.12269083112542803,0.0692820323027559,0.2465984809580359,0.5665492245810843,1.3849648354995603,0.5405377599750526,-0.7266226911401854,1.4482439726069483,1.7375845303178776,-0.5595719370593745,-0.5951284714867237
1.9620743997806553,0.35562185742293734,1.5633588884251706,-0.20679364850592954,-0.3654518757402978,1.9876519868424536,-1.399772413034151,1.8848313433029775,-0.025556210909585365,0.006624749718356297,0.0692820323027559,-4.0551750201988135,-0.22470758528184614,1.3849648354995603,0.5405377599750526,-0.7266226911401854,-0.690491394346993,-0.5755115693951635,1.7870803265351975,-0.5951284714867237
-0.8888466286207773,1.5361494656775965,0.13376284041566644,-0.20679364850592954,-0.9458143585782361,-0.8923183752855454,0.7808342855964149,-1.0590212998330302,1.3362026152544912,-0.23346253203266135,0.0692820323027559,0.2465984809580359,-0.26857076674957464,0.5687122741990828,-1.8500095165343355,-0.7266226911401854,1.4482439726069483,-0.5755115693951635,1.7870803265351975,-0.5951284714867237
2.8986318491997505,1.1988558633191224,-0.12356444822604433,-0.20679364850592954,0.6572687061410776,2.9321264598997985,0.23568261093877343,-0.5683791926436955,-0.025556210909585365,0.07428459438601674,-14.433756729740645,-4.0551750201988135,-0.5878721958860638,-1.6351696413122068,0.5405377599750526,-0.7266226911401854,1.4482439726069483,-0.5755115693951635,1.7870803265351975,-0.5951284714867237
0.6886070495828588,-0.6562589496524849,-1.2529453261535526,-0.20679364850592954,0.19196286566332146,0.6387326262961585,-0.30946906371886795,-0.5683791926436955,-0.41463016124217866,-0.04373550362088904,0.0692820323027559,0.2465984809580359,-0.26720699091482264,0.5687122741990828,-1.8500095165343355,-0.7266226911401854,1.4482439726069483,-0.5755115693951635,-0.5595719370593745,-0.5951284714867237
0.16518733592646165,-0.2627497469009318,0.21953860329623667,-0.20679364850592954,0.2570395835789028,0.17557525430469742,-0.30946906371886795,-1.0590212998330302,-0.22009318607588202,-0.15720223388417548,0.0692820323027559,0.2465984809580359,2.037826171872394,0.9768385548493216,0.5405377599750526,1.37623007400284,-0.690491394346993,1.7375845303178776,-0.5595719370593745,-0.5951284714867237
-0.25147914905122537,0.41183745781601633,-0.38089173686775507,-0.20679364850592954,0.8618010281474532,-0.244613447503234,-0.30946906371886795,-0.5683791926436955,-0.6091671364084753,-0.176970407472925,0.0692820323027559,0.2465984809580359,0.7576853725516454,-0.4924160554915381,0.5405377599750526,-0.7266226911401854,-0.690491394346993,-0.5755115693951635,-0.5595719370593745,-0.5951284714867237
1.4697967544390684,-1.49949295554867,2.249564991469733,-0.20679364850592954,-1.0526585298977345,1.4912129590281002,0.23568261093877343,-1.0590212998330302,-0.6091671364084753,0.00650785294200007,0.0692820323027559,0.2465984809580359,-0.18217853234811418,0.813588042589226,0.5405377599750526,-0.7266226911401854,-0.690491394346993,-0.5755115693951635,-0.5595719370593745,1.6803094590682988
-0.28793147103907757,1.0302090621398854,-1.4959766543151685,-0.20679364850592954,0.03181070639288175,-0.2813739127822702,-0.8546207383765094,-0.07773708545436095,-1.970925962572552,-0.15351251789148074,0.0692820323027559,0.2465984809580359,-0.26720699091482264,-1.3902938729220635,0.5405377599750526,-0.7266226911401854,-0.690491394346993,-0.5755115693951635,-0.5595719370593745,-0.5951284714867237
0.1918413833950227,0.41183745781601633,-0.15215636918623443,6.431744946342572,-0.8440571502761335,0.15657991317534564,0.7808342855964149,-0.07773708545436095,-0.025556210909585365,-0.04020241852122063,0.0692820323027559,0.2465984809580359,1.7622100403991006,0.48708701806903504,-1.8500095165343355,1.37623007400284,-0.690491394346993,-0.5755115693951635,1.7870803265351975,-0.5951284714867237
-0.7351233497114793,-0.4876121484732478,0.7341931805796582,-0.20679364850592954,0.9987413546575701,-0.7431170495080911,-0.8546207383765094,-1.0590212998330302,0.16898076425671127,-0.20593924741133884,0.0692820323027559,0.2465984809580359,-0.5875608992281313,1.4665900916296082,-1.8500095165343355,-0.7266226911401854,1.4482439726069483,1.7375845303178776,-0.5595719370593745,-0.5951284714867237
-0.8464673783397874,-1.387061754762512,0.2910184056967119,-0.20679364850592954,-1.0238315514680083,-0.844631305116977,0.7808342855964149,0.9035471289243083,-0.22009318607588202,-0.21319314363326622,0.0692820323027559,-4.0551750201988135,-0.20469565727189906,-1.3902938729220635,0.5405377599750526,-0.7266226911401854,1.4482439726069483,-0.5755115693951635,-0.5595719370593745,1.6803094590682988
0.925410103699433,1.0302090621398854,-0.5667392231089906,-0.20679364850592954,2.2486061168368585,0.9422244315056512,-0.8546207383765094,0.4129050217349737,-0.9982410867410686,-0.007526192180868641,0.0692820323027559,0.2465984809580359,-0.26720699091482264,0.07896073741879621,0.5405377599750526,-0.7266226911401854,1.4482439726069483,-0.5755115693951635,-0.5595719370593745,-0.5951284714867237
0.8901226115495382,1.9858742688222286,-1.009913997991937,-0.20679364850592954,-0.5501183764468855,0.8343203682669601,-0.30946906371886795,-0.5683791926436955,-0.22009318607588202,-0.12214820770590613,0.0692820323027559,0.2465984809580359,0.32870375427026854,1.7114658600197514,-1.8500095165343355,-0.7266226911401854,1.4482439726069483,-0.5755115693951635,1.7870803265351975,-0.5951284714867237
0.04171537310294703,1.2550714637122016,0.24813052425642676,-0.20679364850592954,-0.18875170270258482,0.01087003807911108,0.7808342855964149,-0.07773708545436095,-1.387315037073662,-0.1745823426093309,0.0692820323027559,0.2465984809580359,-0.5879018431868193,1.140089067109417,-1.8500095165343355,-0.7266226911401854,1.4482439726069483,-0.5755115693951635,1.7870803265351975,-0.5951284714867237
-0.83444222324793,0.6366998593883324,0.5912335757787078,-0.20679364850592954,0.41587897819969205,-0.8395143402210038,-0.8546207383765094,-0.07773708545436095,-0.22009318607588202,-0.2278028040778559,0.0692820323027559,0.2465984809580359,1.7611427375719035,0.32383650580893947,-1.8500095165343355,-0.7266226911401854,-0.690491394346993,-0.5755115693951635,1.7870803265351975,-0.5951284714867237
0.7654172994858331,-0.20653414650785276,-0.666810946469656,-0.20679364850592954,-0.2845399342383083,0.7132834113180112,-0.8546207383765094,-0.5683791926436955,-1.1927780619073654,-0.07133997527664787,0.0692820323027559,0.2465984809580359,-0.5870272478145326,1.4665900916296082,-1.8500095165343355,1.37623007400284,-0.690491394346993,1.7375845303178776,-0.5595719370593745,-0.5951284714867237
-1.0131408242710855,1.1426402629260435,0.39109012905737717,-0.20679364850592954,0.5573191132257004,-1.0127136957020442,0.23568261093877343,-0.5683791926436955,1.3362026152544912,-0.24097312079181313,0.0692820323027559,-4.0551750201988135,-0.9498805617608177,1.7114658600197514,0.5405377599750526,-0.7266226911401854,-0.690491394346993,-0.5755115693951635,1.7870803265351975,-0.5951284714867237
-0.5921918766538481,0.2431906566367793,-1.2386493656734576,-0.20679364850592954,-0.5451903810237838,-0.5882063302100156,-0.30946906371886795,-0.5683791926436955,0.9471286649218978,-0.19630175587516532,0.0692820323027559,0.2465984809580359,-0.2905394166093832,-0.0842897748412993,0.5405377599750526,-0.7266226911401854,-0.690491394346993,1.7375845303178776,-0.5595719370593745,-0.5951284714867237
-0.4737218301933283,-1.49949295554867,-0.2808200135070898,-0.20679364850592954,-1.2332457170152717,-0.46873481805314776,-0.8546207383765094,-1.0590212998330302,0.16898076425671127,-0.1758663648625856,0.0692820323027559,0.2465984809580359,-0.26720699091482264,1.4665900916296082,0.5405377599750526,1.37623007400284,-0.690491394346993,-0.5755115693951635,-0.5595719370593745,1.6803094590682988
-0.9749412575262968,0.35562185742293734,-1.1099857213526023,-0.20679364850592954,0.24669386998253648,-0.9741912156398963,-0.8546207383765094,1.394189236113643,1.3362026152544912,-0.23160161156393674,0.0692820323027559,0.2465984809580359,2.0783985029562646,-1.3086686167920156,0.5405377599750526,1.37623007400284,-0.690491394346993,-0.5755115693951635,-0.5595719370593745,-0.5951284714867237
0.552767334656323,0.41183745781601633,0.8628568249005136,-0.20679364850592954,0.12964756870022764,0.5664315923702399,0.23568261093877343,0.9035471289243083,-0.9982410867410686,0.4060832721112383,0.0692820323027559,0.2465984809580359,-0.37261796875092174,-0.8189170800117291,0.5405377599750526,1.37623007400284,-0.690491394346993,1.7375845303178776,-0.5595719370593745,-0.5951284714867237
-0.7635589016380934,-1.0497681524040379,0.17665072185595154,-0.20679364850592954,-1.268805742261369,-0.7610219761928534,-0.8546207383765094,0.9035471289243083,-1.387315037073662,-0.19836123637345768,0.0692820323027559,0.2465984809580359,-0.949702677956285,0.813588042589226,0.5405377599750526,-0.7266226911401854,1.4482439726069483,-0.5755115693951635,-0.5595719370593745,1.6803094590682988
1.8626527471408554,-1.0497681524040379,-0.5667392231089906,-0.20679364850592954,-1.0283313599838997,1.8873898907524507,-0.8546207383765094,1.8848313433029775,-0.803704111574772,0.33804692732421804,0.0692820323027559,0.2465984809580359,-0.7809502420561089,1.5482153477596559,0.5405377599750526,-0.7266226911401854,1.4482439726069483,-0.5755115693951635,-0.5595719370593745,1.6803094590682988
1.0220224608476878,-1.443277355155591,0.6055295362588028,-0.20679364850592954,-0.8821529650505594,0.9623402265783483,-0.30946906371886795,3.847399772060316,-0.22009318607588202,-0.00738370087438313,0.0692820323027559,0.2465984809580359,-1.0775863097650358,1.140089067109417,-1.8500095165343355,-0.7266226911401854,-0.690491394346993,-0.5755115693951635,-0.5595719370593745,1.6803094590682988
-1.015401964544768,0.5804842589952534,1.0915921925820342,-0.20679364850592954,0.6226496664934601,-1.0149939501272478,0.23568261093877343,-0.07773708545436095,-0.22009318607588202,-0.24112687121503568,0.0692820323027559,0.2465984809580359,-0.8662751736303721,-1.6351696413122068,0.5405377599750526,1.37623007400284,-0.690491394346993,-0.5755115693951635,1.7870803265351975,-0.5951284714867237
-0.2888564829692205,0.35562185742293734,-0.36659577638766006,-0.20679364850592954,-0.07137977425131983,-0.28230674413803525,0.23568261093877343,-0.5683791926436955,0.7525916897556012,-0.15688152142660913,0.0692820323027559,0.2465984809580359,1.5907448764797985,0.16058599354884398,0.5405377599750526,1.37623007400284,-0.690491394346993,-0.5755115693951635,1.7870803265351975,-0.5951284714867237
-0.5449134891132127,0.8615622609606484,-0.38089173686775507,-0.20679364850592954,0.8103416794785392,-0.5585024382496943,-0.30946906371886795,0.4129050217349737,1.3362026152544912,-0.1865764521240276,0.0692820323027559,0.2465984809580359,-0.26720699091482264,-1.553544385182159,-1.8500095165343355,1.37623007400284,-0.690491394346993,1.7375845303178776,-0.5595719370593745,-0.5951284714867237
0.046888587971523774,0.2431906566367793,1.1201841135422244,-0.20679364850592954,-1.2764438787678312,0.056276488695193354,1.3259859602540562,0.4129050217349737,-0.9982410867410686,0.03167201152332231,0.0692820323027559,0.2465984809580359,1.8660941822462929,-1.6351696413122068,0.5405377599750526,1.37623007400284,-0.690491394346993,-0.5755115693951635,-0.5595719370593745,-0.5951284714867237
-0.1883385198936956,-1.274630553976354,1.6348386908256458,-0.20679364850592954,-1.1874579218718004,-0.21241654596269977,0.23568261093877343,-0.5683791926436955,0.16898076425671127,-0.11036722886047898,0.0692820323027559,0.2465984809580359,-0.05395395658067535,1.3033395793695126,-1.8500095165343355,-0.7266226911401854,1.4482439726069483,-0.5755115693951635,-0.5595719370593745,1.6803094590682988
1.1179153642724984,-0.9935525520109589,1.8492780980270715,-0.20679364850592954,-1.1288834913615187,1.136357001433193,0.23568261093877343,-1.5496634070223647,1.1416656400881946,0.08714320978676561,0.0692820323027559,0.2465984809580359,-0.4799115501849936,1.3849648354995603,0.5405377599750526,-0.7266226911401854,-0.690491394346993,-0.5755115693951635,-0.5595719370593745,1.6803094590682988
-0.22948442093449495,1.9858742688222286,1.2059598764227946,-0.20679364850592954,-0.6545575219043288,-0.2224327908217102,0.23568261093877343,-0.5683791926436955,-0.9982410867410686,-0.15632852290214574,0.0692820323027559,0.2465984809580359,-0.5244862668708535,0.9768385548493216,0.5405377599750526,1.37623007400284,-0.690491394346993,-0.5755115693951635,1.7870803265351975,-0.5951284714867237
-0.9641837113757462,0.2994062570298583,0.062283038015191215,-0.20679364850592954,2.3811466305758815,-0.9633427324654438,-1.399772413034151,0.4129050217349737,1.3362026152544912,-0.23518756064695007,0.0692820323027559,0.2465984809580359,-0.20309470303110333,0.32383650580893947,0.5405377599750526,-0.7266226911401854,-0.690491394346993,-0.5755115693951635,-0.5595719370593745,-0.5951284714867237
1.5044675719688676,0.1869750562437003,-1.5674564567156437,-0.20679364850592954,-0.4618349537578941,1.5261768602145522,-0.8546207383765094,-0.07773708545436095,-0.6091671364084753,0.10232931171443582,0.0692820323027559,0.2465984809580359,-0.20416200585830044,0.07896073741879621,0.5405377599750526,1.37623007400284,-0.690491394346993,1.7375845303178776,-0.5595719370593745,-0.5951284714867237
-0.2706645816764108,-0.2627497469009318,0.04798707753509617,-0.20679364850592954,0.40637425445700803,-0.29232088869575584,-0.30946906371886795,0.9035471289243083,0.7525916897556012,-0.16063803241422614,0.0692820323027559,0.2465984809580359,-1.099332604869178,-0.9005423361417769,-1.8500095165343355,1.37623007400284,-0.690491394346993,1.7375845303178776,-0.5595719370593745,-0.5951284714867237
0.4696190400468142,-0.9935525520109589,0.062283038015191215,-0.20679364850592954,-0.9784642512513779,0.4261864095880045,-1.399772413034151,-0.5683791926436955,-1.1927780619073654,-0.07364230075342121,0.0692820323027559,0.2465984809580359,-0.9274968496904326,1.6298406038897038,-1.8500095165343355,-0.7266226911401854,1.4482439726069483,-0.5755115693951635,-0.5595719370593745,1.6803094590682988
-0.7903499879111201,1.9296586684291497,0.13376284041566644,4.772110297630447,0.031897882170397636,-0.7967191304426254,0.7808342855964149,-0.5683791926436955,-0.22009318607588202,-0.21499785345930003,0.0692820323027559,0.2465984809580359,-0.26720699091482264,-1.3086686167920156,-1.8500095165343355,-0.7266226911401854,1.4482439726069483,-0.5755115693951635,1.7870803265351975,-0.5951284714867237
-0.6254923061389914,-0.4313965480801688,0.7913770225000384,-0.20679364850592954,0.6485254884549291,-0.6217882590175563,-0.8546207383765094,1.394189236113643,0.9471286649218978,-0.03247968748261289,0.0692820323027559,0.2465984809580359,2.037514875214461,1.140089067109417,0.5405377599750526,1.37623007400284,-0.690491394346993,-0.5755115693951635,-0.5595719370593745,-0.5951284714867237
0.5087778784228623,-1.105983752797117,1.7635023351465013,-0.20679364850592954,-1.0527405776883376,0.5220702790071925,1.3259859602540562,-0.07773708545436095,1.1416656400881946,0.35481445859494204,0.0692820323027559,0.2465984809580359,-0.9278526172994982,1.4665900916296082,0.5405377599750526,-0.7266226911401854,-0.690491394346993,-0.5755115693951635,-0.5595719370593745,1.6803094590682988
-0.5439542174819534,1.8172274676429916,-0.9527301560715568,-0.20679364850592954,-0.5164095544762719,-0.5395609024723436,0.7808342855964149,-0.07773708545436095,-0.025556210909585365,-0.1609041405079148,0.0692820323027559,0.2465984809580359,-0.5249309763821857,-0.6556665677516337,0.5405377599750526,-0.7266226911401854,1.4482439726069483,-0.5755115693951635,1.7870803265351975,-0.5951284714867237
-0.6349137239460021,0.7491310601744904,-0.2522280925468997,-0.20679364850592954,0.5783310396004765,-0.6312893191225704,0.7808342855964149,-0.5683791926436955,0.5580547145893046,-0.17032881269543126,0.0692820323027559,-4.0551750201988135,-1.0346421946207272,1.4665900916296082,0.5405377599750526,1.37623007400284,-0.690491394346993,-0.5755115693951635,-0.5595719370593745,-0.5951284714867237
0.21387037121286953,1.3112870641052805,-0.7382907488701311,-0.20679364850592954,0.3298031538766167,0.2246698230655155,0.7808342855964149,2.866115557681647,0.9471286649218978,-0.09313693305176608,0.0692820323027559,0.2465984809580359,-0.26720699091482264,-0.9821675922718247,0.5405377599750526,-0.7266226911401854,1.4482439726069483,-0.5755115693951635,1.7870803265351975,-0.5951284714867237
2.388025263760888,0.9177778613537274,0.5483456943384226,-0.20679364850592954,2.1598663033126373,2.417203551517508,-0.30946906371886795,2.3754734504923123,-0.025556210909585365,0.09439737091188845,0.0692820323027559,0.2465984809580359,1.717353674356064,-1.553544385182159,0.5405377599750526,-0.7266226911401854,1.4482439726069483,-0.5755115693951635,-0.5595719370593745,-0.5951284714867237
-0.3184911244349087,0.41183745781601633,-0.39518769734785014,-0.20679364850592954,1.0474469743543664,-0.3121918968319886,-1.399772413034151,0.4129050217349737,-0.41463016124217866,-0.20480259568814563,0.0692820323027559,0.2465984809580359,-1.0982949493427365,-0.16591503097134708,0.5405377599750526,-0.7266226911401854,1.4482439726069483,1.7375845303178776,-0.5595719370593745,-0.5951284714867237
-0.28844536655582365,1.5923650660706756,-0.2808200135070898,-0.20679364850592954,-0.7953669145400756,-0.3095786306343559,2.416289309569339,-0.07773708545436095,-0.22009318607588202,-0.1916143173567371,0.0692820323027559,0.2465984809580359,0.05178314156373388,-0.6556665677516337,-1.8500095165343355,1.37623007400284,-0.690491394346993,-0.5755115693951635,1.7870803265351975,-0.5951284714867237
5.253472405435675,0.9739934617468065,-0.5238513416687055,-0.20679364850592954,1.6367783063026118,5.069317036941432,-1.399772413034151,0.4129050217349737,-0.9982410867410686,0.2608553408346092,0.0692820323027559,0.2465984809580359,-0.41606608800807354,-1.0637928484018724,-1.8500095165343355,-0.7266226911401854,1.4482439726069483,-0.5755115693951635,-0.5595719370593745,-0.5951284714867237
-0.2794350651622098,-0.15031854611477377,2.5783720825119185,-0.20679364850592954,1.37134344772759,-0.2728056840330212,-0.30946906371886795,0.9035471289243083,0.5580547145893046,-0.20509215761846555,0.0692820323027559,0.2465984809580359,-0.20251658066637143,-1.3902938729220635,0.5405377599750526,-0.7266226911401854,-0.690491394346993,-0.5755115693951635,-0.5595719370593745,-0.5951284714867237
-0.6462536850155313,-1.0497681524040379,1.8206861770668814,-0.20679364850592954,0.6367311185557261,-0.64272514055806,-1.9449240876917921,2.866115557681647,1.1416656400881946,-0.19662498063733835,0.0692820323027559,0.2465984809580359,-0.26720699091482264,0.32383650580893947,0.5405377599750526,-0.7266226911401854,-0.690491394346993,-0.5755115693951635,-0.5595719370593745,1.6803094590682988
-0.1227311922557849,-0.9373369516178799,-1.052801879432222,-0.20679364850592954,-1.0998488294618285,-0.11477714250453266,-1.399772413034151,0.4129050217349737,0.9471286649218978,-0.133636019625822,0.0692820323027559,0.2465984809580359,-0.26720699091482264,-1.227043360661968,0.5405377599750526,-0.7266226911401854,1.4482439726069483,-0.5755115693951635,-0.5595719370593745,1.6803094590682988
-0.9436621504070213,-0.03788734532861574,-0.666810946469656,-0.20679364850592954,0.599340401981796,-0.9426476960912497,-0.30946906371886795,-1.0590212998330302,1.3362026152544912,-0.23124971749702375,0.0692820323027559,0.2465984809580359,1.2680191841060517,-0.9005423361417769,0.5405377599750526,1.37623007400284,-0.690491394346993,-0.5755115693951635,-0.5595719370593745,-0.5951284714867237
1.723112984493748,-0.7686901504386429,-0.16645232966632947,-0.20679364850592954,1.1655701528883413,1.7466705532698241,-0.30946906371886795,-0.07773708545436095,0.5580547145893046,0.44417721944686644,0.0692820323027559,0.2465984809580359,-1.0786239652914773,0.5687122741990828,0.5405377599750526,-0.7266226911401854,-0.690491394346993,1.7375845303178776,-0.5595719370593745,-0.5951284714867237
-0.8794252108137667,0.5804842589952534,-1.1814655237530776,-0.20679364850592954,-0.9230281487316672,-0.87786774082979,-0.30946906371886795,-0.5683791926436955,-1.1927780619073654,-0.22778098195823104,0.0692820323027559,0.2465984809580359,-0.5003385404055174,-1.3086686167920156,0.5405377599750526,-0.7266226911401854,-0.690491394346993,-0.5755115693951635,-0.5595719370593745,-0.5951284714867237
0.08337516966049253,0.018328255064463266,-1.5388645357554536,-0.20679364850592954,-0.18501083624977255,0.09307150328370252,0.23568261093877343,-0.07773708545436095,-0.803704111574772,-0.10240008422998888,0.0692820323027559,0.2465984809580359,2.870470613589971,0.40546176193898725,0.5405377599750526,-0.7266226911401854,-0.690491394346993,1.7375845303178776,-0.5595719370593745,-0.5951284714867237
1.0965373107758631,-0.20653414650785276,-1.1385776423127922,-0.20679364850592954,0.20313931313954461,1.1147982323221792,-0.30946906371886795,0.4129050217349737,-0.22009318607588202,0.013063419772048307,0.0692820323027559,0.2465984809580359,-0.26720699091482264,0.07896073741879621,0.5405377599750526,-0.7266226911401854,-0.690491394346993,1.7375845303178776,-0.5595719370593745,-0.5951284714867237
-0.22503065978936268,-0.6000433492594058,0.648417417699088,-0.20679364850592954,-1.2823923435865596,-0.21794138059024906,-0.30946906371886795,-0.07773708545436095,-0.41463016124217866,-0.19588341293840417,0.0692820323027559,-4.0551750201988135,-1.0768154799453933,0.07896073741879621,0.5405377599750526,-0.7266226911401854,-0.690491394346993,1.7375845303178776,-0.5595719370593745,-0.5951284714867237
-0.0903557747007844,0.018328255064463266,-0.46666749974832533,-0.20679364850592954,0.44836990327854026,-0.11731607978852557,-0.30946906371886795,-0.5683791926436955,-0.803704111574772,-0.16390077492597532,0.0692820323027559,0.2465984809580359,0.22142499648657427,-0.002664518711251552,-1.8500095165343355,-0.7266226911401854,-0.690491394346993,-0.5755115693951635,-0.5595719370593745,-0.5951284714867237
1.300827908532971,-0.9935525520109589,2.392524596270683,-0.20679364850592954,-1.150338988604243,1.320815764708357,-0.8546207383765094,-1.0590212998330302,1.1416656400881946,-0.021097213766660367,0.0692820323027559,0.2465984809580359,-0.5001161856498513,-0.4924160554915381,0.5405377599750526,-0.7266226911401854,1.4482439726069483,1.7375845303178776,-0.5595719370593745,-0.5951284714867237
0.26577381840421943,0.35562185742293734,-0.7668826698303213,1.452841000206196,0.09768739026684373,0.27701202691677496,-0.8546207383765094,0.4129050217349737,-0.41463016124217866,-0.1400540013937066,0.0692820323027559,0.2465984809580359,-0.2897537631393631,-0.6556665677516337,0.5405377599750526,-0.7266226911401854,-0.690491394346993,1.7375845303178776,-0.5595719370593745,-0.5951284714867237
-0.7880545879363211,-0.4313965480801688,-0.18074829014642452,-0.20679364850592954,-0.6020725758528751,-0.7857247324658899,0.23568261093877343,-0.07773708545436095,-0.6091671364084753,-0.22263554572590383,0.0692820323027559,0.2465984809580359,0.3937944030789187,-1.3086686167920156,0.5405377599750526,1.37623007400284,-0.690491394346993,1.7375845303178776,-0.5595719370593745,-0.5951284714867237
1.9612179072527451,-0.8811213512248008,-1.1528736027928874,-0.20679364850592954,-1.0791984261643977,1.9867882541056343,0.23568261093877343,-1.5496634070223647,-1.970925962572552,0.04173756197151973,0.0692820323027559,0.2465984809580359,-0.8010807592690778,-0.7372918238816814,0.5405377599750526,-0.7266226911401854,-0.690491394346993,-0.5755115693951635,-0.5595719370593745,-0.5951284714867237
0.497266618847751,-1.218414953583275,0.23383456377633172,-0.20679364850592954,-0.8522798772906431,0.5104617110243389,-0.30946906371886795,1.8848313433029775,0.7525916897556012,-0.12039900567314257,0.0692820323027559,0.2465984809580359,-0.11701376528757539,1.221714323239465,0.5405377599750526,1.37623007400284,-0.690491394346993,-0.5755115693951635,-0.5595719370593745,1.6803094590682988
0.42196379579389826,0.35562185742293734,-0.6239230650293708,-0.20679364850592954,0.3762011794626991,0.4345223288031718,-1.399772413034151,0.4129050217349737,0.16898076425671127,-0.06809963515346423,0.0692820323027559,0.2465984809580359,-0.26720699091482264,0.24221124967889174,0.5405377599750526,1.37623007400284,-0.690491394346993,-0.5755115693951635,1.7870803265351975,-0.5951284714867237
0.03479491347743379,1.0864246625329645,-0.8097705512706064,-0.20679364850592954,-1.0391155164613017,0.04408058245130266,-1.399772413034151,0.4129050217349737,-0.22009318607588202,-0.15260117268442017,0.0692820323027559,0.2465984809580359,-0.07365458793269002,-0.8189170800117291,0.5405377599750526,1.37623007400284,-0.690491394346993,-0.5755115693951635,-0.5595719370593745,-0.5951284714867237
-0.48660347781309565,-1.443277355155591,-0.7954745907905113,-0.20679364850592954,-1.2780258627303982,-0.5019076853026857,-0.30946906371886795,0.9035471289243083,1.3362026152544912,-0.1896092669947061,0.0692820323027559,0.2465984809580359,-0.8453293556466275,-1.553544385182159,-1.8500095165343355,1.37623007400284,-0.690491394346993,-0.5755115693951635,-0.5595719370593745,1.6803094590682988
-0.8159077249439564,-0.5438277488663268,0.8056729829801335,-0.20679364850592954,0.09172097749392066,-0.8138133210672589,-0.30946906371886795,1.394189236113643,0.9471286649218978,-0.21701229740084313,0.0692820323027559,0.2465984809580359,-0.031036593096691514,-1.227043360661968,0.5405377599750526,-0.7266226911401854,1.4482439726069483,1.7375845303178776,-0.5595719370593745,-0.5951284714867237
1.1639604025729435,0.35562185742293734,2.2638609519498276,-0.20679364850592954,0.017742074297897578,1.1827912733646073,0.23568261093877343,0.4129050217349737,0.16898076425671127,0.08701500499410557,0.0692820323027559,0.2465984809580359,0.6064100204468232,-0.4107907993614904,0.5405377599750526,-0.7266226911401854,-0.690491394346993,-0.5755115693951635,1.7870803265351975,-0.5951284714867237
-0.8307079158262421,-0.6000433492594058,2.020829623788212,-0.20679364850592954,-0.339040179146452,-0.8358898818947853,-0.30946906371886795,1.8848313433029775,-0.22009318607588202,-0.22034002158549007,0.0692820323027559,0.2465984809580359,-0.7370129423364917,-0.4924160554915381,-1.8500095165343355,-0.7266226911401854,1.4482439726069483,1.7375845303178776,-0.5595719370593745,-0.5951284714867237
0.6394443784808213,1.2550714637122016,-0.6096271045492758,-0.20679364850592954,0.7507365235988056,0.6538413453363694,-0.8546207383765094,-0.07773708545436095,0.7525916897556012,-0.04193289707996735,0.0692820323027559,0.2465984809580359,-0.26720699091482264,0.9768385548493216,0.5405377599750526,1.37623007400284,-0.690491394346993,-0.5755115693951635,-0.5595719370593745,-0.5951284714867237
0.1921839804061868,0.8053466605675694,0.6198254967388979,-0.20679364850592954,1.1246924052137777,0.20280011016924682,-0.30946906371886795,1.8848313433029775,1.1416656400881946,-0.152724265438523,0.0692820323027559,0.2465984809580359,0.7146523155050704,1.3849648354995603,0.5405377599750526,-0.7266226911401854,1.4482439726069483,1.7375845303178776,-0.5595719370593745,-0.5951284714867237
-0.7688006359089029,1.7610118672499127,1.33462352074365,-0.20679364850592954,-0.7305645439243237,-0.7663080205421884,-1.399772413034151,1.8848313433029775,0.9471286649218978,-0.22029675686643915,0.0692820323027559,0.2465984809580359,0.11639943356029644,-1.6351696413122068,0.5405377599750526,1.37623007400284,-0.690491394346993,-0.5755115693951635,1.7870803265351975,-0.5951284714867237
-0.6410119507447216,0.6929154597814113,-1.0242099584720321,-0.20679364850592954,1.3767688578812234,-0.6374390962087249,0.23568261093877343,0.4129050217349737,1.1416656400881946,-0.19730128867074684,0.0692820323027559,-4.0551750201988135,-0.82171528059489,0.9768385548493216,0.5405377599750526,-0.7266226911401854,1.4482439726069483,-0.5755115693951635,-0.5595719370593745,-0.5951284714867237
1.9543659670294646,0.2431906566367793,-0.009196764385283997,-0.20679364850592954,-0.30339041412938245,1.8672577393279894,0.7808342855964149,-1.5496634070223647,-1.1927780619073654,0.10283863006601437,0.0692820323027559,0.2465984809580359,-0.26720699091482264,1.221714323239465,-1.8500095165343355,-0.7266226911401854,1.4482439726069483,1.7375845303178776,-0.5595719370593745,-0.5951284714867237
-0.42795086950181455,-0.6562589496524849,-1.4673847333549783,-0.20679364850592954,1.438566228166135,-0.4225769405975157,-0.30946906371886795,-0.5683791926436955,-1.387315037073662,-0.2173497104672531,0.0692820323027559,0.2465984809580359,-0.26781476058030995,-1.4719191290521112,0.5405377599750526,-0.7266226911401854,-0.690491394346993,-0.5755115693951635,-0.5595719370593745,-0.5951284714867237
-0.9431482548902751,-1.330846154369433,-0.42377961830804023,-0.20679364850592954,-1.0035349792675536,-0.9421294564491579,0.23568261093877343,1.8848313433029775,-0.025556210909585365,-0.23632780669656336,0.0692820323027559,0.2465984809580359,0.39506923701140406,0.7319627864591783,0.5405377599750526,-0.7266226911401854,-0.690491394346993,-0.5755115693951635,-0.5595719370593745,1.6803094590682988
-0.45953831393113764,1.0302090621398854,-0.12356444822604433,-0.20679364850592954,0.47164583587527187,-0.4756386754154138,0.7808342855964149,0.4129050217349737,-0.6091671364084753,-0.18544572888220262,0.0692820323027559,-4.0551750201988135,1.6752693309336637,-1.4719191290521112,-1.8500095165343355,1.37623007400284,-0.690491394346993,-0.5755115693951635,1.7870803265351975,-0.5951284714867237
-0.946197368289635,0.6929154597814113,-0.29511597398718487,-0.20679364850592954,-1.1423598409680866,-0.9452043449922352,-0.30946906371886795,0.4129050217349737,0.5580547145893046,-0.2330482535209674,0.0692820323027559,0.2465984809580359,0.756588422423693,-0.002664518711251552,0.5405377599750526,-0.7266226911401854,1.4482439726069483,-0.5755115693951635,-0.5595719370593745,-0.5951284714867237
-0.31205030062502503,0.35562185742293734,2.2209730705095425,-0.20679364850592954,-0.3057723640503303,-0.3056966266511063,-0.30946906371886795,1.8848313433029775,-0.025556210909585365,-0.1409260041701879,0.0692820323027559,0.2465984809580359,-0.8004285186524573,-0.4107907993614904,0.5405377599750526,-0.7266226911401854,-0.690491394346993,-0.5755115693951635,1.7870803265351975,-0.5951284714867237
-0.336991363037766,-0.8811213512248008,-0.9384341955914618,-0.20679364850592954,1.2101272311727655,-0.330848523947289,0.7808342855964149,-0.07773708545436095,0.16898076425671127,-0.15941528552242715,0.0692820323027559,0.2465984809580359,-0.26720699091482264,1.5482153477596559,0.5405377599750526,-0.7266226911401854,-0.690491394346993,1.7375845303178776,-0.5595719370593745,-0.5951284714867237
-0.1370174876213246,0.8053466605675694,2.4783003591512536,-0.20679364850592954,0.7272605995124787,-0.1626051829106323,-1.399772413034151,-0.5683791926436955,0.9471286649218978,-0.08431691515182453,0.0692820323027559,0.2465984809580359,1.1418254484403632,-0.6556665677516337,-1.8500095165343355,-0.7266226911401854,1.4482439726069483,-0.5755115693951635,1.7870803265351975,-0.5951284714867237
0.1585066942087632,0.6929154597814113,-0.7096988279099411,-0.20679364850592954,-0.4706602192346456,0.16883813895750566,-0.8546207383765094,0.4129050217349737,0.16898076425671127,-0.09979815685875582,0.0692820323027559,0.2465984809580359,-0.26720699091482264,-1.3086686167920156,0.5405377599750526,1.37623007400284,-0.690491394346993,1.7375845303178776,-0.5595719370593745,-0.5951284714867237
0.12462384980464121,0.41183745781601633,-1.0670978399123172,-0.20679364850592954,0.03155174305379049,0.13466887188892782,-0.8546207383765094,0.4129050217349737,-0.025556210909585365,-0.12343939927207974,0.0692820323027559,0.2465984809580359,-0.31047722636744157,-0.5740413116215859,0.5405377599750526,1.37623007400284,-0.690491394346993,-0.5755115693951635,-0.5595719370593745,-0.5951284714867237
-0.608602273488605,0.9739934617468065,-1.038505918952127,6.431744946342572,-0.6455348289314384,-0.6203177412629075,-0.30946906371886795,-0.5683791926436955,-0.803704111574772,-0.19850283890318032,0.0692820323027559,0.2465984809580359,-0.6929125824627195,0.7319627864591783,-1.8500095165343355,1.37623007400284,-0.690491394346993,-0.5755115693951635,1.7870803265351975,-0.5951284714867237
-0.8940541031904704,1.7047962668568335,2.020829623788212,-0.20679364850592954,0.7249504414083087,-0.8926202959746664,1.8711376349116977,-0.07773708545436095,0.16898076425671127,-0.2247894698853398,0.0692820323027559,0.2465984809580359,-0.5883465526981514,0.24221124967889174,0.5405377599750526,-0.7266226911401854,-0.690491394346993,-0.5755115693951635,1.7870803265351975,-0.5951284714867237
-0.6126449182203405,0.5804842589952534,0.04798707753509617,-0.20679364850592954,-0.7716294631212011,-0.6088322679652644,1.3259859602540562,-1.0590212998330302,1.5307395904207879,-0.17230642912330235,0.0692820323027559,0.2465984809580359,2.123981227867811,-1.6351696413122068,0.5405377599750526,1.37623007400284,-0.690491394346993,1.7375845303178776,-0.5595719370593745,-0.5951284714867237
-0.40499686975382493,-0.2627497469009318,0.7627851015398482,-0.20679364850592954,1.6798969842580245,-0.39942890325075414,0.23568261093877343,-1.0590212998330302,1.3362026152544912,-0.16759754372593869,0.0692820323027559,0.2465984809580359,-0.26720699091482264,0.16058599354884398,0.5405377599750526,-0.7266226911401854,1.4482439726069483,-0.5755115693951635,-0.5595719370593745,-0.5951284714867237
-0.972577338149265,-0.3751809476870898,0.40538608953747224,-0.20679364850592954,0.8277819629686217,-0.9735860463798396,-0.30946906371886795,0.4129050217349737,0.16898076425671127,-0.23224514938726604,0.0692820323027559,0.2465984809580359,0.5656598055584199,-0.9005423361417769,-1.8500095165343355,-0.7266226911401854,1.4482439726069483,1.7375845303178776,-0.5595719370593745,-0.5951284714867237
-0.8524285663340414,-1.49949295554867,0.23383456377633172,-0.20679364850592954,-1.16975611104917,-0.8569715936271023,-1.9449240876917921,-1.0590212998330302,-1.970925962572552,-0.1801012360982356,0.0692820323027559,0.2465984809580359,0.4573137449475284,-0.24754028710139483,-1.8500095165343355,1.37623007400284,-0.690491394346993,-0.5755115693951635,-0.5595719370593745,1.6803094590682988
-0.26442931607322556,-1.0497681524040379,0.5054578128981375,-0.20679364850592954,0.000686389826267271,-0.28626904084830845,1.3259859602540562,-1.0590212998330302,0.16898076425671127,0.09088520946227,0.0692820323027559,0.2465984809580359,-0.5876053701792644,-0.7372918238816814,-1.8500095165343355,-0.7266226911401854,1.4482439726069483,1.7375845303178776,-0.5595719370593745,-0.5951284714867237
-0.7026451530531297,-0.2627497469009318,-0.7096988279099411,-0.20679364850592954,0.30284532667656855,-0.7115942376433648,-1.9449240876917921,0.9035471289243083,-1.387315037073662,-0.14421511724445119,0.0692820323027559,0.2465984809580359,-0.6519251891682721,1.4665900916296082,-1.8500095165343355,-0.7266226911401854,1.4482439726069483,1.7375845303178776,-0.5595719370593745,-0.5951284714867237
0.88429846235975,-1.274630553976354,-0.666810946469656,-0.20679364850592954,-1.0983976091655352,0.8286675433545093,-1.399772413034151,1.8848313433029775,0.16898076425671127,-0.02107455381253107,0.0692820323027559,0.2465984809580359,-0.26720699091482264,-1.3902938729220635,-1.8500095165343355,1.37623007400284,-0.690491394346993,-0.5755115693951635,-0.5595719370593745,1.6803094590682988
-0.9739819858950374,-1.218414953583275,-0.8097705512706064,-0.20679364850592954,-1.2566908731801223,-0.9732238349746585,-0.8546207383765094,-0.07773708545436095,0.7525916897556012,-0.23862856088455953,0.0692820323027559,0.2465984809580359,1.759601077932619,1.140089067109417,0.5405377599750526,-0.7266226911401854,-0.690491394346993,-0.5755115693951635,-0.5595719370593745,1.6803094590682988
0.18200884917461538,-0.9373369516178799,-1.0242099584720321,-0.20679364850592954,-0.802889671341002,0.1470366146466787,-1.399772413034151,-0.5683791926436955,-0.803704111574772,-0.09164194973313847,0.0692820323027559,0.2465984809580359,0.1168441430716286,-0.5740413116215859,-1.8500095165343355,-0.7266226911401854,-0.690491394346993,-0.5755115693951635,-0.5595719370593745,1.6803094590682988
-0.5174714685189743,0.5242686586021743,0.062283038015191215,6.431744946342572,-0.26328699247863563,-0.5128542862498857,-0.8546207383765094,0.4129050217349737,0.9471286649218978,-0.1834130313566916,0.0692820323027559,0.2465984809580359,-1.0768006562950154,1.6298406038897038,0.5405377599750526,-0.7266226911401854,1.4482439726069483,-0.5755115693951635,1.7870803265351975,-0.5951284714867237
0.5008638874649732,0.4680530582090954,-0.46666749974832533,-0.20679364850592954,-0.5077868444825719,0.5140893885189807,0.23568261093877343,-0.07773708545436095,-0.22009318607588202,-0.03910263537135698,0.0692820323027559,0.2465984809580359,0.3301861193080424,-0.16591503097134708,0.5405377599750526,-0.7266226911401854,-0.690491394346993,-0.5755115693951635,1.7870803265351975,-0.5951284714867237
-0.9656226188226352,-0.9935525520109589,-1.1671695632729824,-0.20679364850592954,-1.1343473614169974,-0.9647938034633006,-1.399772413034151,-0.5683791926436955,-0.6091671364084753,-0.23505067886057998,0.0692820323027559,0.2465984809580359,-0.26720699091482264,-0.9005423361417769,0.5405377599750526,1.37623007400284,-0.690491394346993,-0.5755115693951635,-0.5595719370593745,1.6803094590682988
-0.6549899088002139,0.6929154597814113,-0.46666749974832533,-0.20679364850592954,-0.975323359267351,-0.6515352144736185,-0.8546207383765094,-0.5683791926436955,-0.9982410867410686,0.5805136272577391,0.0692820323027559,0.2465984809580359,-0.9499991509638397,-0.0842897748412993,0.5405377599750526,1.37623007400284,-0.690491394346993,-0.5755115693951635,1.7870803265351975,-0.5951284714867237
1.045627394916889,0.8615622609606484,0.7627851015398482,-0.20679364850592954,0.5905869283218221,1.0634579584456303,-0.30946906371886795,0.4129050217349737,-0.025556210909585365,0.958600291897077,0.0692820323027559,0.2465984809580359,0.24561719390304368,-1.4719191290521112,0.5405377599750526,1.37623007400284,-0.690491394346993,-0.5755115693951635,1.7870803265351975,-0.5951284714867237
0.11989601105057748,0.5804842589952534,0.333906287136997,-0.20679364850592954,-0.937712139256175,0.12990106718168423,-0.8546207383765094,1.8848313433029775,0.7525916897556012,-0.07418165495153665,0.0692820323027559,0.2465984809580359,1.355271190229421,1.140089067109417,0.5405377599750526,-0.7266226911401854,1.4482439726069483,-0.5755115693951635,1.7870803265351975,-0.5951284714867237
-0.8598971811774172,0.5804842589952534,-0.7382907488701311,-0.20679364850592954,-0.9105773965076388,-0.8581746344303063,0.7808342855964149,0.4129050217349737,0.7525916897556012,-0.22010637134085057,0.0692820323027559,0.2465984809580359,-0.07522589487273029,-0.8189170800117291,0.5405377599750526,-0.7266226911401854,1.4482439726069483,-0.5755115693951635,-0.5595719370593745,-0.5951284714867237
-0.7349520512058972,-0.9935525520109589,2.449708438191063,4.772110297630447,0.4077921428383689,-0.7321733027830833,-0.30946906371886795,-0.5683791926436955,3.6706463172500507,-0.20729695367960102,0.0692820323027559,0.2465984809580359,-0.26720699091482264,0.24221124967889174,0.5405377599750526,1.37623007400284,-0.690491394346993,1.7375845303178776,-0.5595719370593745,-0.5951284714867237
0.2551875707592509,1.1988558633191224,-0.8097705512706064,-0.20679364850592954,2.1066890790279693,0.2663362902896863,-0.30946906371886795,-2.0403055142116995,-0.41463016124217866,0.3031067285049527,0.0692820323027559,0.2465984809580359,0.1598772001182038,-0.4924160554915381,0.5405377599750526,1.37623007400284,-0.690491394346993,-0.5755115693951635,-0.5595719370593745,-0.5951284714867237
-0.8271791666112528,-0.7686901504386429,-0.6096271045492758,-0.20679364850592954,2.090069273443919,-0.8251800438838028,-1.399772413034151,-1.0590212998330302,-0.803704111574772,-0.2115369968515128,0.0692820323027559,0.2465984809580359,5.241898906419078,0.40546176193898725,0.5405377599750526,1.37623007400284,-0.690491394346993,-0.5755115693951635,-0.5595719370593745,-0.5951284714867237
0.2203797144249861,0.5242686586021743,-0.12356444822604433,-0.20679364850592954,0.6051042592716674,0.23123419186534352,0.23568261093877343,-0.07773708545436095,0.16898076425671127,-0.09235374460911255,0.0692820323027559,0.2465984809580359,-0.26720699091482264,-0.8189170800117291,0.5405377599750526,-0.7266226911401854,-0.690491394346993,-0.5755115693951635,1.7870803265351975,-0.5951284714867237
0.11787468868470982,1.3675026644983594,-1.4673847333549783,-0.20679364850592954,0.2125107092224984,0.12786265792279036,0.7808342855964149,0.9035471289243083,0.9471286649218978,-0.12999449506955774,0.0692820323027559,0.2465984809580359,0.30922547767391995,-1.3086686167920156,0.5405377599750526,-0.7266226911401854,-0.690491394346993,-0.5755115693951635,1.7870803265351975,-0.5951284714867237
1.6829948744864411,0.7491310601744904,1.5919508093853607,-0.20679364850592954,-0.8206248140785646,1.7062133118772007,-0.30946906371886795,-0.5683791926436955,-0.6091671364084753,0.03492060098902383,0.0692820323027559,0.2465984809580359,-0.6724855922421956,0.813588042589226,0.5405377599750526,-0.7266226911401854,1.4482439726069483,-0.5755115693951635,1.7870803265351975,-0.5951284714867237
1.6095763349939904,0.6366998593883324,-1.3244251285540278,-0.20679364850592954,1.9704384667576105,1.6321741416770363,0.7808342855964149,-0.5683791926436955,-0.22009318607588202,-0.05273979047215092,0.0692820323027559,0.2465984809580359,1.3117341290700029,-0.6556665677516337,0.5405377599750526,-0.7266226911401854,-0.690491394346993,-0.5755115693951635,-0.5595719370593745,-0.5951284714867237
-0.6923672427182089,0.6929154597814113,-1.4673847333549783,-0.20679364850592954,-0.26542792701468665,-0.6892285111084198,0.7808342855964149,0.4129050217349737,-1.387315037073662,-0.20217325244687312,0.0692820323027559,0.2465984809580359,-0.26720699091482264,0.6503375303291306,0.5405377599750526,-0.7266226911401854,1.4482439726069483,-0.5755115693951635,1.7870803265351975,-0.5951284714867237
0.4741070608930629,-0.8249057508317219,-0.20934021110661458,-0.20679364850592954,0.5691493790332924,0.4871063778207407,-0.30946906371886795,-0.07773708545436095,-0.22009318607588202,0.31357883220864335,0.0692820323027559,0.2465984809580359,1.9526643004522861,0.16058599354884398,0.5405377599750526,1.37623007400284,-0.690491394346993,1.7375845303178776,-0.5595719370593745,-0.5951284714867237
-0.8937800255815392,0.1869750562437003,-0.9241382351113667,-0.20679364850592954,0.3448768714064895,-0.8923439014988842,0.7808342855964149,-1.0590212998330302,-0.9982410867410686,-0.22640675168034638,0.0692820323027559,0.2465984809580359,-0.26720699091482264,-0.3291655432314426,0.5405377599750526,1.37623007400284,-0.690491394346993,-0.5755115693951635,-0.5595719370593745,-0.5951284714867237
-0.8572249244903377,-1.105983752797117,-0.8383624722307964,-0.20679364850592954,-1.1935217663960644,-0.8616268612020619,0.23568261093877343,0.4129050217349737,-0.41463016124217866,-0.0845991988352951,0.0692820323027559,0.2465984809580359,-0.9067882101127317,1.4665900916296082,-1.8500095165343355,-0.7266226911401854,1.4482439726069483,-0.5755115693951635,-0.5595719370593745,1.6803094590682988
0.2185296905647003,1.5361494656775965,-0.695402867429846,3.1124756489183216,-0.03625049990588903,0.18248315203887078,1.3259859602540562,0.9035471289243083,-0.9982410867410686,0.8035942207451912,0.0692820323027559,0.2465984809580359,-0.631409257045482,0.32383650580893947,-1.8500095165343355,-0.7266226911401854,1.4482439726069483,-0.5755115693951635,1.7870803265351975,-0.5951284714867237
0.1864968700208639,-0.9935525520109589,1.4203992836242203,-0.20679364850592954,-0.06861835329883238,0.15139261502039073,0.7808342855964149,-1.0590212998330302,1.1416656400881946,0.04673442939664133,0.0692820323027559,0.2465984809580359,0.9918249302680264,0.813588042589226,-1.8500095165343355,-0.7266226911401854,1.4482439726069483,-0.5755115693951635,-0.5595719370593745,1.6803094590682988
-0.5162038595776675,1.0864246625329645,2.1780851890692574,-0.20679364850592954,-0.2881167051099145,-0.511575961799393,-0.8546207383765094,1.8848313433029775,-0.025556210909585365,-0.1519338209138201,0.0692820323027559,0.2465984809580359,0.8636300018013432,0.8952132987192738,0.5405377599750526,-0.7266226911401854,-0.690491394346993,-0.5755115693951635,1.7870803265351975,-0.5951284714867237
0.98457660752746,0.5804842589952534,0.019395156574906088,-0.20679364850592954,0.3606890190517907,0.925995887582414,-0.30946906371886795,0.4129050217349737,-0.6091671364084753,-0.009462403936994719,0.0692820323027559,0.2465984809580359,-0.26720699091482264,-1.227043360661968,-1.8500095165343355,1.37623007400284,-0.690491394346993,-0.5755115693951635,1.7870803265351975,-0.5951284714867237
0.32918852517068037,0.5804842589952534,0.30531436617680696,-0.20679364850592954,1.2875290656330138,0.34096279875088786,0.23568261093877343,-0.07773708545436095,-0.22009318607588202,-0.1597065923782894,0.0692820323027559,0.2465984809580359,0.9922399924786031,1.221714323239465,0.5405377599750526,-0.7266226911401854,-0.690491394346993,-0.5755115693951635,-0.5595719370593745,-0.5951284714867237
1.9772171876741054,-0.9373369516178799,0.7627851015398482,-0.20679364850592954,-0.12402625189052348,2.002922781629422,0.7808342855964149,-0.07773708545436095,-0.22009318607588202,0.11902469401863165,0.0692820323027559,0.2465984809580359,-0.26720699091482264,1.3033395793695126,0.5405377599750526,-0.7266226911401854,1.4482439726069483,1.7375845303178776,-0.5595719370593745,-0.5951284714867237
0.4488919208713907,0.5804842589952534,-0.681106906949751,-0.20679364850592954,-0.42076747056756036,0.46167808604877575,0.7808342855964149,-0.07773708545436095,1.3362026152544912,-0.1819553900325263,0.0692820323027559,0.2465984809580359,0.9063517621899858,0.9768385548493216,0.5405377599750526,1.37623007400284,-0.690491394346993,-0.5755115693951635,1.7870803265351975,-0.5951284714867237
-1.0065287019556197,1.2550714637122016,0.2910184056967119,-0.20679364850592954,0.3002659492594821,-1.006045678973798,-0.30946906371886795,-0.5683791926436955,0.16898076425671127,-0.24082972569067843,0.0692820323027559,0.2465984809580359,0.2669187794958541,-0.9005423361417769,0.5405377599750526,1.37623007400284,-0.690491394346993,-0.5755115693951635,1.7870803265351975,-0.5951284714867237
0.48116455932304186,1.2550714637122016,1.8206861770668814,-0.20679364850592954,0.0627273394895319,0.49422353557213305,-1.9449240876917921,-0.5683791926436955,0.9471286649218978,-0.11929275609510433,0.0692820323027559,0.2465984809580359,-0.7564763952824625,0.7319627864591783,0.5405377599750526,-0.7266226911401854,-0.690491394346993,-0.5755115693951635,1.7870803265351975,-0.5951284714867237
-0.9456492130717726,0.5242686586021743,-0.695402867429846,-0.20679364850592954,0.6341209732171632,-0.9446515560406707,-0.30946906371886795,-1.0590212998330302,0.16898076425671127,-0.2355271541684403,0.0692820323027559,-4.0551750201988135,0.24248940367334085,1.3033395793695126,0.5405377599750526,-0.7266226911401854,-0.690491394346993,-0.5755115693951635,1.7870803265351975,-0.5951284714867237
-0.12663679818305473,-0.4313965480801688,0.319610326656902,-0.20679364850592954,0.6205959077349249,-0.11871576378442936,-0.30946906371886795,-0.5683791926436955,1.1416656400881946,-0.1518493767125601,0.0692820323027559,0.2465984809580359,0.07661275594644608,-0.6556665677516337,0.5405377599750526,1.37623007400284,-0.690491394346993,1.7375845303178776,-0.5595719370593745,-0.5951284714867237
-0.8273162054157184,-0.4876121484732478,-0.15215636918623443,-0.20679364850592954,1.5407926472707494,-0.8253182411216939,0.23568261093877343,1.8848313433029775,0.9471286649218978,-0.21840998547641063,0.0692820323027559,0.2465984809580359,-0.26720699091482264,-1.3902938729220635,0.5405377599750526,1.37623007400284,-0.690491394346993,-0.5755115693951635,-0.5595719370593745,-0.5951284714867237
0.07306299962445542,-1.330846154369433,-0.8526584327108915,-0.20679364850592954,-1.012021797608067,0.041295536872596975,1.3259859602540562,0.4129050217349737,-0.6091671364084753,0.4495968686949163,0.0692820323027559,0.2465984809580359,0.03276439812909537,1.7114658600197514,-1.8500095165343355,1.37623007400284,-0.690491394346993,-0.5755115693951635,-0.5595719370593745,1.6803094590682988
-0.9312601386028836,1.3112870641052805,-1.4530887728748834,-0.20679364850592954,-0.20069991220916888,-0.9301408460621039,0.7808342855964149,-1.0590212998330302,0.16898076425671127,-0.22482786217540565,0.0692820323027559,0.2465984809580359,1.8010628280391534,0.07896073741879621,0.5405377599750526,-0.7266226911401854,1.4482439726069483,-0.5755115693951635,1.7870803265351975,-0.5951284714867237
-0.3291116317809934,1.3112870641052805,2.392524596270683,-0.20679364850592954,-0.6106004180886901,-0.3229021827685499,0.7808342855964149,-0.5683791926436955,0.5580547145893046,-0.05811524267317661,0.0692820323027559,0.2465984809580359,-0.35279874819588525,1.5482153477596559,0.5405377599750526,-0.7266226911401854,1.4482439726069483,-0.5755115693951635,1.7870803265351975,-0.5951284714867237
0.7148157209369068,0.7491310601744904,-0.7954745907905113,-0.20679364850592954,-1.2523090083632227,0.729849826176482,2.416289309569339,-0.5683791926436955,-1.970925962572552,-0.03286439932292684,0.0692820323027559,0.2465984809580359,-0.26720699091482264,-1.227043360661968,0.5405377599750526,-0.7266226911401854,-0.690491394346993,1.7375845303178776,-0.5595719370593745,-0.5951284714867237
0.9044089069150782,1.1426402629260435,-1.3816089704744081,-0.20679364850592954,1.7010960821551138,0.921045704798838,-1.399772413034151,-1.0590212998330302,-1.7763889874062553,-0.10664963675426556,0.0692820323027559,0.2465984809580359,2.337619677111779,1.0584638109793694,0.5405377599750526,-0.7266226911401854,1.4482439726069483,-0.5755115693951635,-0.5595719370593745,-0.5951284714867237
-0.9952915199894398,-0.4313965480801688,0.2767224452166169,-0.20679364850592954,2.103091796208713,-0.9956320635383982,-0.30946906371886795,-0.5683791926436955,0.7525916897556012,-0.23872996160943963,0.0692820323027559,0.2465984809580359,-0.26720699091482264,1.4665900916296082,-1.8500095165343355,-0.7266226911401854,-0.690491394346993,-0.5755115693951635,-0.5595719370593745,-0.5951284714867237
-0.5534441546911969,-1.162199353190196,-0.8097705512706064,3.1124756489183216,-1.022203415623227,-0.5491310611963031,0.7808342855964149,-0.5683791926436955,1.1416656400881946,-0.18545836226287343,0.0692820323027559,0.2465984809580359,-0.26720699091482264,-1.6351696413122068,0.5405377599750526,-0.7266226911401854,1.4482439726069483,-0.5755115693951635,-0.5595719370593745,1.6803094590682988
-0.7574264151382574,0.2431906566367793,0.005099196094811046,4.772110297630447,1.1181824258281083,-0.7647640437316531,-0.30946906371886795,-1.0590212998330302,-0.803704111574772,-0.1731568288606722,0.0692820323027559,0.2465984809580359,0.394061228785718,0.16058599354884398,-1.8500095165343355,-0.7266226911401854,1.4482439726069483,1.7375845303178776,-0.5595719370593745,-0.5951284714867237
-0.5193214923792601,-1.0497681524040379,2.1351973076289723,-0.20679364850592954,-1.254437122931992,-0.5147199489614159,0.23568261093877343,0.9035471289243083,-0.6091671364084753,-0.07448632066648603,0.0692820323027559,0.2465984809580359,-0.6298824210565749,1.3033395793695126,0.5405377599750526,-0.7266226911401854,1.4482439726069483,-0.5755115693951635,-0.5595719370593745,1.6803094590682988
1.3694500898691255,1.3112870641052805,-0.40948365782794516,-0.20679364850592954,-0.7943977250135759,1.3900180315823325,0.23568261093877343,-0.5683791926436955,-1.387315037073662,0.4678776394606752,0.0692820323027559,-4.0551750201988135,-0.7583293515796797,-1.6351696413122068,0.5405377599750526,-0.7266226911401854,1.4482439726069483,-0.5755115693951635,1.7870803265351975,-0.5951284714867237
-0.3680306522492267,0.2431906566367793,2.078013465708592,-0.20679364850592954,1.9946707689135603,-0.3621501983296263,-1.399772413034151,-1.5496634070223647,-0.41463016124217866,-0.15393856990517021,0.0692820323027559,0.2465984809580359,-0.4798077846323495,-1.4719191290521112,0.5405377599750526,-0.7266226911401854,-0.690491394346993,-0.5755115693951635,-0.5595719370593745,-0.5951284714867237
-0.028825351495725602,1.1426402629260435,-0.7954745907905113,-0.20679364850592954,-0.5062740883433263,-0.020077485239646885,1.3259859602540562,0.9035471289243083,-0.22009318607588202,-0.1004406937008068,0.0692820323027559,-4.0551750201988135,0.6278894898441663,-1.4719191290521112,0.5405377599750526,-0.7266226911401854,-0.690491394346993,-0.5755115693951635,1.7870803265351975,-0.5951284714867237
-0.9776477739144924,-0.15031854611477377,0.2767224452166169,-0.20679364850592954,0.7001181647835736,-0.9769206110882457,-1.399772413034151,-0.07773708545436095,1.3362026152544912,-0.23572680838562562,0.0692820323027559,0.2465984809580359,-0.16089177040568153,-0.4924160554915381,0.5405377599750526,-0.7266226911401854,-0.690491394346993,1.7375845303178776,-0.5595719370593745,-0.5951284714867237
0.05500813713611118,0.5804842589952534,0.7627851015398482,-0.20679364850592954,-0.8276424641685904,0.02377177964399902,-0.30946906371886795,-0.5683791926436955,-0.6091671364084753,-0.11710588277981264,0.0692820323027559,0.2465984809580359,-0.26720699091482264,-1.227043360661968,-1.8500095165343355,1.37623007400284,-0.690491394346993,-0.5755115693951635,1.7870803265351975,-0.5951284714867237
0.29636773150116685,-0.15031854611477377,0.7484891410597533,-0.20679364850592954,-1.138801018050675,0.30786456027596615,-1.399772413034151,0.9035471289243083,0.9471286649218978,-0.09262981828214249,0.0692820323027559,0.2465984809580359,1.3356891480804285,-0.8189170800117291,0.5405377599750526,1.37623007400284,-0.690491394346993,1.7375845303178776,-0.5595719370593745,-0.5951284714867237
-0.22657234633960074,0.8615622609606484,-0.5238513416687055,-0.20679364850592954,-0.10437067805415594,-0.2495256789173775,-0.8546207383765094,1.394189236113643,0.3635177394230079,-0.16086583204637855,0.0692820323027559,0.2465984809580359,-0.78133565696593,0.24221124967889174,-1.8500095165343355,1.37623007400284,-0.690491394346993,1.7375845303178776,-0.5595719370593745,-0.5951284714867237
-0.704872033625696,-1.330846154369433,0.40538608953747224,-0.20679364850592954,-1.1056485826600888,-0.701839009065984,0.23568261093877343,-1.0590212998330302,-0.025556210909585365,-0.2054802191331548,0.0692820323027559,0.2465984809580359,1.675210036332153,1.4665900916296082,0.5405377599750526,-0.7266226911401854,1.4482439726069483,-0.5755115693951635,-0.5595719370593745,1.6803094590682988
-0.9706930545878628,0.2994062570298583,-1.1814655237530776,-0.20679364850592954,-0.6765488937794298,-0.9699071012652718,-0.30946906371886795,0.9035471289243083,0.16898076425671127,-0.23474595739649565,0.0692820323027559,0.2465984809580359,-0.2031539976326142,1.6298406038897038,0.5405377599750526,1.37623007400284,-0.690491394346993,1.7375845303178776,-0.5595719370593745,-0.5951284714867237
1.204866485705928,1.7047962668568335,0.24813052425642676,-0.20679364850592954,-0.061136620393207636,1.2240431488751047,-1.399772413034151,-0.07773708545436095,0.16898076425671127,0.02609732427557654,0.0692820323027559,0.2465984809580359,-0.26720699091482264,1.3849648354995603,0.5405377599750526,-0.7266226911401854,-0.690491394346993,-0.5755115693951635,1.7870803265351975,-0.5951284714867237
-0.5660859844031494,-0.9373369516178799,0.5769376152986128,-0.20679364850592954,-1.2293458829681656,-0.5618797563917584,2.416289309569339,-0.5683791926436955,0.16898076425671127,-0.21675048837154245,0.0692820323027559,0.2465984809580359,-0.8658601114197955,-1.1454181045319203,0.5405377599750526,1.37623007400284,-0.690491394346993,-0.5755115693951635,-0.5595719370593745,1.6803094590682988
0.2721803825129867,-0.6000433492594058,-0.7954745907905113,-0.20679364850592954,-0.33368656080959636,0.2834727477881846,-0.8546207383765094,-1.5496634070223647,0.16898076425671127,-0.12422947305304825,0.0692820323027559,0.2465984809580359,-1.0359911468051013,-1.227043360661968,0.5405377599750526,-0.7266226911401854,-0.690491394346993,1.7375845303178776,-0.5595719370593745,-0.5951284714867237
1.182255082969102,1.7610118672499127,-0.7668826698303213,-0.20679364850592954,-0.8417854520738087,1.2012406046230708,0.23568261093877343,1.8848313433029775,0.7525916897556012,-0.03920222708228753,0.0692820323027559,0.2465984809580359,0.39422428893987316,-0.3291655432314426,0.5405377599750526,-0.7266226911401854,-0.690491394346993,-0.5755115693951635,1.7870803265351975,-0.5951284714867237
-0.33370243173059133,0.41183745781601633,-0.16645232966632947,-0.20679364850592954,-0.18572106243718095,-0.35350440539522454,-0.8546207383765094,-1.0590212998330302,-0.025556210909585365,-0.18748529593903332,0.0692820323027559,0.2465984809580359,0.05406598372190576,1.140089067109417,-1.8500095165343355,1.37623007400284,-0.690491394346993,-0.5755115693951635,1.7870803265351975,-0.5951284714867237
0.5606813256142119,0.5242686586021743,0.7341931805796582,-0.20679364850592954,-1.1379523362166233,0.514569989689737,-1.399772413034151,1.394189236113643,-0.41463016124217866,-0.10143115839303993,0.0692820323027559,0.2465984809580359,-0.22528570764657793,1.0584638109793694,-1.8500095165343355,-0.7266226911401854,1.4482439726069483,-0.5755115693951635,-0.5595719370593745,-0.5951284714867237
-0.204714657027336,-1.0497681524040379,-1.4816806938350733,-0.20679364850592954,0.9789550171549287,-0.19745364007289143,-0.8546207383765094,-0.07773708545436095,0.3635177394230079,-0.17108102000214495,0.0692820323027559,0.2465984809580359,-0.5661259007819213,0.40546176193898725,0.5405377599750526,1.37623007400284,-0.690491394346993,-0.5755115693951635,-0.5595719370593745,1.6803094590682988
-0.4251415740102696,-1.330846154369433,2.321044793870208,-0.20679364850592954,-0.976213064996704,-0.41974389722074784,0.23568261093877343,-0.5683791926436955,0.16898076425671127,-0.18685573889448606,0.0692820323027559,-4.0551750201988135,-0.4385239183303475,0.40546176193898725,0.5405377599750526,-0.7266226911401854,-0.690491394346993,-0.5755115693951635,-0.5595719370593745,1.6803094590682988
0.3146281521962093,0.41183745781601633,0.44827397097775734,-0.20679364850592954,0.34242825765567664,0.27575476309431085,1.3259859602540562,-1.0590212998330302,1.1416656400881946,-0.1097333524757272,0.0692820323027559,0.2465984809580359,-0.3521168602785093,-1.553544385182159,-1.8500095165343355,-0.7266226911401854,-0.690491394346993,1.7375845303178776,-0.5595719370593745,-0.5951284714867237
0.023146615097857023,-0.7686901504386429,-1.1957614842331725,-0.20679364850592954,-0.271066148625197,0.03233381723055807,1.3259859602540562,-1.5496634070223647,0.5580547145893046,-0.13948133122779263,0.0692820323027559,0.2465984809580359,-0.9512739848963253,-0.4924160554915381,0.5405377599750526,1.37623007400284,-0.690491394346993,1.7375845303178776,-0.5595719370593745,-0.5951284714867237
-1.0001563975479688,-0.2627497469009318,-1.2386493656734576,-0.20679364850592954,0.08213420596063378,-0.9996195074118612,0.7808342855964149,2.3754734504923123,-0.22009318607588202,-0.23960981726234917,0.0692820323027559,0.2465984809580359,-1.0984728331472695,-0.5740413116215859,0.5405377599750526,1.37623007400284,-0.690491394346993,1.7375845303178776,-0.5595719370593745,-0.5951284714867237
-0.5106537879968103,1.4799338652845175,-0.18074829014642452,-0.20679364850592954,0.14428797133597765,-0.525250526999983,-0.8546207383765094,-0.07773708545436095,-0.025556210909585365,-0.18594138651005643,0.0692820323027559,0.2465984809580359,-0.717712549544676,-1.0637928484018724,-1.8500095165343355,1.37623007400284,-0.690491394346993,-0.5755115693951635,1.7870803265351975,-0.5951284714867237
1.6183468184797896,-1.274630553976354,-1.3816089704744081,-0.20679364850592954,-0.9921046964391519,1.6410187649020678,-0.8546207383765094,-1.0590212998330302,0.16898076425671127,0.07584627856181377,0.0692820323027559,0.2465984809580359,-0.26720699091482264,1.221714323239465,0.5405377599750526,1.37623007400284,-0.690491394346993,-0.5755115693951635,-0.5595719370593745,1.6803094590682988
0.4507076850305599,-1.0497681524040379,1.4061033231441251,-0.20679364850592954,-1.1287142677934,0.46350919945083285,0.7808342855964149,-0.5683791926436955,0.16898076425671127,-0.17376571244313535,0.0692820323027559,0.2465984809580359,-0.6539263819692668,-0.16591503097134708,0.5405377599750526,1.37623007400284,-0.690491394346993,-0.5755115693951635,-0.5595719370593745,1.6803094590682988
2.412692248564698,-0.7686901504386429,-0.9241382351113667,-0.20679364850592954,1.1844437087205226,2.4420790543379085,-0.30946906371886795,0.4129050217349737,-0.6091671364084753,-0.038357730332104774,0.0692820323027559,0.2465984809580359,1.6763514574112386,0.7319627864591783,0.5405377599750526,-0.7266226911401854,1.4482439726069483,-0.5755115693951635,-0.5595719370593745,-0.5951284714867237
-0.8266310113933903,1.7047962668568335,1.0772962321019393,-0.20679364850592954,0.32864679282780346,-0.8319329044560697,1.3259859602540562,0.4129050217349737,0.5580547145893046,-0.2322058382649569,0.0692820323027559,0.2465984809580359,0.43713875678342634,-0.4924160554915381,-1.8500095165343355,-0.7266226911401854,1.4482439726069483,-0.5755115693951635,1.7870803265351975,-0.5951284714867237
-0.30680856635421544,0.1307594558506213,2.1923811495493526,-0.20679364850592954,1.0847428231704113,-0.3004105823017712,-0.30946906371886795,-1.0590212998330302,-0.6091671364084753,-0.1967110145047359,0.0692820323027559,0.2465984809580359,0.05213890917279968,-0.002664518711251552,0.5405377599750526,-0.7266226911401854,1.4482439726069483,1.7375845303178776,-0.5595719370593745,-0.5951284714867237
-0.07404815696937685,1.5361494656775965,-0.7525867093502262,-0.20679364850592954,0.26582126116689636,-0.10148817003366305,1.8711376349116977,0.4129050217349737,-0.41463016124217866,-0.17347756937958914,0.0692820323027559,0.2465984809580359,-0.5672228509098739,1.7114658600197514,-1.8500095165343355,-0.7266226911401854,1.4482439726069483,-0.5755115693951635,1.7870803265351975,-0.5951284714867237
1.5591460549506462,1.1426402629260435,-0.06638060630566417,-0.20679364850592954,2.4038431006514784,1.483663691151321,-0.30946906371886795,-1.0590212998330302,-0.803704111574772,0.05707239810011506,0.0692820323027559,0.2465984809580359,-0.26720699091482264,-0.9821675922718247,-1.8500095165343355,-0.7266226911401854,-0.690491394346993,-0.5755115693951635,-0.5595719370593745,-0.5951284714867237
-0.38584569682975595,0.7491310601744904,2.120901347148877,-0.20679364850592954,-1.0147345026848837,-0.38011583925547104,-0.30946906371886795,-0.07773708545436095,-0.9982410867410686,-0.21165696277831997,0.0692820323027559,0.2465984809580359,-0.5041185712518407,-0.9005423361417769,0.5405377599750526,1.37623007400284,-0.690491394346993,-0.5755115693951635,-0.5595719370593745,-0.5951284714867237
-0.8316329277563851,0.7491310601744904,-1.1385776423127922,-0.20679364850592954,-0.6119875385485748,-0.8367876834985276,0.7808342855964149,1.8848313433029775,0.16898076425671127,-0.2273127689309575,0.0692820323027559,0.2465984809580359,0.4150663413709734,1.3033395793695126,-1.8500095165343355,1.37623007400284,-0.690491394346993,-0.5755115693951635,1.7870803265351975,-0.5951284714867237
0.30996883284437854,-1.162199353190196,-0.7382907488701311,-0.20679364850592954,-1.237022479376473,0.3215806361366591,1.3259859602540562,0.4129050217349737,-0.22009318607588202,-0.09890635869820094,0.0692820323027559,0.2465984809580359,-1.0985765986999134,1.4665900916296082,0.5405377599750526,-0.7266226911401854,1.4482439726069483,-0.5755115693951635,-0.5595719370593745,1.6803094590682988
0.14079442873158307,-1.49949295554867,0.7056012596194681,-0.20679364850592954,-1.0195496823959063,0.15097614596007913,-0.30946906371886795,0.4129050217349737,3.6706463172500507,-0.12221620683653993,0.0692820323027559,0.2465984809580359,-0.07421788664704397,1.6298406038897038,0.5405377599750526,1.37623007400284,-0.690491394346993,-0.5755115693951635,-0.5595719370593745,1.6803094590682988
1.4487270382524808,0.5242686586021743,-1.0813938003924122,-0.20679364850592954,-0.5160711073400339,1.4699651337023418,1.8711376349116977,0.4129050217349737,1.1416656400881946,0.013236688789840781,0.0692820323027559,0.2465984809580359,-0.14163584856499903,1.5482153477596559,0.5405377599750526,1.37623007400284,-0.690491394346993,-0.5755115693951635,1.7870803265351975,-0.5951284714867237
-0.26919141452840545,0.5242686586021743,-0.7382907488701311,-0.20679364850592954,0.5798284117789838,-0.29089105651201824,0.23568261093877343,-1.5496634070223647,-0.6091671364084753,-0.17604273282201086,0.0692820323027559,0.2465984809580359,-0.5659480169773884,1.221714323239465,-1.8500095165343355,-0.7266226911401854,1.4482439726069483,1.7375845303178776,-0.5595719370593745,-0.5951284714867237
-0.1551408695119016,-1.0497681524040379,0.7484891410597533,-0.20679364850592954,-0.9050135307073627,-0.1801954439617296,0.7808342855964149,0.4129050217349737,-0.6091671364084753,-0.14144101340384407,0.0692820323027559,0.2465984809580359,-0.26720699091482264,1.4665900916296082,-1.8500095165343355,-0.7266226911401854,-0.690491394346993,-0.5755115693951635,-0.5595719370593745,1.6803094590682988
-0.7297445766362041,1.2550714637122016,-1.5674564567156437,-0.20679364850592954,0.14224959653818064,-0.7378964994418863,1.8711376349116977,1.8848313433029775,0.9471286649218978,-0.20077200027181233,0.0692820323027559,0.2465984809580359,-0.6509764755440969,-0.16591503097134708,-1.8500095165343355,1.37623007400284,-0.690491394346993,-0.5755115693951635,-0.5595719370593745,-0.5951284714867237
3.416432971873057,0.018328255064463266,2.278156912429923,-0.20679364850592954,1.2341646698260327,3.286316303820666,0.23568261093877343,0.4129050217349737,3.6706463172500507,0.6931280724723663,0.0692820323027559,0.2465984809580359,3.9377586171367716,1.7114658600197514,-1.8500095165343355,1.37623007400284,-0.690491394346993,1.7375845303178776,-0.5595719370593745,-0.5951284714867237
-0.9294443744437142,-0.7124745500455638,-1.2386493656734576,-0.20679364850592954,0.6049555476511991,-0.9283097326600465,0.23568261093877343,0.4129050217349737,-0.22009318607588202,-0.23565906789257177,0.0692820323027559,0.2465984809580359,-1.078490552438078,1.6298406038897038,0.5405377599750526,-0.7266226911401854,-0.690491394346993,-0.5755115693951635,-0.5595719370593745,-0.5951284714867237
0.47691635638460794,-0.9935525520109589,-0.39518769734785014,-0.20679364850592954,-0.9891817438989147,0.4899394211975085,-0.30946906371886795,-0.5683791926436955,-1.5818520122399586,-0.061487875879694696,0.0692820323027559,0.2465984809580359,-0.26720699091482264,1.4665900916296082,0.5405377599750526,-0.7266226911401854,1.4482439726069483,-0.5755115693951635,-0.5595719370593745,1.6803094590682988
-0.7656487434061938,1.3675026644983594,-0.695402867429846,4.772110297630447,-0.30619029498371503,-0.7727445024315837,0.7808342855964149,2.3754734504923123,1.3362026152544912,-0.2209079804521261,0.0692820323027559,0.2465984809580359,0.3302009429584202,1.6298406038897038,-1.8500095165343355,-0.7266226911401854,1.4482439726069483,-0.5755115693951635,1.7870803265351975,-0.5951284714867237
-0.2635043041430826,1.4799338652845175,1.3918073626640302,-0.20679364850592954,0.11150731499656202,-0.28537123924456614,0.7808342855964149,-0.5683791926436955,-0.41463016124217866,-0.1539894350151599,0.0692820323027559,0.2465984809580359,-0.26720699091482264,0.9768385548493216,-1.8500095165343355,-0.7266226911401854,1.4482439726069483,-0.5755115693951635,1.7870803265351975,-0.5951284714867237
-0.8888808883218937,-1.443277355155591,0.7770810620199433,-0.20679364850592954,-1.0243392221723653,-0.8874033502442769,-1.399772413034151,-1.0590212998330302,3.6706463172500507,-0.2205232865056058,0.0692820323027559,0.2465984809580359,0.6064248440972009,-1.7167948974422544,0.5405377599750526,-0.7266226911401854,1.4482439726069483,-0.5755115693951635,-0.5595719370593745,1.6803094590682988
-0.3510721001966074,0.07454385545754227,0.34820224761709206,-0.20679364850592954,0.2530269338197172,-0.3450482901406009,-0.30946906371886795,0.9035471289243083,-0.41463016124217866,-0.16110944578521968,0.0692820323027559,0.2465984809580359,-0.26720699091482264,-0.002664518711251552,0.5405377599750526,-0.7266226911401854,-0.690491394346993,-0.5755115693951635,-0.5595719370593745,-0.5951284714867237
1.0319577741714443,0.6929154597814113,0.5483456943384226,-0.20679364850592954,-0.948365532067303,1.0496727839659916,0.7808342855964149,0.9035471289243083,-0.6091671364084753,0.13163323802662819,0.0692820323027559,0.2465984809580359,-0.225508062402244,0.7319627864591783,0.5405377599750526,1.37623007400284,-0.690491394346993,-0.5755115693951635,-0.5595719370593745,-0.5951284714867237
3.2322528186712773,-1.49949295554867,0.13376284041566644,-0.20679364850592954,-1.1172762929846292,3.2685676355457143,0.23568261093877343,-0.07773708545436095,-0.803704111574772,0.138614617767242,0.0692820323027559,0.2465984809580359,0.5647703865357556,0.24221124967889174,0.5405377599750526,1.37623007400284,-0.690491394346993,-0.5755115693951635,-0.5595719370593745,1.6803094590682988
0.47369594447966606,0.6366998593883324,0.20524264281614163,-0.20679364850592954,-0.33651977357886137,0.48669178610706737,0.23568261093877343,-0.07773708545436095,-1.387315037073662,-0.16340659816700973,0.0692820323027559,0.2465984809580359,-0.28798974874441213,-0.3291655432314426,0.5405377599750526,-0.7266226911401854,-0.690491394346993,-0.5755115693951635,1.7870803265351975,-0.5951284714867237
-0.07343148234928158,0.4680530582090954,-0.695402867429846,-0.20679364850592954,-0.8668766920376351,-0.10088963563116822,-0.30946906371886795,1.394189236113643,0.7525916897556012,-0.1319791147181064,0.0692820323027559,0.2465984809580359,-0.26720699091482264,0.8952132987192738,-1.8500095165343355,-0.7266226911401854,-0.690491394346993,-0.5755115693951635,1.7870803265351975,-0.5951284714867237
-0.36981215670727957,-1.330846154369433,-0.8526584327108915,-0.20679364850592954,0.8570884081746849,-0.36394676242221063,-1.399772413034151,-0.07773708545436095,0.5580547145893046,-0.15803350693404944,0.0692820323027559,0.2465984809580359,3.6818875879666257,-1.3086686167920156,0.5405377599750526,-0.7266226911401854,-0.690491394346993,-0.5755115693951635,-0.5595719370593745,1.6803094590682988
0.06285360869176743,1.8734430680360705,-0.38089173686775507,-0.20679364850592954,-0.21545569455045452,0.0723764669095082,0.23568261093877343,-0.07773708545436095,-0.803704111574772,-0.07659056471265495,0.0692820323027559,0.2465984809580359,-1.0128662522158292,0.6503375303291306,0.5405377599750526,-0.7266226911401854,-0.690491394346993,-0.5755115693951635,1.7870803265351975,-0.5951284714867237
0.4488576611702743,0.35562185742293734,0.1623547613758565,-0.20679364850592954,-0.7686706146725749,0.461643536739303,0.23568261093877343,0.4129050217349737,-0.41463016124217866,-0.04153533240074308,0.0692820323027559,0.2465984809580359,-0.8885551201481132,-0.5740413116215859,0.5405377599750526,1.37623007400284,-0.690491394346993,-0.5755115693951635,1.7870803265351975,-0.5951284714867237
-0.44580017378346026,-0.5438277488663268,-0.23793213206680466,-0.20679364850592954,-0.7233469023447026,-0.4405771308328333,0.23568261093877343,-0.07773708545436095,-1.1927780619073654,-0.1742404510800938,0.0692820323027559,0.2465984809580359,0.03300157653513918,1.0584638109793694,0.5405377599750526,-0.7266226911401854,-0.690491394346993,1.7375845303178776,-0.5595719370593745,-0.5951284714867237
-0.19035984225956334,0.7491310601744904,0.062283038015191215,-0.20679364850592954,-0.18757482970612105,-0.18297747940379724,-0.8546207383765094,1.8848313433029775,1.3362026152544912,-0.1417729353405483,0.0692820323027559,0.2465984809580359,-0.26720699091482264,-0.9821675922718247,0.5405377599750526,-0.7266226911401854,1.4482439726069483,1.7375845303178776,-0.5595719370593745,-0.5951284714867237
-0.595240990053208,0.6366998593883324,1.7777982956265963,-0.20679364850592954,-0.29605995683768216,-0.5912812187530929,0.23568261093877343,-1.5496634070223647,0.3635177394230079,-0.17931610990405503,0.0692820323027559,0.2465984809580359,2.424560386577216,-0.16591503097134708,0.5405377599750526,-0.7266226911401854,1.4482439726069483,1.7375845303178776,-0.5595719370593745,-0.5951284714867237
0.12263678713988972,1.3112870641052805,-1.2100574447132675,-0.20679364850592954,1.4138595872207609,0.13266501193950653,0.23568261093877343,-1.0590212998330302,1.1416656400881946,-0.01994084398061361,0.0692820323027559,0.2465984809580359,-0.7389548405359755,0.7319627864591783,0.5405377599750526,-0.7266226911401854,-0.690491394346993,-0.5755115693951635,-0.5595719370593745,-0.5951284714867237
0.15857521361099597,1.0302090621398854,-0.32370789494737495,-0.20679364850592954,0.35174837386950353,0.16890723757645115,0.23568261093877343,-0.07773708545436095,1.1416656400881946,-0.062145944402914474,0.0692820323027559,0.2465984809580359,0.8426100655657099,0.40546176193898725,0.5405377599750526,-0.7266226911401854,1.4482439726069483,-0.5755115693951635,1.7870803265351975,-0.5951284714867237
0.3903078319623423,-0.20653414650785276,-0.4523715392682303,-0.20679364850592954,1.5368799932563615,0.40259876685032453,0.23568261093877343,0.9035471289243083,-1.5818520122399586,-0.07190840421142124,0.0692820323027559,0.2465984809580359,-0.26720699091482264,-0.0842897748412993,0.5405377599750526,-0.7266226911401854,-0.690491394346993,-0.5755115693951635,-0.5595719370593745,-0.5951284714867237
-0.2496291251909397,1.7610118672499127,-0.8097705512706064,-0.20679364850592954,0.624995720506019,-0.242747784791704,0.7808342855964149,-1.5496634070223647,0.9471286649218978,-0.17513513237439865,0.0692820323027559,0.2465984809580359,-0.4605963337428003,0.24221124967889174,0.5405377599750526,1.37623007400284,-0.690491394346993,-0.5755115693951635,1.7870803265351975,-0.5951284714867237
0.47246259523947554,0.5804842589952534,-0.1092684877459493,-0.20679364850592954,0.4786275900569087,0.4854480109660472,-0.30946906371886795,-0.07773708545436095,-0.9982410867410686,-0.07507790281094182,0.0692820323027559,0.2465984809580359,0.9299658372417231,0.5687122741990828,0.5405377599750526,-0.7266226911401854,-0.690491394346993,-0.5755115693951635,1.7870803265351975,-0.5951284714867237
2.1248422397846833,1.0864246625329645,-0.6382190255094659,1.452841000206196,-0.4977052222122096,2.151795756147624,0.23568261093877343,-0.07773708545436095,0.3635177394230079,0.0708549892593286,0.0692820323027559,0.2465984809580359,1.1840876756672958,-0.24754028710139483,0.5405377599750526,-0.7266226911401854,-0.690491394346993,-0.5755115693951635,1.7870803265351975,-0.5951284714867237
-0.4587846005065768,-0.20653414650785276,2.4640043986711584,-0.20679364850592954,1.2757782836225686,-0.4536713191230163,-0.30946906371886795,1.394189236113643,-0.22009318607588202,-0.17406915348891758,0.0692820323027559,0.2465984809580359,-0.26720699091482264,1.221714323239465,0.5405377599750526,1.37623007400284,-0.690491394346993,-0.5755115693951635,-0.5595719370593745,-0.5951284714867237
1.066148955885614,0.5804842589952534,0.5340497338583277,-0.20679364850592954,-0.5443699031177522,1.0841529948198245,-0.30946906371886795,-0.5683791926436955,1.1416656400881946,0.21072697710099317,0.0692820323027559,0.2465984809580359,-0.3294070278998138,-0.6556665677516337,0.5405377599750526,-0.7266226911401854,1.4482439726069483,1.7375845303178776,-0.5595719370593745,-0.5951284714867237
-0.45590678561279896,0.9177778613537274,0.6055295362588028,-0.20679364850592954,1.5185089801416245,-0.4507691771273029,-0.30946906371886795,-0.07773708545436095,-0.22009318607588202,-0.18974365187320494,0.0692820323027559,0.2465984809580359,0.007934783746383177,-0.9821675922718247,0.5405377599750526,-0.7266226911401854,-0.690491394346993,-0.5755115693951635,-0.5595719370593745,-0.5951284714867237
-0.6753059115622405,-1.49949295554867,-0.22363617158670962,-0.20679364850592954,0.26550332597830917,-0.6850592124660951,-0.30946906371886795,1.394189236113643,0.5580547145893046,-0.2016758174900308,0.0692820323027559,0.2465984809580359,-0.26720699091482264,0.32383650580893947,-1.8500095165343355,1.37623007400284,-0.690491394346993,-0.5755115693951635,-0.5595719370593745,1.6803094590682988
-0.6178523927900336,-0.7686901504386429,-0.666810946469656,-0.20679364850592954,2.200003056878317,-0.6292957573003295,1.8711376349116977,0.4129050217349737,0.9471286649218978,-0.09964771604878625,0.0692820323027559,0.2465984809580359,-0.13959018481287114,-1.6351696413122068,-1.8500095165343355,-0.7266226911401854,1.4482439726069483,-0.5755115693951635,-0.5595719370593745,-0.5951284714867237
-0.7064822395781668,1.1426402629260435,0.8485608644204186,-0.20679364850592954,-0.6952839939649683,-0.7034628266112045,-0.30946906371886795,0.4129050217349737,1.3362026152544912,-0.13947193234587646,0.0692820323027559,0.2465984809580359,-1.099806961681266,-0.3291655432314426,0.5405377599750526,-0.7266226911401854,-0.690491394346993,-0.5755115693951635,1.7870803265351975,-0.5951284714867237
1.6455832808673294,0.9739934617468065,-0.32370789494737495,-0.20679364850592954,0.49928055734779586,1.6684854659329265,-1.399772413034151,0.4129050217349737,-0.9982410867410686,0.6765082854865996,0.0692820323027559,0.2465984809580359,0.39632924729351193,-1.553544385182159,0.5405377599750526,1.37623007400284,-0.690491394346993,-0.5755115693951635,-0.5595719370593745,-0.5951284714867237
0.4300148255562529,0.8615622609606484,-1.038505918952127,-0.20679364850592954,-1.2054674119091922,0.4426414165292748,0.23568261093877343,-0.5683791926436955,-0.6091671364084753,-0.05222005573582201,0.0692820323027559,0.2465984809580359,-0.1822378269496251,-1.0637928484018724,0.5405377599750526,-0.7266226911401854,-0.690491394346993,1.7375845303178776,-0.5595719370593745,-0.5951284714867237
-0.791446298346845,-1.218414953583275,-0.5810351835890857,-0.20679364850592954,-0.8917525565511283,-0.789145114103695,0.7808342855964149,-0.07773708545436095,-0.025556210909585365,-0.21473361736517066,0.0692820323027559,0.2465984809580359,1.7163753134311328,0.9768385548493216,0.5405377599750526,1.37623007400284,-0.690491394346993,-0.5755115693951635,-0.5595719370593745,1.6803094590682988
-0.67235957726623,-1.162199353190196,-1.052801879432222,-0.20679364850592954,-1.1309885299891809,-0.669051714376317,1.3259859602540562,0.4129050217349737,1.1416656400881946,-0.19976597849682234,0.0692820323027559,0.2465984809580359,-0.26720699091482264,-1.3902938729220635,0.5405377599750526,-0.7266226911401854,-0.690491394346993,-0.5755115693951635,-0.5595719370593745,1.6803094590682988
-0.6286441986417004,1.3675026644983594,0.40538608953747224,-0.20679364850592954,0.19686778514531617,-0.6249667954890519,-0.8546207383765094,-1.5496634070223647,-1.1927780619073654,-0.10463149277401493,0.0692820323027559,-4.0551750201988135,0.607729325330442,-1.3902938729220635,0.5405377599750526,1.37623007400284,-0.690491394346993,-0.5755115693951635,1.7870803265351975,-0.5951284714867237
0.996773061124899,-0.7124745500455638,0.14805880089576146,-0.20679364850592954,-1.128119421311527,1.0141906431374483,-0.30946906371886795,-0.07773708545436095,-1.387315037073662,0.0010600263772746802,0.0692820323027559,0.2465984809580359,-0.26720699091482264,0.8952132987192738,0.5405377599750526,1.37623007400284,-0.690491394346993,1.7375845303178776,-0.5595719370593745,-0.5951284714867237
-0.8316671874575015,0.41183745781601633,0.062283038015191215,-0.20679364850592954,-0.41505745714027215,-0.8297060034247369,-0.30946906371886795,0.9035471289243083,0.9471286649218978,-0.23020842838600503,0.0692820323027559,0.2465984809580359,0.841572410039268,-0.24754028710139483,0.5405377599750526,-0.7266226911401854,1.4482439726069483,-0.5755115693951635,1.7870803265351975,-0.5951284714867237
-0.5550886203447842,0.35562185742293734,-0.052084645825569126,-0.20679364850592954,1.5992491340820385,-0.5683782558908586,0.23568261093877343,2.3754734504923123,-0.41463016124217866,-0.19029420765596816,0.0692820323027559,0.2465984809580359,-0.30966192559666594,-1.3902938729220635,-1.8500095165343355,1.37623007400284,-0.690491394346993,-0.5755115693951635,-0.5595719370593745,-0.5951284714867237
-0.3996523563796661,1.7047962668568335,-0.8955463141511766,-0.20679364850592954,0.6527124897691462,-0.3940392109730007,-0.30946906371886795,-2.0403055142116995,1.3362026152544912,-0.15680275516513184,0.0692820323027559,0.2465984809580359,-0.2465872932393883,0.9768385548493216,0.5405377599750526,1.37623007400284,-0.690491394346993,-0.5755115693951635,1.7870803265351975,-0.5951284714867237
-1.012763967558805,1.1988558633191224,0.7198972200995631,-0.20679364850592954,1.6678257030655357,-1.0123336532978437,0.7808342855964149,-0.07773708545436095,0.16898076425671127,-0.2405354889216558,0.0692820323027559,0.2465984809580359,2.188286223206441,1.4665900916296082,0.5405377599750526,-0.7266226911401854,-0.690491394346993,-0.5755115693951635,-0.5595719370593745,-0.5951284714867237
-0.6550584282024468,-0.4313965480801688,2.3067488333901127,-0.20679364850592954,1.1016677439757678,-0.6516043130925641,1.3259859602540562,-0.5683791926436955,-0.025556210909585365,-0.19768434605713808,0.0692820323027559,0.2465984809580359,-0.26720699091482264,1.6298406038897038,0.5405377599750526,-0.7266226911401854,1.4482439726069483,-0.5755115693951635,-0.5595719370593745,-0.5951284714867237
1.1182579612836625,-1.0497681524040379,0.17665072185595154,6.431744946342572,-0.035414638039119366,1.1367024945279207,-0.8546207383765094,0.9035471289243083,-0.025556210909585365,0.47165178874480584,0.0692820323027559,0.2465984809580359,-1.036865742177388,-0.4924160554915381,0.5405377599750526,1.37623007400284,-0.690491394346993,1.7375845303178776,-0.5595719370593745,-0.5951284714867237
0.07624915182828088,0.8615622609606484,0.40538608953747224,-0.20679364850592954,-1.1288347754858483,0.08588524691336466,1.3259859602540562,-1.0590212998330302,-0.803704111574772,-0.1350403130678415,0.0692820323027559,0.2465984809580359,2.3147319609285506,-0.9005423361417769,0.5405377599750526,-0.7266226911401854,-0.690491394346993,-0.5755115693951635,-0.5595719370593745,-0.5951284714867237
-0.21160085695173284,0.4680530582090954,0.7056012596194681,-0.20679364850592954,-0.25474633027553883,-0.23499459370125367,-0.30946906371886795,0.4129050217349737,-0.9982410867410686,-0.15962563921167258,0.0692820323027559,0.2465984809580359,-0.31035863716441964,0.07896073741879621,-1.8500095165343355,-0.7266226911401854,1.4482439726069483,1.7375845303178776,-0.5595719370593745,-0.5951284714867237
-0.8107002503742632,0.41183745781601633,1.692022532746026,-0.20679364850592954,0.27561315217669113,-0.8085618260273963,-1.399772413034151,0.9035471289243083,1.3362026152544912,-0.21848393468872274,0.0692820323027559,0.2465984809580359,0.010232449554932792,-1.1454181045319203,0.5405377599750526,-0.7266226911401854,-0.690491394346993,-0.5755115693951635,1.7870803265351975,-0.5951284714867237
-0.7462920122754265,-0.31896534729401077,0.7198972200995631,-0.20679364850592954,0.3430205401440932,-0.7436091242185731,0.23568261093877343,-1.0590212998330302,-0.6091671364084753,-0.20866135038759212,0.0692820323027559,0.2465984809580359,-0.26720699091482264,0.9768385548493216,0.5405377599750526,1.37623007400284,-0.690491394346993,1.7375845303178776,-0.5595719370593745,-0.5951284714867237
2.6631991831278325,-1.387061754762512,-0.40948365782794516,-0.20679364850592954,-1.1751917771766291,2.694703605202865,1.3259859602540562,-0.5683791926436955,-0.803704111574772,1.3972573388533092,0.0692820323027559,0.2465984809580359,1.3765875994726091,-0.3291655432314426,0.5405377599750526,1.37623007400284,-0.690491394346993,-0.5755115693951635,-0.5595719370593745,1.6803094590682988
-0.5620090799702975,-0.03788734532861574,1.4346952441043153,-0.20679364850592954,-0.32512025867193595,-0.5577683885644977,-0.8546207383765094,-1.0590212998330302,0.9471286649218978,-0.2134118184848251,0.0692820323027559,0.2465984809580359,-0.11852577762610456,-1.6351696413122068,0.5405377599750526,-0.7266226911401854,-0.690491394346993,1.7375845303178776,-0.5595719370593745,-0.5951284714867237
-0.8796650287215815,0.1869750562437003,-1.367313009994313,-0.20679364850592954,-0.3000341466950223,-0.8781095859960996,0.7808342855964149,-1.0590212998330302,-0.025556210909585365,-0.22997715074160133,0.0692820323027559,0.2465984809580359,-0.4804452015985922,-0.4107907993614904,0.5405377599750526,-0.7266226911401854,-0.690491394346993,1.7375845303178776,-0.5595719370593745,-0.5951284714867237
-0.8611990498198404,-1.218414953583275,1.3918073626640302,-0.20679364850592954,-1.1904680501895535,-0.8594875081902719,0.7808342855964149,2.866115557681647,-0.41463016124217866,-0.22462434739261802,0.0692820323027559,0.2465984809580359,0.7999179524778228,1.3849648354995603,0.5405377599750526,1.37623007400284,-0.690491394346993,-0.5755115693951635,-0.5595719370593745,1.6803094590682988
-0.9501029742169049,-1.49949295554867,-1.395904930954503,-0.20679364850592954,-1.1071203149040327,-0.9491429662721319,1.8711376349116977,-0.5683791926436955,1.3362026152544912,-0.23257801434932415,0.0692820323027559,0.2465984809580359,-0.6518362472660058,0.24221124967889174,0.5405377599750526,1.37623007400284,-0.690491394346993,-0.5755115693951635,-0.5595719370593745,1.6803094590682988
-0.4355907828507724,0.8615622609606484,1.1344800740223193,-0.20679364850592954,-0.7255827046386386,-0.4302814366099454,1.8711376349116977,-0.5683791926436955,3.6706463172500507,-0.17127852940641014,0.0692820323027559,0.2465984809580359,-0.26720699091482264,1.3033395793695126,0.5405377599750526,1.37623007400284,-0.690491394346993,1.7375845303178776,-0.5595719370593745,-0.5951284714867237
-0.49876567170941855,-0.15031854611477377,-0.12356444822604433,3.1124756489183216,-0.12542619231768976,-0.49399036327774876,0.23568261093877343,0.4129050217349737,-0.9982410867410686,-0.1330969152018392,0.0692820323027559,0.2465984809580359,-0.054161487685963704,-0.6556665677516337,0.5405377599750526,-0.7266226911401854,-0.690491394346993,1.7375845303178776,-0.5595719370593745,-0.5951284714867237
0.6761707780776046,-0.2627497469009318,0.17665072185595154,-0.20679364850592954,0.4587951006720532,0.6908782050911878,0.7808342855964149,-0.07773708545436095,-0.22009318607588202,0.13175096809158995,0.0692820323027559,0.2465984809580359,-0.3315416335542081,1.0584638109793694,0.5405377599750526,-0.7266226911401854,-0.690491394346993,1.7375845303178776,-0.5595719370593745,-0.5951284714867237
-0.7556449106802043,1.2550714637122016,1.992237702828022,-0.20679364850592954,1.5886418931531252,-0.7530410857046415,-0.8546207383765094,1.394189236113643,-0.025556210909585365,-0.20716258971566254,0.0692820323027559,0.2465984809580359,0.608129563890641,-0.5740413116215859,0.5405377599750526,-0.7266226911401854,-0.690491394346993,-0.5755115693951635,-0.5595719370593745,-0.5951284714867237
-0.6124393600136421,-0.9373369516178799,2.5068922801114435,-0.20679364850592954,-0.8968856714507378,-0.6086249721084277,1.3259859602540562,-0.5683791926436955,-0.22009318607588202,-0.1769210268663834,0.0692820323027559,0.2465984809580359,-0.951170219343681,1.6298406038897038,0.5405377599750526,-0.7266226911401854,1.4482439726069483,-0.5755115693951635,-0.5595719370593745,1.6803094590682988
0.5670536300218628,0.35562185742293734,0.5626416548185177,-0.20679364850592954,1.3139228142726653,0.5207548451821833,0.23568261093877343,2.866115557681647,-0.22009318607588202,0.03633432117236738,0.0692820323027559,0.2465984809580359,0.864534244474385,-0.16591503097134708,-1.8500095165343355,1.37623007400284,-0.690491394346993,-0.5755115693951635,-0.5595719370593745,-0.5951284714867237
0.1687503448425676,-0.03788734532861574,-0.4523715392682303,-0.20679364850592954,0.5368610094374957,0.17916838248986644,0.7808342855964149,-0.5683791926436955,0.9471286649218978,-0.07013765301321133,0.0692820323027559,0.2465984809580359,-0.28721891892476975,-0.24754028710139483,0.5405377599750526,-0.7266226911401854,-0.690491394346993,-0.5755115693951635,-0.5595719370593745,-0.5951284714867237
-0.35391565538926884,-0.31896534729401077,-1.5674564567156437,-0.20679364850592954,-0.5450775653117045,-0.3731230330325542,-1.399772413034151,-0.5683791926436955,0.16898076425671127,-0.1644590159927959,0.0692820323027559,0.2465984809580359,-0.26720699091482264,1.4665900916296082,-1.8500095165343355,1.37623007400284,-0.690491394346993,1.7375845303178776,-0.5595719370593745,-0.5951284714867237
-0.7160064364885267,-0.9373369516178799,-0.20934021110661458,-0.20679364850592954,-1.2480835471471605,-0.7245624830307521,-1.399772413034151,-1.0590212998330302,0.16898076425671127,-0.18608832547204884,0.0692820323027559,0.2465984809580359,-0.6294525351956205,0.9768385548493216,-1.8500095165343355,1.37623007400284,-0.690491394346993,-0.5755115693951635,-0.5595719370593745,1.6803094590682988
0.3798243634207232,1.0864246625329645,-1.3101291680739329,-0.20679364850592954,-0.5060074330238661,0.39202667815165426,0.7808342855964149,0.4129050217349737,0.16898076425671127,0.10960400293989475,0.0692820323027559,-4.0551750201988135,-0.7803572960409993,0.9768385548493216,0.5405377599750526,1.37623007400284,-0.690491394346993,-0.5755115693951635,1.7870803265351975,-0.5951284714867237
-0.6746892369421453,0.2994062570298583,0.34820224761709206,-0.20679364850592954,2.399648407356892,-0.6714010674204661,-0.8546207383765094,0.9035471289243083,-1.1927780619073654,-0.18842563096702805,0.0692820323027559,0.2465984809580359,1.186518754329245,-0.9821675922718247,0.5405377599750526,1.37623007400284,-0.690491394346993,-0.5755115693951635,-0.5595719370593745,-0.5951284714867237
-0.021665073962397568,1.8172274676429916,0.019395156574906088,-0.20679364850592954,0.4524312689133961,-0.012856679559836272,0.23568261093877343,-0.5683791926436955,-0.025556210909585365,-0.06266491113940945,0.0692820323027559,0.2465984809580359,-1.036747152974366,-0.8189170800117291,0.5405377599750526,1.37623007400284,-0.690491394346993,-0.5755115693951635,1.7870803265351975,-0.5951284714867237
-0.7842517611124005,0.2431906566367793,0.30531436617680696,-0.20679364850592954,-0.10148105742885108,-0.7818897591144115,0.7808342855964149,-0.07773708545436095,0.16898076425671127,-0.2029925939056679,0.0692820323027559,0.2465984809580359,0.841068405926425,1.0584638109793694,0.5405377599750526,-0.7266226911401854,1.4482439726069483,1.7375845303178776,-0.5595719370593745,-0.5951284714867237
-0.9042634941231584,1.0302090621398854,0.37679416857728215,-0.20679364850592954,1.950077794720747,-0.9072817353479155,-0.30946906371886795,2.866115557681647,-0.22009318607588202,-0.22022694723715253,0.0692820323027559,0.2465984809580359,-1.0989620136097347,0.48708701806903504,-1.8500095165343355,-0.7266226911401854,1.4482439726069483,-0.5755115693951635,-0.5595719370593745,-0.5951284714867237
-0.6149403181951394,0.2994062570298583,-0.995618037511842,-0.20679364850592954,0.7338910865905961,-0.6111470716999405,0.23568261093877343,0.9035471289243083,0.16898076425671127,-0.15675204499576106,0.0692820323027559,0.2465984809580359,-0.9515259869527468,-0.6556665677516337,0.5405377599750526,-0.7266226911401854,-0.690491394346993,1.7375845303178776,-0.5595719370593745,-0.5951284714867237
-0.9720291829314025,-1.162199353190196,-1.4244968519146932,-0.20679364850592954,-1.066486146607822,-0.97125452433471,1.8711376349116977,-1.0590212998330302,-1.970925962572552,-0.2311895650024003,0.0692820323027559,0.2465984809580359,0.5458998796048943,0.813588042589226,0.5405377599750526,1.37623007400284,-0.690491394346993,-0.5755115693951635,-0.5595719370593745,1.6803094590682988
-0.6378600582420126,-1.330846154369433,0.8771527853806086,-0.20679364850592954,-1.0025709177279667,-0.6342605597372293,0.23568261093877343,0.4129050217349737,-2.554536888071442,-0.14900261092455203,0.0692820323027559,0.2465984809580359,-0.7594559490083879,-1.227043360661968,0.5405377599750526,1.37623007400284,-0.690491394346993,-0.5755115693951635,-0.5595719370593745,1.6803094590682988
-0.8879558763917507,-0.2627497469009318,-0.03778868534547408,-0.20679364850592954,1.0295400440552285,-0.8864705188885119,0.23568261093877343,-0.5683791926436955,1.1416656400881946,-0.22570600412639324,0.0692820323027559,0.2465984809580359,-0.26720699091482264,-0.9005423361417769,0.5405377599750526,-0.7266226911401854,-0.690491394346993,-0.5755115693951635,-0.5595719370593745,-0.5951284714867237
0.16316601356059401,1.3675026644983594,1.9064619399474516,-0.20679364850592954,-0.27376346974127563,0.17353684504580355,0.23568261093877343,0.4129050217349737,0.9471286649218978,0.851343651142223,0.0692820323027559,0.2465984809580359,2.038700767244681,-0.5740413116215859,0.5405377599750526,1.37623007400284,-0.690491394346993,-0.5755115693951635,1.7870803265351975,-0.5951284714867237
-0.8017242086817657,-1.49949295554867,1.1344800740223193,-0.20679364850592954,0.7619514309768739,-0.7995099069455286,-0.8546207383765094,0.4129050217349737,-0.6091671364084753,-0.20123369843738037,0.0692820323027559,0.2465984809580359,-0.9711080291017394,-1.0637928484018724,0.5405377599750526,-0.7266226911401854,-0.690491394346993,-0.5755115693951635,-0.5595719370593745,1.6803094590682988
3.6398062231520014,1.2550714637122016,1.4061033231441251,-0.20679364850592954,0.3813163464081143,3.503118765168783,1.3259859602540562,-0.07773708545436095,0.3635177394230079,0.8678241792746796,0.0692820323027559,0.2465984809580359,-0.8018219417879647,0.813588042589226,-1.8500095165343355,1.37623007400284,-0.690491394346993,-0.5755115693951635,1.7870803265351975,-0.5951284714867237
0.6383480680450965,1.4237182648914386,-0.06638060630566417,-0.20679364850592954,-0.5067227871981873,0.6527357674332406,1.8711376349116977,-0.07773708545436095,-0.803704111574772,-0.11129878819615627,0.0692820323027559,0.2465984809580359,-0.6497609362131224,0.48708701806903504,0.5405377599750526,-0.7266226911401854,-0.690491394346993,-0.5755115693951635,1.7870803265351975,-0.5951284714867237
-0.12910349666343562,0.2431906566367793,0.7198972200995631,-0.20679364850592954,0.5288382739125813,-0.12120331406646931,0.23568261093877343,-0.5683791926436955,1.3362026152544912,-0.17256830823519567,0.0692820323027559,-4.0551750201988135,-0.653748498164734,-0.9005423361417769,0.5405377599750526,-0.7266226911401854,1.4482439726069483,-0.5755115693951635,-0.5595719370593745,-0.5951284714867237
-0.43631023657421675,0.9739934617468065,0.19094668233604659,-0.20679364850592954,0.015047317175275252,-0.4310069721088736,0.7808342855964149,0.4129050217349737,-0.41463016124217866,-0.1713650923395455,0.0692820323027559,0.2465984809580359,-0.26720699091482264,1.3033395793695126,0.5405377599750526,1.37623007400284,-0.690491394346993,-0.5755115693951635,1.7870803265351975,-0.5951284714867237
2.1287478457119535,1.3112870641052805,0.2767224452166169,-0.20679364850592954,0.485147825416403,2.155734377427521,-0.30946906371886795,1.394189236113643,3.6706463172500507,0.13725649655471808,0.0692820323027559,0.2465984809580359,-0.26720699091482264,1.4665900916296082,0.5405377599750526,-0.7266226911401854,1.4482439726069483,-0.5755115693951635,-0.5595719370593745,-0.5951284714867237
-0.7992575102013847,0.5804842589952534,-0.7525867093502262,-0.20679364850592954,0.6194600586337626,-0.7970223566634884,-0.8546207383765094,1.8848313433029775,1.1416656400881946,-0.23303051414590004,0.0692820323027559,0.2465984809580359,1.5904928744233768,-0.002664518711251552,0.5405377599750526,-0.7266226911401854,-0.690491394346993,-0.5755115693951635,1.7870803265351975,-0.5951284714867237
0.596962349096482,-1.49949295554867,0.2624264847365218,-0.20679364850592954,-1.0435384051735028,0.611000201590124,-0.8546207383765094,-0.07773708545436095,-1.387315037073662,-0.12483561924539338,0.0692820323027559,0.2465984809580359,-0.5663186082368319,0.9768385548493216,0.5405377599750526,-0.7266226911401854,-0.690491394346993,-0.5755115693951635,-0.5595719370593745,1.6803094590682988
-0.3655296940677292,-0.9373369516178799,-1.1385776423127922,-0.20679364850592954,-1.2853435000548168,-0.35962809873811336,-0.8546207383765094,-0.07773708545436095,0.9471286649218978,-0.19368027081340086,0.0692820323027559,0.2465984809580359,-0.8875322882720493,-0.3291655432314426,0.5405377599750526,-0.7266226911401854,1.4482439726069483,-0.5755115693951635,-0.5595719370593745,1.6803094590682988
1.7567217512889395,-1.387061754762512,-0.7525867093502262,-0.20679364850592954,1.0576003884415064,1.7805634258626197,-0.8546207383765094,1.8848313433029775,-0.6091671364084753,0.09249521603485313,0.0692820323027559,0.2465984809580359,-0.26720699091482264,-1.0637928484018724,0.5405377599750526,-0.7266226911401854,-0.690491394346993,-0.5755115693951635,-0.5595719370593745,1.6803094590682988
-0.9782987082357041,-0.4313965480801688,-0.8812503536710816,-0.20679364850592954,0.2817872484195783,-0.9775770479682285,-0.30946906371886795,0.4129050217349737,-0.41463016124217866,-0.23973214254869482,0.0692820323027559,0.2465984809580359,5.345857166518159,-0.6556665677516337,0.5405377599750526,-0.7266226911401854,1.4482439726069483,1.7375845303178776,-0.5595719370593745,-0.5951284714867237
-0.4099302667145869,-1.443277355155591,0.7627851015398482,-0.20679364850592954,-1.2797052784443064,-0.40440400381483427,-0.8546207383765094,-0.07773708545436095,0.7525916897556012,-0.16819111812458132,0.0692820323027559,0.2465984809580359,-0.26720699091482264,0.32383650580893947,0.5405377599750526,-0.7266226911401854,1.4482439726069483,-0.5755115693951635,-0.5595719370593745,1.6803094590682988
0.017699322620348918,-0.3751809476870898,-0.4523715392682303,3.1124756489183216,0.8894716455283662,0.026840477024386186,0.23568261093877343,0.4129050217349737,-0.41463016124217866,-0.03464533673984268,0.0692820323027559,0.2465984809580359,-0.010268658917479833,1.0584638109793694,0.5405377599750526,-0.7266226911401854,-0.690491394346993,1.7375845303178776,-0.5595719370593745,-0.5951284714867237
1.0879723854967625,-1.0497681524040379,0.2910184056967119,-0.20679364850592954,-1.2562780702336502,1.1061609049539847,-0.30946906371886795,0.9035471289243083,-1.387315037073662,0.012032908663293705,0.0692820323027559,0.2465984809580359,-0.26720699091482264,-1.3902938729220635,0.5405377599750526,-0.7266226911401854,1.4482439726069483,-0.5755115693951635,-0.5595719370593745,1.6803094590682988
0.24432724550535148,0.5242686586021743,-1.5102726147952634,-0.20679364850592954,-1.0985668327336542,0.25538415918681573,0.7808342855964149,0.4129050217349737,-1.5818520122399586,-0.16861751921248241,0.0692820323027559,0.2465984809580359,-0.4157992623012743,1.6298406038897038,0.5405377599750526,1.37623007400284,-0.690491394346993,-0.5755115693951635,-0.5595719370593745,-0.5951284714867237
-0.38235120731588285,-0.20653414650785276,-0.9527301560715568,-0.20679364850592954,-1.2081160171496002,-0.40072211936981444,1.3259859602540562,0.4129050217349737,3.6706463172500507,-0.1955750316835216,0.0692820323027559,0.2465984809580359,-0.1402127781287362,-0.5740413116215859,-1.8500095165343355,1.37623007400284,-0.690491394346993,1.7375845303178776,-0.5595719370593745,-0.5951284714867237
-0.8842900883722956,0.6366998593883324,-1.1671695632729824,-0.20679364850592954,0.1987625763095578,-0.8827737427749246,-0.8546207383765094,0.9035471289243083,-0.6091671364084753,-0.22923008000582556,0.0692820323027559,0.2465984809580359,-0.4168517414780937,0.6503375303291306,0.5405377599750526,-0.7266226911401854,-0.690491394346993,-0.5755115693951635,1.7870803265351975,-0.5951284714867237
-0.824815247234221,0.018328255064463266,0.9343366273009888,-0.20679364850592954,0.734193637818445,-0.8227961415301811,-1.399772413034151,0.4129050217349737,0.7525916897556012,-0.21868196586187238,0.0692820323027559,0.2465984809580359,0.6084112132478179,0.9768385548493216,0.5405377599750526,-0.7266226911401854,-0.690491394346993,1.7375845303178776,-0.5595719370593745,-0.5951284714867237
-0.07442501368165733,-1.105983752797117,-0.1092684877459493,-0.20679364850592954,-0.8760455326375374,-0.06606261614791499,-0.30946906371886795,-0.5683791926436955,0.3635177394230079,-0.10909478949858545,0.0692820323027559,0.2465984809580359,-0.8001913402464135,1.4665900916296082,0.5405377599750526,-0.7266226911401854,-0.690491394346993,-0.5755115693951635,-0.5595719370593745,1.6803094590682988
-0.6846930696681348,-0.20653414650785276,0.24813052425642676,-0.20679364850592954,-0.25657189361645893,-0.694170236148516,1.3259859602540562,0.4129050217349737,-0.025556210909585365,-0.1953016735940948,0.0692820323027559,0.2465984809580359,-0.951970696464079,-0.0842897748412993,-1.8500095165343355,-0.7266226911401854,1.4482439726069483,1.7375845303178776,-0.5595719370593745,-0.5951284714867237
-0.26309318772968576,-0.7686901504386429,-1.3101291680739329,-0.20679364850592954,0.774584226736303,-0.25632566341450586,-0.30946906371886795,-0.07773708545436095,-0.22009318607588202,-0.12694059689897083,0.0692820323027559,0.2465984809580359,-1.0554694234014497,-0.4107907993614904,0.5405377599750526,-0.7266226911401854,1.4482439726069483,1.7375845303178776,-0.5595719370593745,-0.5951284714867237
1.0013981207756135,0.6366998593883324,1.33462352074365,3.1124756489183216,1.10003704413753,1.0188547999162736,-1.9449240876917921,-0.5683791926436955,1.3362026152544912,0.06684070056005433,0.0692820323027559,0.2465984809580359,-0.16265578480063242,-0.3291655432314426,0.5405377599750526,1.37623007400284,-0.690491394346993,1.7375845303178776,-0.5595719370593745,-0.5951284714867237
-0.4194887233260632,-0.9935525520109589,-1.2529453261535526,-0.20679364850592954,-0.87218159449882,-0.41404326115773943,-1.9449240876917921,-0.5683791926436955,-0.41463016124217866,-0.16332417195997587,0.0692820323027559,0.2465984809580359,-0.6724855922421956,-0.8189170800117291,0.5405377599750526,-0.7266226911401854,-0.690491394346993,-0.5755115693951635,-0.5595719370593745,1.6803094590682988
0.009853851064692875,1.5923650660706756,-0.2808200135070898,-0.20679364850592954,0.7105690021116501,0.01892868515512005,-0.8546207383765094,-0.07773708545436095,1.3362026152544912,-0.10239739179413326,0.0692820323027559,-4.0551750201988135,-1.0152676835770227,-0.3291655432314426,0.5405377599750526,1.37623007400284,-0.690491394346993,-0.5755115693951635,1.7870803265351975,-0.5951284714867237
0.034178238857338526,-0.6562589496524849,2.363932675310493,-0.20679364850592954,0.049597128999571236,0.04345869488079262,-0.30946906371886795,-1.5496634070223647,-0.41463016124217866,-0.11475705611343764,0.0692820323027559,0.2465984809580359,-0.26720699091482264,-0.8189170800117291,0.5405377599750526,1.37623007400284,-0.690491394346993,-0.5755115693951635,-0.5595719370593745,-0.5951284714867237
-0.92348318644946,0.6929154597814113,0.37679416857728215,6.431744946342572,1.5597379949197085,-0.922298152811783,0.7808342855964149,-1.5496634070223647,-0.9982410867410686,-0.23045326249190004,0.0692820323027559,0.2465984809580359,-0.30972122019817694,-0.0842897748412993,0.5405377599750526,-0.7266226911401854,-0.690491394346993,-0.5755115693951635,-0.5595719370593745,-0.5951284714867237
-0.3525795270457291,-0.7124745500455638,0.648417417699088,-0.20679364850592954,2.4049943337133795,-0.34656845975740314,-0.30946906371886795,-1.5496634070223647,0.9471286649218978,-0.10046761236806245,0.0692820323027559,0.2465984809580359,0.3515618231527415,0.07896073741879621,0.5405377599750526,-0.7266226911401854,1.4482439726069483,-0.5755115693951635,-0.5595719370593745,-0.5951284714867237
-0.6248071121166633,-0.9935525520109589,-0.16645232966632947,-0.20679364850592954,-1.0789548467860446,-0.6210972728281007,-0.8546207383765094,0.4129050217349737,-0.9982410867410686,-0.16227815053313763,0.0692820323027559,0.2465984809580359,3.767494168898066,1.3033395793695126,0.5405377599750526,1.37623007400284,-0.690491394346993,1.7375845303178776,-0.5595719370593745,-0.5951284714867237
2.397412421866782,-1.218414953583275,0.3624982080971871,-0.20679364850592954,-1.0174472077617005,2.4266700623130495,-1.399772413034151,0.9035471289243083,-0.41463016124217866,0.5099718522642703,0.0692820323027559,0.2465984809580359,-0.7998800435884811,-0.6556665677516337,0.5405377599750526,-0.7266226911401854,-0.690491394346993,-0.5755115693951635,-0.5595719370593745,1.6803094590682988
-0.32068374530635835,0.41183745781601633,1.36321544170384,-0.20679364850592954,-0.07025161713052636,-0.3144030526382464,-0.30946906371886795,-0.07773708545436095,-0.41463016124217866,-0.15745319237135838,0.0692820323027559,0.2465984809580359,-0.26720699091482264,0.7319627864591783,0.5405377599750526,-0.7266226911401854,1.4482439726069483,-0.5755115693951635,1.7870803265351975,-0.5951284714867237
0.49219618308252333,0.7491310601744904,-0.46666749974832533,6.431744946342572,2.2026285861776174,0.44809941910156414,-0.8546207383765094,-0.5683791926436955,0.16898076425671127,0.021492560610049595,0.0692820323027559,0.2465984809580359,-0.2891459934738758,1.5482153477596559,-1.8500095165343355,1.37623007400284,-0.690491394346993,-0.5755115693951635,-0.5595719370593745,-0.5951284714867237
2.6774512187922554,0.4680530582090954,1.30603159978346,-0.20679364850592954,-0.788682583599375,2.70907611794354,2.416289309569339,-1.0590212998330302,0.5580547145893046,0.16517558698310272,0.0692820323027559,0.2465984809580359,0.3308087126239073,-0.16591503097134708,0.5405377599750526,-0.7266226911401854,1.4482439726069483,1.7375845303178776,-0.5595719370593745,-0.5951284714867237
-0.029270727610238818,1.7047962668568335,-0.052084645825569126,-0.20679364850592954,0.14593918312186596,-0.020526626262792988,0.7808342855964149,0.4129050217349737,0.7525916897556012,-0.1803899542940543,0.0692820323027559,0.2465984809580359,-0.3516573271167994,0.48708701806903504,0.5405377599750526,-0.7266226911401854,-0.690491394346993,-0.5755115693951635,1.7870803265351975,-0.5951284714867237
-0.0294077664147045,1.1988558633191224,-0.33800385542746997,-0.20679364850592954,-0.22769363531760578,-0.02066482350068417,1.3259859602540562,-0.5683791926436955,-0.41463016124217866,-0.17172157312783984,0.0692820323027559,0.2465984809580359,0.606647198852867,0.24221124967889174,0.5405377599750526,-0.7266226911401854,1.4482439726069483,-0.5755115693951635,1.7870803265351975,-0.5951284714867237
-0.9816561589451116,-0.6000433492594058,-1.5245685752753584,3.1124756489183216,-0.5979471103816104,-0.9809628802965609,-0.30946906371886795,-0.5683791926436955,-0.6091671364084753,-0.23861824209520366,0.0692820323027559,0.2465984809580359,0.28875401650226296,-1.1454181045319203,0.5405377599750526,-0.7266226911401854,-0.690491394346993,1.7375845303178776,-0.5595719370593745,-0.5951284714867237
-0.9468825623119631,0.5804842589952534,-1.1814655237530776,-0.20679364850592954,1.1438274883785062,-0.9458953311816908,-1.399772413034151,0.4129050217349737,-0.9982410867410686,-0.23484998043617836,0.0692820323027559,0.2465984809580359,-0.39694357902079075,0.40546176193898725,0.5405377599750526,-0.7266226911401854,1.4482439726069483,1.7375845303178776,-0.5595719370593745,-0.5951284714867237
-0.41928316511936475,1.3675026644983594,-0.7239947883900362,-0.20679364850592954,0.23710197046233678,-0.43656767969700316,0.23568261093877343,-0.5683791926436955,-0.41463016124217866,-0.17766104050360534,0.0692820323027559,0.2465984809580359,-0.7348783366820973,0.16058599354884398,-1.8500095165343355,-0.7266226911401854,-0.690491394346993,-0.5755115693951635,-0.5595719370593745,-0.5951284714867237
-0.6224089330385151,0.4680530582090954,-0.8955463141511766,-0.20679364850592954,-0.31207209597257846,-0.6186788211650062,0.23568261093877343,-1.5496634070223647,0.16898076425671127,-0.19375603771056554,0.0692820323027559,0.2465984809580359,-0.26720699091482264,0.9768385548493216,0.5405377599750526,-0.7266226911401854,-0.690491394346993,-0.5755115693951635,1.7870803265351975,-0.5951284714867237
0.17508838954910194,1.3675026644983594,0.41968205001756725,-0.20679364850592954,-0.6842588221026699,0.1403197285742369,-0.30946906371886795,-1.0590212998330302,-0.22009318607588202,0.12423737305510286,0.0692820323027559,0.2465984809580359,1.1401207286469235,-0.5740413116215859,-1.8500095165343355,1.37623007400284,-0.690491394346993,-0.5755115693951635,1.7870803265351975,-0.5951284714867237
-0.6281988225271871,0.6366998593883324,-0.7954745907905113,-0.20679364850592954,1.1305716422091843,-0.6245176544659056,-0.8546207383765094,1.394189236113643,-0.803704111574772,-0.1817480154982554,0.0692820323027559,0.2465984809580359,-0.3311117476932537,-0.9821675922718247,0.5405377599750526,-0.7266226911401854,-0.690491394346993,-0.5755115693951635,-0.5595719370593745,-0.5951284714867237
0.7182759507496634,1.5923650660706756,0.333906287136997,-0.20679364850592954,0.05570712540604968,0.7333393064332326,-0.30946906371886795,0.4129050217349737,-0.9982410867410686,0.07812916377115779,0.0692820323027559,0.2465984809580359,1.9950747641829962,1.7114658600197514,0.5405377599750526,1.37623007400284,-0.690491394346993,-0.5755115693951635,1.7870803265351975,-0.5951284714867237
-0.9605864427585241,-1.218414953583275,1.4203992836242203,-0.20679364850592954,-1.0769139079947911,-0.9597150549708022,0.23568261093877343,-1.0590212998330302,0.9471286649218978,-0.2338316436748767,0.0692820323027559,0.2465984809580359,0.09543879192617415,0.6503375303291306,0.5405377599750526,-0.7266226911401854,1.4482439726069483,-0.5755115693951635,-0.5595719370593745,1.6803094590682988
-0.7656487434061938,-1.274630553976354,-1.009913997991937,-0.20679364850592954,-0.9887791969262679,-0.7631294840706928,0.23568261093877343,-0.5683791926436955,-0.025556210909585365,-0.2109903054933775,0.0692820323027559,0.2465984809580359,-0.26720699091482264,1.3849648354995603,0.5405377599750526,1.37623007400284,-0.690491394346993,-0.5755115693951635,-0.5595719370593745,1.6803094590682988
0.9840284523095977,-0.09410294572169475,-0.15215636918623443,-0.20679364850592954,1.7837182072924878,0.9254638570024187,-0.30946906371886795,-0.07773708545436095,0.16898076425671127,0.7180103403451055,0.0692820323027559,0.2465984809580359,0.8426841838175984,0.40546176193898725,-1.8500095165343355,-0.7266226911401854,1.4482439726069483,-0.5755115693951635,-0.5595719370593745,-0.5951284714867237
1.3711630749249457,-0.03788734532861574,0.47686589193794743,-0.20679364850592954,0.4383652008118683,1.3917454970559713,0.7808342855964149,-0.07773708545436095,-0.803704111574772,0.01600789283474101,0.0692820323027559,0.2465984809580359,-0.22472240893222387,0.48708701806903504,0.5405377599750526,-0.7266226911401854,1.4482439726069483,1.7375845303178776,-0.5595719370593745,-0.5951284714867237
1.6397248719764248,1.8734430680360705,-0.29511597398718487,-0.20679364850592954,-0.056006069487054236,1.561872186410642,-1.399772413034151,-0.07773708545436095,-0.22009318607588202,0.06640337743296833,0.0692820323027559,0.2465984809580359,-0.26720699091482264,0.9768385548493216,-1.8500095165343355,-0.7266226911401854,1.4482439726069483,-0.5755115693951635,1.7870803265351975,-0.5951284714867237
-0.3694010402938827,0.7491310601744904,-1.367313009994313,-0.20679364850592954,0.373332070785045,-0.3635321707085373,0.7808342855964149,0.4129050217349737,-0.025556210909585365,-0.21181047289000826,0.0692820323027559,-4.0551750201988135,-0.9941588054391228,0.9768385548493216,0.5405377599750526,1.37623007400284,-0.690491394346993,1.7375845303178776,-0.5595719370593745,-0.5951284714867237
-0.9294101147425978,1.8172274676429916,0.6198254967388979,-0.20679364850592954,0.5080442869815951,-0.9316886382052034,-1.399772413034151,-0.07773708545436095,1.3362026152544912,-0.2349150179948705,0.0692820323027559,0.2465984809580359,2.422648135678488,-1.553544385182159,-1.8500095165343355,-0.7266226911401854,1.4482439726069483,-0.5755115693951635,1.7870803265351975,-0.5951284714867237
0.04281168353867189,-0.4876121484732478,0.662713378179183,-0.20679364850592954,1.2430745470868438,0.05216512086793273,-0.30946906371886795,0.4129050217349737,1.1416656400881946,-0.1275420945401289,0.0692820323027559,0.2465984809580359,1.141603093684697,-0.8189170800117291,0.5405377599750526,1.37623007400284,-0.690491394346993,-0.5755115693951635,-0.5595719370593745,-0.5951284714867237
-0.04352276327466234,0.4680530582090954,-0.06638060630566417,-0.20679364850592954,1.185666733599201,-0.0348991390034689,0.7808342855964149,-0.5683791926436955,0.5580547145893046,-0.13514375962461259,0.0692820323027559,0.2465984809580359,-0.5866418329047114,-1.6351696413122068,0.5405377599750526,-0.7266226911401854,1.4482439726069483,-0.5755115693951635,-0.5595719370593745,-0.5951284714867237
0.4608142968598988,0.2431906566367793,1.7206144537062162,-0.20679364850592954,-0.7691987973245827,0.47370124574530265,1.3259859602540562,0.9035471289243083,-0.025556210909585365,-0.06342523676415333,0.0692820323027559,0.2465984809580359,-0.26720699091482264,1.3033395793695126,0.5405377599750526,-0.7266226911401854,-0.690491394346993,1.7375845303178776,-0.5595719370593745,-0.5951284714867237
-0.9312601386028836,0.018328255064463266,2.249564991469733,-0.20679364850592954,1.7013294055596415,-0.9334842414126879,-1.399772413034151,-1.0590212998330302,-0.22009318607588202,-0.23428687431410997,0.0692820323027559,0.2465984809580359,1.4409815367135055,1.221714323239465,-1.8500095165343355,-0.7266226911401854,1.4482439726069483,-0.5755115693951635,-0.5595719370593745,-0.5951284714867237
1.391958713502602,0.07454385545754227,-0.8240665117507014,-0.20679364850592954,-0.39245329082910385,1.4127169279059477,-0.8546207383765094,-1.0590212998330302,0.16898076425671127,0.1323258810521519,0.0692820323027559,0.2465984809580359,0.3298007043982212,1.140089067109417,0.5405377599750526,-0.7266226911401854,1.4482439726069483,1.7375845303178776,-0.5595719370593745,-0.5951284714867237
-0.8328320172954592,0.6929154597814113,0.39109012905737717,-0.20679364850592954,-0.8715226481805385,-0.8379515003922674,0.23568261093877343,-0.07773708545436095,-1.5818520122399586,-0.22442589517353667,0.0692820323027559,0.2465984809580359,0.20246554765344668,0.7319627864591783,-1.8500095165343355,1.37623007400284,-0.690491394346993,-0.5755115693951635,1.7870803265351975,-0.5951284714867237
-0.6964784068521772,0.6929154597814113,-0.8955463141511766,-0.20679364850592954,1.5318955899772202,-0.6933744282451532,-0.8546207383765094,-0.07773708545436095,0.5580547145893046,-0.20382786173794956,0.0692820323027559,0.2465984809580359,-0.3946755605129968,0.813588042589226,0.5405377599750526,1.37623007400284,-0.690491394346993,-0.5755115693951635,-0.5595719370593745,-0.5951284714867237
-0.8888808883218937,0.2994062570298583,0.648417417699088,-0.20679364850592954,1.2218882691570363,-0.8874033502442769,-0.8546207383765094,-0.07773708545436095,-2.1654629377388486,-0.22581729932613873,0.0692820323027559,0.2465984809580359,-0.26720699091482264,0.8952132987192738,0.5405377599750526,1.37623007400284,-0.690491394346993,1.7375845303178776,-0.5595719370593745,-0.5951284714867237
-0.7897675729921413,-1.162199353190196,-0.9098422746312717,-0.20679364850592954,-1.055002019916837,-0.7961538479513806,1.3259859602540562,-0.07773708545436095,-0.025556210909585365,-0.027708388700928024,0.0692820323027559,0.2465984809580359,0.15964002171216002,-0.0842897748412993,-1.8500095165343355,-0.7266226911401854,-0.690491394346993,-0.5755115693951635,-0.5595719370593745,1.6803094590682988
-0.19351173476227232,-0.8249057508317219,-0.9241382351113667,-0.20679364850592954,1.8642147818545485,-0.18615601587529282,1.3259859602540562,0.4129050217349737,-0.9982410867410686,0.31578812112301347,0.0692820323027559,0.2465984809580359,-0.8648372795437316,-1.0637928484018724,0.5405377599750526,1.37623007400284,-0.690491394346993,-0.5755115693951635,-0.5595719370593745,-0.5951284714867237
-0.9996425020312228,-1.105983752797117,1.4632871650645054,-0.20679364850592954,-0.9803051985530362,-0.9991012677697696,-0.30946906371886795,0.4129050217349737,0.5580547145893046,-0.2354189142484322,0.0692820323027559,0.2465984809580359,-0.9496582070051516,-0.4924160554915381,0.5405377599750526,-0.7266226911401854,-0.690491394346993,-0.5755115693951635,-0.5595719370593745,1.6803094590682988
0.5077158276882537,0.41183745781601633,0.5912335757787078,-0.20679364850592954,-1.1272117676279796,0.5209992504135363,-0.8546207383765094,1.394189236113643,0.16898076425671127,0.3742178505170964,0.0692820323027559,0.2465984809580359,-0.8013031140247439,-0.16591503097134708,0.5405377599750526,-0.7266226911401854,-0.690491394346993,-0.5755115693951635,-0.5595719370593745,-0.5951284714867237
-0.9619910905042965,0.2431906566367793,-0.36659577638766006,-0.20679364850592954,1.7262770618899121,-0.961131576659186,-0.8546207383765094,0.9035471289243083,-0.22009318607588202,-0.22873783990597044,0.0692820323027559,0.2465984809580359,1.9523233564935982,1.221714323239465,0.5405377599750526,-0.7266226911401854,-0.690491394346993,-0.5755115693951635,-0.5595719370593745,-0.5951284714867237
0.8505869164612098,-0.9935525520109589,-1.1242816818326973,-0.20679364850592954,-0.06520055002151987,0.8667687396171029,-0.8546207383765094,-1.0590212998330302,3.6706463172500507,-0.016528737226948868,0.0692820323027559,0.2465984809580359,-0.26720699091482264,0.24221124967889174,0.5405377599750526,1.37623007400284,-0.690491394346993,1.7375845303178776,-0.5595719370593745,-0.5951284714867237
-0.09206875975660452,-0.3751809476870898,-1.1814655237530776,-0.20679364850592954,0.3610531061225922,-0.08385551052639581,0.23568261093877343,-0.07773708545436095,-1.387315037073662,-0.1812338319595926,0.0692820323027559,0.2465984809580359,0.6939733232281251,-0.0842897748412993,0.5405377599750526,1.37623007400284,-0.690491394346993,-0.5755115693951635,-0.5595719370593745,-0.5951284714867237
-0.6513583804818752,1.2550714637122016,0.34820224761709206,-0.20679364850592954,0.6161781470096365,-0.6478729876695039,0.23568261093877343,-0.5683791926436955,-0.6091671364084753,-0.20953251177945484,0.0692820323027559,0.2465984809580359,-0.7581514677751469,-1.553544385182159,0.5405377599750526,-0.7266226911401854,1.4482439726069483,-0.5755115693951635,1.7870803265351975,-0.5951284714867237
-0.8280699188402793,1.5361494656775965,0.4339780104976623,-0.20679364850592954,-0.3652800881787225,-0.8260783259300952,-0.30946906371886795,-0.07773708545436095,3.6706463172500507,-0.2194751448840826,0.0692820323027559,0.2465984809580359,1.6103862132303022,-0.5740413116215859,0.5405377599750526,-0.7266226911401854,1.4482439726069483,-0.5755115693951635,1.7870803265351975,-0.5951284714867237
-0.8094326414329563,-0.9935525520109589,0.13376284041566644,-0.20679364850592954,0.62128049398777,-0.8072835015769038,-0.8546207383765094,-0.5683791926436955,0.16898076425671127,-0.21109834206677563,0.0692820323027559,0.2465984809580359,-0.37288479445772105,0.9768385548493216,0.5405377599750526,-0.7266226911401854,-0.690491394346993,1.7375845303178776,-0.5595719370593745,-0.5951284714867237
-1.0020064214082547,-0.6000433492594058,-0.42377961830804023,-0.20679364850592954,-0.46697832463132916,-1.0014851701233913,-0.30946906371886795,0.4129050217349737,0.9471286649218978,-0.23854930629175208,0.0692820323027559,0.2465984809580359,-0.6108636776219363,0.48708701806903504,0.5405377599750526,1.37623007400284,-0.690491394346993,1.7375845303178776,-0.5595719370593745,-0.5951284714867237
0.0318828388825395,0.07454385545754227,-0.9813220770317469,-0.20679364850592954,1.1034856153363188,0.04114389114611641,0.23568261093877343,-0.07773708545436095,0.3635177394230079,-0.027559252236296482,0.0692820323027559,0.2465984809580359,-0.0749442455155531,-1.1454181045319203,0.5405377599750526,-0.7266226911401854,1.4482439726069483,1.7375845303178776,-0.5595719370593745,-0.5951284714867237
0.0939956770065772,0.8615622609606484,-0.19504425062651956,-0.20679364850592954,2.155666482031138,0.10378178922026372,-1.399772413034151,1.394189236113643,-0.803704111574772,-0.10755996652989551,0.0692820323027559,0.2465984809580359,-0.26720699091482264,-0.3291655432314426,0.5405377599750526,1.37623007400284,-0.690491394346993,-0.5755115693951635,-0.5595719370593745,-0.5951284714867237
2.1410813381138585,1.0302090621398854,-0.46666749974832533,-0.20679364850592954,-0.10216564368169614,2.168172128837721,-0.8546207383765094,-0.07773708545436095,0.9471286649218978,0.10359564554394182,0.0692820323027559,0.2465984809580359,-0.8442175818682971,-0.8189170800117291,0.5405377599750526,-0.7266226911401854,-0.690491394346993,-0.5755115693951635,1.7870803265351975,-0.5951284714867237
-0.11735241918050973,1.0864246625329645,-0.9241382351113667,-0.20679364850592954,-0.6931199834878102,-0.10935290091730648,-1.399772413034151,-1.0590212998330302,0.16898076425671127,-0.19020535285564688,0.0692820323027559,0.2465984809580359,-0.15961693647319594,-0.9005423361417769,0.5405377599750526,-0.7266226911401854,-0.690491394346993,-0.5755115693951635,1.7870803265351975,-0.5951284714867237
-1.0184510779441278,-0.31896534729401077,0.23383456377633172,-0.20679364850592954,0.5241512938743763,-1.018068838670325,1.8711376349116977,2.3754734504923123,0.16898076425671127,-0.24146151752876033,0.0692820323027559,0.2465984809580359,2.0806813451144364,-1.3902938729220635,0.5405377599750526,-0.7266226911401854,-0.690491394346993,1.7375845303178776,-0.5595719370593745,-0.5951284714867237
-0.3833104789471421,0.1869750562437003,1.063000271621844,-0.20679364850592954,-0.6241767634400556,-0.3775591903544854,-0.30946906371886795,0.9035471289243083,0.16898076425671127,-0.18176872231766478,0.0692820323027559,0.2465984809580359,-1.0371770388353203,1.6298406038897038,0.5405377599750526,1.37623007400284,-0.690491394346993,1.7375845303178776,-0.5595719370593745,-0.5951284714867237
0.26673309003547857,-1.443277355155591,-1.2529453261535526,-0.20679364850592954,-0.9761310172061008,0.27797940758201267,1.3259859602540562,-0.07773708545436095,1.1416656400881946,-0.10702248777856117,0.0692820323027559,0.2465984809580359,1.4631428940282245,-0.6556665677516337,0.5405377599750526,1.37623007400284,-0.690491394346993,-0.5755115693951635,-0.5595719370593745,1.6803094590682988
1.0018092371890104,-0.8811213512248008,0.2910184056967119,3.1124756489183216,1.1992917948262367,1.0192693916299467,0.23568261093877343,0.4129050217349737,-0.41463016124217866,0.0016659669092223875,0.0692820323027559,0.2465984809580359,-0.26720699091482264,1.3849648354995603,0.5405377599750526,-0.7266226911401854,1.4482439726069483,-0.5755115693951635,-0.5595719370593745,-0.5951284714867237
-0.7703080627580247,1.0864246625329645,-1.4959766543151685,-0.20679364850592954,1.7764595418175653,-0.7678281901589907,1.8711376349116977,-1.5496634070223647,-0.22009318607588202,-0.226545538946249,0.0692820323027559,0.2465984809580359,0.6929949623031942,0.813588042589226,0.5405377599750526,-0.7266226911401854,-0.690491394346993,-0.5755115693951635,-0.5595719370593745,-0.5951284714867237
-0.4442584872332222,-0.2627497469009318,0.23383456377633172,1.452841000206196,2.360778266558649,-0.43902241190655833,0.7808342855964149,-0.5683791926436955,-0.41463016124217866,-0.17992214667349,0.0692820323027559,0.2465984809580359,0.09672844950903745,0.07896073741879621,0.5405377599750526,-0.7266226911401854,-0.690491394346993,-0.5755115693951635,-0.5595719370593745,-0.5951284714867237
2.013566730558609,0.1307594558506213,-0.8669543931909865,-0.20679364850592954,0.6794216096039285,1.9247170419674908,1.8711376349116977,-1.0590212998330302,0.9471286649218978,0.1472506915340662,-14.433756729740645,0.2465984809580359,0.11752603098900458,0.9768385548493216,-1.8500095165343355,-0.7266226911401854,-0.690491394346993,1.7375845303178776,-0.5595719370593745,-0.5951284714867237
-0.6302201448930549,0.9739934617468065,-1.2529453261535526,-0.20679364850592954,0.4001693902926447,-0.6265560637247998,-0.30946906371886795,0.4129050217349737,0.9471286649218978,-0.20932859236663293,0.0692820323027559,0.2465984809580359,0.24354188285016035,-0.8189170800117291,0.5405377599750526,-0.7266226911401854,1.4482439726069483,-0.5755115693951635,1.7870803265351975,-0.5951284714867237
0.13048225869554597,-1.162199353190196,0.319610326656902,-0.20679364850592954,-1.0064579318077909,0.14057680380877285,-0.8546207383765094,-0.5683791926436955,0.5580547145893046,-0.10316998920660089,0.0692820323027559,0.2465984809580359,-0.26720699091482264,1.5482153477596559,0.5405377599750526,-0.7266226911401854,1.4482439726069483,-0.5755115693951635,-0.5595719370593745,1.6803094590682988
0.017253946505835702,-0.9935525520109589,-1.5674564567156437,-0.20679364850592954,-0.5930575748603537,-0.012871826553182694,1.3259859602540562,-1.0590212998330302,0.16898076425671127,-0.12147779571552875,0.0692820323027559,0.2465984809580359,-0.26720699091482264,1.3849648354995603,-1.8500095165343355,1.37623007400284,-0.690491394346993,1.7375845303178776,-0.5595719370593745,-0.5951284714867237
-0.6798281921096057,1.9296586684291497,1.1773679554626044,-0.20679364850592954,-0.6427221281098242,-0.6765834638413828,1.8711376349116977,-0.5683791926436955,-0.9982410867410686,-0.20169629792887936,0.0692820323027559,0.2465984809580359,-1.0994363704218224,1.3033395793695126,0.5405377599750526,-0.7266226911401854,1.4482439726069483,-0.5755115693951635,1.7870803265351975,-0.5951284714867237
-0.596953975109028,-0.7686901504386429,-1.5674564567156437,-0.20679364850592954,0.44558540638494565,-0.6090120914380056,-0.8546207383765094,-0.07773708545436095,1.1416656400881946,-0.16687811466252195,0.0692820323027559,0.2465984809580359,2.4000420688524366,-1.4719191290521112,-1.8500095165343355,-0.7266226911401854,1.4482439726069483,-0.5755115693951635,-0.5595719370593745,-0.5951284714867237
-0.0641128436456202,1.0864246625329645,0.8485608644204186,1.452841000206196,-0.9692441307823487,-0.05566327399660871,-0.8546207383765094,0.9035471289243083,1.1416656400881946,-0.04781392598526667,0.0692820323027559,0.2465984809580359,-0.054042898482941706,-0.24754028710139483,0.5405377599750526,1.37623007400284,-0.690491394346993,-0.5755115693951635,-0.5595719370593745,-0.5951284714867237
-0.2243112060659182,-0.4313965480801688,-0.9813220770317469,-0.20679364850592954,0.4039743565818659,-0.21721584509132066,1.3259859602540562,-0.07773708545436095,1.5307395904207879,-0.1011192477899828,0.0692820323027559,0.2465984809580359,0.8218124840857425,0.6503375303291306,0.5405377599750526,-0.7266226911401854,-0.690491394346993,1.7375845303178776,-0.5595719370593745,-0.5951284714867237
0.1800217865098639,1.7047962668568335,-1.1671695632729824,-0.20679364850592954,-0.695112206403393,0.1451080037941953,-0.30946906371886795,-0.07773708545436095,-0.025556210909585365,-0.10262937615328986,0.0692820323027559,0.2465984809580359,-0.26720699091482264,-0.0842897748412993,-1.8500095165343355,-0.7266226911401854,1.4482439726069483,-0.5755115693951635,1.7870803265351975,-0.5951284714867237
2.9243608847381686,1.1426402629260435,-0.20934021110661458,-0.20679364850592954,-1.0292492696412727,2.9580729913138546,-0.8546207383765094,0.9035471289243083,-0.6091671364084753,0.158243299666743,0.0692820323027559,0.2465984809580359,2.186151617552046,-0.24754028710139483,0.5405377599750526,-0.7266226911401854,-0.690491394346993,-0.5755115693951635,-0.5595719370593745,-0.5951284714867237
-0.2209537553565108,-0.15031854611477377,-1.1814655237530776,-0.20679364850592954,0.6037940586154732,-0.24407236547242492,-0.8546207383765094,-1.0590212998330302,-0.025556210909585365,-0.14906210664296446,0.0692820323027559,0.2465984809580359,-0.26720699091482264,0.40546176193898725,-1.8500095165343355,1.37623007400284,-0.690491394346993,-0.5755115693951635,-0.5595719370593745,-0.5951284714867237
-0.5209316983317309,-1.330846154369433,-0.33800385542746997,-0.20679364850592954,-0.8162070533532761,-0.5163437665066365,-1.399772413034151,-2.0403055142116995,1.3362026152544912,-0.16561777884002685,0.0692820323027559,0.2465984809580359,-0.13999042337307013,0.9768385548493216,0.5405377599750526,-0.7266226911401854,1.4482439726069483,-0.5755115693951635,-0.5595719370593745,1.6803094590682988
-0.9328018251531216,-1.443277355155591,-1.353017049514218,-0.20679364850592954,-0.8902090324904064,-0.9316955649883788,1.3259859602540562,2.3754734504923123,-0.41463016124217866,-0.2252762126885842,0.0692820323027559,0.2465984809580359,-0.9921872599388838,0.5687122741990828,0.5405377599750526,-0.7266226911401854,-0.690491394346993,-0.5755115693951635,-0.5595719370593745,1.6803094590682988
-0.6333720373957639,-0.7686901504386429,-1.4673847333549783,-0.20679364850592954,1.1578217646632563,-0.6297346001962952,1.8711376349116977,-0.5683791926436955,1.3362026152544912,-0.13974864364726677,0.0692820323027559,0.2465984809580359,-0.6740865464829914,1.7114658600197514,0.5405377599750526,1.37623007400284,-0.690491394346993,-0.5755115693951635,-0.5595719370593745,-0.5951284714867237
-0.08436032700541396,1.3112870641052805,0.7770810620199433,-0.20679364850592954,0.6915108387506118,-0.07608191589502065,0.7808342855964149,-1.5496634070223647,0.16898076425671127,0.015426871612766629,0.0692820323027559,0.2465984809580359,-0.6497312889123669,-1.3902938729220635,0.5405377599750526,-0.7266226911401854,1.4482439726069483,-0.5755115693951635,1.7870803265351975,-0.5951284714867237
-0.29543434558356974,0.1307594558506213,1.063000271621844,-0.20679364850592954,-0.09075587280094534,-0.28894021155680866,0.7808342855964149,-1.5496634070223647,-0.803704111574772,-0.07880414882797744,0.0692820323027559,0.2465984809580359,2.1006191548724953,1.3033395793695126,0.5405377599750526,1.37623007400284,-0.690491394346993,1.7375845303178776,-0.5595719370593745,-0.5951284714867237
-0.6335775956024623,-0.8811213512248008,0.8056729829801335,3.1124756489183216,-1.092600419960731,-0.629941896053132,1.8711376349116977,0.9035471289243083,-0.41463016124217866,-0.15942719989206047,-14.433756729740645,0.2465984809580359,-1.0151046234228676,0.7319627864591783,0.5405377599750526,-0.7266226911401854,1.4482439726069483,1.7375845303178776,-0.5595719370593745,-0.5951284714867237
0.489352627889862,1.8734430680360705,-1.3816089704744081,-0.20679364850592954,0.0022914497299414854,0.5024808205361271,0.23568261093877343,1.394189236113643,1.1416656400881946,0.09508146113183473,0.0692820323027559,0.2465984809580359,-1.0347756074741266,-1.1454181045319203,0.5405377599750526,1.37623007400284,-0.690491394346993,-0.5755115693951635,1.7870803265351975,-0.5951284714867237
-0.3733751656233854,1.2550714637122016,-1.338721089034123,-0.20679364850592954,0.5264563239916336,-0.3675398906073796,2.416289309569339,-1.0590212998330302,-0.803704111574772,-0.12348019755463527,0.0692820323027559,-4.0551750201988135,1.077031272639268,-1.3902938729220635,0.5405377599750526,-0.7266226911401854,1.4482439726069483,-0.5755115693951635,1.7870803265351975,-0.5951284714867237
-0.9555502666944129,0.8053466605675694,-0.19504425062651956,-0.20679364850592954,0.7266529330633241,-0.9570598464887331,0.23568261093877343,-0.5683791926436955,0.16898076425671127,-0.23412794799289635,0.0692820323027559,0.2465984809580359,-0.26720699091482264,-1.7167948974422544,-1.8500095165343355,1.37623007400284,-0.690491394346993,-0.5755115693951635,1.7870803265351975,-0.5951284714867237
-0.606306873513806,-1.218414953583275,-0.4952594207085154,-0.20679364850592954,1.0936014205620956,-0.6024406457128003,-0.30946906371886795,1.394189236113643,-0.22009318607588202,0.5436322122787093,0.0692820323027559,0.2465984809580359,-0.9721012136770478,0.9768385548493216,0.5405377599750526,-0.7266226911401854,-0.690491394346993,-0.5755115693951635,-0.5595719370593745,1.6803094590682988
-0.3297968258033214,-0.15031854611477377,0.9486325877810838,-0.20679364850592954,-0.6484936773800646,-0.3497136875127574,0.23568261093877343,0.4129050217349737,-0.025556210909585365,0.10994815322739983,0.0692820323027559,0.2465984809580359,-0.45917326330653735,0.40546176193898725,-1.8500095165343355,1.37623007400284,-0.690491394346993,1.7375845303178776,-0.5595719370593745,-0.5951284714867237
-0.8907994315844122,0.6929154597814113,0.8914487458607037,-0.20679364850592954,-1.24478368756884,-0.8893381115747525,-0.30946906371886795,-0.07773708545436095,-0.6091671364084753,-0.20129331162468955,0.0692820323027559,0.2465984809580359,-0.69310528991763,-0.4107907993614904,0.5405377599750526,-0.7266226911401854,-0.690491394346993,-0.5755115693951635,-0.5595719370593745,-0.5951284714867237
-0.7908296237267498,-0.4876121484732478,-1.0813938003924122,-0.20679364850592954,-1.2639418466746757,-0.7971846572001215,1.8711376349116977,-0.5683791926436955,0.9471286649218978,-0.15568386944473675,0.0692820323027559,0.2465984809580359,-0.9503697422232832,-1.553544385182159,-1.8500095165343355,1.37623007400284,-0.690491394346993,-0.5755115693951635,-0.5595719370593745,-0.5951284714867237
0.39099302598467056,-0.8811213512248008,0.47686589193794743,-0.20679364850592954,0.8783105820128815,0.4032897530397802,-1.399772413034151,1.8848313433029775,1.3362026152544912,0.3210137048732434,0.0692820323027559,0.2465984809580359,0.11703685052653924,1.7114658600197514,0.5405377599750526,1.37623007400284,-0.690491394346993,-0.5755115693951635,-0.5595719370593745,-0.5951284714867237
-0.7286482662004792,-1.49949295554867,-0.7382907488701311,-0.20679364850592954,-0.8826401238072658,-0.7258162298400921,0.23568261093877343,-0.07773708545436095,-0.9982410867410686,-0.16922713773095235,0.0692820323027559,-4.0551750201988135,1.4188646503499194,0.9768385548493216,0.5405377599750526,-0.7266226911401854,1.4482439726069483,-0.5755115693951635,-0.5595719370593745,1.6803094590682988
-0.8990902792545815,-0.7124745500455638,0.14805880089576146,-0.20679364850592954,0.8576242828070617,-0.897699044467165,-0.30946906371886795,0.4129050217349737,-0.22009318607588202,-0.20975523637730503,0.0692820323027559,0.2465984809580359,-0.9084929299061716,-1.227043360661968,0.5405377599750526,1.37623007400284,-0.690491394346993,1.7375845303178776,-0.5595719370593745,-0.5951284714867237
0.12106084088853528,-0.5438277488663268,2.4783003591512536,-0.20679364850592954,-0.5964112783012577,0.08788146453344238,2.416289309569339,0.4129050217349737,-0.22009318607588202,0.09003246903430559,0.0692820323027559,-4.0551750201988135,-0.5460991491215964,-1.7167948974422544,-1.8500095165343355,1.37623007400284,-0.690491394346993,1.7375845303178776,-0.5595719370593745,-0.5951284714867237
-0.414795144273116,1.5923650660706756,-0.36659577638766006,6.431744946342572,0.5173567112150528,-0.43221167932329096,-0.30946906371886795,-0.07773708545436095,-1.7763889874062553,-0.17150882478296606,0.0692820323027559,0.2465984809580359,-0.26720699091482264,1.221714323239465,-1.8500095165343355,-0.7266226911401854,1.4482439726069483,-0.5755115693951635,1.7870803265351975,-0.5951284714867237
-0.5077074537007995,0.4680530582090954,0.04798707753509617,-0.20679364850592954,-1.0458742032122361,-0.5030077330501439,-0.30946906371886795,-0.5683791926436955,-0.22009318607588202,-0.1386238215073527,0.0692820323027559,0.2465984809580359,-0.05447278434389614,-1.227043360661968,0.5405377599750526,-0.7266226911401854,-0.690491394346993,-0.5755115693951635,1.7870803265351975,-0.5951284714867237
-0.9684319143141802,-1.0497681524040379,0.005099196094811046,-0.20679364850592954,0.3838188040215105,-0.9676268468400683,-0.8546207383765094,-0.07773708545436095,-0.41463016124217866,-0.23040584291926536,0.0692820323027559,0.2465984809580359,-0.6726634760467285,-0.16591503097134708,0.5405377599750526,1.37623007400284,-0.690491394346993,1.7375845303178776,-0.5595719370593745,-0.5951284714867237
0.31308646564597126,-1.218414953583275,0.5054578128981375,-0.20679364850592954,-0.8446802006860262,0.324724623298682,2.416289309569339,-0.07773708545436095,1.1416656400881946,0.17477403785672382,0.0692820323027559,0.2465984809580359,0.8428768912725091,-0.5740413116215859,0.5405377599750526,-0.7266226911401854,-0.690491394346993,-0.5755115693951635,-0.5595719370593745,1.6803094590682988
0.7095739866660971,-0.8811213512248008,-0.8383624722307964,-0.20679364850592954,0.2821000556212529,0.7245637818271468,-1.399772413034151,-0.07773708545436095,0.7525916897556012,-0.03349507212148466,0.0692820323027559,0.2465984809580359,-0.26720699091482264,-0.8189170800117291,0.5405377599750526,-0.7266226911401854,1.4482439726069483,1.7375845303178776,-0.5595719370593745,-0.5951284714867237
-0.9471566399208943,-0.9373369516178799,0.47686589193794743,-0.20679364850592954,-1.0680578745965634,-0.946171725657473,0.7808342855964149,0.4129050217349737,-0.41463016124217866,-0.2364480547660129,0.0692820323027559,0.2465984809580359,-0.7817210718757512,-0.9821675922718247,0.5405377599750526,1.37623007400284,-0.690491394346993,-0.5755115693951635,-0.5595719370593745,1.6803094590682988
1.5057351809101747,0.8615622609606484,-0.39518769734785014,-0.20679364850592954,-0.12053665679643326,1.527455184665045,-0.30946906371886795,-0.5683791926436955,-0.41463016124217866,0.09935933703580643,0.0692820323027559,0.2465984809580359,0.7145189026516707,1.7114658600197514,0.5405377599750526,-0.7266226911401854,-0.690491394346993,-0.5755115693951635,1.7870803265351975,-0.5951284714867237
0.38842354840094034,-1.274630553976354,-1.0670978399123172,-0.20679364850592954,-1.2724799448843163,0.4006985548293219,1.3259859602540562,-0.5683791926436955,3.6706463172500507,-0.12283337908356265,0.0692820323027559,0.2465984809580359,0.35237712392351694,-0.0842897748412993,0.5405377599750526,-0.7266226911401854,-0.690491394346993,-0.5755115693951635,-0.5595719370593745,1.6803094590682988
-0.49763510157257723,0.5804842589952534,-0.06638060630566417,-0.20679364850592954,0.4459315455015528,-0.49285023606514705,0.7808342855964149,-0.07773708545436095,-0.41463016124217866,-0.19727345265666335,0.0692820323027559,0.2465984809580359,-0.7368795294830921,0.6503375303291306,0.5405377599750526,1.37623007400284,-0.690491394346993,-0.5755115693951635,-0.5595719370593745,-0.5951284714867237
-0.873669581026211,-0.8249057508317219,-0.5667392231089906,-0.20679364850592954,2.1462412420856016,-0.8720634568383633,0.23568261093877343,-0.5683791926436955,0.16898076425671127,-0.22398711159699056,0.0692820323027559,0.2465984809580359,-0.26720699091482264,1.3849648354995603,0.5405377599750526,-0.7266226911401854,1.4482439726069483,-0.5755115693951635,-0.5595719370593745,-0.5951284714867237
-0.4395991678813914,0.018328255064463266,-0.08067656678575921,-0.20679364850592954,0.0036247263272426566,-0.4343237058182604,-0.30946906371886795,0.4129050217349737,0.16898076425671127,0.24187808815741754,0.0692820323027559,0.2465984809580359,-0.0525160624940348,0.7319627864591783,0.5405377599750526,1.37623007400284,-0.690491394346993,-0.5755115693951635,-0.5595719370593745,-0.5951284714867237
0.11520243199763051,0.9177778613537274,0.5912335757787078,-0.20679364850592954,1.9227251125284213,0.08219538770974183,1.3259859602540562,1.8848313433029775,-0.803704111574772,0.13866759391596756,0.0692820323027559,0.2465984809580359,0.15802424382098637,0.5687122741990828,-1.8500095165343355,1.37623007400284,-0.690491394346993,-0.5755115693951635,-0.5595719370593745,-0.5951284714867237
-0.12047005198210226,-0.4313965480801688,2.2066771100294478,6.431744946342572,1.9811226274902147,-0.14654450977702183,-0.8546207383765094,-1.5496634070223647,-0.025556210909585365,-0.06526295973397882,0.0692820323027559,0.2465984809580359,-0.693446233876318,1.221714323239465,-1.8500095165343355,-0.7266226911401854,1.4482439726069483,-0.5755115693951635,-0.5595719370593745,-0.5951284714867237
-0.7542402629344319,0.7491310601744904,2.120901347148877,-0.20679364850592954,-0.8111636782246386,-0.7516245640162577,0.23568261093877343,0.4129050217349737,-0.025556210909585365,-0.1947785928227903,0.0692820323027559,0.2465984809580359,-0.8232569402341748,1.7114658600197514,0.5405377599750526,1.37623007400284,-0.690491394346993,-0.5755115693951635,1.7870803265351975,-0.5951284714867237
-0.4078404249464863,0.5804842589952534,-0.7525867093502262,-0.20679364850592954,0.6292288737024503,-0.40229649593699474,-0.30946906371886795,-0.07773708545436095,-0.9982410867410686,-0.11859244980011129,0.0692820323027559,0.2465984809580359,2.571447938170228,-0.4924160554915381,0.5405377599750526,1.37623007400284,-0.690491394346993,1.7375845303178776,-0.5595719370593745,-0.5951284714867237
-1.0070425974723658,1.3675026644983594,0.37679416857728215,-0.20679364850592954,1.257076515351963,-1.0065639186158897,-0.8546207383765094,-0.5683791926436955,-0.803704111574772,-0.24003423058251724,0.0692820323027559,0.2465984809580359,-0.26720699091482264,0.24221124967889174,0.5405377599750526,-0.7266226911401854,1.4482439726069483,-0.5755115693951635,-0.5595719370593745,-0.5951284714867237
-0.7069961350949128,1.5361494656775965,-0.4809634602284204,-0.20679364850592954,0.3258366559996455,-0.703981066253296,0.23568261093877343,-0.5683791926436955,-0.025556210909585365,2.7977118045245675,0.0692820323027559,0.2465984809580359,0.8411869951294467,-1.3902938729220635,0.5405377599750526,-0.7266226911401854,-0.690491394346993,-0.5755115693951635,1.7870803265351975,-0.5951284714867237
-0.02306972170816996,0.018328255064463266,-1.1957614842331725,-0.20679364850592954,2.440300523607297,-0.014273201248220077,0.23568261093877343,-0.07773708545436095,1.1416656400881946,0.5039843562390692,0.0692820323027559,0.2465984809580359,-0.6502649403259655,-0.002664518711251552,0.5405377599750526,-0.7266226911401854,1.4482439726069483,-0.5755115693951635,-0.5595719370593745,-0.5951284714867237
-0.4006458877120418,-1.274630553976354,-1.1671695632729824,6.431744946342572,-1.1020795037688516,-0.39504114094771126,-1.399772413034151,-0.07773708545436095,-0.9982410867410686,-0.07070003873279336,0.0692820323027559,0.2465984809580359,2.785219800267596,-1.3086686167920156,0.5405377599750526,1.37623007400284,-0.690491394346993,-0.5755115693951635,-0.5595719370593745,1.6803094590682988
-0.7548911972556435,1.3112870641052805,0.5340497338583277,-0.20679364850592954,2.2982783620666978,-0.7522810008962404,2.416289309569339,-0.07773708545436095,0.16898076425671127,-0.1752004192741819,0.0692820323027559,0.2465984809580359,-0.7157410040444367,1.6298406038897038,0.5405377599750526,1.37623007400284,-0.690491394346993,-0.5755115693951635,-0.5595719370593745,-0.5951284714867237
-0.9826496902774873,-0.7686901504386429,0.8342649039403235,-0.20679364850592954,1.433438241253438,-0.9819648102712715,-0.8546207383765094,-1.0590212998330302,0.3635177394230079,-0.23709933494478416,0.0692820323027559,0.2465984809580359,-0.26720699091482264,-0.4107907993614904,0.5405377599750526,-0.7266226911401854,-0.690491394346993,-0.5755115693951635,-0.5595719370593745,-0.5951284714867237
-0.08110565539935577,-0.9373369516178799,-1.2100574447132675,-0.20679364850592954,-1.0474305472402399,-0.07279973149510674,1.8711376349116977,1.8848313433029775,-0.9982410867410686,2.8511043884744915,0.0692820323027559,0.2465984809580359,0.20304367001817855,1.6298406038897038,0.5405377599750526,-0.7266226911401854,1.4482439726069483,-0.5755115693951635,-0.5595719370593745,1.6803094590682988
-0.4124997442983171,1.7610118672499127,-1.0956897608725071,-0.20679364850592954,0.05871468973034659,-0.40699520202529266,-1.399772413034151,-0.5683791926436955,0.7525916897556012,-0.0901760991526641,0.0692820323027559,0.2465984809580359,-0.9509033936368817,-1.227043360661968,0.5405377599750526,-0.7266226911401854,1.4482439726069483,-0.5755115693951635,1.7870803265351975,-0.5951284714867237
-0.789150898372046,-1.443277355155591,0.5340497338583277,-0.20679364850592954,-1.1914628796506166,-0.7868303103690187,1.8711376349116977,-0.5683791926436955,1.3362026152544912,-0.18842512051195642,0.0692820323027559,0.2465984809580359,-0.05463584449805131,0.24221124967889174,0.5405377599750526,-0.7266226911401854,1.4482439726069483,-0.5755115693951635,-0.5595719370593745,1.6803094590682988
-0.6383739537587587,1.1988558633191224,-1.0956897608725071,-0.20679364850592954,2.3680548799877665,-0.6347787993793209,0.23568261093877343,-1.5496634070223647,0.3635177394230079,-0.13926637086304403,0.0692820323027559,0.2465984809580359,-0.11754741670117388,-1.3902938729220635,0.5405377599750526,-0.7266226911401854,-0.690491394346993,-0.5755115693951635,-0.5595719370593745,-0.5951284714867237
-0.6725651354729283,-0.7124745500455638,-0.6382190255094659,-0.20679364850592954,-0.5999624092383004,-0.6823990595661183,-1.399772413034151,-1.0590212998330302,-1.5818520122399586,-0.14538397726709434,0.0692820323027559,-4.0551750201988135,-0.9920983180366172,-1.227043360661968,-1.8500095165343355,-0.7266226911401854,1.4482439726069483,1.7375845303178776,-0.5595719370593745,-0.5951284714867237
0.40144223482517316,-0.8811213512248008,2.2066771100294478,-0.20679364850592954,0.12448368587914191,0.4138272924289775,-0.30946906371886795,1.8848313433029775,1.3362026152544912,0.16647016773854206,0.0692820323027559,0.2465984809580359,1.6958149103572098,1.3033395793695126,0.5405377599750526,-0.7266226911401854,1.4482439726069483,-0.5755115693951635,-0.5595719370593745,-0.5951284714867237
-0.5463523965601016,0.4680530582090954,2.3067488333901127,-0.20679364850592954,-0.8883244972999902,-0.5598990185221822,-0.30946906371886795,-0.07773708545436095,-0.22009318607588202,-0.18674307675497143,0.0692820323027559,0.2465984809580359,-0.26720699091482264,-0.0842897748412993,-1.8500095165343355,1.37623007400284,-0.690491394346993,-0.5755115693951635,-0.5595719370593745,-0.5951284714867237
-0.8524628260351578,-0.15031854611477377,-0.9813220770317469,-0.20679364850592954,-0.7882082448099506,-0.8570048455383521,0.23568261093877343,-0.5683791926436955,1.3362026152544912,-0.19860313097537965,0.0692820323027559,0.2465984809580359,0.28805730493450926,-1.553544385182159,-1.8500095165343355,-0.7266226911401854,1.4482439726069483,1.7375845303178776,-0.5595719370593745,-0.5951284714867237
0.9866321895944442,-1.218414953583275,-0.9241382351113667,-0.20679364850592954,-0.8679843372107776,1.0039640475335063,-1.9449240876917921,-0.07773708545436095,0.9471286649218978,0.5204559661844442,0.0692820323027559,0.2465984809580359,0.6277116060396336,0.9768385548493216,0.5405377599750526,1.37623007400284,-0.690491394346993,-0.5755115693951635,-0.5595719370593745,1.6803094590682988
1.0041046371638092,-0.9935525520109589,-1.3816089704744081,-0.20679364850592954,-1.0928004114503265,1.0215841953646227,-0.8546207383765094,0.4129050217349737,-0.6091671364084753,0.03740309425107989,0.0692820323027559,0.2465984809580359,-0.6509912991944746,1.7114658600197514,0.5405377599750526,1.37623007400284,-0.690491394346993,-0.5755115693951635,-0.5595719370593745,1.6803094590682988
-0.866954679607396,-0.7686901504386429,0.6341214572189929,-0.20679364850592954,-1.218384810942276,-0.8652917921816986,1.8711376349116977,-0.5683791926436955,-0.025556210909585365,-0.22564641784987283,0.0692820323027559,0.2465984809580359,-0.6521178966231828,1.140089067109417,0.5405377599750526,-0.7266226911401854,-0.690491394346993,1.7375845303178776,-0.5595719370593745,-0.5951284714867237
1.538898571590852,-1.330846154369433,-0.7954745907905113,-0.20679364850592954,-0.8754737620967716,1.4640118116027414,-0.30946906371886795,-2.0403055142116995,1.1416656400881946,0.08099668278285316,0.0692820323027559,0.2465984809580359,-0.20327258683563612,0.16058599354884398,-1.8500095165343355,1.37623007400284,-0.690491394346993,-0.5755115693951635,-0.5595719370593745,1.6803094590682988
-0.9301295684660421,1.1988558633191224,-0.06638060630566417,-0.20679364850592954,0.03299783536317113,-0.9323869283414472,-0.30946906371886795,-1.0590212998330302,-0.41463016124217866,-0.2327003877597303,0.0692820323027559,0.2465984809580359,-1.0133850799790498,-0.8189170800117291,-1.8500095165343355,1.37623007400284,-0.690491394346993,-0.5755115693951635,-0.5595719370593745,-0.5951284714867237
0.025133677762608313,1.1426402629260435,0.5483456943384226,-0.20679364850592954,2.158092019840844,0.03433767717997916,0.23568261093877343,0.4129050217349737,-0.803704111574772,-0.1158452758442825,0.0692820323027559,0.2465984809580359,-0.26720699091482264,0.8952132987192738,0.5405377599750526,-0.7266226911401854,-0.690491394346993,-0.5755115693951635,-0.5595719370593745,-0.5951284714867237
-0.46961066605935997,1.8734430680360705,-0.1092684877459493,-0.20679364850592954,0.06793224620591938,-0.4854147373228289,-0.8546207383765094,-0.07773708545436095,-0.9982410867410686,-0.17752833744933516,0.0692820323027559,0.2465984809580359,2.4007387804201907,-0.3291655432314426,-1.8500095165343355,-0.7266226911401854,-0.690491394346993,-0.5755115693951635,1.7870803265351975,-0.5951284714867237
-0.8541072916887451,-0.4313965480801688,1.7492063746664062,-0.20679364850592954,0.9663940132122775,-0.8523358011294068,1.3259859602540562,-1.0590212998330302,0.7525916897556012,-0.2163076887745417,0.0692820323027559,0.2465984809580359,-0.052412296941390525,1.221714323239465,0.5405377599750526,-0.7266226911401854,1.4482439726069483,1.7375845303178776,-0.5595719370593745,-0.5951284714867237
-0.9564752786245556,0.4680530582090954,0.6913052991393731,-0.20679364850592954,0.8136158991222964,-0.9555691378340686,-0.30946906371886795,-0.5683791926436955,-2.1654629377388486,-0.22846643238964787,0.0692820323027559,0.2465984809580359,0.3298155280485989,-1.6351696413122068,0.5405377599750526,1.37623007400284,-0.690491394346993,-0.5755115693951635,-0.5595719370593745,-0.5951284714867237
-0.7796267014616861,1.0302090621398854,-1.009913997991937,-0.20679364850592954,0.5681827535002492,-0.7772256023355865,0.7808342855964149,-0.07773708545436095,-0.41463016124217866,-0.1775311296016678,0.0692820323027559,0.2465984809580359,-0.7360049341108055,0.40546176193898725,0.5405377599750526,1.37623007400284,-0.690491394346993,-0.5755115693951635,1.7870803265351975,-0.5951284714867237
1.8588156606158186,-1.387061754762512,-0.7382907488701311,-0.20679364850592954,-0.9941994790929887,1.774518158852545,-1.399772413034151,-1.0590212998330302,1.3362026152544912,0.09177396112072196,0.0692820323027559,0.2465984809580359,-0.26720699091482264,-1.1454181045319203,-1.8500095165343355,1.37623007400284,-0.690491394346993,-0.5755115693951635,-0.5595719370593745,1.6803094590682988
-0.4951341433910799,0.6366998593883324,-0.052084645825569126,-0.20679364850592954,0.9638377117362982,-0.49032813647363427,0.7808342855964149,0.9035471289243083,-0.9982410867410686,-0.21938489226879346,0.0692820323027559,0.2465984809580359,-0.7992426266222383,-0.8189170800117291,0.5405377599750526,-0.7266226911401854,-0.690491394346993,1.7375845303178776,-0.5595719370593745,-0.5951284714867237
2.497073892414397,0.4680530582090954,0.648417417699088,-0.20679364850592954,-0.5076278768882784,2.5271740035693617,-0.30946906371886795,0.9035471289243083,0.7525916897556012,0.18157259627560104,0.0692820323027559,0.2465984809580359,-0.26720699091482264,0.7319627864591783,0.5405377599750526,1.37623007400284,-0.690491394346993,-0.5755115693951635,1.7870803265351975,-0.5951284714867237
0.4657134341195442,-0.3751809476870898,1.5919508093853607,-0.20679364850592954,0.32152914699298,0.47864179699990983,1.8711376349116977,2.3754734504923123,-0.803704111574772,-0.19018186094549233,0.0692820323027559,-4.0551750201988135,1.4620162965995167,0.7319627864591783,0.5405377599750526,1.37623007400284,-0.690491394346993,-0.5755115693951635,-0.5595719370593745,-0.5951284714867237
2.008736112701196,0.4680530582090954,0.13376284041566644,-0.20679364850592954,-0.7106525707423212,1.9200285224812812,0.7808342855964149,-0.5683791926436955,-1.970925962572552,-0.09430247990778173,0.0692820323027559,0.2465984809580359,-0.7805648271462877,1.5482153477596559,-1.8500095165343355,-0.7266226911401854,1.4482439726069483,-0.5755115693951635,1.7870803265351975,-0.5951284714867237
0.44310203138271864,-1.443277355155591,1.8349821375469764,-0.20679364850592954,-1.1892091294024862,0.4558392527478762,1.8711376349116977,-1.5496634070223647,0.16898076425671127,-0.17509431220336844,0.0692820323027559,0.2465984809580359,0.010943984773064203,0.6503375303291306,0.5405377599750526,-0.7266226911401854,-0.690491394346993,-0.5755115693951635,-0.5595719370593745,1.6803094590682988
0.11780616928247707,1.6485806664637546,-1.5388645357554536,-0.20679364850592954,0.63758492837669,0.12779355930384487,-0.30946906371886795,-0.07773708545436095,0.3635177394230079,-0.10469514564755769,0.0692820323027559,0.2465984809580359,-0.26720699091482264,-0.9005423361417769,0.5405377599750526,-0.7266226911401854,-0.690491394346993,-0.5755115693951635,1.7870803265351975,-0.5951284714867237
2.987432994493465,-0.9373369516178799,-0.08067656678575921,-0.20679364850592954,0.21336195505000602,3.0216782700532394,1.3259859602540562,-1.0590212998330302,-0.22009318607588202,0.1868553782727172,0.0692820323027559,0.2465984809580359,1.4407591819578394,0.48708701806903504,0.5405377599750526,-0.7266226911401854,1.4482439726069483,-0.5755115693951635,-0.5595719370593745,1.6803094590682988
0.45481884916452836,-0.4876121484732478,1.2202558369028897,-0.20679364850592954,-1.2203078060345371,0.4676551165875664,-0.30946906371886795,0.4129050217349737,0.5580547145893046,-0.06414659454028157,0.0692820323027559,0.2465984809580359,-0.26720699091482264,-1.3086686167920156,0.5405377599750526,-0.7266226911401854,1.4482439726069483,-0.5755115693951635,-0.5595719370593745,-0.5951284714867237
1.6104328275219004,1.0302090621398854,0.5054578128981375,-0.20679364850592954,-0.8493517967634931,1.6330378744138556,0.23568261093877343,-1.5496634070223647,-0.22009318607588202,-0.024634100379745383,0.0692820323027559,0.2465984809580359,0.5440617469580545,1.3849648354995603,0.5405377599750526,-0.7266226911401854,-0.690491394346993,-0.5755115693951635,-0.5595719370593745,-0.5951284714867237
1.5777490726568526,1.3675026644983594,-0.42377961830804023,-0.20679364850592954,0.26930829226753017,1.6000778331768253,1.8711376349116977,-1.5496634070223647,1.3362026152544912,-0.08764207324997479,0.0692820323027559,0.2465984809580359,0.09640232920072708,1.3033395793695126,0.5405377599750526,-0.7266226911401854,-0.690491394346993,-0.5755115693951635,1.7870803265351975,-0.5951284714867237
-0.07517872710621827,-0.9373369516178799,-1.5102726147952634,-0.20679364850592954,-0.040186229861384065,-0.10258548310490365,-0.30946906371886795,0.9035471289243083,1.3362026152544912,-0.19013401540614516,0.0692820323027559,0.2465984809580359,-0.20505142488096476,-1.6351696413122068,-1.8500095165343355,1.37623007400284,-0.690491394346993,1.7375845303178776,-0.5595719370593745,-0.5951284714867237
1.8651537053223528,0.4680530582090954,0.9343366273009888,-0.20679364850592954,-1.1806812871666712,1.7806697624337415,-1.399772413034151,0.9035471289243083,1.1416656400881946,-0.058033874682268824,0.0692820323027559,0.2465984809580359,-0.48099367666256854,1.6298406038897038,-1.8500095165343355,-0.7266226911401854,1.4482439726069483,-0.5755115693951635,-0.5595719370593745,-0.5951284714867237
-0.9508566876414657,1.5361494656775965,0.7341931805796582,-0.20679364850592954,0.5208411783222304,-0.949903051080533,-0.8546207383765094,0.4129050217349737,0.16898076425671127,-0.23757296613907258,0.0692820323027559,0.2465984809580359,0.56598592586673,-1.227043360661968,0.5405377599750526,-0.7266226911401854,-0.690491394346993,-0.5755115693951635,1.7870803265351975,-0.5951284714867237
-0.9083403985560103,-0.7686901504386429,-1.5674564567156437,-0.20679364850592954,0.9081349538971272,-0.907027358024815,-0.30946906371886795,-0.5683791926436955,-0.803704111574772,-0.2281586205652292,0.0692820323027559,0.2465984809580359,-0.26720699091482264,-1.3086686167920156,0.5405377599750526,-0.7266226911401854,1.4482439726069483,-0.5755115693951635,-0.5595719370593745,-0.5951284714867237
-0.4511446871576191,-1.0497681524040379,-0.5095553811886104,-0.20679364850592954,-1.1607667499912124,-0.4459668231105867,1.3259859602540562,1.394189236113643,0.16898076425671127,0.37996797227017637,0.0692820323027559,0.2465984809580359,-0.9943366892436557,-0.3291655432314426,0.5405377599750526,-0.7266226911401854,-0.690491394346993,-0.5755115693951635,-0.5595719370593745,1.6803094590682988
0.7213935835512562,-0.31896534729401077,0.1623547613758565,-0.20679364850592954,0.12695281157760532,0.7364832935952554,-0.8546207383765094,-1.0590212998330302,0.9471286649218978,0.3814443544360409,0.0692820323027559,0.2465984809580359,-0.8218190461475341,0.16058599354884398,0.5405377599750526,-0.7266226911401854,-0.690491394346993,1.7375845303178776,-0.5595719370593745,-0.5951284714867237
-0.0494839512689164,-1.162199353190196,0.8628568249005136,-0.20679364850592954,-1.1564925728994795,-0.040910718851732385,0.7808342855964149,-1.5496634070223647,-0.803704111574772,-0.09534495341573458,0.0692820323027559,0.2465984809580359,1.8015668321519964,-1.4719191290521112,0.5405377599750526,-0.7266226911401854,1.4482439726069483,-0.5755115693951635,-0.5595719370593745,1.6803094590682988
-0.8851123211990893,1.8172274676429916,-0.19504425062651956,-0.20679364850592954,0.34565376142376303,-0.8836029262022712,0.23568261093877343,1.8848313433029775,-0.9982410867410686,-0.22225393820136233,0.0692820323027559,0.2465984809580359,0.9297879534371903,-0.9821675922718247,0.5405377599750526,-0.7266226911401854,-0.690491394346993,-0.5755115693951635,1.7870803265351975,-0.5951284714867237
-0.4197628009349944,-0.9373369516178799,0.7056012596194681,1.452841000206196,1.066707693198456,-0.41431965563352174,-0.30946906371886795,-0.5683791926436955,0.5580547145893046,-0.13809081508553353,0.0692820323027559,0.2465984809580359,-0.9091748178235476,-0.16591503097134708,0.5405377599750526,-0.7266226911401854,1.4482439726069483,1.7375845303178776,-0.5595719370593745,-0.5951284714867237
0.996156386504804,-0.6562589496524849,0.20524264281614163,-0.20679364850592954,0.8514219826361547,1.0135687555669386,0.23568261093877343,-0.5683791926436955,1.1416656400881946,0.0009858295774443735,0.0692820323027559,0.2465984809580359,-0.26720699091482264,-1.3086686167920156,0.5405377599750526,-0.7266226911401854,1.4482439726069483,1.7375845303178776,-0.5595719370593745,-0.5951284714867237
-0.547243148789128,1.1988558633191224,0.005099196094811046,-0.20679364850592954,0.7519262165625512,-0.5607635682146745,0.23568261093877343,-0.07773708545436095,0.3635177394230079,-0.21304716992922632,0.0692820323027559,0.2465984809580359,3.831161747270453,1.0584638109793694,-1.8500095165343355,-0.7266226911401854,1.4482439726069483,-0.5755115693951635,-0.5595719370593745,-0.5951284714867237
0.19214972070507044,1.4237182648914386,0.3624982080971871,-0.20679364850592954,0.4263451994885066,0.20276556085977407,0.23568261093877343,0.4129050217349737,-0.025556210909585365,-0.1230999482492049,0.0692820323027559,0.2465984809580359,0.394565232898561,-0.16591503097134708,0.5405377599750526,-0.7266226911401854,1.4482439726069483,-0.5755115693951635,1.7870803265351975,-0.5951284714867237
-0.44850669017165606,0.6929154597814113,0.2767224452166169,-0.20679364850592954,0.006893817984086989,-0.4433065262811828,-1.9449240876917921,0.4129050217349737,-0.9982410867410686,-0.17283254015841207,0.0692820323027559,0.2465984809580359,-0.26720699091482264,0.16058599354884398,0.5405377599750526,-0.7266226911401854,-0.690491394346993,-0.5755115693951635,1.7870803265351975,-0.5951284714867237
0.7168370433027744,-0.4313965480801688,-1.0670978399123172,-0.20679364850592954,1.2464820943903312,0.7318882354353758,0.23568261093877343,0.4129050217349737,0.5580547145893046,0.12820479457766837,0.0692820323027559,0.2465984809580359,-0.5033922123833315,-0.4107907993614904,0.5405377599750526,1.37623007400284,-0.690491394346993,1.7375845303178776,-0.5595719370593745,-0.5951284714867237
0.9842340105162959,-1.0497681524040379,0.019395156574906088,-0.20679364850592954,-1.170681712686912,1.0015455958704116,1.3259859602540562,1.394189236113643,0.5580547145893046,-0.03034820349367253,0.0692820323027559,0.2465984809580359,4.001693021215958,0.7319627864591783,0.5405377599750526,-0.7266226911401854,-0.690491394346993,-0.5755115693951635,-0.5595719370593745,1.6803094590682988
-0.7664367165318712,-0.31896534729401077,-1.2243534051933627,-0.20679364850592954,0.3487305535713812,-0.7639241181885668,-1.399772413034151,-0.5683791926436955,1.1416656400881946,-0.21108511251538292,0.0692820323027559,0.2465984809580359,-0.26720699091482264,-1.3086686167920156,0.5405377599750526,-0.7266226911401854,1.4482439726069483,-0.5755115693951635,-0.5595719370593745,-0.5951284714867237
0.31531334621853735,-0.9935525520109589,-0.29511597398718487,-0.20679364850592954,1.188199959134073,0.32697032841441254,0.7808342855964149,0.4129050217349737,0.5580547145893046,0.39974065245379986,0.0692820323027559,0.2465984809580359,-0.13942712465871596,0.16058599354884398,0.5405377599750526,-0.7266226911401854,1.4482439726069483,1.7375845303178776,-0.5595719370593745,-0.5951284714867237
-0.9570919532446509,0.6366998593883324,-1.3101291680739329,-0.20679364850592954,0.8481426350054851,-0.9561910254045787,0.7808342855964149,0.9035471289243083,0.5580547145893046,-0.23197390019714492,0.0692820323027559,0.2465984809580359,-0.37307750191263167,0.40546176193898725,0.5405377599750526,-0.7266226911401854,-0.690491394346993,1.7375845303178776,-0.5595719370593745,-0.5951284714867237
1.106404104697387,-0.9373369516178799,-0.3094119344672799,-0.20679364850592954,-1.2565985694156938,1.044239683986387,0.23568261093877343,-0.07773708545436095,0.7525916897556012,0.22835548079400203,0.0692820323027559,0.2465984809580359,-0.9941291581383673,0.6503375303291306,-1.8500095165343355,1.37623007400284,-0.690491394346993,-0.5755115693951635,-0.5595719370593745,1.6803094590682988
0.7371530460648011,0.41183745781601633,-1.338721089034123,-0.20679364850592954,0.0018094189601479402,0.7523759759527335,-0.30946906371886795,-1.0590212998330302,-1.387315037073662,-0.015280740563511612,0.0692820323027559,0.2465984809580359,-0.7795419952702236,-0.5740413116215859,0.5405377599750526,-0.7266226911401854,-0.690491394346993,-0.5755115693951635,-0.5595719370593745,-0.5951284714867237
-0.8117623011088716,0.6366998593883324,-0.9527301560715568,-0.20679364850592954,-1.0427820271038801,-0.817501574973695,-0.30946906371886795,-1.0590212998330302,-0.22009318607588202,-0.2187070196327455,0.0692820323027559,0.2465984809580359,-0.13787064136905341,1.5482153477596559,-1.8500095165343355,1.37623007400284,-0.690491394346993,-0.5755115693951635,1.7870803265351975,-0.5951284714867237
-0.7337187019657068,0.6366998593883324,-0.15215636918623443,-0.20679364850592954,-0.831796133567875,-0.7309295276420633,0.7808342855964149,-0.07773708545436095,-0.9982410867410686,-0.20521411102236609,0.0692820323027559,0.2465984809580359,-1.016097807998176,0.48708701806903504,0.5405377599750526,-0.7266226911401854,1.4482439726069483,-0.5755115693951635,1.7870803265351975,-0.5951284714867237
-0.7330677676444951,0.1869750562437003,0.37679416857728215,-0.20679364850592954,1.9327169950278111,-0.7302730907620806,-0.8546207383765094,-2.0403055142116995,-2.1654629377388486,-0.20107796908467074,0.0692820323027559,0.2465984809580359,-0.6081954205539434,0.9768385548493216,0.5405377599750526,-0.7266226911401854,-0.690491394346993,-0.5755115693951635,-0.5595719370593745,-0.5951284714867237
2.2822998261156693,-0.20653414650785276,1.8349821375469764,-0.20679364850592954,0.4092664390757693,2.310584382484514,-1.9449240876917921,-0.5683791926436955,-0.6091671364084753,0.26723080508377706,0.0692820323027559,0.2465984809580359,-0.6948100097110699,-0.002664518711251552,0.5405377599750526,-0.7266226911401854,-0.690491394346993,1.7375845303178776,-0.5595719370593745,-0.5951284714867237
-0.06979995403094291,-0.5438277488663268,-1.1242816818326973,-0.20679364850592954,1.792284509430148,-0.061398459369089824,1.3259859602540562,-1.5496634070223647,-0.803704111574772,-0.1334396252075019,0.0692820323027559,0.2465984809580359,-0.30972122019817694,-0.24754028710139483,0.5405377599750526,1.37623007400284,-0.690491394346993,-0.5755115693951635,-0.5595719370593745,-0.5951284714867237
0.09831239934724408,0.6366998593883324,0.8485608644204186,-0.20679364850592954,0.7838017832118759,0.10813500221383397,0.23568261093877343,0.9035471289243083,0.9471286649218978,-0.11287709353216258,0.0692820323027559,0.2465984809580359,1.2695163727942034,-0.9005423361417769,0.5405377599750526,-0.7266226911401854,1.4482439726069483,1.7375845303178776,-0.5595719370593745,-0.5951284714867237
1.1400471311936944,0.9739934617468065,-0.9670261165516518,-0.20679364850592954,-0.9616649661253827,1.1586758553526078,-0.8546207383765094,-1.0590212998330302,0.16898076425671127,0.018298416204521696,0.0692820323027559,0.2465984809580359,-0.26720699091482264,0.16058599354884398,0.5405377599750526,-0.7266226911401854,-0.690491394346993,-0.5755115693951635,1.7870803265351975,-0.5951284714867237
-0.7484161137446435,0.6929154597814113,-1.395904930954503,-0.20679364850592954,-0.73964620874671,-0.756018791072979,0.23568261093877343,-1.0590212998330302,-0.41463016124217866,-0.22627263807901618,0.0692820323027559,0.2465984809580359,-0.22366992975540448,0.8952132987192738,-1.8500095165343355,-0.7266226911401854,1.4482439726069483,-0.5755115693951635,1.7870803265351975,-0.5951284714867237
-0.7035359052821561,0.8615622609606484,-0.38089173686775507,-0.20679364850592954,0.46746139855451097,-0.7004915859965455,1.8711376349116977,-1.0590212998330302,-0.9982410867410686,-0.20992191941330549,0.0692820323027559,0.2465984809580359,-1.078194079430523,0.7319627864591783,0.5405377599750526,1.37623007400284,-0.690491394346993,1.7375845303178776,-0.5595719370593745,-0.5951284714867237
-0.3719362581764965,-0.9373369516178799,-0.995618037511842,-0.20679364850592954,-0.8199248438649814,-0.36608881960952294,0.23568261093877343,0.9035471289243083,-0.025556210909585365,-0.15553049966793972,0.0692820323027559,0.2465984809580359,-0.9503400949225276,0.5687122741990828,0.5405377599750526,-0.7266226911401854,-0.690491394346993,-0.5755115693951635,-0.5595719370593745,1.6803094590682988
-0.2042007615105899,-0.31896534729401077,-0.4809634602284204,-0.20679364850592954,0.870677573493332,-0.22781218087131605,-0.30946906371886795,-0.5683791926436955,-0.41463016124217866,-0.1247052025070981,0.0692820323027559,0.2465984809580359,-0.716689717668612,-0.24754028710139483,-1.8500095165343355,1.37623007400284,-0.690491394346993,-0.5755115693951635,-0.5595719370593745,-0.5951284714867237
-0.7910694416345645,-1.105983752797117,0.2910184056967119,-0.20679364850592954,-1.0009761137981177,-0.7974174205788696,-0.8546207383765094,-1.0590212998330302,-0.41463016124217866,-0.20854094016557292,0.0692820323027559,0.2465984809580359,2.677733511378614,1.140089067109417,-1.8500095165343355,1.37623007400284,-0.690491394346993,-0.5755115693951635,-0.5595719370593745,1.6803094590682988
0.022461421075528818,-1.387061754762512,-1.1385776423127922,-0.20679364850592954,-1.1351806592903109,0.03164283104110234,-1.9449240876917921,1.8848313433029775,-1.387315037073662,-0.07024553584274383,0.0692820323027559,0.2465984809580359,-0.5234634349947895,-1.6351696413122068,0.5405377599750526,1.37623007400284,-0.690491394346993,-0.5755115693951635,-0.5595719370593745,1.6803094590682988
-0.3263365959905648,-1.387061754762512,0.20524264281614163,-0.20679364850592954,-0.9976121543833886,-0.3201036887012549,-0.8546207383765094,-0.5683791926436955,-0.41463016124217866,-0.1581333297031364,0.0692820323027559,0.2465984809580359,-0.26720699091482264,0.48708701806903504,0.5405377599750526,-0.7266226911401854,1.4482439726069483,-0.5755115693951635,-0.5595719370593745,1.6803094590682988
-0.8964180225675022,-1.218414953583275,0.30531436617680696,-0.20679364850592954,-0.8761224524412278,-0.8996670476717316,0.7808342855964149,0.9035471289243083,-0.41463016124217866,-0.2199405478255068,0.0692820323027559,0.2465984809580359,1.418790532098031,-0.5740413116215859,-1.8500095165343355,1.37623007400284,-0.690491394346993,-0.5755115693951635,-0.5595719370593745,1.6803094590682988
0.2617311736724839,0.8615622609606484,0.2910184056967119,-0.20679364850592954,0.8912946448758301,0.2729352083989871,0.23568261093877343,-1.0590212998330302,-0.025556210909585365,0.1401630192657434,0.0692820323027559,0.2465984809580359,2.486315714050875,1.0584638109793694,0.5405377599750526,-0.7266226911401854,-0.690491394346993,-0.5755115693951635,-0.5595719370593745,-0.5951284714867237
-0.6864745741261877,1.8172274676429916,-0.9241382351113667,-0.20679364850592954,0.3931696881568133,-0.695899335533501,-0.30946906371886795,0.4129050217349737,-0.9982410867410686,-0.20296914200640415,0.0692820323027559,0.2465984809580359,-0.26720699091482264,-1.6351696413122068,-1.8500095165343355,1.37623007400284,-0.690491394346993,-0.5755115693951635,1.7870803265351975,-0.5951284714867237
-0.1653160007434731,-1.0497681524040379,1.1058881530621294,-0.20679364850592954,-0.5341652091614852,-0.1577219341791962,0.23568261093877343,1.8848313433029775,0.7525916897556012,0.07032012658805178,0.0692820323027559,0.2465984809580359,2.656876635297136,-1.3086686167920156,0.5405377599750526,-0.7266226911401854,-0.690491394346993,1.7375845303178776,-0.5595719370593745,-0.5951284714867237
-0.6932922546483518,-1.387061754762512,-0.8526584327108915,3.1124756489183216,-1.063396534492922,-0.6901613424641847,0.7808342855964149,-0.07773708545436095,-1.970925962572552,-0.17471251669829496,0.0692820323027559,0.2465984809580359,0.22483443607345427,-0.9005423361417769,0.5405377599750526,-0.7266226911401854,1.4482439726069483,-0.5755115693951635,-0.5595719370593745,1.6803094590682988
-0.7481762958368287,0.6366998593883324,0.2910184056967119,-0.20679364850592954,-0.8972087346262378,-0.7455093362395758,0.23568261093877343,-1.5496634070223647,-0.6091671364084753,-0.1761343417296483,0.0692820323027559,0.2465984809580359,-0.26821499914050884,-1.1454181045319203,0.5405377599750526,1.37623007400284,-0.690491394346993,-0.5755115693951635,1.7870803265351975,-0.5951284714867237
-0.6021957093798377,1.3675026644983594,0.04798707753509617,3.1124756489183216,0.8307946552798312,-0.5982947285760669,0.23568261093877343,0.9035471289243083,0.16898076425671127,-0.19132403149390467,0.0692820323027559,0.2465984809580359,-0.26720699091482264,-1.1454181045319203,0.5405377599750526,-0.7266226911401854,1.4482439726069483,-0.5755115693951635,-0.5595719370593745,-0.5951284714867237
-0.9638068546634659,0.6929154597814113,-1.0813938003924122,-0.20679364850592954,1.5017353349501927,-0.9629626900612434,2.416289309569339,0.4129050217349737,0.9471286649218978,-0.22529859890648965,0.0692820323027559,0.2465984809580359,-0.9712562656055167,-1.6351696413122068,0.5405377599750526,-0.7266226911401854,-0.690491394346993,-0.5755115693951635,-0.5595719370593745,-0.5951284714867237
-0.9301295684660421,-0.9935525520109589,-1.2529453261535526,-0.20679364850592954,-0.943186265285479,-0.929000718849502,0.7808342855964149,-0.07773708545436095,1.1416656400881946,-0.19557347752076898,0.0692820323027559,0.2465984809580359,-1.0159495714943985,0.16058599354884398,0.5405377599750526,-0.7266226911401854,-0.690491394346993,-0.5755115693951635,-0.5595719370593745,1.6803094590682988
-0.9942637289559477,1.2550714637122016,-0.20934021110661458,-0.20679364850592954,-0.561635835052803,-0.9936770261825433,-1.9449240876917921,-0.07773708545436095,-0.9982410867410686,-0.22514221591738365,0.0692820323027559,0.2465984809580359,-0.5445130185311784,-0.4924160554915381,0.5405377599750526,-0.7266226911401854,1.4482439726069483,-0.5755115693951635,1.7870803265351975,-0.5951284714867237
0.5278947916458148,-0.6562589496524849,-1.4959766543151685,-0.20679364850592954,-0.1878799449274264,0.5413487936930028,0.23568261093877343,-0.5683791926436955,-2.1654629377388486,1.038936813337576,0.0692820323027559,-4.0551750201988135,-0.37223255384110054,-0.4924160554915381,0.5405377599750526,-0.7266226911401854,1.4482439726069483,1.7375845303178776,-0.5595719370593745,-0.5951284714867237
-1.0147167705224398,0.4680530582090954,2.2638609519498276,-0.20679364850592954,-0.9922995599418344,-1.014302963937792,-0.30946906371886795,0.4129050217349737,0.16898076425671127,-0.24016331410484335,0.0692820323027559,0.2465984809580359,-0.03426814887903862,1.0584638109793694,0.5405377599750526,-0.7266226911401854,-0.690491394346993,-0.5755115693951635,1.7870803265351975,-0.5951284714867237
-0.9248535744941163,0.5242686586021743,-1.3816089704744081,-0.20679364850592954,0.6113091234360308,-0.9236801251906943,0.7808342855964149,-2.0403055142116995,1.3362026152544912,-0.20925625815581597,0.0692820323027559,0.2465984809580359,-1.0570259066911123,0.48708701806903504,0.5405377599750526,-0.7266226911401854,1.4482439726069483,1.7375845303178776,-0.5595719370593745,-0.5951284714867237
0.723346386514891,0.8053466605675694,-0.43807557878813524,-0.20679364850592954,0.6477332144769173,0.7384526042352039,-0.8546207383765094,-1.5496634070223647,0.16898076425671127,0.4222957221915281,0.0692820323027559,0.2465984809580359,-0.35355475436514994,-1.227043360661968,0.5405377599750526,1.37623007400284,-0.690491394346993,-0.5755115693951635,1.7870803265351975,-0.5951284714867237
0.5539664241953971,1.0864246625329645,-0.15215636918623443,-0.20679364850592954,-1.0533354241702104,0.5080526150847936,-1.399772413034151,-1.0590212998330302,-0.803704111574772,-0.05932680837348822,0.0692820323027559,0.2465984809580359,-0.26720699091482264,-0.24754028710139483,-1.8500095165343355,-0.7266226911401854,1.4482439726069483,-0.5755115693951635,1.7870803265351975,-0.5951284714867237
0.3792076888006279,-1.330846154369433,0.07657899849528625,3.1124756489183216,-0.9977865059384202,0.33843461580001644,0.7808342855964149,-0.5683791926436955,1.3362026152544912,-0.1334469324647292,0.0692820323027559,0.2465984809580359,-0.07667861260974856,0.40546176193898725,-1.8500095165343355,1.37623007400284,-0.690491394346993,-0.5755115693951635,-0.5595719370593745,1.6803094590682988
2.7377140330560077,-1.162199353190196,0.39109012905737717,-0.20679364850592954,-1.0308312536038395,2.769848353306158,-1.399772413034151,-0.07773708545436095,1.1416656400881946,0.06588335106872747,0.0692820323027559,0.2465984809580359,-0.8434763993494102,-1.1454181045319203,0.5405377599750526,-0.7266226911401854,1.4482439726069483,-0.5755115693951635,-0.5595719370593745,1.6803094590682988
0.06497771016098439,-0.9373369516178799,2.020829623788212,-0.20679364850592954,0.9048863741879336,0.07451852409682048,-1.399772413034151,-1.0590212998330302,0.16898076425671127,-0.18274952701356142,0.0692820323027559,0.2465984809580359,2.2102104021151163,-0.9005423361417769,0.5405377599750526,-0.7266226911401854,1.4482439726069483,1.7375845303178776,-0.5595719370593745,-0.5951284714867237
-0.7744877462942258,1.3112870641052805,-1.1528736027928874,-0.20679364850592954,-0.6975531281738367,-0.7813234955340091,-0.30946906371886795,-0.5683791926436955,-0.025556210909585365,-0.22628500989585396,0.0692820323027559,0.2465984809580359,0.22206241345281705,-0.3291655432314426,-1.8500095165343355,1.37623007400284,-0.690491394346993,-0.5755115693951635,1.7870803265351975,-0.5951284714867237
-0.8351274172702582,1.4237182648914386,0.1623547613758565,-0.20679364850592954,-0.13684365517880956,-0.8331954836814875,0.23568261093877343,-1.0590212998330302,0.5580547145893046,-0.21934981160759484,0.0692820323027559,0.2465984809580359,-0.26720699091482264,-1.4719191290521112,0.5405377599750526,1.37623007400284,-0.690491394346993,-0.5755115693951635,1.7870803265351975,-0.5951284714867237
-0.15901221573805505,-0.15031854611477377,1.8063902165867864,-0.20679364850592954,0.8178105924168821,-0.15136486123620496,0.23568261093877343,1.394189236113643,0.16898076425671127,0.32585227447061865,0.0692820323027559,0.2465984809580359,-1.078994556550921,1.3849648354995603,0.5405377599750526,-0.7266226911401854,-0.690491394346993,1.7375845303178776,-0.5595719370593745,-0.5951284714867237
0.5966540117864345,-0.6000433492594058,-1.1242816818326973,-0.20679364850592954,2.0086829931525045,0.5494844965019338,1.3259859602540562,0.4129050217349737,-0.025556210909585365,0.1346013235900325,0.0692820323027559,-4.0551750201988135,-0.9916832558260406,1.3849648354995603,-1.8500095165343355,1.37623007400284,-0.690491394346993,-0.5755115693951635,-0.5595719370593745,-0.5951284714867237
-0.6813698786598439,-0.7124745500455638,-0.03778868534547408,-0.20679364850592954,1.2771064322329573,-0.6781381827676579,-0.8546207383765094,0.4129050217349737,1.1416656400881946,-0.19518155883936666,0.0692820323027559,0.2465984809580359,1.1193527944677113,-0.6556665677516337,0.5405377599750526,-0.7266226911401854,-0.690491394346993,-0.5755115693951635,-0.5595719370593745,-0.5951284714867237
1.294250045918622,0.6366998593883324,-1.2672412866336478,-0.20679364850592954,-0.10496808852948512,1.2265599133685539,-1.399772413034151,-0.07773708545436095,1.1416656400881946,0.13367804331547617,0.0692820323027559,0.2465984809580359,1.0765717394775578,-0.3291655432314426,-1.8500095165343355,-0.7266226911401854,1.4482439726069483,-0.5755115693951635,1.7870803265351975,-0.5951284714867237
-0.5235696953176939,-1.387061754762512,0.5626416548185177,-0.20679364850592954,-1.0889236533443276,-0.5190040633360403,-1.399772413034151,-0.07773708545436095,0.5580547145893046,-0.18186393951553742,0.0692820323027559,0.2465984809580359,-0.26720699091482264,-1.7167948974422544,0.5405377599750526,-0.7266226911401854,1.4482439726069483,-0.5755115693951635,-0.5595719370593745,1.6803094590682988
-0.6717429026461348,0.2431906566367793,-0.3094119344672799,-0.20679364850592954,-0.7936592948981475,-0.6684298268058072,0.23568261093877343,-1.0590212998330302,-0.9982410867410686,-0.1562690549782359,0.0692820323027559,0.2465984809580359,-0.6093220179826514,1.5482153477596559,0.5405377599750526,-0.7266226911401854,-0.690491394346993,1.7375845303178776,-0.5595719370593745,-0.5951284714867237
1.2209342855295207,-0.4313965480801688,-0.2808200135070898,-0.20679364850592954,-0.3147694170886571,1.2402467750178379,-1.9449240876917921,1.8848313433029775,-0.22009318607588202,0.4042088997189982,0.0692820323027559,0.2465984809580359,0.09665433125714862,0.24221124967889174,0.5405377599750526,-0.7266226911401854,1.4482439726069483,1.7375845303178776,-0.5595719370593745,-0.5951284714867237
1.0740972065446197,-1.387061754762512,2.321044793870208,4.772110297630447,-1.0754575597115852,1.0921684346175093,0.7808342855964149,-0.07773708545436095,-0.9982410867410686,0.006086230773396964,0.0692820323027559,0.2465984809580359,-0.8002951057990577,-0.8189170800117291,0.5405377599750526,-0.7266226911401854,-0.690491394346993,-0.5755115693951635,-0.5595719370593745,1.6803094590682988
0.1946164191854513,1.6485806664637546,0.11946687993557138,-0.20679364850592954,0.5754491109555405,0.205253111141814,-0.30946906371886795,-1.0590212998330302,-0.025556210909585365,-0.1274863008024378,0.0692820323027559,0.2465984809580359,-0.6953436611246685,-1.227043360661968,0.5405377599750526,-0.7266226911401854,-0.690491394346993,-0.5755115693951635,1.7870803265351975,-0.5951284714867237
1.658739006096028,-1.0497681524040379,0.04798707753509617,-0.20679364850592954,-1.2626675419268707,1.6817524007704734,-0.30946906371886795,-0.07773708545436095,0.9471286649218978,0.013207095000914514,0.0692820323027559,0.2465984809580359,-0.8017033525849429,0.07896073741879621,0.5405377599750526,-0.7266226911401854,-0.690491394346993,-0.5755115693951635,-0.5595719370593745,1.6803094590682988
2.623115332821641,-1.330846154369433,0.11946687993557138,-0.20679364850592954,-0.993186701677731,2.516335046922353,0.7808342855964149,-0.07773708545436095,1.1416656400881946,0.1802794109237082,0.0692820323027559,0.2465984809580359,-0.26720699091482264,0.6503375303291306,-1.8500095165343355,-0.7266226911401854,1.4482439726069483,-0.5755115693951635,-0.5595719370593745,1.6803094590682988
0.2938667733196694,-0.8249057508317219,-1.367313009994313,-0.20679364850592954,0.9711450930868915,0.30534246068445325,1.3259859602540562,0.4129050217349737,1.5307395904207879,-0.19769534483345558,0.0692820323027559,0.2465984809580359,-0.9499546800127066,-0.6556665677516337,0.5405377599750526,1.37623007400284,-0.690491394346993,1.7375845303178776,-0.5595719370593745,-0.5951284714867237
-0.6663983892719759,0.2431906566367793,0.4339780104976623,-0.20679364850592954,1.0607438444189894,-0.6764137155411704,0.23568261093877343,0.4129050217349737,0.3635177394230079,-0.22420984685418274,0.0692820323027559,0.2465984809580359,-0.374648808852672,0.32383650580893947,-1.8500095165343355,1.37623007400284,-0.690491394346993,1.7375845303178776,-0.5595719370593745,-0.5951284714867237
-0.07206109430462555,1.3112870641052805,-1.4959766543151685,-0.20679364850592954,0.981567726486948,-0.0636787137942933,-0.30946906371886795,-1.5496634070223647,0.9471286649218978,-0.17643820569508384,0.0692820323027559,0.2465984809580359,-0.20279823002354852,-1.553544385182159,0.5405377599750526,1.37623007400284,-0.690491394346993,-0.5755115693951635,-0.5595719370593745,-0.5951284714867237
-0.7047007351201139,1.8172274676429916,0.07657899849528625,-0.20679364850592954,-1.0462023943746488,-0.7016662625186199,-0.30946906371886795,-0.5683791926436955,-0.22009318607588202,-0.21706310029668918,0.0692820323027559,0.2465984809580359,-0.353777109120816,-1.227043360661968,0.5405377599750526,-0.7266226911401854,1.4482439726069483,-0.5755115693951635,1.7870803265351975,-0.5951284714867237
-0.27974340247225743,-1.274630553976354,0.2910184056967119,-0.20679364850592954,-0.8390958229380991,-0.30113264517692934,1.8711376349116977,0.9035471289243083,-0.22009318607588202,-0.17309403623429007,0.0692820323027559,0.2465984809580359,-0.651821423615628,1.6298406038897038,-1.8500095165343355,-0.7266226911401854,1.4482439726069483,-0.5755115693951635,-0.5595719370593745,1.6803094590682988
0.5046324545877774,-0.09410294572169475,-0.2665240530269948,-0.20679364850592954,1.3368474797658771,0.4601698628852093,-1.9449240876917921,-0.07773708545436095,0.7525916897556012,-0.0894451768430298,0.0692820323027559,0.2465984809580359,0.9923289343808694,-0.16591503097134708,-1.8500095165343355,1.37623007400284,-0.690491394346993,-0.5755115693951635,-0.5595719370593745,-0.5951284714867237
3.134475631685065,-1.387061754762512,-1.367313009994313,-0.20679364850592954,-1.1559387503129082,3.1699639063104046,-0.8546207383765094,-0.07773708545436095,-0.22009318607588202,0.15864135411295727,0.0692820323027559,0.2465984809580359,-0.6088031902194306,-0.4107907993614904,0.5405377599750526,1.37623007400284,-0.690491394346993,-0.5755115693951635,-0.5595719370593745,1.6803094590682988
-0.4641976332829684,1.0864246625329645,1.4489912045844102,-0.20679364850592954,1.1446787342060138,-0.4591301100197154,-0.8546207383765094,0.4129050217349737,0.16898076425671127,-0.1999492718122637,0.0692820323027559,0.2465984809580359,0.20188742528871498,-1.4719191290521112,0.5405377599750526,1.37623007400284,-0.690491394346993,-0.5755115693951635,-0.5595719370593745,-0.5951284714867237
-0.6876051442630291,0.8053466605675694,-0.9527301560715568,-0.20679364850592954,0.23861216260812612,-0.6844261570917036,1.3259859602540562,-1.0590212998330302,1.1416656400881946,-0.20160028827040558,0.0692820323027559,0.2465984809580359,-0.26720699091482264,1.0584638109793694,0.5405377599750526,-0.7266226911401854,-0.690491394346993,-0.5755115693951635,1.7870803265351975,-0.5951284714867237
-0.8374913366472899,-0.6000433492594058,-0.7096988279099411,-0.20679364850592954,0.7180968868994893,-0.8355793860351093,0.23568261093877343,-1.5496634070223647,0.5580547145893046,-0.1748482101540011,0.0692820323027559,0.2465984809580359,-0.3302964469224781,-0.16591503097134708,0.5405377599750526,-0.7266226911401854,-0.690491394346993,-0.5755115693951635,-0.5595719370593745,-0.5951284714867237
0.5317318781708519,1.9858742688222286,0.44827397097775734,-0.20679364850592954,-0.07015931336609789,0.545218316353954,0.23568261093877343,0.9035471289243083,-0.9982410867410686,0.4924342698514928,0.0692820323027559,0.2465984809580359,3.5316943623393784,-0.0842897748412993,0.5405377599750526,1.37623007400284,-0.690491394346993,-0.5755115693951635,1.7870803265351975,-0.5951284714867237
-0.9808339261183179,0.5804842589952534,-1.1242816818326973,-0.20679364850592954,-0.8141481666078283,-0.9815997569910199,-0.8546207383765094,-0.07773708545436095,-0.41463016124217866,-0.2347008151060628,0.0692820323027559,0.2465984809580359,-0.9506513915804602,-0.002664518711251552,-1.8500095165343355,-0.7266226911401854,1.4482439726069483,-0.5755115693951635,1.7870803265351975,-0.5951284714867237
-0.9842256365288418,-0.4876121484732478,2.292452872910018,-0.20679364850592954,-0.7631477727676003,-0.9835540785070193,0.7808342855964149,-0.5683791926436955,0.16898076425671127,-0.237288948988795,0.0692820323027559,0.2465984809580359,-0.26720699091482264,-0.002664518711251552,0.5405377599750526,-0.7266226911401854,1.4482439726069483,1.7375845303178776,-0.5595719370593745,-0.5951284714867237
-0.6093902466142822,-0.8249057508317219,0.04798707753509617,-0.20679364850592954,-0.43048500576712107,-0.6055500835653503,0.7808342855964149,0.4129050217349737,-0.025556210909585365,1.170445356732404,0.0692820323027559,0.2465984809580359,-0.6499684673184107,1.5482153477596559,0.5405377599750526,1.37623007400284,-0.690491394346993,1.7375845303178776,-0.5595719370593745,-0.5951284714867237
-0.3584379359366339,0.8053466605675694,0.2910184056967119,-0.20679364850592954,-0.537224053354909,-0.35247639167724826,0.7808342855964149,-0.5683791926436955,-0.803704111574772,0.11937049339796862,0.0692820323027559,0.2465984809580359,-0.2905987112108942,1.0584638109793694,0.5405377599750526,-0.7266226911401854,-0.690491394346993,-0.5755115693951635,1.7870803265351975,-0.5951284714867237
1.708552611519277,1.2550714637122016,-0.7954745907905113,-0.20679364850592954,-0.927015158556289,1.731987096743893,0.23568261093877343,-0.07773708545436095,0.5580547145893046,0.6577874457215862,0.0692820323027559,0.2465984809580359,-0.9078851602406843,-1.553544385182159,0.5405377599750526,1.37623007400284,-0.690491394346993,-0.5755115693951635,1.7870803265351975,-0.5951284714867237
-0.9105672791285764,0.35562185742293734,0.41968205001756725,-0.20679364850592954,-0.9506526142303658,-0.9092730631405456,-0.30946906371886795,1.394189236113643,0.16898076425671127,-0.22771588310475488,0.0692820323027559,0.2465984809580359,-0.7782523376873605,-0.6556665677516337,0.5405377599750526,-0.7266226911401854,1.4482439726069483,-0.5755115693951635,1.7870803265351975,-0.5951284714867237
-0.14935098002322958,-0.5438277488663268,-0.8097705512706064,-0.20679364850592954,0.17287137038735056,-0.14162195596488147,-0.30946906371886795,2.866115557681647,-0.803704111574772,-0.10738320798928402,0.0692820323027559,0.2465984809580359,-0.26751828757275514,0.40546176193898725,0.5405377599750526,1.37623007400284,-0.690491394346993,-0.5755115693951635,-0.5595719370593745,-0.5951284714867237
-0.26514876979667,-0.9373369516178799,-0.2522280925468997,-0.20679364850592954,-1.0356361773410367,-0.2583986219828726,-0.30946906371886795,-0.07773708545436095,0.3635177394230079,-0.127203551663344,0.0692820323027559,0.2465984809580359,1.4392768169200658,-1.3902938729220635,0.5405377599750526,-0.7266226911401854,1.4482439726069483,-0.5755115693951635,-0.5595719370593745,1.6803094590682988
-0.5921233572516154,0.2431906566367793,-1.0670978399123172,-0.20679364850592954,0.16676650196778492,-0.58813723159107,0.7808342855964149,-1.5496634070223647,0.9471286649218978,-0.17620180384753978,-14.433756729740645,0.2465984809580359,-0.35268015899286337,1.4665900916296082,0.5405377599750526,1.37623007400284,-0.690491394346993,1.7375845303178776,-0.5595719370593745,-0.5951284714867237
-0.7079896664272886,1.0302090621398854,-0.9098422746312717,-0.20679364850592954,-0.3123515712593205,-0.7167815357983197,-0.30946906371886795,-0.07773708545436095,0.16898076425671127,-0.19098992114654184,0.0692820323027559,0.2465984809580359,-0.26616933538838095,-1.1454181045319203,-1.8500095165343355,-0.7266226911401854,-0.690491394346993,-0.5755115693951635,1.7870803265351975,-0.5951284714867237
-0.4641976332829684,-0.20653414650785276,0.44827397097775734,-0.20679364850592954,0.8877435139387874,-0.4591301100197154,-0.8546207383765094,0.4129050217349737,-0.22009318607588202,-0.14518002008998046,0.0692820323027559,0.2465984809580359,-0.844054521714142,0.32383650580893947,0.5405377599750526,1.37623007400284,-0.690491394346993,1.7375845303178776,-0.5595719370593745,-0.5951284714867237
-0.7496837226859504,0.1869750562437003,-0.995618037511842,-0.20679364850592954,0.34774598008414337,-0.7572491117892184,-0.30946906371886795,1.394189236113643,-0.22009318607588202,-0.21028872400857862,0.0692820323027559,0.2465984809580359,-0.26720699091482264,-0.16591503097134708,-1.8500095165343355,-0.7266226911401854,-0.690491394346993,1.7375845303178776,-0.5595719370593745,-0.5951284714867237
-0.3498044912553005,-0.7686901504386429,1.320327560263555,-0.20679364850592954,1.762442189591708,-0.3437699656901081,-0.8546207383765094,0.4129050217349737,-0.803704111574772,0.060237787322627086,0.0692820323027559,0.2465984809580359,-0.35459240989159163,0.07896073741879621,0.5405377599750526,-0.7266226911401854,-0.690491394346993,-0.5755115693951635,-0.5595719370593745,-0.5951284714867237
-0.6112402704745679,0.6366998593883324,-0.33800385542746997,-0.20679364850592954,0.1031230563943025,-0.6074157462768803,1.3259859602540562,-0.07773708545436095,-0.6091671364084753,-0.13585879831949763,0.0692820323027559,0.2465984809580359,0.4810019382511548,-0.0842897748412993,0.5405377599750526,1.37623007400284,-0.690491394346993,-0.5755115693951635,1.7870803265351975,-0.5951284714867237
3.9635946584031214,-0.9935525520109589,-1.4244968519146932,-0.20679364850592954,-1.0064374198601402,4.0060917448611155,-0.8546207383765094,-0.5683791926436955,0.7525916897556012,1.1070646217013695,0.0692820323027559,0.2465984809580359,-0.5038072745939082,0.24221124967889174,0.5405377599750526,-0.7266226911401854,-0.690491394346993,-0.5755115693951635,-0.5595719370593745,1.6803094590682988
-0.44216864546512163,1.4799338652845175,-0.1092684877459493,-0.20679364850592954,0.2174976764950962,-0.43691490402871874,1.8711376349116977,-1.0590212998330302,0.5580547145893046,-0.17206996193793364,0.0692820323027559,0.2465984809580359,-0.26720699091482264,1.3033395793695126,0.5405377599750526,-0.7266226911401854,-0.690491394346993,-0.5755115693951635,1.7870803265351975,-0.5951284714867237
-0.4129793801139467,-1.162199353190196,1.649134651305741,-0.20679364850592954,-0.21190969160032458,-0.40747889235791146,-0.30946906371886795,-0.5683791926436955,0.7525916897556012,-0.11379477381192445,0.0692820323027559,0.2465984809580359,0.5222858045531565,0.7319627864591783,0.5405377599750526,1.37623007400284,-0.690491394346993,-0.5755115693951635,-0.5595719370593745,1.6803094590682988
-0.6288840165495152,0.35562185742293734,0.7484891410597533,-0.20679364850592954,2.1215140891925763,-0.6252086406553612,-0.8546207383765094,-0.07773708545436095,-0.6091671364084753,-0.16129297310273966,0.0692820323027559,0.2465984809580359,0.7573296049425796,0.8952132987192738,0.5405377599750526,-0.7266226911401854,-0.690491394346993,-0.5755115693951635,-0.5595719370593745,-0.5951284714867237
-0.31091973048818367,-1.387061754762512,0.4911618524180425,-0.20679364850592954,-1.1947294073140047,-0.30455649943850455,1.8711376349116977,0.4129050217349737,-1.387315037073662,-0.1562784097073781,0.0692820323027559,0.2465984809580359,-0.26720699091482264,0.7319627864591783,0.5405377599750526,1.37623007400284,-0.690491394346993,-0.5755115693951635,-0.5595719370593745,1.6803094590682988
0.575070400083101,-0.4876121484732478,0.13376284041566644,-0.20679364850592954,-0.4227417455289486,0.5889231928370187,-0.30946906371886795,0.9035471289243083,0.9471286649218978,0.03208908453529706,0.0692820323027559,0.2465984809580359,0.8191145797169941,-0.9005423361417769,0.5405377599750526,-0.7266226911401854,-0.690491394346993,1.7375845303178776,-0.5595719370593745,-0.5951284714867237
-0.8936087270759572,1.1426402629260435,-0.16645232966632947,-0.20679364850592954,-0.9962070859693095,-0.8969403909492553,0.7808342855964149,-0.5683791926436955,-0.41463016124217866,-0.2269551543560772,0.0692820323027559,0.2465984809580359,-0.26720699091482264,0.7319627864591783,-1.8500095165343355,-0.7266226911401854,1.4482439726069483,-0.5755115693951635,1.7870803265351975,-0.5951284714867237
-0.8343737038456972,-0.9935525520109589,0.37679416857728215,-0.20679364850592954,-1.191016744789212,-0.8324353988730863,-0.8546207383765094,-0.07773708545436095,-0.9982410867410686,-0.06274927957255949,0.0692820323027559,0.2465984809580359,-0.7796754081236233,-0.002664518711251552,0.5405377599750526,1.37623007400284,-0.690491394346993,-0.5755115693951635,-0.5595719370593745,1.6803094590682988
-0.2883768471535909,0.018328255064463266,-1.4673847333549783,-0.20679364850592954,-0.35329854675720596,-0.2818230538054164,-0.30946906371886795,-0.07773708545436095,0.16898076425671127,0.3300099215566799,0.0692820323027559,0.2465984809580359,0.8858358300671956,-1.0637928484018724,0.5405377599750526,-0.7266226911401854,-0.690491394346993,1.7375845303178776,-0.5595719370593745,-0.5951284714867237
-0.8121391578211521,0.6929154597814113,-0.9670261165516518,-0.20679364850592954,-0.40495019493534645,-0.8178673459974419,-0.8546207383765094,1.394189236113643,-0.9982410867410686,-0.16894766524069346,0.0692820323027559,-4.0551750201988135,1.8888781328768773,-1.0637928484018724,-1.8500095165343355,1.37623007400284,-0.690491394346993,-0.5755115693951635,1.7870803265351975,-0.5951284714867237
0.16844200753251987,-1.330846154369433,-0.052084645825569126,-0.20679364850592954,-0.8913859054868704,0.13386885779179294,-0.30946906371886795,0.4129050217349737,-0.6091671364084753,0.22083338751256418,0.0692820323027559,0.2465984809580359,-0.7808909474545979,1.3849648354995603,-1.8500095165343355,1.37623007400284,-0.690491394346993,-0.5755115693951635,-0.5595719370593745,1.6803094590682988
0.13291469747481047,-1.330846154369433,-1.4530887728748834,-0.20679364850592954,-1.0547866444665037,0.14302980478134006,-0.8546207383765094,-0.07773708545436095,-0.025556210909585365,-0.10287732405171458,0.0692820323027559,0.2465984809580359,-0.26720699091482264,1.140089067109417,0.5405377599750526,1.37623007400284,-0.690491394346993,-0.5755115693951635,-0.5595719370593745,1.6803094590682988
0.1375054974244085,1.8734430680360705,-0.18074829014642452,4.772110297630447,0.4837991648583636,0.14765941225069246,-1.9449240876917921,-0.5683791926436955,1.3362026152544912,-0.11945769361504668,0.0692820323027559,-4.0551750201988135,1.6113349268544774,1.140089067109417,0.5405377599750526,-0.7266226911401854,1.4482439726069483,-0.5755115693951635,1.7870803265351975,-0.5951284714867237
0.18635983121639843,1.9858742688222286,-1.0670978399123172,1.452841000206196,-0.37194903515868494,0.19692672755887453,-0.30946906371886795,-1.5496634070223647,1.1416656400881946,-0.11455597076192882,0.0692820323027559,0.2465984809580359,-0.6731823038099494,-1.227043360661968,0.5405377599750526,-0.7266226911401854,-0.690491394346993,-0.5755115693951635,1.7870803265351975,-0.5951284714867237
1.5799759532294186,0.8615622609606484,-0.08067656678575921,-0.20679364850592954,0.5428402421777005,1.6023235382925556,0.23568261093877343,-1.5496634070223647,0.7525916897556012,0.028209883946887945,0.0692820323027559,-4.0551750201988135,-0.865771169517529,1.140089067109417,0.5405377599750526,-0.7266226911401854,-0.690491394346993,1.7375845303178776,-0.5595719370593745,-0.5951284714867237
-0.949177962286762,0.35562185742293734,-0.681106906949751,-0.20679364850592954,0.05454307237686747,-0.9482101349163669,-0.8546207383765094,-1.0590212998330302,-0.6091671364084753,-0.23594154609637255,0.0692820323027559,0.2465984809580359,0.16125579960333347,-0.6556665677516337,0.5405377599750526,1.37623007400284,-0.690491394346993,1.7375845303178776,-0.5595719370593745,-0.5951284714867237
-0.7751386806154373,0.2431906566367793,0.34820224761709206,3.1124756489183216,0.3155576062331444,-0.7726996427946524,0.23568261093877343,-0.07773708545436095,-0.22009318607588202,-0.21751470208206944,0.0692820323027559,0.2465984809580359,-0.9523857586746557,0.24221124967889174,0.5405377599750526,-0.7266226911401854,1.4482439726069483,1.7375845303178776,-0.5595719370593745,-0.5951284714867237
-0.6421082611804465,-0.8249057508317219,0.24813052425642676,-0.20679364850592954,-1.192283357556648,-0.6385446741118537,1.8711376349116977,-1.5496634070223647,0.16898076425671127,-0.19871078884312982,0.0692820323027559,0.2465984809580359,-0.8863167489410747,0.9768385548493216,0.5405377599750526,-0.7266226911401854,-0.690491394346993,1.7375845303178776,-0.5595719370593745,-0.5951284714867237
0.196363663942388,1.6485806664637546,1.020112390181559,-0.20679364850592954,-0.31838464786210846,0.20701512592492585,-0.8546207383765094,-0.07773708545436095,-0.9982410867410686,-0.08949959631381973,0.0692820323027559,0.2465984809580359,1.0777724551581547,-1.3902938729220635,0.5405377599750526,-0.7266226911401854,-0.690491394346993,-0.5755115693951635,1.7870803265351975,-0.5951284714867237
3.884146411514184,-0.8249057508317219,-1.009913997991937,-0.20679364850592954,0.11632249470758443,3.925971896193742,0.7808342855964149,-0.5683791926436955,-1.387315037073662,0.3484618093161915,0.0692820323027559,0.2465984809580359,-0.26720699091482264,-1.3086686167920156,0.5405377599750526,-0.7266226911401854,-0.690491394346993,-0.5755115693951635,-0.5595719370593745,-0.5951284714867237
1.6957737430028592,-1.443277355155591,0.6341214572189929,-0.20679364850592954,-1.1137815699036262,1.7191002043105472,-0.8546207383765094,-1.0590212998330302,0.16898076425671127,-0.17420706350261364,0.0692820323027559,0.2465984809580359,1.5670566831761723,-1.4719191290521112,0.5405377599750526,-0.7266226911401854,-0.690491394346993,-0.5755115693951635,-0.5595719370593745,1.6803094590682988
-0.5525191427610541,-1.443277355155591,-0.09497252726585426,-0.20679364850592954,-1.2434016950958682,-0.5481982298405381,2.416289309569339,0.4129050217349737,0.7525916897556012,-0.22663157531842407,0.0692820323027559,0.2465984809580359,1.933438025912359,0.24221124967889174,0.5405377599750526,-0.7266226911401854,1.4482439726069483,-0.5755115693951635,-0.5595719370593745,1.6803094590682988
-0.9151238193770579,-0.7124745500455638,-0.5953311440691808,-0.20679364850592954,1.6326348928771526,-0.9178225912140738,-0.30946906371886795,1.8848313433029775,-0.41463016124217866,-0.23682785907873788,0.0692820323027559,0.2465984809580359,0.05067136778540348,1.4665900916296082,-1.8500095165343355,1.37623007400284,-0.690491394346993,-0.5755115693951635,-0.5595719370593745,-0.5951284714867237
0.15172327338771546,-0.09410294572169475,-0.43807557878813524,-0.20679364850592954,-0.24480572764527558,0.16199737568189546,1.3259859602540562,-1.0590212998330302,-0.41463016124217866,-0.10061432165688948,0.0692820323027559,0.2465984809580359,-0.26720699091482264,-1.553544385182159,0.5405377599750526,-0.7266226911401854,-0.690491394346993,1.7375845303178776,-0.5595719370593745,-0.5951284714867237
-0.8900114584587349,1.0302090621398854,1.0772962321019393,-0.20679364850592954,0.024275129624673434,-0.8885434774568786,-0.30946906371886795,0.9035471289243083,0.16898076425671127,-0.22809086688293098,0.0692820323027559,0.2465984809580359,-0.24590540532201235,-1.1454181045319203,0.5405377599750526,1.37623007400284,-0.690491394346993,-0.5755115693951635,1.7870803265351975,-0.5951284714867237
1.6363674212670172,0.8053466605675694,-1.1671695632729824,-0.20679364850592954,0.22134623067307532,1.5586134991081702,-0.30946906371886795,-1.0590212998330302,-0.22009318607588202,0.255000054278291,0.0692820323027559,0.2465984809580359,-0.8011104065698332,-1.7167948974422544,-1.8500095165343355,-0.7266226911401854,1.4482439726069483,-0.5755115693951635,-0.5595719370593745,-0.5951284714867237
-0.4781755913384606,0.2431906566367793,0.005099196094811046,-0.20679364850592954,1.092245068023687,-0.47322622828460886,1.3259859602540562,-0.07773708545436095,3.6706463172500507,-0.19162697818427743,0.0692820323027559,0.2465984809580359,-0.160239529789061,0.48708701806903504,0.5405377599750526,-0.7266226911401854,-0.690491394346993,1.7375845303178776,-0.5595719370593745,-0.5951284714867237
-0.9598669890350795,1.6485806664637546,0.4339780104976623,-0.20679364850592954,0.4453674669411562,-0.9589895194718737,-0.30946906371886795,0.4129050217349737,-1.970925962572552,-0.23508542902177942,0.0692820323027559,0.2465984809580359,-0.05371677817463155,-0.9821675922718247,0.5405377599750526,-0.7266226911401854,-0.690491394346993,-0.5755115693951635,1.7870803265351975,-0.5951284714867237
-0.14640464572721892,-1.218414953583275,-0.2522280925468997,-0.20679364850592954,-1.1318500317905142,-0.13865071535022247,-1.9449240876917921,-0.07773708545436095,1.3362026152544912,-0.1364843523304197,0.0692820323027559,0.2465984809580359,-0.26720699091482264,-1.3902938729220635,0.5405377599750526,1.37623007400284,-0.690491394346993,-0.5755115693951635,-0.5595719370593745,1.6803094590682988
-0.6323099866611555,-0.4876121484732478,-1.5388645357554536,-0.20679364850592954,0.42096337722363114,-0.6433280638477076,-0.8546207383765094,-1.0590212998330302,1.1416656400881946,-0.1876108331970239,0.0692820323027559,0.2465984809580359,-0.07481083266215359,1.5482153477596559,-1.8500095165343355,-0.7266226911401854,1.4482439726069483,-0.5755115693951635,-0.5595719370593745,-0.5951284714867237
-0.5148677312341277,-0.6000433492594058,-0.39518769734785014,-0.20679364850592954,2.182270478134211,-0.5293405120836975,0.23568261093877343,0.4129050217349737,1.1416656400881946,-0.14415961023402535,0.0692820323027559,0.2465984809580359,0.7992657118612021,0.16058599354884398,-1.8500095165343355,-0.7266226911401854,1.4482439726069483,-0.5755115693951635,-0.5595719370593745,-0.5951284714867237
-0.2249964000882463,1.1988558633191224,-1.5388645357554536,-0.20679364850592954,0.1540388384504709,-0.21790683128077631,1.8711376349116977,1.394189236113643,-0.41463016124217866,-0.07732657915449681,0.0692820323027559,0.2465984809580359,-0.5014651378342255,-0.4107907993614904,0.5405377599750526,-0.7266226911401854,-0.690491394346993,-0.5755115693951635,-0.5595719370593745,-0.5951284714867237
-0.8970346971875974,-1.218414953583275,0.03369111705500113,-0.20679364850592954,-1.1544234301802063,-0.8956260858987981,-0.30946906371886795,-0.5683791926436955,0.16898076425671127,-0.21825845637882446,0.0692820323027559,0.2465984809580359,0.41534799072815065,-1.3086686167920156,0.5405377599750526,1.37623007400284,-0.690491394346993,-0.5755115693951635,-0.5595719370593745,1.6803094590682988
0.8578157133967708,-0.9373369516178799,0.7341931805796582,-0.20679364850592954,-0.9629751667815767,0.8740586439158593,0.23568261093877343,0.4129050217349737,1.1416656400881946,0.18402173631327756,0.0692820323027559,0.2465984809580359,-0.3532879286583507,0.5687122741990828,0.5405377599750526,-0.7266226911401854,-0.690491394346993,-0.5755115693951635,-0.5595719370593745,1.6803094590682988
-0.12382750269150976,0.2994062570298583,-0.33800385542746997,-0.20679364850592954,0.41573539456613645,-0.14980319707949358,0.7808342855964149,-1.0590212998330302,0.16898076425671127,-0.09821133970949898,0.0692820323027559,-4.0551750201988135,-1.035887381252457,0.5687122741990828,-1.8500095165343355,-0.7266226911401854,1.4482439726069483,1.7375845303178776,-0.5595719370593745,-0.5951284714867237
0.14545374808341385,-0.09410294572169475,-1.1814655237530776,-0.20679364850592954,0.5435273924240018,0.15567485204837705,-0.30946906371886795,-0.5683791926436955,0.9471286649218978,-0.05976341935056174,0.0692820323027559,0.2465984809580359,-1.0995401359744665,-0.8189170800117291,0.5405377599750526,-0.7266226911401854,-0.690491394346993,1.7375845303178776,-0.5595719370593745,-0.5951284714867237
-0.9255387685164443,0.9739934617468065,0.6341214572189929,-0.20679364850592954,0.2143952444129144,-0.9243711113801498,2.416289309569339,-1.0590212998330302,0.16898076425671127,-0.22772514523499268,0.0692820323027559,-4.0551750201988135,-0.8864798090952298,-1.3902938729220635,0.5405377599750526,-0.7266226911401854,-0.690491394346993,-0.5755115693951635,1.7870803265351975,-0.5951284714867237
0.13445638402504853,-1.274630553976354,-0.2808200135070898,-0.20679364850592954,-0.157440214613657,0.14458452370761507,-0.8546207383765094,-0.5683791926436955,-0.41463016124217866,-0.10269183205213875,0.0692820323027559,0.2465984809580359,-0.26720699091482264,1.7114658600197514,0.5405377599750526,-0.7266226911401854,-0.690491394346993,-0.5755115693951635,-0.5595719370593745,1.6803094590682988
-0.950274272722487,-0.09410294572169475,0.2624264847365218,-0.20679364850592954,0.10282050516645329,-0.9493157128194958,-0.8546207383765094,0.4129050217349737,-0.025556210909585365,-0.23423950895177817,0.0692820323027559,0.2465984809580359,-1.034938667628282,-0.3291655432314426,0.5405377599750526,-0.7266226911401854,-0.690491394346993,1.7375845303178776,-0.5595719370593745,-0.5951284714867237
-0.8361894680048666,0.2431906566367793,-0.9241382351113667,-0.20679364850592954,-0.7401769553921742,-0.8342665122751436,-0.8546207383765094,-1.5496634070223647,1.5307395904207879,-0.20508632764686213,0.0692820323027559,0.2465984809580359,-0.653526143409068,1.221714323239465,0.5405377599750526,1.37623007400284,-0.690491394346993,1.7375845303178776,-0.5595719370593745,-0.5951284714867237
1.1817411874523562,1.1426402629260435,0.11946687993557138,-0.20679364850592954,1.6162407187172603,1.2007223649809793,1.3259859602540562,0.4129050217349737,-0.025556210909585365,0.32933314612049136,0.0692820323027559,0.2465984809580359,1.8034346120995919,0.16058599354884398,0.5405377599750526,-0.7266226911401854,-0.690491394346993,-0.5755115693951635,-0.5595719370593745,-0.5951284714867237
0.4126108973891203,0.7491310601744904,0.5912335757787078,-0.20679364850592954,1.4376278065611114,0.4250903673171032,0.7808342855964149,0.4129050217349737,-0.6091671364084753,-0.048468457194476094,0.0692820323027559,0.2465984809580359,-0.6505910606342756,-1.553544385182159,0.5405377599750526,-0.7266226911401854,1.4482439726069483,-0.5755115693951635,-0.5595719370593745,-0.5951284714867237
-0.6129189958292717,-0.6562589496524849,2.5211882405915387,-0.20679364850592954,-1.1191736481423271,-0.6091086624410464,0.23568261093877343,1.8848313433029775,-0.22009318607588202,-0.19261423140206543,0.0692820323027559,0.2465984809580359,-0.26720699091482264,0.6503375303291306,0.5405377599750526,-0.7266226911401854,1.4482439726069483,-0.5755115693951635,-0.5595719370593745,-0.5951284714867237
1.5030629242230953,-0.7686901504386429,-1.3101291680739329,-0.20679364850592954,2.3472455090960422,1.5247603385261683,0.7808342855964149,1.394189236113643,0.16898076425671127,0.512813622768335,0.0692820323027559,0.2465984809580359,0.13684124743119797,-0.4107907993614904,0.5405377599750526,-0.7266226911401854,1.4482439726069483,-0.5755115693951635,-0.5595719370593745,-0.5951284714867237
0.5916863551245563,-0.2627497469009318,-0.4523715392682303,-0.20679364850592954,0.8742671643322198,0.6056796079313163,-1.399772413034151,-0.5683791926436955,0.9471286649218978,-0.10776974272062496,0.0692820323027559,0.2465984809580359,2.1675331126776065,-1.553544385182159,0.5405377599750526,-0.7266226911401854,-0.690491394346993,-0.5755115693951635,-0.5595719370593745,-0.5951284714867237
-0.02026042621662498,-1.330846154369433,-0.42377961830804023,-0.20679364850592954,-0.9392633552972658,-0.011440157871452269,-1.399772413034151,-0.5683791926436955,0.16898076425671127,-0.1213069847206819,0.0692820323027559,0.2465984809580359,-0.26720699091482264,-1.0637928484018724,0.5405377599750526,-0.7266226911401854,-0.690491394346993,-0.5755115693951635,-0.5595719370593745,1.6803094590682988
0.4371065836873482,-1.0497681524040379,0.7484891410597533,-0.20679364850592954,1.2221036446073692,0.3946303458120285,-0.30946906371886795,-0.07773708545436095,-0.6091671364084753,-0.06428806531466597,0.0692820323027559,0.2465984809580359,0.13629277236722173,-1.1454181045319203,-1.8500095165343355,-0.7266226911401854,1.4482439726069483,1.7375845303178776,-0.5595719370593745,-0.5951284714867237
-0.6044225899524037,1.3112870641052805,0.5483456943384226,-0.20679364850592954,2.01952099349249,-0.6005404336917974,1.8711376349116977,-0.5683791926436955,-0.41463016124217866,-0.20043208129966794,0.0692820323027559,0.2465984809580359,0.6518296852042141,0.813588042589226,0.5405377599750526,-0.7266226911401854,-0.690491394346993,-0.5755115693951635,-0.5595719370593745,-0.5951284714867237
1.1331951909704139,-0.03788734532861574,-0.16645232966632947,-0.20679364850592954,1.7320819430750851,1.1517659934580524,-1.399772413034151,-0.5683791926436955,1.1416656400881946,0.017474007317518036,0.0692820323027559,0.2465984809580359,-0.26720699091482264,-1.553544385182159,0.5405377599750526,-0.7266226911401854,1.4482439726069483,-0.5755115693951635,-0.5595719370593745,-0.5951284714867237
-0.10906157151034028,0.5242686586021743,-0.39518769734785014,-0.20679364850592954,-0.17130885521904604,-0.10099196802489403,-0.30946906371886795,-2.0403055142116995,-0.41463016124217866,-0.1901103909221925,0.0692820323027559,0.2465984809580359,-0.7355454009490956,0.7319627864591783,0.5405377599750526,-0.7266226911401854,1.4482439726069483,-0.5755115693951635,1.7870803265351975,-0.5951284714867237
-0.8327634978932263,-0.7124745500455638,0.6341214572189929,-0.20679364850592954,0.4786147700896269,-0.8308115813278657,1.3259859602540562,-0.5683791926436955,0.3635177394230079,-0.226709777639995,0.0692820323027559,0.2465984809580359,-0.5878277249349305,-0.4107907993614904,0.5405377599750526,1.37623007400284,-0.690491394346993,-0.5755115693951635,-0.5595719370593745,-0.5951284714867237
-0.9653828009148204,1.3675026644983594,-1.5531604962355485,4.772110297630447,0.8385661194460234,-0.964551958296991,0.23568261093877343,-1.0590212998330302,0.16898076425671127,-0.23545919787941766,0.0692820323027559,0.2465984809580359,-1.098947189959357,0.5687122741990828,0.5405377599750526,1.37623007400284,-0.690491394346993,-0.5755115693951635,-0.5595719370593745,-0.5951284714867237
1.9161664002846763,-0.4876121484732478,0.4339780104976623,-0.20679364850592954,0.8885229679495176,1.9413559121489306,0.7808342855964149,-1.0590212998330302,0.7525916897556012,0.19060894451421623,0.0692820323027559,0.2465984809580359,-0.7818693083795287,0.48708701806903504,0.5405377599750526,1.37623007400284,-0.690491394346993,1.7375845303178776,-0.5595719370593745,-0.5951284714867237
-0.6791429980872776,-0.2627497469009318,-1.052801879432222,-0.20679364850592954,-0.9851331982313405,-0.6758924776519272,-0.30946906371886795,-1.5496634070223647,0.9471286649218978,-0.20837148686871435,0.0692820323027559,0.2465984809580359,0.03211215751247486,1.4665900916296082,0.5405377599750526,-0.7266226911401854,-0.690491394346993,-0.5755115693951635,-0.5595719370593745,-0.5951284714867237
-0.5230215400998315,-0.15031854611477377,-0.6525149859895609,-0.20679364850592954,0.4546516872465941,-0.5184512743844759,-0.8546207383765094,0.4129050217349737,-0.6091671364084753,-0.18648722622231262,0.0692820323027559,0.2465984809580359,-0.9508144517346154,-0.5740413116215859,0.5405377599750526,1.37623007400284,-0.690491394346993,1.7375845303178776,-0.5595719370593745,-0.5951284714867237
-0.9570234338424182,0.4680530582090954,-1.4530887728748834,-0.20679364850592954,2.3624602462660143,-0.9561219267856331,-0.30946906371886795,0.4129050217349737,-0.9982410867410686,-0.2340185994169286,0.0692820323027559,0.2465984809580359,0.8640747113126753,-0.24754028710139483,0.5405377599750526,-0.7266226911401854,-0.690491394346993,-0.5755115693951635,-0.5595719370593745,-0.5951284714867237
-0.8855576973136026,-1.0497681524040379,0.333906287136997,-0.20679364850592954,-1.1783506171148503,-0.8840520672254173,-0.30946906371886795,-0.5683791926436955,0.16898076425671127,-0.22328196980982282,0.0692820323027559,0.2465984809580359,-0.7571138122487052,-1.0637928484018724,0.5405377599750526,-0.7266226911401854,1.4482439726069483,-0.5755115693951635,-0.5595719370593745,1.6803094590682988
-0.9518502189738415,-1.387061754762512,1.7206144537062162,-0.20679364850592954,-0.920797474424644,-0.9509049810552437,0.23568261093877343,1.8848313433029775,-0.6091671364084753,-0.23339361699770259,0.0692820323027559,0.2465984809580359,-0.26720699091482264,0.40546176193898725,0.5405377599750526,-0.7266226911401854,-0.690491394346993,-0.5755115693951635,-0.5595719370593745,1.6803094590682988
1.285239744525008,0.07454385545754227,-0.02349272486537904,-0.20679364850592954,0.06979626944868485,1.2178146607098796,-0.30946906371886795,-0.5683791926436955,1.1416656400881946,3.8982873545790184,0.0692820323027559,0.2465984809580359,1.7167310810401988,-1.1454181045319203,-1.8500095165343355,1.37623007400284,-0.690491394346993,1.7375845303178776,-0.5595719370593745,-0.5951284714867237
0.31007161194772787,1.5923650660706756,-1.1385776423127922,-0.20679364850592954,-0.5364343433703537,0.2713322588980993,-0.8546207383765094,1.8848313433029775,0.7525916897556012,-0.10524511134276353,0.0692820323027559,0.2465984809580359,-0.8637996240172897,-0.0842897748412993,-1.8500095165343355,-0.7266226911401854,1.4482439726069483,-0.5755115693951635,1.7870803265351975,-0.5951284714867237
0.3736233575186543,0.6929154597814113,-0.18074829014642452,-0.20679364850592954,2.02078504226647,0.3857732531370814,0.23568261093877343,0.4129050217349737,0.5580547145893046,-0.10426142931300675,0.0692820323027559,0.2465984809580359,0.5868279782978305,0.16058599354884398,0.5405377599750526,-0.7266226911401854,-0.690491394346993,-0.5755115693951635,-0.5595719370593745,-0.5951284714867237
-0.1594233321514519,-0.4876121484732478,-1.2243534051933627,-0.20679364850592954,1.2531151454619045,-0.15177945294987832,-0.30946906371886795,0.4129050217349737,-0.025556210909585365,-0.1594326909666665,0.0692820323027559,-4.0551750201988135,-0.5031698576276655,-1.1454181045319203,0.5405377599750526,-0.7266226911401854,1.4482439726069483,-0.5755115693951635,-0.5595719370593745,-0.5951284714867237
0.5340957975478836,1.1988558633191224,0.39109012905737717,-0.20679364850592954,0.3210445522297303,0.5476022187075757,0.23568261093877343,-1.0590212998330302,0.7525916897556012,-0.05460818371764896,0.0692820323027559,0.2465984809580359,-0.26720699091482264,1.4665900916296082,0.5405377599750526,1.37623007400284,-0.690491394346993,-0.5755115693951635,-0.5595719370593745,-0.5951284714867237
-0.8959041270507563,0.4680530582090954,0.677009338659278,-0.20679364850592954,1.847346268905232,-0.8944859586861963,1.3259859602540562,-2.0403055142116995,-0.9982410867410686,-0.23186177165158367,0.0692820323027559,0.2465984809580359,2.4223961336220663,-1.0637928484018724,0.5405377599750526,1.37623007400284,-0.690491394346993,-0.5755115693951635,-0.5595719370593745,-0.5951284714867237
0.6973775330686578,0.1307594558506213,1.2631437183431748,-0.20679364850592954,0.9506100694949963,0.7122642276548377,-0.8546207383765094,0.4129050217349737,0.7525916897556012,0.007401904079030604,0.0692820323027559,0.2465984809580359,0.3105447825575387,0.813588042589226,0.5405377599750526,1.37623007400284,-0.690491394346993,1.7375845303178776,-0.5595719370593745,-0.5951284714867237
-0.4666643317633494,-1.162199353190196,-0.2665240530269948,-0.20679364850592954,-0.311259310046916,-0.4825550729553538,0.7808342855964149,-0.07773708545436095,0.7525916897556012,-0.18211811799393718,0.0692820323027559,0.2465984809580359,0.6059949582362465,-1.1454181045319203,-1.8500095165343355,-0.7266226911401854,1.4482439726069483,-0.5755115693951635,-0.5595719370593745,1.6803094590682988
2.267602414336733,1.2550714637122016,-1.1957614842331725,-0.20679364850592954,1.4145877613623639,2.2957627287206916,-1.399772413034151,0.9035471289243083,0.9471286649218978,0.1539631426498477,0.0692820323027559,0.2465984809580359,-0.26720699091482264,0.24221124967889174,0.5405377599750526,1.37623007400284,-0.690491394346993,-0.5755115693951635,-0.5595719370593745,-0.5951284714867237
-0.8264939725889248,-0.03788734532861574,-0.6382190255094659,-0.20679364850592954,-0.004762096268473283,-0.8244890576943473,-0.30946906371886795,2.3754734504923123,0.16898076425671127,-0.2343974355179435,0.0692820323027559,0.2465984809580359,-0.4597958566224024,-1.3086686167920156,0.5405377599750526,-0.7266226911401854,-0.690491394346993,-0.5755115693951635,-0.5595719370593745,-0.5951284714867237
-0.9346861087145238,0.9739934617468065,-0.9241382351113667,-0.20679364850592954,0.19273719168713882,-0.9335957770093818,-0.30946906371886795,2.3754734504923123,1.1416656400881946,-0.2356087484930029,0.0692820323027559,0.2465984809580359,1.9972241934877686,-1.3902938729220635,0.5405377599750526,-0.7266226911401854,-0.690491394346993,-0.5755115693951635,1.7870803265351975,-0.5951284714867237
0.00851772272115303,1.3112870641052805,-1.038505918952127,-0.20679364850592954,2.1620739016785535,-0.021351063921859096,-0.30946906371886795,-0.5683791926436955,-0.025556210909585365,-0.1363434868253938,-14.433756729740645,0.2465984809580359,0.9695153364495297,-1.553544385182159,-1.8500095165343355,-0.7266226911401854,1.4482439726069483,-0.5755115693951635,-0.5595719370593745,-0.5951284714867237
-0.05818591535248251,0.1307594558506213,0.13376284041566644,3.1124756489183216,0.7113689680700308,-0.04968624345781798,1.3259859602540562,0.9035471289243083,-0.22009318607588202,-0.13973595520586976,0.0692820323027559,0.2465984809580359,-0.05430972418974116,0.16058599354884398,0.5405377599750526,-0.7266226911401854,-0.690491394346993,1.7375845303178776,-0.5595719370593745,-0.5951284714867237
-0.4560095647161482,-1.0497681524040379,-0.6382190255094659,-0.20679364850592954,-0.9243280934140359,-0.45087282505572124,0.23568261093877343,0.4129050217349737,1.1416656400881946,-0.17985504905652883,0.0692820323027559,0.2465984809580359,-0.7588926502940339,-1.4719191290521112,0.5405377599750526,1.37623007400284,-0.690491394346993,-0.5755115693951635,-0.5595719370593745,1.6803094590682988
-0.7526643166830773,-1.330846154369433,0.11946687993557138,-0.20679364850592954,-1.140870160769948,-0.7500352957805098,0.23568261093877343,-1.5496634070223647,0.16898076425671127,-0.20942805065250553,0.0692820323027559,0.2465984809580359,-0.26720699091482264,1.7114658600197514,0.5405377599750526,1.37623007400284,-0.690491394346993,-0.5755115693951635,-0.5595719370593745,1.6803094590682988
-0.14671298303726654,0.6929154597814113,-0.8955463141511766,-0.20679364850592954,0.22577681136564545,-0.1389616591354775,0.23568261093877343,0.4129050217349737,-1.387315037073662,-0.13652145073033486,0.0692820323027559,0.2465984809580359,-0.26720699091482264,-0.9005423361417769,0.5405377599750526,1.37623007400284,-0.690491394346993,1.7375845303178776,-0.5595719370593745,-0.5951284714867237
-0.7308066273708126,-0.31896534729401077,0.319610326656902,-0.20679364850592954,2.172152959955459,-0.7279928363368772,1.8711376349116977,-1.5496634070223647,-0.22009318607588202,-0.20131359170633667,0.0692820323027559,0.2465984809580359,1.995608415596595,0.07896073741879621,0.5405377599750526,1.37623007400284,-0.690491394346993,-0.5755115693951635,-0.5595719370593745,-0.5951284714867237
0.9525095272825072,-0.09410294572169475,0.13376284041566644,-0.20679364850592954,-1.2512013631900802,0.9695529352986189,0.7808342855964149,-0.5683791926436955,-0.6091671364084753,0.17134130506599132,0.0692820323027559,0.2465984809580359,-1.0986951879029354,0.5687122741990828,0.5405377599750526,-0.7266226911401854,1.4482439726069483,-0.5755115693951635,-0.5595719370593745,-0.5951284714867237
0.6457481634862393,-1.49949295554867,-0.7382907488701311,-0.20679364850592954,-0.8629409620821401,0.6601984182793605,-0.8546207383765094,-0.5683791926436955,0.7525916897556012,-0.04767959173490747,0.0692820323027559,-4.0551750201988135,-0.9301502831080478,0.5687122741990828,0.5405377599750526,-0.7266226911401854,1.4482439726069483,-0.5755115693951635,-0.5595719370593745,1.6803094590682988
2.530477101002889,-1.105983752797117,0.0908749589753813,-0.20679364850592954,-1.1889245261288315,2.560859580305321,1.8711376349116977,-0.5683791926436955,-0.22009318607588202,0.11826767813882916,0.0692820323027559,0.2465984809580359,-0.43678955123615215,0.6503375303291306,0.5405377599750526,-0.7266226911401854,1.4482439726069483,-0.5755115693951635,-0.5595719370593745,1.6803094590682988
-0.2845397606285538,1.4237182648914386,1.8206861770668814,-0.20679364850592954,1.5479410610270492,-0.30578791275188894,0.7808342855964149,-0.07773708545436095,3.6706463172500507,-0.1880143913043164,0.0692820323027559,0.2465984809580359,-0.8020591201940086,-0.8189170800117291,-1.8500095165343355,-0.7266226911401854,1.4482439726069483,-0.5755115693951635,-0.5595719370593745,-0.5951284714867237
1.6148180692648002,1.0864246625329645,-0.9527301560715568,-0.20679364850592954,0.4476417291369373,1.6374601860263718,1.3259859602540562,1.394189236113643,-0.6091671364084753,-0.029959132185818554,0.0692820323027559,0.2465984809580359,0.3514877049008526,-0.4107907993614904,0.5405377599750526,1.37623007400284,-0.690491394346993,-0.5755115693951635,1.7870803265351975,-0.5951284714867237
-0.6327211030745523,-0.9935525520109589,0.21953860329623667,-0.20679364850592954,-0.08969437951001721,-0.6437270867827042,-0.8546207383765094,0.9035471289243083,-1.387315037073662,-0.21344110860023516,0.0692820323027559,0.2465984809580359,-0.3523688623349308,1.5482153477596559,-1.8500095165343355,-0.7266226911401854,1.4482439726069483,1.7375845303178776,-0.5595719370593745,-0.5951284714867237
-0.675168872757775,0.2994062570298583,-0.1378604087061394,-0.20679364850592954,-1.1950550344829607,-0.671884757753085,-0.30946906371886795,0.4129050217349737,0.9471286649218978,-0.2001039861404939,0.0692820323027559,0.2465984809580359,-0.26720699091482264,-0.16591503097134708,0.5405377599750526,-0.7266226911401854,-0.690491394346993,1.7375845303178776,-0.5595719370593745,-0.5951284714867237
-0.7746590447998077,-1.49949295554867,0.7056012596194681,-0.20679364850592954,0.37287824394327146,-0.7814897550902576,0.7808342855964149,0.9035471289243083,-0.22009318607588202,-0.1550710830109981,0.0692820323027559,0.2465984809580359,1.6544865731040745,-1.0637928484018724,-1.8500095165343355,-0.7266226911401854,1.4482439726069483,-0.5755115693951635,-0.5595719370593745,1.6803094590682988
-0.10005127011672645,-1.0497681524040379,0.7341931805796582,-0.20679364850592954,-1.276243887278236,-0.09190549963355332,-0.30946906371886795,-0.5683791926436955,-0.6091671364084753,0.13794191837083014,0.0692820323027559,0.2465984809580359,-0.715563120239904,0.24221124967889174,0.5405377599750526,-0.7266226911401854,-0.690491394346993,-0.5755115693951635,-0.5595719370593745,1.6803094590682988
1.2688293476902515,0.9739934617468065,1.9064619399474516,-0.20679364850592954,2.1651019779505005,1.201886995221268,0.23568261093877343,0.4129050217349737,-1.387315037073662,0.3117470811819496,0.0692820323027559,0.2465984809580359,-0.4386721548341249,0.5687122741990828,-1.8500095165343355,-0.7266226911401854,-0.690491394346993,-0.5755115693951635,-0.5595719370593745,-0.5951284714867237
3.165788998505457,-0.9935525520109589,0.47686589193794743,-0.20679364850592954,-1.2487630054130927,3.2015419751685243,0.23568261093877343,-0.07773708545436095,0.9471286649218978,0.2945733045483521,0.0692820323027559,0.2465984809580359,0.2227294777198153,-0.9005423361417769,0.5405377599750526,-0.7266226911401854,1.4482439726069483,-0.5755115693951635,-0.5595719370593745,1.6803094590682988
-0.3214717184320357,0.5804842589952534,-1.1814655237530776,-0.20679364850592954,0.41866347509328644,-0.31519768675612037,0.23568261093877343,-1.0590212998330302,-0.9982410867410686,-0.18836999751807856,0.0692820323027559,0.2465984809580359,-0.9934917411721246,-1.1454181045319203,0.5405377599750526,1.37623007400284,-0.690491394346993,-0.5755115693951635,1.7870803265351975,-0.5951284714867237
0.017904880827047342,-0.4876121484732478,0.7913770225000384,-0.20679364850592954,1.0948859812837264,0.027047772881222867,0.7808342855964149,-1.0590212998330302,-0.803704111574772,-0.15434332055051192,0.0692820323027559,0.2465984809580359,-0.41657009212091667,-0.3291655432314426,0.5405377599750526,-0.7266226911401854,-0.690491394346993,1.7375845303178776,-0.5595719370593745,-0.5951284714867237
-0.2204741195408811,-0.6562589496524849,-0.681106906949751,-0.20679364850592954,0.46791009740937195,-0.2133463224303695,-0.8546207383765094,-0.07773708545436095,1.1416656400881946,-0.14539621239892953,0.0692820323027559,0.2465984809580359,-0.26720699091482264,-0.002664518711251552,0.5405377599750526,-0.7266226911401854,-0.690491394346993,1.7375845303178776,-0.5595719370593745,-0.5951284714867237
-0.9732282724704766,-1.0497681524040379,-0.7811786303104162,-0.20679364850592954,-1.2446990757847805,-0.9724637501662574,-0.8546207383765094,-0.5683791926436955,1.1416656400881946,-0.23449029673217078,0.0692820323027559,0.2465984809580359,-0.5022804386050012,1.4665900916296082,0.5405377599750526,-0.7266226911401854,-0.690491394346993,-0.5755115693951635,-0.5595719370593745,1.6803094590682988
-0.9928590812101751,-0.6000433492594058,2.5497801615517286,-0.20679364850592954,-0.972895257464189,-0.9922605044941594,1.8711376349116977,-1.0590212998330302,-0.025556210909585365,-0.23386137035540436,0.0692820323027559,0.2465984809580359,-0.41619950086147317,-0.0842897748412993,0.5405377599750526,1.37623007400284,-0.690491394346993,-0.5755115693951635,-0.5595719370593745,-0.5951284714867237
-0.8577388200070838,1.5923650660706756,0.5769376152986128,-0.20679364850592954,0.3962669922520825,-0.8621256398708074,-0.30946906371886795,-0.07773708545436095,-0.9982410867410686,-0.1738544813321505,0.0692820323027559,0.2465984809580359,-0.07461812520724295,0.07896073741879621,-1.8500095165343355,-0.7266226911401854,1.4482439726069483,-0.5755115693951635,1.7870803265351975,-0.5951284714867237
-0.8731899452105814,-0.4313965480801688,0.333906287136997,-0.20679364850592954,-0.6268048567328127,-0.8715797665057443,0.7808342855964149,0.9035471289243083,1.1416656400881946,-0.1726858199903217,0.0692820323027559,0.2465984809580359,-0.8022814749496746,0.40546176193898725,0.5405377599750526,-0.7266226911401854,-0.690491394346993,1.7375845303178776,-0.5595719370593745,-0.5951284714867237
-0.33592931230315753,0.6366998593883324,2.120901347148877,-0.20679364850592954,1.1510861538534287,-0.3297774953536329,0.7808342855964149,-0.07773708545436095,1.1416656400881946,0.1106151647279987,0.0692820323027559,0.2465984809580359,0.05322103565037462,0.8952132987192738,0.5405377599750526,-0.7266226911401854,1.4482439726069483,1.7375845303178776,-0.5595719370593745,-0.5951284714867237
0.9290073723166551,0.35562185742293734,0.5054578128981375,-0.20679364850592954,0.6076708167214722,0.9458521090002927,0.7808342855964149,-0.07773708545436095,-0.025556210909585365,-0.007093377515191731,0.0692820323027559,0.2465984809580359,-0.26720699091482264,-1.4719191290521112,0.5405377599750526,-0.7266226911401854,-0.690491394346993,-0.5755115693951635,1.7870803265351975,-0.5951284714867237
-0.7694173105289982,-1.105983752797117,-0.8240665117507014,-0.20679364850592954,-0.7991898287834912,-0.776402212669052,1.8711376349116977,0.9035471289243083,1.3362026152544912,-0.225929775783802,0.0692820323027559,0.2465984809580359,-0.9063286769510218,0.32383650580893947,-1.8500095165343355,-0.7266226911401854,1.4482439726069483,-0.5755115693951635,-0.5595719370593745,1.6803094590682988
-0.04920987365998504,-0.2627497469009318,-0.3094119344672799,-0.20679364850592954,-0.7962566202694285,-0.040634324375950014,-1.399772413034151,1.394189236113643,-0.41463016124217866,-0.12479011226827247,0.0692820323027559,0.2465984809580359,-0.26720699091482264,-0.7372918238816814,0.5405377599750526,-0.7266226911401854,1.4482439726069483,1.7375845303178776,-0.5595719370593745,-0.5951284714867237
1.9998285904109316,-0.7686901504386429,-0.8669543931909865,-0.20679364850592954,-0.7246801789420039,2.025725325881456,-0.30946906371886795,-1.5496634070223647,1.1416656400881946,0.13683077821303147,0.0692820323027559,-4.0551750201988135,3.2979995141343292,-0.7372918238816814,0.5405377599750526,-0.7266226911401854,1.4482439726069483,1.7375845303178776,-0.5595719370593745,-0.5951284714867237
-0.9383518967339789,0.07454385545754227,-1.2529453261535526,-0.20679364850592954,0.7264144816718836,-0.937292553122969,2.416289309569339,1.394189236113643,0.16898076425671127,-0.23658949712674604,0.0692820323027559,0.2465984809580359,0.09580938318561748,1.3033395793695126,0.5405377599750526,-0.7266226911401854,-0.690491394346993,-0.5755115693951635,-0.5595719370593745,-0.5951284714867237
1.2126434378593511,1.5361494656775965,-0.5381473021488006,-0.20679364850592954,-0.7149754637097248,1.2318858421254253,-0.30946906371886795,-0.07773708545436095,-0.41463016124217866,0.027033028362325698,0.0692820323027559,0.2465984809580359,-0.26720699091482264,0.813588042589226,0.5405377599750526,-0.7266226911401854,1.4482439726069483,-0.5755115693951635,1.7870803265351975,-0.5951284714867237
-0.6981228725057647,-0.31896534729401077,0.8056729829801335,-0.20679364850592954,0.8481067390970959,-0.6950327950998465,-0.8546207383765094,-0.07773708545436095,-1.970925962572552,-0.22402944851253032,0.0692820323027559,0.2465984809580359,1.205522674113506,1.221714323239465,0.5405377599750526,-0.7266226911401854,1.4482439726069483,1.7375845303178776,-0.5595719370593745,-0.5951284714867237
-0.012826071074365586,-1.105983752797117,0.34820224761709206,-0.20679364850592954,-0.819024882161803,-0.003942957715859293,-1.399772413034151,-1.5496634070223647,-0.025556210909585365,-0.14566372924188487,0.0692820323027559,0.2465984809580359,-0.14042030923402454,-1.3086686167920156,0.5405377599750526,-0.7266226911401854,1.4482439726069483,-0.5755115693951635,-0.5595719370593745,1.6803094590682988
-0.8758964615987771,0.1869750562437003,0.23383456377633172,-0.20679364850592954,-0.008472194799809388,-0.8743091619540939,-0.8546207383765094,0.9035471289243083,-0.6091671364084753,-0.22425504448526676,0.0692820323027559,0.2465984809580359,-0.26720699091482264,-0.5740413116215859,0.5405377599750526,-0.7266226911401854,-0.690491394346993,1.7375845303178776,-0.5595719370593745,-0.5951284714867237
-0.6991506635392567,0.35562185742293734,-0.32370789494737495,-0.20679364850592954,-0.5956420802643532,-0.69606927438403,1.3259859602540562,-0.5683791926436955,-0.025556210909585365,0.029668564771900354,0.0692820323027559,0.2465984809580359,2.7859313354857274,0.7319627864591783,0.5405377599750526,-0.7266226911401854,1.4482439726069483,1.7375845303178776,-0.5595719370593745,-0.5951284714867237
3.822170612194612,0.7491310601744904,1.1344800740223193,-0.20679364850592954,0.5532346716497374,3.8634721953574864,0.23568261093877343,1.8848313433029775,-0.803704111574772,2.2958599261713415,0.0692820323027559,0.2465984809580359,0.6943290908371906,0.48708701806903504,0.5405377599750526,-0.7266226911401854,-0.690491394346993,1.7375845303178776,-0.5595719370593745,-0.5951284714867237
0.1527168047200912,-1.330846154369433,1.8206861770668814,-0.20679364850592954,-1.1928910240058026,0.1186062305281756,-0.30946906371886795,1.394189236113643,0.16898076425671127,-0.16094147537058562,0.0692820323027559,-4.0551750201988135,-0.2912657754778924,0.48708701806903504,-1.8500095165343355,1.37623007400284,-0.690491394346993,-0.5755115693951635,-0.5595719370593745,1.6803094590682988
-0.5176085073234399,0.4680530582090954,-0.7382907488701311,-0.20679364850592954,0.5065417868161748,-0.5129924834877769,-1.399772413034151,1.8848313433029775,-0.025556210909585365,-0.1811467037838442,0.0692820323027559,0.2465984809580359,-0.26720699091482264,-1.7167948974422544,0.5405377599750526,-0.7266226911401854,-0.690491394346993,1.7375845303178776,-0.5595719370593745,-0.5951284714867237
-0.8170040353796812,-0.8811213512248008,1.963645781867832,-0.20679364850592954,1.2074709339519885,-0.8149188989703877,-0.30946906371886795,-0.07773708545436095,-0.41463016124217866,-0.1924718373094161,0.0692820323027559,0.2465984809580359,-0.8444547602743409,-1.4719191290521112,0.5405377599750526,-0.7266226911401854,-0.690491394346993,-0.5755115693951635,-0.5595719370593745,-0.5951284714867237
0.030067074723370262,-1.0497681524040379,0.005099196094811046,-0.20679364850592954,1.1526091659664999,0.03931277774405925,1.3259859602540562,-1.0590212998330302,1.1416656400881946,0.12079729002554408,0.0692820323027559,0.2465984809580359,1.911706554458594,-1.1454181045319203,0.5405377599750526,-0.7266226911401854,-0.690491394346993,1.7375845303178776,-0.5595719370593745,-0.5951284714867237
1.526051183672201,0.2994062570298583,0.7770810620199433,-0.20679364850592954,-0.25714879214413733,1.5479429251824024,0.23568261093877343,-1.5496634070223647,-0.41463016124217866,0.28785575684860004,0.0692820323027559,0.2465984809580359,-0.46086315944959955,0.48708701806903504,0.5405377599750526,-0.7266226911401854,-0.690491394346993,1.7375845303178776,-0.5595719370593745,-0.5951284714867237
-0.8942596613971688,0.9739934617468065,-0.7239947883900362,-0.20679364850592954,-0.6490064760713343,-0.8928275918315032,0.23568261093877343,0.4129050217349737,-0.6091671364084753,-0.2273660748336842,0.0692820323027559,0.2465984809580359,-0.8651782235024195,0.6503375303291306,0.5405377599750526,-0.7266226911401854,-0.690491394346993,-0.5755115693951635,1.7870803265351975,-0.5951284714867237
2.9291572428944646,1.1426402629260435,0.8628568249005136,-0.20679364850592954,0.6289135025073195,2.962909894640043,0.23568261093877343,0.4129050217349737,-0.803704111574772,0.30100508948398474,0.0692820323027559,0.2465984809580359,-0.30906897958155644,-1.553544385182159,0.5405377599750526,1.37623007400284,-0.690491394346993,-0.5755115693951635,1.7870803265351975,-0.5951284714867237
0.2958538359844207,-0.7686901504386429,0.333906287136997,-0.20679364850592954,1.235654350024171,0.257532715729469,1.3259859602540562,0.4129050217349737,1.1416656400881946,-0.1269308788660759,0.0692820323027559,0.2465984809580359,-0.9504883314263051,1.221714323239465,-1.8500095165343355,-0.7266226911401854,1.4482439726069483,1.7375845303178776,-0.5595719370593745,-0.5951284714867237
-0.2075924719211138,0.2431906566367793,-0.06638060630566417,-0.20679364850592954,2.2837738510841343,-0.20035578206860483,0.23568261093877343,-1.5496634070223647,-0.9982410867410686,-0.14384632369136258,0.0692820323027559,0.2465984809580359,-0.26720699091482264,1.5482153477596559,0.5405377599750526,-0.7266226911401854,1.4482439726069483,-0.5755115693951635,-0.5595719370593745,-0.5951284714867237
0.38647074543730525,0.9177778613537274,-0.5953311440691808,-0.20679364850592954,-0.6539190875336981,0.3454840209849552,-0.30946906371886795,-0.5683791926436955,-0.22009318607588202,-0.03097637936482536,0.0692820323027559,0.2465984809580359,0.9912764552040499,1.6298406038897038,-1.8500095165343355,-0.7266226911401854,-0.690491394346993,-0.5755115693951635,1.7870803265351975,-0.5951284714867237
1.4223128086917345,-0.03788734532861574,-1.353017049514218,-0.20679364850592954,0.7722125327891807,1.4433276160988295,1.8711376349116977,-0.07773708545436095,0.16898076425671127,0.026203121045503864,0.0692820323027559,0.2465984809580359,-0.9494803232006189,0.7319627864591783,0.5405377599750526,1.37623007400284,-0.690491394346993,-0.5755115693951635,-0.5595719370593745,-0.5951284714867237
-0.9407158161110106,1.0302090621398854,0.662713378179183,-0.20679364850592954,0.21651566700131472,-0.9396764554765907,-0.8546207383765094,-0.07773708545436095,-0.41463016124217866,-0.23536753065888064,0.0692820323027559,0.2465984809580359,-0.7997762780358368,-0.16591503097134708,0.5405377599750526,1.37623007400284,-0.690491394346993,-0.5755115693951635,1.7870803265351975,-0.5951284714867237
-0.03022999924149819,0.5804842589952534,-0.1378604087061394,-0.20679364850592954,0.9543714478954596,-0.021494006928030884,1.3259859602540562,-0.5683791926436955,0.9471286649218978,-0.13999309637188834,0.0692820323027559,0.2465984809580359,2.2497895486236783,-0.0842897748412993,0.5405377599750526,-0.7266226911401854,-0.690491394346993,1.7375845303178776,-0.5595719370593745,-0.5951284714867237
-0.46580783923543934,0.07454385545754227,2.2352690309896377,-0.20679364850592954,1.069715257522753,-0.46075392756493594,1.8711376349116977,0.4129050217349737,-1.970925962572552,-0.18276336273196697,0.0692820323027559,0.2465984809580359,-0.20350976524167994,1.3849648354995603,0.5405377599750526,-0.7266226911401854,1.4482439726069483,-0.5755115693951635,-0.5595719370593745,-0.5951284714867237
-0.6061355750082239,-0.15031854611477377,1.6205427303455509,-0.20679364850592954,0.06672460528797923,-0.6022678991654363,0.23568261093877343,-0.5683791926436955,-0.025556210909585365,-0.19352374201574823,0.0692820323027559,0.2465984809580359,-1.0983542439442475,-1.1454181045319203,0.5405377599750526,-0.7266226911401854,-0.690491394346993,-0.5755115693951635,-0.5595719370593745,-0.5951284714867237
-0.8611305304176076,0.6929154597814113,-0.9670261165516518,-0.20679364850592954,-0.6524704312308611,-0.8594184095713262,-1.399772413034151,-1.5496634070223647,-0.41463016124217866,-0.2224784433337738,0.0692820323027559,0.2465984809580359,-0.26720699091482264,1.221714323239465,0.5405377599750526,1.37623007400284,-0.690491394346993,1.7375845303178776,-0.5595719370593745,-0.5951284714867237
-0.5691693575036256,1.2550714637122016,1.9779417423479269,-0.20679364850592954,0.3917851316903852,-0.5649891942443085,0.7808342855964149,1.394189236113643,-1.970925962572552,0.10415981323803238,0.0692820323027559,0.2465984809580359,0.24538001549699986,-1.3086686167920156,0.5405377599750526,1.37623007400284,-0.690491394346993,-0.5755115693951635,1.7870803265351975,-0.5951284714867237
-0.861164790118724,1.8172274676429916,2.321044793870208,-0.20679364850592954,-0.0016801761339422787,-0.8594529588807992,-0.8546207383765094,0.4129050217349737,1.1416656400881946,-0.17827016940965734,0.0692820323027559,0.2465984809580359,-0.8000431037426361,-0.5740413116215859,0.5405377599750526,-0.7266226911401854,1.4482439726069483,-0.5755115693951635,1.7870803265351975,-0.5951284714867237
-0.7185759140722568,0.2431906566367793,-0.8097705512706064,-0.20679364850592954,-0.34897565378980244,-0.7156587328550953,-1.399772413034151,-0.07773708545436095,0.5580547145893046,-0.09842793028025314,0.0692820323027559,0.2465984809580359,3.1263268191097393,-1.1454181045319203,0.5405377599750526,1.37623007400284,-0.690491394346993,1.7375845303178776,-0.5595719370593745,-0.5951284714867237
0.1305507780977787,1.9858742688222286,-0.8955463141511766,-0.20679364850592954,0.3813009624473761,0.14064590242771835,-0.30946906371886795,-1.5496634070223647,-0.9982410867410686,-0.10316174511773085,0.0692820323027559,0.2465984809580359,-0.26720699091482264,-0.7372918238816814,0.5405377599750526,-0.7266226911401854,-0.690491394346993,-0.5755115693951635,1.7870803265351975,-0.5951284714867237
0.08299831294821207,-0.7124745500455638,-1.0956897608725071,-0.20679364850592954,0.35542001249899446,0.05093859113501315,-0.8546207383765094,-0.07773708545436095,-0.41463016124217866,-0.12496966158776446,0.0692820323027559,0.2465984809580359,2.4209137685842927,0.9768385548493216,-1.8500095165343355,1.37623007400284,-0.690491394346993,1.7375845303178776,-0.5595719370593745,-0.5951284714867237
-0.1146116430911975,1.0864246625329645,0.07657899849528625,-0.20679364850592954,0.8576447947547126,-0.10658895615948416,0.23568261093877343,0.4129050217349737,1.5307395904207879,-0.14384272508098697,0.0692820323027559,0.2465984809580359,-0.7999245145396142,-1.4719191290521112,0.5405377599750526,-0.7266226911401854,-0.690491394346993,-0.5755115693951635,-0.5595719370593745,-0.5951284714867237
0.1599113419545356,-1.274630553976354,0.04798707753509617,-0.20679364850592954,-0.8194376851082753,0.17025466064588946,0.7808342855964149,-0.5683791926436955,-1.387315037073662,-0.10527779759460826,0.0692820323027559,0.2465984809580359,0.031252385790566,1.140089067109417,0.5405377599750526,1.37623007400284,-0.690491394346993,-0.5755115693951635,-0.5595719370593745,1.6803094590682988
-0.28320363228501405,-0.9373369516178799,-0.9670261165516518,-0.20679364850592954,0.6976874989869551,-0.2766061080750268,1.3259859602540562,-0.07773708545436095,0.9471286649218978,-0.1529436757594482,0.0692820323027559,0.2465984809580359,-0.26720699091482264,-1.7167948974422544,0.5405377599750526,-0.7266226911401854,1.4482439726069483,-0.5755115693951635,-0.5595719370593745,1.6803094590682988
0.08313535175267775,1.0302090621398854,0.677009338659278,-0.20679364850592954,1.9261198398646266,0.09282965811739309,-0.8546207383765094,1.8848313433029775,1.1416656400881946,-0.0594463940268828,0.0692820323027559,0.2465984809580359,0.39377957942854097,1.140089067109417,0.5405377599750526,-0.7266226911401854,-0.690491394346993,-0.5755115693951635,-0.5595719370593745,-0.5951284714867237
-0.8360181694992846,1.3675026644983594,0.019395156574906088,-0.20679364850592954,-0.8879040023731491,-0.8340937657277798,0.23568261093877343,0.9035471289243083,0.9471286649218978,-0.21726881812840945,0.0692820323027559,0.2465984809580359,-0.6090551922758521,-0.4924160554915381,0.5405377599750526,-0.7266226911401854,-0.690491394346993,-0.5755115693951635,1.7870803265351975,-0.5951284714867237
0.5267642215089736,0.1307594558506213,1.4775831255446004,-0.20679364850592954,0.66501196637925,0.4816505975525229,-0.30946906371886795,-0.07773708545436095,1.3362026152544912,0.037355490806636006,0.0692820323027559,0.2465984809580359,-0.6707808724487556,-1.4719191290521112,-1.8500095165343355,1.37623007400284,-0.690491394346993,1.7375845303178776,-0.5595719370593745,-0.5951284714867237
-0.5095917372622017,0.6929154597814113,-1.353017049514218,-0.20679364850592954,0.6892160646071797,-0.5049079450711468,1.8711376349116977,0.4129050217349737,-0.22009318607588202,-0.17203893627486358,0.0692820323027559,0.2465984809580359,0.7127548882567197,0.16058599354884398,0.5405377599750526,-0.7266226911401854,-0.690491394346993,-0.5755115693951635,-0.5595719370593745,-0.5951284714867237
0.03856348060023814,-1.387061754762512,-1.2386493656734576,1.452841000206196,-1.22587423582827,0.007810862244137784,-1.399772413034151,0.4129050217349737,-0.025556210909585365,-0.08381828101797942,0.0692820323027559,0.2465984809580359,-1.0987544825044464,-0.0842897748412993,-1.8500095165343355,1.37623007400284,-0.690491394346993,-0.5755115693951635,-0.5595719370593745,1.6803094590682988
0.7140962672134622,-1.330846154369433,-1.4102008914345983,-0.20679364850592954,-1.0231392732347941,0.7291242906775535,0.7808342855964149,-0.5683791926436955,0.5580547145893046,-0.03295096225606224,0.0692820323027559,0.2465984809580359,-0.26720699091482264,-0.8189170800117291,0.5405377599750526,1.37623007400284,-0.690491394346993,-0.5755115693951635,-0.5595719370593745,1.6803094590682988
0.2638552751417009,1.7047962668568335,-1.1814655237530776,-0.20679364850592954,-0.9549831991781385,0.2264754306222388,0.23568261093877343,-0.07773708545436095,-2.554536888071442,-0.15152169861678036,0.0692820323027559,0.2465984809580359,-0.07326917302286876,0.16058599354884398,-1.8500095165343355,-0.7266226911401854,1.4482439726069483,-0.5755115693951635,1.7870803265351975,-0.5951284714867237
1.128193274607419,-1.0497681524040379,0.2624264847365218,-0.20679364850592954,-1.2432273435408363,1.1467217942750265,-0.30946906371886795,-0.07773708545436095,-1.5818520122399586,-0.06841701281160043,0.0692820323027559,0.2465984809580359,0.819692702081726,-0.9005423361417769,0.5405377599750526,-0.7266226911401854,1.4482439726069483,-0.5755115693951635,-0.5595719370593745,1.6803094590682988
-0.8521887484262266,-1.443277355155591,0.8056729829801335,-0.20679364850592954,-0.9257921336776108,-0.8504010397989311,0.7808342855964149,0.4129050217349737,-0.41463016124217866,-0.22971819687855202,0.0692820323027559,0.2465984809580359,-0.8650892816001531,-0.9821675922718247,0.5405377599750526,-0.7266226911401854,-0.690491394346993,-0.5755115693951635,-0.5595719370593745,1.6803094590682988
-0.12471825492053619,1.0864246625329645,-0.9670261165516518,-0.20679364850592954,0.6426129195445897,-0.11678100245395377,0.23568261093877343,-0.5683791926436955,-0.22009318607588202,-0.13387509820305304,0.0692820323027559,0.2465984809580359,-0.26720699091482264,0.5687122741990828,0.5405377599750526,-0.7266226911401854,-0.690491394346993,-0.5755115693951635,1.7870803265351975,-0.5951284714867237
-0.7903157282100037,-0.31896534729401077,-0.4952594207085154,-0.20679364850592954,-1.0879544638178278,-0.7880049868910933,-1.399772413034151,-0.07773708545436095,0.3635177394230079,-0.21038890268730465,0.0692820323027559,0.2465984809580359,-0.714258639006663,1.4665900916296082,0.5405377599750526,-0.7266226911401854,-0.690491394346993,-0.5755115693951635,-0.5595719370593745,-0.5951284714867237
-0.5817084081122289,-0.7686901504386429,-1.038505918952127,-0.20679364850592954,0.9016762543805852,-0.594214990931884,0.7808342855964149,-0.5683791926436955,3.6706463172500507,-0.14681119947879398,0.0692820323027559,0.2465984809580359,-0.4405695820824755,1.6298406038897038,-1.8500095165343355,1.37623007400284,-0.690491394346993,1.7375845303178776,-0.5595719370593745,-0.5951284714867237
0.40099685871065993,-0.7124745500455638,-0.6525149859895609,-0.20679364850592954,0.5484169279452585,0.4133781514058314,-0.8546207383765094,-0.5683791926436955,0.7525916897556012,0.09023699513663118,0.0692820323027559,0.2465984809580359,-0.416495973869028,0.16058599354884398,0.5405377599750526,1.37623007400284,-0.690491394346993,-0.5755115693951635,-0.5595719370593745,-0.5951284714867237
-0.692195944212627,-0.6562589496524849,-0.9813220770317469,-0.20679364850592954,-0.6870381910093516,-0.6890557645610558,-1.9449240876917921,-0.5683791926436955,0.7525916897556012,-0.18815322166581766,0.0692820323027559,0.2465984809580359,-0.9505031550766828,-0.002664518711251552,0.5405377599750526,1.37623007400284,-0.690491394346993,1.7375845303178776,-0.5595719370593745,-0.5951284714867237
1.9138024809076444,-0.6562589496524849,-0.15215636918623443,-0.20679364850592954,1.9426063177889479,1.8278874764083317,-0.8546207383765094,-2.0403055142116995,-2.1654629377388486,0.297294642658616,0.0692820323027559,0.2465984809580359,-0.7577067582638147,-1.1454181045319203,-1.8500095165343355,1.37623007400284,-0.690491394346993,-0.5755115693951635,-0.5595719370593745,-0.5951284714867237
0.9922850402786505,-0.9935525520109589,0.34820224761709206,-0.20679364850592954,-1.1828888855325872,1.0096646835965146,-0.8546207383765094,-0.5683791926436955,0.5580547145893046,-0.006434017658338422,0.0692820323027559,0.2465984809580359,0.9499925889020481,0.6503375303291306,0.5405377599750526,-0.7266226911401854,1.4482439726069483,-0.5755115693951635,-0.5595719370593745,1.6803094590682988
-0.40499686975382493,-0.8249057508317219,-1.3101291680739329,-0.20679364850592954,0.9300135100601489,-0.39942890325075414,0.7808342855964149,-0.07773708545436095,0.16898076425671127,-0.17817201233081495,0.0692820323027559,0.2465984809580359,-0.8858868630801203,-1.227043360661968,0.5405377599750526,-0.7266226911401854,1.4482439726069483,1.7375845303178776,-0.5595719370593745,-0.5951284714867237
-0.9044005329276239,-1.218414953583275,-0.681106906949751,-0.20679364850592954,-1.1884681352936015,-0.9030541874354455,-0.30946906371886795,-1.0590212998330302,1.3362026152544912,-0.22890993985102182,0.0692820323027559,0.2465984809580359,-0.8660676425250838,0.32383650580893947,0.5405377599750526,-0.7266226911401854,1.4482439726069483,-0.5755115693951635,-0.5595719370593745,1.6803094590682988
-0.6385452522643408,-0.5438277488663268,-0.12356444822604433,-0.20679364850592954,1.0189456230935965,-0.6349515459266849,-0.8546207383765094,-0.07773708545436095,-0.9982410867410686,-0.19513115083798854,0.0692820323027559,0.2465984809580359,-1.0988434244067127,0.8952132987192738,0.5405377599750526,1.37623007400284,-0.690491394346993,-0.5755115693951635,-0.5595719370593745,-0.5951284714867237
-0.6210042852927427,-0.9935525520109589,0.34820224761709206,-0.20679364850592954,-0.8764121837017951,-0.6172622994766223,0.7808342855964149,2.3754734504923123,-0.41463016124217866,-0.19358703388872975,0.0692820323027559,0.2465984809580359,-0.26720699091482264,-0.5740413116215859,0.5405377599750526,1.37623007400284,-0.690491394346993,-0.5755115693951635,-0.5595719370593745,1.6803094590682988
-0.7540347047277335,0.35562185742293734,1.1630719949825095,-0.20679364850592954,1.5295418439842923,-0.7614721045179316,-0.30946906371886795,-0.07773708545436095,-0.41463016124217866,-0.16053005375191223,0.0692820323027559,0.2465984809580359,0.9280832336437506,-0.6556665677516337,-1.8500095165343355,-0.7266226911401854,1.4482439726069483,-0.5755115693951635,-0.5595719370593745,-0.5951284714867237
-0.12578030565514467,-1.274630553976354,-1.1957614842331725,-0.20679364850592954,-1.0797625047247943,-0.11785203104760991,-0.30946906371886795,-0.5683791926436955,0.16898076425671127,0.08578050882088373,0.0692820323027559,0.2465984809580359,-0.9717306224176046,-0.9005423361417769,0.5405377599750526,1.37623007400284,-0.690491394346993,-0.5755115693951635,-0.5595719370593745,1.6803094590682988
-0.9835061828053974,0.5804842589952534,-1.2815372471137427,-0.20679364850592954,-0.6772309160388187,-0.9828285430080911,0.7808342855964149,-1.0590212998330302,0.7525916897556012,-0.23309912908825053,0.0692820323027559,0.2465984809580359,-0.010535484624279088,-0.24754028710139483,0.5405377599750526,-0.7266226911401854,-0.690491394346993,-0.5755115693951635,1.7870803265351975,-0.5951284714867237
-0.45789384827755036,0.41183745781601633,-0.666810946469656,-0.20679364850592954,0.2161618359043386,-0.47404258367542773,-0.8546207383765094,-2.0403055142116995,-1.1927780619073654,-0.07014343274822445,0.0692820323027559,0.2465984809580359,-0.7786525762475593,1.6298406038897038,-1.8500095165343355,1.37623007400284,-0.690491394346993,-0.5755115693951635,1.7870803265351975,-0.5951284714867237
-0.40883395627886204,0.8053466605675694,-0.8669543931909865,-0.20679364850592954,-1.0197445458985888,-0.4032984259117054,-0.30946906371886795,-2.0403055142116995,-0.025556210909585365,-0.06928144720958829,0.0692820323027559,0.2465984809580359,0.4780223845252292,0.5687122741990828,0.5405377599750526,-0.7266226911401854,-0.690491394346993,-0.5755115693951635,1.7870803265351975,-0.5951284714867237
-0.6326183239712031,1.5923650660706756,-1.2672412866336478,-0.20679364850592954,-0.3349762495181396,-0.643627331048955,-1.9449240876917921,-1.0590212998330302,0.9471286649218978,-0.13948808258740347,0.0692820323027559,0.2465984809580359,-0.26680675235462376,1.140089067109417,-1.8500095165343355,-0.7266226911401854,1.4482439726069483,-0.5755115693951635,1.7870803265351975,-0.5951284714867237
-0.8255689606587818,0.5242686586021743,0.019395156574906088,-0.20679364850592954,0.9914442292808024,-0.8235562263385823,-1.399772413034151,-0.5683791926436955,-2.1654629377388486,-0.2181997612102247,0.0692820323027559,0.2465984809580359,-0.26720699091482264,-1.553544385182159,0.5405377599750526,1.37623007400284,-0.690491394346993,-0.5755115693951635,-0.5595719370593745,-0.5951284714867237
-0.3854003207152427,0.4680530582090954,-1.3816089704744081,-0.20679364850592954,0.25673959634450993,-0.3796666982323249,-1.399772413034151,-0.07773708545436095,1.1416656400881946,0.15598065251866886,0.0692820323027559,0.2465984809580359,2.356712538798307,-1.7167948974422544,0.5405377599750526,1.37623007400284,-0.690491394346993,-0.5755115693951635,1.7870803265351975,-0.5951284714867237
-0.9383176370328625,0.7491310601744904,0.6341214572189929,-0.20679364850592954,1.454960402326027,-0.9372580038134962,-0.30946906371886795,-2.0403055142116995,1.1416656400881946,-0.21768425122742727,0.0692820323027559,0.2465984809580359,-0.22495958733826768,-1.6351696413122068,0.5405377599750526,1.37623007400284,-0.690491394346993,-0.5755115693951635,-0.5595719370593745,-0.5951284714867237
-0.2743988890980987,0.07454385545754227,-1.2100574447132675,-0.20679364850592954,-0.5273885744563561,-0.2959453470219744,1.3259859602540562,1.8848313433029775,-0.41463016124217866,0.05737939522130665,0.0692820323027559,0.2465984809580359,-0.3502639039812919,-0.9005423361417769,-1.8500095165343355,1.37623007400284,-0.690491394346993,1.7375845303178776,-0.5595719370593745,-0.5951284714867237
0.40524506164909385,1.4237182648914386,0.7198972200995631,-0.20679364850592954,1.2548253290972888,0.4176622657804559,-0.8546207383765094,1.8848313433029775,1.1416656400881946,-0.07011119283775323,0.0692820323027559,0.2465984809580359,-0.26720699091482264,1.221714323239465,0.5405377599750526,1.37623007400284,-0.690491394346993,-0.5755115693951635,-0.5595719370593745,-0.5951284714867237
-0.6953135770142196,-0.9373369516178799,0.34820224761709206,-0.20679364850592954,-1.160859053755641,-0.7044783286359265,-1.9449240876917921,0.4129050217349737,-0.22009318607588202,-0.2138675441550489,0.0692820323027559,0.2465984809580359,-0.7147774667698837,0.48708701806903504,-1.8500095165343355,-0.7266226911401854,-0.690491394346993,-0.5755115693951635,-0.5595719370593745,1.6803094590682988
-0.40482557124824287,0.7491310601744904,1.7777982956265963,-0.20679364850592954,-0.6378377205754803,-0.39925615670339026,-0.30946906371886795,-0.5683791926436955,0.9471286649218978,-0.15606476210267217,0.0692820323027559,0.2465984809580359,0.7784088357797241,0.5687122741990828,0.5405377599750526,-0.7266226911401854,-0.690491394346993,-0.5755115693951635,1.7870803265351975,-0.5951284714867237
-0.666158571364161,0.35562185742293734,0.8485608644204186,-0.20679364850592954,1.608610274191167,-0.6627982893617442,-0.30946906371886795,0.4129050217349737,-1.387315037073662,-0.18700134544111952,0.0692820323027559,-4.0551750201988135,-0.6946765968576702,1.221714323239465,0.5405377599750526,1.37623007400284,-0.690491394346993,-0.5755115693951635,-0.5595719370593745,-0.5951284714867237
-0.8023066236007446,-1.0497681524040379,-1.1957614842331725,-0.20679364850592954,-0.9148541375928281,-0.8000972452065658,-0.30946906371886795,1.8848313433029775,-0.803704111574772,-0.20265113506627644,0.0692820323027559,0.2465984809580359,0.7354647206354155,-0.6556665677516337,0.5405377599750526,-0.7266226911401854,-0.690491394346993,-0.5755115693951635,-0.5595719370593745,1.6803094590682988
1.8758769917717872,1.5923650660706756,0.9057447063407987,-0.20679364850592954,-0.8747455879551685,1.7910776106549011,-0.8546207383765094,-0.07773708545436095,3.6706463172500507,0.09374965317334143,0.0692820323027559,0.2465984809580359,-0.26720699091482264,0.5687122741990828,-1.8500095165343355,1.37623007400284,-0.690491394346993,-0.5755115693951635,1.7870803265351975,-0.5951284714867237
0.712623100065457,0.41183745781601633,0.9057447063407987,-0.20679364850592954,0.05980951493620727,0.7276386703702242,-1.9449240876917921,1.394189236113643,-0.22009318607588202,-0.16879426755349183,0.0692820323027559,0.2465984809580359,-0.33002962121567875,-0.9005423361417769,0.5405377599750526,1.37623007400284,-0.690491394346993,-0.5755115693951635,1.7870803265351975,-0.5951284714867237
-0.9399621026864496,-1.330846154369433,0.03369111705500113,-0.20679364850592954,-1.2423299458311143,-0.9419302268701144,1.8711376349116977,-0.07773708545436095,0.5580547145893046,-0.23735634149501958,0.0692820323027559,0.2465984809580359,0.2863822324418249,0.24221124967889174,-1.8500095165343355,1.37623007400284,-0.690491394346993,-0.5755115693951635,-0.5595719370593745,1.6803094590682988
-0.35648513297299905,1.9858742688222286,2.1066053866687824,-0.20679364850592954,-0.560179486769597,-0.35050708103729994,0.7808342855964149,-0.07773708545436095,0.7525916897556012,-0.19015375426305067,0.0692820323027559,-4.0551750201988135,2.891950082987314,0.5687122741990828,0.5405377599750526,1.37623007400284,-0.690491394346993,-0.5755115693951635,1.7870803265351975,-0.5951284714867237
1.358761063120808,0.9177778613537274,-0.681106906949751,-0.20679364850592954,-0.9550703749556543,1.3792386470268254,-0.30946906371886795,-1.5496634070223647,-0.803704111574772,-0.026133622256205528,0.0692820323027559,0.2465984809580359,-0.16101035960870352,0.32383650580893947,0.5405377599750526,-0.7266226911401854,-0.690491394346993,-0.5755115693951635,1.7870803265351975,-0.5951284714867237
-0.6088078316953034,1.2550714637122016,-0.8526584327108915,-0.20679364850592954,0.4059999114123814,-0.6049627453043132,0.23568261093877343,2.3754734504923123,0.9471286649218978,-0.2093104428097643,0.0692820323027559,0.2465984809580359,-0.8429872188869448,1.5482153477596559,0.5405377599750526,-0.7266226911401854,-0.690491394346993,-0.5755115693951635,-0.5595719370593745,-0.5951284714867237
1.5037823779465396,0.5804842589952534,0.005099196094811046,-0.20679364850592954,1.208142700237552,1.5254858740250965,2.416289309569339,-0.5683791926436955,1.3362026152544912,0.06206216197111218,0.0692820323027559,0.2465984809580359,-0.26720699091482264,0.7319627864591783,0.5405377599750526,-0.7266226911401854,-0.690491394346993,1.7375845303178776,-0.5595719370593745,-0.5951284714867237
-0.846090521627507,1.0864246625329645,0.333906287136997,-0.20679364850592954,-0.09781454678627269,-0.8442512627127765,-0.8546207383765094,2.3754734504923123,-0.9982410867410686,-0.23318006627542975,0.0692820323027559,0.2465984809580359,-0.8017033525849429,-1.0637928484018724,0.5405377599750526,-0.7266226911401854,1.4482439726069483,-0.5755115693951635,1.7870803265351975,-0.5951284714867237
-0.14818615018527187,0.2431906566367793,-0.5810351835890857,-0.20679364850592954,0.08891340465921911,-0.140447279442807,-0.8546207383765094,-0.5683791926436955,0.16898076425671127,-0.16296032710488143,0.0692820323027559,0.2465984809580359,1.3128459028483332,-0.7372918238816814,0.5405377599750526,-0.7266226911401854,1.4482439726069483,1.7375845303178776,-0.5595719370593745,-0.5951284714867237
1.9444991731079413,-1.162199353190196,0.5912335757787078,-0.20679364850592954,1.072568982239669,1.9699281910829183,-0.30946906371886795,0.9035471289243083,0.7525916897556012,0.06149095619287951,0.0692820323027559,0.2465984809580359,0.6933062589611269,-0.4924160554915381,0.5405377599750526,1.37623007400284,-0.690491394346993,-0.5755115693951635,-0.5595719370593745,1.6803094590682988
4.163911130830727,-1.443277355155591,-0.995618037511842,-0.20679364850592954,1.2433027425044587,4.208101557348451,1.3259859602540562,0.4129050217349737,0.16898076425671127,0.3821224241725519,0.0692820323027559,0.2465984809580359,-0.26720699091482264,0.7319627864591783,0.5405377599750526,-0.7266226911401854,1.4482439726069483,-0.5755115693951635,-0.5595719370593745,1.6803094590682988
-0.4669041496711642,-0.9373369516178799,-1.5245685752753584,-0.20679364850592954,-0.9860177759737806,-0.46185950546806476,-0.30946906371886795,0.4129050217349737,-0.6091671364084753,-0.22857453763060487,0.0692820323027559,0.2465984809580359,-0.3748859872587158,0.40546176193898725,0.5405377599750526,-0.7266226911401854,-0.690491394346993,-0.5755115693951635,-0.5595719370593745,1.6803094590682988
-0.10172999547143019,-1.387061754762512,0.5769376152986128,-0.20679364850592954,-1.1584488999066733,-0.09359841579771949,-0.8546207383765094,0.4129050217349737,-0.22009318607588202,-0.20262608800058088,0.0692820323027559,0.2465984809580359,-0.5017912581425358,1.140089067109417,0.5405377599750526,-0.7266226911401854,1.4482439726069483,-0.5755115693951635,-0.5595719370593745,1.6803094590682988
-0.9354055624379682,1.0864246625329645,-0.7239947883900362,-0.20679364850592954,1.2193396596614259,-0.93432131250831,0.7808342855964149,-0.5683791926436955,0.16898076425671127,-0.23692584049662205,0.0692820323027559,0.2465984809580359,-0.8645704538369323,0.16058599354884398,0.5405377599750526,1.37623007400284,-0.690491394346993,-0.5755115693951635,-0.5595719370593745,-0.5951284714867237
-0.879802067526047,-1.49949295554867,-0.5667392231089906,-0.20679364850592954,-0.8576488795882369,-0.8782477832339907,-0.30946906371886795,0.4129050217349737,-0.41463016124217866,-0.2314512631847958,0.0692820323027559,0.2465984809580359,-0.5029030319208662,0.32383650580893947,0.5405377599750526,-0.7266226911401854,-0.690491394346993,-0.5755115693951635,-0.5595719370593745,1.6803094590682988
2.3444126642397074,-0.09410294572169475,-0.1092684877459493,-0.20679364850592954,1.0009899769187878,2.2458307489059517,0.7808342855964149,-0.5683791926436955,-0.22009318607588202,0.05582817756209522,0.0692820323027559,0.2465984809580359,-0.8654302255588411,-1.4719191290521112,-1.8500095165343355,-0.7266226911401854,1.4482439726069483,-0.5755115693951635,-0.5595719370593745,-0.5951284714867237
-0.3204439273985436,1.8172274676429916,0.5626416548185177,-0.20679364850592954,-0.1954975694862378,-0.31416120747193693,-0.30946906371886795,0.4129050217349737,-2.1654629377388486,-0.15742433806031322,0.0692820323027559,0.2465984809580359,-0.26720699091482264,1.7114658600197514,0.5405377599750526,-0.7266226911401854,1.4482439726069483,-0.5755115693951635,1.7870803265351975,-0.5951284714867237
0.4488576611702743,1.1988558633191224,-0.8240665117507014,-0.20679364850592954,1.74934531101668,0.461643536739303,1.8711376349116977,-0.5683791926436955,0.16898076425671127,0.013864360452177114,0.0692820323027559,0.2465984809580359,-0.9503993895240387,-0.6556665677516337,0.5405377599750526,-0.7266226911401854,-0.690491394346993,-0.5755115693951635,-0.5595719370593745,-0.5951284714867237
-0.7222074423905954,-0.6562589496524849,0.662713378179183,-0.20679364850592954,0.9438231788160419,-0.7193209596592097,-0.30946906371886795,-1.0590212998330302,0.5580547145893046,-0.20817737789938284,0.0692820323027559,-4.0551750201988135,-0.8007694626111453,-0.6556665677516337,0.5405377599750526,1.37623007400284,-0.690491394346993,-0.5755115693951635,-0.5595719370593745,-0.5951284714867237
-0.7635246419369769,1.0864246625329645,0.6055295362588028,-0.20679364850592954,0.31765751687389393,-0.7706828839341016,-1.399772413034151,-0.5683791926436955,0.7525916897556012,-0.20364818440978646,0.0692820323027559,0.2465984809580359,-0.9497916198585513,-0.3291655432314426,-1.8500095165343355,1.37623007400284,-0.690491394346993,-0.5755115693951635,1.7870803265351975,-0.5951284714867237
0.05514517594057686,1.5923650660706756,0.4625699314578524,-0.20679364850592954,0.5075109763426746,0.06460287227813305,1.3259859602540562,-1.0590212998330302,-0.9982410867410686,-0.04942519826868145,0.0692820323027559,0.2465984809580359,-0.2680222916855983,0.5687122741990828,0.5405377599750526,1.37623007400284,-0.690491394346993,-0.5755115693951635,1.7870803265351975,-0.5951284714867237
0.05809151023658752,-0.9935525520109589,-1.4387928123947882,1.452841000206196,-1.0277544614562213,0.026764451656473145,-0.30946906371886795,0.4129050217349737,1.1416656400881946,-0.06891970293335774,0.0692820323027559,0.2465984809580359,-0.1173843565470187,-0.9821675922718247,-1.8500095165343355,1.37623007400284,-0.690491394346993,-0.5755115693951635,-0.5595719370593745,1.6803094590682988
-0.7694173105289982,0.6366998593883324,-0.2665240530269948,-0.20679364850592954,-0.5848938196953403,-0.7669299081126985,-0.30946906371886795,0.9035471289243083,1.1416656400881946,-0.20409113213577731,0.0692820323027559,0.2465984809580359,-0.801243819423233,-0.4924160554915381,0.5405377599750526,-0.7266226911401854,-0.690491394346993,-0.5755115693951635,1.7870803265351975,-0.5951284714867237
-0.8903883151710154,-1.387061754762512,-0.15215636918623443,-0.20679364850592954,-0.8648870331155086,-0.8889235198610791,-0.30946906371886795,-0.5683791926436955,0.9471286649218978,-0.2200806300684645,0.0692820323027559,0.2465984809580359,-0.012106791564319364,0.24221124967889174,0.5405377599750526,-0.7266226911401854,-0.690491394346993,-0.5755115693951635,-0.5595719370593745,1.6803094590682988
2.9367286368411896,0.35562185742293734,-0.16645232966632947,-0.20679364850592954,0.2733209420267157,2.9705452920335276,-0.8546207383765094,-0.5683791926436955,-1.970925962572552,0.4911727047211517,0.0692820323027559,0.2465984809580359,-0.37252902684865535,-1.0637928484018724,0.5405377599750526,-0.7266226911401854,-0.690491394346993,-0.5755115693951635,-0.5595719370593745,-0.5951284714867237
1.5860056606259054,0.6929154597814113,-0.02349272486537904,-0.20679364850592954,0.273220946281918,1.6084042167597647,-0.8546207383765094,0.4129050217349737,1.1416656400881946,0.06810525651616404,0.0692820323027559,0.2465984809580359,-0.3951647409754621,0.813588042589226,0.5405377599750526,-0.7266226911401854,1.4482439726069483,1.7375845303178776,-0.5595719370593745,-0.5951284714867237
-0.32291062587892455,0.8615622609606484,-0.7668826698303213,-0.20679364850592954,2.1723914113468994,-0.316648757753977,-0.30946906371886795,-0.5683791926436955,-0.41463016124217866,-0.16983873033688288,0.0692820323027559,-4.0551750201988135,1.1832427275957649,0.813588042589226,0.5405377599750526,-0.7266226911401854,-0.690491394346993,-0.5755115693951635,-0.5595719370593745,-0.5951284714867237
-0.9713097292079581,0.6929154597814113,0.4911618524180425,-0.20679364850592954,-0.3091286314846904,-0.9705289888357819,-1.399772413034151,1.8848313433029775,0.16898076425671127,-0.23573493823679303,0.0692820323027559,0.2465984809580359,-0.26720699091482264,-0.9821675922718247,0.5405377599750526,1.37623007400284,-0.690491394346993,-0.5755115693951635,1.7870803265351975,-0.5951284714867237
-0.6799994906151876,0.5804842589952534,-1.5388645357554536,-0.20679364850592954,0.0770651908974327,-0.6767562103887467,1.3259859602540562,0.4129050217349737,1.1416656400881946,0.6143879880203493,0.0692820323027559,0.2465984809580359,0.6919869540775081,0.7319627864591783,0.5405377599750526,-0.7266226911401854,1.4482439726069483,-0.5755115693951635,1.7870803265351975,-0.5951284714867237
-0.9628475830322065,-1.0497681524040379,0.5626416548185177,-0.20679364850592954,0.2501142372533054,-0.9619953093960054,-0.8546207383765094,-0.5683791926436955,0.7525916897556012,-0.20598041375588835,0.0692820323027559,0.2465984809580359,1.739233382313606,1.5482153477596559,0.5405377599750526,1.37623007400284,-0.690491394346993,1.7375845303178776,-0.5595719370593745,-0.5951284714867237
1.1644400383885731,1.1426402629260435,1.2488477578630797,-0.20679364850592954,-0.24754150866319946,1.1832749636972262,0.7808342855964149,0.9035471289243083,-0.803704111574772,1.5508644948170163,0.0692820323027559,0.2465984809580359,-0.9510368064902814,-1.1454181045319203,0.5405377599750526,-0.7266226911401854,1.4482439726069483,-0.5755115693951635,1.7870803265351975,-0.5951284714867237
-0.6469731387389757,0.2994062570298583,-1.3816089704744081,4.772110297630447,2.491059902062629,-0.6434506760569882,-0.8546207383765094,-0.07773708545436095,-0.025556210909585365,-0.1725956219627215,0.0692820323027559,0.2465984809580359,-0.48112708951596816,-0.4924160554915381,0.5405377599750526,-0.7266226911401854,-0.690491394346993,-0.5755115693951635,-0.5595719370593745,-0.5951284714867237
0.7170768612105892,1.0864246625329645,-0.9098422746312717,-0.20679364850592954,1.6300760274077168,0.6663649645446685,-1.399772413034151,-0.5683791926436955,0.9471286649218978,0.11028474604375957,0.0692820323027559,-4.0551750201988135,-0.7782968086384937,-0.4924160554915381,-1.8500095165343355,1.37623007400284,-0.690491394346993,-0.5755115693951635,-0.5595719370593745,-0.5951284714867237
-0.5636878053250012,-0.5438277488663268,0.333906287136997,-0.20679364850592954,0.9561482953607091,-0.5594613047286638,0.23568261093877343,1.394189236113643,-2.1654629377388486,-0.18669085354894396,0.0692820323027559,0.2465984809580359,-0.26720699091482264,-0.16591503097134708,0.5405377599750526,-0.7266226911401854,1.4482439726069483,1.7375845303178776,-0.5595719370593745,-0.5951284714867237
0.21880376817363148,-1.330846154369433,-0.5238513416687055,-0.20679364850592954,-0.09652485807772945,0.22964492362959557,-1.399772413034151,-1.0590212998330302,-0.6091671364084753,0.08878096839383694,0.0692820323027559,0.2465984809580359,0.24524660264360035,0.40546176193898725,0.5405377599750526,-0.7266226911401854,1.4482439726069483,-0.5755115693951635,-0.5595719370593745,1.6803094590682988
-0.32455509153251183,0.9177778613537274,0.41968205001756725,-0.20679364850592954,0.648163965377584,-0.34462614509155154,1.3259859602540562,-0.5683791926436955,0.7525916897556012,-0.14177695598080722,0.0692820323027559,0.2465984809580359,-0.13930853545569416,0.07896073741879621,-1.8500095165343355,1.37623007400284,-0.690491394346993,-0.5755115693951635,-0.5595719370593745,-0.5951284714867237
0.5849029343035085,1.3675026644983594,0.4625699314578524,-0.20679364850592954,-0.10365275988637832,0.5988388446557061,-1.399772413034151,-0.5683791926436955,-0.9982410867410686,0.0034331297840580585,0.0692820323027559,0.2465984809580359,-0.7379616559606669,-0.5740413116215859,0.5405377599750526,-0.7266226911401854,1.4482439726069483,-0.5755115693951635,1.7870803265351975,-0.5951284714867237
-0.9880969827549952,-1.274630553976354,0.2910184056967119,-0.20679364850592954,-1.0837956664316306,-0.9874581504774432,-0.30946906371886795,-0.5683791926436955,0.3635177394230079,-0.2377084336117499,0.0692820323027559,0.2465984809580359,-0.5005757188115612,1.3033395793695126,0.5405377599750526,-0.7266226911401854,1.4482439726069483,-0.5755115693951635,-0.5595719370593745,1.6803094590682988
-0.5251799012701648,-1.49949295554867,-0.4523715392682303,-0.20679364850592954,-1.2312586220866018,-0.5206278808812609,0.23568261093877343,-1.0590212998330302,-0.41463016124217866,-0.166865598650799,0.0692820323027559,0.2465984809580359,2.208060972810344,0.5687122741990828,0.5405377599750526,-0.7266226911401854,-0.690491394346993,-0.5755115693951635,-0.5595719370593745,1.6803094590682988
0.05237014015014825,0.5242686586021743,-1.0813938003924122,-0.20679364850592954,-1.251509042404842,0.02121138247777132,0.7808342855964149,-0.07773708545436095,-0.025556210909585365,-0.1174113612698763,0.0692820323027559,0.2465984809580359,-0.26720699091482264,0.8952132987192738,-1.8500095165343355,1.37623007400284,-0.690491394346993,1.7375845303178776,-0.5595719370593745,-0.5951284714867237
-0.7411187974068498,-1.274630553976354,-0.7382907488701311,-0.20679364850592954,-0.8460724491328234,-0.7489361339767905,-0.30946906371886795,0.4129050217349737,-0.6091671364084753,-0.20995425780189034,0.0692820323027559,0.2465984809580359,2.420780355730893,1.4665900916296082,-1.8500095165343355,-0.7266226911401854,1.4482439726069483,-0.5755115693951635,-0.5595719370593745,1.6803094590682988
-0.26710157276030494,0.1869750562437003,-1.0813938003924122,-0.20679364850592954,0.7433855543594545,-0.26036793262282093,-0.30946906371886795,-1.5496634070223647,0.9471286649218978,-0.10602547186509671,0.0692820323027559,0.2465984809580359,-1.0363024434630337,-1.3086686167920156,0.5405377599750526,-0.7266226911401854,-0.690491394346993,-0.5755115693951635,-0.5595719370593745,-0.5951284714867237
0.11414038126302203,-0.4876121484732478,-1.3101291680739329,-0.20679364850592954,0.3505099650300872,0.12409678319025763,0.7808342855964149,0.9035471289243083,-1.1927780619073654,-0.10513620440210467,0.0692820323027559,0.2465984809580359,-0.26720699091482264,-0.24754028710139483,0.5405377599750526,-0.7266226911401854,-0.690491394346993,1.7375845303178776,-0.5595719370593745,-0.5951284714867237
-0.4934896777374925,-0.4313965480801688,-1.4816806938350733,-0.20679364850592954,0.12963731272640225,-0.4886697696189408,-0.30946906371886795,-0.5683791926436955,-0.22009318607588202,-0.18511505366318906,0.0692820323027559,0.2465984809580359,4.172995124981105,-0.9005423361417769,0.5405377599750526,-0.7266226911401854,1.4482439726069483,-0.5755115693951635,-0.5595719370593745,-0.5951284714867237
-0.8412599037700942,0.2994062570298583,-1.2672412866336478,-0.20679364850592954,0.8517117138967223,-0.8461314705596964,1.3259859602540562,0.4129050217349737,1.1416656400881946,-0.2208931915922167,0.0692820323027559,0.2465984809580359,-0.26720699091482264,-1.1454181045319203,-1.8500095165343355,1.37623007400284,-0.690491394346993,-0.5755115693951635,-0.5595719370593745,-0.5951284714867237
1.5744258816485615,0.4680530582090954,-1.1671695632729824,-0.20679364850592954,-0.10549370718803662,1.5967265501579657,-0.8546207383765094,1.394189236113643,-0.22009318607588202,0.07056181759612015,0.0692820323027559,0.2465984809580359,-0.26720699091482264,0.9768385548493216,0.5405377599750526,-0.7266226911401854,1.4482439726069483,1.7375845303178776,-0.5595719370593745,-0.5951284714867237
-0.13324892049852044,-0.9935525520109589,0.04798707753509617,-0.20679364850592954,-0.9630187546703347,-0.12538378051267562,-0.30946906371886795,-0.07773708545436095,-0.803704111574772,-0.19999209812553156,0.0692820323027559,0.2465984809580359,-0.3311562186443869,-1.3086686167920156,0.5405377599750526,-0.7266226911401854,-0.690491394346993,-0.5755115693951635,-0.5595719370593745,1.6803094590682988
1.0085583983089417,-0.9373369516178799,0.17665072185595154,-0.20679364850592954,-1.2119107274649958,1.0260756055960842,1.8711376349116977,-0.07773708545436095,-2.1654629377388486,-0.09981939277842374,0.0692820323027559,0.2465984809580359,0.28700482575768976,-0.7372918238816814,0.5405377599750526,-0.7266226911401854,-0.690491394346993,-0.5755115693951635,-0.5595719370593745,1.6803094590682988
-0.7971334087321678,0.7491310601744904,1.663430611785836,-0.20679364850592954,0.09421574312694787,-0.7948802994761761,1.3259859602540562,-1.0590212998330302,-1.5818520122399586,-0.22680949930881691,0.0692820323027559,0.2465984809580359,-0.6496275233597227,-1.6351696413122068,0.5405377599750526,1.37623007400284,-0.690491394346993,1.7375845303178776,-0.5595719370593745,-0.5951284714867237
1.831887535538326,1.3675026644983594,-0.4809634602284204,-0.20679364850592954,0.3854238639251847,1.7483821566102717,-0.30946906371886795,-1.0590212998330302,-0.41463016124217866,0.0004697447136840582,0.0692820323027559,0.2465984809580359,0.05113090094711357,-1.553544385182159,-1.8500095165343355,1.37623007400284,-0.690491394346993,-0.5755115693951635,1.7870803265351975,-0.5951284714867237
-0.2526439788891831,0.4680530582090954,-0.9241382351113667,4.772110297630447,-0.5600769270313432,-0.24578812402530847,-0.30946906371886795,-1.0590212998330302,0.7525916897556012,-0.18720967632834065,0.0692820323027559,0.2465984809580359,0.650199083662663,-0.24754028710139483,0.5405377599750526,-0.7266226911401854,-0.690491394346993,1.7375845303178776,-0.5595719370593745,-0.5951284714867237
0.18276256259917611,-1.387061754762512,-0.7954745907905113,-0.20679364850592954,-1.2544960947814878,0.19329905006423273,-0.8546207383765094,-0.07773708545436095,1.3362026152544912,-0.14771383331562513,0.0692820323027559,0.2465984809580359,-0.5015985506876253,-1.1454181045319203,0.5405377599750526,-0.7266226911401854,-0.690491394346993,-0.5755115693951635,-0.5595719370593745,1.6803094590682988
0.4460483656787293,-1.49949295554867,0.9915204692213689,-0.20679364850592954,-0.9319175140448274,0.45881049336253515,-0.8546207383765094,-0.07773708545436095,-0.803704111574772,-0.06520183791564627,0.0692820323027559,0.2465984809580359,-0.26720699091482264,1.3849648354995603,0.5405377599750526,1.37623007400284,-0.690491394346993,-0.5755115693951635,-0.5595719370593745,1.6803094590682988
-0.9575373293591641,0.6929154597814113,-0.7668826698303213,-0.20679364850592954,0.34871260561718687,-0.9566401664277248,-0.30946906371886795,2.3754734504923123,-0.803704111574772,-0.23639396198759524,0.0692820323027559,0.2465984809580359,0.00907620482546902,-0.002664518711251552,0.5405377599750526,-0.7266226911401854,-0.690491394346993,-0.5755115693951635,1.7870803265351975,-0.5951284714867237
0.06946573100723312,-0.9935525520109589,-0.40948365782794516,-0.20679364850592954,-1.2739978290104748,0.07904448363775447,-0.8546207383765094,0.4129050217349737,-0.9982410867410686,-0.06816890990191711,0.0692820323027559,0.2465984809580359,-0.2879156304925235,-0.8189170800117291,0.5405377599750526,-0.7266226911401854,1.4482439726069483,-0.5755115693951635,-0.5595719370593745,1.6803094590682988
-0.8244041308208241,-1.274630553976354,0.21953860329623667,-0.20679364850592954,-0.9016162393777009,-0.8223815498165078,-0.30946906371886795,0.4129050217349737,-0.025556210909585365,-0.21433331279665713,0.0692820323027559,0.2465984809580359,-0.35265051169210787,-1.7167948974422544,0.5405377599750526,-0.7266226911401854,-0.690491394346993,-0.5755115693951635,-0.5595719370593745,1.6803094590682988
1.1381971073334087,1.3112870641052805,0.5626416548185177,-0.20679364850592954,0.3259828036266573,1.1568101926410779,0.23568261093877343,-1.0590212998330302,-0.803704111574772,0.13171415915709264,0.0692820323027559,0.2465984809580359,-0.6527553135894255,-1.1454181045319203,0.5405377599750526,-0.7266226911401854,-0.690491394346993,-0.5755115693951635,1.7870803265351975,-0.5951284714867237
-0.0015203697059529221,1.7610118672499127,0.8342649039403235,-0.20679364850592954,0.08591096832183501,0.0074583144101574355,0.23568261093877343,-1.0590212998330302,-0.9982410867410686,-0.11699046639018006,0.0692820323027559,0.2465984809580359,0.7588267936307312,0.813588042589226,0.5405377599750526,-0.7266226911401854,1.4482439726069483,-0.5755115693951635,1.7870803265351975,-0.5951284714867237
-0.9850478693556355,-1.162199353190196,-1.009913997991937,-0.20679364850592954,-1.1752045971439107,-0.984383261934366,0.23568261093877343,-0.07773708545436095,-0.22009318607588202,-0.23738787805523545,0.0692820323027559,0.2465984809580359,-0.26720699091482264,-1.7167948974422544,0.5405377599750526,-0.7266226911401854,1.4482439726069483,-0.5755115693951635,-0.5595719370593745,1.6803094590682988
4.156099918976187,1.1988558633191224,-0.9813220770317469,-0.20679364850592954,-0.7831161538056425,4.200224314788659,-0.8546207383765094,-1.5496634070223647,0.7525916897556012,18.000501190227826,0.0692820323027559,0.2465984809580359,2.0806813451144364,0.5687122741990828,0.5405377599750526,-0.7266226911401854,1.4482439726069483,-0.5755115693951635,1.7870803265351975,-0.5951284714867237
-0.9945035468637625,1.8734430680360705,2.321044793870208,-0.20679364850592954,0.16495888658105917,-0.9939188713488528,-1.399772413034151,-0.5683791926436955,1.3362026152544912,-0.24036980859805102,0.0692820323027559,0.2465984809580359,-0.8657415222167736,-0.16591503097134708,0.5405377599750526,1.37623007400284,-0.690491394346993,-0.5755115693951635,1.7870803265351975,-0.5951284714867237
0.45646331481811553,-1.49949295554867,2.4640043986711584,-0.20679364850592954,-1.0699065138785908,0.4693134834422597,1.3259859602540562,-0.07773708545436095,-2.554536888071442,-0.1386897779139596,0.0692820323027559,0.2465984809580359,-0.053865014678409005,-0.0842897748412993,0.5405377599750526,1.37623007400284,-0.690491394346993,-0.5755115693951635,-0.5595719370593745,1.6803094590682988
-0.82711064720902,-0.9935525520109589,2.335340754350303,-0.20679364850592954,-0.9647315022991754,-0.8251109452648573,-0.30946906371886795,-0.5683791926436955,-0.41463016124217866,-0.21838525320980054,0.0692820323027559,0.2465984809580359,-0.26720699091482264,-0.8189170800117291,0.5405377599750526,1.37623007400284,-0.690491394346993,-0.5755115693951635,-0.5595719370593745,1.6803094590682988
-0.9252989506086295,-0.2627497469009318,-0.23793213206680466,-0.20679364850592954,2.187426668974927,-0.927698408855238,0.23568261093877343,1.394189236113643,0.16898076425671127,-0.18198518170042197,0.0692820323027559,0.2465984809580359,-1.0986951879029354,-1.0637928484018724,-1.8500095165343355,-0.7266226911401854,1.4482439726069483,-0.5755115693951635,-0.5595719370593745,-0.5951284714867237
1.2416614047049441,-1.387061754762512,-0.5095553811886104,-0.20679364850592954,-1.2050443529888946,1.2611491072488685,-0.8546207383765094,1.8848313433029775,-0.41463016124217866,1.6766317887095223,0.0692820323027559,0.2465984809580359,-0.6314537279966153,0.40546176193898725,0.5405377599750526,1.37623007400284,-0.690491394346993,-0.5755115693951635,-0.5595719370593745,1.6803094590682988
-0.7666080150374532,1.3675026644983594,-0.7239947883900362,-0.20679364850592954,0.23229448273168335,-0.7640968647359306,-0.8546207383765094,-0.5683791926436955,-0.025556210909585365,-0.21110572273755804,0.0692820323027559,0.2465984809580359,-0.26720699091482264,-0.16591503097134708,0.5405377599750526,-0.7266226911401854,1.4482439726069483,-0.5755115693951635,-0.5595719370593745,-0.5951284714867237
0.06830090116927533,-0.03788734532861574,-0.22363617158670962,-0.20679364850592954,0.2880331364792434,0.07786980711567988,0.23568261093877343,-0.07773708545436095,1.1416656400881946,0.28142752155324563,0.0692820323027559,0.2465984809580359,-0.03265237098786496,0.24221124967889174,0.5405377599750526,-0.7266226911401854,1.4482439726069483,1.7375845303178776,-0.5595719370593745,-0.5951284714867237
-0.796550993813189,-0.03788734532861574,0.5626416548185177,-0.20679364850592954,1.0913886942092668,-0.8027377263788232,0.7808342855964149,0.4129050217349737,1.5307395904207879,-0.2010914667462573,0.0692820323027559,0.2465984809580359,-1.014911915967957,1.4665900916296082,-1.8500095165343355,-0.7266226911401854,1.4482439726069483,1.7375845303178776,-0.5595719370593745,-0.5951284714867237
0.6474954082431758,0.6929154597814113,-0.009196764385283997,-0.20679364850592954,-0.6668287945864128,0.6619604330624723,0.7808342855964149,-1.0590212998330302,-0.6091671364084753,0.1473389170744018,0.0692820323027559,0.2465984809580359,5.174910830362078,-0.4107907993614904,0.5405377599750526,1.37623007400284,-0.690491394346993,-0.5755115693951635,1.7870803265351975,-0.5951284714867237
-0.745743857057564,-0.03788734532861574,2.2066771100294478,1.452841000206196,1.031868150113593,-0.7430563352670084,0.7808342855964149,-0.5683791926436955,-0.025556210909585365,-0.2085953976766318,0.0692820323027559,0.2465984809580359,-0.26720699091482264,0.24221124967889174,0.5405377599750526,-0.7266226911401854,-0.690491394346993,1.7375845303178776,-0.5595719370593745,-0.5951284714867237
0.5538293853909314,-1.105983752797117,-0.8669543931909865,-0.20679364850592954,-1.2777771553651323,0.567502620963896,0.23568261093877343,0.9035471289243083,-0.41463016124217866,0.45720104909072595,0.0692820323027559,0.2465984809580359,1.1620745548563538,1.5482153477596559,0.5405377599750526,1.37623007400284,-0.690491394346993,-0.5755115693951635,-0.5595719370593745,1.6803094590682988
-0.7611264628588288,1.8172274676429916,2.092309426188687,-0.20679364850592954,-0.9416119733032812,-0.7585689752202861,1.8711376349116977,0.4129050217349737,0.3635177394230079,-0.20751596561545857,0.0692820323027559,0.2465984809580359,0.6711893725975407,-0.5740413116215859,0.5405377599750526,-0.7266226911401854,-0.690491394346993,-0.5755115693951635,1.7870803265351975,-0.5951284714867237
-0.3081446946977551,-0.6000433492594058,-0.3094119344672799,-0.20679364850592954,0.0075630202761940955,-0.3017580053712095,-0.8546207383765094,0.9035471289243083,1.5307395904207879,-0.11829004900485272,0.0692820323027559,0.2465984809580359,-0.5014503141838478,1.3033395793695126,0.5405377599750526,-0.7266226911401854,1.4482439726069483,1.7375845303178776,-0.5595719370593745,-0.5951284714867237
-0.38296788193597814,-0.7124745500455638,-0.052084645825569126,-0.20679364850592954,1.1472350356819931,-0.3772136972597576,-1.399772413034151,-0.07773708545436095,0.16898076425671127,-0.13162629774515658,0.0692820323027559,0.2465984809580359,-0.9081075149963505,-1.553544385182159,0.5405377599750526,-0.7266226911401854,1.4482439726069483,-0.5755115693951635,-0.5595719370593745,-0.5951284714867237
0.6494482112068108,-0.9373369516178799,-0.5095553811886104,-0.20679364850592954,-1.2289458999889753,0.6007256917377387,-0.8546207383765094,-0.07773708545436095,-1.970925962572552,-0.048270073934431224,0.0692820323027559,0.2465984809580359,-0.26720699091482264,-0.0842897748412993,-1.8500095165343355,1.37623007400284,-0.690491394346993,-0.5755115693951635,-0.5595719370593745,1.6803094590682988
-0.942017684753434,0.4680530582090954,-0.1092684877459493,-0.20679364850592954,-0.1733959458925138,-0.9409893292365563,-0.8546207383765094,-0.07773708545436095,0.16898076425671127,-0.23589025601763292,0.0692820323027559,0.2465984809580359,-0.05264947534743433,-0.24754028710139483,0.5405377599750526,-0.7266226911401854,1.4482439726069483,1.7375845303178776,-0.5595719370593745,-0.5951284714867237
0.05805725053547115,0.7491310601744904,1.5490629279450756,-0.20679364850592954,1.2330621526398031,0.026731199745223467,-0.30946906371886795,-0.5683791926436955,-0.803704111574772,-0.09148864653930135,0.0692820323027559,0.2465984809580359,3.616782115507598,1.6298406038897038,-1.8500095165343355,1.37623007400284,-0.690491394346993,1.7375845303178776,-0.5595719370593745,-0.5951284714867237
1.2712960461706322,-0.03788734532861574,0.333906287136997,4.772110297630447,2.136449351075806,1.291034259942822,0.7808342855964149,-0.5683791926436955,0.7525916897556012,0.054367242022868904,0.0692820323027559,0.2465984809580359,-0.26645098474555795,-0.8189170800117291,0.5405377599750526,-0.7266226911401854,1.4482439726069483,-0.5755115693951635,-0.5595719370593745,-0.5951284714867237
3.751253030883659,-0.20653414650785276,2.5354842010716334,-0.20679364850592954,2.1110350479364803,3.7919551247488346,0.23568261093877343,-0.07773708545436095,1.3362026152544912,0.2121203720010692,0.0692820323027559,0.2465984809580359,-0.8230938800800196,-0.7372918238816814,0.5405377599750526,1.37623007400284,-0.690491394346993,-0.5755115693951635,-0.5595719370593745,-0.5951284714867237
0.8716566326477972,-0.03788734532861574,-0.2808200135070898,-0.20679364850592954,-1.177442963431303,0.8163975881033656,-0.8546207383765094,-0.07773708545436095,-0.025556210909585365,-0.12522811444364193,0.0692820323027559,0.2465984809580359,-0.8864353381440966,-1.227043360661968,-1.8500095165343355,-0.7266226911401854,-0.690491394346993,1.7375845303178776,-0.5595719370593745,-0.5951284714867237
1.5766185025200112,-1.274630553976354,-0.03778868534547408,-0.20679364850592954,-0.9413145500623447,1.5989377059642234,1.3259859602540562,-0.07773708545436095,-0.9982410867410686,0.0708256284399613,0.0692820323027559,0.2465984809580359,-0.26720699091482264,-1.3086686167920156,0.5405377599750526,-0.7266226911401854,1.4482439726069483,-0.5755115693951635,-0.5595719370593745,1.6803094590682988
-0.1277331086187796,1.0302090621398854,-0.09497252726585426,-0.20679364850592954,1.5040583130216443,-0.11982134168755824,-1.399772413034151,-0.07773708545436095,1.3362026152544912,-0.19976884257617217,0.0692820323027559,0.2465984809580359,0.11706649782729468,-1.553544385182159,0.5405377599750526,1.37623007400284,-0.690491394346993,-0.5755115693951635,-0.5595719370593745,-0.5951284714867237
0.3532045756532785,-0.7124745500455638,-1.338721089034123,-0.20679364850592954,1.0066307625227544,0.3651818646913055,-1.399772413034151,0.4129050217349737,1.5307395904207879,-0.1458260095401393,0.0692820323027559,0.2465984809580359,-0.37453021964965005,-0.16591503097134708,0.5405377599750526,-0.7266226911401854,1.4482439726069483,1.7375845303178776,-0.5595719370593745,-0.5951284714867237
-0.40369500111140166,1.8734430680360705,-0.5524432626288956,-0.20679364850592954,0.20389312721571118,-0.3981160294907886,1.3259859602540562,0.4129050217349737,-0.22009318607588202,-0.19532004706397516,0.0692820323027559,0.2465984809580359,1.0345911616078023,0.7319627864591783,0.5405377599750526,-0.7266226911401854,1.4482439726069483,-0.5755115693951635,1.7870803265351975,-0.5951284714867237
1.942957486557703,-0.6000433492594058,-0.8812503536710816,-0.20679364850592954,0.5807642693905511,1.8561848528818359,0.7808342855964149,-0.07773708545436095,0.16898076425671127,0.021567422704038375,0.0692820323027559,0.2465984809580359,-0.16031364804094964,-0.8189170800117291,-1.8500095165343355,1.37623007400284,-0.690491394346993,1.7375845303178776,-0.5595719370593745,-0.5951284714867237
-0.9733653112749421,-1.49949295554867,-1.4244968519146932,3.1124756489183216,-1.1774942433004298,-0.9726019474041484,-0.8546207383765094,0.4129050217349737,0.16898076425671127,-0.23821164757906563,0.0692820323027559,-4.0551750201988135,-0.5438014833130469,-0.16591503097134708,0.5405377599750526,-0.7266226911401854,1.4482439726069483,-0.5755115693951635,-0.5595719370593745,1.6803094590682988
0.8846067996697973,-1.443277355155591,0.5483456943384226,-0.20679364850592954,-1.0212496100574653,0.8289668105557565,0.7808342855964149,0.9035471289243083,-0.025556210909585365,-0.07781587549172174,0.0692820323027559,-4.0551750201988135,-0.24689858989732083,-1.553544385182159,-1.8500095165343355,1.37623007400284,-0.690491394346993,-0.5755115693951635,-0.5595719370593745,1.6803094590682988
0.7112184523196845,-0.8249057508317219,0.11946687993557138,6.431744946342572,0.05445333260589542,0.7262221486818402,-0.30946906371886795,0.9035471289243083,-1.5818520122399586,-0.03329721398860378,0.0692820323027559,0.2465984809580359,-0.26720699091482264,-0.24754028710139483,0.5405377599750526,-0.7266226911401854,-0.690491394346993,-0.5755115693951635,-0.5595719370593745,-0.5951284714867237
-0.1783346871677061,-1.105983752797117,0.8628568249005136,-0.20679364850592954,-1.0587351943892802,-0.17085067177885208,-0.30946906371886795,0.4129050217349737,-0.803704111574772,-0.18243852701980567,0.0692820323027559,0.2465984809580359,-0.9504142131744164,0.48708701806903504,0.5405377599750526,-0.7266226911401854,-0.690491394346993,-0.5755115693951635,-0.5595719370593745,1.6803094590682988
-0.6450888551775735,0.6366998593883324,-1.3244251285540278,-0.20679364850592954,2.152679429654493,-0.6415504640359854,-0.30946906371886795,-0.07773708545436095,-0.803704111574772,-0.2061318529796785,0.0692820323027559,0.2465984809580359,1.7608166172635933,-0.6556665677516337,0.5405377599750526,1.37623007400284,-0.690491394346993,-0.5755115693951635,-0.5595719370593745,-0.5951284714867237
-0.30793913649105664,-1.105983752797117,-0.8097705512706064,-0.20679364850592954,-1.1651306668539174,-0.32849896813544166,0.7808342855964149,0.4129050217349737,1.5307395904207879,-0.15343655302404485,0.0692820323027559,-4.0551750201988135,1.163616214495639,-0.24754028710139483,-1.8500095165343355,-0.7266226911401854,1.4482439726069483,-0.5755115693951635,-0.5595719370593745,1.6803094590682988
2.224640749136764,0.4680530582090954,1.8778700189872617,-0.20679364850592954,0.11917621942450034,2.2524378946418278,-0.30946906371886795,-1.0590212998330302,0.16898076425671127,0.1898201117146445,0.0692820323027559,0.2465984809580359,-0.5666743758458976,-1.3086686167920156,0.5405377599750526,1.37623007400284,-0.690491394346993,-0.5755115693951635,1.7870803265351975,-0.5951284714867237
0.002830612335830326,0.6366998593883324,1.5061750465047905,-0.20679364850592954,-0.5383240065476824,0.011846076713200432,-0.8546207383765094,0.9035471289243083,1.1416656400881946,-0.11852872677147948,0.0692820323027559,0.2465984809580359,-0.26720699091482264,-0.4107907993614904,0.5405377599750526,1.37623007400284,-0.690491394346993,-0.5755115693951635,1.7870803265351975,-0.5951284714867237
-0.1512010038835153,0.018328255064463266,-0.8526584327108915,-0.20679364850592954,-0.9679980299625635,-0.1434876186764115,-0.30946906371886795,-1.0590212998330302,-0.025556210909585365,-0.13826184782785425,0.0692820323027559,0.2465984809580359,-0.5233151984910123,0.07896073741879621,0.5405377599750526,-0.7266226911401854,-0.690491394346993,1.7375845303178776,-0.5595719370593745,-0.5951284714867237
0.737324344570383,1.9296586684291497,-1.2815372471137427,-0.20679364850592954,0.48204026534730865,0.7525487225000972,-1.399772413034151,0.4129050217349737,0.9471286649218978,-0.015562090269789481,0.0692820323027559,0.2465984809580359,0.1386200854765266,1.0584638109793694,0.5405377599750526,1.37623007400284,-0.690491394346993,-0.5755115693951635,1.7870803265351975,-0.5951284714867237
-0.810597471270914,-0.6000433492594058,-0.8812503536710816,-0.20679364850592954,0.5556576454659866,-0.8084581780989781,-0.8546207383765094,0.4129050217349737,-0.6091671364084753,-0.2206420375949762,0.0692820323027559,0.2465984809580359,-0.8221451664558445,0.5687122741990828,0.5405377599750526,1.37623007400284,-0.690491394346993,1.7375845303178776,-0.5595719370593745,-0.5951284714867237
0.8398978897128923,1.4237182648914386,-0.8097705512706064,-0.20679364850592954,-0.741051277160789,0.7855730663748834,-0.30946906371886795,-0.5683791926436955,-0.9982410867410686,-0.0070259054146957515,0.0692820323027559,0.2465984809580359,1.6334962841691965,0.40546176193898725,-1.8500095165343355,1.37623007400284,-0.690491394346993,-0.5755115693951635,1.7870803265351975,-0.5951284714867237
-0.6746207175399125,1.0302090621398854,0.2767224452166169,-0.20679364850592954,-1.023175169143183,-0.6713319688015205,1.3259859602540562,-0.07773708545436095,-1.7763889874062553,-0.20003803342953358,0.0692820323027559,0.2465984809580359,-0.26720699091482264,0.07896073741879621,0.5405377599750526,-0.7266226911401854,1.4482439726069483,-0.5755115693951635,1.7870803265351975,-0.5951284714867237
0.13839624965343494,1.4237182648914386,-0.06638060630566417,-0.20679364850592954,1.006194883635175,0.14855769429698468,-0.30946906371886795,0.4129050217349737,-2.1654629377388486,0.1666701080593115,0.0692820323027559,0.2465984809580359,-0.0539836038814308,-1.1454181045319203,0.5405377599750526,-0.7266226911401854,-0.690491394346993,-0.5755115693951635,-0.5595719370593745,-0.5951284714867237
-0.9488353652755981,-1.274630553976354,-0.8669543931909865,-0.20679364850592954,-1.0678835230415318,-0.9478646418216392,-0.30946906371886795,0.9035471289243083,-2.554536888071442,-0.23009620701769118,0.0692820323027559,0.2465984809580359,-0.054532078945407236,-1.3086686167920156,0.5405377599750526,1.37623007400284,-0.690491394346993,-0.5755115693951635,-0.5595719370593745,1.6803094590682988
-0.3950272967289518,0.5242686586021743,0.04798707753509617,-0.20679364850592954,-1.177363479634156,-0.3893750541941757,0.7808342855964149,-1.0590212998330302,-0.41463016124217866,-0.09676163137280422,0.0692820323027559,0.2465984809580359,-0.6721742955842631,1.221714323239465,0.5405377599750526,-0.7266226911401854,1.4482439726069483,-0.5755115693951635,-0.5595719370593745,-0.5951284714867237
2.5320187875531275,0.7491310601744904,0.34820224761709206,-0.20679364850592954,0.10955098798936809,2.5624142992315964,-0.30946906371886795,0.9035471289243083,0.5580547145893046,0.5443367912128395,0.0692820323027559,0.2465984809580359,0.2233224237349249,1.140089067109417,0.5405377599750526,1.37623007400284,-0.690491394346993,-0.5755115693951635,-0.5595719370593745,-0.5951284714867237
0.34813413988805086,0.8053466605675694,-0.15215636918623443,-0.20679364850592954,-0.48816203856768053,0.36006856688933425,-0.30946906371886795,-0.5683791926436955,0.5580547145893046,-0.07698264091092892,0.0692820323027559,0.2465984809580359,-0.26720699091482264,0.8952132987192738,0.5405377599750526,-0.7266226911401854,-0.690491394346993,1.7375845303178776,-0.5595719370593745,-0.5951284714867237
-0.8156679070361416,-0.4876121484732478,-0.9241382351113667,-0.20679364850592954,1.2413771834187408,-0.8212922928561621,-0.8546207383765094,0.9035471289243083,-0.9982410867410686,-0.22341242739297448,0.0692820323027559,0.2465984809580359,0.26620724427772263,-0.9821675922718247,-1.8500095165343355,-0.7266226911401854,1.4482439726069483,-0.5755115693951635,-0.5595719370593745,-0.5951284714867237
0.4669810430608511,1.1426402629260435,-1.1814655237530776,-0.20679364850592954,0.9996490083411177,0.47992012145040264,1.3259859602540562,1.394189236113643,1.3362026152544912,-0.06268326876585005,0.0692820323027559,0.2465984809580359,-0.26720699091482264,-1.7167948974422544,0.5405377599750526,-0.7266226911401854,1.4482439726069483,-0.5755115693951635,-0.5595719370593745,-0.5951284714867237
-0.1577788664978646,0.1869750562437003,0.8199689434602284,-0.20679364850592954,-1.2459862004998674,-0.150121086095185,0.23568261093877343,-0.07773708545436095,-0.22009318607588202,-0.17104687672163185,0.0692820323027559,0.2465984809580359,-0.843772872356965,1.5482153477596559,0.5405377599750526,1.37623007400284,-0.690491394346993,-0.5755115693951635,-0.5595719370593745,-0.5951284714867237
-0.8697297153978247,-0.6000433492594058,0.3624982080971871,-0.20679364850592954,1.2345954207266994,-0.8680902862489938,0.7808342855964149,0.4129050217349737,-0.025556210909585365,-0.2260234174892881,0.0692820323027559,0.2465984809580359,-0.8445288785262296,0.6503375303291306,0.5405377599750526,-0.7266226911401854,-0.690491394346993,-0.5755115693951635,-0.5595719370593745,-0.5951284714867237
-0.5352179936972707,0.07454385545754227,-0.6096271045492758,-0.20679364850592954,-1.0498355731022948,-0.530750828556785,0.23568261093877343,-1.5496634070223647,3.6706463172500507,-0.17081400880711586,0.0692820323027559,0.2465984809580359,1.2269873198604715,-0.9005423361417769,0.5405377599750526,-0.7266226911401854,1.4482439726069483,1.7375845303178776,-0.5595719370593745,-0.5951284714867237
-0.564441518749562,-1.330846154369433,0.333906287136997,-0.20679364850592954,-1.1003565001661852,-0.560221389537065,0.23568261093877343,1.394189236113643,0.7525916897556012,-0.1673186078977529,0.0692820323027559,0.2465984809580359,-0.4385535656311029,0.5687122741990828,0.5405377599750526,-0.7266226911401854,-0.690491394346993,-0.5755115693951635,-0.5595719370593745,1.6803094590682988
1.7311297545549864,-1.443277355155591,0.7913770225000384,-0.20679364850592954,-0.8052664932750371,1.7547550916864543,0.23568261093877343,1.8848313433029775,-0.6091671364084753,0.2449607512727739,0.0692820323027559,0.2465984809580359,-0.9486353751290878,-1.227043360661968,0.5405377599750526,-0.7266226911401854,-0.690491394346993,-0.5755115693951635,-0.5595719370593745,1.6803094590682988
-0.7645866926715854,0.2431906566367793,-0.7382907488701311,-0.20679364850592954,0.2948354111189359,-0.7620584554770367,0.23568261093877343,-0.07773708545436095,-0.025556210909585365,-0.21147939408148056,0.0692820323027559,0.2465984809580359,0.7561881838634937,-0.7372918238816814,0.5405377599750526,-0.7266226911401854,1.4482439726069483,1.7375845303178776,-0.5595719370593745,-0.5951284714867237
0.4879822398452058,0.2431906566367793,-0.4523715392682303,-0.20679364850592954,-0.92915609309234,0.5010988481572158,-0.8546207383765094,-0.5683791926436955,-0.22009318607588202,-0.04238666228658048,0.0692820323027559,0.2465984809580359,-0.9728868671470681,1.3849648354995603,0.5405377599750526,-0.7266226911401854,1.4482439726069483,1.7375845303178776,-0.5595719370593745,-0.5951284714867237
1.536055016398191,0.7491310601744904,0.10517091945547634,-0.20679364850592954,2.0896128826086886,1.558031323548454,-0.8546207383765094,0.4129050217349737,1.3362026152544912,0.07114026404904256,0.0692820323027559,0.2465984809580359,-0.7579587603202362,0.07896073741879621,0.5405377599750526,-0.7266226911401854,-0.690491394346993,-0.5755115693951635,-0.5595719370593745,-0.5951284714867237
-0.10844489689024502,0.5242686586021743,0.17665072185595154,-0.20679364850592954,0.4274169487532603,-0.100370080454384,-1.399772413034151,1.394189236113643,-0.22009318607588202,-0.1319171270964193,0.0692820323027559,0.2465984809580359,-0.26720699091482264,-1.3902938729220635,0.5405377599750526,-0.7266226911401854,1.4482439726069483,1.7375845303178776,-0.5595719370593745,-0.5951284714867237
-0.5055490925304662,1.5923650660706756,0.8056729829801335,-0.20679364850592954,0.6094912520754797,-0.5008311265533589,-1.9449240876917921,-1.0590212998330302,0.16898076425671127,-0.17294001831785297,0.0692820323027559,0.2465984809580359,-0.35269498264324106,-1.0637928484018724,0.5405377599750526,-0.7266226911401854,-0.690491394346993,-0.5755115693951635,1.7870803265351975,-0.5951284714867237
-0.8692158198810787,-1.0497681524040379,1.8778700189872617,-0.20679364850592954,-0.8897603336355454,-0.8732650301394608,-1.9449240876917921,1.8848313433029775,0.9471286649218978,-0.2158846984071911,0.0692820323027559,0.2465984809580359,1.5909820548858424,1.4665900916296082,-1.8500095165343355,-0.7266226911401854,1.4482439726069483,-0.5755115693951635,-0.5595719370593745,1.6803094590682988
1.7902619986818973,0.1307594558506213,0.8771527853806086,-0.20679364850592954,0.9457718138428665,1.8143871998364698,1.3259859602540562,-1.0590212998330302,-0.6091671364084753,0.4090703673113468,0.0692820323027559,0.2465984809580359,-0.3538215800719492,-0.24754028710139483,0.5405377599750526,1.37623007400284,-0.690491394346993,-0.5755115693951635,-0.5595719370593745,-0.5951284714867237
-0.47683946299492097,-0.9373369516178799,-1.4816806938350733,-0.20679364850592954,-0.9235870993051511,-0.47187880521517056,-0.30946906371886795,-0.07773708545436095,1.3362026152544912,-0.1762414709061723,0.0692820323027559,0.2465984809580359,-0.26720699091482264,1.0584638109793694,0.5405377599750526,1.37623007400284,-0.690491394346993,-0.5755115693951635,-0.5595719370593745,1.6803094590682988
-0.3034511156448079,-1.330846154369433,-0.6525149859895609,-0.20679364850592954,-1.263126496755557,-0.29702474997343886,0.7808342855964149,-0.5683791926436955,-0.9982410867410686,-0.08109345450770324,0.0692820323027559,0.2465984809580359,-0.6296897136016644,-0.7372918238816814,0.5405377599750526,-0.7266226911401854,-0.690491394346993,-0.5755115693951635,-0.5595719370593745,1.6803094590682988
0.38677908274735295,-1.105983752797117,0.20524264281614163,-0.20679364850592954,-0.8386137921683057,0.34578328818620274,-0.8546207383765094,0.4129050217349737,0.16898076425671127,0.0301550525369099,0.0692820323027559,0.2465984809580359,1.9736249420864083,-1.6351696413122068,-1.8500095165343355,1.37623007400284,-0.690491394346993,-0.5755115693951635,-0.5595719370593745,1.6803094590682988
-1.0180057018296147,-0.6000433492594058,0.7484891410597533,-0.20679364850592954,0.9117373647032966,-1.0176196976471787,1.3259859602540562,0.4129050217349737,-0.22009318607588202,-0.24132775819093594,0.0692820323027559,0.2465984809580359,-1.0779272537237237,-0.24754028710139483,0.5405377599750526,1.37623007400284,-0.690491394346993,1.7375845303178776,-0.5595719370593745,-0.5951284714867237
-0.14482869947586446,1.9858742688222286,-1.3244251285540278,-0.20679364850592954,0.3016069178371522,-0.13706144711447474,1.8711376349116977,0.4129050217349737,0.16898076425671127,-0.08199475015577458,0.0692820323027559,0.2465984809580359,-0.05505090670862802,-1.4719191290521112,0.5405377599750526,-0.7266226911401854,-0.690491394346993,-0.5755115693951635,1.7870803265351975,-0.5951284714867237
0.48363125780342275,-1.274630553976354,-0.666810946469656,-0.20679364850592954,-0.843582811486709,0.496711085854173,0.23568261093877343,0.9035471289243083,-2.1654629377388486,-0.060679955170431094,0.0692820323027559,0.2465984809580359,-0.26720699091482264,1.140089067109417,0.5405377599750526,1.37623007400284,-0.690491394346993,-0.5755115693951635,-0.5595719370593745,1.6803094590682988
1.0408310367605926,0.6366998593883324,-0.22363617158670962,-0.20679364850592954,0.8573960873894468,0.9805955258544398,2.416289309569339,-0.07773708545436095,1.1416656400881946,-0.07486848071840357,0.0692820323027559,0.2465984809580359,1.163601390845261,0.7319627864591783,-1.8500095165343355,1.37623007400284,-0.690491394346993,1.7375845303178776,-0.5595719370593745,-0.5951284714867237
0.36327692778150084,-0.7686901504386429,0.677009338659278,3.1124756489183216,-0.4641553678358895,0.37533936167630233,1.8711376349116977,-0.5683791926436955,0.5580547145893046,-0.1471685289770702,0.0692820323027559,0.2465984809580359,-0.9084781062557938,-0.16591503097134708,0.5405377599750526,1.37623007400284,-0.690491394346993,1.7375845303178776,-0.5595719370593745,-0.5951284714867237
-0.47834688984404267,0.1869750562437003,0.2910184056967119,-0.20679364850592954,0.10656393561272219,-0.4733989748319728,-0.30946906371886795,-0.07773708545436095,0.7525916897556012,-0.20162584288174898,0.0692820323027559,-4.0551750201988135,-0.8232272929334193,0.7319627864591783,0.5405377599750526,1.37623007400284,-0.690491394346993,-0.5755115693951635,-0.5595719370593745,-0.5951284714867237
-0.8259115576699458,-0.15031854611477377,0.4625699314578524,-0.20679364850592954,0.46072322375122715,-0.82390171943331,-0.8546207383765094,-0.5683791926436955,-1.970925962572552,-0.22437604132260225,0.0692820323027559,0.2465984809580359,2.4436680719141215,0.6503375303291306,0.5405377599750526,-0.7266226911401854,-0.690491394346993,1.7375845303178776,-0.5595719370593745,-0.5951284714867237
0.46108837446882994,-1.49949295554867,0.6055295362588028,-0.20679364850592954,-1.1372523660030402,0.47397764022108485,-0.8546207383765094,-0.07773708545436095,-0.9982410867410686,-0.0633922604086732,0.0692820323027559,0.2465984809580359,-0.26720699091482264,-0.16591503097134708,0.5405377599750526,1.37623007400284,-0.690491394346993,-0.5755115693951635,-0.5595719370593745,1.6803094590682988
0.1748828313424035,0.6929154597814113,0.11946687993557138,-0.20679364850592954,-0.4716063328200383,0.18535270888549363,0.7808342855964149,1.394189236113643,-0.803704111574772,-0.14344660310913435,0.0692820323027559,0.2465984809580359,-0.6510209464952301,1.3849648354995603,0.5405377599750526,-0.7266226911401854,1.4482439726069483,-0.5755115693951635,1.7870803265351975,-0.5951284714867237
-0.7421808481414582,-1.443277355155591,-0.32370789494737495,-0.20679364850592954,-1.065175945951628,-0.7499669432255316,-0.30946906371886795,0.9035471289243083,-0.22009318607588202,-0.21632305666117255,0.0692820323027559,0.2465984809580359,1.2486891440134809,-0.3291655432314426,-1.8500095165343355,-0.7266226911401854,1.4482439726069483,-0.5755115693951635,-0.5595719370593745,1.6803094590682988
0.0869039188754819,1.7610118672499127,0.6913052991393731,-0.20679364850592954,-0.6955378293171468,0.05472930901748019,-0.8546207383765094,-0.5683791926436955,0.16898076425671127,-0.10483031679117269,0.0692820323027559,0.2465984809580359,0.20093871166453955,0.7319627864591783,-1.8500095165343355,1.37623007400284,-0.690491394346993,-0.5755115693951635,1.7870803265351975,-0.5951284714867237
-0.9979637766765191,1.9858742688222286,2.335340754350303,6.431744946342572,0.6623761811061238,-0.9974083516056034,-0.30946906371886795,-0.5683791926436955,-0.6091671364084753,-0.23895235531352915,0.0692820323027559,0.2465984809580359,-0.7347745711294532,-1.0637928484018724,0.5405377599750526,1.37623007400284,-0.690491394346993,-0.5755115693951635,1.7870803265351975,-0.5951284714867237
-0.9790866813613813,-1.330846154369433,0.1623547613758565,-0.20679364850592954,-1.2291920433607848,-0.9783716820861025,1.3259859602540562,-0.5683791926436955,-2.1654629377388486,-0.23667064232354224,0.0692820323027559,0.2465984809580359,-0.26720699091482264,0.813588042589226,0.5405377599750526,-0.7266226911401854,-0.690491394346993,-0.5755115693951635,-0.5595719370593745,1.6803094590682988
-0.047222810995233754,-0.9373369516178799,-1.295833207593838,-0.20679364850592954,-0.9217435880100365,-0.03863046442652892,-0.8546207383765094,-0.5683791926436955,-0.025556210909585365,2.6805914931520136,0.0692820323027559,0.2465984809580359,-0.886079570535031,1.221714323239465,0.5405377599750526,1.37623007400284,-0.690491394346993,-0.5755115693951635,-0.5595719370593745,1.6803094590682988
-0.9445186429349314,-0.9373369516178799,-1.2815372471137427,-0.20679364850592954,-1.041502594369162,-0.943511428828069,0.23568261093877343,1.394189236113643,0.16898076425671127,-0.22352262148918434,0.0692820323027559,-4.0551750201988135,-0.4163329137148729,0.813588042589226,0.5405377599750526,-0.7266226911401854,-0.690491394346993,-0.5755115693951635,-0.5595719370593745,1.6803094590682988
0.6708947841056788,-0.31896534729401077,-0.12356444822604433,-0.20679364850592954,-0.7388052188930276,0.68555761143238,-0.30946906371886795,0.9035471289243083,-0.22009318607588202,0.3253380794930809,0.0692820323027559,0.2465984809580359,0.28784977382922095,-1.4719191290521112,0.5405377599750526,1.37623007400284,-0.690491394346993,1.7375845303178776,-0.5595719370593745,-0.5951284714867237
3.1789789834352717,0.2994062570298583,-0.15215636918623443,-0.20679364850592954,0.8965944193501025,3.0558473069489174,-0.30946906371886795,-0.5683791926436955,1.5307395904207879,0.4934934732434186,0.0692820323027559,0.2465984809580359,2.4423784143312584,-0.16591503097134708,-1.8500095165343355,-0.7266226911401854,1.4482439726069483,-0.5755115693951635,-0.5595719370593745,-0.5951284714867237
1.450200205400486,-0.9935525520109589,0.005099196094811046,-0.20679364850592954,-1.1966780423408294,1.471450754009671,-0.30946906371886795,-0.5683791926436955,-0.9982410867410686,-0.02631552067146407,0.0692820323027559,0.2465984809580359,-0.6506207079350312,-0.4107907993614904,0.5405377599750526,-0.7266226911401854,-0.690491394346993,-0.5755115693951635,-0.5595719370593745,1.6803094590682988
0.27779897349607663,0.8615622609606484,1.706318493226121,-0.20679364850592954,0.6442641313304779,0.2891388345417202,-0.8546207383765094,-1.5496634070223647,-0.9982410867410686,-0.08544519813602171,0.0692820323027559,0.2465984809580359,-0.26720699091482264,-0.6556665677516337,0.5405377599750526,-0.7266226911401854,-0.690491394346993,-0.5755115693951635,-0.5595719370593745,-0.5951284714867237
-0.5408708443814771,0.2431906566367793,1.1630719949825095,-0.20679364850592954,-0.01422323212239914,-0.5364514646197935,-0.30946906371886795,1.8848313433029775,0.16898076425671127,-0.19667374098334442,0.0692820323027559,0.2465984809580359,-0.8859906286327645,0.07896073741879621,0.5405377599750526,1.37623007400284,-0.690491394346993,1.7375845303178776,-0.5595719370593745,-0.5951284714867237
-0.3577870016154223,1.0864246625329645,-0.15215636918623443,-0.20679364850592954,-0.7204162578240964,-0.3518199547972655,1.3259859602540562,-1.0590212998330302,0.5580547145893046,-0.1509229598008958,0.0692820323027559,0.2465984809580359,0.6067213171047556,-1.3086686167920156,0.5405377599750526,-0.7266226911401854,-0.690491394346993,-0.5755115693951635,1.7870803265351975,-0.5951284714867237
-1.0065287019556197,1.1426402629260435,0.7770810620199433,-0.20679364850592954,0.16734083650200693,-1.006045678973798,-0.30946906371886795,-0.07773708545436095,0.16898076425671127,-0.239590659255888,0.0692820323027559,-4.0551750201988135,1.397177649847288,-1.3086686167920156,0.5405377599750526,-0.7266226911401854,1.4482439726069483,-0.5755115693951635,-0.5595719370593745,-0.5951284714867237
-0.8880929151962164,1.0302090621398854,0.21953860329623667,-0.20679364850592954,0.9057914638780248,-0.8866087161264029,-0.30946906371886795,-0.5683791926436955,-0.025556210909585365,-0.21545028623352966,0.0692820323027559,0.2465984809580359,-0.43825709262354823,1.140089067109417,0.5405377599750526,-0.7266226911401854,-0.690491394346993,-0.5755115693951635,-0.5595719370593745,-0.5951284714867237
-1.0166010540838422,-1.105983752797117,0.2767224452166169,-0.20679364850592954,-0.9633136139178147,-1.0162031759587948,0.7808342855964149,-1.0590212998330302,-0.41463016124217866,-0.24118428097988737,0.0692820323027559,0.2465984809580359,-0.26720699091482264,-1.1454181045319203,0.5405377599750526,-0.7266226911401854,-0.690491394346993,-0.5755115693951635,-0.5595719370593745,1.6803094590682988
-0.280223038287887,0.35562185742293734,-0.7668826698303213,-0.20679364850592954,-0.3737489585650416,-0.30159817193442523,0.23568261093877343,0.9035471289243083,-0.41463016124217866,30.270715744422592,0.0692820323027559,0.2465984809580359,0.9050621046071222,-0.3291655432314426,-1.8500095165343355,1.37623007400284,-0.690491394346993,-0.5755115693951635,1.7870803265351975,-0.5951284714867237
-0.9149867805725924,0.9739934617468065,0.03369111705500113,-0.20679364850592954,1.8495205353562154,-0.9137299240625341,-0.30946906371886795,-1.5496634070223647,1.1416656400881946,-0.20728112400514215,0.0692820323027559,-4.0551750201988135,-1.0774232496108807,-0.3291655432314426,0.5405377599750526,1.37623007400284,-0.690491394346993,-0.5755115693951635,-0.5595719370593745,-0.5951284714867237
0.8282495913333154,0.5804842589952534,0.10517091945547634,-0.20679364850592954,-0.3063620825452904,0.8442425898408514,0.23568261093877343,0.4129050217349737,0.9471286649218978,0.5544380374696689,0.0692820323027559,0.2465984809580359,-1.0356353791960355,0.32383650580893947,0.5405377599750526,-0.7266226911401854,-0.690491394346993,-0.5755115693951635,1.7870803265351975,-0.5951284714867237
-0.17134570813995992,-0.31896534729401077,0.4625699314578524,-0.20679364850592954,-1.1116355073806625,-0.16380261264640517,0.7808342855964149,-0.5683791926436955,1.1416656400881946,-0.08843635221881244,0.0692820323027559,0.2465984809580359,-0.9494951468509967,1.140089067109417,0.5405377599750526,-0.7266226911401854,-0.690491394346993,1.7375845303178776,-0.5595719370593745,-0.5951284714867237
-0.13054240411032458,1.5361494656775965,2.4640043986711584,-0.20679364850592954,0.565695679847591,-0.12265438506432606,-1.399772413034151,-0.5683791926436955,-0.9982410867410686,-0.08897701222409973,0.0692820323027559,0.2465984809580359,-0.8670015324988813,-1.553544385182159,0.5405377599750526,-0.7266226911401854,1.4482439726069483,-0.5755115693951635,1.7870803265351975,-0.5951284714867237
0.8397951106095431,-0.09410294572169475,-0.39518769734785014,-0.20679364850592954,0.23011765228724354,0.7854733106411345,1.8711376349116977,0.4129050217349737,0.5580547145893046,0.06455103915405777,0.0692820323027559,0.2465984809580359,0.7590787956871528,-0.4107907993614904,-1.8500095165343355,1.37623007400284,-0.690491394346993,-0.5755115693951635,-0.5595719370593745,-0.5951284714867237
-0.6356674373705629,-1.0497681524040379,0.5626416548185177,-0.20679364850592954,-1.0233982365738854,-0.6465867511501793,-0.8546207383765094,-0.07773708545436095,-0.22009318607588202,-0.18960100095931331,0.0692820323027559,0.2465984809580359,0.008008901998272004,0.813588042589226,-1.8500095165343355,-0.7266226911401854,-0.690491394346993,-0.5755115693951635,-0.5595719370593745,1.6803094590682988
-0.8953559718328937,0.41183745781601633,-0.6239230650293708,-0.20679364850592954,-1.261803476132081,-0.893933169734632,-0.30946906371886795,0.4129050217349737,0.16898076425671127,-0.2234400353240039,0.0692820323027559,0.2465984809580359,-0.41486537232747667,1.5482153477596559,0.5405377599750526,1.37623007400284,-0.690491394346993,-0.5755115693951635,-0.5595719370593745,-0.5951284714867237
0.3062002657215744,0.7491310601744904,0.24813052425642676,-0.20679364850592954,-0.8302090216183953,0.31778021209465357,-1.399772413034151,-0.07773708545436095,-0.803704111574772,-0.08202802329939143,0.0692820323027559,0.2465984809580359,-0.26720699091482264,0.9768385548493216,0.5405377599750526,1.37623007400284,-0.690491394346993,-0.5755115693951635,1.7870803265351975,-0.5951284714867237
-0.00826953082588411,1.1988558633191224,-1.2672412866336478,-0.20679364850592954,2.012023876626127,-0.03764450043421752,-1.9449240876917921,1.394189236113643,0.5580547145893046,-0.1487850343492735,0.0692820323027559,0.2465984809580359,0.9929515276967347,-0.9821675922718247,-1.8500095165343355,1.37623007400284,-0.690491394346993,-0.5755115693951635,-0.5595719370593745,-0.5951284714867237
-0.8742177362440733,-1.330846154369433,-0.2522280925468997,-0.20679364850592954,-1.1855221068122572,-0.8726162457899277,-1.399772413034151,-0.07773708545436095,0.5580547145893046,-0.2264156154471479,0.0692820323027559,0.2465984809580359,-0.6094554308360511,1.0584638109793694,0.5405377599750526,-0.7266226911401854,1.4482439726069483,-0.5755115693951635,-0.5595719370593745,1.6803094590682988
-0.5327170355157734,-1.49949295554867,-0.15215636918623443,-0.20679364850592954,-0.9150028492132962,-0.5466647578447971,0.23568261093877343,-0.5683791926436955,-0.803704111574772,-0.16999748215044652,0.0692820323027559,0.2465984809580359,-0.9506365679300824,1.3033395793695126,-1.8500095165343355,-0.7266226911401854,1.4482439726069483,-0.5755115693951635,-0.5595719370593745,1.6803094590682988
0.929418488730052,-1.443277355155591,-0.20934021110661458,-0.20679364850592954,-0.975969485618351,0.9462667007139661,1.3259859602540562,-0.07773708545436095,-0.9982410867410686,-0.007043912981971499,0.0692820323027559,0.2465984809580359,-0.26720699091482264,0.40546176193898725,0.5405377599750526,1.37623007400284,-0.690491394346993,-0.5755115693951635,-0.5595719370593745,1.6803094590682988
-0.05393771241404857,-1.274630553976354,-0.15215636918623443,-0.20679364850592954,-0.9046596996103865,-0.045402129083193424,-1.9449240876917921,-0.5683791926436955,1.3362026152544912,-0.18129402997329136,0.0692820323027559,0.2465984809580359,0.9288392398130152,-0.8189170800117291,0.5405377599750526,-0.7266226911401854,-0.690491394346993,-0.5755115693951635,-0.5595719370593745,1.6803094590682988
-0.8197448114689935,-0.8811213512248008,2.2209730705095425,4.772110297630447,0.23414055802025424,-0.8252492702948778,-0.8546207383765094,-0.07773708545436095,-0.025556210909585365,-0.22486716569755416,0.0692820323027559,0.2465984809580359,0.5214408564816256,-0.002664518711251552,-1.8500095165343355,1.37623007400284,-0.690491394346993,1.7375845303178776,-0.5595719370593745,-0.5951284714867237
-0.45039097373305825,1.3112870641052805,1.5347669674649806,-0.20679364850592954,1.7199850219480333,-0.4452067383021856,-0.8546207383765094,-0.5683791926436955,1.3362026152544912,-0.17487293621951616,0.0692820323027559,0.2465984809580359,-0.3094988654425109,0.6503375303291306,0.5405377599750526,-0.7266226911401854,-0.690491394346993,-0.5755115693951635,-0.5595719370593745,-0.5951284714867237
2.562133064834445,-1.443277355155591,0.4339780104976623,-0.20679364850592954,-1.1668331585089329,2.5927831422581686,0.23568261093877343,0.9035471289243083,-0.22009318607588202,0.23139887616298432,0.0692820323027559,0.2465984809580359,0.05255397138337639,-1.4719191290521112,0.5405377599750526,-0.7266226911401854,1.4482439726069483,-0.5755115693951635,-0.5595719370593745,1.6803094590682988
-0.8002510415337605,-1.443277355155591,1.7206144537062162,-0.20679364850592954,-0.9970378198491665,-0.806328932793792,0.23568261093877343,0.4129050217349737,-0.41463016124217866,-0.22318714281423646,0.0692820323027559,0.2465984809580359,-1.0985765986999134,0.7319627864591783,-1.8500095165343355,1.37623007400284,-0.690491394346993,-0.5755115693951635,-0.5595719370593745,1.6803094590682988
-0.5170603521055775,-1.387061754762512,2.1923811495493526,-0.20679364850592954,-0.9088210609900401,-0.5124396945362125,-0.30946906371886795,0.9035471289243083,0.9471286649218978,-0.19255700714732768,0.0692820323027559,0.2465984809580359,-1.080462097938317,-1.7167948974422544,0.5405377599750526,-0.7266226911401854,1.4482439726069483,-0.5755115693951635,-0.5595719370593745,1.6803094590682988
-0.6819865532799391,1.3675026644983594,0.662713378179183,-0.20679364850592954,-0.3972915464812334,-0.6787600703381679,-0.30946906371886795,-0.07773708545436095,-0.22009318607588202,-0.20092427298306254,0.0692820323027559,0.2465984809580359,-0.26720699091482264,-0.9005423361417769,0.5405377599750526,1.37623007400284,-0.690491394346993,-0.5755115693951635,1.7870803265351975,-0.5951284714867237
0.4346741449080837,-1.274630553976354,-0.052084645825569126,-0.20679364850592954,0.09672589272071304,0.4473401226175727,0.7808342855964149,0.9035471289243083,-0.41463016124217866,0.28230323677606434,0.0692820323027559,0.2465984809580359,-0.20374694364772372,0.5687122741990828,0.5405377599750526,-0.7266226911401854,1.4482439726069483,-0.5755115693951635,-0.5595719370593745,1.6803094590682988
0.4577994431616554,1.5923650660706756,0.13376284041566644,-0.20679364850592954,0.35682508091307336,0.41471450020685413,-0.30946906371886795,1.394189236113643,-0.6091671364084753,-0.04102278588994218,0.0692820323027559,0.2465984809580359,0.03174156625303133,-1.553544385182159,-1.8500095165343355,1.37623007400284,-0.690491394346993,-0.5755115693951635,1.7870803265351975,-0.5951284714867237
0.7149527597413723,0.4680530582090954,0.6055295362588028,1.452841000206196,-0.9754336109859741,0.6643033460471864,0.23568261093877343,-0.07773708545436095,-1.387315037073662,-0.04799227682449762,0.0692820323027559,0.2465984809580359,-0.864525982885799,-1.227043360661968,-1.8500095165343355,-0.7266226911401854,1.4482439726069483,-0.5755115693951635,1.7870803265351975,-0.5951284714867237
-0.6987738068269762,-0.8811213512248008,0.30531436617680696,-0.20679364850592954,1.2202857732468186,-0.6956892319798293,-0.30946906371886795,1.8848313433029775,0.3635177394230079,-0.21035740171963857,0.0692820323027559,0.2465984809580359,1.2705243810198894,0.48708701806903504,0.5405377599750526,-0.7266226911401854,-0.690491394346993,1.7375845303178776,-0.5595719370593745,-0.5951284714867237
-0.2188639135884102,1.0302090621398854,-1.5531604962355485,-0.20679364850592954,0.2515782775168804,-0.21172250488514888,-0.30946906371886795,1.394189236113643,-0.41463016124217866,-0.15011024059101108,0.0692820323027559,0.2465984809580359,-0.18297900946851195,-0.002664518711251552,0.5405377599750526,1.37623007400284,-0.690491394346993,-0.5755115693951635,-0.5595719370593745,-0.5951284714867237
-0.5935280049973878,1.5361494656775965,-0.42377961830804023,-0.20679364850592954,-0.4601196421355969,-0.589553753279454,0.7808342855964149,1.8848313433029775,1.1416656400881946,-0.19079413384383206,0.0692820323027559,-4.0551750201988135,0.308543589756544,0.5687122741990828,0.5405377599750526,-0.7266226911401854,-0.690491394346993,-0.5755115693951635,1.7870803265351975,-0.5951284714867237
0.5133001589702274,-0.7124745500455638,-0.7811786303104162,-0.20679364850592954,0.261249660834227,0.5266307878575993,-0.8546207383765094,-0.07773708545436095,-0.803704111574772,-0.042377821109210095,0.0692820323027559,0.2465984809580359,-0.8865391036967408,-1.3086686167920156,0.5405377599750526,-0.7266226911401854,1.4482439726069483,1.7375845303178776,-0.5595719370593745,-0.5951284714867237
-0.6114800883823827,0.6929154597814113,0.1623547613758565,-0.20679364850592954,0.7394421324235905,-0.6076575914431899,0.23568261093877343,1.394189236113643,1.1416656400881946,-0.19244110553579463,0.0692820323027559,0.2465984809580359,-0.26720699091482264,-0.8189170800117291,0.5405377599750526,-0.7266226911401854,-0.690491394346993,1.7375845303178776,-0.5595719370593745,-0.5951284714867237
0.4039431930066706,1.1988558633191224,0.30531436617680696,-0.20679364850592954,1.2818318721730075,0.41634939202049037,-0.8546207383765094,-0.5683791926436955,-1.970925962572552,0.18263577807208153,0.0692820323027559,0.2465984809580359,-0.5022359676538679,0.07896073741879621,0.5405377599750526,-0.7266226911401854,-0.690491394346993,-0.5755115693951635,-0.5595719370593745,-0.5951284714867237
-1.012935266064387,0.1307594558506213,0.7913770225000384,6.431744946342572,0.14609302272924699,-1.0125063998452075,-0.30946906371886795,-0.5683791926436955,-0.025556210909585365,-0.24066082220176813,0.0692820323027559,0.2465984809580359,0.6732646836504241,-1.227043360661968,0.5405377599750526,1.37623007400284,-0.690491394346993,-0.5755115693951635,-0.5595719370593745,-0.5951284714867237
0.2761545078424893,-0.2627497469009318,0.677009338659278,-0.20679364850592954,0.5790797256897302,0.28748046768702673,-0.8546207383765094,-1.0590212998330302,-0.9982410867410686,-0.08564305626890259,0.0692820323027559,0.2465984809580359,-0.26720699091482264,0.16058599354884398,0.5405377599750526,1.37623007400284,-0.690491394346993,1.7375845303178776,-0.5595719370593745,-0.5951284714867237
-0.017862247138476846,1.3112870641052805,1.4918790860246955,-0.20679364850592954,0.176809664336302,-0.00902170620835782,-0.30946906371886795,-1.0590212998330302,1.1416656400881946,-0.14753442740783046,0.0692820323027559,0.2465984809580359,1.5893662769946688,-1.4719191290521112,0.5405377599750526,-0.7266226911401854,-0.690491394346993,-0.5755115693951635,-0.5595719370593745,-0.5951284714867237
-0.4082515413598831,-1.0497681524040379,0.23383456377633172,-0.20679364850592954,-0.9997966768081974,-0.40271108765066804,-0.30946906371886795,1.394189236113643,-1.1927780619073654,-0.17682912165748213,0.0692820323027559,-4.0551750201988135,3.7042120054354997,-1.4719191290521112,0.5405377599750526,1.37623007400284,-0.690491394346993,-0.5755115693951635,-0.5595719370593745,1.6803094590682988
0.06285360869176743,0.2431906566367793,0.7484891410597533,-0.20679364850592954,0.6680246586904595,0.03138646732018296,-0.8546207383765094,-0.07773708545436095,-1.1927780619073654,-0.1161973818158571,0.0692820323027559,0.2465984809580359,-0.26720699091482264,0.9768385548493216,-1.8500095165343355,1.37623007400284,-0.690491394346993,-0.5755115693951635,-0.5595719370593745,-0.5951284714867237
-0.926189702837656,1.0302090621398854,-0.39518769734785014,-0.20679364850592954,0.06432983539974971,-0.9285629585477306,-0.30946906371886795,3.847399772060316,-1.5818520122399586,-0.23105099356684378,0.0692820323027559,0.2465984809580359,-0.6525774297848926,-0.24754028710139483,-1.8500095165343355,1.37623007400284,-0.690491394346993,-0.5755115693951635,1.7870803265351975,-0.5951284714867237
0.10369117242251924,-0.2627497469009318,-0.22363617158670962,-0.20679364850592954,-1.1881912240003158,0.11355924380106015,-0.30946906371886795,-0.07773708545436095,-0.6091671364084753,-0.10639342795478528,0.0692820323027559,0.2465984809580359,-0.26720699091482264,-0.5740413116215859,0.5405377599750526,-0.7266226911401854,1.4482439726069483,1.7375845303178776,-0.5595719370593745,-0.5951284714867237
0.5567072002847092,-0.5438277488663268,0.37679416857728215,3.1124756489183216,0.4810915877684597,0.5107127679847703,-0.30946906371886795,-1.5496634070223647,-0.6091671364084753,-0.07090061250948296,0.0692820323027559,-4.0551750201988135,-0.5873978390739761,-0.5740413116215859,-1.8500095165343355,-0.7266226911401854,1.4482439726069483,-0.5755115693951635,-0.5595719370593745,-0.5951284714867237
2.982876454244984,1.5923650660706756,-1.1814655237530776,-0.20679364850592954,-0.9560011045803088,2.865513366955571,2.416289309569339,-0.5683791926436955,1.1416656400881946,0.11903376720274139,0.0692820323027559,0.2465984809580359,0.9914246917078275,0.7319627864591783,-1.8500095165343355,-0.7266226911401854,1.4482439726069483,-0.5755115693951635,1.7870803265351975,-0.5951284714867237
-0.436241717171984,-0.9935525520109589,2.078013465708592,-0.20679364850592954,-0.8063305505594217,-0.4309378734899281,0.7808342855964149,0.9035471289243083,-0.41463016124217866,-0.20978903354855002,0.0692820323027559,0.2465984809580359,1.1419292139930075,-1.227043360661968,0.5405377599750526,-0.7266226911401854,-0.690491394346993,-0.5755115693951635,-0.5595719370593745,1.6803094590682988
1.9906127308106192,0.8615622609606484,0.2767224452166169,-0.20679364850592954,-0.04100670776741554,2.0164315616332784,-0.8546207383765094,-0.07773708545436095,-1.387315037073662,0.12063641339272384,0.0692820323027559,0.2465984809580359,-0.26720699091482264,-1.0637928484018724,0.5405377599750526,-0.7266226911401854,-0.690491394346993,1.7375845303178776,-0.5595719370593745,-0.5951284714867237
0.5327254095032274,0.1869750562437003,-0.32370789494737495,-0.20679364850592954,0.40878953629288833,0.5462202463286645,0.23568261093877343,-1.0590212998330302,0.7525916897556012,-0.1788340529931191,0.0692820323027559,0.2465984809580359,0.1803486612898608,1.3849648354995603,0.5405377599750526,1.37623007400284,-0.690491394346993,-0.5755115693951635,-0.5595719370593745,-0.5951284714867237
0.04099591937950265,0.7491310601744904,0.39109012905737717,-0.20679364850592954,-1.0620735138694462,0.05033400746587556,-1.399772413034151,0.4129050217349737,0.16898076425671127,-0.18500816033763162,0.0692820323027559,0.2465984809580359,-1.0989323663089794,-1.3086686167920156,0.5405377599750526,-0.7266226911401854,1.4482439726069483,-0.5755115693951635,-0.5595719370593745,-0.5951284714867237
1.5234131866862382,-0.9935525520109589,-1.1957614842331725,-0.20679364850592954,0.7060948335303219,1.5452826283529986,-0.30946906371886795,-0.07773708545436095,-0.803704111574772,-0.07656441930938884,0.0692820323027559,0.2465984809580359,-0.7800756466838223,1.221714323239465,0.5405377599750526,-0.7266226911401854,1.4482439726069483,1.7375845303178776,-0.5595719370593745,-0.5951284714867237
0.8356839464755746,0.1869750562437003,0.5912335757787078,-0.20679364850592954,0.2494604189219365,0.7814830812911688,-1.399772413034151,-0.5683791926436955,0.16898076425671127,-0.131035830241284,0.0692820323027559,0.2465984809580359,-0.928490034265741,-0.4107907993614904,-1.8500095165343355,1.37623007400284,-0.690491394346993,1.7375845303178776,-0.5595719370593745,-0.5951284714867237
-0.6897977651344788,0.9177778613537274,0.7341931805796582,-0.20679364850592954,0.7390447134378564,-0.6866373128979613,0.23568261093877343,-0.07773708545436095,-0.025556210909585365,-0.22153289167678963,0.0692820323027559,0.2465984809580359,-0.48243157074920917,-0.4924160554915381,0.5405377599750526,-0.7266226911401854,1.4482439726069483,-0.5755115693951635,1.7870803265351975,-0.5951284714867237
0.666235464753848,-1.218414953583275,-0.6525149859895609,-0.20679364850592954,-1.0913389351802079,0.6808589053440821,-0.30946906371886795,-0.5683791926436955,-0.9982410867410686,-0.12271705662024628,0.0692820323027559,0.2465984809580359,0.6933655535626377,-0.5740413116215859,0.5405377599750526,-0.7266226911401854,1.4482439726069483,-0.5755115693951635,-0.5595719370593745,1.6803094590682988
1.9954433486680314,-1.105983752797117,-1.295833207593838,-0.20679364850592954,-1.2441349972243836,2.02130301426894,-0.30946906371886795,0.4129050217349737,-0.6091671364084753,-0.028333291042270944,0.0692820323027559,0.2465984809580359,-0.8626582029382039,1.0584638109793694,0.5405377599750526,-0.7266226911401854,-0.690491394346993,-0.5755115693951635,-0.5595719370593745,1.6803094590682988
1.468597664899994,0.6929154597814113,0.39109012905737717,-0.20679364850592954,-0.7599479089340774,1.490003733196553,0.23568261093877343,-1.0590212998330302,-0.803704111574772,0.05782882233634827,0.0692820323027559,0.2465984809580359,-0.26720699091482264,0.6503375303291306,0.5405377599750526,-0.7266226911401854,1.4482439726069483,-0.5755115693951635,1.7870803265351975,-0.5951284714867237
-0.8384163485774327,-1.162199353190196,-0.7096988279099411,-0.20679364850592954,-1.0649144186190802,-0.8365122173908742,-0.8546207383765094,-1.5496634070223647,-0.6091671364084753,-0.2326868261361233,0.0692820323027559,0.2465984809580359,-0.11779941875759542,-0.4107907993614904,0.5405377599750526,1.37623007400284,-0.690491394346993,-0.5755115693951635,-0.5595719370593745,1.6803094590682988
-0.9756264515486247,-0.03788734532861574,0.5197537733782326,-0.20679364850592954,1.0078768633425401,-0.9748822018293518,-0.8546207383765094,0.9035471289243083,-0.6091671364084753,-0.23753721163161282,0.0692820323027559,0.2465984809580359,-0.9920983180366172,-0.6556665677516337,0.5405377599750526,-0.7266226911401854,-0.690491394346993,1.7375845303178776,-0.5595719370593745,-0.5951284714867237
-0.14023789952626642,0.5242686586021743,0.24813052425642676,-0.20679364850592954,-0.8511953080586077,-0.16573086256810513,0.7808342855964149,1.8848313433029775,-0.9982410867410686,-0.12331536394234524,0.0692820323027559,0.2465984809580359,1.0974286155590363,0.9768385548493216,-1.8500095165343355,-0.7266226911401854,1.4482439726069483,-0.5755115693951635,1.7870803265351975,-0.5951284714867237
4.504384040525534,1.1426402629260435,0.7627851015398482,-0.20679364850592954,-0.3086312167541588,4.551452594888923,-1.399772413034151,0.4129050217349737,-0.22009318607588202,0.5063422506496164,0.0692820323027559,0.2465984809580359,-0.9499102090615732,-0.0842897748412993,0.5405377599750526,-0.7266226911401854,-0.690491394346993,-0.5755115693951635,1.7870803265351975,-0.5951284714867237
-0.7066877977848652,0.7491310601744904,-0.6096271045492758,-0.20679364850592954,-0.6400248069937455,-0.7036701224680411,0.7808342855964149,1.8848313433029775,-0.803704111574772,-0.22067388656171055,0.0692820323027559,0.2465984809580359,1.2258903697325185,0.32383650580893947,0.5405377599750526,1.37623007400284,-0.690491394346993,1.7375845303178776,-0.5595719370593745,-0.5951284714867237
-0.49509988368996344,-1.162199353190196,1.1630719949825095,-0.20679364850592954,-0.9799821353775363,-0.4902935871641614,-0.30946906371886795,-0.5683791926436955,0.16898076425671127,-0.2009602997427582,0.0692820323027559,-4.0551750201988135,-0.7368054112312034,0.6503375303291306,0.5405377599750526,-0.7266226911401854,-0.690491394346993,-0.5755115693951635,-0.5595719370593745,1.6803094590682988
0.6916561629822188,-1.162199353190196,0.19094668233604659,-0.20679364850592954,-0.9926969789275685,0.7064944929728838,-0.30946906371886795,1.394189236113643,-0.9982410867410686,-0.035650901360999285,0.0692820323027559,0.2465984809580359,-0.26720699091482264,-1.3086686167920156,0.5405377599750526,-0.7266226911401854,-0.690491394346993,-0.5755115693951635,-0.5595719370593745,1.6803094590682988
1.2946611623320188,0.9177778613537274,0.5626416548185177,-0.20679364850592954,-0.825939972513575,1.3145968890032569,-0.30946906371886795,1.394189236113643,1.3362026152544912,-0.07709303507630728,0.0692820323027559,-4.0551750201988135,0.11622154975576354,-1.3086686167920156,0.5405377599750526,-0.7266226911401854,-0.690491394346993,-0.5755115693951635,1.7870803265351975,-0.5951284714867237
-0.87377236012956,0.4680530582090954,-1.295833207593838,-0.20679364850592954,0.5710339142237086,-0.8721671047667816,0.23568261093877343,0.4129050217349737,1.3362026152544912,-0.23273184601078178,0.0692820323027559,0.2465984809580359,-0.7559723911696192,1.4665900916296082,0.5405377599750526,1.37623007400284,-0.690491394346993,1.7375845303178776,-0.5595719370593745,-0.5951284714867237
-0.9580512248759103,1.0864246625329645,0.21953860329623667,-0.20679364850592954,1.8539203481273094,-0.959487236009962,-0.30946906371886795,-0.07773708545436095,-1.387315037073662,-0.23616064543922927,0.0692820323027559,0.2465984809580359,0.30753558153085786,1.0584638109793694,-1.8500095165343355,1.37623007400284,-0.690491394346993,-0.5755115693951635,-0.5595719370593745,-0.5951284714867237
0.08289553384486295,1.0302090621398854,-0.8383624722307964,-0.20679364850592954,0.21663104670685035,0.050838835401264104,-0.8546207383765094,-0.5683791926436955,-0.803704111574772,-0.11485466767058203,0.0692820323027559,0.2465984809580359,0.24502424788793428,0.9768385548493216,-1.8500095165343355,-0.7266226911401854,-0.690491394346993,-0.5755115693951635,1.7870803265351975,-0.5951284714867237
-0.2927620888964904,1.5361494656775965,-0.20934021110661458,-0.20679364850592954,0.5411967223721812,-0.28624536541793205,0.7808342855964149,-0.5683791926436955,0.3635177394230079,-0.15871533934196244,0.0692820323027559,0.2465984809580359,-0.9505031550766828,-1.553544385182159,0.5405377599750526,1.37623007400284,-0.690491394346993,-0.5755115693951635,1.7870803265351975,-0.5951284714867237
-0.7985723161790567,1.6485806664637546,1.5776548489052657,-0.20679364850592954,-0.9648468820047111,-0.7963313704740329,-0.30946906371886795,0.4129050217349737,0.5580547145893046,-0.21494336294018254,0.0692820323027559,0.2465984809580359,-1.0349090203275264,-0.9005423361417769,0.5405377599750526,-0.7266226911401854,-0.690491394346993,-0.5755115693951635,1.7870803265351975,-0.5951284714867237
0.29496308375539426,0.5242686586021743,2.363932675310493,-0.20679364850592954,0.8350431924370006,0.30644803858758213,1.3259859602540562,-1.0590212998330302,0.5580547145893046,-0.063454867496698,0.0692820323027559,0.2465984809580359,0.49978350327974946,-1.1454181045319203,0.5405377599750526,-0.7266226911401854,1.4482439726069483,1.7375845303178776,-0.5595719370593745,-0.5951284714867237
-0.022281748582492836,0.1869750562437003,-0.666810946469656,-0.20679364850592954,0.30729129132987687,-0.013478567130346309,-0.8546207383765094,2.866115557681647,0.7525916897556012,-0.11384849970923777,0.0692820323027559,0.2465984809580359,-0.671388642114243,-0.7372918238816814,0.5405377599750526,1.37623007400284,-0.690491394346993,1.7375845303178776,-0.5595719370593745,-0.5951284714867237
0.11808024689140824,-0.8811213512248008,1.4489912045844102,4.772110297630447,1.7210080553371163,0.12806995377962704,-0.8546207383765094,-0.5683791926436955,-0.9982410867410686,-0.10466216929207756,0.0692820323027559,0.2465984809580359,-0.26720699091482264,1.4665900916296082,0.5405377599750526,-0.7266226911401854,-0.690491394346993,-0.5755115693951635,-0.5595719370593745,-0.5951284714867237
0.462630061019068,-0.8811213512248008,0.24813052425642676,-0.20679364850592954,2.188126639188511,0.4755323591473598,1.3259859602540562,-0.5683791926436955,-1.1927780619073654,-0.08311444688321325,0.0692820323027559,0.2465984809580359,-0.9073070378759526,-1.1454181045319203,0.5405377599750526,-0.7266226911401854,-0.690491394346993,-0.5755115693951635,-0.5595719370593745,-0.5951284714867237
-1.0022804990171859,0.6366998593883324,-1.1242816818326973,-0.20679364850592954,0.11385593300257721,-1.0017615645991733,-1.399772413034151,-0.07773708545436095,1.1416656400881946,-0.23993591194485672,0.0692820323027559,0.2465984809580359,2.1015382211959146,1.7114658600197514,0.5405377599750526,-0.7266226911401854,-0.690491394346993,-0.5755115693951635,1.7870803265351975,-0.5951284714867237
-0.4292869978453543,-0.4876121484732478,2.335340754350303,-0.20679364850592954,0.9195754926993539,-0.42392436366695413,-0.30946906371886795,-0.5683791926436955,-0.9982410867410686,-0.17052007323036675,0.0692820323027559,0.2465984809580359,-0.26720699091482264,-0.7372918238816814,0.5405377599750526,-0.7266226911401854,-0.690491394346993,1.7375845303178776,-0.5595719370593745,-0.5951284714867237
-0.9598327293339631,0.6366998593883324,-1.2386493656734576,-0.20679364850592954,1.4216259234000401,-0.958954970162401,1.3259859602540562,-0.5683791926436955,0.5580547145893046,-0.22923724662595854,0.0692820323027559,0.2465984809580359,-0.5884947892019288,-1.7167948974422544,0.5405377599750526,-0.7266226911401854,-0.690491394346993,-0.5755115693951635,-0.5595719370593745,-0.5951284714867237
-0.6888042338021031,0.7491310601744904,-0.35229981590756504,-0.20679364850592954,0.5302125744051842,-0.6856353829232507,-0.8546207383765094,-2.0403055142116995,-0.803704111574772,-0.117788555299452,0.0692820323027559,0.2465984809580359,-0.7147033485179952,0.48708701806903504,0.5405377599750526,1.37623007400284,-0.690491394346993,-0.5755115693951635,1.7870803265351975,-0.5951284714867237
-0.9043320135253912,1.0302090621398854,-0.6239230650293708,-0.20679364850592954,-0.2025306035370018,-0.9029850888165,-0.8546207383765094,1.8848313433029775,-1.1927780619073654,-0.19868300985951698,0.0692820323027559,0.2465984809580359,3.9158937328296064,-1.0637928484018724,0.5405377599750526,-0.7266226911401854,1.4482439726069483,-0.5755115693951635,1.7870803265351975,-0.5951284714867237
-0.3872503445755284,-1.330846154369433,-0.38089173686775507,-0.20679364850592954,-0.9140721195886419,-0.38153236094385495,0.7808342855964149,0.9035471289243083,0.16898076425671127,0.039081286018026316,0.0692820323027559,0.2465984809580359,-0.5241897938632988,1.6298406038897038,0.5405377599750526,-0.7266226911401854,1.4482439726069483,-0.5755115693951635,-0.5595719370593745,1.6803094590682988
-0.7031247888687593,-0.8811213512248008,0.34820224761709206,-0.20679364850592954,0.31763700492624314,-0.7000769942828722,-0.8546207383765094,-1.0590212998330302,-0.803704111574772,-0.2034675743994689,0.0692820323027559,0.2465984809580359,-0.26720699091482264,-0.9821675922718247,0.5405377599750526,-0.7266226911401854,-0.690491394346993,1.7375845303178776,-0.5595719370593745,-0.5951284714867237
0.11575058721549285,-0.15031854611477377,0.03369111705500113,-0.20679364850592954,-1.094761866444433,0.1257206007354781,0.23568261093877343,0.4129050217349737,-0.6091671364084753,0.19474009146043159,0.0692820323027559,0.2465984809580359,0.2666223064882994,0.24221124967889174,0.5405377599750526,-0.7266226911401854,-0.690491394346993,1.7375845303178776,-0.5595719370593745,-0.5951284714867237
-0.3149966349210356,0.9739934617468065,0.34820224761709206,-0.20679364850592954,-0.3928404538410125,-0.3086678672657652,0.23568261093877343,-1.0590212998330302,-1.387315037073662,-0.12351186112778796,0.0692820323027559,0.2465984809580359,-0.16109930151096988,-0.4924160554915381,0.5405377599750526,1.37623007400284,-0.690491394346993,-0.5755115693951635,1.7870803265351975,-0.5951284714867237
-0.8615759065321208,-0.6562589496524849,1.6205427303455509,-0.20679364850592954,0.028569818664057164,-0.8598675505944724,0.23568261093877343,-0.5683791926436955,-0.025556210909585365,-0.22253202991142904,0.0692820323027559,0.2465984809580359,-0.26720699091482264,1.3033395793695126,0.5405377599750526,-0.7266226911401854,1.4482439726069483,-0.5755115693951635,-0.5595719370593745,-0.5951284714867237
1.4355713130237822,-0.03788734532861574,1.7349104141863112,-0.20679364850592954,0.4802608538886027,1.4566981988647947,1.3259859602540562,-0.07773708545436095,0.16898076425671127,1.6482601839410325,0.0692820323027559,0.2465984809580359,-0.8019850019421199,-1.6351696413122068,0.5405377599750526,-0.7266226911401854,-0.690491394346993,-0.5755115693951635,-0.5595719370593745,-0.5951284714867237
-0.41993409944057636,-0.9373369516178799,-0.695402867429846,-0.20679364850592954,-0.9282740793433562,-0.4144924021808855,-0.30946906371886795,-2.0403055142116995,-0.803704111574772,-0.18573434930098692,0.0692820323027559,0.2465984809580359,-1.0996142542263554,0.813588042589226,0.5405377599750526,-0.7266226911401854,1.4482439726069483,-0.5755115693951635,-0.5595719370593745,1.6803094590682988
3.618976324873229,-1.0497681524040379,0.7341931805796582,-0.20679364850592954,0.703587247930013,3.6585602408744378,-0.8546207383765094,0.4129050217349737,-0.41463016124217866,0.2851477443446406,0.0692820323027559,0.2465984809580359,3.5759133114161723,-0.7372918238816814,0.5405377599750526,1.37623007400284,-0.690491394346993,1.7375845303178776,-0.5595719370593745,-0.5951284714867237
-0.7061396425670027,0.35562185742293734,0.30531436617680696,-0.20679364850592954,2.5200150801651726,-0.7031173335164765,1.3259859602540562,-1.5496634070223647,-0.6091671364084753,-0.20383031430975052,0.0692820323027559,0.2465984809580359,-0.26720699091482264,-0.6556665677516337,0.5405377599750526,-0.7266226911401854,-0.690491394346993,-0.5755115693951635,-0.5595719370593745,-0.5951284714867237
-0.9622309084121113,0.018328255064463266,-1.0242099584720321,-0.20679364850592954,-0.7465536071181129,-0.9613734218254955,-0.30946906371886795,-0.07773708545436095,-0.41463016124217866,-0.21930098752845623,0.0692820323027559,0.2465984809580359,-0.4587878483967161,-0.4924160554915381,0.5405377599750526,-0.7266226911401854,1.4482439726069483,1.7375845303178776,-0.5595719370593745,-0.5951284714867237
-0.03139482907945579,1.1988558633191224,-0.681106906949751,-0.20679364850592954,-0.13774105288853153,-0.022668683450105268,-0.8546207383765094,-0.07773708545436095,-1.387315037073662,0.4066848167483866,0.0692820323027559,0.2465984809580359,0.5001392708888153,0.813588042589226,0.5405377599750526,1.37623007400284,-0.690491394346993,-0.5755115693951635,1.7870803265351975,-0.5951284714867237
0.451050282041724,-0.8811213512248008,-0.18074829014642452,-0.20679364850592954,-0.02426126650400341,0.4638546925455607,-0.30946906371886795,-0.5683791926436955,-0.41463016124217866,0.1532427830796299,0.0692820323027559,0.2465984809580359,-0.3529469846996626,1.4665900916296082,0.5405377599750526,-0.7266226911401854,1.4482439726069483,1.7375845303178776,-0.5595719370593745,-0.5951284714867237
-0.660539980381071,1.4237182648914386,1.4775831255446004,-0.20679364850592954,-0.964603302626358,-0.6571322026082085,1.8711376349116977,-2.0403055142116995,-0.22009318607588202,-0.1798253822477718,0.0692820323027559,0.2465984809580359,0.09518678986975261,-0.9005423361417769,0.5405377599750526,-0.7266226911401854,-0.690491394346993,-0.5755115693951635,-0.5595719370593745,-0.5951284714867237
2.0261743005694446,-0.4876121484732478,0.7056012596194681,-0.20679364850592954,-0.07369506034240246,2.052293744866022,-0.30946906371886795,-0.07773708545436095,-0.025556210909585365,0.33922307248048617,0.0692820323027559,0.2465984809580359,-0.6286668817256003,1.6298406038897038,0.5405377599750526,-0.7266226911401854,1.4482439726069483,1.7375845303178776,-0.5595719370593745,-0.5951284714867237
0.31921895214580714,-0.03788734532861574,-1.2243534051933627,-0.20679364850592954,0.09903605082488309,0.33090894969430923,2.416289309569339,0.4129050217349737,-0.9982410867410686,-0.08486479979782278,0.0692820323027559,0.2465984809580359,0.22188452964828415,0.8952132987192738,0.5405377599750526,-0.7266226911401854,1.4482439726069483,-0.5755115693951635,-0.5595719370593745,-0.5951284714867237
0.812044752705257,0.5804842589952534,-1.0670978399123172,-0.20679364850592954,2.2253481321943216,0.8279007664602273,-0.30946906371886795,-1.0590212998330302,0.5580547145893046,-0.035673835843564504,0.0692820323027559,0.2465984809580359,-0.32982209011039043,0.5687122741990828,0.5405377599750526,-0.7266226911401854,1.4482439726069483,-0.5755115693951635,-0.5595719370593745,-0.5951284714867237
-0.7380354243063735,-0.9373369516178799,-1.4102008914345983,-0.20679364850592954,-0.8207966016401399,-0.7352827406356334,0.7808342855964149,-0.5683791926436955,0.3635177394230079,-0.2124202044305156,0.0692820323027559,-4.0551750201988135,-0.8218931643994228,-0.6556665677516337,0.5405377599750526,1.37623007400284,-0.690491394346993,-0.5755115693951635,-0.5595719370593745,1.6803094590682988
-0.40129682203325345,-1.105983752797117,-1.2243534051933627,-0.20679364850592954,-1.098043778068559,-0.39569757782769405,-0.30946906371886795,1.394189236113643,1.1416656400881946,-0.16715236292695668,0.0692820323027559,0.2465984809580359,-0.26720699091482264,-0.5740413116215859,0.5405377599750526,-0.7266226911401854,-0.690491394346993,-0.5755115693951635,-0.5595719370593745,1.6803094590682988
-0.21372495842094982,1.2550714637122016,-0.6525149859895609,-0.20679364850592954,0.21340297894530758,-0.20654010846423212,-0.8546207383765094,1.394189236113643,0.5580547145893046,-0.14458416964523085,0.0692820323027559,0.2465984809580359,-0.26720699091482264,-1.3902938729220635,0.5405377599750526,1.37623007400284,-0.690491394346993,-0.5755115693951635,-0.5595719370593745,-0.5951284714867237
-0.5473116681913608,-0.9935525520109589,-0.5238513416687055,-0.20679364850592954,-1.0548148483945234,-0.5429467348006758,0.23568261093877343,-0.07773708545436095,-2.1654629377388486,-0.17027951916802034,0.0692820323027559,0.2465984809580359,-0.5028140900185997,0.6503375303291306,0.5405377599750526,-0.7266226911401854,-0.690491394346993,-0.5755115693951635,-0.5595719370593745,1.6803094590682988
0.39013653345676047,-1.0497681524040379,0.005099196094811046,-0.20679364850592954,-1.107048523087255,0.40242602030296076,1.3259859602540562,-0.5683791926436955,-1.387315037073662,0.02670085130008248,0.0692820323027559,0.2465984809580359,-0.2030354084295923,-0.6556665677516337,0.5405377599750526,-0.7266226911401854,-0.690491394346993,-0.5755115693951635,-0.5595719370593745,1.6803094590682988
1.9220933285778141,-0.9935525520109589,0.9343366273009888,-0.20679364850592954,-0.8310782154000974,1.8359344389307617,-0.30946906371886795,-0.07773708545436095,0.9471286649218978,0.09910147762913185,0.0692820323027559,0.2465984809580359,-0.26720699091482264,1.3033395793695126,-1.8500095165343355,1.37623007400284,-0.690491394346993,-0.5755115693951635,-0.5595719370593745,1.6803094590682988
-0.8586638319372266,0.07454385545754227,-1.5388645357554536,-0.20679364850592954,-0.7910901734548862,-0.8569308592892863,-0.30946906371886795,0.4129050217349737,1.1416656400881946,-0.23488843718835747,0.0692820323027559,0.2465984809580359,0.4577288071581051,-0.16591503097134708,0.5405377599750526,-0.7266226911401854,1.4482439726069483,1.7375845303178776,-0.5595719370593745,-0.5951284714867237
0.6045337430432072,0.6929154597814113,1.348919481223745,-0.20679364850592954,-0.9307278210810817,0.6186355989836082,0.23568261093877343,-1.0590212998330302,-1.387315037073662,-0.11423410568001648,0.0692820323027559,0.2465984809580359,-0.22313627834180585,1.3849648354995603,0.5405377599750526,-0.7266226911401854,-0.690491394346993,-0.5755115693951635,1.7870803265351975,-0.5951284714867237
-0.7957630206875117,-0.9373369516178799,-0.9384341955914618,-0.20679364850592954,1.038601196929964,-0.7934983270972651,-0.30946906371886795,-0.07773708545436095,0.16898076425671127,-0.22426753911243477,0.0692820323027559,0.2465984809580359,0.6911716533067324,0.16058599354884398,0.5405377599750526,-0.7266226911401854,-0.690491394346993,-0.5755115693951635,-0.5595719370593745,1.6803094590682988
-0.5692721366069748,-0.09410294572169475,-0.7811786303104162,-0.20679364850592954,-0.9683698090137339,-0.5650928421727267,0.7808342855964149,1.8848313433029775,-0.41463016124217866,-0.18736274679185197,0.0692820323027559,0.2465984809580359,-0.26720699091482264,-1.3086686167920156,0.5405377599750526,-0.7266226911401854,1.4482439726069483,-0.5755115693951635,-0.5595719370593745,-0.5951284714867237
-0.22352323294024098,-0.6562589496524849,0.47686589193794743,-0.20679364850592954,-0.23795217313645617,-0.24656625881615324,-0.30946906371886795,0.4129050217349737,-0.025556210909585365,-0.026572676020923024,0.0692820323027559,0.2465984809580359,1.03244173230303,-1.6351696413122068,-1.8500095165343355,1.37623007400284,-0.690491394346993,1.7375845303178776,-0.5595719370593745,-0.5951284714867237
0.2868777942919232,0.6366998593883324,-0.6382190255094659,-0.20679364850592954,1.723272061559072,0.2982944015520064,-0.30946906371886795,-1.0590212998330302,-0.9982410867410686,0.013387122976648772,0.0692820323027559,0.2465984809580359,1.0565301641668554,-1.7167948974422544,0.5405377599750526,-0.7266226911401854,-0.690491394346993,-0.5755115693951635,-0.5595719370593745,-0.5951284714867237
-0.09898921938211795,0.4680530582090954,-0.8097705512706064,-0.20679364850592954,-0.771649975068852,-0.09083447103989718,-0.30946906371886795,0.4129050217349737,1.3362026152544912,-0.10998893203404402,0.0692820323027559,0.2465984809580359,-0.18246018170529116,0.32383650580893947,0.5405377599750526,-0.7266226911401854,-0.690491394346993,-0.5755115693951635,1.7870803265351975,-0.5951284714867237
-1.015641782452583,-0.09410294572169475,0.24813052425642676,-0.20679364850592954,2.256216049415301,-1.0152357952935571,0.23568261093877343,-0.5683791926436955,0.16898076425671127,-0.24099184882831376,0.0692820323027559,0.2465984809580359,-0.6729895963550387,-0.4107907993614904,0.5405377599750526,1.37623007400284,-0.690491394346993,-0.5755115693951635,-0.5595719370593745,-0.5951284714867237
-0.9402704399964974,0.1307594558506213,-0.38089173686775507,-0.20679364850592954,1.390258027455073,-0.9422294940713619,-1.399772413034151,-2.0403055142116995,0.5580547145893046,-0.22767726729714582,0.0692820323027559,0.2465984809580359,-0.6079285948471441,0.16058599354884398,-1.8500095165343355,-0.7266226911401854,1.4482439726069483,-0.5755115693951635,-0.5595719370593745,-0.5951284714867237
4.107656701597594,-0.6562589496524849,-0.35229981590756504,-0.20679364850592954,-1.0628375839194377,4.151371591194149,-0.30946906371886795,0.9035471289243083,-0.803704111574772,0.3753540272102516,0.0692820323027559,0.2465984809580359,-0.26720699091482264,0.07896073741879621,0.5405377599750526,-0.7266226911401854,1.4482439726069483,1.7375845303178776,-0.5595719370593745,-0.5951284714867237
0.07426208916352939,0.5242686586021743,-0.8669543931909865,-0.20679364850592954,0.09992062856732327,0.04245935376633675,-1.399772413034151,1.8848313433029775,1.1416656400881946,-0.21559800557942135,0.0692820323027559,0.2465984809580359,1.9531831282155065,0.6503375303291306,-1.8500095165343355,-0.7266226911401854,1.4482439726069483,-0.5755115693951635,1.7870803265351975,-0.5951284714867237
-0.3236643393034854,0.6366998593883324,0.8771527853806086,-0.20679364850592954,-0.9107081601739125,-0.31740884256237817,-0.30946906371886795,0.9035471289243083,-0.22009318607588202,-0.15781181023720497,0.0692820323027559,0.2465984809580359,-0.26720699091482264,1.3849648354995603,0.5405377599750526,-0.7266226911401854,-0.690491394346993,-0.5755115693951635,1.7870803265351975,-0.5951284714867237
-0.7033646067765741,0.5242686586021743,-0.06638060630566417,-0.20679364850592954,-0.791756811753537,-0.7003188394491815,1.3259859602540562,-0.07773708545436095,1.1416656400881946,-0.1862898597444359,0.0692820323027559,0.2465984809580359,-0.5028289136689775,-1.7167948974422544,0.5405377599750526,1.37623007400284,-0.690491394346993,1.7375845303178776,-0.5595719370593745,-0.5951284714867237
0.17728101042055164,-0.9373369516178799,1.7920942561066913,-0.20679364850592954,-1.1538388396721586,0.1424478508942184,-0.30946906371886795,-1.0590212998330302,0.3635177394230079,-0.10294675640270665,0.0692820323027559,0.2465984809580359,-0.26720699091482264,-0.4107907993614904,-1.8500095165343355,-0.7266226911401854,-0.690491394346993,-0.5755115693951635,-0.5595719370593745,1.6803094590682988
-0.7658885613140086,-1.49949295554867,-0.7668826698303213,-0.20679364850592954,-0.8779300678279535,-0.7633713292370021,0.23568261093877343,-0.07773708545436095,0.16898076425671127,-0.21576726450162237,0.0692820323027559,0.2465984809580359,-0.1379892305720754,0.07896073741879621,0.5405377599750526,-0.7266226911401854,1.4482439726069483,-0.5755115693951635,-0.5595719370593745,1.6803094590682988
0.09725034861263558,-1.443277355155591,2.249564991469733,-0.20679364850592954,-1.1107099057429206,0.10706397362017783,1.3259859602540562,1.8848313433029775,-0.9982410867410686,-0.05429283104579091,0.0692820323027559,0.2465984809580359,2.036714398094064,1.7114658600197514,0.5405377599750526,-0.7266226911401854,-0.690491394346993,-0.5755115693951635,-0.5595719370593745,1.6803094590682988
-0.9169738432373437,0.7491310601744904,1.7635023351465013,-0.20679364850592954,1.487433379450681,-0.9157337840119552,-0.30946906371886795,-0.5683791926436955,-0.9982410867410686,-0.22696391799258137,0.0692820323027559,0.2465984809580359,0.7139852512380722,1.3033395793695126,0.5405377599750526,-0.7266226911401854,-0.690491394346993,-0.5755115693951635,-0.5595719370593745,-0.5951284714867237
-0.5009582925808683,0.5242686586021743,-0.9527301560715568,-0.20679364850592954,0.8311895102721086,-0.49620151908400656,-0.30946906371886795,1.394189236113643,-0.41463016124217866,-0.17914339018842523,0.0692820323027559,0.2465984809580359,-0.26720699091482264,-1.4719191290521112,0.5405377599750526,-0.7266226911401854,-0.690491394346993,1.7375845303178776,-0.5595719370593745,-0.5951284714867237
-0.902961625480735,0.6929154597814113,-1.1671695632729824,-0.20679364850592954,-0.5223118674127861,-0.901603116437589,1.3259859602540562,1.8848313433029775,-0.803704111574772,-0.21420221105728163,0.0692820323027559,0.2465984809580359,-0.05373160182500927,-0.0842897748412993,0.5405377599750526,1.37623007400284,-0.690491394346993,1.7375845303178776,-0.5595719370593745,-0.5951284714867237
-0.8011760534639032,1.0302090621398854,-1.2672412866336478,-0.20679364850592954,-0.19945381138938362,-0.7989571179939641,-0.30946906371886795,-1.5496634070223647,-0.803704111574772,-0.15792956345740644,0.0692820323027559,0.2465984809580359,1.3128162555475777,-1.227043360661968,0.5405377599750526,-0.7266226911401854,1.4482439726069483,-0.5755115693951635,1.7870803265351975,-0.5951284714867237
-0.5844491842015411,-1.443277355155591,-0.7382907488701311,6.431744946342572,-1.2007547919364236,-0.596875143831861,-0.30946906371886795,-0.5683791926436955,1.1416656400881946,-0.055585718641308714,0.0692820323027559,0.2465984809580359,-1.0364655036171888,0.40546176193898725,-1.8500095165343355,1.37623007400284,-0.690491394346993,-0.5755115693951635,-0.5595719370593745,1.6803094590682988
-0.9934757558302704,0.2994062570298583,0.6198254967388979,-0.20679364850592954,0.2976019600583359,-0.9928823920646693,1.8711376349116977,0.4129050217349737,-1.7763889874062553,-0.23169828113432697,0.0692820323027559,0.2465984809580359,-0.9708708506956957,-1.6351696413122068,0.5405377599750526,-0.7266226911401854,-0.690491394346993,-0.5755115693951635,-0.5595719370593745,-0.5951284714867237
0.665721569237102,1.8734430680360705,0.5054578128981375,-0.20679364850592954,-0.6903201026334777,0.6803406657019906,-0.8546207383765094,0.9035471289243083,-0.22009318607588202,-0.038771288998308215,0.0692820323027559,0.2465984809580359,-0.26720699091482264,0.32383650580893947,0.5405377599750526,-0.7266226911401854,1.4482439726069483,-0.5755115693951635,1.7870803265351975,-0.5951284714867237
-0.5125038118570959,-1.387061754762512,-1.2100574447132675,-0.20679364850592954,-0.9296150479210264,-0.5078446363763329,0.23568261093877343,-1.0590212998330302,1.3362026152544912,-0.20495421365843713,0.0692820323027559,0.2465984809580359,-0.8014513505285213,1.5482153477596559,0.5405377599750526,1.37623007400284,-0.690491394346993,-0.5755115693951635,-0.5595719370593745,1.6803094590682988
-0.6451573745798064,-0.4876121484732478,-0.1092684877459493,4.772110297630447,0.3138448586043037,-0.641619562654931,-0.30946906371886795,-0.5683791926436955,-1.5818520122399586,-0.20000766135416712,0.0692820323027559,0.2465984809580359,1.824098780726159,1.221714323239465,0.5405377599750526,-0.7266226911401854,1.4482439726069483,1.7375845303178776,-0.5595719370593745,-0.5951284714867237
-0.4161997920188885,-0.3751809476870898,-0.20934021110661458,-0.20679364850592954,1.036121815257675,-0.4107265274483527,-1.399772413034151,0.9035471289243083,0.9471286649218978,-0.15578858287930344,0.0692820323027559,0.2465984809580359,0.22397466435154542,1.3849648354995603,0.5405377599750526,1.37623007400284,-0.690491394346993,1.7375845303178776,-0.5595719370593745,-0.5951284714867237
2.962868788793005,-0.8249057508317219,-1.0670978399123172,-0.20679364850592954,1.344290752769657,2.8460942507857396,-0.30946906371886795,0.9035471289243083,0.7525916897556012,0.36949091334966366,0.0692820323027559,0.2465984809580359,-0.8225898759671766,-0.8189170800117291,-1.8500095165343355,-0.7266226911401854,1.4482439726069483,-0.5755115693951635,-0.5595719370593745,-0.5951284714867237
0.06970554891504792,0.5242686586021743,0.062283038015191215,-0.20679364850592954,-0.5430007306120621,0.07928632880406389,-0.30946906371886795,-1.0590212998330302,0.9471286649218978,-0.11048249603432356,0.0692820323027559,0.2465984809580359,-0.26720699091482264,-0.0842897748412993,0.5405377599750526,-0.7266226911401854,-0.690491394346993,1.7375845303178776,-0.5595719370593745,-0.5951284714867237
0.08525945322189471,-0.9935525520109589,-0.8955463141511766,-0.20679364850592954,-0.9937712921857784,0.09497171530470538,1.8711376349116977,-0.07773708545436095,1.5307395904207879,-0.1182057397374472,0.0692820323027559,0.2465984809580359,-0.09805431645444758,-0.3291655432314426,0.5405377599750526,-0.7266226911401854,-0.690491394346993,-0.5755115693951635,-0.5595719370593745,1.6803094590682988
-0.07538428531291669,0.4680530582090954,1.692022532746026,-0.20679364850592954,0.3074015430484999,-0.10278499457240192,-0.30946906371886795,-1.0590212998330302,-0.9982410867410686,-0.13688609184317344,0.0692820323027559,0.2465984809580359,3.4047001495532916,0.7319627864591783,-1.8500095165343355,1.37623007400284,-0.690491394346993,-0.5755115693951635,1.7870803265351975,-0.5951284714867237
-0.11015788194606514,-0.8249057508317219,0.7056012596194681,-0.20679364850592954,1.1759671463538346,-0.10209754592802292,-1.9449240876917921,-0.07773708545436095,-0.41463016124217866,-0.13212322931817022,0.0692820323027559,0.2465984809580359,-0.26720699091482264,1.140089067109417,0.5405377599750526,-0.7266226911401854,-0.690491394346993,1.7375845303178776,-0.5595719370593745,-0.5951284714867237
-0.7542745226355483,-1.330846154369433,0.7056012596194681,-0.20679364850592954,-0.9574189929616695,-0.7516591133257303,-1.399772413034151,-0.07773708545436095,0.3635177394230079,-0.206068489855287,0.0692820323027559,0.2465984809580359,-1.0576485000069773,0.9768385548493216,0.5405377599750526,-0.7266226911401854,1.4482439726069483,-0.5755115693951635,-0.5595719370593745,1.6803094590682988
-0.8753483063809147,-0.8811213512248008,-0.02349272486537904,-0.20679364850592954,0.10563064199461125,-0.8737563730025293,0.23568261093877343,-0.5683791926436955,-0.025556210909585365,-0.2116848648177929,0.0692820323027559,0.2465984809580359,-1.0764745359867054,-0.9005423361417769,0.5405377599750526,1.37623007400284,-0.690491394346993,1.7375845303178776,-0.5595719370593745,-0.5951284714867237
1.9348036776919997,0.6929154597814113,-0.681106906949751,-0.20679364850592954,1.2279418577074748,1.9601507365021222,0.7808342855964149,-0.07773708545436095,1.1416656400881946,0.5756191346774114,0.0692820323027559,0.2465984809580359,1.5663599716084184,-0.24754028710139483,0.5405377599750526,1.37623007400284,-0.690491394346993,-0.5755115693951635,-0.5595719370593745,-0.5951284714867237
-0.9895701499030005,1.9296586684291497,1.1344800740223193,-0.20679364850592954,-0.27426601245871995,-0.9889437707847727,-0.30946906371886795,0.9035471289243083,-0.41463016124217866,-0.23812669896214037,0.0692820323027559,0.2465984809580359,-0.6517176580629839,-0.002664518711251552,0.5405377599750526,-0.7266226911401854,-0.690491394346993,-0.5755115693951635,1.7870803265351975,-0.5951284714867237
-0.02909942910465677,-0.9935525520109589,1.2345517973829847,-0.20679364850592954,-1.242709416862654,-0.020353879715429055,-1.399772413034151,0.4129050217349737,0.5580547145893046,-0.10160164153816824,0.0692820323027559,0.2465984809580359,-0.544928080741755,-1.4719191290521112,0.5405377599750526,-0.7266226911401854,-0.690491394346993,-0.5755115693951635,-0.5595719370593745,1.6803094590682988
0.6934034077391552,-0.7686901504386429,2.5211882405915387,-0.20679364850592954,0.9668042521652933,0.7082565077559955,-0.30946906371886795,2.3754734504923123,-0.025556210909585365,-0.005456310630342266,0.0692820323027559,0.2465984809580359,-0.630386425169418,1.3849648354995603,0.5405377599750526,1.37623007400284,-0.690491394346993,1.7375845303178776,-0.5595719370593745,-0.5951284714867237
0.8240699077971143,0.9739934617468065,0.648417417699088,-0.20679364850592954,-0.027104735247093927,0.8400275740851724,0.23568261093877343,0.4129050217349737,-0.9982410867410686,-0.017571787543127868,0.0692820323027559,0.2465984809580359,-0.32991103201265687,-1.3086686167920156,0.5405377599750526,-0.7266226911401854,-0.690491394346993,-0.5755115693951635,1.7870803265351975,-0.5951284714867237
0.3041789433557065,-0.15031854611477377,0.21953860329623667,-0.20679364850592954,0.10616395263353172,0.31574180283575953,-0.30946906371886795,-1.0590212998330302,0.16898076425671127,-0.08227122392105754,0.0692820323027559,0.2465984809580359,-0.26720699091482264,0.813588042589226,0.5405377599750526,-0.7266226911401854,1.4482439726069483,1.7375845303178776,-0.5595719370593745,-0.5951284714867237
1.7451077126104788,-1.105983752797117,-1.5531604962355485,-0.20679364850592954,-1.2850999206764637,1.768851209951348,-1.399772413034151,-0.07773708545436095,1.3362026152544912,0.01242078118466768,0.0692820323027559,0.2465984809580359,-0.20176057449710685,1.4665900916296082,0.5405377599750526,-0.7266226911401854,1.4482439726069483,-0.5755115693951635,-0.5595719370593745,1.6803094590682988
-0.00546023533433913,-0.5438277488663268,1.8349821375469764,-0.20679364850592954,0.5908766595823894,0.003485143820787993,-1.399772413034151,0.9035471289243083,-0.22009318607588202,-0.18121678415531303,0.0692820323027559,0.2465984809580359,0.37175163496722125,-0.16591503097134708,0.5405377599750526,1.37623007400284,-0.690491394346993,-0.5755115693951635,-0.5595719370593745,-0.5951284714867237
-0.673558666805304,1.3112870641052805,-0.08067656678575921,-0.20679364850592954,0.9617454930759178,-0.6702609402078643,-0.30946906371886795,-1.0590212998330302,-0.22009318607588202,-0.21680305056621163,0.0692820323027559,0.2465984809580359,-0.801125230220211,0.48708701806903504,0.5405377599750526,-0.7266226911401854,-0.690491394346993,-0.5755115693951635,-0.5595719370593745,-0.5951284714867237
-0.34963319274971855,0.8615622609606484,1.9350538609076418,-0.20679364850592954,-0.5947549385284565,-0.3435972191427442,-0.8546207383765094,-0.5683791926436955,-0.22009318607588202,-0.1817351627265062,0.0692820323027559,0.2465984809580359,-0.054161487685963704,0.6503375303291306,0.5405377599750526,-0.7266226911401854,1.4482439726069483,-0.5755115693951635,1.7870803265351975,-0.5951284714867237
-0.8329347963988084,-1.218414953583275,-1.2243534051933627,-0.20679364850592954,-1.0212085861621638,-0.8380512561260166,0.7808342855964149,-0.07773708545436095,0.5580547145893046,-0.22299505448216336,0.0692820323027559,0.2465984809580359,1.4417968374842811,0.7319627864591783,-1.8500095165343355,1.37623007400284,-0.690491394346993,-0.5755115693951635,-0.5595719370593745,1.6803094590682988
0.4679060549909941,-1.330846154369433,0.40538608953747224,6.431744946342572,0.056699390873656524,0.4808529528061678,-0.30946906371886795,-0.07773708545436095,-1.387315037073662,-0.06257197356610453,0.0692820323027559,0.2465984809580359,-0.26720699091482264,-1.6351696413122068,0.5405377599750526,-0.7266226911401854,-0.690491394346993,-0.5755115693951635,-0.5595719370593745,1.6803094590682988
-0.9585993800937727,0.9177778613537274,0.6055295362588028,6.431744946342572,-0.726226266996182,-0.9577111950213809,-0.30946906371886795,-0.5683791926436955,0.9471286649218978,-0.2365563843106891,0.0692820323027559,0.2465984809580359,-0.07497389281630876,-0.3291655432314426,0.5405377599750526,1.37623007400284,-0.690491394346993,-0.5755115693951635,1.7870803265351975,-0.5951284714867237
-0.10628653571991167,-0.31896534729401077,-0.33800385542746997,-0.20679364850592954,0.5297664395437794,-0.13277821851964142,0.7808342855964149,-1.0590212998330302,3.6706463172500507,-0.09810115419232432,0.0692820323027559,0.2465984809580359,1.6972528044438502,-1.3902938729220635,-1.8500095165343355,-0.7266226911401854,1.4482439726069483,1.7375845303178776,-0.5595719370593745,-0.5951284714867237
0.6698327333710703,0.4680530582090954,1.663430611785836,-0.20679364850592954,0.5945098383100353,0.6844865828387239,1.3259859602540562,-1.0590212998330302,-1.7763889874062553,0.008807980129890123,0.0692820323027559,0.2465984809580359,-0.5035552725374867,-1.1454181045319203,0.5405377599750526,1.37623007400284,-0.690491394346993,-0.5755115693951635,1.7870803265351975,-0.5951284714867237
5.017971219961525,-1.162199353190196,0.4339780104976623,-0.20679364850592954,-0.957385661046737,5.069381293195345,0.7808342855964149,-0.5683791926436955,1.5307395904207879,0.4658906357483013,0.0692820323027559,0.2465984809580359,0.3299934118531318,0.07896073741879621,0.5405377599750526,-0.7266226911401854,-0.690491394346993,-0.5755115693951635,-0.5595719370593745,1.6803094590682988
0.607000441523588,0.07454385545754227,2.349636714830398,-0.20679364850592954,0.8666879996752538,0.6211231492656482,0.23568261093877343,-1.5496634070223647,0.9471286649218978,-0.14447754421802284,0.0692820323027559,-4.0551750201988135,-1.0978057688802711,-1.3902938729220635,0.5405377599750526,-0.7266226911401854,1.4482439726069483,1.7375845303178776,-0.5595719370593745,-0.5951284714867237
-0.7166916305108547,0.07454385545754227,0.7770810620199433,-0.20679364850592954,-0.6529909219024999,-0.7137585208340924,0.7808342855964149,0.4129050217349737,1.3362026152544912,-0.2228375040385627,0.0692820323027559,0.2465984809580359,-0.35313969215457325,-0.6556665677516337,0.5405377599750526,-0.7266226911401854,1.4482439726069483,1.7375845303178776,-0.5595719370593745,-0.5951284714867237
-0.8025464415085594,0.07454385545754227,0.648417417699088,-0.20679364850592954,1.5539433697083609,-0.8085568108475226,0.7808342855964149,-0.5683791926436955,1.3362026152544912,-0.22629643152637513,0.0692820323027559,0.2465984809580359,-0.952252345821256,-0.8189170800117291,-1.8500095165343355,-0.7266226911401854,1.4482439726069483,-0.5755115693951635,-0.5595719370593745,-0.5951284714867237
1.9878034353190734,-1.274630553976354,0.4339780104976623,-0.20679364850592954,-1.2090005948920404,2.01359851825651,-0.8546207383765094,0.4129050217349737,0.16898076425671127,0.1202984057490523,0.0692820323027559,0.2465984809580359,-0.26720699091482264,-0.0842897748412993,0.5405377599750526,-0.7266226911401854,1.4482439726069483,-0.5755115693951635,-0.5595719370593745,1.6803094590682988
-0.15688811426883809,0.9739934617468065,-0.2522280925468997,-0.20679364850592954,1.7133519708764595,-0.14922280404889268,-0.30946906371886795,-0.5683791926436955,-0.803704111574772,-0.20665873392082632,0.0692820323027559,0.2465984809580359,-0.6526515480367814,0.16058599354884398,0.5405377599750526,-0.7266226911401854,-0.690491394346993,-0.5755115693951635,-0.5595719370593745,-0.5951284714867237
-0.9508224279403493,-0.9935525520109589,0.34820224761709206,-0.20679364850592954,-1.1971523811302538,-0.9498685017710603,0.23568261093877343,-1.5496634070223647,-0.6091671364084753,-0.23722006535506057,0.0692820323027559,0.2465984809580359,-0.7579587603202362,0.07896073741879621,0.5405377599750526,-0.7266226911401854,-0.690491394346993,-0.5755115693951635,-0.5595719370593745,1.6803094590682988
-0.543234763758509,0.2994062570298583,-0.5524432626288956,-0.20679364850592954,-0.7275928755084157,-0.5568730945984585,0.23568261093877343,-0.07773708545436095,-0.9982410867410686,-0.19742457872302488,0.0692820323027559,-4.0551750201988135,1.740300685140803,-0.0842897748412993,-1.8500095165343355,-0.7266226911401854,1.4482439726069483,1.7375845303178776,-0.5595719370593745,-0.5951284714867237
2.13168442853455e-05,-0.31896534729401077,0.6055295362588028,-0.20679364850592954,-0.936660901939072,0.009013033336432622,0.7808342855964149,-0.07773708545436095,-0.22009318607588202,-0.1292172752766087,0.0692820323027559,0.2465984809580359,-0.3751972839166483,0.32383650580893947,0.5405377599750526,-0.7266226911401854,1.4482439726069483,-0.5755115693951635,-0.5595719370593745,-0.5951284714867237
0.669216058750975,-0.31896534729401077,1.6348386908256458,-0.20679364850592954,-0.0011109695866328474,0.6838646952682139,-0.30946906371886795,-1.5496634070223647,0.16898076425671127,-0.05261277171153936,0.0692820323027559,0.2465984809580359,0.43856182721968917,-1.0637928484018724,0.5405377599750526,-0.7266226911401854,1.4482439726069483,1.7375845303178776,-0.5595719370593745,-0.5951284714867237
0.5698286658122915,0.2994062570298583,1.1344800740223193,-0.20679364850592954,-0.6950763104950042,0.5836371484876837,-1.399772413034151,0.9035471289243083,-1.387315037073662,-0.050308891371924756,0.0692820323027559,0.2465984809580359,-0.26720699091482264,0.16058599354884398,0.5405377599750526,-0.7266226911401854,1.4482439726069483,1.7375845303178776,-0.5595719370593745,-0.5951284714867237
0.21798153534683798,1.0864246625329645,0.677009338659278,-0.20679364850592954,0.499319017249641,0.22881574020224907,-1.399772413034151,2.3754734504923123,1.3362026152544912,-0.14686046548610274,0.0692820323027559,0.2465984809580359,-0.3516425034664217,0.9768385548493216,0.5405377599750526,-0.7266226911401854,-0.690491394346993,-0.5755115693951635,1.7870803265351975,-0.5951284714867237
-0.5409736234848264,0.41183745781601633,0.8628568249005136,-0.20679364850592954,1.1419096212731576,-0.5365551125482119,-0.30946906371886795,2.3754734504923123,0.9471286649218978,-0.20036796008638919,0.0692820323027559,0.2465984809580359,0.15898778109553952,-0.4107907993614904,0.5405377599750526,-0.7266226911401854,1.4482439726069483,1.7375845303178776,-0.5595719370593745,-0.5951284714867237
-0.8593832856606711,1.2550714637122016,0.4339780104976623,-0.20679364850592954,-0.5830195404787495,-0.8576563947882145,1.3259859602540562,-0.07773708545436095,-0.22009318607588202,-0.22386318834380203,0.0692820323027559,0.2465984809580359,-0.11775494780646224,-1.1454181045319203,0.5405377599750526,1.37623007400284,-0.690491394346993,-0.5755115693951635,1.7870803265351975,-0.5951284714867237
-0.4867747763186777,1.3112870641052805,-1.4959766543151685,-0.20679364850592954,0.06304527467811905,-0.4818981049622763,0.7808342855964149,0.9035471289243083,-0.6091671364084753,-0.16676662321055147,0.0692820323027559,-4.0551750201988135,-0.6505317660327647,0.9768385548493216,0.5405377599750526,-0.7266226911401854,-0.690491394346993,-0.5755115693951635,-0.5595719370593745,-0.5951284714867237
1.6086513230638475,0.9739934617468065,-1.1671695632729824,-0.20679364850592954,-0.09787608262922522,1.5317127029071536,1.8711376349116977,-0.07773708545436095,-0.22009318607588202,0.1580949151549465,0.0692820323027559,-4.0551750201988135,-0.9313065278375113,0.16058599354884398,-1.8500095165343355,1.37623007400284,-0.690491394346993,-0.5755115693951635,1.7870803265351975,-0.5951284714867237
-0.5858195722461973,-1.274630553976354,0.37679416857728215,-0.20679364850592954,-1.0647375030705923,-0.5817801586480789,-1.399772413034151,-0.5683791926436955,-1.387315037073662,-0.18935369425396587,0.0692820323027559,0.2465984809580359,-0.26720699091482264,1.140089067109417,0.5405377599750526,1.37623007400284,-0.690491394346993,-0.5755115693951635,-0.5595719370593745,1.6803094590682988
-0.6277877061137903,-0.20653414650785276,-1.4102008914345983,-0.20679364850592954,-1.1910218727761246,-0.6389388115627458,1.3259859602540562,-0.07773708545436095,0.9471286649218978,-0.13170794460040383,0.0692820323027559,0.2465984809580359,2.849361735452071,-0.7372918238816814,-1.8500095165343355,1.37623007400284,-0.690491394346993,1.7375845303178776,-0.5595719370593745,-0.5951284714867237
-0.6195311181447374,0.35562185742293734,1.320327560263555,-0.20679364850592954,-0.16252461363759604,-0.6157766791692928,-0.30946906371886795,-0.07773708545436095,-0.22009318607588202,-0.193409785978024,0.0692820323027559,0.2465984809580359,-0.26720699091482264,0.7319627864591783,0.5405377599750526,-0.7266226911401854,-0.690491394346993,1.7375845303178776,-0.5595719370593745,-0.5951284714867237
-0.8627407363700785,-1.105983752797117,-0.15215636918623443,-0.20679364850592954,0.22148212232626174,-0.8610422271165469,1.3259859602540562,-1.0590212998330302,1.5307395904207879,-0.1938727842882805,0.0692820323027559,-4.0551750201988135,-0.5867752457581111,0.7319627864591783,0.5405377599750526,-0.7266226911401854,1.4482439726069483,-0.5755115693951635,-0.5595719370593745,1.6803094590682988
1.1870514411253987,-1.162199353190196,-0.9241382351113667,-0.20679364850592954,-0.8034742618490495,1.20607750794926,0.7808342855964149,-0.5683791926436955,0.16898076425671127,0.7221972214306908,0.0692820323027559,0.2465984809580359,0.778245775625569,-1.6351696413122068,0.5405377599750526,-0.7266226911401854,1.4482439726069483,-0.5755115693951635,-0.5595719370593745,1.6803094590682988
-0.6370035657141025,0.1869750562437003,0.2910184056967119,-0.20679364850592954,0.15445933337731213,-0.647883575688918,0.7808342855964149,-1.0590212998330302,1.1416656400881946,-0.19104043850907593,0.0692820323027559,0.2465984809580359,-0.4587878483967161,1.7114658600197514,-1.8500095165343355,-0.7266226911401854,1.4482439726069483,1.7375845303178776,-0.5595719370593745,-0.5951284714867237
-0.8440691992616391,-1.218414953583275,-0.5381473021488006,-0.20679364850592954,-0.884504147050031,-0.8422128534538826,0.23568261093877343,1.8848313433029775,-0.025556210909585365,-0.21440870259349715,0.0692820323027559,0.2465984809580359,-0.6321652632147466,-0.5740413116215859,0.5405377599750526,1.37623007400284,-0.690491394346993,-0.5755115693951635,-0.5595719370593745,1.6803094590682988
-0.8381422709685016,1.3112870641052805,-1.5102726147952634,-0.20679364850592954,0.3131346324168951,-0.8431055466359727,1.8711376349116977,-1.0590212998330302,-0.41463016124217866,-0.20833293856828622,0.0692820323027559,0.2465984809580359,-0.26575427317780426,-1.3086686167920156,-1.8500095165343355,-0.7266226911401854,1.4482439726069483,-0.5755115693951635,1.7870803265351975,-0.5951284714867237
-0.098235505957557,-0.8811213512248008,0.40538608953747224,-0.20679364850592954,0.9361337624404524,-0.09007438623149597,-0.8546207383765094,-0.5683791926436955,-1.7763889874062553,-0.04964613062890332,0.0692820323027559,0.2465984809580359,-0.9518076363099238,-1.227043360661968,0.5405377599750526,1.37623007400284,-0.690491394346993,1.7375845303178776,-0.5595719370593745,-0.5951284714867237
0.2712896302839601,-1.330846154369433,-0.4523715392682303,-0.20679364850592954,-1.0955054245467741,0.233691095363426,1.8711376349116977,0.9035471289243083,-0.41463016124217866,0.006809048985762558,0.0692820323027559,0.2465984809580359,-1.099110250113512,0.40546176193898725,-1.8500095165343355,-0.7266226911401854,1.4482439726069483,-0.5755115693951635,-0.5595719370593745,1.6803094590682988
-0.3152364528288504,-1.387061754762512,0.5626416548185177,-0.20679364850592954,-0.926204936624083,-0.3089097124320746,0.23568261093877343,-0.5683791926436955,1.1416656400881946,-0.12165506989990447,0.0692820323027559,0.2465984809580359,-1.0568480228865793,0.8952132987192738,0.5405377599750526,-0.7266226911401854,1.4482439726069483,-0.5755115693951635,-0.5595719370593745,1.6803094590682988
0.02629850760056591,1.3112870641052805,0.39109012905737717,-0.20679364850592954,2.011285446510698,0.035512353702053544,-0.30946906371886795,-0.07773708545436095,0.16898076425671127,-0.06324189238552129,0.0692820323027559,0.2465984809580359,-0.2046067153696326,-0.16591503097134708,0.5405377599750526,-0.7266226911401854,1.4482439726069483,-0.5755115693951635,-0.5595719370593745,-0.5951284714867237
-0.6954848755198016,-0.31896534729401077,-1.2243534051933627,-0.20679364850592954,0.27116462352992665,-0.6923724982704426,0.23568261093877343,1.394189236113643,-0.22009318607588202,-0.18875362196310164,0.0692820323027559,-4.0551750201988135,0.2881758941375313,1.7114658600197514,0.5405377599750526,-0.7266226911401854,1.4482439726069483,-0.5755115693951635,-0.5595719370593745,-0.5951284714867237
1.4394083995488194,-0.15031854611477377,0.6913052991393731,-0.20679364850592954,0.8360816097868216,1.3674482613335803,-0.8546207383765094,-0.07773708545436095,-0.803704111574772,0.1807129221571973,0.0692820323027559,0.2465984809580359,-0.9506662152308379,1.0584638109793694,-1.8500095165343355,-0.7266226911401854,1.4482439726069483,1.7375845303178776,-0.5595719370593745,-0.5951284714867237
-0.9802857709004555,1.7047962668568335,-0.7954745907905113,-0.20679364850592954,0.5497271286014526,-0.9810677264110247,1.3259859602540562,0.4129050217349737,-1.387315037073662,-0.23699230474388278,0.0692820323027559,0.2465984809580359,-0.26720699091482264,-1.553544385182159,-1.8500095165343355,1.37623007400284,-0.690491394346993,-0.5755115693951635,1.7870803265351975,-0.5951284714867237
3.6485081872355676,-0.8811213512248008,-0.19504425062651956,-0.20679364850592954,-0.688335571698264,3.6883417456399723,-0.8546207383765094,-0.07773708545436095,1.1416656400881946,14.215841520376465,0.0692820323027559,0.2465984809580359,-0.8856496846740765,-0.7372918238816814,0.5405377599750526,-0.7266226911401854,-0.690491394346993,1.7375845303178776,-0.5595719370593745,-0.5951284714867237
-0.28354622929617807,-1.218414953583275,-0.8097705512706064,-0.20679364850592954,-1.0570352667277214,-0.30482360732564723,-0.30946906371886795,1.394189236113643,0.7525916897556012,-0.20351486100116406,0.0692820323027559,0.2465984809580359,-0.2886716366617881,1.5482153477596559,-1.8500095165343355,-0.7266226911401854,-0.690491394346993,-0.5755115693951635,-0.5595719370593745,1.6803094590682988
-1.00824168701144,0.2994062570298583,0.1623547613758565,-0.20679364850592954,1.6078974840103024,-1.008201285990789,0.7808342855964149,-0.07773708545436095,-0.22009318607588202,-0.2407811126546888,0.0692820323027559,0.2465984809580359,-0.9518076363099238,-0.0842897748412993,-1.8500095165343355,1.37623007400284,-0.690491394346993,-0.5755115693951635,-0.5595719370593745,-0.5951284714867237
-0.04598946175504322,0.35562185742293734,0.9915204692213689,-0.20679364850592954,-0.4191470267031481,-0.03738668928550885,-1.9449240876917921,0.4129050217349737,0.16898076425671127,-0.15472697387283524,0.0692820323027559,0.2465984809580359,0.13758242995008485,0.07896073741879621,0.5405377599750526,-0.7266226911401854,-0.690491394346993,-0.5755115693951635,1.7870803265351975,-0.5951284714867237
-0.5258650952924929,0.6929154597814113,-1.2815372471137427,-0.20679364850592954,1.6433498215312328,-0.5213188670707165,1.8711376349116977,1.8848313433029775,1.3362026152544912,-0.19484583869957203,0.0692820323027559,0.2465984809580359,-0.15945387631904098,-1.227043360661968,0.5405377599750526,1.37623007400284,-0.690491394346993,-0.5755115693951635,-0.5595719370593745,-0.5951284714867237
0.9829664015749889,1.6485806664637546,-0.6239230650293708,-0.20679364850592954,-0.4768368794709892,1.0002672714199188,2.416289309569339,-1.0590212998330302,-1.387315037073662,-0.03046926893040451,0.0692820323027559,0.2465984809580359,-0.05359818897160955,-0.9005423361417769,0.5405377599750526,-0.7266226911401854,-0.690491394346993,-0.5755115693951635,1.7870803265351975,-0.5951284714867237
0.46931070273676645,0.8053466605675694,1.36321544170384,-0.20679364850592954,1.9317170375798354,0.4822694744945516,-0.8546207383765094,-0.5683791926436955,0.9471286649218978,-0.09953653642835053,0.0692820323027559,-4.0551750201988135,-0.8449142934360507,0.07896073741879621,0.5405377599750526,-0.7266226911401854,-0.690491394346993,-0.5755115693951635,-0.5595719370593745,-0.5951284714867237
1.1846532620472505,-1.49949295554867,-0.20934021110661458,-0.20679364850592954,-1.042920482750523,1.1201870492807273,-1.399772413034151,-0.07773708545436095,-0.41463016124217866,-0.03562888678930784,0.0692820323027559,0.2465984809580359,0.20296955176628972,-0.8189170800117291,-1.8500095165343355,-0.7266226911401854,1.4482439726069483,-0.5755115693951635,-0.5595719370593745,1.6803094590682988
0.47691635638460794,-0.4876121484732478,1.33462352074365,-0.20679364850592954,-0.15355063654037632,0.4899394211975085,-0.30946906371886795,-1.5496634070223647,-0.803704111574772,-0.11174335275743334,0.0692820323027559,0.2465984809580359,-0.8871616970126057,-0.4924160554915381,0.5405377599750526,1.37623007400284,-0.690491394346993,1.7375845303178776,-0.5595719370593745,-0.5951284714867237
-0.8495507514402636,0.5804842589952534,-0.12356444822604433,-0.20679364850592954,-0.3263663594917213,-0.8477407429695272,-1.399772413034151,-0.5683791926436955,-0.6091671364084753,-0.2268929098468883,0.0692820323027559,0.2465984809580359,-0.6517917763148726,0.8952132987192738,0.5405377599750526,-0.7266226911401854,-0.690491394346993,1.7375845303178776,-0.5595719370593745,-0.5951284714867237
0.8085845228925004,0.1869750562437003,-0.06638060630566417,-0.20679364850592954,-0.3736694747678948,0.8244112862034766,-1.399772413034151,0.4129050217349737,-0.41463016124217866,-0.07034999156239595,0.0692820323027559,0.2465984809580359,-0.8224268158130214,0.16058599354884398,0.5405377599750526,-0.7266226911401854,1.4482439726069483,1.7375845303178776,-0.5595719370593745,-0.5951284714867237
-0.5277836385550114,1.4799338652845175,-0.5667392231089906,-0.20679364850592954,0.24442986376058076,-0.523253628401192,-0.30946906371886795,-0.07773708545436095,0.3635177394230079,-0.1823709509810447,0.0692820323027559,0.2465984809580359,-0.26720699091482264,0.7319627864591783,0.5405377599750526,-0.7266226911401854,-0.690491394346993,-0.5755115693951635,1.7870803265351975,-0.5951284714867237
-0.056884046710059234,0.018328255064463266,-1.295833207593838,-0.20679364850592954,1.1843821728775703,-0.048373369697852414,-0.30946906371886795,0.4129050217349737,0.3635177394230079,-0.1257134502217166,0.0692820323027559,0.2465984809580359,-0.26720699091482264,-0.4924160554915381,0.5405377599750526,1.37623007400284,-0.690491394346993,1.7375845303178776,-0.5595719370593745,-0.5951284714867237
-0.856471211065777,0.4680530582090954,-0.06638060630566417,-0.20679364850592954,-0.9568292744667093,-0.8547197034830284,-1.399772413034151,-0.5683791926436955,3.6706463172500507,-0.22094016753325899,0.0692820323027559,0.2465984809580359,-1.0352796115869698,-1.553544385182159,0.5405377599750526,-0.7266226911401854,1.4482439726069483,1.7375845303178776,-0.5595719370593745,-0.5951284714867237
-0.5417958563116201,-0.9935525520109589,-1.2672412866336478,-0.20679364850592954,-0.976507924244184,-0.5373842959755586,-0.30946906371886795,1.8848313433029775,0.9471286649218978,-0.13833015400210139,0.0692820323027559,0.2465984809580359,1.8227498285417851,-1.3902938729220635,0.5405377599750526,-0.7266226911401854,1.4482439726069483,-0.5755115693951635,-0.5595719370593745,1.6803094590682988
-0.10628653571991167,1.5361494656775965,-0.2808200135070898,-0.20679364850592954,0.6570533306907442,-0.09819347395759898,-1.399772413034151,1.394189236113643,-1.387315037073662,-0.03377426572303785,0.0692820323027559,0.2465984809580359,0.5654522744531315,-0.7372918238816814,0.5405377599750526,-0.7266226911401854,-0.690491394346993,-0.5755115693951635,1.7870803265351975,-0.5951284714867237
-0.1450342576825629,0.018328255064463266,-0.995618037511842,-0.20679364850592954,2.4874754392106535,-0.17038613014306483,-0.8546207383765094,0.9035471289243083,0.9471286649218978,-0.07253059451317351,0.0692820323027559,0.2465984809580359,-0.43853874198072523,1.3033395793695126,-1.8500095165343355,1.37623007400284,-0.690491394346993,-0.5755115693951635,-0.5595719370593745,-0.5951284714867237
-0.6251839688289437,-0.9373369516178799,0.2767224452166169,-0.20679364850592954,1.2037095555515251,-0.6214773152323012,-0.8546207383765094,0.9035471289243083,-0.025556210909585365,-0.19408992330980201,0.0692820323027559,0.2465984809580359,-0.26720699091482264,-1.7167948974422544,0.5405377599750526,-0.7266226911401854,1.4482439726069483,1.7375845303178776,-0.5595719370593745,-0.5951284714867237
-0.638990628378854,1.4237182648914386,-0.5238513416687055,-0.20679364850592954,0.49306543720960716,-0.6354006869498309,0.7808342855964149,-0.07773708545436095,0.5580547145893046,-0.12419917013502522,0.0692820323027559,0.2465984809580359,-0.8862574543395637,-1.227043360661968,0.5405377599750526,-0.7266226911401854,1.4482439726069483,-0.5755115693951635,-0.5595719370593745,-0.5951284714867237
-0.3374709988533956,1.4237182648914386,-0.43807557878813524,-0.20679364850592954,-0.8860604910780345,-0.33133221427990783,2.416289309569339,0.4129050217349737,-0.22009318607588202,-0.02748255704543516,0.0692820323027559,0.2465984809580359,-1.0152825072274003,-0.8189170800117291,0.5405377599750526,-0.7266226911401854,1.4482439726069483,-0.5755115693951635,-0.5595719370593745,-0.5951284714867237
0.25631814089609234,0.5804842589952534,0.333906287136997,-0.20679364850592954,-0.4821417819321743,0.2674764175022882,0.7808342855964149,-0.5683791926436955,0.7525916897556012,0.07790132788248898,0.0692820323027559,0.2465984809580359,-0.4370119059918182,1.221714323239465,0.5405377599750526,-0.7266226911401854,-0.690491394346993,-0.5755115693951635,1.7870803265351975,-0.5951284714867237
0.6528399216173346,-0.09410294572169475,0.6913052991393731,-0.20679364850592954,0.5017189151247834,0.6673501253402258,-1.399772413034151,-0.07773708545436095,-0.803704111574772,0.05610783808514938,0.0692820323027559,0.2465984809580359,-0.2053034269373863,-0.002664518711251552,0.5405377599750526,1.37623007400284,-0.690491394346993,1.7375845303178776,-0.5595719370593745,-0.5951284714867237
0.9206822649453694,-1.162199353190196,-0.7668826698303213,-0.20679364850592954,-1.2139183343413167,0.8639810731017027,-0.30946906371886795,-0.5683791926436955,1.3362026152544912,0.026238950534255238,0.0692820323027559,0.2465984809580359,-0.9499102090615732,-1.3086686167920156,-1.8500095165343355,-0.7266226911401854,-0.690491394346993,-0.5755115693951635,-0.5595719370593745,1.6803094590682988
-0.7346437138958497,0.9177778613537274,0.8199689434602284,-0.20679364850592954,-0.5252168719988289,-0.7318623589978284,1.8711376349116977,0.9035471289243083,0.9471286649218978,-0.20878158254639545,0.0692820323027559,0.2465984809580359,-0.9081964568986169,-0.0842897748412993,0.5405377599750526,-0.7266226911401854,-0.690491394346993,-0.5755115693951635,1.7870803265351975,-0.5951284714867237
2.778003441568897,-0.8249057508317219,2.035125584268307,-0.20679364850592954,1.062195064715283,2.810478341246145,0.7808342855964149,0.4129050217349737,-0.025556210909585365,0.24597270405487248,0.0692820323027559,-4.0551750201988135,-0.7796309371724902,-0.0842897748412993,0.5405377599750526,1.37623007400284,-0.690491394346993,1.7375845303178776,-0.5595719370593745,-0.5951284714867237
0.2310687411733037,-1.274630553976354,-0.36659577638766006,-0.20679364850592954,-1.0872391096435066,0.24201357642085042,1.3259859602540562,0.9035471289243083,-0.025556210909585365,-0.09106766674538681,0.0692820323027559,0.2465984809580359,-0.26720699091482264,1.6298406038897038,0.5405377599750526,1.37623007400284,-0.690491394346993,-0.5755115693951635,-0.5595719370593745,1.6803094590682988
0.2325761680224254,1.7610118672499127,1.3775114021839352,-0.20679364850592954,0.5212847491901786,0.19611643565125245,1.3259859602540562,0.4129050217349737,-1.5818520122399586,-0.11979550436798578,0.0692820323027559,0.2465984809580359,0.5450845788341186,1.4665900916296082,-1.8500095165343355,-0.7266226911401854,1.4482439726069483,-0.5755115693951635,1.7870803265351975,-0.5951284714867237
0.6619872618154141,-1.0497681524040379,-0.08067656678575921,-0.20679364850592954,0.9204651984287071,0.6765747909694575,1.8711376349116977,-0.5683791926436955,-0.22009318607588202,-0.07814257866943629,0.0692820323027559,0.2465984809580359,-0.8863612198922078,-0.24754028710139483,0.5405377599750526,-0.7266226911401854,-0.690491394346993,1.7375845303178776,-0.5595719370593745,-0.5951284714867237
-0.9225581745193173,0.8053466605675694,-1.4244968519146932,-0.20679364850592954,0.8256487204129395,-0.9250382559552611,-0.8546207383765094,1.394189236113643,0.9471286649218978,-0.23308313944761722,0.0692820323027559,0.2465984809580359,-0.1181996573177944,0.24221124967889174,-1.8500095165343355,-0.7266226911401854,1.4482439726069483,-0.5755115693951635,-0.5595719370593745,-0.5951284714867237
-0.9221127984048041,-1.49949295554867,1.7635023351465013,-0.20679364850592954,-1.036689978651596,-0.9209161804328719,-0.8546207383765094,-0.07773708545436095,0.3635177394230079,-0.2304694043632801,0.0692820323027559,0.2465984809580359,-0.13941230100833824,-0.5740413116215859,0.5405377599750526,-0.7266226911401854,-0.690491394346993,-0.5755115693951635,-0.5595719370593745,1.6803094590682988
-0.5348068772838739,-1.162199353190196,-0.6382190255094659,-0.20679364850592954,-0.8842503116978525,-0.5303362368431116,-0.30946906371886795,-1.0590212998330302,0.5580547145893046,-0.17423241354648408,0.0692820323027559,0.2465984809580359,-0.673656660622037,-1.4719191290521112,0.5405377599750526,-0.7266226911401854,1.4482439726069483,-0.5755115693951635,-0.5595719370593745,1.6803094590682988
-0.2804971158968183,-0.8249057508317219,0.24813052425642676,-0.20679364850592954,0.9186293791139616,-0.301864187224423,0.7808342855964149,-1.5496634070223647,-0.41463016124217866,-0.13067144369175154,0.0692820323027559,0.2465984809580359,-0.6506355315854089,-1.0637928484018724,-1.8500095165343355,1.37623007400284,-0.690491394346993,1.7375845303178776,-0.5595719370593745,-0.5951284714867237
0.31332628355378606,-0.9935525520109589,-1.1242816818326973,-0.20679364850592954,-1.1161840317722247,0.32496646846499144,-0.30946906371886795,-0.07773708545436095,-1.387315037073662,-0.0811706380569076,0.0692820323027559,0.2465984809580359,-0.26720699091482264,-0.9821675922718247,0.5405377599750526,-0.7266226911401854,-0.690491394346993,-0.5755115693951635,-0.5595719370593745,1.6803094590682988
0.24302537686292802,1.3112870641052805,-1.2243534051933627,-0.20679364850592954,2.200420987811701,0.2540712854268499,1.3259859602540562,0.4129050217349737,-0.22009318607588202,-0.12635555068440196,0.0692820323027559,0.2465984809580359,0.7559361818070722,0.9768385548493216,0.5405377599750526,1.37623007400284,-0.690491394346993,-0.5755115693951635,-0.5595719370593745,-0.5951284714867237
0.18283108200140885,1.0302090621398854,0.677009338659278,-0.20679364850592954,0.08964670678773469,0.19336814868317823,-1.9449240876917921,-0.5683791926436955,-0.025556210909585365,-0.1288758765320874,0.0692820323027559,0.2465984809580359,0.3091958303731645,1.5482153477596559,0.5405377599750526,-0.7266226911401854,-0.690491394346993,-0.5755115693951635,1.7870803265351975,-0.5951284714867237
-0.8980624882210896,1.2550714637122016,0.6341214572189929,-0.20679364850592954,0.1482006253503655,-0.8966625651829815,1.3259859602540562,0.4129050217349737,-0.41463016124217866,-0.22986986316852612,0.0692820323027559,0.2465984809580359,-0.2458757580212568,-0.4107907993614904,0.5405377599750526,-0.7266226911401854,-0.690491394346993,-0.5755115693951635,-0.5595719370593745,-0.5951284714867237
1.7002617638491078,-1.274630553976354,1.8921659794673567,-0.20679364850592954,-0.9513038685682784,1.6206283135888815,0.23568261093877343,-0.07773708545436095,-0.22009318607588202,0.07341351369196139,0.0692820323027559,0.2465984809580359,-0.26720699091482264,-0.0842897748412993,-1.8500095165343355,-0.7266226911401854,-0.690491394346993,-0.5755115693951635,-0.5595719370593745,1.6803094590682988
1.1670437756734195,0.1869750562437003,-0.7954745907905113,-0.20679364850592954,0.14909033107971825,1.1859007112171573,0.23568261093877343,-0.5683791926436955,0.3635177394230079,-0.14378107827992348,0.0692820323027559,0.2465984809580359,-0.7781189248339608,0.813588042589226,0.5405377599750526,1.37623007400284,-0.690491394346993,1.7375845303178776,-0.5595719370593745,-0.5951284714867237
0.8366089584057175,-1.274630553976354,0.07657899849528625,-0.20679364850592954,-0.9384787732996231,0.8526726213522091,-0.8546207383765094,-0.5683791926436955,-0.803704111574772,-0.14953548183907064,0.0692820323027559,0.2465984809580359,2.2075421450471233,0.16058599354884398,0.5405377599750526,-0.7266226911401854,-0.690491394346993,-0.5755115693951635,-0.5595719370593745,1.6803094590682988
-0.590821488609192,-1.387061754762512,-1.2672412866336478,-0.20679364850592954,-0.8382009892218334,-0.5868243578311044,1.3259859602540562,0.4129050217349737,-1.387315037073662,-0.21841217271863908,0.0692820323027559,0.2465984809580359,-0.7364792909228931,-1.4719191290521112,0.5405377599750526,1.37623007400284,-0.690491394346993,-0.5755115693951635,-0.5595719370593745,1.6803094590682988
-0.9817931977495773,-1.443277355155591,2.292452872910018,-0.20679364850592954,-1.0639324091252989,-0.9811010775344521,0.7808342855964149,-0.5683791926436955,-0.9982410867410686,-0.2389852490450099,0.0692820323027559,0.2465984809580359,0.5430537387323685,1.5482153477596559,0.5405377599750526,1.37623007400284,-0.690491394346993,-0.5755115693951635,-0.5595719370593745,1.6803094590682988
-0.4372352485043597,-1.274630553976354,-1.5388645357554536,-0.20679364850592954,0.296094331906003,-0.45399168119185185,0.7808342855964149,-0.07773708545436095,0.7525916897556012,-0.19256459083704563,0.0692820323027559,0.2465984809580359,-0.5866863038558446,1.221714323239465,-1.8500095165343355,-0.7266226911401854,-0.690491394346993,-0.5755115693951635,-0.5595719370593745,1.6803094590682988
0.6438981396259537,0.07454385545754227,0.333906287136997,-0.20679364850592954,0.3223470609055553,0.6583327555678306,1.3259859602540562,-0.5683791926436955,-0.41463016124217866,-0.041397031303414954,0.0692820323027559,0.2465984809580359,-0.26720699091482264,-0.4924160554915381,0.5405377599750526,-0.7266226911401854,-0.690491394346993,1.7375845303178776,-0.5595719370593745,-0.5951284714867237
-0.7491355674680878,-0.3751809476870898,0.3624982080971871,-0.20679364850592954,1.2312135133577755,-0.7464767169048137,1.8711376349116977,0.9035471289243083,-0.22009318607588202,-0.22177186171337268,0.0692820323027559,0.2465984809580359,-0.866052818874706,0.16058599354884398,0.5405377599750526,-0.7266226911401854,-0.690491394346993,-0.5755115693951635,-0.5595719370593745,-0.5951284714867237
0.40997290040315737,-0.7124745500455638,-1.0670978399123172,-0.20679364850592954,1.3661411050046588,0.36829483210225716,0.7808342855964149,-0.5683791926436955,-0.41463016124217866,-0.06176857958370741,0.0692820323027559,0.2465984809580359,-0.8861388651365418,0.48708701806903504,-1.8500095165343355,-0.7266226911401854,1.4482439726069483,-0.5755115693951635,-0.5595719370593745,-0.5951284714867237
1.7950240971370768,1.9296586684291497,-1.1957614842331725,-0.20679364850592954,-0.27536852964494973,1.7126031001055828,2.416289309569339,-1.5496634070223647,-0.41463016124217866,0.0637281234742663,0.0692820323027559,0.2465984809580359,2.658047703676977,-1.6351696413122068,-1.8500095165343355,1.37623007400284,-0.690491394346993,-0.5755115693951635,1.7870803265351975,-0.5951284714867237
-0.5683813843779484,0.4680530582090954,-0.8669543931909865,-0.20679364850592954,-0.5527644176938372,-0.5812799974557464,0.7808342855964149,-0.5683791926436955,-0.22009318607588202,-0.20601870451186655,0.0692820323027559,0.2465984809580359,0.0725214284421903,-0.9005423361417769,-1.8500095165343355,1.37623007400284,-0.690491394346993,1.7375845303178776,-0.5595719370593745,-0.5951284714867237
-0.3515174763111206,-0.6000433492594058,-0.40948365782794516,-0.20679364850592954,-0.9600291383002324,-0.345497431163747,0.23568261093877343,-0.07773708545436095,-0.025556210909585365,-0.1802709942212674,0.0692820323027559,0.2465984809580359,-0.11739918019739644,-0.3291655432314426,0.5405377599750526,1.37623007400284,-0.690491394346993,1.7375845303178776,-0.5595719370593745,-0.5951284714867237
-0.057123864617874026,-0.20653414650785276,0.6913052991393731,-0.20679364850592954,0.04731773881687757,-0.04861521486416184,0.7808342855964149,0.9035471289243083,-0.025556210909585365,-0.1453141329629373,0.0692820323027559,0.2465984809580359,-0.43698225869106266,0.813588042589226,0.5405377599750526,-0.7266226911401854,1.4482439726069483,-0.5755115693951635,-0.5595719370593745,-0.5951284714867237
0.08070291297341305,0.07454385545754227,0.8485608644204186,-0.20679364850592954,0.4847863023390579,0.09037665714482569,-0.8546207383765094,-0.07773708545436095,-0.6091671364084753,-0.10915931977068265,0.0692820323027559,0.2465984809580359,-0.26720699091482264,-0.0842897748412993,0.5405377599750526,1.37623007400284,-0.690491394346993,-0.5755115693951635,-0.5595719370593745,-0.5951284714867237
-0.9938526125425509,1.0302090621398854,-1.1957614842331725,-0.20679364850592954,0.35164581413124946,-0.99326243446887,-0.30946906371886795,-1.0590212998330302,0.16898076425671127,-0.23869905926836035,0.0692820323027559,0.2465984809580359,-0.9513332794978362,-0.9821675922718247,0.5405377599750526,-0.7266226911401854,1.4482439726069483,-0.5755115693951635,1.7870803265351975,-0.5951284714867237
1.8461053115016333,0.9177778613537274,-0.8097705512706064,-0.20679364850592954,-0.8672484710888055,1.8707025742770989,-0.30946906371886795,-0.5683791926436955,-0.41463016124217866,0.10324962996581617,0.0692820323027559,0.2465984809580359,-0.26720699091482264,1.6298406038897038,0.5405377599750526,-0.7266226911401854,1.4482439726069483,-0.5755115693951635,1.7870803265351975,-0.5951284714867237
2.3612341774878605,1.3112870641052805,0.10517091945547634,-0.20679364850592954,2.5043721560879906,2.26215743732956,-1.399772413034151,-0.07773708545436095,-0.22009318607588202,-0.09808388332247041,0.0692820323027559,0.2465984809580359,-0.41608091165845124,-0.4924160554915381,-1.8500095165343355,-0.7266226911401854,1.4482439726069483,-0.5755115693951635,-0.5595719370593745,-0.5951284714867237
-0.2707331010786436,0.9739934617468065,-0.2522280925468997,-0.20679364850592954,2.24491909424663,-0.29238739251825524,0.23568261093877343,-0.07773708545436095,0.9471286649218978,-0.2123850720382399,0.0692820323027559,0.2465984809580359,3.1476432283529268,0.07896073741879621,-1.8500095165343355,1.37623007400284,-0.690491394346993,-0.5755115693951635,-0.5595719370593745,-0.5951284714867237
-0.70045253218168,1.2550714637122016,0.44827397097775734,-0.20679364850592954,0.09217993232260703,-0.6973821481439956,-0.8546207383765094,-0.07773708545436095,-0.803704111574772,-0.2031460549335375,0.0692820323027559,0.2465984809580359,-0.26720699091482264,0.07896073741879621,0.5405377599750526,-0.7266226911401854,1.4482439726069483,-0.5755115693951635,1.7870803265351975,-0.5951284714867237
-0.5188418565636304,-0.09410294572169475,-0.6382190255094659,-0.20679364850592954,2.223007206168675,-0.5142362586287968,0.23568261093877343,-0.5683791926436955,-0.803704111574772,-0.05073612961861866,0.0692820323027559,0.2465984809580359,-1.0135481401332052,0.813588042589226,0.5405377599750526,1.37623007400284,-0.690491394346993,-0.5755115693951635,-0.5595719370593745,-0.5951284714867237
-0.9710356515990267,1.6485806664637546,2.435412477710968,-0.20679364850592954,0.0731909967848902,-0.9720897103736025,-0.8546207383765094,-1.5496634070223647,-0.9982410867410686,-0.22714779161165924,0.0692820323027559,0.2465984809580359,-1.036791623925499,0.5687122741990828,-1.8500095165343355,1.37623007400284,-0.690491394346993,-0.5755115693951635,1.7870803265351975,-0.5951284714867237
-0.593973381111901,-1.218414953583275,0.7484891410597533,-0.20679364850592954,1.174497978103347,-0.5900028943026,-1.9449240876917921,-0.5683791926436955,1.3362026152544912,-0.06274915992679309,0.0692820323027559,0.2465984809580359,1.6760994553548172,-1.3086686167920156,0.5405377599750526,-0.7266226911401854,-0.690491394346993,-0.5755115693951635,-0.5595719370593745,1.6803094590682988
-0.838176530669618,-0.20653414650785276,0.37679416857728215,-0.20679364850592954,0.4811633795852374,-0.8362703722245648,-0.30946906371886795,-0.07773708545436095,0.16898076425671127,-0.1733593645030315,0.0692820323027559,0.2465984809580359,-0.5879018431868193,1.5482153477596559,0.5405377599750526,1.37623007400284,-0.690491394346993,-0.5755115693951635,-0.5595719370593745,-0.5951284714867237
0.9266434529396235,0.1869750562437003,-0.06638060630566417,-0.20679364850592954,1.395455242191091,0.9434682066466712,-0.8546207383765094,-1.0590212998330302,0.16898076425671127,0.5605262053065484,0.0692820323027559,0.2465984809580359,0.5432612698376569,1.7114658600197514,0.5405377599750526,-0.7266226911401854,-0.690491394346993,-0.5755115693951635,-0.5595719370593745,-0.5951284714867237
0.7033729807640282,-1.0497681524040379,0.30531436617680696,-0.20679364850592954,-1.2238102210959092,0.6530642000447842,0.7808342855964149,-0.07773708545436095,1.1416656400881946,0.12585207966753087,0.0692820323027559,0.2465984809580359,-0.65148047965694,-0.5740413116215859,-1.8500095165343355,-0.7266226911401854,1.4482439726069483,-0.5755115693951635,-0.5595719370593745,1.6803094590682988
-0.8225883666616548,-1.162199353190196,0.8199689434602284,-0.20679364850592954,-1.1151199744878402,-0.8280091789286037,-1.399772413034151,-0.5683791926436955,1.3362026152544912,-0.20895032821262205,0.0692820323027559,0.2465984809580359,0.16035155693029143,-0.8189170800117291,-1.8500095165343355,-0.7266226911401854,1.4482439726069483,-0.5755115693951635,-0.5595719370593745,1.6803094590682988
0.49514251737853404,-1.443277355155591,2.006533663308117,-0.20679364850592954,-0.9585497140759192,0.5083196538370266,0.7808342855964149,-1.5496634070223647,0.3635177394230079,0.034319706407914236,0.0692820323027559,0.2465984809580359,-0.35414770038025944,-0.0842897748412993,0.5405377599750526,-0.7266226911401854,1.4482439726069483,-0.5755115693951635,-0.5595719370593745,1.6803094590682988
-0.844137718663872,-1.49949295554867,-0.5238513416687055,-0.20679364850592954,-1.123978571879524,-0.8422819520728283,0.23568261093877343,-0.07773708545436095,1.5307395904207879,-0.2204339092940047,0.0692820323027559,0.2465984809580359,-0.26720699091482264,1.5482153477596559,0.5405377599750526,-0.7266226911401854,1.4482439726069483,-0.5755115693951635,-0.5595719370593745,1.6803094590682988
-0.7856221491570565,0.6366998593883324,2.4783003591512536,-0.20679364850592954,-0.487451812380272,-0.7832717314933226,1.8711376349116977,-0.5683791926436955,0.5580547145893046,-0.07937817009441576,0.0692820323027559,0.2465984809580359,0.7573444285929576,-1.3902938729220635,0.5405377599750526,-0.7266226911401854,1.4482439726069483,1.7375845303178776,-0.5595719370593745,-0.5951284714867237
-0.544433853297583,-1.274630553976354,-1.0813938003924122,-0.20679364850592954,-1.2584343887304394,-0.5580369114921983,-1.9449240876917921,1.8848313433029775,0.9471286649218978,0.04073492729583889,0.0692820323027559,0.2465984809580359,-0.974309937583331,-1.1454181045319203,-1.8500095165343355,1.37623007400284,-0.690491394346993,-0.5755115693951635,-0.5595719370593745,1.6803094590682988
0.06631383850452403,-1.105983752797117,-0.5238513416687055,-0.20679364850592954,-0.9718235081994354,0.07586594716625879,0.23568261093877343,-0.07773708545436095,0.16898076425671127,0.20632389504290558,0.0692820323027559,0.2465984809580359,-0.009660889251992499,0.16058599354884398,0.5405377599750526,1.37623007400284,-0.690491394346993,-0.5755115693951635,-0.5595719370593745,1.6803094590682988
0.7507198877068967,-0.15031854611477377,0.11946687993557138,-0.20679364850592954,-0.7944823367976352,0.7660575025039539,0.23568261093877343,-0.07773708545436095,0.9471286649218978,0.1954659690571961,0.0692820323027559,-4.0551750201988135,0.3096850108356298,0.16058599354884398,0.5405377599750526,-0.7266226911401854,-0.690491394346993,1.7375845303178776,-0.5595719370593745,-0.5951284714867237
-0.17806060955877484,-1.218414953583275,0.10517091945547634,-0.20679364850592954,-0.8293193158890424,-0.17057427730306976,0.23568261093877343,-0.07773708545436095,-0.22009318607588202,-0.10476573079507055,0.0692820323027559,0.2465984809580359,0.3287778725221571,1.140089067109417,0.5405377599750526,1.37623007400284,-0.690491394346993,-0.5755115693951635,-0.5595719370593745,1.6803094590682988
-0.51455939392408,-0.15031854611477377,1.992237702828022,-0.20679364850592954,0.43162446201512816,-0.5099175949446996,-0.30946906371886795,0.9035471289243083,-0.22009318607588202,-0.18077984182912754,0.0692820323027559,0.2465984809580359,-0.26720699091482264,1.3849648354995603,0.5405377599750526,1.37623007400284,-0.690491394346993,1.7375845303178776,-0.5595719370593745,-0.5951284714867237
0.0959484799702123,1.3675026644983594,-0.4523715392682303,-0.20679364850592954,2.221135490945541,0.10575109986021225,-0.30946906371886795,-0.07773708545436095,3.6706463172500507,0.0270629019885872,0.0692820323027559,0.2465984809580359,1.226898377958205,-0.9821675922718247,0.5405377599750526,-0.7266226911401854,-0.690491394346993,-0.5755115693951635,-0.5595719370593745,-0.5951284714867237
0.7148842403391396,1.0864246625329645,-0.4809634602284204,-0.20679364850592954,0.2954610255222848,0.6642368422246872,1.8711376349116977,3.847399772060316,1.3362026152544912,0.018755296921182673,0.0692820323027559,0.2465984809580359,0.6737686877632674,-1.4719191290521112,-1.8500095165343355,-0.7266226911401854,-0.690491394346993,-0.5755115693951635,1.7870803265351975,-0.5951284714867237
-0.2889592620725697,-1.105983752797117,-0.8097705512706064,-0.20679364850592954,-1.1375190213225006,-0.2824103920664536,1.8711376349116977,-0.07773708545436095,-0.9982410867410686,-0.15363617922453132,0.0692820323027559,0.2465984809580359,-0.26720699091482264,1.3033395793695126,0.5405377599750526,1.37623007400284,-0.690491394346993,-0.5755115693951635,-0.5595719370593745,1.6803094590682988
-0.6640687295960606,-0.9373369516178799,0.977224508741274,-0.20679364850592954,1.1568320631891056,-0.6606907814839048,0.23568261093877343,-1.0590212998330302,-0.22009318607588202,-0.18237406754486737,0.0692820323027559,0.2465984809580359,-0.37516763661589275,-0.24754028710139483,0.5405377599750526,-0.7266226911401854,1.4482439726069483,1.7375845303178776,-0.5595719370593745,-0.5951284714867237
0.03709031345223281,1.7047962668568335,-1.1528736027928874,-0.20679364850592954,0.08038299842994778,0.04639538618597887,-0.8546207383765094,0.4129050217349737,-1.970925962572552,-0.004935161381842081,0.0692820323027559,0.2465984809580359,-0.37421892299171755,0.40546176193898725,0.5405377599750526,1.37623007400284,-0.690491394346993,-0.5755115693951635,1.7870803265351975,-0.5951284714867237
0.9576484824499676,-0.31896534729401077,-0.7239947883900362,-0.20679364850592954,0.03886425239129652,0.9747353317195355,1.3259859602540562,-1.0590212998330302,-1.387315037073662,-0.0036473483675163285,0.0692820323027559,0.2465984809580359,-0.26720699091482264,1.6298406038897038,0.5405377599750526,-0.7266226911401854,-0.690491394346993,1.7375845303178776,-0.5595719370593745,-0.5951284714867237
0.013416859980798609,-1.274630553976354,2.349636714830398,-0.20679364850592954,-1.0414923383953367,0.022521813340288882,-1.399772413034151,0.4129050217349737,-0.803704111574772,-0.17801191441542188,0.0692820323027559,0.2465984809580359,-0.5031698576276655,-1.3086686167920156,0.5405377599750526,-0.7266226911401854,-0.690491394346993,-0.5755115693951635,-0.5595719370593745,1.6803094590682988
-0.9087515149694072,-0.03788734532861574,-1.0670978399123172,-0.20679364850592954,0.7008206989906131,-0.9074419497384884,0.7808342855964149,-0.5683791926436955,-1.387315037073662,-0.23258748348727545,0.0692820323027559,0.2465984809580359,1.3978743614150417,-0.24754028710139483,0.5405377599750526,1.37623007400284,-0.690491394346993,-0.5755115693951635,-0.5595719370593745,-0.5951284714867237
-0.06815548837735572,0.7491310601744904,-0.18074829014642452,-0.20679364850592954,-0.9463963850928274,-0.05974009251439659,-0.8546207383765094,-0.5683791926436955,-0.025556210909585365,-0.13033619504254135,0.0692820323027559,0.2465984809580359,-1.0787573781448772,0.40546176193898725,0.5405377599750526,1.37623007400284,-0.690491394346993,1.7375845303178776,-0.5595719370593745,-0.5951284714867237
-0.23976233126941568,1.4799338652845175,-0.8383624722307964,-0.20679364850592954,-0.18179302446205514,-0.23279758366354372,0.23568261093877343,-1.0590212998330302,0.9471286649218978,-0.14771692341584486,0.0692820323027559,0.2465984809580359,-0.26720699091482264,-0.4924160554915381,0.5405377599750526,-0.7266226911401854,1.4482439726069483,-0.5755115693951635,1.7870803265351975,-0.5951284714867237
2.3439330284240776,0.018328255064463266,1.6348386908256458,-0.20679364850592954,-1.1568592239637374,2.3727385902260423,-0.8546207383765094,-1.0590212998330302,-0.025556210909585365,0.2829495240294495,0.0692820323027559,0.2465984809580359,-0.05383536737765355,0.32383650580893947,0.5405377599750526,-0.7266226911401854,1.4482439726069483,-0.5755115693951635,-0.5595719370593745,-0.5951284714867237
-1.0038564452685403,-1.330846154369433,0.21953860329623667,-0.20679364850592954,-1.10330252864753,-1.003945041350826,0.23568261093877343,-0.07773708545436095,-0.22009318607588202,-0.2406177802699753,-14.433756729740645,0.2465984809580359,-0.587738783032664,-1.6351696413122068,-1.8500095165343355,-0.7266226911401854,1.4482439726069483,-0.5755115693951635,-0.5595719370593745,1.6803094590682988
-0.5945557960308798,0.9177778613537274,1.4346952441043153,-0.20679364850592954,0.4859375354009583,-0.6066844576505257,1.8711376349116977,0.9035471289243083,-1.387315037073662,-0.20426194158971253,0.0692820323027559,0.2465984809580359,-0.9712710892558947,-1.7167948974422544,-1.8500095165343355,1.37623007400284,-0.690491394346993,-0.5755115693951635,-0.5595719370593745,-0.5951284714867237
-0.6149403181951394,0.5242686586021743,0.677009338659278,-0.20679364850592954,-1.081657295889036,-0.6111470716999405,-0.8546207383765094,-2.0403055142116995,0.16898076425671127,-0.19860732392387523,0.0692820323027559,0.2465984809580359,-0.9718343879702486,0.07896073741879621,0.5405377599750526,-0.7266226911401854,1.4482439726069483,1.7375845303178776,-0.5595719370593745,-0.5951284714867237
0.7681580755751453,0.1307594558506213,-1.2243534051933627,-0.20679364850592954,-0.09316089866300026,0.7836431010255979,-1.399772413034151,-0.07773708545436095,0.16898076425671127,-0.023660961944846928,0.0692820323027559,0.2465984809580359,-0.7578105238164589,1.6298406038897038,0.5405377599750526,-0.7266226911401854,-0.690491394346993,1.7375845303178776,-0.5595719370593745,-0.5951284714867237
1.4900784974999786,-1.0497681524040379,-0.052084645825569126,-0.20679364850592954,-1.198093366728734,1.4166278380719028,-0.30946906371886795,-1.0590212998330302,1.5307395904207879,0.04907441581481223,0.0692820323027559,0.2465984809580359,-0.26720699091482264,1.3849648354995603,-1.8500095165343355,-0.7266226911401854,-0.690491394346993,-0.5755115693951635,-0.5595719370593745,1.6803094590682988
-0.9888849558806725,1.7610118672499127,-0.2522280925468997,-0.20679364850592954,-0.4652271171006432,-0.9882527845953172,0.7808342855964149,0.4129050217349737,-0.9982410867410686,-0.24005311704399085,0.0692820323027559,0.2465984809580359,1.7810360763788289,0.5687122741990828,0.5405377599750526,-0.7266226911401854,1.4482439726069483,-0.5755115693951635,1.7870803265351975,-0.5951284714867237
-0.8448229126862,1.0864246625329645,-0.18074829014642452,-0.20679364850592954,-0.04388094443198221,-0.8429729382622838,-0.30946906371886795,0.9035471289243083,-0.9982410867410686,-0.22051635018270507,0.0692820323027559,0.2465984809580359,-0.26720699091482264,1.4665900916296082,0.5405377599750526,1.37623007400284,-0.690491394346993,-0.5755115693951635,1.7870803265351975,-0.5951284714867237
-0.6191885211335733,0.5804842589952534,0.7341931805796582,-0.20679364850592954,0.4082536616605117,-0.6154311860745649,1.8711376349116977,-0.07773708545436095,0.7525916897556012,0.037084575208723124,0.0692820323027559,0.2465984809580359,-0.05174523267439229,-0.002664518711251552,0.5405377599750526,-0.7266226911401854,-0.690491394346993,1.7375845303178776,-0.5595719370593745,-0.5951284714867237
0.8995097696554325,0.2994062570298583,-0.39518769734785014,-0.20679364850592954,-1.1016128569597963,0.8434313919493809,0.7808342855964149,-0.5683791926436955,0.16898076425671127,0.5699993438282077,0.0692820323027559,0.2465984809580359,2.037574169815973,0.07896073741879621,-1.8500095165343355,-0.7266226911401854,1.4482439726069483,1.7375845303178776,-0.5595719370593745,-0.5951284714867237
-0.01906133667755101,0.07454385545754227,0.4911618524180425,-0.20679364850592954,-1.067383544317544,-0.04811885247787667,-1.399772413034151,-0.07773708545436095,-0.41463016124217866,-0.0952088386266239,0.0692820323027559,-4.0551750201988135,-0.6531259048488691,0.07896073741879621,-1.8500095165343355,-0.7266226911401854,-0.690491394346993,1.7375845303178776,-0.5595719370593745,-0.5951284714867237
-0.5415217787026888,0.4680530582090954,0.8199689434602284,-0.20679364850592954,1.278037161857612,-0.5552104990359729,-1.9449240876917921,-0.07773708545436095,0.9471286649218978,-0.17500652936549818,0.0692820323027559,-4.0551750201988135,-0.3518945055228432,-0.002664518711251552,-1.8500095165343355,-0.7266226911401854,1.4482439726069483,-0.5755115693951635,-0.5595719370593745,-0.5951284714867237
-0.9609632994708044,0.4680530582090954,-0.2665240530269948,-0.20679364850592954,-0.896054937570881,-0.9600950973750026,-1.399772413034151,-1.0590212998330302,0.7525916897556012,-0.2325729373112402,0.0692820323027559,0.2465984809580359,0.5433946826910564,-1.7167948974422544,0.5405377599750526,-0.7266226911401854,-0.690491394346993,-0.5755115693951635,1.7870803265351975,-0.5951284714867237
0.32329585657865906,1.0864246625329645,-0.5810351835890857,-0.20679364850592954,-0.7538507324948808,0.33502031752156985,-0.30946906371886795,1.394189236113643,-0.41463016124217866,-0.07997112312631727,0.0692820323027559,0.2465984809580359,-0.26720699091482264,0.40546176193898725,0.5405377599750526,-0.7266226911401854,-0.690491394346993,-0.5755115693951635,1.7870803265351975,-0.5951284714867237
-0.9394482071697037,-0.7124745500455638,-0.43807557878813524,-0.20679364850592954,1.2446103791671965,-0.9383981310260978,-0.8546207383765094,0.4129050217349737,0.5580547145893046,-0.23428566180859411,0.0692820323027559,0.2465984809580359,0.994167067027709,0.07896073741879621,0.5405377599750526,1.37623007400284,-0.690491394346993,1.7375845303178776,-0.5595719370593745,-0.5951284714867237
0.609021763889456,-0.6000433492594058,-0.20934021110661458,-0.20679364850592954,-0.7983514029232652,0.6231615585245421,-0.30946906371886795,-1.0590212998330302,0.16898076425671127,0.0367980566170384,0.0692820323027559,0.2465984809580359,-0.9528897627874987,0.813588042589226,0.5405377599750526,-0.7266226911401854,-0.690491394346993,1.7375845303178776,-0.5595719370593745,-0.5951284714867237
3.8717443997100465,1.0864246625329645,0.5626416548185177,-0.20679364850592954,-0.8679228013678252,3.913465046164597,-0.30946906371886795,-0.5683791926436955,-0.9982410867410686,0.34696962923071484,0.0692820323027559,0.2465984809580359,-0.26720699091482264,0.48708701806903504,0.5405377599750526,1.37623007400284,-0.690491394346993,-0.5755115693951635,-0.5595719370593745,-0.5951284714867237
-0.09138356573427651,1.8172274676429916,0.333906287136997,-0.20679364850592954,-0.13842307514792018,-0.11831363712601693,0.23568261093877343,-1.0590212998330302,1.5307395904207879,-0.2184647777007882,0.0692820323027559,0.2465984809580359,0.75687007178087,-0.002664518711251552,-1.8500095165343355,1.37623007400284,-0.690491394346993,-0.5755115693951635,1.7870803265351975,-0.5951284714867237
-0.3966717623825391,1.8734430680360705,0.03369111705500113,-0.20679364850592954,0.6182883136242112,-0.4146214182721938,-0.30946906371886795,-1.5496634070223647,3.6706463172500507,-0.21550897988472942,0.0692820323027559,0.2465984809580359,-0.2895462320340747,-1.553544385182159,-1.8500095165343355,-0.7266226911401854,1.4482439726069483,-0.5755115693951635,1.7870803265351975,-0.5951284714867237
-0.5922603960560809,-0.6562589496524849,-0.20934021110661458,-0.20679364850592954,0.3065246572864287,-0.5882754288289611,-1.399772413034151,0.4129050217349737,0.9471286649218978,-0.21734410786751696,0.0692820323027559,0.2465984809580359,-0.3518203872709545,0.5687122741990828,0.5405377599750526,1.37623007400284,-0.690491394346993,1.7375845303178776,-0.5595719370593745,-0.5951284714867237
-0.2548023400595164,-0.9935525520109589,-0.33800385542746997,-0.20679364850592954,-0.8666510606134763,-0.2479647305220935,-0.8546207383765094,0.4129050217349737,0.16898076425671127,-0.1873928399127091,0.0692820323027559,0.2465984809580359,-0.8018515890887202,-0.6556665677516337,0.5405377599750526,-0.7266226911401854,-0.690491394346993,-0.5755115693951635,-0.5595719370593745,1.6803094590682988
-0.6810272816486798,-0.9935525520109589,-0.40948365782794516,-0.20679364850592954,-1.1069280153948067,-0.67779268967293,1.3259859602540562,1.394189236113643,0.3635177394230079,-0.21457979653810827,0.0692820323027559,0.2465984809580359,-0.05352407071972092,1.3033395793695126,0.5405377599750526,1.37623007400284,-0.690491394346993,-0.5755115693951635,-0.5595719370593745,1.6803094590682988
-0.14147124876645698,0.4680530582090954,0.7484891410597533,-0.20679364850592954,-0.23364466412979065,-0.13367561478614237,0.23568261093877343,1.8848313433029775,1.5307395904207879,-0.13589077793177706,0.0692820323027559,0.2465984809580359,-0.26720699091482264,0.48708701806903504,0.5405377599750526,-0.7266226911401854,1.4482439726069483,-0.5755115693951635,1.7870803265351975,-0.5951284714867237
-0.8861058525314651,-0.9935525520109589,-0.995618037511842,-0.20679364850592954,-1.1237426844815401,-0.8846048561769818,0.7808342855964149,-0.5683791926436955,0.5580547145893046,-0.22305968308832813,0.0692820323027559,0.2465984809580359,3.0842721229880943,-0.0842897748412993,0.5405377599750526,-0.7266226911401854,1.4482439726069483,1.7375845303178776,-0.5595719370593745,-0.5951284714867237
-0.5337448265492655,-1.49949295554867,-0.052084645825569126,-0.20679364850592954,-0.8760224566964302,-0.5292652082494554,1.8711376349116977,-0.5683791926436955,0.7525916897556012,-0.12474004395434964,0.0692820323027559,0.2465984809580359,-0.5002495985032509,-1.227043360661968,0.5405377599750526,-0.7266226911401854,-0.690491394346993,-0.5755115693951635,-0.5595719370593745,1.6803094590682988
-0.6153856943096526,0.35562185742293734,0.24813052425642676,-0.20679364850592954,-0.9329969552899501,-0.6115962127230866,1.3259859602540562,-0.07773708545436095,0.5580547145893046,-0.14307340598829985,0.0692820323027559,0.2465984809580359,-0.9078555129399289,-0.24754028710139483,0.5405377599750526,1.37623007400284,-0.690491394346993,-0.5755115693951635,1.7870803265351975,-0.5951284714867237
-0.07308888533811767,0.6366998593883324,0.333906287136997,-0.20679364850592954,-1.2803078169065483,-0.06471519307847667,-1.399772413034151,-0.5683791926436955,-1.1927780619073654,-0.12766317723948029,0.0692820323027559,0.2465984809580359,-0.26720699091482264,-0.002664518711251552,0.5405377599750526,1.37623007400284,-0.690491394346993,-0.5755115693951635,-0.5595719370593745,-0.5951284714867237
0.754008819014071,-0.7686901504386429,-1.367313009994313,-0.20679364850592954,1.5874983520715935,0.7693742362133403,-0.30946906371886795,-1.5496634070223647,1.5307395904207879,-0.013680299857406061,0.0692820323027559,0.2465984809580359,-0.010535484624279088,0.6503375303291306,0.5405377599750526,-0.7266226911401854,-0.690491394346993,-0.5755115693951635,-0.5595719370593745,-0.5951284714867237
-0.9629161024344393,-1.330846154369433,1.4346952441043153,-0.20679364850592954,-1.1297860170581535,-0.9620644080149512,0.23568261093877343,0.9035471289243083,-0.6091671364084753,-0.23647543823008596,0.0692820323027559,0.2465984809580359,1.2475032519832616,-0.4924160554915381,0.5405377599750526,-0.7266226911401854,-0.690491394346993,-0.5755115693951635,-0.5595719370593745,1.6803094590682988
-0.4062987383962482,1.8734430680360705,0.019395156574906088,-0.20679364850592954,0.563200914214564,-0.4007417770107197,-1.399772413034151,-1.5496634070223647,-0.41463016124217866,-0.1609714131472107,0.0692820323027559,-4.0551750201988135,-0.1616477765749461,-0.4924160554915381,0.5405377599750526,-0.7266226911401854,-0.690491394346993,-0.5755115693951635,1.7870803265351975,-0.5951284714867237
1.9835552323806405,0.9739934617468065,-0.02349272486537904,-0.20679364850592954,-0.35143965150135326,1.8955883677127439,0.23568261093877343,0.4129050217349737,-0.803704111574772,0.1893505868892913,0.0692820323027559,0.2465984809580359,-0.9929432661081483,0.8952132987192738,-1.8500095165343355,-0.7266226911401854,-0.690491394346993,-0.5755115693951635,1.7870803265351975,-0.5951284714867237
0.016637271885740434,1.8734430680360705,-1.1385776423127922,-0.20679364850592954,0.004950310944174848,-0.013470360955677517,-0.30946906371886795,-0.07773708545436095,0.16898076425671127,-0.14299607735927966,0.0692820323027559,0.2465984809580359,-0.8002061638967912,1.140089067109417,-1.8500095165343355,1.37623007400284,-0.690491394346993,-0.5755115693951635,1.7870803265351975,-0.5951284714867237
0.3293940833773788,-1.0497681524040379,-0.42377961830804023,-0.20679364850592954,-0.8577181074115583,0.3411700946077245,0.23568261093877343,0.9035471289243083,-0.22009318607588202,-0.10906644696529028,0.0692820323027559,0.2465984809580359,0.39518782621442605,-1.3086686167920156,0.5405377599750526,-0.7266226911401854,1.4482439726069483,-0.5755115693951635,-0.5595719370593745,1.6803094590682988
1.7759071839141245,0.5804842589952534,0.005099196094811046,-0.20679364850592954,-1.0492945704830052,1.799911039167376,-0.30946906371886795,0.4129050217349737,0.5580547145893046,0.09480356091846347,0.0692820323027559,0.2465984809580359,-0.26720699091482264,0.40546176193898725,0.5405377599750526,-0.7266226911401854,-0.690491394346993,-0.5755115693951635,-0.5595719370593745,-0.5951284714867237
-0.26405245936094507,0.6929154597814113,0.4625699314578524,-0.20679364850592954,-0.8515568311359528,-0.2572930440797436,-1.399772413034151,1.394189236113643,0.16898076425671127,-0.20867625230659456,0.0692820323027559,0.2465984809580359,0.3516507650550078,1.4665900916296082,0.5405377599750526,-0.7266226911401854,-0.690491394346993,-0.5755115693951635,1.7870803265351975,-0.5951284714867237
-0.5506005994985355,-1.162199353190196,-0.695402867429846,-0.20679364850592954,0.60296076074216,-0.5640222555171464,0.23568261093877343,-0.07773708545436095,-0.22009318607588202,-0.20942207976501054,0.0692820323027559,0.2465984809580359,-0.22331416214633867,0.07896073741879621,-1.8500095165343355,1.37623007400284,-0.690491394346993,-0.5755115693951635,-0.5595719370593745,1.6803094590682988
2.315257658589649,1.8172274676429916,2.5211882405915387,-0.20679364850592954,-0.7876800621579427,2.3438208181973263,-0.30946906371886795,-1.0590212998330302,3.6706463172500507,0.06108194796988941,0.0692820323027559,0.2465984809580359,-0.18228229790075826,1.0584638109793694,0.5405377599750526,1.37623007400284,-0.690491394346993,-0.5755115693951635,1.7870803265351975,-0.5951284714867237
-0.21591757929239963,-1.218414953583275,0.005099196094811046,-0.20679364850592954,-1.2436196345396575,-0.20875126427049,0.23568261093877343,-0.07773708545436095,-0.9982410867410686,-0.18839250581690653,0.0692820323027559,0.2465984809580359,-1.0583007406235978,-1.227043360661968,0.5405377599750526,-0.7266226911401854,1.4482439726069483,-0.5755115693951635,-0.5595719370593745,1.6803094590682988
0.10533563807610642,-0.15031854611477377,-1.2672412866336478,-0.20679364850592954,-0.5830144124918368,0.07261883726982482,-0.30946906371886795,1.394189236113643,1.3362026152544912,-0.1577090888995001,0.0692820323027559,0.2465984809580359,-0.22458899607882424,1.221714323239465,-1.8500095165343355,-0.7266226911401854,1.4482439726069483,1.7375845303178776,-0.5595719370593745,-0.5951284714867237
3.8848658652376287,-1.387061754762512,-0.5095553811886104,-0.20679364850592954,-1.0108090287032143,3.926697431692671,-0.8546207383765094,0.4129050217349737,-1.387315037073662,0.14390563072486742,0.0692820323027559,0.2465984809580359,0.1809564309553479,0.8952132987192738,0.5405377599750526,-0.7266226911401854,1.4482439726069483,-0.5755115693951635,-0.5595719370593745,1.6803094590682988
-0.8482831424989566,0.9739934617468065,0.2767224452166169,-0.20679364850592954,-0.7216777426046198,-0.8464624185190344,0.23568261093877343,0.4129050217349737,0.5580547145893046,-0.22093267667064193,0.0692820323027559,0.2465984809580359,-0.26720699091482264,0.6503375303291306,0.5405377599750526,-0.7266226911401854,-0.690491394346993,-0.5755115693951635,1.7870803265351975,-0.5951284714867237
-0.8835706346488512,1.4237182648914386,0.6198254967388979,-0.20679364850592954,-0.40757828822810366,-0.8820482072759962,-0.30946906371886795,1.8848313433029775,-0.803704111574772,-0.1449960024768452,0.0692820323027559,0.2465984809580359,0.47916380560431526,-1.553544385182159,0.5405377599750526,-0.7266226911401854,1.4482439726069483,-0.5755115693951635,1.7870803265351975,-0.5951284714867237
-0.1486315262997851,0.1869750562437003,-1.052801879432222,-0.20679364850592954,-0.6735874813373475,-0.14089642046595308,-0.8546207383765094,-0.07773708545436095,-0.025556210909585365,0.4478255896712101,0.0692820323027559,0.2465984809580359,-0.5026213825636892,0.813588042589226,0.5405377599750526,-0.7266226911401854,-0.690491394346993,1.7375845303178776,-0.5595719370593745,-0.5951284714867237
-0.2720349697210669,-1.443277355155591,0.9343366273009888,-0.20679364850592954,-1.1521235280498616,-0.26534303318690106,1.8711376349116977,-0.07773708545436095,-0.22009318607588202,-0.01008815086674084,0.0692820323027559,-4.0551750201988135,-1.0788314963967656,-1.553544385182159,0.5405377599750526,-0.7266226911401854,-0.690491394346993,-0.5755115693951635,-0.5595719370593745,1.6803094590682988
-0.0019314861193497675,0.9177778613537274,0.44827397097775734,-0.20679364850592954,-1.0321824781553353,0.007043722696484078,-1.399772413034151,-0.07773708545436095,-1.1927780619073654,0.015491322552093562,0.0692820323027559,-4.0551750201988135,1.2060563255271046,-1.553544385182159,0.5405377599750526,-0.7266226911401854,1.4482439726069483,-0.5755115693951635,1.7870803265351975,-0.5951284714867237
-0.5555682561604138,0.6929154597814113,-0.39518769734785014,-0.20679364850592954,0.0516713997057572,-0.5512731183836154,1.8711376349116977,0.9035471289243083,-1.387315037073662,-0.14569632399188517,-14.433756729740645,0.2465984809580359,-0.5030067974735103,1.3849648354995603,0.5405377599750526,-0.7266226911401854,-0.690491394346993,-0.5755115693951635,1.7870803265351975,-0.5951284714867237
-0.7263528662256803,0.5804842589952534,-0.8526584327108915,-0.20679364850592954,0.6872879415280058,-0.723501426105416,-0.30946906371886795,1.394189236113643,-0.22009318607588202,-0.17875851976188403,0.0692820323027559,0.2465984809580359,-0.0743512995004437,-0.6556665677516337,0.5405377599750526,-0.7266226911401854,-0.690491394346993,1.7375845303178776,-0.5595719370593745,-0.5951284714867237
1.2534124821878705,1.2550714637122016,0.39109012905737717,-0.20679364850592954,0.20075736321859686,1.2729995203980318,-0.30946906371886795,-0.5683791926436955,-0.9982410867410686,0.28128585527165145,0.0692820323027559,0.2465984809580359,-0.6942763582974714,-1.7167948974422544,0.5405377599750526,-0.7266226911401854,-0.690491394346993,-0.5755115693951635,1.7870803265351975,-0.5951284714867237
-0.8184429428265702,1.2550714637122016,0.30531436617680696,-0.20679364850592954,0.9802267579092778,-0.8163699699682445,-0.8546207383765094,-0.07773708545436095,-1.1927780619073654,-0.2173423759677409,0.0692820323027559,0.2465984809580359,-0.26720699091482264,0.48708701806903504,0.5405377599750526,1.37623007400284,-0.690491394346993,-0.5755115693951635,-0.5595719370593745,-0.5951284714867237
0.22079083083838297,0.7491310601744904,1.1201841135422244,1.452841000206196,0.8480605872148816,0.1846777781813518,-0.30946906371886795,0.9035471289243083,0.16898076425671127,0.5084249539736048,0.0692820323027559,0.2465984809580359,1.654293865649164,0.7319627864591783,-1.8500095165343355,1.37623007400284,-0.690491394346993,-0.5755115693951635,-0.5595719370593745,-0.5951284714867237
-0.010222333789519028,0.8615622609606484,-0.6525149859895609,-0.20679364850592954,0.5797925158705951,-0.0013172101959281633,1.8711376349116977,0.4129050217349737,-0.025556210909585365,-0.07125021099261893,0.0692820323027559,0.2465984809580359,0.6098046363833253,0.6503375303291306,0.5405377599750526,1.37623007400284,-0.690491394346993,-0.5755115693951635,1.7870803265351975,-0.5951284714867237
-0.1673030634082245,-1.49949295554867,-0.9098422746312717,-0.20679364850592954,-1.1711919473847254,-0.1597257941286174,1.3259859602540562,0.4129050217349737,0.9471286649218978,-0.13899879943578095,0.0692820323027559,0.2465984809580359,-0.26720699091482264,-0.9005423361417769,0.5405377599750526,-0.7266226911401854,-0.690491394346993,-0.5755115693951635,-0.5595719370593745,1.6803094590682988
2.512113901204497,-1.105983752797117,-1.1528736027928874,-0.20679364850592954,-0.8134276844465943,2.5423411504279114,0.7808342855964149,1.394189236113643,0.7525916897556012,0.2623523813021696,0.0692820323027559,0.2465984809580359,1.0997855759690964,1.221714323239465,0.5405377599750526,-0.7266226911401854,-0.690491394346993,-0.5755115693951635,-0.5595719370593745,1.6803094590682988
-0.1727503558857325,1.1426402629260435,0.41968205001756725,-0.20679364850592954,-0.6416811467665468,-0.1972869263440812,-0.8546207383765094,-0.07773708545436095,0.3635177394230079,-0.1434801815063469,0.0692820323027559,0.2465984809580359,-0.26720699091482264,-1.227043360661968,-1.8500095165343355,1.37623007400284,-0.690491394346993,-0.5755115693951635,1.7870803265351975,-0.5951284714867237
-0.5675591515511547,-0.7686901504386429,-1.5245685752753584,-0.20679364850592954,-0.145440725237946,-0.5804819515857533,-0.30946906371886795,0.4129050217349737,-0.41463016124217866,-0.17663505283204547,0.0692820323027559,0.2465984809580359,1.290462190777948,-0.6556665677516337,-1.8500095165343355,1.37623007400284,-0.690491394346993,1.7375845303178776,-0.5595719370593745,-0.5951284714867237
0.8896087160327922,1.3675026644983594,-0.9527301560715568,-0.20679364850592954,0.031490207210838186,0.9061204031065976,0.23568261093877343,0.9035471289243083,-0.9982410867410686,0.1159446333434931,0.0692820323027559,0.2465984809580359,-0.6093071943322738,1.3849648354995603,0.5405377599750526,-0.7266226911401854,-0.690491394346993,-0.5755115693951635,-0.5595719370593745,-0.5951284714867237
-0.5829074976513031,-0.03788734532861574,1.1058881530621294,-0.20679364850592954,-0.8569489093746537,-0.5788434673428927,1.3259859602540562,0.9035471289243083,-0.803704111574772,-0.1890033204769893,0.0692820323027559,0.2465984809580359,-0.26720699091482264,-0.16591503097134708,0.5405377599750526,-0.7266226911401854,1.4482439726069483,-0.5755115693951635,-0.5595719370593745,-0.5951284714867237
0.9788209777399042,0.8053466605675694,0.319610326656902,-0.20679364850592954,0.20042917205618432,0.9204095664924623,-0.8546207383765094,-0.5683791926436955,0.16898076425671127,0.3149724704232929,0.0692820323027559,0.2465984809580359,-0.8862574543395637,0.40546176193898725,-1.8500095165343355,-0.7266226911401854,1.4482439726069483,1.7375845303178776,-0.5595719370593745,-0.5951284714867237
-0.682157851785521,0.1307594558506213,-1.5388645357554536,-0.20679364850592954,1.1344689122628342,-0.6789328168855316,-0.30946906371886795,-1.0590212998330302,-0.41463016124217866,-0.20784241772963513,0.0692820323027559,0.2465984809580359,-0.8217449278956455,0.24221124967889174,0.5405377599750526,1.37623007400284,-0.690491394346993,1.7375845303178776,-0.5595719370593745,-0.5951284714867237
-0.531072569862186,-0.6562589496524849,0.3624982080971871,-0.20679364850592954,0.6999515052089108,-0.5265703621105787,0.23568261093877343,1.8848313433029775,-0.025556210909585365,-0.1772656095811689,0.0692820323027559,0.2465984809580359,1.524868574201128,1.140089067109417,0.5405377599750526,-0.7266226911401854,-0.690491394346993,1.7375845303178776,-0.5595719370593745,-0.5951284714867237
-0.6244645151054993,0.4680530582090954,-0.09497252726585426,-0.20679364850592954,0.2089082984163287,-0.6207517797333728,2.416289309569339,0.9035471289243083,-1.387315037073662,-0.18260881318665464,0.0692820323027559,0.2465984809580359,-0.3304891543773886,-0.9005423361417769,0.5405377599750526,1.37623007400284,-0.690491394346993,-0.5755115693951635,1.7870803265351975,-0.5951284714867237
-0.8700037930067559,-0.8249057508317219,1.320327560263555,-0.20679364850592954,-0.5752660242667516,-0.8740298240982043,0.23568261093877343,0.9035471289243083,1.5307395904207879,-0.21666975310770906,0.0692820323027559,0.2465984809580359,0.9697673385059512,-1.3086686167920156,-1.8500095165343355,1.37623007400284,-0.690491394346993,1.7375845303178776,-0.5595719370593745,-0.5951284714867237
-0.9620253502054129,-0.8249057508317219,0.37679416857728215,-0.20679364850592954,-1.1740918239838556,-0.9633444577149284,0.23568261093877343,-1.0590212998330302,-1.5818520122399586,-0.23051080328171203,0.0692820323027559,0.2465984809580359,-0.9501918584187503,-0.8189170800117291,-1.8500095165343355,-0.7266226911401854,1.4482439726069483,-0.5755115693951635,-0.5595719370593745,-0.5951284714867237
-0.9926192633023603,1.7610118672499127,-0.40948365782794516,-0.20679364850592954,-0.38263063189783275,-0.9930384144609206,-1.399772413034151,0.4129050217349737,-0.41463016124217866,-0.23842051586625826,0.0692820323027559,0.2465984809580359,-0.26720699091482264,1.0584638109793694,-1.8500095165343355,1.37623007400284,-0.690491394346993,-0.5755115693951635,1.7870803265351975,-0.5951284714867237
-0.5688267604924616,-0.03788734532861574,-1.1099857213526023,-0.20679364850592954,0.19466787875976918,-0.5646437011495806,2.416289309569339,-0.07773708545436095,1.3362026152544912,1.7937361341809455,0.0692820323027559,0.2465984809580359,-1.0359318522035903,-1.3086686167920156,0.5405377599750526,1.37623007400284,-0.690491394346993,-0.5755115693951635,-0.5595719370593745,-0.5951284714867237
0.10550693658168847,-0.20653414650785276,-0.16645232966632947,-0.20679364850592954,-0.6641955733067428,0.11539035720311731,-1.399772413034151,-0.07773708545436095,1.3362026152544912,0.33127921190600595,0.0692820323027559,0.2465984809580359,-0.6515545979088287,0.48708701806903504,0.5405377599750526,-0.7266226911401854,-0.690491394346993,1.7375845303178776,-0.5595719370593745,-0.5951284714867237
0.674663351228483,-1.162199353190196,-0.12356444822604433,-0.20679364850592954,-0.8959318658849762,0.6251990984175261,1.3259859602540562,-0.07773708545436095,0.16898076425671127,-0.04535017563979689,0.0692820323027559,0.2465984809580359,-0.26720699091482264,0.16058599354884398,-1.8500095165343355,1.37623007400284,-0.690491394346993,-0.5755115693951635,-0.5595719370593745,1.6803094590682988
0.1277757423073501,-1.330846154369433,2.006533663308117,-0.20679364850592954,-0.8852502691458284,0.1378474083604233,2.416289309569339,-0.5683791926436955,-0.025556210909585365,-0.15919322778225212,0.0692820323027559,0.2465984809580359,-0.18109640587053924,-0.6556665677516337,0.5405377599750526,-0.7266226911401854,1.4482439726069483,-0.5755115693951635,-0.5595719370593745,1.6803094590682988
-0.8998782523802589,-0.7686901504386429,-0.681106906949751,-0.20679364850592954,-0.5907269048085331,-0.8984936785850387,0.7808342855964149,-0.07773708545436095,-0.803704111574772,-0.23129686290795845,0.0692820323027559,0.2465984809580359,0.7766003504336401,-1.0637928484018724,0.5405377599750526,1.37623007400284,-0.690491394346993,1.7375845303178776,-0.5595719370593745,-0.5951284714867237
0.14305556900526573,1.8734430680360705,-0.7096988279099411,-0.20679364850592954,-0.028614927392883276,0.10922919155575704,0.23568261093877343,0.9035471289243083,0.16898076425671127,-0.10691004226729864,0.0692820323027559,0.2465984809580359,-0.26720699091482264,-1.3902938729220635,-1.8500095165343355,-0.7266226911401854,-0.690491394346993,-0.5755115693951635,1.7870803265351975,-0.5951284714867237
-0.7038442425922038,-1.49949295554867,0.7484891410597533,-0.20679364850592954,-1.110881693304496,-0.7008025297818005,-0.30946906371886795,-0.5683791926436955,0.16898076425671127,-0.2085193677553459,0.0692820323027559,0.2465984809580359,0.1605146170844464,0.5687122741990828,0.5405377599750526,-0.7266226911401854,-0.690491394346993,-0.5755115693951635,-0.5595719370593745,1.6803094590682988
-0.4676236033946087,-1.443277355155591,-0.22363617158670962,-0.20679364850592954,-1.24999372227214,-0.4834861264703458,-0.30946906371886795,-0.5683791926436955,0.9471286649218978,-0.1507428121598913,0.0692820323027559,0.2465984809580359,-0.9502808003210167,0.24221124967889174,-1.8500095165343355,-0.7266226911401854,-0.690491394346993,-0.5755115693951635,-0.5595719370593745,1.6803094590682988
-0.9223183566115025,0.5804842589952534,-0.3094119344672799,-0.20679364850592954,-1.266767367463572,-0.9211234762897087,0.23568261093877343,0.9035471289243083,-0.803704111574772,-0.22406874024029153,0.0692820323027559,0.2465984809580359,-0.28969446853785213,1.0584638109793694,0.5405377599750526,1.37623007400284,-0.690491394346993,-0.5755115693951635,-0.5595719370593745,-0.5951284714867237
0.3236041938887068,0.8615622609606484,0.7484891410597533,-0.20679364850592954,-0.18732868633431157,0.335331261306825,-0.30946906371886795,0.4129050217349737,-0.22009318607588202,0.06553706180185755,0.0692820323027559,0.2465984809580359,-0.4167035049743163,-0.9005423361417769,0.5405377599750526,-0.7266226911401854,-0.690491394346993,1.7375845303178776,-0.5595719370593745,-0.5951284714867237
-0.4981832567904397,-0.31896534729401077,0.8056729829801335,4.772110297630447,-0.6806025674339168,-0.5131468313050881,-0.30946906371886795,-0.5683791926436955,-0.6091671364084753,-0.15020591028401856,0.0692820323027559,0.2465984809580359,-0.0535685416708541,-0.0842897748412993,-1.8500095165343355,-0.7266226911401854,1.4482439726069483,1.7375845303178776,-0.5595719370593745,-0.5951284714867237
0.26012096772001286,-0.5438277488663268,1.649134651305741,-0.20679364850592954,0.33744898236344784,0.2713113908537664,0.7808342855964149,-1.0590212998330302,3.6706463172500507,-0.0076643594092942425,0.0692820323027559,0.2465984809580359,-0.05444313704314069,-1.1454181045319203,0.5405377599750526,-0.7266226911401854,-0.690491394346993,1.7375845303178776,-0.5595719370593745,-0.5951284714867237
-0.5573155009173504,-1.443277355155591,-0.2665240530269948,-0.20679364850592954,-1.033887533803807,-0.5530351331667271,-0.8546207383765094,-0.07773708545436095,-0.22009318607588202,-0.16690528473067803,0.0692820323027559,-4.0551750201988135,-0.331096924042876,-0.0842897748412993,0.5405377599750526,-0.7266226911401854,1.4482439726069483,-0.5755115693951635,-0.5595719370593745,1.6803094590682988
-0.9062848164890261,0.4680530582090954,0.7198972200995631,-0.20679364850592954,-0.9162258740919746,-0.9092435981116483,-0.30946906371886795,-0.07773708545436095,-0.9982410867410686,-0.22842303800962976,0.0692820323027559,0.2465984809580359,-0.26720699091482264,-0.6556665677516337,-1.8500095165343355,-0.7266226911401854,1.4482439726069483,-0.5755115693951635,1.7870803265351975,-0.5951284714867237
-0.8936772464781899,-0.6562589496524849,0.19094668233604659,-0.20679364850592954,0.28287950963198283,-0.8922402535704658,-1.9449240876917921,0.4129050217349737,0.16898076425671127,-0.10640680546229636,0.0692820323027559,0.2465984809580359,-0.6718185279751974,1.5482153477596559,0.5405377599750526,1.37623007400284,-0.690491394346993,-0.5755115693951635,-0.5595719370593745,-0.5951284714867237
0.5260790274866454,0.07454385545754227,0.7913770225000384,-0.20679364850592954,-0.9635059134270408,0.5395176802909455,-0.30946906371886795,-0.07773708545436095,0.16898076425671127,1.3303337936125565,0.0692820323027559,0.2465984809580359,-0.6521327202735605,-1.1454181045319203,0.5405377599750526,-0.7266226911401854,-0.690491394346993,1.7375845303178776,-0.5595719370593745,-0.5951284714867237
-0.09330210899679506,-1.105983752797117,-1.1814655237530776,-0.20679364850592954,-0.8541336445595831,-0.08509928566741587,1.8711376349116977,-0.07773708545436095,-0.41463016124217866,-0.05222184359776678,0.0692820323027559,0.2465984809580359,-1.0143634409039806,0.5687122741990828,0.5405377599750526,-0.7266226911401854,-0.690491394346993,-0.5755115693951635,-0.5595719370593745,1.6803094590682988
-0.23047795226687068,-0.5438277488663268,-0.9098422746312717,-0.20679364850592954,-1.1083741077041873,-0.22343472079642085,-0.8546207383765094,-0.07773708545436095,1.1416656400881946,-0.09997022158404055,0.0692820323027559,0.2465984809580359,0.4595224688538115,-0.16591503097134708,0.5405377599750526,1.37623007400284,-0.690491394346993,1.7375845303178776,-0.5595719370593745,-0.5951284714867237
-0.5415560384038052,-1.218414953583275,-1.2672412866336478,-0.20679364850592954,-0.9087005532975917,-0.537142450809249,1.3259859602540562,-1.0590212998330302,0.9471286649218978,-0.158508851799428,0.0692820323027559,0.2465984809580359,1.6748987396742203,0.8952132987192738,0.5405377599750526,1.37623007400284,-0.690491394346993,-0.5755115693951635,-0.5595719370593745,1.6803094590682988
0.7606552010306533,1.4799338652845175,-1.1385776423127922,-0.20679364850592954,-0.24485444352094635,0.7086613956543014,1.8711376349116977,-0.07773708545436095,3.6706463172500507,0.08495175613630834,0.0692820323027559,0.2465984809580359,0.223263129133414,1.7114658600197514,-1.8500095165343355,-0.7266226911401854,1.4482439726069483,-0.5755115693951635,1.7870803265351975,-0.5951284714867237
0.2530977289911505,-1.162199353190196,-0.8812503536710816,-0.20679364850592954,-1.0069476545579534,0.21603433048982953,-0.30946906371886795,0.9035471289243083,-0.025556210909585365,-0.09416722525321501,0.0692820323027559,0.2465984809580359,-0.26720699091482264,0.32383650580893947,-1.8500095165343355,1.37623007400284,-0.690491394346993,-0.5755115693951635,-0.5595719370593745,1.6803094590682988
0.3222680655451671,0.2994062570298583,-0.23793213206680466,-0.20679364850592954,-0.6943276244057504,0.3339838382373867,0.23568261093877343,-0.07773708545436095,0.5580547145893046,-0.11333309144817935,0.0692820323027559,0.2465984809580359,-0.22361063515389348,-0.5740413116215859,0.5405377599750526,1.37623007400284,-0.690491394346993,1.7375845303178776,-0.5595719370593745,-0.5951284714867237
-0.3716279208664489,-0.7124745500455638,-0.23793213206680466,-0.20679364850592954,-1.0607992091216407,-0.3903142711486548,-0.30946906371886795,0.4129050217349737,-0.025556210909585365,-0.18127022740121704,0.0692820323027559,0.2465984809580359,1.589010509385603,-0.4107907993614904,-1.8500095165343355,1.37623007400284,-0.690491394346993,1.7375845303178776,-0.5595719370593745,-0.5951284714867237
-0.7584542061717494,-1.274630553976354,-0.7239947883900362,-0.20679364850592954,-1.1408163169073646,-0.7558741290814095,-0.8546207383765094,-1.0590212998330302,-0.6091671364084753,-0.21012467616202365,0.0692820323027559,0.2465984809580359,-0.26720699091482264,-0.0842897748412993,0.5405377599750526,1.37623007400284,-0.690491394346993,-0.5755115693951635,-0.5595719370593745,1.6803094590682988
-0.5201437252060537,1.3112870641052805,1.677726572265931,-0.20679364850592954,0.0463254733492705,-0.5155491323887624,-0.30946906371886795,-0.5683791926436955,-0.025556210909585365,-0.008955759148839611,0.0692820323027559,0.2465984809580359,0.7140297221892054,0.07896073741879621,0.5405377599750526,-0.7266226911401854,-0.690491394346993,-0.5755115693951635,1.7870803265351975,-0.5951284714867237
-0.14808337108192265,0.35562185742293734,0.7770810620199433,-0.20679364850592954,0.9576405395523039,-0.17334555024428908,-0.8546207383765094,1.8848313433029775,-0.9982410867410686,0.03713996947402207,0.0692820323027559,0.2465984809580359,-0.777659391672251,-0.9821675922718247,-1.8500095165343355,-0.7266226911401854,1.4482439726069483,1.7375845303178776,-0.5595719370593745,-0.5951284714867237
-0.7049062933268123,1.2550714637122016,-0.5667392231089906,-0.20679364850592954,-0.8722431303417725,-0.7137888637858457,-0.30946906371886795,-1.5496634070223647,-1.5818520122399586,-0.17120745623139963,0.0692820323027559,0.2465984809580359,0.5214408564816256,0.16058599354884398,-1.8500095165343355,1.37623007400284,-0.690491394346993,-0.5755115693951635,1.7870803265351975,-0.5951284714867237
1.6862838057936156,-0.2627497469009318,-0.36659577638766006,-0.20679364850592954,2.2649772150556444,1.7095300455865872,0.23568261093877343,-1.0590212998330302,0.9471286649218978,0.43455251830264874,0.0692820323027559,0.2465984809580359,-0.9943070419429003,-0.3291655432314426,0.5405377599750526,-0.7266226911401854,-0.690491394346993,-0.5755115693951635,-0.5595719370593745,-0.5951284714867237
3.8540663939339828,1.9296586684291497,0.648417417699088,-0.20679364850592954,0.14358800112239437,3.8956376024766426,-0.8546207383765094,-0.07773708545436095,-2.1654629377388486,0.3953488082086255,0.0692820323027559,0.2465984809580359,-1.0983394202938697,1.7114658600197514,0.5405377599750526,1.37623007400284,-0.690491394346993,-0.5755115693951635,1.7870803265351975,-0.5951284714867237
-0.3380534137723745,-0.4876121484732478,-0.2808200135070898,-0.20679364850592954,-0.5793709777903656,-0.33191955254094513,-0.30946906371886795,-0.5683791926436955,-0.803704111574772,-0.18934456254660065,0.0692820323027559,0.2465984809580359,1.1405209672071221,0.32383650580893947,0.5405377599750526,-0.7266226911401854,1.4482439726069483,1.7375845303178776,-0.5595719370593745,-0.5951284714867237
0.033047668720497296,-1.443277355155591,0.23383456377633172,1.452841000206196,-0.8829324190612893,0.04231856766819099,-0.8546207383765094,-1.0590212998330302,0.3635177394230079,-0.1537659575960983,0.0692820323027559,0.2465984809580359,-0.8870579314599617,1.3849648354995603,0.5405377599750526,-0.7266226911401854,-0.690491394346993,-0.5755115693951635,-0.5595719370593745,1.6803094590682988
-0.21978892551855309,-1.387061754762512,2.5354842010716334,-0.20679364850592954,-0.8775070089076559,-0.21265533624091393,1.3259859602540562,-1.0590212998330302,-0.6091671364084753,-0.14531377151022914,0.0692820323027559,0.2465984809580359,-0.26720699091482264,-1.227043360661968,0.5405377599750526,-0.7266226911401854,1.4482439726069483,-0.5755115693951635,-0.5595719370593745,1.6803094590682988
-0.9568521353368361,0.1869750562437003,0.5054578128981375,-0.20679364850592954,-0.35403184888572165,-0.9559491802382692,2.416289309569339,-0.5683791926436955,-0.025556210909585365,-0.2320064783683221,0.0692820323027559,0.2465984809580359,-0.5876201938296421,0.16058599354884398,0.5405377599750526,-0.7266226911401854,1.4482439726069483,1.7375845303178776,-0.5595719370593745,-0.5951284714867237
-0.7732201373529188,-0.8811213512248008,-0.9813220770317469,-0.20679364850592954,1.4114904572670948,-0.7707648814641769,0.23568261093877343,1.394189236113643,1.3362026152544912,-0.17207978575400731,0.0692820323027559,0.2465984809580359,-0.9503697422232832,-0.0842897748412993,0.5405377599750526,1.37623007400284,-0.690491394346993,-0.5755115693951635,-0.5595719370593745,-0.5951284714867237
1.572507338386043,-0.9935525520109589,-1.4673847333549783,-0.20679364850592954,-1.203449549059046,1.59479178882749,-0.30946906371886795,0.4129050217349737,-0.9982410867410686,0.611249983425345,0.0692820323027559,0.2465984809580359,-0.8007694626111453,1.0584638109793694,0.5405377599750526,1.37623007400284,-0.690491394346993,-0.5755115693951635,-0.5595719370593745,1.6803094590682988
-0.35552586134173975,-0.4313965480801688,0.8056729829801335,-0.20679364850592954,-0.3147386491671809,-0.34953970037206217,1.8711376349116977,0.4129050217349737,0.5580547145893046,-0.15426894133397948,0.0692820323027559,0.2465984809580359,-0.13835982183151893,-0.24754028710139483,0.5405377599750526,1.37623007400284,-0.690491394346993,1.7375845303178776,-0.5595719370593745,-0.5951284714867237
0.5798667582393974,0.6366998593883324,0.648417417699088,-0.20679364850592954,0.07902920988499561,0.5937600961632078,-0.8546207383765094,-0.5683791926436955,0.5580547145893046,-0.018755439180561693,0.0692820323027559,0.2465984809580359,0.7777417715127258,-1.553544385182159,0.5405377599750526,1.37623007400284,-0.690491394346993,-0.5755115693951635,1.7870803265351975,-0.5951284714867237
-0.6323442463622719,1.3675026644983594,0.662713378179183,-0.20679364850592954,0.24708103299444514,-0.6433613157589574,0.23568261093877343,-1.5496634070223647,0.7525916897556012,-0.19417410428040857,0.0692820323027559,0.2465984809580359,0.39428358354138404,-0.3291655432314426,-1.8500095165343355,1.37623007400284,-0.690491394346993,-0.5755115693951635,1.7870803265351975,-0.5951284714867237
-0.5303873758398581,1.3112870641052805,0.4339780104976623,-0.20679364850592954,1.6900760382797277,-0.5258793759211232,0.7808342855964149,0.4129050217349737,-0.22009318607588202,-0.18268422635810605,0.0692820323027559,0.2465984809580359,-0.26720699091482264,1.221714323239465,0.5405377599750526,1.37623007400284,-0.690491394346993,-0.5755115693951635,-0.5595719370593745,-0.5951284714867237
0.41257663768800396,0.07454385545754227,-0.1378604087061394,-0.20679364850592954,1.5121297644222298,0.4250558180076305,-0.8546207383765094,-0.07773708545436095,-0.6091671364084753,0.11446244879022813,0.0692820323027559,0.2465984809580359,-0.5010797229244044,-0.0842897748412993,0.5405377599750526,-0.7266226911401854,-0.690491394346993,-0.5755115693951635,-0.5595719370593745,-0.5951284714867237
0.6016216684483129,-0.6000433492594058,0.7627851015398482,-0.20679364850592954,-1.2475835684231724,0.615698907678422,-0.30946906371886795,0.9035471289243083,0.16898076425671127,-0.0363334938022539,0.0692820323027559,0.2465984809580359,0.22186970599790642,-0.4924160554915381,0.5405377599750526,-0.7266226911401854,1.4482439726069483,-0.5755115693951635,-0.5595719370593745,-0.5951284714867237
-0.4197628009349944,-1.0497681524040379,0.7056012596194681,-0.20679364850592954,-1.044584514503693,-0.41431965563352174,-0.30946906371886795,-0.07773708545436095,0.9471286649218978,-0.179774941197373,0.0692820323027559,0.2465984809580359,-0.5006646607138276,-1.1454181045319203,0.5405377599750526,1.37623007400284,-0.690491394346993,-0.5755115693951635,-0.5595719370593745,1.6803094590682988
2.9524880993547353,-0.20653414650785276,0.4339780104976623,-0.20679364850592954,0.35517130513372863,2.986437974391006,-0.30946906371886795,2.3754734504923123,0.9471286649218978,0.22486268934583656,0.0692820323027559,0.2465984809580359,-0.2898871759927627,0.5687122741990828,0.5405377599750526,-0.7266226911401854,1.4482439726069483,-0.5755115693951635,-0.5595719370593745,-0.5951284714867237
-0.04225515433335543,-0.9373369516178799,-0.38089173686775507,-0.20679364850592954,-1.2683006355504682,-0.03362081455297609,0.7808342855964149,-0.5683791926436955,0.5580547145893046,-0.1683125530711132,0.0692820323027559,0.2465984809580359,-0.6732712457122156,-1.6351696413122068,0.5405377599750526,-0.7266226911401854,-0.690491394346993,-0.5755115693951635,-0.5595719370593745,1.6803094590682988
-0.312221599130607,1.1426402629260435,2.278156912429923,-0.20679364850592954,-0.2897115090397632,-0.3058693731984701,-1.399772413034151,-0.07773708545436095,1.3362026152544912,-0.18477727387930135,0.0692820323027559,0.2465984809580359,-0.5428675933392494,1.6298406038897038,0.5405377599750526,-0.7266226911401854,-0.690491394346993,-0.5755115693951635,1.7870803265351975,-0.5951284714867237
-0.9629503621355558,-1.105983752797117,0.21953860329623667,-0.20679364850592954,-1.0970745885420594,-0.9642422593186708,0.7808342855964149,-0.07773708545436095,-0.6091671364084753,-0.23498487466632165,0.0692820323027559,0.2465984809580359,-0.26720699091482264,-1.3902938729220635,-1.8500095165343355,-0.7266226911401854,1.4482439726069483,-0.5755115693951635,-0.5595719370593745,1.6803094590682988
0.010333486880322462,-0.03788734532861574,-0.9813220770317469,-0.20679364850592954,0.7131073556334351,0.019412375487738897,-1.399772413034151,-0.07773708545436095,-1.970925962572552,1.9711236848309357,0.0692820323027559,0.2465984809580359,1.3979040087157972,-0.7372918238816814,0.5405377599750526,-0.7266226911401854,1.4482439726069483,-0.5755115693951635,-0.5595719370593745,-0.5951284714867237
-0.10292908501050417,0.07454385545754227,-1.1385776423127922,-0.20679364850592954,-0.20108451122762117,-0.09480764162926662,-0.8546207383765094,-1.0590212998330302,0.16898076425671127,-0.03636614289296439,0.0692820323027559,0.2465984809580359,-0.1831272459722894,-1.3086686167920156,0.5405377599750526,-0.7266226911401854,1.4482439726069483,1.7375845303178776,-0.5595719370593745,-0.5951284714867237
0.885429032496591,1.5361494656775965,-1.3244251285540278,-0.20679364850592954,0.02198291947469798,0.9019053873509184,-1.9449240876917921,-0.5683791926436955,-1.7763889874062553,0.1053824403736412,0.0692820323027559,0.2465984809580359,-0.5230335491338352,-0.9005423361417769,0.5405377599750526,-0.7266226911401854,-0.690491394346993,-0.5755115693951635,1.7870803265351975,-0.5951284714867237
-0.7968250714221202,-0.8811213512248008,-0.7525867093502262,-0.20679364850592954,1.312992084648011,-0.8030037416688209,2.416289309569339,-1.5496634070223647,0.9471286649218978,-0.2138194350842077,0.0692820323027559,0.2465984809580359,1.1634828016422392,-1.553544385182159,-1.8500095165343355,-0.7266226911401854,1.4482439726069483,-0.5755115693951635,-0.5595719370593745,-0.5951284714867237
-0.55693864420507,-1.218414953583275,0.8628568249005136,-0.20679364850592954,-0.9836255700790075,-0.5526550907625266,0.7808342855964149,-0.5683791926436955,-0.025556210909585365,-0.18587881079524535,0.0692820323027559,0.2465984809580359,-0.26720699091482264,1.3033395793695126,0.5405377599750526,-0.7266226911401854,-0.690491394346993,-0.5755115693951635,-0.5595719370593745,1.6803094590682988
-0.3720732969809621,0.7491310601744904,-0.39518769734785014,-0.20679364850592954,0.5643444552960953,-0.36622701684741404,0.7808342855964149,3.847399772060316,1.3362026152544912,-0.07135021520987414,0.0692820323027559,0.2465984809580359,1.119841974930177,0.5687122741990828,0.5405377599750526,1.37623007400284,-0.690491394346993,1.7375845303178776,-0.5595719370593745,-0.5951284714867237
-0.7511911495350722,0.6366998593883324,0.9915204692213689,-0.20679364850592954,0.548957930564548,-0.7587121958842056,0.23568261093877343,-0.5683791926436955,-2.1654629377388486,-0.1827481464563668,0.0692820323027559,0.2465984809580359,0.03100038373414447,0.07896073741879621,-1.8500095165343355,-0.7266226911401854,1.4482439726069483,1.7375845303178776,-0.5595719370593745,-0.5951284714867237
-0.7982982385701255,0.5804842589952534,0.7627851015398482,-0.20679364850592954,0.30203510474436246,-0.7960549759982507,0.23568261093877343,0.4129050217349737,-0.803704111574772,-0.1829874012440303,0.0692820323027559,0.2465984809580359,1.591382293446041,-0.7372918238816814,0.5405377599750526,1.37623007400284,-0.690491394346993,-0.5755115693951635,1.7870803265351975,-0.5951284714867237
0.1714226015296469,-1.105983752797117,2.1780851890692574,-0.20679364850592954,-0.9523345939377305,0.13676177407051784,-0.30946906371886795,2.3754734504923123,0.9471286649218978,0.12057685353851703,0.0692820323027559,0.2465984809580359,-0.909041404970148,-1.227043360661968,-1.8500095165343355,-0.7266226911401854,1.4482439726069483,-0.5755115693951635,-0.5595719370593745,1.6803094590682988
-0.6678030370177483,1.9296586684291497,-0.009196764385283997,-0.20679364850592954,-0.11726756513958893,-0.6644566562164376,0.23568261093877343,0.9035471289243083,0.9471286649218978,-0.19921774658696492,0.0692820323027559,0.2465984809580359,-0.26720699091482264,-1.7167948974422544,0.5405377599750526,1.37623007400284,-0.690491394346993,-0.5755115693951635,1.7870803265351975,-0.5951284714867237
-0.2529523161992307,1.6485806664637546,-0.1378604087061394,-0.20679364850592954,-0.2594948461566963,-0.27512965057965516,1.8711376349116977,-1.0590212998330302,1.3362026152544912,0.023470270416802642,0.0692820323027559,0.2465984809580359,0.883819813615823,-1.3902938729220635,-1.8500095165343355,1.37623007400284,-0.690491394346993,-0.5755115693951635,1.7870803265351975,-0.5951284714867237
0.47167462211379824,1.6485806664637546,-0.42377961830804023,-0.20679364850592954,-0.11307799983191545,0.4846533768481733,-0.30946906371886795,0.4129050217349737,-0.6091671364084753,0.0827414560308852,0.0692820323027559,0.2465984809580359,0.054377280379838196,-1.227043360661968,0.5405377599750526,1.37623007400284,-0.690491394346993,-0.5755115693951635,1.7870803265351975,-0.5951284714867237
0.22894463970408674,0.35562185742293734,0.37679416857728215,-0.20679364850592954,0.7705895249313118,0.23987151923353814,1.3259859602540562,-1.0590212998330302,-0.22009318607588202,-0.06701230317737426,0.0692820323027559,0.2465984809580359,-0.9724421576357359,-1.1454181045319203,0.5405377599750526,-0.7266226911401854,-0.690491394346993,1.7375845303178776,-0.5595719370593745,-0.5951284714867237
0.7747701978906111,-0.09410294572169475,0.5626416548185177,-0.20679364850592954,2.1497154532189535,0.7903111177538442,0.7808342855964149,-0.07773708545436095,-0.22009318607588202,-0.01532821706752057,0.0692820323027559,0.2465984809580359,-0.6093961362345401,0.5687122741990828,0.5405377599750526,-0.7266226911401854,-0.690491394346993,-0.5755115693951635,-0.5595719370593745,-0.5951284714867237
-0.9795663171770109,1.7610118672499127,-0.20934021110661458,-0.20679364850592954,0.601083917532113,-0.9788553724187213,-0.30946906371886795,-0.5683791926436955,-0.22009318607588202,-0.2372383102555584,0.0692820323027559,0.2465984809580359,-0.8651782235024195,-0.6556665677516337,0.5405377599750526,1.37623007400284,-0.690491394346993,-0.5755115693951635,1.7870803265351975,-0.5951284714867237
1.6206764781557048,-0.7686901504386429,0.24813052425642676,-0.20679364850592954,0.53446367555581,1.6433681179462165,0.23568261093877343,-0.07773708545436095,-0.803704111574772,0.07612657758339501,0.0692820323027559,0.2465984809580359,-0.26720699091482264,-0.3291655432314426,0.5405377599750526,-0.7266226911401854,1.4482439726069483,-0.5755115693951635,-0.5595719370593745,-0.5951284714867237
0.11311259022952992,1.0864246625329645,-0.09497252726585426,-0.20679364850592954,-0.6638314862359413,0.0801670211235094,-1.9449240876917921,0.9035471289243083,-0.22009318607588202,-0.18937360854968166,0.0692820323027559,0.2465984809580359,-1.0801063303292513,0.40546176193898725,-1.8500095165343355,1.37623007400284,-0.690491394346993,-0.5755115693951635,1.7870803265351975,-0.5951284714867237
-0.7599616330208712,0.35562185742293734,0.40538608953747224,-0.20679364850592954,0.8326304745945767,-0.7573942986982116,0.7808342855964149,-1.0590212998330302,-0.41463016124217866,-0.22480633880261883,0.0692820323027559,0.2465984809580359,-0.4152804345380534,-1.3086686167920156,0.5405377599750526,1.37623007400284,-0.690491394346993,1.7375845303178776,-0.5595719370593745,-0.5951284714867237
-0.54741444729471,0.7491310601744904,-1.0813938003924122,-0.20679364850592954,-0.6365967477426077,-0.5430503827290941,-1.399772413034151,-0.07773708545436095,-0.22009318607588202,-0.19882811849054127,0.0692820323027559,0.2465984809580359,0.6069584955107994,-0.8189170800117291,0.5405377599750526,1.37623007400284,-0.690491394346993,1.7375845303178776,-0.5595719370593745,-0.5951284714867237
-0.5796528260452448,1.3675026644983594,-1.2672412866336478,-0.20679364850592954,-0.6419375461121816,-0.5755612829429786,-0.30946906371886795,-0.5683791926436955,1.3362026152544912,-0.18861172625566255,0.0692820323027559,0.2465984809580359,-0.26720699091482264,1.5482153477596559,0.5405377599750526,-0.7266226911401854,-0.690491394346993,-0.5755115693951635,1.7870803265351975,-0.5951284714867237
-0.44693074392030163,1.7610118672499127,-1.4244968519146932,-0.20679364850592954,-0.31705649925171997,-0.44171725804543505,-0.8546207383765094,0.4129050217349737,-0.41463016124217866,-0.0832547156827219,0.0692820323027559,0.2465984809580359,-0.3516573271167994,-0.9005423361417769,0.5405377599750526,-0.7266226911401854,1.4482439726069483,-0.5755115693951635,1.7870803265351975,-0.5951284714867237
-0.9414010101333387,0.9739934617468065,-0.6382190255094659,-0.20679364850592954,-0.3793538482606193,-0.9403674416660462,-1.399772413034151,-0.07773708545436095,-0.803704111574772,-0.22276892555320188,0.0692820323027559,0.2465984809580359,-0.353376870560617,0.48708701806903504,0.5405377599750526,-0.7266226911401854,1.4482439726069483,-0.5755115693951635,1.7870803265351975,-0.5951284714867237
-0.7474225824122678,1.6485806664637546,-0.681106906949751,-0.20679364850592954,0.37564222888921506,-0.7447492514311747,-0.8546207383765094,1.8848313433029775,0.7525916897556012,-0.15052172270772313,0.0692820323027559,0.2465984809580359,0.09514231891861924,-0.9821675922718247,0.5405377599750526,-0.7266226911401854,-0.690491394346993,-0.5755115693951635,1.7870803265351975,-0.5951284714867237
0.3346358176481883,-1.49949295554867,0.677009338659278,-0.20679364850592954,-0.8589949761528198,0.2951738792641421,0.23568261093877343,0.4129050217349737,-0.22009318607588202,0.241778934555565,0.0692820323027559,0.2465984809580359,-0.8018219417879647,0.24221124967889174,-1.8500095165343355,-0.7266226911401854,1.4482439726069483,-0.5755115693951635,-0.5595719370593745,1.6803094590682988
-0.9989915677100112,-0.8249057508317219,1.8063902165867864,-0.20679364850592954,0.08421616864718874,-0.9984448308897867,-0.8546207383765094,0.4129050217349737,-0.41463016124217866,-0.23693893889021087,0.0692820323027559,0.2465984809580359,0.5455292883454508,-1.227043360661968,0.5405377599750526,-0.7266226911401854,1.4482439726069483,-0.5755115693951635,-0.5595719370593745,-0.5951284714867237
-0.49112575836046074,0.9177778613537274,-0.5381473021488006,-0.20679364850592954,0.2551806883230501,-0.48628586726531914,1.8711376349116977,1.8848313433029775,-0.41463016124217866,-0.10070847120136975,0.0692820323027559,0.2465984809580359,-0.803111599370828,0.16058599354884398,0.5405377599750526,-0.7266226911401854,-0.690491394346993,-0.5755115693951635,1.7870803265351975,-0.5951284714867237
-0.9260869237343067,-0.8811213512248008,-0.33800385542746997,-0.20679364850592954,1.4240258212751824,-0.9249239003317143,0.7808342855964149,-0.07773708545436095,1.1416656400881946,-0.2171809136372884,0.0692820323027559,0.2465984809580359,-0.05377607277614245,-1.6351696413122068,0.5405377599750526,-0.7266226911401854,-0.690491394346993,-0.5755115693951635,-0.5595719370593745,-0.5951284714867237
-0.7462920122754265,1.3112870641052805,-0.06638060630566417,-0.20679364850592954,1.324160840143865,-0.7436091242185731,1.3259859602540562,0.9035471289243083,-0.41463016124217866,-0.20866135038759212,0.0692820323027559,0.2465984809580359,-0.26720699091482264,-0.24754028710139483,0.5405377599750526,-0.7266226911401854,1.4482439726069483,-0.5755115693951635,-0.5595719370593745,-0.5951284714867237
-0.5817769275144618,-1.387061754762512,0.7198972200995631,-0.20679364850592954,-1.0429409946981736,-0.5777033401302909,-1.9449240876917921,0.4129050217349737,-0.41463016124217866,-0.046734024290103544,0.0692820323027559,0.2465984809580359,-0.63004548121073,0.24221124967889174,0.5405377599750526,-0.7266226911401854,-0.690491394346993,-0.5755115693951635,-0.5595719370593745,1.6803094590682988
-0.8003538206371097,0.5242686586021743,1.9779417423479269,-0.20679364850592954,0.7281272293007245,-0.7981279345666175,0.7808342855964149,-1.0590212998330302,3.6706463172500507,-0.16656761663331007,0.0692820323027559,0.2465984809580359,2.912569780662748,-1.4719191290521112,0.5405377599750526,-0.7266226911401854,1.4482439726069483,-0.5755115693951635,-0.5595719370593745,-0.5951284714867237
-0.7518763435574001,-1.0497681524040379,0.3624982080971871,-0.20679364850592954,-1.0803881191281435,-0.7492406616626359,0.23568261093877343,-0.5683791926436955,1.3362026152544912,-0.13657025885606605,0.0692820323027559,0.2465984809580359,-0.6294377115452428,0.32383650580893947,0.5405377599750526,1.37623007400284,-0.690491394346993,-0.5755115693951635,-0.5595719370593745,1.6803094590682988
-0.6446434790630603,1.4237182648914386,0.2910184056967119,-0.20679364850592954,-0.8026973718317758,-0.6411013230128394,1.8711376349116977,-1.5496634070223647,0.16898076425671127,-0.19643124454889246,0.0692820323027559,0.2465984809580359,-0.26720699091482264,-0.9005423361417769,0.5405377599750526,-0.7266226911401854,-0.690491394346993,-0.5755115693951635,1.7870803265351975,-0.5951284714867237
0.22298345170983266,1.0302090621398854,0.24813052425642676,-0.20679364850592954,-0.7880518412091133,0.18680590050133328,1.8711376349116977,-0.07773708545436095,1.3362026152544912,0.16146490788064277,0.0692820323027559,0.2465984809580359,-0.9932397391157031,0.24221124967889174,-1.8500095165343355,-0.7266226911401854,-0.690491394346993,-0.5755115693951635,1.7870803265351975,-0.5951284714867237
0.1303109601899639,0.5804842589952534,1.3775114021839352,-0.20679364850592954,-1.049933004853636,0.14040405726140892,1.3259859602540562,1.8848313433029775,-0.025556210909585365,-0.06864897366320821,0.0692820323027559,0.2465984809580359,-0.929794515498982,0.5687122741990828,0.5405377599750526,-0.7266226911401854,1.4482439726069483,-0.5755115693951635,1.7870803265351975,-0.5951284714867237
-0.17014661860088587,-0.4313965480801688,-0.5810351835890857,-0.20679364850592954,1.2017891244527201,-0.16259338681485794,0.7808342855964149,-1.5496634070223647,0.5580547145893046,-0.12956906615102107,0.0692820323027559,0.2465984809580359,3.212763524462333,-0.4107907993614904,0.5405377599750526,1.37623007400284,-0.690491394346993,1.7375845303178776,-0.5595719370593745,-0.5951284714867237
0.7378039803860129,0.6929154597814113,0.333906287136997,-0.20679364850592954,1.1461607224237835,0.7530324128327164,-0.30946906371886795,-0.5683791926436955,1.5307395904207879,-0.005203443164755122,0.0692820323027559,0.2465984809580359,0.24401623966224795,-1.0637928484018724,0.5405377599750526,1.37623007400284,-0.690491394346993,1.7375845303178776,-0.5595719370593745,-0.5951284714867237
2.3976179800734805,1.3675026644983594,-0.02349272486537904,-0.20679364850592954,0.43478842994026223,2.426877358169886,-0.30946906371886795,0.4129050217349737,-0.22009318607588202,0.1450564554619036,0.0692820323027559,0.2465984809580359,-0.31099605413066245,1.4665900916296082,0.5405377599750526,-0.7266226911401854,1.4482439726069483,-0.5755115693951635,-0.5595719370593745,-0.5951284714867237
-0.3901624191704226,-0.3751809476870898,-0.2522280925468997,-0.20679364850592954,-1.1696381673501783,-0.38446905224904104,-0.8546207383765094,-0.5683791926436955,0.16898076425671127,-0.1658126984855757,0.0692820323027559,0.2465984809580359,-0.26720699091482264,-0.9005423361417769,0.5405377599750526,-0.7266226911401854,-0.690491394346993,1.7375845303178776,-0.5595719370593745,-0.5951284714867237
0.9826238045638249,-1.218414953583275,-1.1242816818326973,-0.20679364850592954,-0.16386045422835363,0.9999217783251909,0.23568261093877343,-1.0590212998330302,-0.6091671364084753,-0.0006423779743879201,0.0692820323027559,0.2465984809580359,-0.26720699091482264,-0.16591503097134708,0.5405377599750526,-0.7266226911401854,-0.690491394346993,-0.5755115693951635,-0.5595719370593745,1.6803094590682988
1.341939549872654,-1.274630553976354,-0.2808200135070898,-0.20679364850592954,-1.2680134682833573,1.3622749360756912,-0.30946906371886795,1.8848313433029775,-0.9982410867410686,-0.09811995506043804,0.0692820323027559,0.2465984809580359,-1.0139335550430262,-0.7372918238816814,0.5405377599750526,-0.7266226911401854,-0.690491394346993,-0.5755115693951635,-0.5595719370593745,1.6803094590682988
-0.6000373482095043,0.07454385545754227,-0.3094119344672799,-0.20679364850592954,0.5489989544598495,-0.5961181220792819,-1.9449240876917921,-1.0590212998330302,1.3362026152544912,-0.21815883402666025,0.0692820323027559,0.2465984809580359,-0.8870282841592061,0.48708701806903504,0.5405377599750526,1.37623007400284,-0.690491394346993,-0.5755115693951635,-0.5595719370593745,-0.5951284714867237
1.9703652474508249,-1.274630553976354,2.406820556750778,-0.20679364850592954,-1.1823324989525594,1.9960129197348662,-0.8546207383765094,-1.0590212998330302,0.16898076425671127,-0.013511965644746278,0.0692820323027559,0.2465984809580359,0.9919731667718036,1.7114658600197514,0.5405377599750526,-0.7266226911401854,1.4482439726069483,-0.5755115693951635,-0.5595719370593745,1.6803094590682988
-0.2677525070815166,-0.15031854611477377,-1.3816089704744081,-0.20679364850592954,-0.23256265889121153,-0.2610243695028037,-0.30946906371886795,0.9035471289243083,-0.025556210909585365,-0.19449653792124122,0.0692820323027559,-4.0551750201988135,0.7584858496720434,1.7114658600197514,0.5405377599750526,-0.7266226911401854,1.4482439726069483,1.7375845303178776,-0.5595719370593745,-0.5951284714867237
-0.871888076568158,-1.105983752797117,-0.2522280925468997,-0.20679364850592954,0.4693638816991216,-0.8702668927457787,-0.8546207383765094,-1.5496634070223647,-0.803704111574772,-0.23100789849556994,0.0692820323027559,0.2465984809580359,0.5225822775607115,-0.9005423361417769,0.5405377599750526,1.37623007400284,-0.690491394346993,-0.5755115693951635,-0.5595719370593745,1.6803094590682988
-0.3799530282377347,-0.8249057508317219,-0.9384341955914618,-0.20679364850592954,0.8942996452066704,-0.37417335802615315,-0.8546207383765094,-0.5683791926436955,1.1416656400881946,-0.18773266310648962,0.0692820323027559,-4.0551750201988135,0.7342788286051962,0.48708701806903504,0.5405377599750526,1.37623007400284,-0.690491394346993,1.7375845303178776,-0.5595719370593745,-0.5951284714867237
0.036439379131021174,0.8615622609606484,-1.3816089704744081,-0.20679364850592954,-0.2470851178279695,0.04573894930599609,0.7808342855964149,-0.07773708545436095,0.16898076425671127,-0.11448500118072642,0.0692820323027559,0.2465984809580359,-0.26720699091482264,-0.16591503097134708,0.5405377599750526,-0.7266226911401854,-0.690491394346993,-0.5755115693951635,1.7870803265351975,-0.5951284714867237
-0.16939290517632502,1.7047962668568335,1.1773679554626044,-0.20679364850592954,-0.6320430953641327,-0.16183330200645685,-0.30946906371886795,0.4129050217349737,0.16898076425671127,-0.1436436250196073,0.0692820323027559,0.2465984809580359,0.15995131837009244,0.32383650580893947,0.5405377599750526,-0.7266226911401854,-0.690491394346993,-0.5755115693951635,1.7870803265351975,-0.5951284714867237
0.9287332947077237,1.5361494656775965,-0.2665240530269948,-0.20679364850592954,-0.557479601660062,0.9455757145245104,-0.30946906371886795,-0.5683791926436955,-1.387315037073662,-0.00712635387067189,0.0692820323027559,0.2465984809580359,-0.26720699091482264,-0.4924160554915381,0.5405377599750526,-0.7266226911401854,-0.690491394346993,-0.5755115693951635,1.7870803265351975,-0.5951284714867237
-0.7591051404929611,-0.6000433492594058,0.9915204692213689,-0.20679364850592954,2.4745375282299196,-0.7663933873828889,-0.8546207383765094,-0.5683791926436955,-0.22009318607588202,-0.22528397356416247,0.0692820323027559,0.2465984809580359,0.5634807289528923,-1.7167948974422544,-1.8500095165343355,-0.7266226911401854,1.4482439726069483,-0.5755115693951635,-0.5595719370593745,-0.5951284714867237
-0.5988039989693138,0.41183745781601633,-1.5388645357554536,-0.20679364850592954,0.8554859122644671,-0.5948743469382618,0.7808342855964149,-0.5683791926436955,-1.387315037073662,-0.19521244989859013,0.0692820323027559,0.2465984809580359,1.1194120890692223,1.3849648354995603,0.5405377599750526,1.37623007400284,-0.690491394346993,-0.5755115693951635,-0.5595719370593745,-0.5951284714867237
0.19653496244796986,1.3675026644983594,-0.33800385542746997,-0.20679364850592954,0.40988948948566184,0.20718787247228962,-0.30946906371886795,0.4129050217349737,1.3362026152544912,-0.07282970403123436,0.0692820323027559,0.2465984809580359,-0.3312155132458979,-0.6556665677516337,0.5405377599750526,-0.7266226911401854,1.4482439726069483,-0.5755115693951635,-0.5595719370593745,-0.5951284714867237
-0.36097315381924777,0.5242686586021743,-1.1528736027928874,3.1124756489183216,-0.6419298541318125,-0.3550330405782339,-0.8546207383765094,-0.07773708545436095,0.16898076425671127,-0.1582419944271464,0.0692820323027559,-4.0551750201988135,-0.4807564982565247,-1.7167948974422544,0.5405377599750526,-0.7266226911401854,1.4482439726069483,1.7375845303178776,-0.5595719370593745,-0.5951284714867237
-0.5913696438270544,-1.162199353190196,-0.5953311440691808,-0.20679364850592954,-1.146695553902772,-0.5873771467826687,-0.8546207383765094,0.4129050217349737,0.5580547145893046,-0.19002146545243884,0.0692820323027559,0.2465984809580359,-0.26720699091482264,1.7114658600197514,0.5405377599750526,-0.7266226911401854,-0.690491394346993,-0.5755115693951635,-0.5595719370593745,1.6803094590682988
-0.05119693632473653,-0.5438277488663268,0.5912335757787078,-0.20679364850592954,2.227301895208059,-0.04263818432537131,1.8711376349116977,-0.07773708545436095,-0.9982410867410686,0.03345969422608297,0.0692820323027559,0.2465984809580359,-0.778963872905492,-0.6556665677516337,0.5405377599750526,-0.7266226911401854,-0.690491394346993,-0.5755115693951635,-0.5595719370593745,-0.5951284714867237
-0.4364815350797988,-0.9935525520109589,0.5197537733782326,6.431744946342572,-1.12006335387168,-0.4532601391443582,0.7808342855964149,-0.07773708545436095,-1.970925962572552,-0.14000285732360518,0.0692820323027559,0.2465984809580359,1.4829472909328836,-0.0842897748412993,-1.8500095165343355,1.37623007400284,-0.690491394346993,-0.5755115693951635,-0.5595719370593745,1.6803094590682988
1.3946994895919143,0.35562185742293734,0.4339780104976623,-0.20679364850592954,-0.4734318961609584,1.4154808726637702,2.416289309569339,-0.5683791926436955,-0.803704111574772,0.20334708430541948,0.0692820323027559,0.2465984809580359,-0.8653561073069523,-0.16591503097134708,0.5405377599750526,-0.7266226911401854,1.4482439726069483,-0.5755115693951635,1.7870803265351975,-0.5951284714867237
-0.007173220390159255,0.8053466605675694,-1.1957614842331725,-0.20679364850592954,0.29905318035462913,0.001757678347149071,0.7808342855964149,-1.0590212998330302,-0.9982410867410686,-0.1294715752331301,0.0692820323027559,0.2465984809580359,1.632962632755598,0.16058599354884398,0.5405377599750526,-0.7266226911401854,-0.690491394346993,-0.5755115693951635,1.7870803265351975,-0.5951284714867237
0.22157880396406007,1.9858742688222286,-1.038505918952127,-0.20679364850592954,0.22801261365958142,0.23244341769689067,1.3259859602540562,-1.0590212998330302,-0.6091671364084753,-0.09220947305388694,0.0692820323027559,0.2465984809580359,-0.26720699091482264,-0.3291655432314426,0.5405377599750526,-0.7266226911401854,-0.690491394346993,-0.5755115693951635,1.7870803265351975,-0.5951284714867237
0.2118147891458855,0.5804842589952534,-1.2815372471137427,-0.20679364850592954,-0.8586437090493001,0.2225968644971489,-0.8546207383765094,-1.0590212998330302,-0.803704111574772,-0.12089867927888069,0.0692820323027559,0.2465984809580359,-0.7159485351497251,-1.4719191290521112,0.5405377599750526,1.37623007400284,-0.690491394346993,-0.5755115693951635,-0.5595719370593745,-0.5951284714867237
1.8110918969606697,-0.8811213512248008,1.2774396788232698,-0.20679364850592954,0.6323543817257392,1.835393179995919,0.23568261093877343,-1.5496634070223647,0.5580547145893046,0.036882280908660504,0.0692820323027559,0.2465984809580359,-1.057085201292623,-1.1454181045319203,0.5405377599750526,-0.7266226911401854,-0.690491394346993,-0.5755115693951635,-0.5595719370593745,-0.5951284714867237
-0.9789153828557994,-0.7686901504386429,0.13376284041566644,-0.20679364850592954,0.4277528318960418,-0.9781989355387386,0.23568261093877343,-0.5683791926436955,0.16898076425671127,-0.2387437935086567,0.0692820323027559,0.2465984809580359,0.9709384068857929,1.0584638109793694,0.5405377599750526,1.37623007400284,-0.690491394346993,1.7375845303178776,-0.5595719370593745,-0.5951284714867237
-0.9734680903782914,-1.0497681524040379,1.1201841135422244,-0.20679364850592954,0.5935893646592062,-0.9744505960723321,-0.8546207383765094,-0.5683791926436955,0.9471286649218978,-0.2373446579893564,0.0692820323027559,0.2465984809580359,-0.22369957705615992,-1.6351696413122068,-1.8500095165343355,-0.7266226911401854,1.4482439726069483,-0.5755115693951635,-0.5595719370593745,1.6803094590682988
-0.6373804224263829,0.07454385545754227,-0.2665240530269948,-0.20679364850592954,1.8221960570919096,-0.6337768694046102,-0.8546207383765094,-2.0403055142116995,-0.22009318607588202,-0.19842965554303824,0.0692820323027559,0.2465984809580359,0.4571210374926178,-0.9005423361417769,0.5405377599750526,-0.7266226911401854,-0.690491394346993,-0.5755115693951635,-0.5595719370593745,-0.5951284714867237
-0.24013918798169617,-0.6000433492594058,2.249564991469733,-0.20679364850592954,1.6386602774995715,-0.23317762606774434,-0.30946906371886795,0.4129050217349737,-0.6091671364084753,-0.14776226590463007,0.0692820323027559,0.2465984809580359,-0.26720699091482264,1.0584638109793694,0.5405377599750526,-0.7266226911401854,1.4482439726069483,-0.5755115693951635,-0.5595719370593745,-0.5951284714867237
-0.7804146745873634,-0.9935525520109589,0.2624264847365218,-0.20679364850592954,-1.2762361952978667,-0.7870760761802092,-0.8546207383765094,-0.07773708545436095,0.9471286649218978,-0.20423130379219748,0.0692820323027559,0.2465984809580359,-0.03345284810826293,0.48708701806903504,-1.8500095165343355,1.37623007400284,-0.690491394346993,-0.5755115693951635,-0.5595719370593745,1.6803094590682988
0.37704932763029453,-1.105983752797117,2.049421544748402,-0.20679364850592954,-1.2411069209524361,0.3892281840843593,0.23568261093877343,-1.5496634070223647,-0.9982410867410686,0.09192168174480503,0.0692820323027559,0.2465984809580359,0.9717981786077018,-0.9005423361417769,0.5405377599750526,-0.7266226911401854,-0.690491394346993,-0.5755115693951635,-0.5595719370593745,1.6803094590682988
0.48304884288444383,-0.4313965480801688,-0.23793213206680466,-0.20679364850592954,0.9948517765842894,0.4961237475931357,-0.8546207383765094,0.9035471289243083,-0.803704111574772,-0.014581832328868958,0.0692820323027559,0.2465984809580359,0.693632379269437,1.3849648354995603,0.5405377599750526,-0.7266226911401854,1.4482439726069483,1.7375845303178776,-0.5595719370593745,-0.5951284714867237
0.23332988144698616,-1.330846154369433,-0.06638060630566417,1.452841000206196,-1.2167489831171254,0.2442938308460537,0.23568261093877343,0.9035471289243083,-0.9982410867410686,-0.09079561181267562,0.0692820323027559,0.2465984809580359,-0.26720699091482264,-0.4924160554915381,0.5405377599750526,1.37623007400284,-0.690491394346993,-0.5755115693951635,-0.5595719370593745,1.6803094590682988
-0.6021957093798377,0.8615622609606484,-0.009196764385283997,-0.20679364850592954,2.0972253791805873,-0.5982947285760669,-1.399772413034151,-1.0590212998330302,-0.41463016124217866,-0.20103314178481324,0.0692820323027559,0.2465984809580359,3.683236540151,-0.9821675922718247,0.5405377599750526,-0.7266226911401854,1.4482439726069483,-0.5755115693951635,-0.5595719370593745,-0.5951284714867237
1.9084237078323696,0.6366998593883324,-0.02349272486537904,-0.20679364850592954,-0.5448621898613711,1.9335477682080828,0.7808342855964149,0.4129050217349737,0.9471286649218978,0.18478797452604495,0.0692820323027559,0.2465984809580359,0.1813566695155469,-0.6556665677516337,0.5405377599750526,1.37623007400284,-0.690491394346993,-0.5755115693951635,1.7870803265351975,-0.5951284714867237
-0.6805476458330502,1.7047962668568335,-0.666810946469656,-0.20679364850592954,0.1426906034126724,-0.6773089993403112,-0.30946906371886795,0.4129050217349737,0.16898076425671127,-0.2146448281825238,0.0692820323027559,0.2465984809580359,0.008913144671314044,0.16058599354884398,0.5405377599750526,1.37623007400284,-0.690491394346993,-0.5755115693951635,1.7870803265351975,-0.5951284714867237
0.4214156405760359,-1.0497681524040379,-0.9241382351113667,-0.20679364850592954,-0.8552335977523565,0.43396953985160747,-0.8546207383765094,-1.0590212998330302,-0.9982410867410686,-0.06816558786442452,0.0692820323027559,0.2465984809580359,-0.26720699091482264,-0.002664518711251552,0.5405377599750526,1.37623007400284,-0.690491394346993,-0.5755115693951635,-0.5595719370593745,1.6803094590682988
0.6437953605226043,1.7610118672499127,-1.1814655237530776,-0.20679364850592954,-0.523016965613282,0.5952391263815363,-1.399772413034151,1.394189236113643,-0.025556210909585365,-0.10117639730071887,0.0692820323027559,0.2465984809580359,3.7035449411685013,0.32383650580893947,-1.8500095165343355,-0.7266226911401854,1.4482439726069483,-0.5755115693951635,1.7870803265351975,-0.5951284714867237
-0.895801347947407,-1.274630553976354,1.6348386908256458,-0.20679364850592954,-0.9028520842236609,-0.8943823107577781,-0.30946906371886795,0.9035471289243083,-0.22009318607588202,-0.23184442850649226,0.0692820323027559,0.2465984809580359,-1.0775714861146581,-0.4924160554915381,0.5405377599750526,-0.7266226911401854,1.4482439726069483,-0.5755115693951635,-0.5595719370593745,1.6803094590682988
-0.7818535820342523,1.3675026644983594,2.292452872910018,1.452841000206196,1.783977170631579,-0.779471307451317,0.23568261093877343,-1.5496634070223647,0.5580547145893046,-0.21294003251114121,0.0692820323027559,0.2465984809580359,-0.26720699091482264,-0.8189170800117291,0.5405377599750526,1.37623007400284,-0.690491394346993,-0.5755115693951635,-0.5595719370593745,-0.5951284714867237
-1.0033768094529107,-0.7124745500455638,-1.4244968519146932,-0.20679364850592954,-0.08263570552468963,-1.0028671425023024,-1.399772413034151,0.9035471289243083,-0.6091671364084753,-0.2332664138758463,0.0692820323027559,0.2465984809580359,0.9492365827327836,-0.6556665677516337,0.5405377599750526,1.37623007400284,-0.690491394346993,1.7375845303178776,-0.5595719370593745,-0.5951284714867237
-0.9028245866762695,-1.274630553976354,-0.5524432626288956,-0.20679364850592954,0.9218753948296987,-0.9014649191996977,-0.30946906371886795,-0.5683791926436955,-1.387315037073662,-0.1297223182971615,0.0692820323027559,0.2465984809580359,3.2345246432168526,0.7319627864591783,0.5405377599750526,1.37623007400284,-0.690491394346993,-0.5755115693951635,-0.5595719370593745,1.6803094590682988
1.224976930261256,-1.0497681524040379,2.0637175052284973,-0.20679364850592954,0.12131202597363862,1.2443235935356256,1.8711376349116977,0.4129050217349737,-0.803704111574772,0.028516964358932344,0.0692820323027559,0.2465984809580359,-0.26720699091482264,1.4665900916296082,0.5405377599750526,-0.7266226911401854,-0.690491394346993,1.7375845303178776,-0.5595719370593745,-0.5951284714867237
-0.0425292319422866,0.5804842589952534,0.4339780104976623,-0.20679364850592954,2.495705858205532,-0.07089641168392875,1.3259859602540562,-0.5683791926436955,0.16898076425671127,-0.18860899189681654,0.0692820323027559,0.2465984809580359,0.28784977382922095,1.0584638109793694,-1.8500095165343355,1.37623007400284,-0.690491394346993,-0.5755115693951635,-0.5595719370593745,-0.5951284714867237
3.6420673634256846,-0.8811213512248008,-0.02349272486537904,-0.20679364850592954,-0.5775787463643779,3.6818464754590905,-0.30946906371886795,0.4129050217349737,-0.803704111574772,0.1103653213635769,0.0692820323027559,0.2465984809580359,-0.2033763523882803,0.9768385548493216,0.5405377599750526,1.37623007400284,-0.690491394346993,1.7375845303178776,-0.5595719370593745,-0.5951284714867237
-0.2858758889720935,-0.7124745500455638,1.3918073626640302,-0.20679364850592954,0.32895703603602167,-0.2793009542139035,1.8711376349116977,-1.0590212998330302,0.5580547145893046,-0.20758840589530322,0.0692820323027559,0.2465984809580359,3.0416689518024738,-0.8189170800117291,0.5405377599750526,1.37623007400284,-0.690491394346993,1.7375845303178776,-0.5595719370593745,-0.5951284714867237
-0.9211192670724283,0.4680530582090954,0.9343366273009888,-0.20679364850592954,-0.6157027650668238,-0.9199142504581612,0.7808342855964149,-0.07773708545436095,-0.803704111574772,-0.23598288830669287,0.0692820323027559,0.2465984809580359,-1.0793799714607422,-0.24754028710139483,0.5405377599750526,-0.7266226911401854,-0.690491394346993,1.7375845303178776,-0.5595719370593745,-0.5951284714867237
0.21815283385241985,1.0302090621398854,0.8628568249005136,-0.20679364850592954,0.7259350148955465,0.2289884867496128,-0.8546207383765094,-1.5496634070223647,0.7525916897556012,-0.09262167749738877,0.0692820323027559,0.2465984809580359,-0.26720699091482264,0.6503375303291306,0.5405377599750526,-0.7266226911401854,-0.690491394346993,-0.5755115693951635,-0.5595719370593745,-0.5951284714867237
-0.8445830947783852,1.0302090621398854,0.19094668233604659,-0.20679364850592954,-0.2107969184402693,-0.8427310930959744,-1.399772413034151,-1.0590212998330302,-0.6091671364084753,-0.22434957271470016,0.0692820323027559,0.2465984809580359,-0.7360494050619387,-0.9821675922718247,0.5405377599750526,1.37623007400284,-0.690491394346993,-0.5755115693951635,1.7870803265351975,-0.5951284714867237
-0.844309017169454,0.07454385545754227,1.1344800740223193,-0.20679364850592954,0.9943030819846309,-0.8490908906609207,0.7808342855964149,-0.5683791926436955,0.7525916897556012,-0.21137109213405292,0.0692820323027559,0.2465984809580359,-0.3106847574727299,-0.0842897748412993,-1.8500095165343355,1.37623007400284,-0.690491394346993,1.7375845303178776,-0.5595719370593745,-0.5951284714867237
-0.9988887886066621,1.7610118672499127,-0.7096988279099411,-0.20679364850592954,-0.4675654791328331,-0.9983411829613685,-0.8546207383765094,-0.5683791926436955,-0.803704111574772,-0.2367928608560287,0.0692820323027559,0.2465984809580359,2.3379457974200895,-1.227043360661968,0.5405377599750526,1.37623007400284,-0.690491394346993,-0.5755115693951635,1.7870803265351975,-0.5951284714867237
0.01564374055336489,1.9858742688222286,0.2624264847365218,6.431744946342572,-0.31734366651883095,0.024767518456019596,-0.8546207383765094,-0.5683791926436955,1.3362026152544912,0.07147588173875354,0.0692820323027559,0.2465984809580359,0.39351275372174155,-0.24754028710139483,0.5405377599750526,-0.7266226911401854,1.4482439726069483,-0.5755115693951635,1.7870803265351975,-0.5951284714867237
-0.40670985480964505,1.7610118672499127,-0.38089173686775507,4.772110297630447,-0.1041014587412393,-0.4243642282683591,0.7808342855964149,1.394189236113643,3.6706463172500507,-0.17057255304718658,0.0692820323027559,0.2465984809580359,-0.26720699091482264,-0.9821675922718247,-1.8500095165343355,1.37623007400284,-0.690491394346993,-0.5755115693951635,1.7870803265351975,-0.5951284714867237
-0.670749371313759,0.018328255064463266,-0.20934021110661458,-0.20679364850592954,2.245475480826657,-0.6674278968310965,-1.399772413034151,-0.07773708545436095,-0.22009318607588202,-0.17233170683688448,0.0692820323027559,0.2465984809580359,-0.8861388651365418,-0.6556665677516337,0.5405377599750526,-0.7266226911401854,-0.690491394346993,-0.5755115693951635,-0.5595719370593745,-0.5951284714867237
-0.7607838658476648,-1.330846154369433,0.5340497338583277,-0.20679364850592954,-1.0460972706429386,-0.7680227310341248,-0.8546207383765094,0.4129050217349737,0.7525916897556012,-0.17609861686650674,0.0692820323027559,0.2465984809580359,0.03122273848981055,-0.5740413116215859,-1.8500095165343355,-0.7266226911401854,1.4482439726069483,-0.5755115693951635,-0.5595719370593745,1.6803094590682988
-0.03228558130848222,-0.4313965480801688,-0.995618037511842,-0.20679364850592954,-0.37464892026821983,-0.023566965496397474,-0.30946906371886795,1.8848313433029775,-0.9982410867410686,0.05356415996620656,0.0692820323027559,0.2465984809580359,-0.7163784210106795,1.6298406038897038,0.5405377599750526,-0.7266226911401854,1.4482439726069483,1.7375845303178776,-0.5595719370593745,-0.5951284714867237
2.569807237884519,-1.387061754762512,0.2767224452166169,-0.20679364850592954,-0.8267655784065193,2.600522187580071,0.7808342855964149,-0.07773708545436095,-0.6091671364084753,0.5492596699641634,0.0692820323027559,0.2465984809580359,-0.28898293331972064,-1.553544385182159,0.5405377599750526,-0.7266226911401854,1.4482439726069483,-0.5755115693951635,-0.5595719370593745,1.6803094590682988
-0.9306777236839047,0.7491310601744904,1.30603159978346,6.431744946342572,-0.07671288064052474,-0.9329189589214427,1.3259859602540562,0.4129050217349737,-0.025556210909585365,-0.23221824071145467,0.0692820323027559,0.2465984809580359,-1.0978057688802711,1.3849648354995603,-1.8500095165343355,-0.7266226911401854,1.4482439726069483,-0.5755115693951635,1.7870803265351975,-0.5951284714867237
0.5279633110480475,-0.8811213512248008,-0.23793213206680466,-0.20679364850592954,0.9949235684010673,0.5414178923119484,0.23568261093877343,-0.5683791926436955,-0.6091671364084753,-0.05534602967151726,0.0692820323027559,0.2465984809580359,-0.26720699091482264,-1.227043360661968,0.5405377599750526,-0.7266226911401854,1.4482439726069483,1.7375845303178776,-0.5595719370593745,-0.5951284714867237
-0.6610881355989335,0.9739934617468065,-0.42377961830804023,-0.20679364850592954,-0.16320407190352854,-0.6576849915597731,-0.30946906371886795,0.9035471289243083,-0.9982410867410686,-0.21337259722112584,0.0692820323027559,0.2465984809580359,-0.5014503141838478,0.6503375303291306,0.5405377599750526,-0.7266226911401854,-0.690491394346993,-0.5755115693951635,1.7870803265351975,-0.5951284714867237
-0.04146718120767811,0.4680530582090954,-0.15215636918623443,-0.20679364850592954,0.3211496759614405,-0.06986560243518769,0.23568261093877343,0.9035471289243083,0.16898076425671127,-0.11674002914168546,0.0692820323027559,0.2465984809580359,1.7826370306196244,-1.3086686167920156,-1.8500095165343355,1.37623007400284,-0.690491394346993,-0.5755115693951635,-0.5595719370593745,-0.5951284714867237
-0.8041909071621467,-1.105983752797117,-1.2672412866336478,-0.20679364850592954,-1.0445383626214786,-0.8019974572275684,0.23568261093877343,3.847399772060316,-0.41463016124217866,-0.2156276054827732,0.0692820323027559,0.2465984809580359,-0.26720699091482264,-0.4924160554915381,0.5405377599750526,1.37623007400284,-0.690491394346993,-0.5755115693951635,-0.5595719370593745,1.6803094590682988
-0.22201580609111926,0.5804842589952534,0.3624982080971871,-0.20679364850592954,-0.62894835526232,-0.24510317472116597,-0.30946906371886795,-0.5683791926436955,0.7525916897556012,0.20877138815860216,0.0692820323027559,0.2465984809580359,1.7828890326760458,-0.4107907993614904,-1.8500095165343355,1.37623007400284,-0.690491394346993,-0.5755115693951635,1.7870803265351975,-0.5951284714867237
2.478916250822704,-1.387061754762512,-0.22363617158670962,-0.20679364850592954,1.1057880814601198,2.5088628695487896,-0.30946906371886795,-0.07773708545436095,-0.025556210909585365,0.5984388461218157,0.0692820323027559,0.2465984809580359,-0.5449577280425106,-1.7167948974422544,0.5405377599750526,-0.7266226911401854,-0.690491394346993,-0.5755115693951635,-0.5595719370593745,1.6803094590682988
0.607000441523588,0.6366998593883324,-0.995618037511842,-0.20679364850592954,-0.7578428703064153,0.5595265736993464,1.8711376349116977,1.394189236113643,-0.41463016124217866,-0.11001531892068585,0.0692820323027559,-4.0551750201988135,0.393379340868342,-0.4107907993614904,-1.8500095165343355,-0.7266226911401854,1.4482439726069483,1.7375845303178776,-0.5595719370593745,-0.5951284714867237
-0.7000414157682832,-1.387061754762512,-0.681106906949751,-0.20679364850592954,-1.0158806077598717,-0.7090670923883868,-0.30946906371886795,-1.0590212998330302,-0.803704111574772,-0.20454017424101723,0.0692820323027559,0.2465984809580359,-0.26720699091482264,0.48708701806903504,-1.8500095165343355,-0.7266226911401854,1.4482439726069483,-0.5755115693951635,-0.5595719370593745,1.6803094590682988
0.10578101419061983,1.0302090621398854,-0.009196764385283997,-0.20679364850592954,-0.20272033905277154,0.1156667516788997,-1.9449240876917921,-0.5683791926436955,1.3362026152544912,0.18673561590885074,0.0692820323027559,0.2465984809580359,-1.012480837306008,1.140089067109417,0.5405377599750526,-0.7266226911401854,-0.690491394346993,-0.5755115693951635,1.7870803265351975,-0.5951284714867237
-0.1891264930193729,-1.49949295554867,2.1637892285891622,-0.20679364850592954,-0.9706184312749516,-0.2131813399214432,2.416289309569339,-0.5683791926436955,-0.9982410867410686,-0.10176296952155925,0.0692820323027559,-4.0551750201988135,1.288935354789041,1.140089067109417,-1.8500095165343355,-0.7266226911401854,-0.690491394346993,-0.5755115693951635,-0.5595719370593745,1.6803094590682988
-0.6010993989441128,-1.274630553976354,0.5054578128981375,-0.20679364850592954,-1.2272869962227178,-0.5971891506729381,-0.30946906371886795,-0.07773708545436095,0.16898076425671127,-0.19119212607198408,0.0692820323027559,0.2465984809580359,-0.26720699091482264,0.6503375303291306,0.5405377599750526,-0.7266226911401854,1.4482439726069483,-0.5755115693951635,-0.5595719370593745,1.6803094590682988
-0.5565275277916731,1.5361494656775965,-0.995618037511842,-0.20679364850592954,0.19584731574968958,-0.5522404990488531,-0.8546207383765094,1.394189236113643,0.5580547145893046,-0.10698994078893312,0.0692820323027559,0.2465984809580359,-0.5014206668830923,-1.1454181045319203,0.5405377599750526,-0.7266226911401854,1.4482439726069483,-0.5755115693951635,1.7870803265351975,-0.5951284714867237
-0.7446475466218392,0.4680530582090954,-0.8812503536710816,-0.20679364850592954,0.743175306896034,-0.7523610808355107,-0.30946906371886795,-0.07773708545436095,-0.803704111574772,-0.16569502283927828,0.0692820323027559,0.2465984809580359,0.18108984380874765,0.48708701806903504,-1.8500095165343355,1.37623007400284,-0.690491394346993,-0.5755115693951635,-0.5595719370593745,-0.5951284714867237
-0.21300550469750543,0.35562185742293734,0.7913770225000384,-0.20679364850592954,0.2715081986530771,-0.20581457296530384,-0.8546207383765094,0.4129050217349737,0.7525916897556012,0.012894575639258516,0.0692820323027559,0.2465984809580359,0.011077397626463729,0.813588042589226,0.5405377599750526,1.37623007400284,-0.690491394346993,-0.5755115693951635,1.7870803265351975,-0.5951284714867237
-0.1530167680426846,1.7047962668568335,1.4632871650645054,-0.20679364850592954,-0.6035468720902756,-0.14531873207846874,0.23568261093877343,-0.5683791926436955,1.1416656400881946,-0.13727990690637826,0.0692820323027559,0.2465984809580359,-0.26720699091482264,0.8952132987192738,0.5405377599750526,-0.7266226911401854,-0.690491394346993,-0.5755115693951635,1.7870803265351975,-0.5951284714867237
-0.8670231990096288,-0.9373369516178799,1.2202558369028897,-0.20679364850592954,-1.2307227474542248,-0.8653608908006442,0.23568261093877343,-1.5496634070223647,-0.6091671364084753,-0.2201356796094589,0.0692820323027559,0.2465984809580359,-0.0304436470815819,-0.7372918238816814,0.5405377599750526,-0.7266226911401854,1.4482439726069483,-0.5755115693951635,-0.5595719370593745,1.6803094590682988
-0.142327741294367,0.5242686586021743,-1.2100574447132675,-0.20679364850592954,0.46046169641867973,-0.13453934752296184,0.23568261093877343,-0.5683791926436955,0.7525916897556012,-0.03219376708587757,0.0692820323027559,0.2465984809580359,0.4138359783896213,0.40546176193898725,0.5405377599750526,-0.7266226911401854,-0.690491394346993,-0.5755115693951635,1.7870803265351975,-0.5951284714867237
5.555266112570064,-0.8249057508317219,0.5912335757787078,-0.20679364850592954,1.532226345133089,5.611218113656928,0.23568261093877343,1.394189236113643,0.16898076425671127,1.023271273818003,0.0692820323027559,-4.0551750201988135,-0.6717592333736864,0.8952132987192738,0.5405377599750526,-0.7266226911401854,-0.690491394346993,-0.5755115693951635,-0.5595719370593745,-0.5951284714867237
-0.8079252145838345,0.6366998593883324,-1.009913997991937,-0.20679364850592954,1.855792063350444,-0.8057633319601013,-0.30946906371886795,-0.07773708545436095,-1.5818520122399586,-0.22938800750102564,0.0692820323027559,0.2465984809580359,0.8846647616873543,-1.3086686167920156,0.5405377599750526,1.37623007400284,-0.690491394346993,-0.5755115693951635,-0.5595719370593745,-0.5951284714867237
0.7063193150600389,-1.274630553976354,-1.2100574447132675,-0.20679364850592954,-1.196483178838147,0.7212815974272329,-0.8546207383765094,-0.07773708545436095,-0.803704111574772,-0.12068958154068357,0.0692820323027559,0.2465984809580359,0.18214232298556715,-0.0842897748412993,0.5405377599750526,-0.7266226911401854,1.4482439726069483,-0.5755115693951635,-0.5595719370593745,1.6803094590682988
-0.23054647166910341,0.07454385545754227,-1.367313009994313,-0.20679364850592954,0.8313946297486163,-0.22350381941536634,0.7808342855964149,-2.0403055142116995,-0.41463016124217866,-0.1466080934628249,0.0692820323027559,0.2465984809580359,-0.26720699091482264,-1.1454181045319203,0.5405377599750526,-0.7266226911401854,1.4482439726069483,1.7375845303178776,-0.5595719370593745,-0.5951284714867237
-0.5824963812379063,0.41183745781601633,-0.6382190255094659,-0.20679364850592954,0.25739854266279144,-0.5784288756292193,-0.30946906371886795,-0.5683791926436955,-0.41463016124217866,-0.1741827550153359,0.0692820323027559,0.2465984809580359,-1.035561260944147,0.40546176193898725,0.5405377599750526,-0.7266226911401854,-0.690491394346993,-0.5755115693951635,1.7870803265351975,-0.5951284714867237
-0.8276245427257659,-0.9935525520109589,0.319610326656902,-0.20679364850592954,-0.4015939275009862,-0.825629184906949,-0.8546207383765094,0.9035471289243083,-0.025556210909585365,-0.20346993888697154,0.0692820323027559,0.2465984809580359,1.2913516098006124,0.07896073741879621,0.5405377599750526,-0.7266226911401854,1.4482439726069483,-0.5755115693951635,-0.5595719370593745,1.6803094590682988
0.8164642541492728,-0.09410294572169475,-1.395904930954503,-0.20679364850592954,1.1609293247323509,0.8323576273822155,-1.399772413034151,-1.0590212998330302,-0.025556210909585365,0.23079607507198366,0.0692820323027559,0.2465984809580359,-0.7167341886197454,-0.16591503097134708,0.5405377599750526,-0.7266226911401854,1.4482439726069483,1.7375845303178776,-0.5595719370593745,-0.5951284714867237
-0.12118950570554664,-0.2627497469009318,0.23383456377633172,-0.20679364850592954,0.1531747726556815,-0.1472427999132657,-0.30946906371886795,0.4129050217349737,-1.387315037073662,-0.10725750374172617,0.0692820323027559,0.2465984809580359,-0.9707819087934291,-1.4719191290521112,-1.8500095165343355,-0.7266226911401854,-0.690491394346993,1.7375845303178776,-0.5595719370593745,-0.5951284714867237
1.1873597784354462,-0.8811213512248008,-0.681106906949751,-0.20679364850592954,-1.018106154079982,1.206388451734515,-1.9449240876917921,-1.5496634070223647,-0.6091671364084753,0.023990959569282124,0.0692820323027559,0.2465984809580359,-0.26720699091482264,1.140089067109417,0.5405377599750526,-0.7266226911401854,-0.690491394346993,1.7375845303178776,-0.5595719370593745,-0.5951284714867237
-0.48112192563447126,-1.387061754762512,2.292452872910018,-0.20679364850592954,-0.9149695172983638,-0.47619746889926784,0.7808342855964149,-1.0590212998330302,1.1416656400881946,-0.21187248027708283,0.0692820323027559,0.2465984809580359,-0.8637699767165343,0.48708701806903504,0.5405377599750526,1.37623007400284,-0.690491394346993,-0.5755115693951635,-0.5595719370593745,1.6803094590682988
-0.06164614516523913,-1.105983752797117,0.1623547613758565,-0.20679364850592954,-0.8213504242267111,-0.05317572371456857,-0.30946906371886795,0.9035471289243083,-0.025556210909585365,-0.1566837507060624,0.0692820323027559,0.2465984809580359,0.5854642024630786,-0.6556665677516337,0.5405377599750526,-0.7266226911401854,-0.690491394346993,-0.5755115693951635,-0.5595719370593745,1.6803094590682988
-0.4167822069378674,0.6929154597814113,-0.43807557878813524,-0.20679364850592954,-0.3554369172998006,-0.41131386570939,-0.30946906371886795,0.4129050217349737,-0.41463016124217866,-0.18216289362066385,0.0692820323027559,0.2465984809580359,-0.9933435046683473,-0.4107907993614904,0.5405377599750526,-0.7266226911401854,-0.690491394346993,-0.5755115693951635,1.7870803265351975,-0.5951284714867237
0.9699477151507562,0.4680530582090954,-0.35229981590756504,-0.20679364850592954,0.1424803559492519,0.9871385338202632,2.416289309569339,-0.5683791926436955,-0.025556210909585365,-0.01681410919513246,0.0692820323027559,0.2465984809580359,1.1844434432763615,0.7319627864591783,0.5405377599750526,-0.7266226911401854,-0.690491394346993,1.7375845303178776,-0.5595719370593745,-0.5951284714867237
0.0079695675032907,-0.9935525520109589,0.03369111705500113,-0.20679364850592954,-0.960549628971871,0.017028473134117195,-1.399772413034151,0.4129050217349737,0.5580547145893046,-0.14230694986757342,0.0692820323027559,0.2465984809580359,-0.692482696601765,-0.9005423361417769,0.5405377599750526,-0.7266226911401854,-0.690491394346993,-0.5755115693951635,-0.5595719370593745,1.6803094590682988
0.17830880145404376,0.1869750562437003,1.5204710069848855,-0.20679364850592954,0.3941670816113329,0.1888076398327715,-0.30946906371886795,2.3754734504923123,-0.025556210909585365,-0.12219822285629753,0.0692820323027559,0.2465984809580359,-0.48253533630185336,-0.16591503097134708,0.5405377599750526,-0.7266226911401854,1.4482439726069483,1.7375845303178776,-0.5595719370593745,-0.5951284714867237
0.021844746455433744,-1.162199353190196,-0.6096271045492758,6.431744946342572,-0.9034033428167757,0.0310209434705925,0.7808342855964149,-0.07773708545436095,-0.803704111574772,-0.11624099211004425,0.0692820323027559,0.2465984809580359,-0.26720699091482264,-0.6556665677516337,0.5405377599750526,-0.7266226911401854,1.4482439726069483,-0.5755115693951635,-0.5595719370593745,1.6803094590682988
-0.6528658073309969,-0.9935525520109589,-0.666810946469656,-0.20679364850592954,-0.9502757071922827,-0.6493931572863062,-1.399772413034151,0.4129050217349737,0.9471286649218978,-0.19872371130669586,0.0692820323027559,0.2465984809580359,-0.4154583183425863,0.24221124967889174,0.5405377599750526,1.37623007400284,-0.690491394346993,-0.5755115693951635,-0.5595719370593745,1.6803094590682988
-0.6823976696933358,-0.9935525520109589,-1.0242099584720321,-0.20679364850592954,-1.0772856870459617,-0.6791746620518412,0.7808342855964149,-0.5683791926436955,0.16898076425671127,-0.18330845138583746,0.0692820323027559,0.2465984809580359,0.9908613929934732,1.0584638109793694,0.5405377599750526,-0.7266226911401854,1.4482439726069483,-0.5755115693951635,-0.5595719370593745,1.6803094590682988
-0.3364432078199036,1.3675026644983594,0.648417417699088,-0.20679364850592954,0.5513834683742537,-0.33029573499572457,0.23568261093877343,0.4129050217349737,-1.5818520122399586,-0.09875496474523751,0.0692820323027559,0.2465984809580359,0.393542401022497,-1.1454181045319203,0.5405377599750526,1.37623007400284,-0.690491394346993,-0.5755115693951635,1.7870803265351975,-0.5951284714867237
-0.6201477927648326,-0.09410294572169475,1.8206861770668814,-0.20679364850592954,-0.6393479127212696,-0.6163985667398029,-0.30946906371886795,-0.07773708545436095,0.9471286649218978,-0.16154022137650084,0.0692820323027559,0.2465984809580359,-0.8861092178357863,0.9768385548493216,0.5405377599750526,1.37623007400284,-0.690491394346993,1.7375845303178776,-0.5595719370593745,-0.5951284714867237
1.2716729028829126,-1.387061754762512,0.30531436617680696,-0.20679364850592954,-1.0590890254862564,1.2914143023470226,0.23568261093877343,-0.5683791926436955,0.16898076425671127,0.25109155701662134,0.0692820323027559,0.2465984809580359,0.03214180481323031,0.16058599354884398,0.5405377599750526,-0.7266226911401854,-0.690491394346993,-0.5755115693951635,-0.5595719370593745,1.6803094590682988
-0.8533535782641843,-1.274630553976354,-0.7239947883900362,-0.20679364850592954,-0.4489739625808501,-0.8515757163210056,1.3259859602540562,-0.5683791926436955,0.7525916897556012,-0.22154273924702464,0.0692820323027559,0.2465984809580359,-0.26720699091482264,-1.553544385182159,0.5405377599750526,1.37623007400284,-0.690491394346993,-0.5755115693951635,-0.5595719370593745,1.6803094590682988
-0.615077356999605,-0.7124745500455638,-1.2672412866336478,-0.20679364850592954,2.1656327245959646,-0.6266023524891028,1.8711376349116977,-0.07773708545436095,-1.5818520122399586,0.054394164532859765,0.0692820323027559,0.2465984809580359,1.781599375093183,-0.16591503097134708,-1.8500095165343355,1.37623007400284,-0.690491394346993,-0.5755115693951635,-0.5595719370593745,-0.5951284714867237
-0.8706547273279674,-1.105983752797117,-0.5667392231089906,-0.20679364850592954,-1.163089728062664,-0.8690231176047587,-0.8546207383765094,0.4129050217349737,-0.803704111574772,-0.17808685998986423,0.0692820323027559,0.2465984809580359,0.1381012577133058,-1.3902938729220635,0.5405377599750526,-0.7266226911401854,-0.690491394346993,-0.5755115693951635,-0.5595719370593745,1.6803094590682988
-0.6355989179683301,-1.218414953583275,-0.9813220770317469,-0.20679364850592954,-1.0727756225562446,-0.6319803053120259,-1.399772413034151,-0.07773708545436095,0.5580547145893046,-0.046890257959029714,0.0692820323027559,0.2465984809580359,0.4579659855641489,-0.24754028710139483,0.5405377599750526,1.37623007400284,-0.690491394346993,-0.5755115693951635,-0.5595719370593745,1.6803094590682988
-0.09367896570907554,-0.7686901504386429,-1.1099857213526023,-0.20679364850592954,0.07709083083199628,-0.08547932807161648,-0.8546207383765094,1.394189236113643,1.3362026152544912,0.16655199789826783,0.0692820323027559,0.2465984809580359,-0.352472627887575,1.5482153477596559,0.5405377599750526,-0.7266226911401854,-0.690491394346993,1.7375845303178776,-0.5595719370593745,-0.5951284714867237
-0.7246741408709766,-0.7686901504386429,-1.3816089704744081,-0.20679364850592954,-1.0952721011422464,-0.7218085099412499,-1.9449240876917921,-2.0403055142116995,-0.22009318607588202,-0.1531971838285379,0.0692820323027559,0.2465984809580359,-0.7995094523290376,-0.9821675922718247,0.5405377599750526,1.37623007400284,-0.690491394346993,-0.5755115693951635,-0.5595719370593745,-0.5951284714867237
-0.4633068810539419,-0.4876121484732478,0.39109012905737717,-0.20679364850592954,0.618624196766993,-0.458231827973423,2.416289309569339,0.4129050217349737,-2.1654629377388486,-0.066935069538649,0.0692820323027559,-4.0551750201988135,-1.0594273380523058,1.5482153477596559,0.5405377599750526,-0.7266226911401854,1.4482439726069483,1.7375845303178776,-0.5595719370593745,-0.5951284714867237
2.1547166991581865,0.6929154597814113,-0.18074829014642452,-0.20679364850592954,-0.5113123354850511,2.181922754007887,-0.30946906371886795,-0.07773708545436095,0.5580547145893046,0.6964485323053069,0.0692820323027559,0.2465984809580359,-1.0561068403676925,0.32383650580893947,0.5405377599750526,-0.7266226911401854,-0.690491394346993,1.7375845303178776,-0.5595719370593745,-0.5951284714867237
1.1396360147802975,-1.330846154369433,-0.8240665117507014,-0.20679364850592954,-1.2162284924454867,1.1582612636389347,2.416289309569339,-1.0590212998330302,0.16898076425671127,0.10536180334172908,0.0692820323027559,-4.0551750201988135,-0.9924837329464384,-1.3902938729220635,0.5405377599750526,-0.7266226911401854,-0.690491394346993,-0.5755115693951635,-0.5595719370593745,1.6803094590682988
-0.5333679698369851,-1.218414953583275,-1.009913997991937,-0.20679364850592954,-1.1082433440379134,-0.5288851658452549,0.23568261093877343,0.9035471289243083,-0.6091671364084753,-0.18304284422395264,0.0692820323027559,0.2465984809580359,-0.26720699091482264,0.24221124967889174,0.5405377599750526,1.37623007400284,-0.690491394346993,-0.5755115693951635,-0.5595719370593745,1.6803094590682988
2.8057880591742994,0.6366998593883324,-0.22363617158670962,-0.20679364850592954,-0.9541037494226108,2.8384978312285685,-1.399772413034151,-0.07773708545436095,1.1416656400881946,0.7152030579444701,0.0692820323027559,0.2465984809580359,-0.35299145565079587,1.5482153477596559,0.5405377599750526,-0.7266226911401854,-0.690491394346993,-0.5755115693951635,1.7870803265351975,-0.5951284714867237
0.5888085402307783,-1.387061754762512,0.41968205001756725,-0.20679364850592954,0.9041299961183106,0.6027774659356028,-1.399772413034151,-0.07773708545436095,1.1416656400881946,-0.15081855933097477,0.0692820323027559,0.2465984809580359,4.408720813287904,0.48708701806903504,0.5405377599750526,-0.7266226911401854,-0.690491394346993,-0.5755115693951635,-0.5595719370593745,1.6803094590682988
-0.3353811570852951,-0.09410294572169475,2.363932675310493,-0.20679364850592954,0.6307800897435412,-0.3292247064020684,0.23568261093877343,-1.0590212998330302,0.16898076425671127,-0.15922154943398126,0.0692820323027559,0.2465984809580359,-0.26720699091482264,-0.4107907993614904,0.5405377599750526,-0.7266226911401854,-0.690491394346993,1.7375845303178776,-0.5595719370593745,-0.5951284714867237
-0.8336885098233693,1.3112870641052805,-1.1814655237530776,-0.20679364850592954,2.4791322045036956,-0.8317444126836308,0.7808342855964149,-1.0590212998330302,0.5580547145893046,-0.2085061211276081,0.0692820323027559,0.2465984809580359,1.4386542236042004,1.6298406038897038,0.5405377599750526,-0.7266226911401854,1.4482439726069483,-0.5755115693951635,-0.5595719370593745,-0.5951284714867237
-0.9325962669464233,0.6929154597814113,-0.7668826698303213,-0.20679364850592954,0.8978456481568003,-0.9314882691315421,-1.399772413034151,-0.07773708545436095,-1.1927780619073654,-0.21723379977534704,0.0692820323027559,0.2465984809580359,0.6924613108895957,-0.002664518711251552,0.5405377599750526,1.37623007400284,-0.690491394346993,1.7375845303178776,-0.5595719370593745,-0.5951284714867237
0.149222315206218,-1.49949295554867,0.40538608953747224,-0.20679364850592954,-1.1801890004230522,0.15947527609038256,1.3259859602540562,0.9035471289243083,0.5580547145893046,-0.10091523090064582,0.0692820323027559,0.2465984809580359,-0.26720699091482264,1.3849648354995603,0.5405377599750526,-0.7266226911401854,1.4482439726069483,-0.5755115693951635,-0.5595719370593745,1.6803094590682988
1.3978171223935068,-0.2627497469009318,0.062283038015191215,3.1124756489183216,2.484611458519913,1.418624859825793,0.23568261093877343,1.394189236113643,0.16898076425671127,0.009959496363106432,0.0692820323027559,0.2465984809580359,-0.949243144794575,0.813588042589226,0.5405377599750526,1.37623007400284,-0.690491394346993,-0.5755115693951635,-0.5595719370593745,-0.5951284714867237
-0.6717771623472512,0.07454385545754227,1.1344800740223193,-0.20679364850592954,-0.528652623230336,-0.681634265607375,-1.399772413034151,0.9035471289243083,0.5580547145893046,-0.21795476616479142,0.0692820323027559,0.2465984809580359,-0.4403027563756761,1.5482153477596559,-1.8500095165343355,-0.7266226911401854,1.4482439726069483,1.7375845303178776,-0.5595719370593745,-0.5951284714867237
-0.9998138005368049,-0.3751809476870898,0.6341214572189929,-0.20679364850592954,0.19114238775729,-0.9992740143171335,0.23568261093877343,0.4129050217349737,1.1416656400881946,-0.23970888550870934,0.0692820323027559,0.2465984809580359,2.2736111547807045,-0.4924160554915381,0.5405377599750526,1.37623007400284,-0.690491394346993,1.7375845303178776,-0.5595719370593745,-0.5951284714867237
-0.7237148692397173,0.41183745781601633,-1.367313009994313,-0.20679364850592954,-0.9137618763804237,-0.7320441630619372,1.8711376349116977,1.394189236113643,3.6706463172500507,-0.2051446915023169,0.0692820323027559,0.2465984809580359,-0.9504142131744164,-0.4107907993614904,-1.8500095165343355,1.37623007400284,-0.690491394346993,-0.5755115693951635,1.7870803265351975,-0.5951284714867237
-1.0015610452937413,-0.31896534729401077,-1.009913997991937,-0.20679364850592954,2.315034059303936,-1.0010360291002451,-1.9449240876917921,-1.0590212998330302,-1.387315037073662,-0.2389654207611894,0.0692820323027559,-4.0551750201988135,0.39535088636858123,1.3849648354995603,0.5405377599750526,-0.7266226911401854,-0.690491394346993,-0.5755115693951635,-0.5595719370593745,-0.5951284714867237
-0.24051604469397664,-1.49949295554867,-0.7811786303104162,-0.20679364850592954,-1.118724949287466,-0.23355766847194495,-0.8546207383765094,-0.07773708545436095,-1.387315037073662,-0.1083526927082765,0.0692820323027559,0.2465984809580359,-0.2046660099711436,-1.6351696413122068,0.5405377599750526,-0.7266226911401854,1.4482439726069483,-0.5755115693951635,-0.5595719370593745,1.6803094590682988
-0.7995658475114324,0.35562185742293734,-1.1814655237530776,-0.20679364850592954,1.903990012342883,-0.7973333004487436,0.23568261093877343,1.394189236113643,1.3362026152544912,-0.21507112948404575,0.0692820323027559,0.2465984809580359,-0.26720699091482264,0.6503375303291306,0.5405377599750526,-0.7266226911401854,-0.690491394346993,-0.5755115693951635,-0.5595719370593745,-0.5951284714867237
0.000912069073311779,-0.9373369516178799,-0.33800385542746997,-0.20679364850592954,-0.880517137225409,-0.02873298821929489,0.7808342855964149,1.394189236113643,1.1416656400881946,0.32252904054825793,0.0692820323027559,0.2465984809580359,-0.5013761959319591,0.32383650580893947,-1.8500095165343355,-0.7266226911401854,-0.690491394346993,-0.5755115693951635,-0.5595719370593745,1.6803094590682988
-0.2188639135884102,-1.443277355155591,2.5354842010716334,-0.20679364850592954,-0.9954250679651233,-0.21172250488514888,-0.30946906371886795,-1.5496634070223647,-0.025556210909585365,-0.08456158352899962,0.0692820323027559,0.2465984809580359,-0.352813571846263,-0.3291655432314426,0.5405377599750526,-0.7266226911401854,1.4482439726069483,-0.5755115693951635,-0.5595719370593745,1.6803094590682988
0.0680953429625771,1.2550714637122016,-1.4816806938350733,-0.20679364850592954,2.4421978787649956,0.03647400974138888,-1.399772413034151,-0.07773708545436095,-0.803704111574772,-0.04715508005614459,0.0692820323027559,0.2465984809580359,-0.0539243092799199,1.0584638109793694,-1.8500095165343355,-0.7266226911401854,1.4482439726069483,-0.5755115693951635,-0.5595719370593745,-0.5951284714867237
3.2138896188728863,-1.387061754762512,-0.02349272486537904,-0.20679364850592954,-1.2035521087972998,3.0897310045123736,0.23568261093877343,-0.5683791926436955,-0.025556210909585365,0.4165760163843887,0.0692820323027559,0.2465984809580359,-0.6100780241519161,1.3849648354995603,-1.8500095165343355,1.37623007400284,-0.690491394346993,-0.5755115693951635,-0.5595719370593745,1.6803094590682988
0.27838138841505555,1.8734430680360705,0.0908749589753813,-0.20679364850592954,-0.7214495471870047,0.2897261728027575,-0.30946906371886795,-0.07773708545436095,-0.803704111574772,-0.13435357822931326,0.0692820323027559,0.2465984809580359,-0.6079434184975218,1.6298406038897038,0.5405377599750526,1.37623007400284,-0.690491394346993,-0.5755115693951635,1.7870803265351975,-0.5951284714867237
-0.25672088332203497,-0.31896534729401077,-0.4523715392682303,-0.20679364850592954,2.39786643190473,-0.2498994918525691,-0.8546207383765094,1.394189236113643,0.9471286649218978,-0.17727381198210404,0.0692820323027559,0.2465984809580359,-0.8448698224849176,-0.8189170800117291,0.5405377599750526,-0.7266226911401854,1.4482439726069483,-0.5755115693951635,-0.5595719370593745,-0.5951284714867237
0.034555095569619,1.7047962668568335,0.6055295362588028,-0.20679364850592954,-0.7849571011073007,0.003920388627921517,2.416289309569339,-0.5683791926436955,1.1416656400881946,-0.11947433289108535,0.0692820323027559,0.2465984809580359,-0.26720699091482264,-0.8189170800117291,-1.8500095165343355,-0.7266226911401854,1.4482439726069483,-0.5755115693951635,1.7870803265351975,-0.5951284714867237
-0.9302323475693914,-1.387061754762512,-1.4387928123947882,3.1124756489183216,-1.2215692908150606,-0.9291043667779204,-1.399772413034151,-1.0590212998330302,-0.41463016124217866,-0.2312357797754189,0.0692820323027559,0.2465984809580359,0.11651802276331845,-1.4719191290521112,0.5405377599750526,1.37623007400284,-0.690491394346993,-0.5755115693951635,-0.5595719370593745,1.6803094590682988
0.8226310003502255,-1.443277355155591,0.7913770225000384,-0.20679364850592954,-0.8482262036361562,0.7688141031050291,1.3259859602540562,1.394189236113643,-0.22009318607588202,0.15027404569690034,0.0692820323027559,0.2465984809580359,-0.6951064827186246,0.16058599354884398,-1.8500095165343355,-0.7266226911401854,1.4482439726069483,-0.5755115693951635,-0.5595719370593745,1.6803094590682988
-0.45152154386989946,0.8615622609606484,2.392524596270683,-0.20679364850592954,-0.7819008209073331,-0.44634686551478725,-0.30946906371886795,0.4129050217349737,-0.9982410867410686,-0.17213547470063909,0.0692820323027559,0.2465984809580359,-0.4580466658778292,0.40546176193898725,0.5405377599750526,-0.7266226911401854,1.4482439726069483,1.7375845303178776,-0.5595719370593745,-0.5951284714867237
-0.0758296614274299,-0.4876121484732478,-0.7525867093502262,-0.20679364850592954,1.1751928203300173,-0.06747913783629898,-0.8546207383765094,-1.5496634070223647,-0.41463016124217866,-0.11237143715965488,0.0692820323027559,0.2465984809580359,0.6285862014119202,-0.6556665677516337,0.5405377599750526,-0.7266226911401854,-0.690491394346993,-0.5755115693951635,-0.5595719370593745,-0.5951284714867237
-0.9815533798417625,0.35562185742293734,-0.35229981590756504,-0.20679364850592954,-0.5446570703848632,-0.9808592323681427,0.7808342855964149,-0.5683791926436955,0.16898076425671127,-0.23640246637647547,0.0692820323027559,0.2465984809580359,1.0131413395112145,-1.3086686167920156,0.5405377599750526,1.37623007400284,-0.690491394346993,1.7375845303178776,-0.5595719370593745,-0.5951284714867237
0.18005604621098026,-1.330846154369433,1.0772962321019393,-0.20679364850592954,-1.2352892197999814,0.145141255705445,-1.399772413034151,0.4129050217349737,0.16898076425671127,-0.048563561420569015,0.0692820323027559,0.2465984809580359,-0.5240860283106547,-0.5740413116215859,-1.8500095165343355,-0.7266226911401854,-0.690491394346993,-0.5755115693951635,-0.5595719370593745,1.6803094590682988
-0.013888121808974072,-0.2627497469009318,-1.0670978399123172,-0.20679364850592954,-0.7241237923619762,-0.005013986309515433,0.7808342855964149,-0.07773708545436095,3.6706463172500507,-0.12054028445576848,0.0692820323027559,0.2465984809580359,-0.26720699091482264,1.0584638109793694,0.5405377599750526,-0.7266226911401854,1.4482439726069483,1.7375845303178776,-0.5595719370593745,-0.5951284714867237
3.375492629038956,-1.443277355155591,-0.7382907488701311,-0.20679364850592954,-0.8418418599298484,3.4130182984514006,0.23568261093877343,-1.0590212998330302,1.1416656400881946,0.28987619379298407,0.0692820323027559,0.2465984809580359,1.4397808210329088,-1.553544385182159,0.5405377599750526,1.37623007400284,-0.690491394346993,-0.5755115693951635,-0.5595719370593745,1.6803094590682988
-0.6053476018825467,-0.2627497469009318,-0.9670261165516518,-0.20679364850592954,0.9987054587491814,-0.6014732650475624,1.3259859602540562,3.847399772060316,0.16898076425671127,-0.22288736649531563,0.0692820323027559,0.2465984809580359,0.13765654820197368,1.5482153477596559,0.5405377599750526,1.37623007400284,-0.690491394346993,-0.5755115693951635,-0.5595719370593745,-0.5951284714867237
-0.3730668283133379,0.5242686586021743,0.04798707753509617,-0.20679364850592954,-0.00954907205147571,-0.3672289468221247,1.3259859602540562,-1.5496634070223647,-0.22009318607588202,-0.16375579831250153,0.0692820323027559,0.2465984809580359,-0.26720699091482264,0.48708701806903504,0.5405377599750526,1.37623007400284,-0.690491394346993,-0.5755115693951635,1.7870803265351975,-0.5951284714867237
-0.8624666587611474,-1.387061754762512,-0.39518769734785014,-0.20679364850592954,-0.8858989594902845,-0.8607658326407648,-0.30946906371886795,0.4129050217349737,-0.22009318607588202,-0.21199341903334548,0.0692820323027559,0.2465984809580359,-0.9701000208760532,-0.0842897748412993,0.5405377599750526,-0.7266226911401854,-0.690491394346993,-0.5755115693951635,-0.5595719370593745,1.6803094590682988
-0.8774038884478987,-1.162199353190196,-1.5245685752753584,-0.20679364850592954,-1.0732807292671454,-0.875829331570896,1.3259859602540562,0.9035471289243083,-1.387315037073662,-0.19851982658935047,0.0692820323027559,0.2465984809580359,0.32925222933424475,-1.7167948974422544,0.5405377599750526,-0.7266226911401854,1.4482439726069483,-0.5755115693951635,-0.5595719370593745,1.6803094590682988
1.962519775895169,-0.8811213512248008,-0.9241382351113667,-0.20679364850592954,1.2822215991783728,1.9881011278655996,-0.8546207383765094,-1.0590212998330302,-0.6091671364084753,0.9087447354323732,0.0692820323027559,-4.0551750201988135,-0.3099880459049762,-0.0842897748412993,0.5405377599750526,1.37623007400284,-0.690491394346993,-0.5755115693951635,-0.5595719370593745,-0.5951284714867237
-0.9184812700864654,1.5923650660706756,0.13376284041566644,-0.20679364850592954,-0.996107090224512,-0.9172539536287575,2.416289309569339,0.4129050217349737,-0.9982410867410686,-0.22902348085827096,0.0692820323027559,0.2465984809580359,-0.03122930055160214,1.140089067109417,0.5405377599750526,-0.7266226911401854,1.4482439726069483,-0.5755115693951635,1.7870803265351975,-0.5951284714867237
-0.9997795408356885,0.2994062570298583,0.062283038015191215,-0.20679364850592954,2.275240880861407,-0.9992394650076607,-0.30946906371886795,-1.5496634070223647,0.16898076425671127,-0.23855565215265367,0.0692820323027559,0.2465984809580359,1.13929060422577,-1.3086686167920156,0.5405377599750526,-0.7266226911401854,1.4482439726069483,-0.5755115693951635,-0.5595719370593745,-0.5951284714867237
1.0955095197423712,-0.8811213512248008,-0.8383624722307964,-0.20679364850592954,0.9774140570876632,1.113761753037996,0.7808342855964149,0.4129050217349737,-0.803704111574772,0.13960568356135875,0.0692820323027559,0.2465984809580359,-0.6933721156244294,-0.24754028710139483,0.5405377599750526,1.37623007400284,-0.690491394346993,1.7375845303178776,-0.5595719370593745,-0.5951284714867237
-0.773322916456268,-1.274630553976354,1.9779417423479269,-0.20679364850592954,-0.8397598972432934,-0.7708685293925951,0.7808342855964149,-0.5683791926436955,0.16898076425671127,-0.21191364344682162,0.0692820323027559,0.2465984809580359,-0.26720699091482264,0.40546176193898725,0.5405377599750526,-0.7266226911401854,-0.690491394346993,-0.5755115693951635,-0.5595719370593745,1.6803094590682988
0.20599063995609712,0.4680530582090954,-1.353017049514218,-0.20679364850592954,0.6525868540897851,0.21672348188677662,1.3259859602540562,-1.5496634070223647,-1.5818520122399586,0.3636869552619334,0.0692820323027559,0.2465984809580359,3.2328495707241682,0.24221124967889174,0.5405377599750526,-0.7266226911401854,-0.690491394346993,-0.5755115693951635,1.7870803265351975,-0.5951284714867237
-0.28868518446363844,0.41183745781601633,0.5912335757787078,-0.20679364850592954,0.07336534833992174,-0.2821339975906713,-0.8546207383765094,-1.0590212998330302,0.7525916897556012,-0.15360320286905116,0.0692820323027559,0.2465984809580359,-0.26720699091482264,0.6503375303291306,0.5405377599750526,-0.7266226911401854,-0.690491394346993,-0.5755115693951635,1.7870803265351975,-0.5951284714867237
-0.7338557407701725,-0.7124745500455638,0.5483456943384226,-0.20679364850592954,2.068580444286262,-0.7310677248799545,0.23568261093877343,-0.07773708545436095,0.5580547145893046,-0.19400702155091032,0.0692820323027559,-4.0551750201988135,-0.6522364858262047,0.6503375303291306,0.5405377599750526,1.37623007400284,-0.690491394346993,-0.5755115693951635,-0.5595719370593745,-0.5951284714867237
0.03777550747456082,0.8053466605675694,-0.2665240530269948,-0.20679364850592954,1.0342577920149096,0.007046068285394365,-0.8546207383765094,-0.07773708545436095,0.3635177394230079,0.011407943279686953,0.0692820323027559,0.2465984809580359,-0.7130134523749329,1.0584638109793694,-1.8500095165343355,1.37623007400284,-0.690491394346993,1.7375845303178776,-0.5595719370593745,-0.5951284714867237
-0.6765050011013146,0.6929154597814113,0.6913052991393731,-0.20679364850592954,0.024321281506887782,-0.6732321808225232,0.23568261093877343,-0.07773708545436095,1.1416656400881946,-0.18119841498341446,0.0692820323027559,0.2465984809580359,0.30688334091423736,-0.9005423361417769,0.5405377599750526,1.37623007400284,-0.690491394346993,-0.5755115693951635,-0.5595719370593745,-0.5951284714867237
0.10896716639444509,-0.6000433492594058,-0.7382907488701311,-0.20679364850592954,1.147070940100787,0.11887983745986791,-1.399772413034151,1.394189236113643,-0.6091671364084753,-0.0144336980981537,0.0692820323027559,-4.0551750201988135,-0.8011993484720998,-0.9005423361417769,0.5405377599750526,-0.7266226911401854,1.4482439726069483,-0.5755115693951635,-0.5595719370593745,-0.5951284714867237
-0.9923109259923127,1.9296586684291497,-0.7811786303104162,-0.20679364850592954,0.1325320613386197,-0.9917077155425951,-0.8546207383765094,-1.0590212998330302,-0.22009318607588202,-0.23826175147545933,0.0692820323027559,0.2465984809580359,-0.26720699091482264,0.813588042589226,0.5405377599750526,-0.7266226911401854,-0.690491394346993,-0.5755115693951635,1.7870803265351975,-0.5951284714867237
-0.9421547235578996,0.9739934617468065,-1.0670978399123172,-0.20679364850592954,-0.288591043899339,-0.9411275264744474,-1.399772413034151,0.4129050217349737,0.7525916897556012,0.10397938349688139,0.0692820323027559,0.2465984809580359,0.5432612698376569,1.4665900916296082,0.5405377599750526,-0.7266226911401854,-0.690491394346993,-0.5755115693951635,1.7870803265351975,-0.5951284714867237
0.3267218266902993,-1.162199353190196,-0.2808200135070898,-0.20679364850592954,-1.1083253918285167,0.3384752484688477,0.23568261093877343,0.9035471289243083,-1.7763889874062553,2.8876451657345292,0.0692820323027559,0.2465984809580359,3.9807027322810797,-0.24754028710139483,0.5405377599750526,-0.7266226911401854,1.4482439726069483,-0.5755115693951635,-0.5595719370593745,1.6803094590682988
0.6888811271917901,-0.9373369516178799,1.7777982956265963,-0.20679364850592954,-0.8703047512887729,0.7036959989055888,0.7808342855964149,-0.07773708545436095,-0.22009318607588202,0.18800050987521283,0.0692820323027559,0.2465984809580359,-0.7798384682777785,0.24221124967889174,0.5405377599750526,-0.7266226911401854,1.4482439726069483,-0.5755115693951635,-0.5595719370593745,1.6803094590682988
-0.9866238156069899,0.7491310601744904,0.8485608644204186,-0.20679364850592954,1.9921221594179497,-0.9872193299922212,1.3259859602540562,-1.0590212998330302,-0.41463016124217866,-0.23772624657065902,0.0692820323027559,0.2465984809580359,-0.26720699091482264,1.221714323239465,-1.8500095165343355,-0.7266226911401854,1.4482439726069483,-0.5755115693951635,-0.5595719370593745,-0.5951284714867237
-0.5214113341473605,-0.3751809476870898,-1.367313009994313,-0.20679364850592954,0.033379870388167,-0.5168274568392552,0.23568261093877343,-0.07773708545436095,-0.41463016124217866,1.5982280717033328,0.0692820323027559,0.2465984809580359,-0.8017033525849429,1.5482153477596559,0.5405377599750526,-0.7266226911401854,1.4482439726069483,1.7375845303178776,-0.5595719370593745,-0.5951284714867237
-0.45063079164087305,-0.8249057508317219,0.7484891410597533,-0.20679364850592954,0.07265768614596974,-0.4454485834684951,1.3259859602540562,-1.0590212998330302,-0.803704111574772,0.018990852554948694,0.0692820323027559,0.2465984809580359,-0.9307135818224017,-0.4107907993614904,0.5405377599750526,-0.7266226911401854,-0.690491394346993,1.7375845303178776,-0.5595719370593745,-0.5951284714867237
-0.5558423337693451,-0.6562589496524849,-0.5381473021488006,-0.20679364850592954,1.2484230374367868,-0.5515495128593976,-0.30946906371886795,0.4129050217349737,-0.803704111574772,-0.08775816049770391,0.0692820323027559,0.2465984809580359,-0.7987386225093951,-0.4924160554915381,0.5405377599750526,1.37623007400284,-0.690491394346993,1.7375845303178776,-0.5595719370593745,-0.5951284714867237
-0.589964996081282,-1.330846154369433,0.2910184056967119,-0.20679364850592954,-1.2593343504336176,-0.585960625094285,0.23568261093877343,1.394189236113643,-0.22009318607588202,-0.10791613994402326,0.0692820323027559,0.2465984809580359,-1.0374883354932527,-0.0842897748412993,0.5405377599750526,-0.7266226911401854,-0.690491394346993,-0.5755115693951635,-0.5595719370593745,1.6803094590682988
0.9281851394898614,0.07454385545754227,0.4625699314578524,-0.20679364850592954,0.0988693912502203,0.9450229255729461,-1.399772413034151,-1.5496634070223647,0.16898076425671127,0.35255688245649847,0.0692820323027559,-4.0551750201988135,0.33195013370299314,-0.4107907993614904,0.5405377599750526,-0.7266226911401854,-0.690491394346993,1.7375845303178776,-0.5595719370593745,-0.5951284714867237
-0.6054846406870122,-0.6562589496524849,0.6055295362588028,4.772110297630447,2.1671583007024924,-0.6016114622854536,0.23568261093877343,-0.07773708545436095,-0.6091671364084753,-0.16488506218315438,0.0692820323027559,0.2465984809580359,-0.22540429684959984,-1.1454181045319203,0.5405377599750526,-0.7266226911401854,1.4482439726069483,-0.5755115693951635,-0.5595719370593745,-0.5951284714867237
-0.8333801725133216,1.1426402629260435,-1.052801879432222,-0.20679364850592954,0.7449906142631287,-0.8314334688983758,1.3259859602540562,-0.5683791926436955,-0.803704111574772,-0.20515322049566728,0.0692820323027559,0.2465984809580359,-0.2673107564674668,-1.7167948974422544,0.5405377599750526,-0.7266226911401854,-0.690491394346993,-0.5755115693951635,-0.5595719370593745,-0.5951284714867237
0.038871817910285676,-1.105983752797117,0.677009338659278,-0.20679364850592954,-0.8160275738113317,0.04819195027856329,-0.8546207383765094,1.8848313433029775,-0.803704111574772,-0.11419233602584011,0.0692820323027559,0.2465984809580359,-0.26720699091482264,-0.0842897748412993,0.5405377599750526,-0.7266226911401854,1.4482439726069483,-0.5755115693951635,-0.5595719370593745,1.6803094590682988
-0.5435088413674403,1.4799338652845175,-1.2815372471137427,-0.20679364850592954,0.42014033532414324,-0.5391117614491975,-1.9449240876917921,1.394189236113643,-0.41463016124217866,-0.18684899134651384,0.0692820323027559,0.2465984809580359,0.1810601965079922,1.7114658600197514,0.5405377599750526,-0.7266226911401854,1.4482439726069483,-0.5755115693951635,1.7870803265351975,-0.5951284714867237
2.0747545567525036,-1.274630553976354,-0.7811786303104162,-0.20679364850592954,0.9006737329391529,2.1012846656984223,-0.30946906371886795,0.4129050217349737,1.3362026152544912,0.24887149782836182,0.0692820323027559,0.2465984809580359,-0.37318126746527575,-0.7372918238816814,0.5405377599750526,-0.7266226911401854,1.4482439726069483,-0.5755115693951635,-0.5595719370593745,1.6803094590682988
1.922949821105724,0.8615622609606484,1.5347669674649806,-0.20679364850592954,0.48745541952711663,1.9481966754245408,-0.30946906371886795,-1.0590212998330302,-0.22009318607588202,-0.009642118464174267,0.0692820323027559,0.2465984809580359,-0.0978319616987815,-0.3291655432314426,0.5405377599750526,-0.7266226911401854,1.4482439726069483,1.7375845303178776,-0.5595719370593745,-0.5951284714867237
-0.4885562807767306,-1.105983752797117,-0.9527301560715568,-0.20679364850592954,-0.947393778547347,-0.48369466905486075,1.3259859602540562,-0.5683791926436955,0.9471286649218978,-0.2074272572949216,0.0692820323027559,0.2465984809580359,-0.9712859129062724,0.16058599354884398,0.5405377599750526,1.37623007400284,-0.690491394346993,-0.5755115693951635,-0.5595719370593745,1.6803094590682988
0.36115282631228385,1.0302090621398854,2.378228635790588,3.1124756489183216,1.3843557145185588,0.37319730448899,-0.30946906371886795,-0.07773708545436095,-0.22009318607588202,-0.13793259370964359,0.0692820323027559,-4.0551750201988135,-0.9501029165164838,1.7114658600197514,0.5405377599750526,-0.7266226911401854,1.4482439726069483,-0.5755115693951635,-0.5595719370593745,-0.5951284714867237
0.8242069466015798,-0.9935525520109589,1.8921659794673567,-0.20679364850592954,0.2035136561841715,0.7703436910225155,1.3259859602540562,-0.07773708545436095,-0.6091671364084753,-0.09968766760607996,0.0692820323027559,-4.0551750201988135,-0.6303567778686626,1.7114658600197514,-1.8500095165343355,1.37623007400284,-0.690491394346993,1.7375845303178776,-0.5595719370593745,-0.5951284714867237
0.7285196013834677,-1.443277355155591,-0.20934021110661458,-0.20679364850592954,-1.1108765653175834,0.7436695499655934,-0.8546207383765094,0.9035471289243083,-0.41463016124217866,-0.11017536292618986,0.0692820323027559,0.2465984809580359,-0.8232569402341748,0.5687122741990828,0.5405377599750526,-0.7266226911401854,1.4482439726069483,-0.5755115693951635,-0.5595719370593745,1.6803094590682988
0.2461430096645207,-0.6000433492594058,-1.4387928123947882,-0.20679364850592954,-0.02452022984309466,0.2572152725888729,-1.399772413034151,-1.5496634070223647,0.16898076425671127,-0.14737036627819766,0.0692820323027559,0.2465984809580359,-0.20273893542203753,-0.8189170800117291,0.5405377599750526,-0.7266226911401854,1.4482439726069483,1.7375845303178776,-0.5595719370593745,-0.5951284714867237
-0.328563476563131,0.8053466605675694,2.564076122031824,-0.20679364850592954,0.5677237986715628,-0.32234939381698546,1.8711376349116977,-0.07773708545436095,0.7525916897556012,-0.1584012625914126,0.0692820323027559,0.2465984809580359,-0.26720699091482264,-0.16591503097134708,0.5405377599750526,-0.7266226911401854,-0.690491394346993,-0.5755115693951635,-0.5595719370593745,-0.5951284714867237
-0.7235093110330189,1.7047962668568335,0.07657899849528625,-0.20679364850592954,-0.509104737119135,-0.7206338334191753,-0.8546207383765094,-0.5683791926436955,-0.22009318607588202,-0.20592019083830487,0.0692820323027559,0.2465984809580359,-0.26720699091482264,-0.5740413116215859,0.5405377599750526,-0.7266226911401854,-0.690491394346993,-0.5755115693951635,1.7870803265351975,-0.5951284714867237
-0.1735725887125261,-1.218414953583275,0.5483456943384226,6.431744946342572,-1.1386574344171192,-0.1660483177621358,1.8711376349116977,-0.07773708545436095,-0.22009318607588202,0.10594270096164567,0.0692820323027559,0.2465984809580359,-0.6527701372398033,0.24221124967889174,0.5405377599750526,-0.7266226911401854,-0.690491394346993,-0.5755115693951635,-0.5595719370593745,1.6803094590682988
-0.22571585381169068,-0.9935525520109589,0.40538608953747224,-0.20679364850592954,-1.0220905999111476,-0.2186323667797046,2.416289309569339,-0.5683791926436955,0.7525916897556012,-0.07249112116592342,0.0692820323027559,0.2465984809580359,-0.9501177401668615,0.9768385548493216,0.5405377599750526,1.37623007400284,-0.690491394346993,-0.5755115693951635,-0.5595719370593745,1.6803094590682988
0.6629465334466734,-0.5438277488663268,0.07657899849528625,-0.20679364850592954,0.6972900800012213,0.613826944770125,-1.399772413034151,-0.07773708545436095,-0.22009318607588202,0.07551002769435347,0.0692820323027559,0.2465984809580359,-0.20414718220792272,-0.4924160554915381,-1.8500095165343355,-0.7266226911401854,1.4482439726069483,1.7375845303178776,-0.5595719370593745,-0.5951284714867237
-0.8439664201582899,-0.9373369516178799,-0.7668826698303213,-0.20679364850592954,-0.8640409152749137,-0.8487583715484236,0.23568261093877343,1.8848313433029775,-0.41463016124217866,-0.2179367081511407,0.0692820323027559,0.2465984809580359,0.7146374918546927,-1.553544385182159,-1.8500095165343355,1.37623007400284,-0.690491394346993,-0.5755115693951635,-0.5595719370593745,1.6803094590682988
1.7222222322647218,-1.387061754762512,-0.5095553811886104,-0.20679364850592954,-1.1335166275371407,1.6419427886999463,-0.8546207383765094,-2.0403055142116995,0.16898076425671127,0.19783555901792968,0.0692820323027559,0.2465984809580359,0.9708049940323932,1.221714323239465,-1.8500095165343355,1.37623007400284,-0.690491394346993,-0.5755115693951635,-0.5595719370593745,1.6803094590682988
-0.9778190724200745,1.7610118672499127,-0.6096271045492758,-0.20679364850592954,-0.05257801023591633,-0.9770933576356097,0.23568261093877343,-1.5496634070223647,0.7525916897556012,-0.23651812667944655,0.0692820323027559,0.2465984809580359,-0.26720699091482264,0.48708701806903504,0.5405377599750526,1.37623007400284,-0.690491394346993,-0.5755115693951635,1.7870803265351975,-0.5951284714867237
0.018041919631513022,0.5804842589952534,2.2209730705095425,-0.20679364850592954,0.032033773823584036,0.02718597011911405,-0.30946906371886795,0.4129050217349737,-0.6091671364084753,2.782006021792203,0.0692820323027559,0.2465984809580359,0.4798012225705578,-0.0842897748412993,0.5405377599750526,-0.7266226911401854,1.4482439726069483,-0.5755115693951635,-0.5595719370593745,-0.5951284714867237
-0.676025365285685,1.9296586684291497,-0.9813220770317469,-0.20679364850592954,-0.20624839404870712,-0.6727484904899045,-1.9449240876917921,0.4129050217349737,-0.9982410867410686,-0.1641358962292121,0.0692820323027559,0.2465984809580359,-0.9518224599603015,0.24221124967889174,0.5405377599750526,-0.7266226911401854,1.4482439726069483,-0.5755115693951635,1.7870803265351975,-0.5951284714867237
-0.2693969727351039,-1.49949295554867,-1.5245685752753584,-0.20679364850592954,-1.1179249833290854,-0.2626827363574971,-0.8546207383765094,-1.5496634070223647,-0.22009318607588202,-0.04921390084655403,0.0692820323027559,0.2465984809580359,-0.012343969970363168,1.4665900916296082,0.5405377599750526,-0.7266226911401854,-0.690491394346993,-0.5755115693951635,-0.5595719370593745,1.6803094590682988
-0.9285878819158041,1.8172274676429916,1.5490629279450756,-0.20679364850592954,-0.520214520765493,-0.9274459999232271,0.7808342855964149,1.394189236113643,-0.22009318607588202,-0.2211790398092437,0.0692820323027559,0.2465984809580359,-0.6505317660327647,-0.4924160554915381,0.5405377599750526,-0.7266226911401854,-0.690491394346993,-0.5755115693951635,1.7870803265351975,-0.5951284714867237
-0.8351959366724909,0.5804842589952534,-1.1814655237530776,1.452841000206196,-0.6537370439982974,-0.8402458822684975,2.416289309569339,0.4129050217349737,-2.554536888071442,-0.192031204402567,0.0692820323027559,0.2465984809580359,-0.5453431429523318,0.9768385548493216,-1.8500095165343355,-0.7266226911401854,-0.690491394346993,1.7375845303178776,-0.5595719370593745,-0.5951284714867237
0.6798365660970597,0.9177778613537274,2.078013465708592,-0.20679364850592954,1.9974424458398727,0.6945749812047751,-0.30946906371886795,-0.5683791926436955,0.7525916897556012,0.26486829199820056,0.0692820323027559,0.2465984809580359,-0.7158151222963256,1.3033395793695126,0.5405377599750526,1.37623007400284,-0.690491394346993,-0.5755115693951635,-0.5595719370593745,-0.5951284714867237
-0.1349276458532242,-0.31896534729401077,1.5061750465047905,-0.20679364850592954,1.1404917328917967,-0.1270766966768418,0.23568261093877343,0.4129050217349737,1.3362026152544912,-0.059999452533825846,0.0692820323027559,0.2465984809580359,-0.5870865424160435,1.140089067109417,0.5405377599750526,-0.7266226911401854,1.4482439726069483,-0.5755115693951635,-0.5595719370593745,-0.5951284714867237
-0.29855197838516245,-0.9935525520109589,0.37679416857728215,-0.20679364850592954,-0.9927303108425011,-0.29208419871883157,0.23568261093877343,0.4129050217349737,-0.025556210909585365,-0.10216618804603016,0.0692820323027559,0.2465984809580359,-0.80152546878041,-0.16591503097134708,0.5405377599750526,-0.7266226911401854,-0.690491394346993,-0.5755115693951635,-0.5595719370593745,1.6803094590682988
0.005126012310629153,-0.4876121484732478,-0.5095553811886104,-0.20679364850592954,0.1284450557692003,-0.02464300313558054,-0.30946906371886795,0.4129050217349737,-0.9982410867410686,-0.122882203319198,0.0692820323027559,0.2465984809580359,-0.26720699091482264,-1.3902938729220635,-1.8500095165343355,1.37623007400284,-0.690491394346993,1.7375845303178776,-0.5595719370593745,-0.5951284714867237
1.3255291530378974,-0.8811213512248008,-0.6239230650293708,-0.20679364850592954,0.29340470277029346,1.3457258168382304,-0.30946906371886795,-0.5683791926436955,-0.803704111574772,0.036748512549115854,0.0692820323027559,0.2465984809580359,3.086273315789089,-0.6556665677516337,0.5405377599750526,1.37623007400284,-0.690491394346993,-0.5755115693951635,-0.5595719370593745,-0.5951284714867237
0.7775452336810396,-0.31896534729401077,0.7913770225000384,-0.20679364850592954,0.8149517397130537,0.7931096118211391,-0.8546207383765094,0.4129050217349737,-0.22009318607588202,-0.11184337073978799,0.0692820323027559,0.2465984809580359,-0.0346683874392374,-0.7372918238816814,0.5405377599750526,-0.7266226911401854,-0.690491394346993,-0.5755115693951635,-0.5595719370593745,-0.5951284714867237
2.6701539024544623,0.8615622609606484,0.7627851015398482,-0.20679364850592954,1.7228566946191433,2.701717115025839,-0.30946906371886795,2.866115557681647,-0.41463016124217866,0.01896201364835651,0.0692820323027559,0.2465984809580359,0.8654236634970494,-0.8189170800117291,0.5405377599750526,1.37623007400284,-0.690491394346993,-0.5755115693951635,-0.5595719370593745,-0.5951284714867237
-0.919029425304328,1.1426402629260435,-1.2815372471137427,-0.20679364850592954,-0.29985466715307785,-0.917806742580322,0.7808342855964149,-1.0590212998330302,-0.22009318607588202,-0.22944469842895496,0.0692820323027559,0.2465984809580359,-0.26720699091482264,-0.002664518711251552,0.5405377599750526,-0.7266226911401854,1.4482439726069483,-0.5755115693951635,1.7870803265351975,-0.5951284714867237
-0.7363224392505533,-1.0497681524040379,-1.052801879432222,-0.20679364850592954,-1.2367968479523144,-0.7335552751619944,-0.30946906371886795,-1.5496634070223647,1.3362026152544912,0.10107879305506862,0.0692820323027559,0.2465984809580359,2.5067427042713994,0.32383650580893947,0.5405377599750526,1.37623007400284,-0.690491394346993,-0.5755115693951635,-0.5595719370593745,1.6803094590682988
-0.47927190177418555,0.7491310601744904,-1.052801879432222,-0.20679364850592954,0.8251641256496897,-0.49479177629524757,-0.30946906371886795,0.4129050217349737,0.7525916897556012,0.10085565911106326,0.0692820323027559,0.2465984809580359,0.9927439965914462,0.6503375303291306,-1.8500095165343355,1.37623007400284,-0.690491394346993,1.7375845303178776,-0.5595719370593745,-0.5951284714867237
-0.24301700287547398,-0.20653414650785276,0.6913052991393731,-0.20679364850592954,1.3081358810416868,-0.23607976806345773,-0.8546207383765094,-0.07773708545436095,1.1416656400881946,0.06502504312376282,0.0692820323027559,0.2465984809580359,-0.5436235995085141,-1.553544385182159,0.5405377599750526,1.37623007400284,-0.690491394346993,-0.5755115693951635,-0.5595719370593745,-0.5951284714867237
-0.30756227977877626,-1.443277355155591,-1.2815372471137427,-0.20679364850592954,-1.252583355663052,-0.32813319711169486,-0.30946906371886795,0.9035471289243083,-0.22009318607588202,-0.15909132252453462,0.0692820323027559,0.2465984809580359,-0.26720699091482264,-0.16591503097134708,-1.8500095165343355,-0.7266226911401854,1.4482439726069483,-0.5755115693951635,-0.5595719370593745,1.6803094590682988
-0.7556791703813208,0.8053466605675694,0.17665072185595154,-0.20679364850592954,-1.1059716458355886,-0.7630681962579178,1.8711376349116977,0.4129050217349737,-0.41463016124217866,-0.19647392100585295,0.0692820323027559,0.2465984809580359,2.5286965304808295,0.24221124967889174,-1.8500095165343355,-0.7266226911401854,1.4482439726069483,-0.5755115693951635,-0.5595719370593745,-0.5951284714867237
1.2817795147122515,0.7491310601744904,-0.9384341955914618,-0.20679364850592954,0.025018687727014637,1.3016063486414924,-0.30946906371886795,-0.07773708545436095,0.16898076425671127,0.3319772686851612,0.0692820323027559,0.2465984809580359,0.1808230181019484,1.7114658600197514,0.5405377599750526,1.37623007400284,-0.690491394346993,1.7375845303178776,-0.5595719370593745,-0.5951284714867237
0.16374842847957272,0.7491310601744904,-0.5667392231089906,-0.20679364850592954,0.3429743882618789,0.12931334595058247,0.23568261093877343,0.9035471289243083,-0.6091671364084753,-0.10982352435873481,0.0692820323027559,0.2465984809580359,-0.9496137360540184,0.813588042589226,-1.8500095165343355,-0.7266226911401854,1.4482439726069483,1.7375845303178776,-0.5595719370593745,-0.5951284714867237
0.6438981396259537,-1.443277355155591,0.40538608953747224,-0.20679364850592954,-0.9181616891515177,0.6583327555678306,-1.399772413034151,1.394189236113643,-1.387315037073662,-0.06015051689371293,0.0692820323027559,0.2465984809580359,-0.11836271747194958,-0.002664518711251552,0.5405377599750526,-0.7266226911401854,1.4482439726069483,-0.5755115693951635,-0.5595719370593745,1.6803094590682988
-0.7462577525743102,1.3112870641052805,0.677009338659278,-0.20679364850592954,-0.02666372837260192,-0.7435745749091003,-0.8546207383765094,-0.07773708545436095,1.5307395904207879,-0.2086572283431571,0.0692820323027559,0.2465984809580359,-0.26720699091482264,1.3033395793695126,0.5405377599750526,-0.7266226911401854,-0.690491394346993,-0.5755115693951635,1.7870803265351975,-0.5951284714867237
1.2488216822382723,-1.218414953583275,1.4203992836242203,-0.20679364850592954,-0.7994334081618443,1.2683699129286796,-0.30946906371886795,0.4129050217349737,0.5580547145893046,0.7677428387305082,0.0692820323027559,0.2465984809580359,-0.8864056908433412,-1.6351696413122068,0.5405377599750526,1.37623007400284,-0.690491394346993,-0.5755115693951635,-0.5595719370593745,1.6803094590682988
-0.9177275566619046,-1.0497681524040379,-1.1671695632729824,-0.20679364850592954,-1.039618059178746,-0.9164938688203562,-0.8546207383765094,-0.07773708545436095,0.16898076425671127,-0.23179635463487724,0.0692820323027559,0.2465984809580359,2.4652513068641086,1.140089067109417,0.5405377599750526,-0.7266226911401854,-0.690491394346993,-0.5755115693951635,-0.5595719370593745,1.6803094590682988
-0.7700682448502099,1.3112870641052805,0.10517091945547634,-0.20679364850592954,0.4608309114763938,-0.7675863449926813,1.3259859602540562,-1.0590212998330302,-0.9982410867410686,-0.2071115911322857,0.0692820323027559,0.2465984809580359,1.3331691275162127,-0.4924160554915381,0.5405377599750526,-0.7266226911401854,1.4482439726069483,-0.5755115693951635,-0.5595719370593745,-0.5951284714867237
-0.36169260754269217,1.9296586684291497,0.4911618524180425,-0.20679364850592954,0.014042231740386624,-0.38067121688623856,1.8711376349116977,0.4129050217349737,0.9471286649218978,-0.13093505106839798,0.0692820323027559,0.2465984809580359,-0.2679778207344651,-0.4107907993614904,-1.8500095165343355,-0.7266226911401854,1.4482439726069483,-0.5755115693951635,1.7870803265351975,-0.5951284714867237
-0.8468784947531842,-0.4876121484732478,-0.5095553811886104,-0.20679364850592954,-0.8813196671772461,-0.8450458968306505,-0.8546207383765094,0.4129050217349737,-2.554536888071442,-0.22076367284880616,0.0692820323027559,0.2465984809580359,-0.26720699091482264,1.140089067109417,0.5405377599750526,1.37623007400284,-0.690491394346993,-0.5755115693951635,-0.5595719370593745,-0.5951284714867237
-0.2974556679494375,1.4799338652845175,0.5912335757787078,-0.20679364850592954,0.07239359481996567,-0.2909786208157026,-1.399772413034151,0.4129050217349737,0.16898076425671127,0.26697188664105603,0.0692820323027559,0.2465984809580359,0.2874198879682665,0.16058599354884398,0.5405377599750526,-0.7266226911401854,-0.690491394346993,-0.5755115693951635,1.7870803265351975,-0.5951284714867237
-0.4705699376906193,-0.7686901504386429,-1.4959766543151685,-0.20679364850592954,0.10580755754309944,-0.465556281581652,-0.8546207383765094,0.4129050217349737,0.7525916897556012,-0.09232825353738255,0.0692820323027559,0.2465984809580359,0.37321917635461743,1.7114658600197514,0.5405377599750526,-0.7266226911401854,-0.690491394346993,1.7375845303178776,-0.5595719370593745,-0.5951284714867237
-0.2943037754467285,-0.8249057508317219,-0.12356444822604433,-0.20679364850592954,0.3329466098541,-0.287800084344207,1.3259859602540562,1.394189236113643,1.5307395904207879,-0.058291060593703016,0.0692820323027559,0.2465984809580359,0.4574175105001727,-1.6351696413122068,0.5405377599750526,1.37623007400284,-0.690491394346993,-0.5755115693951635,-0.5595719370593745,-0.5951284714867237
-0.9249563535974654,0.5242686586021743,-1.338721089034123,-0.20679364850592954,-0.36784664562852737,-0.9273658897427409,-0.8546207383765094,0.4129050217349737,1.1416656400881946,-0.23058519095878155,0.0692820323027559,0.2465984809580359,-0.26720699091482264,-0.6556665677516337,-1.8500095165343355,-0.7266226911401854,-0.690491394346993,-0.5755115693951635,1.7870803265351975,-0.5951284714867237
-0.25569309228854287,1.1426402629260435,0.4339780104976623,-0.20679364850592954,0.5784643672602064,-0.277789803479632,-0.8546207383765094,-0.5683791926436955,-0.41463016124217866,0.7403953349928368,0.0692820323027559,0.2465984809580359,-0.8215373967903571,-0.5740413116215859,-1.8500095165343355,-0.7266226911401854,-0.690491394346993,-0.5755115693951635,-0.5595719370593745,-0.5951284714867237
-0.7711645552859347,-0.2627497469009318,-1.2815372471137427,-0.20679364850592954,1.9510239083061398,-0.7686919228958101,0.23568261093877343,0.4129050217349737,-0.41463016124217866,-0.17117312068601676,0.0692820323027559,-4.0551750201988135,-0.7153407654842379,-0.6556665677516337,0.5405377599750526,-0.7266226911401854,-0.690491394346993,-0.5755115693951635,-0.5595719370593745,-0.5951284714867237
-0.39149854751396235,-1.330846154369433,-0.6525149859895609,-0.20679364850592954,-1.2760695357232041,-0.3858164753184795,-0.30946906371886795,-1.0590212998330302,-1.1927780619073654,-0.034545480117625524,0.0692820323027559,0.2465984809580359,-0.46071492294582217,0.9768385548493216,0.5405377599750526,-0.7266226911401854,-0.690491394346993,-0.5755115693951635,-0.5595719370593745,1.6803094590682988
1.0026657297169204,-1.105983752797117,-1.0242099584720321,-0.20679364850592954,-1.0373976408455483,0.9435528967222614,-0.8546207383765094,-0.5683791926436955,-0.803704111574772,0.3254050532622277,0.0692820323027559,0.2465984809580359,-0.2461574073784339,-1.553544385182159,-1.8500095165343355,1.37623007400284,-0.690491394346993,-0.5755115693951635,-0.5595719370593745,1.6803094590682988
-0.9397222847786348,0.8053466605675694,0.5912335757787078,-0.20679364850592954,0.4094305346569755,-0.93867452550188,-1.399772413034151,1.394189236113643,-0.41463016124217866,-0.22862124029690428,0.0692820323027559,0.2465984809580359,0.09715833536999187,-0.0842897748412993,0.5405377599750526,-0.7266226911401854,-0.690491394346993,1.7375845303178776,-0.5595719370593745,-0.5951284714867237
-0.8211494592147659,0.7491310601744904,-0.32370789494737495,-0.20679364850592954,-0.37773853238311983,-0.8266125986561159,0.7808342855964149,-1.0590212998330302,-2.554536888071442,-0.20381388577157117,0.0692820323027559,0.2465984809580359,1.1614816088412445,1.0584638109793694,-1.8500095165343355,1.37623007400284,-0.690491394346993,1.7375845303178776,-0.5595719370593745,-0.5951284714867237
-0.7441679108062096,0.41183745781601633,-0.052084645825569126,-0.20679364850592954,1.16625217514773,-0.7414670670312608,0.7808342855964149,-1.0590212998330302,0.5580547145893046,-0.20840578363262097,0.0692820323027559,0.2465984809580359,-0.26720699091482264,-0.24754028710139483,0.5405377599750526,-0.7266226911401854,1.4482439726069483,-0.5755115693951635,-0.5595719370593745,-0.5951284714867237
-0.6829800846123146,-0.9373369516178799,0.40538608953747224,-0.20679364850592954,-1.1624230897640135,-0.6797620003128784,0.7808342855964149,0.4129050217349737,-1.387315037073662,-0.09292394234061468,0.0692820323027559,0.2465984809580359,-0.35140532506037786,0.16058599354884398,0.5405377599750526,-0.7266226911401854,1.4482439726069483,-0.5755115693951635,-0.5595719370593745,1.6803094590682988
-0.9830608066908841,0.5242686586021743,0.5912335757787078,-0.20679364850592954,2.0836080099339203,-0.9823794019849449,1.3259859602540562,-1.5496634070223647,-0.6091671364084753,-0.22703866488409918,0.0692820323027559,0.2465984809580359,-0.8024445351038297,-0.002664518711251552,0.5405377599750526,-0.7266226911401854,1.4482439726069483,-0.5755115693951635,-0.5595719370593745,-0.5951284714867237
-0.11039769985387993,-0.6562589496524849,-0.6096271045492758,-0.20679364850592954,0.029651823902636293,-0.10233939109433235,-0.8546207383765094,-0.5683791926436955,1.3362026152544912,0.26992290664146384,0.0692820323027559,0.2465984809580359,-0.4154583183425863,1.7114658600197514,0.5405377599750526,1.37623007400284,-0.690491394346993,1.7375845303178776,-0.5595719370593745,-0.5951284714867237
0.15158623458324977,-0.9935525520109589,-0.43807557878813524,-0.20679364850592954,-0.9523345939377305,0.11750891745693498,0.23568261093877343,-0.07773708545436095,3.6706463172500507,0.1241713928734775,0.0692820323027559,0.2465984809580359,-0.5037776272931528,-0.7372918238816814,-1.8500095165343355,1.37623007400284,-0.690491394346993,-0.5755115693951635,-0.5595719370593745,1.6803094590682988
-0.8229652233739353,-0.9373369516178799,-0.4809634602284204,-0.20679364850592954,-1.0806675944148856,-0.8209304788186512,-0.30946906371886795,-1.0590212998330302,0.5580547145893046,-0.21788648583316333,0.0692820323027559,0.2465984809580359,-0.26720699091482264,-0.24754028710139483,0.5405377599750526,-0.7266226911401854,1.4482439726069483,-0.5755115693951635,-0.5595719370593745,1.6803094590682988
1.2226815302864573,-1.443277355155591,-0.08067656678575921,-0.20679364850592954,0.4261631559531058,1.2420087898009495,0.23568261093877343,-0.5683791926436955,0.3635177394230079,1.1454011191792262,0.0692820323027559,0.2465984809580359,2.634033390065041,-1.0637928484018724,0.5405377599750526,1.37623007400284,-0.690491394346993,-0.5755115693951635,-0.5595719370593745,1.6803094590682988
-0.30341685594369155,0.5804842589952534,0.0908749589753813,-0.20679364850592954,0.8320663960341799,-0.2969902006639661,-0.30946906371886795,-0.07773708545436095,-0.9982410867410686,-0.17012765810040315,0.0692820323027559,0.2465984809580359,0.24643249467381936,-0.8189170800117291,0.5405377599750526,1.37623007400284,-0.690491394346993,1.7375845303178776,-0.5595719370593745,-0.5951284714867237
0.11900525882155105,-0.9935525520109589,-0.2665240530269948,-0.20679364850592954,-1.2619137278507042,0.129002785135392,0.7808342855964149,0.9035471289243083,-0.22009318607588202,-0.10455087409233206,0.0692820323027559,0.2465984809580359,-0.26720699091482264,-0.24754028710139483,0.5405377599750526,-0.7266226911401854,-0.690491394346993,-0.5755115693951635,-0.5595719370593745,1.6803094590682988
1.5267706373956458,-1.443277355155591,-0.15215636918623443,-0.20679364850592954,-1.0487022879945886,1.4522406350203438,0.23568261093877343,0.9035471289243083,0.16898076425671127,0.030406385864650276,0.0692820323027559,0.2465984809580359,-0.7366275274266704,-0.4107907993614904,-1.8500095165343355,-0.7266226911401854,1.4482439726069483,-0.5755115693951635,-0.5595719370593745,1.6803094590682988
-0.8737381004284437,-1.49949295554867,0.37679416857728215,-0.20679364850592954,-0.19303357177468697,-0.8721325554573087,0.7808342855964149,1.394189236113643,1.1416656400881946,-0.2319156825866906,0.0692820323027559,0.2465984809580359,-0.5885689074538175,-0.5740413116215859,0.5405377599750526,-0.7266226911401854,1.4482439726069483,-0.5755115693951635,-0.5595719370593745,1.6803094590682988
0.37252704708292944,0.8053466605675694,-0.23793213206680466,-0.20679364850592954,-0.20921237048424585,0.33195049310632274,-0.30946906371886795,0.4129050217349737,1.5307395904207879,-0.1089735394351598,0.0692820323027559,0.2465984809580359,0.24514283709095608,0.24221124967889174,-1.8500095165343355,1.37623007400284,-0.690491394346993,1.7375845303178776,-0.5595719370593745,-0.5951284714867237
-0.978709824649101,0.4680530582090954,-0.9670261165516518,-0.20679364850592954,2.4351776646815133,-0.9779916396819018,-0.30946906371886795,-0.07773708545436095,-0.9982410867410686,-0.23773563941995407,0.0692820323027559,0.2465984809580359,-0.9494803232006189,1.221714323239465,0.5405377599750526,1.37623007400284,-0.690491394346993,-0.5755115693951635,-0.5595719370593745,-0.5951284714867237
-0.18429587516196008,0.6929154597814113,-1.0242099584720321,-0.20679364850592954,2.209779563927373,-0.17686225162711544,-0.8546207383765094,1.394189236113643,-0.803704111574772,-0.14104333347555006,0.0692820323027559,0.2465984809580359,-0.26720699091482264,1.3033395793695126,0.5405377599750526,1.37623007400284,-0.690491394346993,-0.5755115693951635,-0.5595719370593745,-0.5951284714867237
-0.5365541220408105,0.8615622609606484,-0.2808200135070898,-0.20679364850592954,0.7725766198599819,-0.5320982516262234,-0.30946906371886795,-0.07773708545436095,0.16898076425671127,-0.17122415972181457,0.0692820323027559,0.2465984809580359,1.9311255364534323,0.07896073741879621,0.5405377599750526,1.37623007400284,-0.690491394346993,1.7375845303178776,-0.5595719370593745,-0.5951284714867237
-0.8622268408533325,-1.0497681524040379,-1.3816089704744081,-0.20679364850592954,-1.1716791061414316,-0.8605239874744552,0.7808342855964149,0.9035471289243083,-0.22009318607588202,-0.21251585056150168,0.0692820323027559,0.2465984809580359,-0.5654884838156785,0.40546176193898725,0.5405377599750526,-0.7266226911401854,-0.690491394346993,-0.5755115693951635,-0.5595719370593745,1.6803094590682988
1.6475360838309645,1.7047962668568335,-0.18074829014642452,-0.20679364850592954,0.666476006642825,1.569453622175576,0.23568261093877343,-0.07773708545436095,0.16898076425671127,0.4178191487106725,0.0692820323027559,0.2465984809580359,-0.8015995870322987,0.6503375303291306,-1.8500095165343355,-0.7266226911401854,1.4482439726069483,-0.5755115693951635,1.7870803265351975,-0.5951284714867237
-0.9137876910335182,-0.6562589496524849,2.5068922801114435,-0.20679364850592954,2.367680536943139,-0.9125206982309867,-0.30946906371886795,-1.0590212998330302,0.9471286649218978,-0.22912157084823712,0.0692820323027559,0.2465984809580359,-0.9077517473872847,-0.5740413116215859,0.5405377599750526,-0.7266226911401854,-0.690491394346993,-0.5755115693951635,-0.5595719370593745,-0.5951284714867237
-0.8031288564275382,-1.387061754762512,0.40538608953747224,-0.20679364850592954,-0.8814324828893255,-0.8009264286339123,0.23568261093877343,0.9035471289243083,-0.22009318607588202,-0.21056743693529384,0.0692820323027559,-4.0551750201988135,-0.8209444507752476,-0.5740413116215859,0.5405377599750526,-0.7266226911401854,-0.690491394346993,-0.5755115693951635,-0.5595719370593745,1.6803094590682988
-0.784902695433612,1.2550714637122016,-1.009913997991937,-0.20679364850592954,0.4022923768745014,-0.7825461959943942,-0.8546207383765094,1.394189236113643,-0.6091671364084753,-0.20319638860966546,0.0692820323027559,-4.0551750201988135,0.8631852922900111,0.40546176193898725,0.5405377599750526,-0.7266226911401854,1.4482439726069483,-0.5755115693951635,1.7870803265351975,-0.5951284714867237
-0.218761134485061,1.5361494656775965,0.319610326656902,-0.20679364850592954,-0.09352498573380176,-0.21161885695673055,-0.8546207383765094,0.9035471289243083,-0.803704111574772,-0.14519011017717856,0.0692820323027559,0.2465984809580359,-0.26720699091482264,-1.3902938729220635,0.5405377599750526,-0.7266226911401854,1.4482439726069483,-0.5755115693951635,1.7870803265351975,-0.5951284714867237
-0.09261691497446704,-1.218414953583275,0.2767224452166169,-0.20679364850592954,-0.9860767478232767,-0.08440829947796034,2.416289309569339,-0.07773708545436095,0.9471286649218978,-0.10078749411153684,0.0692820323027559,0.2465984809580359,-1.0143041463024696,0.7319627864591783,0.5405377599750526,-0.7266226911401854,1.4482439726069483,-0.5755115693951635,-0.5595719370593745,1.6803094590682988
0.7658969353014627,0.5242686586021743,1.348919481223745,-0.20679364850592954,1.1097391953763527,0.7813628466003946,0.23568261093877343,-1.0590212998330302,0.16898076425671127,0.009780372113310558,0.0692820323027559,0.2465984809580359,-1.098724835203691,-0.24754028710139483,0.5405377599750526,-0.7266226911401854,-0.690491394346993,-0.5755115693951635,-0.5595719370593745,-0.5951284714867237
0.599154969967932,0.5804842589952534,-0.46666749974832533,-0.20679364850592954,0.5165208493482831,0.613211357396382,0.23568261093877343,-1.0590212998330302,-0.22009318607588202,-0.07346033786422473,0.0692820323027559,0.2465984809580359,-0.8874729936705383,0.48708701806903504,0.5405377599750526,1.37623007400284,-0.690491394346993,1.7375845303178776,-0.5595719370593745,-0.5951284714867237
-0.4748181406290532,0.2431906566367793,-1.1671695632729824,-0.20679364850592954,-1.2164900197780342,-0.46984039595627664,0.23568261093877343,-0.07773708545436095,0.16898076425671127,-0.1899105264523241,0.0692820323027559,0.2465984809580359,-0.9496137360540184,-0.16591503097134708,0.5405377599750526,-0.7266226911401854,-0.690491394346993,1.7375845303178776,-0.5595719370593745,-0.5951284714867237
-0.642999013409473,-0.3751809476870898,-0.42377961830804023,-0.20679364850592954,1.995237411467413,-0.6394429561581461,-0.30946906371886795,2.3754734504923123,0.16898076425671127,-0.20120908887084943,0.0692820323027559,0.2465984809580359,0.09398607418915567,1.4665900916296082,0.5405377599750526,1.37623007400284,-0.690491394346993,-0.5755115693951635,-0.5595719370593745,-0.5951284714867237
0.16529011502981078,-1.274630553976354,0.319610326656902,3.1124756489183216,-0.9517038515474687,0.17567890223311566,0.23568261093877343,-1.0590212998330302,-0.803704111574772,-0.0987312621652955,0.0692820323027559,0.2465984809580359,-1.0767413616935047,-0.6556665677516337,0.5405377599750526,-0.7266226911401854,1.4482439726069483,-0.5755115693951635,-0.5595719370593745,1.6803094590682988
-0.5138056804995192,1.4799338652845175,0.19094668233604659,-0.20679364850592954,-0.7688141983061305,-0.5091575101362985,-1.399772413034151,0.9035471289243083,1.3362026152544912,-0.18206420406050136,0.0692820323027559,0.2465984809580359,1.503448399405296,-1.3086686167920156,0.5405377599750526,1.37623007400284,-0.690491394346993,-0.5755115693951635,1.7870803265351975,-0.5951284714867237
-0.6413202880547693,0.6366998593883324,-0.8240665117507014,-0.20679364850592954,0.9038223169035491,-0.6520733165063817,-0.30946906371886795,-1.0590212998330302,0.16898076425671127,-0.19402552152122263,0.0692820323027559,0.2465984809580359,-0.673478776817504,1.221714323239465,-1.8500095165343355,-0.7266226911401854,-0.690491394346993,-0.5755115693951635,-0.5595719370593745,-0.5951284714867237
-0.15116674418239892,-1.387061754762512,1.692022532746026,-0.20679364850592954,-1.2547653140944046,-0.14345306936693875,0.23568261093877343,0.9035471289243083,-1.970925962572552,-0.13705731650688727,0.0692820323027559,0.2465984809580359,-0.26720699091482264,-1.6351696413122068,0.5405377599750526,1.37623007400284,-0.690491394346993,-0.5755115693951635,-0.5595719370593745,1.6803094590682988
-0.5918492796426841,0.41183745781601633,-0.5810351835890857,-0.20679364850592954,0.40959206624472544,-0.5878608371152878,0.23568261093877343,0.4129050217349737,-0.6091671364084753,-0.18164950861859994,0.0692820323027559,0.2465984809580359,1.0352582258748007,-0.002664518711251552,0.5405377599750526,-0.7266226911401854,1.4482439726069483,-0.5755115693951635,1.7870803265351975,-0.5951284714867237
0.4266916345479618,-1.0497681524040379,-0.15215636918623443,-0.20679364850592954,-0.9430324256780982,0.38452176479211625,-0.30946906371886795,1.394189236113643,-1.387315037073662,0.029830383340228205,0.0692820323027559,0.2465984809580359,0.09529055542239669,-1.7167948974422544,-1.8500095165343355,1.37623007400284,-0.690491394346993,-0.5755115693951635,-0.5595719370593745,1.6803094590682988
3.0103527345403385,0.5242686586021743,0.7770810620199433,6.431744946342572,-1.228310029611801,2.8921813997778387,-0.30946906371886795,-0.5683791926436955,0.16898076425671127,0.2945288357453595,0.0692820323027559,0.2465984809580359,-0.39670640061474693,-0.24754028710139483,-1.8500095165343355,-0.7266226911401854,-0.690491394346993,1.7375845303178776,-0.5595719370593745,-0.5951284714867237
-0.33490152126966544,-1.330846154369433,0.4339780104976623,-0.20679364850592954,-1.1301731800700623,-0.3287410160694495,-0.8546207383765094,-1.0590212998330302,-1.5818520122399586,-0.159163840811891,0.0692820323027559,0.2465984809580359,-0.26720699091482264,-0.9821675922718247,0.5405377599750526,-0.7266226911401854,-0.690491394346993,-0.5755115693951635,-0.5595719370593745,1.6803094590682988
-0.4067441145107614,-0.5438277488663268,0.8628568249005136,-0.20679364850592954,0.032544008521397334,-0.40119091803386586,2.416289309569339,-1.0590212998330302,1.1416656400881946,-0.1327016929553733,0.0692820323027559,0.2465984809580359,1.6110829247980558,-1.4719191290521112,0.5405377599750526,-0.7266226911401854,1.4482439726069483,-0.5755115693951635,-0.5595719370593745,-0.5951284714867237
1.6780957372267953,-1.105983752797117,-1.1528736027928874,-0.20679364850592954,-1.2341610626791881,1.701272760622593,-0.8546207383765094,-1.0590212998330302,-0.6091671364084753,0.2641065046198687,0.0692820323027559,0.2465984809580359,-0.5232707275398789,0.07896073741879621,0.5405377599750526,-0.7266226911401854,1.4482439726069483,-0.5755115693951635,-0.5595719370593745,1.6803094590682988
0.2694396064236744,1.3112870641052805,0.30531436617680696,-0.20679364850592954,2.2164715868484435,0.2807088030303623,0.23568261093877343,-0.5683791926436955,0.16898076425671127,-0.12384194098822607,0.0692820323027559,0.2465984809580359,-0.9288013309236736,-0.4924160554915381,0.5405377599750526,-0.7266226911401854,-0.690491394346993,-0.5755115693951635,-0.5595719370593745,-0.5951284714867237
-0.6727364339785102,0.018328255064463266,-0.46666749974832533,-0.20679364850592954,0.2706056729564426,-0.6694317567805176,-1.399772413034151,-1.0590212998330302,1.1416656400881946,-0.20961566018132147,0.0692820323027559,0.2465984809580359,-0.28711515337212556,-1.1454181045319203,0.5405377599750526,-0.7266226911401854,1.4482439726069483,1.7375845303178776,-0.5595719370593745,-0.5951284714867237
0.2566264782061399,-1.274630553976354,1.30603159978346,-0.20679364850592954,-0.3108798390153764,0.2677873612875431,-1.399772413034151,1.394189236113643,-0.41463016124217866,-0.1037465869968201,0.0692820323027559,0.2465984809580359,0.4580845747671709,0.40546176193898725,0.5405377599750526,-0.7266226911401854,-0.690491394346993,-0.5755115693951635,-0.5595719370593745,1.6803094590682988
-0.6212098434994411,0.6929154597814113,-0.36659577638766006,-0.20679364850592954,0.9262726436073363,-0.617469595333459,-0.8546207383765094,-0.07773708545436095,-0.025556210909585365,-0.1994631283490153,-14.433756729740645,0.2465984809580359,-0.18217853234811418,0.8952132987192738,0.5405377599750526,-0.7266226911401854,1.4482439726069483,1.7375845303178776,-0.5595719370593745,-0.5951284714867237
-0.7862388237771518,-1.387061754762512,-1.038505918952127,-0.20679364850592954,-0.9567549186564752,-0.7838936190638326,0.23568261093877343,-1.5496634070223647,-0.803704111574772,-0.21346765419882358,0.0692820323027559,0.2465984809580359,-0.26720699091482264,0.32383650580893947,0.5405377599750526,-0.7266226911401854,-0.690491394346993,-0.5755115693951635,-0.5595719370593745,1.6803094590682988
2.4843635433002116,0.9739934617468065,0.5483456943384226,-0.20679364850592954,-1.2580395337381616,2.381664806361022,-0.30946906371886795,0.9035471289243083,0.9471286649218978,1.584643747702733,0.0692820323027559,0.2465984809580359,-0.7363458780694935,1.3849648354995603,-1.8500095165343355,1.37623007400284,-0.690491394346993,-0.5755115693951635,-0.5595719370593745,-0.5951284714867237
-0.7506087346160932,-0.7686901504386429,-1.1242816818326973,-0.20679364850592954,2.276107510649653,-0.7581469133929605,1.3259859602540562,1.8848313433029775,0.5580547145893046,-0.22403803637769346,0.0692820323027559,-4.0551750201988135,-0.5454765558057314,1.3849648354995603,-1.8500095165343355,1.37623007400284,-0.690491394346993,-0.5755115693951635,-0.5595719370593745,-0.5951284714867237
-0.017245572518381578,1.3112870641052805,-0.8383624722307964,-0.20679364850592954,-0.122028900988028,-0.04635650118164188,0.7808342855964149,-0.07773708545436095,-1.387315037073662,-0.15027183616139736,0.0692820323027559,0.2465984809580359,-0.7356639901521175,-0.9821675922718247,-1.8500095165343355,1.37623007400284,-0.690491394346993,-0.5755115693951635,1.7870803265351975,-0.5951284714867237
-0.686919950240701,-1.162199353190196,1.1773679554626044,4.772110297630447,-0.906303219415906,-0.683735170902248,0.23568261093877343,-0.5683791926436955,0.16898076425671127,-0.20923631172429577,0.0692820323027559,0.2465984809580359,-0.2880193960451676,-0.6556665677516337,0.5405377599750526,-0.7266226911401854,-0.690491394346993,-0.5755115693951635,-0.5595719370593745,1.6803094590682988
-1.0063574034500378,-0.8811213512248008,-1.2529453261535526,-0.20679364850592954,1.3825327151710949,-1.0058729324264342,0.7808342855964149,0.9035471289243083,0.9471286649218978,-0.24003734218971956,0.0692820323027559,-4.0551750201988135,-0.9522375221708782,1.3849648354995603,0.5405377599750526,-0.7266226911401854,-0.690491394346993,-0.5755115693951635,-0.5595719370593745,-0.5951284714867237
0.6751429870441128,-0.6562589496524849,-0.1378604087061394,-0.20679364850592954,0.10707929829744829,0.6898417258070045,-1.399772413034151,1.8848313433029775,0.7525916897556012,-0.010618240632501861,0.0692820323027559,0.2465984809580359,0.24538001549699986,-0.4924160554915381,0.5405377599750526,-0.7266226911401854,1.4482439726069483,-0.5755115693951635,-0.5595719370593745,-0.5951284714867237
-0.6733873682997219,-0.9935525520109589,0.5769376152986128,-0.20679364850592954,-0.8765608953222634,-0.6700881936605004,-1.399772413034151,1.8848313433029775,-0.22009318607588202,-0.19973926266135475,0.0692820323027559,0.2465984809580359,-0.6504872950816316,1.140089067109417,0.5405377599750526,-0.7266226911401854,-0.690491394346993,-0.5755115693951635,-0.5595719370593745,1.6803094590682988
0.8423645881932733,-1.49949295554867,0.03369111705500113,-0.20679364850592954,0.2694057240188714,0.8584769053436362,0.23568261093877343,-0.07773708545436095,-0.803704111574772,0.0033817926132710847,0.0692820323027559,0.2465984809580359,-0.3536436962674164,-0.0842897748412993,0.5405377599750526,-0.7266226911401854,-0.690491394346993,-0.5755115693951635,-0.5595719370593745,1.6803094590682988
0.12743314529618618,1.3675026644983594,2.4640043986711584,-0.20679364850592954,-1.151287666183092,0.09406632002588872,0.7808342855964149,0.9035471289243083,-0.025556210909585365,-0.1059423521583578,0.0692820323027559,0.2465984809580359,0.9925068181854025,-0.9005423361417769,-1.8500095165343355,1.37623007400284,-0.690491394346993,-0.5755115693951635,-0.5595719370593745,-0.5951284714867237
-0.8352644560747238,0.5242686586021743,0.24813052425642676,3.1124756489183216,0.2858998939235613,-0.8403123860909969,-0.30946906371886795,1.8848313433029775,-2.1654629377388486,-0.22000075887576537,0.0692820323027559,0.2465984809580359,-0.78133565696593,0.7319627864591783,-1.8500095165343355,-0.7266226911401854,-0.690491394346993,1.7375845303178776,-0.5595719370593745,-0.5951284714867237
-0.13924436819389088,-1.0497681524040379,-0.695402867429846,-0.20679364850592954,-0.6622956541555887,-0.13142990967041185,-0.30946906371886795,-1.0590212998330302,0.3635177394230079,-0.13562284504350086,0.0692820323027559,0.2465984809580359,-0.26720699091482264,1.221714323239465,0.5405377599750526,1.37623007400284,-0.690491394346993,1.7375845303178776,-0.5595719370593745,-0.5951284714867237
0.37180759335948504,-0.15031854611477377,-0.19504425062651956,-0.20679364850592954,1.381281486364397,0.3839421397350242,-0.8546207383765094,-0.5683791926436955,0.9471286649218978,-0.04935020198734271,0.0692820323027559,0.2465984809580359,0.8434105426861076,-0.4924160554915381,0.5405377599750526,-0.7266226911401854,-0.690491394346993,-0.5755115693951635,-0.5595719370593745,-0.5951284714867237
-0.6025725660921182,0.41183745781601633,0.2910184056967119,-0.20679364850592954,0.19603961525891572,-0.5986747709802676,1.3259859602540562,1.394189236113643,1.1416656400881946,-0.19689934175596574,0.0692820323027559,0.2465984809580359,-0.3959207471447268,-1.227043360661968,0.5405377599750526,-0.7266226911401854,-0.690491394346993,-0.5755115693951635,1.7870803265351975,-0.5951284714867237
-0.4842052987349475,0.07454385545754227,0.5769376152986128,-0.20679364850592954,0.702482166750327,-0.49958005151520596,-0.8546207383765094,-0.07773708545436095,0.16898076425671127,-0.17954647959944597,0.0692820323027559,0.2465984809580359,-0.26720699091482264,1.6298406038897038,-1.8500095165343355,1.37623007400284,-0.690491394346993,1.7375845303178776,-0.5595719370593745,-0.5951284714867237
-0.7167601499130876,-0.8249057508317219,0.2624264847365218,-0.20679364850592954,-0.3606213120685372,-0.713827619453038,-0.30946906371886795,0.4129050217349737,3.6706463172500507,-0.17276419011459015,0.0692820323027559,-4.0551750201988135,-0.7811725968117749,1.6298406038897038,0.5405377599750526,-0.7266226911401854,-0.690491394346993,1.7375845303178776,-0.5595719370593745,-0.5951284714867237
-0.00032128016687875725,1.5923650660706756,-0.5667392231089906,-0.20679364850592954,0.4240427333647057,-0.02993005702428454,0.7808342855964149,-0.5683791926436955,0.16898076425671127,0.0542020667404046,0.0692820323027559,0.2465984809580359,0.3739603588735043,-0.24754028710139483,-1.8500095165343355,1.37623007400284,-0.690491394346993,-0.5755115693951635,1.7870803265351975,-0.5951284714867237
-0.8615416468310044,0.8053466605675694,-1.2815372471137427,-0.20679364850592954,0.9639864233567664,-0.8598330012849997,0.23568261093877343,0.9035471289243083,0.7525916897556012,-0.21050598016172295,0.0692820323027559,0.2465984809580359,0.3945059382970501,-0.5740413116215859,0.5405377599750526,1.37623007400284,-0.690491394346993,-0.5755115693951635,-0.5595719370593745,-0.5951284714867237
-0.999985099042387,-1.330846154369433,-0.19504425062651956,-0.20679364850592954,-0.9817230869343969,-0.9994467608644974,-0.8546207383765094,-0.07773708545436095,0.16898076425671127,-0.23681761778448324,0.0692820323027559,0.2465984809580359,2.72115198333501,1.5482153477596559,0.5405377599750526,1.37623007400284,-0.690491394346993,-0.5755115693951635,-0.5595719370593745,1.6803094590682988
1.1520722862855517,-0.9935525520109589,0.7913770225000384,-0.20679364850592954,-1.2266511258455435,1.1708026629775532,-0.30946906371886795,-0.5683791926436955,-0.22009318607588202,0.40728611184303826,0.0692820323027559,-4.0551750201988135,-0.9517928126595461,-0.24754028710139483,0.5405377599750526,-0.7266226911401854,1.4482439726069483,-0.5755115693951635,-0.5595719370593745,1.6803094590682988
0.06689625342350293,-0.03788734532861574,-0.5667392231089906,-0.20679364850592954,2.383343972967972,0.07645328542729608,-0.30946906371886795,-0.5683791926436955,0.16898076425671127,-0.05310666461192604,0.0692820323027559,0.2465984809580359,-1.0359022049028348,-0.6556665677516337,0.5405377599750526,1.37623007400284,-0.690491394346993,-0.5755115693951635,-0.5595719370593745,-0.5951284714867237
-0.3685445477659726,-1.330846154369433,0.7627851015398482,-0.20679364850592954,-0.9193180502003309,-0.3626684379717178,1.3259859602540562,-0.5683791926436955,-0.025556210909585365,-0.1632116884470791,0.0692820323027559,0.2465984809580359,-0.26720699091482264,0.07896073741879621,0.5405377599750526,-0.7266226911401854,1.4482439726069483,-0.5755115693951635,-0.5595719370593745,1.6803094590682988
0.40048296319391397,0.7491310601744904,-0.16645232966632947,-0.20679364850592954,1.9474240614934264,0.35908405268608723,0.7808342855964149,-0.07773708545436095,-0.6091671364084753,0.023699717499471806,0.0692820323027559,0.2465984809580359,-0.9517631653587906,0.813588042589226,-1.8500095165343355,-0.7266226911401854,1.4482439726069483,-0.5755115693951635,-0.5595719370593745,-0.5951284714867237
-0.9817246783473443,-0.8249057508317219,-1.0956897608725071,-0.20679364850592954,0.4791429527416348,-0.9810319789155063,0.7808342855964149,-1.5496634070223647,-0.22009318607588202,-0.23709740235531157,0.0692820323027559,-4.0551750201988135,-1.0979095344329153,0.813588042589226,0.5405377599750526,-0.7266226911401854,1.4482439726069483,1.7375845303178776,-0.5595719370593745,-0.5951284714867237
-0.5877381155087157,1.1426402629260435,0.677009338659278,-0.20679364850592954,0.23778142872826905,-0.6000673273118332,-1.9449240876917921,0.9035471289243083,0.7525916897556012,-0.16684436273618805,0.0692820323027559,0.2465984809580359,1.5882396795659606,-1.3086686167920156,-1.8500095165343355,1.37623007400284,-0.690491394346993,-0.5755115693951635,1.7870803265351975,-0.5951284714867237
0.2634784184294204,-1.0497681524040379,0.8342649039403235,-0.20679364850592954,-0.8827298635782378,0.22610965959849194,0.23568261093877343,2.3754734504923123,0.9471286649218978,0.004084634585307213,0.0692820323027559,0.2465984809580359,-0.35268015899286337,1.3033395793695126,-1.8500095165343355,1.37623007400284,-0.690491394346993,-0.5755115693951635,-0.5595719370593745,1.6803094590682988
-0.0407819871853501,1.0302090621398854,-1.2100574447132675,-0.20679364850592954,-0.6568343480935663,-0.03213519424564659,-0.8546207383765094,-1.0590212998330302,0.5580547145893046,-0.08591081231872177,0.0692820323027559,0.2465984809580359,1.7831558583828453,0.24221124967889174,0.5405377599750526,-0.7266226911401854,-0.690491394346993,-0.5755115693951635,1.7870803265351975,-0.5951284714867237
-0.6365581895995892,0.9739934617468065,-1.009913997991937,-0.20679364850592954,1.4802670177401869,-0.6329476859772636,0.23568261093877343,-1.0590212998330302,-0.803704111574772,-0.18335577035809217,0.0692820323027559,0.2465984809580359,-0.6734936004678818,-0.3291655432314426,0.5405377599750526,-0.7266226911401854,1.4482439726069483,-0.5755115693951635,-0.5595719370593745,-0.5951284714867237
0.2807453077920873,-0.20653414650785276,-0.02349272486537904,-0.20679364850592954,1.9120871036780314,0.24286862286834646,0.23568261093877343,-1.0590212998330302,-0.025556210909585365,-0.09096565198722327,0.0692820323027559,0.2465984809580359,-0.26720699091482264,-0.4107907993614904,-1.8500095165343355,1.37623007400284,-0.690491394346993,-0.5755115693951635,-0.5595719370593745,-0.5951284714867237
-0.43531670524184113,-1.162199353190196,-0.8812503536710816,-0.20679364850592954,-1.1059254939533743,-0.4300050421341631,-0.30946906371886795,-0.5683791926436955,-0.803704111574772,-0.1869045187967427,0.0692820323027559,0.2465984809580359,-0.37257349779978854,0.5687122741990828,0.5405377599750526,1.37623007400284,-0.690491394346993,-0.5755115693951635,-0.5595719370593745,1.6803094590682988
-0.9287591804213862,0.1869750562437003,0.8485608644204186,-0.20679364850592954,-0.06652869863190845,-0.927618746470591,-0.30946906371886795,2.3754734504923123,-0.9982410867410686,-0.22982276712691502,0.0692820323027559,-4.0551750201988135,-1.0592346305973952,-0.4107907993614904,0.5405377599750526,-0.7266226911401854,1.4482439726069483,1.7375845303178776,-0.5595719370593745,-0.5951284714867237
0.765588597991415,-1.105983752797117,0.11946687993557138,-0.20679364850592954,-0.810961122741587,0.7810519028151394,-0.8546207383765094,0.9035471289243083,-0.9982410867410686,0.08813071506400257,0.0692820323027559,0.2465984809580359,0.3747311886931468,-1.7167948974422544,0.5405377599750526,1.37623007400284,-0.690491394346993,-0.5755115693951635,-0.5595719370593745,1.6803094590682988
1.2405993539703357,-1.330846154369433,0.40538608953747224,-0.20679364850592954,-1.2839050997258052,1.174487420351506,0.23568261093877343,0.4129050217349737,0.16898076425671127,0.05079493496643872,0.0692820323027559,0.2465984809580359,-0.7392364898931525,1.3849648354995603,-1.8500095165343355,1.37623007400284,-0.690491394346993,-0.5755115693951635,-0.5595719370593745,1.6803094590682988
2.4039560247800145,-0.8811213512248008,-1.1385776423127922,-0.20679364850592954,-0.21586080551655756,2.43326898042235,1.3259859602540562,0.4129050217349737,-0.41463016124217866,0.10418019783942507,0.0692820323027559,0.2465984809580359,-0.7356046955506066,-1.3902938729220635,0.5405377599750526,-0.7266226911401854,1.4482439726069483,1.7375845303178776,-0.5595719370593745,-0.5951284714867237
-0.858184196121597,-0.15031854611477377,0.8342649039403235,-0.20679364850592954,0.3060810864184803,-0.8625579147170537,0.23568261093877343,0.4129050217349737,-0.22009318607588202,-0.22907306560530988,0.0692820323027559,0.2465984809580359,-0.20364317809507965,1.7114658600197514,-1.8500095165343355,1.37623007400284,-0.690491394346993,-0.5755115693951635,-0.5595719370593745,-0.5951284714867237
0.4573198073460256,0.8053466605675694,-1.353017049514218,-0.20679364850592954,0.4220120505472777,0.4701772161790791,-0.30946906371886795,-0.07773708545436095,1.3362026152544912,-0.11066787789657831,0.0692820323027559,-4.0551750201988135,-0.8001913402464135,-1.7167948974422544,0.5405377599750526,1.37623007400284,-0.690491394346993,-0.5755115693951635,1.7870803265351975,-0.5951284714867237
4.487870864587428,-0.7686901504386429,0.5197537733782326,-0.20679364850592954,0.28554862682004156,4.534799827723044,-0.30946906371886795,-0.5683791926436955,-1.387315037073662,0.24188594220196052,0.0692820323027559,0.2465984809580359,0.008364669607337609,0.813588042589226,0.5405377599750526,-0.7266226911401854,-0.690491394346993,1.7375845303178776,-0.5595719370593745,-0.5951284714867237
0.6396499366875197,0.9177778613537274,1.5776548489052657,3.1124756489183216,0.7168918099750055,0.5912156451203213,0.23568261093877343,-0.07773708545436095,3.6706463172500507,-0.13208705128179057,0.0692820323027559,-4.0551750201988135,-0.2448825734459483,-1.3902938729220635,-1.8500095165343355,-0.7266226911401854,1.4482439726069483,-0.5755115693951635,1.7870803265351975,-0.5951284714867237
-0.18755054676801836,-0.15031854611477377,-0.38089173686775507,-0.20679364850592954,-0.11320107151782006,-0.18014443602702945,-1.399772413034151,-0.07773708545436095,-0.22009318607588202,-0.1861010062724332,0.0692820323027559,0.2465984809580359,-0.9731092219027342,1.140089067109417,0.5405377599750526,-0.7266226911401854,1.4482439726069483,1.7375845303178776,-0.5595719370593745,-0.5951284714867237
-1.016669573486075,0.41183745781601633,-1.2672412866336478,-0.20679364850592954,-0.7452921223375895,-1.0162722745777404,0.23568261093877343,1.394189236113643,-0.22009318607588202,-0.24133704368192715,0.0692820323027559,0.2465984809580359,0.3947134694023385,-1.553544385182159,0.5405377599750526,-0.7266226911401854,-0.690491394346993,1.7375845303178776,-0.5595719370593745,-0.5951284714867237
-0.6177496136866844,0.8615622609606484,-1.4816806938350733,-0.20679364850592954,-0.3714029045524827,-0.6291960015665804,0.7808342855964149,-0.5683791926436955,0.16898076425671127,-0.19501083225227847,0.0692820323027559,0.2465984809580359,-0.26720699091482264,-1.553544385182159,-1.8500095165343355,-0.7266226911401854,1.4482439726069483,1.7375845303178776,-0.5595719370593745,-0.5951284714867237
-0.8980624882210896,0.6366998593883324,2.363932675310493,-0.20679364850592954,-0.9183155287588985,-0.8966625651829815,-0.30946906371886795,-0.07773708545436095,1.1416656400881946,-0.20477360582841256,0.0692820323027559,0.2465984809580359,-0.20362835444470184,0.40546176193898725,0.5405377599750526,-0.7266226911401854,-0.690491394346993,-0.5755115693951635,1.7870803265351975,-0.5951284714867237
0.18111809694558875,0.35562185742293734,0.648417417699088,-0.20679364850592954,0.18590927711288274,0.1916406832095393,0.7808342855964149,0.9035471289243083,-1.5818520122399586,0.31646543059694415,0.0692820323027559,-4.0551750201988135,4.450078797841795,0.40546176193898725,0.5405377599750526,1.37623007400284,-0.690491394346993,-0.5755115693951635,1.7870803265351975,-0.5951284714867237
-0.8568823274791737,-1.162199353190196,-0.7668826698303213,-0.20679364850592954,-1.1611769889442283,-0.8551342951967019,0.23568261093877343,-0.07773708545436095,-1.387315037073662,-0.22196730982383156,0.0692820323027559,0.2465984809580359,-0.26720699091482264,-0.7372918238816814,0.5405377599750526,1.37623007400284,-0.690491394346993,-0.5755115693951635,-0.5595719370593745,1.6803094590682988
-0.6585529177163197,-1.105983752797117,0.5769376152986128,-0.20679364850592954,-1.0373284130222267,-0.6551283426587875,-0.30946906371886795,0.4129050217349737,-0.41463016124217866,0.02831473634455091,0.0692820323027559,0.2465984809580359,0.6093302795712376,1.0584638109793694,0.5405377599750526,-0.7266226911401854,-0.690491394346993,-0.5755115693951635,-0.5595719370593745,1.6803094590682988
-0.9590104965071695,1.0302090621398854,-0.40948365782794516,-0.20679364850592954,-1.0425512676928086,-0.9581257867350542,-0.30946906371886795,-0.07773708545436095,-0.41463016124217866,-0.21342475825774232,0.0692820323027559,0.2465984809580359,-0.09723901568367209,1.221714323239465,0.5405377599750526,-0.7266226911401854,1.4482439726069483,-0.5755115693951635,-0.5595719370593745,-0.5951284714867237
-0.6777726100426216,-1.0497681524040379,0.1623547613758565,-0.20679364850592954,-1.2044136105986327,-0.6745105052730161,1.3259859602540562,-1.0590212998330302,-0.22009318607588202,-0.02812415095946258,0.0692820323027559,-4.0551750201988135,-0.2260268901654649,1.0584638109793694,0.5405377599750526,1.37623007400284,-0.690491394346993,-0.5755115693951635,-0.5595719370593745,1.6803094590682988
-0.3874216430811105,0.5242686586021743,-0.02349272486537904,-0.20679364850592954,1.094142423181385,-0.40564340223477174,0.7808342855964149,-0.5683791926436955,-0.22009318607588202,0.09049922959479507,0.0692820323027559,0.2465984809580359,-0.5020136128982018,0.8952132987192738,-1.8500095165343355,-0.7266226911401854,1.4482439726069483,-0.5755115693951635,-0.5595719370593745,-0.5951284714867237
-0.8845299062801104,-1.105983752797117,0.17665072185595154,-0.20679364850592954,-1.0749268130661211,-0.8830155879412339,0.23568261093877343,-0.5683791926436955,-0.025556210909585365,-0.18885373274130987,0.0692820323027559,0.2465984809580359,0.693069080555083,-0.002664518711251552,0.5405377599750526,1.37623007400284,-0.690491394346993,-0.5755115693951635,-0.5595719370593745,1.6803094590682988
0.037981065681259245,0.4680530582090954,0.7198972200995631,-0.20679364850592954,1.2507306315475006,0.04729366823227108,0.7808342855964149,0.9035471289243083,0.5580547145893046,-0.1142995091811506,0.0692820323027559,0.2465984809580359,-0.26720699091482264,0.32383650580893947,0.5405377599750526,-0.7266226911401854,1.4482439726069483,-0.5755115693951635,-0.5595719370593745,-0.5951284714867237
-0.9929618603135244,0.41183745781601633,-0.5095553811886104,-0.20679364850592954,0.5842846324061175,-0.9933709335734178,0.7808342855964149,-1.0590212998330302,0.9471286649218978,-0.23848192039875835,0.0692820323027559,0.2465984809580359,-0.502176673052357,-0.16591503097134708,-1.8500095165343355,-0.7266226911401854,1.4482439726069483,-0.5755115693951635,1.7870803265351975,-0.5951284714867237
-0.7324853527255162,0.6929154597814113,-1.038505918952127,-0.20679364850592954,-0.013589925738680996,-0.7296857525010432,-0.8546207383765094,-1.0590212998330302,-1.387315037073662,-0.1771437064179758,0.0692820323027559,0.2465984809580359,3.147391226296506,0.40546176193898725,0.5405377599750526,-0.7266226911401854,-0.690491394346993,1.7375845303178776,-0.5595719370593745,-0.5951284714867237
-0.7477651794234319,0.35562185742293734,-0.15215636918623443,-0.20679364850592954,2.4829192228387225,-0.7553870047592345,-0.8546207383765094,1.394189236113643,3.6706463172500507,-0.16923335196782716,0.0692820323027559,-4.0551750201988135,0.07373696777316477,-0.16591503097134708,-1.8500095165343355,-0.7266226911401854,1.4482439726069483,-0.5755115693951635,-0.5595719370593745,-0.5951284714867237
-0.34750909128050156,-0.9935525520109589,0.37679416857728215,-0.20679364850592954,1.1036856068259142,-0.34145516195543196,0.23568261093877343,-1.5496634070223647,-0.22009318607588202,-0.16068075316397779,0.0692820323027559,0.2465984809580359,-0.26720699091482264,1.6298406038897038,0.5405377599750526,1.37623007400284,-0.690491394346993,1.7375845303178776,-0.5595719370593745,-0.5951284714867237
-0.8967606195786663,0.5242686586021743,0.7484891410597533,-0.20679364850592954,-0.08170241190657893,-0.8999995667842284,1.3259859602540562,-1.0590212998330302,1.3362026152544912,-0.21932208643510262,0.0692820323027559,0.2465984809580359,-0.41602161705694035,-1.1454181045319203,-1.8500095165343355,-0.7266226911401854,1.4482439726069483,-0.5755115693951635,1.7870803265351975,-0.5951284714867237
3.884043632410835,-1.49949295554867,0.6913052991393731,-0.20679364850592954,-1.040000094203742,3.925868248265324,-0.30946906371886795,-0.07773708545436095,-1.5818520122399586,1.258817815411988,0.0692820323027559,0.2465984809580359,2.3167035064287904,0.5687122741990828,0.5405377599750526,-0.7266226911401854,-0.690491394346993,-0.5755115693951635,-0.5595719370593745,1.6803094590682988
-0.9715838068168893,0.2431906566367793,0.7627851015398482,-0.20679364850592954,0.7335269995197946,-0.9708053833115641,-0.8546207383765094,-2.0403055142116995,-0.9982410867410686,-0.23846833770661785,0.0692820323027559,0.2465984809580359,-1.0593087488492838,1.140089067109417,0.5405377599750526,-0.7266226911401854,-0.690491394346993,1.7375845303178776,-0.5595719370593745,-0.5951284714867237
0.957682742151084,-0.2627497469009318,-0.7668826698303213,-0.20679364850592954,0.3913184848813298,0.8998931372513905,-0.30946906371886795,0.4129050217349737,1.3362026152544912,-0.07418145956994528,0.0692820323027559,0.2465984809580359,-0.6512433012508961,1.3849648354995603,-1.8500095165343355,1.37623007400284,-0.690491394346993,1.7375845303178776,-0.5595719370593745,-0.5951284714867237
-0.6074374436506471,-1.443277355155591,-0.6096271045492758,-0.20679364850592954,-0.9619880293008825,-0.6035807729254019,-0.30946906371886795,-1.0590212998330302,-0.9982410867410686,-0.20909849757901727,0.0692820323027559,0.2465984809580359,0.6522002764636577,0.24221124967889174,0.5405377599750526,1.37623007400284,-0.690491394346993,-0.5755115693951635,-0.5595719370593745,1.6803094590682988
-0.1841245766563781,-0.31896534729401077,-1.0956897608725071,-0.20679364850592954,-0.13782053668567842,-0.17668950507975162,-0.8546207383765094,0.4129050217349737,-1.5818520122399586,-0.16662125360123206,0.0692820323027559,0.2465984809580359,-1.0590567467928624,0.6503375303291306,0.5405377599750526,1.37623007400284,-0.690491394346993,1.7375845303178776,-0.5595719370593745,-0.5951284714867237
-0.733136287046728,0.1307594558506213,1.0344083506616542,-0.20679364850592954,2.2524521070213814,-0.730342189381026,0.23568261093877343,0.4129050217349737,-0.41463016124217866,-0.21436425319861155,0.0692820323027559,-4.0551750201988135,-0.9061804404472444,1.3849648354995603,0.5405377599750526,-0.7266226911401854,-0.690491394346993,-0.5755115693951635,-0.5595719370593745,-0.5951284714867237
1.5065574137369684,-0.8249057508317219,-1.2243534051933627,-0.20679364850592954,0.5697852494104669,1.5282843680923917,-0.30946906371886795,-0.07773708545436095,-1.970925962572552,0.06239604757034868,0.0692820323027559,0.2465984809580359,-0.26720699091482264,0.24221124967889174,0.5405377599750526,-0.7266226911401854,1.4482439726069483,-0.5755115693951635,-0.5595719370593745,-0.5951284714867237
-0.37049735072960766,0.4680530582090954,-0.8240665117507014,-0.20679364850592954,1.913879335104019,-0.3892169580774144,0.23568261093877343,-0.5683791926436955,-0.9982410867410686,-0.2102960721502745,0.0692820323027559,0.2465984809580359,-1.079039027502054,-1.3902938729220635,-1.8500095165343355,1.37623007400284,-0.690491394346993,-0.5755115693951635,-0.5595719370593745,-0.5951284714867237
-0.655846401328124,0.6366998593883324,2.249564991469733,4.772110297630447,0.6085605224508251,-0.6523989472104379,0.7808342855964149,0.4129050217349737,-0.803704111574772,-0.21368196722649715,0.0692820323027559,0.2465984809580359,-0.5874571336754871,0.813588042589226,0.5405377599750526,-0.7266226911401854,-0.690491394346993,-0.5755115693951635,-0.5595719370593745,-0.5951284714867237
-0.8820974675008459,-0.4876121484732478,2.1351973076289723,-0.20679364850592954,2.356329737911884,-0.8857677487693523,2.416289309569339,-0.07773708545436095,-0.803704111574772,-0.22737025025105276,0.0692820323027559,0.2465984809580359,-0.9934324465706137,-0.9821675922718247,-1.8500095165343355,-0.7266226911401854,-0.690491394346993,-0.5755115693951635,-0.5595719370593745,-0.5951284714867237
-0.6566001147526848,0.35562185742293734,1.2488477578630797,-0.20679364850592954,0.21763100415482642,-0.6531590320188391,-0.30946906371886795,-0.07773708545436095,0.16898076425671127,-0.19351970979639319,0.0692820323027559,0.2465984809580359,1.2472660735772176,0.5687122741990828,0.5405377599750526,1.37623007400284,-0.690491394346993,1.7375845303178776,-0.5595719370593745,-0.5951284714867237
-0.9468140429097301,-1.218414953583275,-0.23793213206680466,4.772110297630447,-1.2294663906606138,-0.9458262325627452,-0.8546207383765094,-0.07773708545436095,0.16898076425671127,-0.23059104059009228,0.0692820323027559,0.2465984809580359,-0.3522947440830422,1.6298406038897038,0.5405377599750526,-0.7266226911401854,-0.690491394346993,-0.5755115693951635,-0.5595719370593745,1.6803094590682988
-0.7417697317280614,0.7491310601744904,-0.9098422746312717,-0.20679364850592954,0.685767493408391,-0.7390486153681662,-0.30946906371886795,-1.0590212998330302,-0.803704111574772,-0.19225332909535214,0.0692820323027559,0.2465984809580359,-0.9288161545740513,0.6503375303291306,0.5405377599750526,-0.7266226911401854,-0.690491394346993,1.7375845303178776,-0.5595719370593745,-0.5951284714867237
-0.2612774235705165,-0.9935525520109589,2.2352690309896377,-0.20679364850592954,-1.0073604575044255,-0.2544945500124486,0.7808342855964149,1.8848313433029775,1.1416656400881946,-0.09450993719819462,0.0692820323027559,0.2465984809580359,-0.4796595481285721,-0.002664518711251552,0.5405377599750526,-0.7266226911401854,-0.690491394346993,-0.5755115693951635,-0.5595719370593745,1.6803094590682988
3.578960993969271,-1.330846154369433,1.649134651305741,-0.20679364850592954,-1.1333550959493908,3.4440633707892965,0.23568261093877343,0.9035471289243083,-0.41463016124217866,0.2909657729078095,0.0692820323027559,0.2465984809580359,-0.26720699091482264,-0.6556665677516337,-1.8500095165343355,1.37623007400284,-0.690491394346993,-0.5755115693951635,-0.5595719370593745,1.6803094590682988
-0.8090900444217922,-1.162199353190196,0.7198972200995631,-0.20679364850592954,-0.8285629378194195,-0.8069380084821758,-0.8546207383765094,-0.5683791926436955,-0.803704111574772,-0.2359737291218349,0.0692820323027559,0.2465984809580359,0.2218548823475287,0.813588042589226,0.5405377599750526,-0.7266226911401854,1.4482439726069483,-0.5755115693951635,-0.5595719370593745,1.6803094590682988
0.12986558407545068,1.0302090621398854,-1.038505918952127,-0.20679364850592954,0.3412924085545142,0.13995491623826284,0.23568261093877343,-0.07773708545436095,-0.025556210909585365,-0.18341200313397962,0.0692820323027559,0.2465984809580359,-0.1181996573177944,1.0584638109793694,0.5405377599750526,-0.7266226911401854,-0.690491394346993,-0.5755115693951635,1.7870803265351975,-0.5951284714867237
2.0528283480380054,-0.6562589496524849,0.6913052991393731,-0.20679364850592954,1.546712908161458,2.0791731076358437,1.3259859602540562,-0.5683791926436955,-0.22009318607588202,-0.053438562587410754,0.0692820323027559,0.2465984809580359,0.6936768502205701,-0.9821675922718247,0.5405377599750526,-0.7266226911401854,1.4482439726069483,-0.5755115693951635,-0.5595719370593745,-0.5951284714867237
0.5464292899497885,0.5804842589952534,-0.8097705512706064,-0.20679364850592954,0.8862487057537363,0.5007371946098569,-1.399772413034151,-0.07773708545436095,0.16898076425671127,-0.06019960405938438,0.0692820323027559,0.2465984809580359,-0.26720699091482264,0.40546176193898725,-1.8500095165343355,-0.7266226911401854,1.4482439726069483,1.7375845303178776,-0.5595719370593745,-0.5951284714867237
-0.6580047624984573,-1.162199353190196,-0.4523715392682303,-0.20679364850592954,-0.9437144479374868,-0.6545755537072229,-1.399772413034151,-1.0590212998330302,3.6706463172500507,-0.21346531129088697,0.0692820323027559,0.2465984809580359,-0.6305198380228176,-1.1454181045319203,0.5405377599750526,-0.7266226911401854,1.4482439726069483,-0.5755115693951635,-0.5595719370593745,1.6803094590682988
1.1716003159219013,0.8615622609606484,-1.0956897608725071,-0.20679364850592954,1.6953553008063493,1.1904957693770368,-1.399772413034151,-1.0590212998330302,1.3362026152544912,0.03491639846613851,0.0692820323027559,0.2465984809580359,2.848961496891872,0.7319627864591783,0.5405377599750526,1.37623007400284,-0.690491394346993,-0.5755115693951635,-0.5595719370593745,-0.5951284714867237
-0.15089266657346764,-0.9373369516178799,-0.4952594207085154,6.431744946342572,-0.5940883002298059,-0.14317667489115646,0.7808342855964149,0.9035471289243083,0.5580547145893046,-0.1370243401514071,0.0692820323027559,0.2465984809580359,-0.26720699091482264,-0.3291655432314426,0.5405377599750526,-0.7266226911401854,-0.690491394346993,1.7375845303178776,-0.5595719370593745,-0.5951284714867237
-0.43589912016081994,-0.8249057508317219,-0.02349272486537904,-0.20679364850592954,0.23599688928265047,-0.43059238039520026,0.23568261093877343,1.8848313433029775,0.9471286649218978,-0.15983806740355322,0.0692820323027559,0.2465984809580359,0.501058337212235,-0.4107907993614904,0.5405377599750526,-0.7266226911401854,-0.690491394346993,-0.5755115693951635,-0.5595719370593745,-0.5951284714867237
-1.010982463100752,0.1307594558506213,-0.18074829014642452,-0.20679364850592954,1.8027353467582246,-1.0105370892052592,0.7808342855964149,-0.07773708545436095,0.5580547145893046,-0.24010454878480686,0.0692820323027559,0.2465984809580359,1.3760539480590106,1.221714323239465,0.5405377599750526,-0.7266226911401854,1.4482439726069483,-0.5755115693951635,-0.5595719370593745,-0.5951284714867237
-0.9540770995464075,0.2431906566367793,0.5769376152986128,-0.20679364850592954,0.8625676621909013,-0.9556300143049955,-0.8546207383765094,-1.0590212998330302,0.5580547145893046,-0.22519033439135933,0.0692820323027559,0.2465984809580359,0.1593435487046051,-1.1454181045319203,-1.8500095165343355,-0.7266226911401854,1.4482439726069483,1.7375845303178776,-0.5595719370593745,-0.5951284714867237
-0.7949065281596016,-0.20653414650785276,-0.5381473021488006,-0.20679364850592954,0.6152269054373313,-0.7926345943604457,1.8711376349116977,1.394189236113643,-0.22009318607588202,-0.21451053144088322,0.0692820323027559,0.2465984809580359,-0.26720699091482264,0.24221124967889174,0.5405377599750526,-0.7266226911401854,1.4482439726069483,1.7375845303178776,-0.5595719370593745,-0.5951284714867237
-0.08398347029313369,-1.0497681524040379,0.20524264281614163,-0.20679364850592954,0.38331626130406615,-0.11113122429607941,-0.30946906371886795,0.4129050217349737,0.5580547145893046,-0.13320102867836098,0.0692820323027559,0.2465984809580359,-0.26720699091482264,-0.4924160554915381,-1.8500095165343355,1.37623007400284,-0.690491394346993,1.7375845303178776,-0.5595719370593745,-0.5951284714867237
0.5939474953982387,1.3675026644983594,0.062283038015191215,1.452841000206196,2.019587657322355,0.5468575955132065,-0.8546207383765094,1.394189236113643,-0.22009318607588202,-0.031830322397042136,0.0692820323027559,0.2465984809580359,-0.26720699091482264,-0.4107907993614904,-1.8500095165343355,-0.7266226911401854,1.4482439726069483,-0.5755115693951635,-0.5595719370593745,-0.5951284714867237
-0.43380927839271943,-1.0497681524040379,2.4640043986711584,-0.20679364850592954,-0.9868895337489392,-0.42848487251736084,-1.399772413034151,0.4129050217349737,-0.41463016124217866,-0.1856563273744008,0.0692820323027559,0.2465984809580359,0.010721630017398126,0.40546176193898725,0.5405377599750526,1.37623007400284,-0.690491394346993,-0.5755115693951635,-0.5595719370593745,1.6803094590682988
1.6872088177237587,-0.9373369516178799,1.1058881530621294,-0.20679364850592954,-1.0585531508538797,1.7104628769423527,-0.30946906371886795,0.4129050217349737,0.3635177394230079,0.07344109111050767,0.0692820323027559,0.2465984809580359,-0.5658294277743664,0.24221124967889174,0.5405377599750526,-0.7266226911401854,1.4482439726069483,-0.5755115693951635,-0.5595719370593745,1.6803094590682988
0.16621512695995377,-0.20653414650785276,1.33462352074365,-0.20679364850592954,1.1377303119393094,0.1766117335888808,0.7808342855964149,-0.5683791926436955,0.5580547145893046,-0.09887069686087667,0.0692820323027559,0.2465984809580359,-0.26720699091482264,-0.9821675922718247,0.5405377599750526,1.37623007400284,-0.690491394346993,1.7375845303178776,-0.5595719370593745,-0.5951284714867237
-0.6035318377233773,0.41183745781601633,1.7635023351465013,-0.20679364850592954,0.5771490386170997,-0.6153964583979502,0.23568261093877343,-1.0590212998330302,0.5580547145893046,-0.19887751877384133,0.0692820323027559,0.2465984809580359,0.521811447741069,1.0584638109793694,-1.8500095165343355,1.37623007400284,-0.690491394346993,1.7375845303178776,-0.5595719370593745,-0.5951284714867237
-0.9441417862226509,-0.20653414650785276,0.7913770225000384,-0.20679364850592954,-0.9689877314367139,-0.9459869600425793,0.23568261093877343,-0.07773708545436095,-0.6091671364084753,-0.23009015839200117,0.0692820323027559,-4.0551750201988135,-0.9714489730604273,1.0584638109793694,-1.8500095165343355,-0.7266226911401854,1.4482439726069483,1.7375845303178776,-0.5595719370593745,-0.5951284714867237
0.42532124650330577,1.2550714637122016,-0.23793213206680466,-0.20679364850592954,1.7734724894409188,0.43790816113150416,-0.30946906371886795,-0.07773708545436095,1.3362026152544912,0.07272245150073414,0.0692820323027559,0.2465984809580359,0.7148450229599809,1.3849648354995603,0.5405377599750526,-0.7266226911401854,1.4482439726069483,-0.5755115693951635,-0.5595719370593745,-0.5951284714867237
0.42456753307874484,-1.387061754762512,-0.7525867093502262,-0.20679364850592954,-1.21647207182384,0.43714807632310293,0.23568261093877343,-1.0590212998330302,0.5580547145893046,-0.016559051098422824,0.0692820323027559,-4.0551750201988135,0.09589832508788403,1.3849648354995603,0.5405377599750526,1.37623007400284,-0.690491394346993,-0.5755115693951635,-0.5595719370593745,1.6803094590682988
0.4763682011667454,-0.7686901504386429,-0.12356444822604433,-0.20679364850592954,2.371918818126484,0.489386632245944,-1.9449240876917921,1.394189236113643,0.16898076425671127,-0.04235815176016551,0.0692820323027559,0.2465984809580359,1.7179466203711733,-0.0842897748412993,0.5405377599750526,1.37623007400284,-0.690491394346993,-0.5755115693951635,-0.5595719370593745,-0.5951284714867237
0.9961906462059203,-0.9373369516178799,2.349636714830398,-0.20679364850592954,-0.8174582821599742,1.0136033048764113,-0.8546207383765094,1.8848313433029775,0.5580547145893046,0.0009899516218793815,0.0692820323027559,0.2465984809580359,-0.26720699091482264,-0.9821675922718247,0.5405377599750526,-0.7266226911401854,1.4482439726069483,-0.5755115693951635,-0.5595719370593745,1.6803094590682988
-0.8237189367984962,-0.2627497469009318,-0.6525149859895609,-0.20679364850592954,-1.2543268712133688,-0.8216905636270523,1.3259859602540562,-0.5683791926436955,-1.7763889874062553,-0.21797717081073373,0.0692820323027559,0.2465984809580359,-0.26720699091482264,-1.0637928484018724,0.5405377599750526,-0.7266226911401854,-0.690491394346993,1.7375845303178776,-0.5595719370593745,-0.5951284714867237
-0.6118226853935468,0.018328255064463266,-0.46666749974832533,-0.20679364850592954,1.2009635185597762,-0.6080030845379176,-0.8546207383765094,-0.5683791926436955,-2.1654629377388486,-0.19248232598014486,0.0692820323027559,0.2465984809580359,-0.26720699091482264,0.7319627864591783,0.5405377599750526,-0.7266226911401854,-0.690491394346993,-0.5755115693951635,-0.5595719370593745,-0.5951284714867237
1.645446242062864,-0.7686901504386429,-1.4673847333549783,-0.20679364850592954,0.4387626197976024,1.6683472686950354,-0.30946906371886795,1.8848313433029775,0.16898076425671127,0.5532485972822496,0.0692820323027559,0.2465984809580359,-0.9508885699865041,-0.4924160554915381,0.5405377599750526,1.37623007400284,-0.690491394346993,1.7375845303178776,-0.5595719370593745,-0.5951284714867237
-0.2313001850936643,1.9296586684291497,0.062283038015191215,-0.20679364850592954,-0.16619881626054342,-0.22426390422376744,0.23568261093877343,-0.07773708545436095,-1.970925962572552,-0.17915215163312884,0.0692820323027559,0.2465984809580359,-0.20388035650112346,-1.553544385182159,0.5405377599750526,-0.7266226911401854,1.4482439726069483,-0.5755115693951635,1.7870803265351975,-0.5951284714867237
-0.37501963127697274,1.7047962668568335,1.1201841135422244,-0.20679364850592954,-0.021648557171984394,-0.39360621036237625,-1.399772413034151,-0.07773708545436095,0.9471286649218978,-0.16690284391330507,0.0692820323027559,0.2465984809580359,-0.26720699091482264,-0.3291655432314426,-1.8500095165343355,-0.7266226911401854,1.4482439726069483,-0.5755115693951635,1.7870803265351975,-0.5951284714867237
-0.45594104531391544,1.8734430680360705,-0.1378604087061394,-0.20679364850592954,-0.40014014321123664,-0.4508037264367757,0.23568261093877343,-0.5683791926436955,-0.803704111574772,-0.13520871707312457,0.0692820323027559,0.2465984809580359,-1.0359022049028348,-0.002664518711251552,0.5405377599750526,1.37623007400284,-0.690491394346993,-0.5755115693951635,1.7870803265351975,-0.5951284714867237
-0.9524326338928203,1.0864246625329645,0.03369111705500113,-0.20679364850592954,-1.0390873125332818,-0.951492319316281,-1.399772413034151,-1.0590212998330302,-0.803704111574772,-0.22802879768806408,0.0692820323027559,0.2465984809580359,-0.864525982885799,-1.3086686167920156,0.5405377599750526,1.37623007400284,-0.690491394346993,-0.5755115693951635,1.7870803265351975,-0.5951284714867237
-0.9939211319447836,0.5804842589952534,-1.295833207593838,-0.20679364850592954,-0.9843434882467851,-0.9933315330878155,-1.399772413034151,-0.07773708545436095,0.9471286649218978,-0.23420828144910735,0.0692820323027559,0.2465984809580359,-0.738806604032198,1.140089067109417,0.5405377599750526,-0.7266226911401854,-0.690491394346993,1.7375845303178776,-0.5595719370593745,-0.5951284714867237
-0.7271408393513575,1.1988558633191224,0.662713378179183,-0.20679364850592954,-0.7539532922331346,-0.7242960602232899,-0.30946906371886795,0.4129050217349737,0.16898076425671127,-0.1322103010754537,0.0692820323027559,0.2465984809580359,-1.0577670892099993,1.7114658600197514,0.5405377599750526,-0.7266226911401854,-0.690491394346993,-0.5755115693951635,1.7870803265351975,-0.5951284714867237
-0.5541293487135249,0.6929154597814113,2.1351973076289723,-0.20679364850592954,-0.9317329065159702,-0.5498220473857587,1.3259859602540562,-1.0590212998330302,1.1416656400881946,-0.06393897791395298,0.0692820323027559,0.2465984809580359,-0.4797188427300831,-0.5740413116215859,0.5405377599750526,-0.7266226911401854,1.4482439726069483,-0.5755115693951635,1.7870803265351975,-0.5951284714867237
-0.77739982088912,-1.105983752797117,-0.20934021110661458,-0.20679364850592954,-0.9322405772203274,-0.7749798972198558,-0.8546207383765094,-0.5683791926436955,-0.803704111574772,-0.15572437648832607,0.0692820323027559,0.2465984809580359,1.2691606051851376,-0.7372918238816814,0.5405377599750526,-0.7266226911401854,1.4482439726069483,-0.5755115693951635,-0.5595719370593745,1.6803094590682988
-0.006693584574529667,-1.330846154369433,-0.5381473021488006,-0.20679364850592954,-1.0390180847099604,0.0022413686797679217,0.23568261093877343,0.4129050217349737,-0.22009318607588202,0.13315702015509967,0.0692820323027559,-4.0551750201988135,-0.6298379501054417,-0.3291655432314426,0.5405377599750526,-0.7266226911401854,1.4482439726069483,-0.5755115693951635,-0.5595719370593745,1.6803094590682988
0.7167685239005417,0.8053466605675694,-1.1242816818326973,-0.20679364850592954,-0.604351966035569,0.7318191368164303,-0.8546207383765094,-1.5496634070223647,0.9471286649218978,-0.03262944279013079,0.0692820323027559,0.2465984809580359,-0.26720699091482264,0.32383650580893947,0.5405377599750526,-0.7266226911401854,-0.690491394346993,1.7375845303178776,-0.5595719370593745,-0.5951284714867237
1.4614716470677824,-0.20653414650785276,0.20524264281614163,-0.20679364850592954,1.4892897107130774,1.482817476826215,-0.8546207383765094,1.394189236113643,0.9471286649218978,0.056971437093864416,0.0692820323027559,0.2465984809580359,-0.26720699091482264,-0.6556665677516337,0.5405377599750526,1.37623007400284,-0.690491394346993,-0.5755115693951635,-0.5595719370593745,-0.5951284714867237
-0.3377108167612104,0.9177778613537274,2.1351973076289723,-0.20679364850592954,-0.11676758641560078,-0.33157405944621726,0.23568261093877343,-2.0403055142116995,1.1416656400881946,-0.20812142706425021,0.0692820323027559,0.2465984809580359,1.2912181969472127,-0.4924160554915381,0.5405377599750526,-0.7266226911401854,-0.690491394346993,-0.5755115693951635,1.7870803265351975,-0.5951284714867237
-0.6912366725813678,-0.9935525520109589,-0.40948365782794516,-0.20679364850592954,-0.8686561034963409,-0.6880883838958181,-1.399772413034151,-0.07773708545436095,1.1416656400881946,-0.21629481601852144,0.0692820323027559,0.2465984809580359,2.8700259040786387,1.7114658600197514,0.5405377599750526,-0.7266226911401854,1.4482439726069483,-0.5755115693951635,-0.5595719370593745,1.6803094590682988
0.5031935471408887,0.6929154597814113,-0.8383624722307964,-0.20679364850592954,0.2432299148230096,0.5164387415631296,-0.30946906371886795,-0.5683791926436955,1.1416656400881946,-0.05832626779803557,0.0692820323027559,0.2465984809580359,-0.26720699091482264,1.3849648354995603,0.5405377599750526,-0.7266226911401854,1.4482439726069483,-0.5755115693951635,1.7870803265351975,-0.5951284714867237
-0.587155700589737,1.7047962668568335,2.120901347148877,-0.20679364850592954,0.14239318017173602,-0.5831275817175172,-0.30946906371886795,0.4129050217349737,1.1416656400881946,-0.20701064162702631,0.0692820323027559,0.2465984809580359,-0.4809788530121908,-1.4719191290521112,0.5405377599750526,1.37623007400284,-0.690491394346993,-0.5755115693951635,1.7870803265351975,-0.5951284714867237
0.780046191862537,1.3675026644983594,0.20524264281614163,-0.20679364850592954,-0.10786796512861514,0.795631711412652,-0.30946906371886795,0.4129050217349737,-0.025556210909585365,-0.01769242574370965,0.0692820323027559,0.2465984809580359,-0.07484047996290903,-1.1454181045319203,0.5405377599750526,-0.7266226911401854,-0.690491394346993,-0.5755115693951635,1.7870803265351975,-0.5951284714867237
1.3844558389581099,0.9177778613537274,-0.7954745907905113,-0.20679364850592954,0.39201845509491284,1.3141121956890436,1.8711376349116977,-0.07773708545436095,-0.6091671364084753,-0.00797803897593465,0.0692820323027559,0.2465984809580359,0.7788535452910563,1.4665900916296082,-1.8500095165343355,-0.7266226911401854,1.4482439726069483,-0.5755115693951635,1.7870803265351975,-0.5951284714867237
-0.20906563906911912,1.9296586684291497,-0.1092684877459493,-0.20679364850592954,-0.41678558872985105,-0.20184140237593431,-1.399772413034151,2.3754734504923123,-1.5818520122399586,-0.17753082702836737,0.0692820323027559,0.2465984809580359,0.24570613580531023,1.0584638109793694,0.5405377599750526,-0.7266226911401854,-0.690491394346993,-0.5755115693951635,1.7870803265351975,-0.5951284714867237
1.7051609011087532,1.1988558633191224,-0.42377961830804023,1.452841000206196,0.7180661189780131,1.728566715106088,-0.30946906371886795,1.8848313433029775,-0.025556210909585365,-0.003839312080602008,0.0692820323027559,0.2465984809580359,-0.22535982589846665,0.16058599354884398,0.5405377599750526,-0.7266226911401854,-0.690491394346993,-0.5755115693951635,-0.5595719370593745,-0.5951284714867237
-0.27693410698071247,0.1307594558506213,0.2624264847365218,-0.20679364850592954,-1.1462750589759305,-0.29840598845445304,0.23568261093877343,-0.07773708545436095,0.16898076425671127,-0.1856484865303147,0.0692820323027559,0.2465984809580359,-0.5019246709959354,0.6503375303291306,-1.8500095165343355,-0.7266226911401854,1.4482439726069483,1.7375845303178776,-0.5595719370593745,-0.5951284714867237
-0.9432852936947408,-1.443277355155591,-0.9098422746312717,-0.20679364850592954,0.12039924430317868,-0.942267653687049,-0.30946906371886795,0.9035471289243083,0.16898076425671127,-0.23236310588894796,0.0692820323027559,0.2465984809580359,-0.26720699091482264,1.140089067109417,0.5405377599750526,1.37623007400284,-0.690491394346993,-0.5755115693951635,-0.5595719370593745,1.6803094590682988
0.4607457774576659,-0.2627497469009318,0.3624982080971871,-0.20679364850592954,1.6374475085947189,0.473632147126357,1.3259859602540562,0.4129050217349737,-0.41463016124217866,2.1187263952491238,0.0692820323027559,0.2465984809580359,2.782625661451492,-0.7372918238816814,0.5405377599750526,-0.7266226911401854,-0.690491394346993,-0.5755115693951635,-0.5595719370593745,-0.5951284714867237
1.9243887285526127,1.8734430680360705,-0.7382907488701311,-0.20679364850592954,-1.0172702922132126,1.8381623169844923,-1.399772413034151,1.8848313433029775,1.5307395904207879,0.2184165409317246,0.0692820323027559,0.2465984809580359,-1.077452896911636,-1.1454181045319203,-1.8500095165343355,1.37623007400284,-0.690491394346993,-0.5755115693951635,1.7870803265351975,-0.5951284714867237
-0.827281945714602,-0.8249057508317219,-0.2522280925468997,-0.20679364850592954,0.9551816698276656,-0.8252836918122212,0.23568261093877343,0.4129050217349737,-0.41463016124217866,-0.22595458227630533,0.0692820323027559,-4.0551750201988135,-0.1806665200095848,-0.7372918238816814,0.5405377599750526,-0.7266226911401854,-0.690491394346993,-0.5755115693951635,-0.5595719370593745,-0.5951284714867237
-0.9029958851818515,-0.3751809476870898,-1.4387928123947882,-0.20679364850592954,2.3332794367393115,-0.9016376657470616,0.7808342855964149,-1.0590212998330302,-0.025556210909585365,-0.22751558163336633,0.0692820323027559,0.2465984809580359,-0.26720699091482264,0.7319627864591783,0.5405377599750526,-0.7266226911401854,1.4482439726069483,-0.5755115693951635,-0.5595719370593745,-0.5951284714867237
0.22589552630472676,1.0302090621398854,0.319610326656902,-0.20679364850592954,-1.0449280896268438,0.2367966306904607,-1.9449240876917921,0.4129050217349737,1.1416656400881946,1.0578160012724331,0.0692820323027559,0.2465984809580359,-0.9070402121691532,-0.24754028710139483,0.5405377599750526,-0.7266226911401854,-0.690491394346993,-0.5755115693951635,1.7870803265351975,-0.5951284714867237
1.238680810707817,-1.274630553976354,1.2059598764227946,-0.20679364850592954,-0.9929610702535724,1.258143317324737,1.3259859602540562,-0.07773708545436095,1.3362026152544912,0.16168330231584452,0.0692820323027559,0.2465984809580359,-0.823301411185308,-1.3902938729220635,0.5405377599750526,-0.7266226911401854,-0.690491394346993,-0.5755115693951635,-0.5595719370593745,1.6803094590682988
-0.8092956026284907,1.7047962668568335,0.6341214572189929,-0.20679364850592954,-0.21021232793222192,-0.8071453043390125,0.23568261093877343,-0.07773708545436095,1.1416656400881946,-0.22035284937298133,0.0692820323027559,0.2465984809580359,-0.9710487345002285,-1.0637928484018724,0.5405377599750526,1.37623007400284,-0.690491394346993,-0.5755115693951635,1.7870803265351975,-0.5951284714867237
-0.015909444174841927,-0.4313965480801688,-0.9098422746312717,-0.20679364850592954,-0.9992890061038405,-0.00705239556840947,-0.30946906371886795,0.9035471289243083,-0.6091671364084753,-0.11409861627253029,0.0692820323027559,0.2465984809580359,-0.8868948713058065,0.07896073741879621,0.5405377599750526,1.37623007400284,-0.690491394346993,1.7375845303178776,-0.5595719370593745,-0.5951284714867237
2.707565496073574,1.8734430680360705,-0.23793213206680466,-0.20679364850592954,-0.6668416145536944,2.739444960970113,0.7808342855964149,0.4129050217349737,-0.41463016124217866,0.22721806796834135,0.0692820323027559,-4.0551750201988135,-0.2658728623808262,-1.3902938729220635,0.5405377599750526,-0.7266226911401854,-0.690491394346993,-0.5755115693951635,1.7870803265351975,-0.5951284714867237
-0.49400357325423855,0.018328255064463266,0.34820224761709206,-0.20679364850592954,-0.11707270163690639,-0.48918800926103256,0.7808342855964149,-0.5683791926436955,0.16898076425671127,-0.19675238581477436,0.0692820323027559,0.2465984809580359,-1.01495638691909,0.16058599354884398,0.5405377599750526,-0.7266226911401854,-0.690491394346993,1.7375845303178776,-0.5595719370593745,-0.5951284714867237
-0.8464673783397874,0.5242686586021743,2.4783003591512536,-0.20679364850592954,1.9745152163532045,-0.844631305116977,-0.30946906371886795,0.4129050217349737,1.3362026152544912,-0.225326004979575,0.0692820323027559,0.2465984809580359,-0.9731981638050006,-0.0842897748412993,0.5405377599750526,1.37623007400284,-0.690491394346993,-0.5755115693951635,-0.5595719370593745,-0.5951284714867237
0.19584976842564183,0.35562185742293734,2.278156912429923,-0.20679364850592954,1.2890777176806485,0.20649688628283408,-0.8546207383765094,0.4129050217349737,1.3362026152544912,-0.11385782645330389,0.0692820323027559,0.2465984809580359,-0.22430734672164715,-0.8189170800117291,0.5405377599750526,1.37623007400284,-0.690491394346993,-0.5755115693951635,-0.5595719370593745,-0.5951284714867237
-0.3284264377586654,0.6929154597814113,-0.5953311440691808,-0.20679364850592954,0.39393375820680526,-0.32221119657909436,-1.399772413034151,1.8848313433029775,0.3635177394230079,-0.16933596029693043,0.0692820323027559,0.2465984809580359,1.271517565595198,-1.4719191290521112,0.5405377599750526,-0.7266226911401854,1.4482439726069483,1.7375845303178776,-0.5595719370593745,-0.5951284714867237
-0.8476664678788614,1.8172274676429916,-1.2100574447132675,-0.20679364850592954,0.6763396894693977,-0.8523495779633924,0.7808342855964149,-1.0590212998330302,-0.22009318607588202,-0.2228217191928804,-14.433756729740645,0.2465984809580359,-0.8239981227530616,1.0584638109793694,-1.8500095165343355,-0.7266226911401854,-0.690491394346993,-0.5755115693951635,1.7870803265351975,-0.5951284714867237
-1.0014240064892757,-0.7124745500455638,0.17665072185595154,-0.20679364850592954,1.9953963790617069,-1.0015841556520964,-1.9449240876917921,0.9035471289243083,-0.9982410867410686,-0.23944009991750964,0.0692820323027559,0.2465984809580359,-0.26720699091482264,1.3033395793695126,-1.8500095165343355,-0.7266226911401854,1.4482439726069483,-0.5755115693951635,-0.5595719370593745,-0.5951284714867237
-0.9329046042564708,0.2994062570298583,0.07657899849528625,-0.20679364850592954,0.06676306518982437,-0.9317992129167971,-0.8546207383765094,0.9035471289243083,1.1416656400881946,0.33978074066994735,0.0692820323027559,0.2465984809580359,1.8033160228965697,0.24221124967889174,0.5405377599750526,-0.7266226911401854,1.4482439726069483,1.7375845303178776,-0.5595719370593745,-0.5951284714867237
-0.16456228731891226,1.7610118672499127,1.8063902165867864,-0.20679364850592954,-0.17162166242072063,-0.1569618493707951,0.23568261093877343,-1.5496634070223647,-0.803704111574772,1.7431356655738444,0.0692820323027559,0.2465984809580359,1.3740379316076383,0.48708701806903504,0.5405377599750526,1.37623007400284,-0.690491394346993,-0.5755115693951635,1.7870803265351975,-0.5951284714867237
0.10348561421582081,0.9177778613537274,-0.9384341955914618,-0.20679364850592954,1.4028062114304423,0.11335194794422349,-0.30946906371886795,0.9035471289243083,0.16898076425671127,0.18531279818387436,0.0692820323027559,-4.0551750201988135,-1.0343901925643053,1.3033395793695126,0.5405377599750526,-0.7266226911401854,-0.690491394346993,-0.5755115693951635,-0.5595719370593745,-0.5951284714867237
0.43498248221813124,0.35562185742293734,2.0637175052284973,-0.20679364850592954,0.01783181406886987,0.4476510664028277,-0.8546207383765094,0.4129050217349737,1.1416656400881946,-0.06653325826815723,0.0692820323027559,0.2465984809580359,-0.26720699091482264,0.6503375303291306,0.5405377599750526,-0.7266226911401854,1.4482439726069483,1.7375845303178776,-0.5595719370593745,-0.5951284714867237
-0.9649031650991908,-1.105983752797117,-0.9670261165516518,-0.20679364850592954,-0.8028640314064386,-0.9640682679643723,0.7808342855964149,-0.07773708545436095,-0.025556210909585365,-0.23697059465525994,0.0692820323027559,0.2465984809580359,-0.6521475439239383,0.9768385548493216,0.5405377599750526,1.37623007400284,-0.690491394346993,-0.5755115693951635,-0.5595719370593745,1.6803094590682988
1.3312505231243366,0.9177778613537274,-0.33800385542746997,-0.20679364850592954,-0.7353925436026278,1.3514955515201843,0.23568261093877343,-2.0403055142116995,-0.025556210909585365,0.1372767406841913,0.0692820323027559,0.2465984809580359,3.2336055768934333,-0.9005423361417769,0.5405377599750526,-0.7266226911401854,-0.690491394346993,-0.5755115693951635,1.7870803265351975,-0.5951284714867237
-0.04845616023542429,-0.9935525520109589,0.10517091945547634,-0.20679364850592954,-0.7858109109282646,-0.03987423956754899,-0.30946906371886795,-1.5496634070223647,-0.22009318607588202,-0.1497649288031148,0.0692820323027559,0.2465984809580359,-0.8010955829194556,-1.1454181045319203,0.5405377599750526,1.37623007400284,-0.690491394346993,1.7375845303178776,-0.5595719370593745,-0.5951284714867237
-0.9182071924775342,0.5242686586021743,0.019395156574906088,-0.20679364850592954,0.8284152693523397,-0.9169775591529753,-1.399772413034151,-0.5683791926436955,1.5307395904207879,-0.23133594288777617,0.0692820323027559,-4.0551750201988135,-0.8219524590009337,-1.1454181045319203,0.5405377599750526,1.37623007400284,-0.690491394346993,1.7375845303178776,-0.5595719370593745,-0.5951284714867237
-0.4908516807515296,-0.3751809476870898,2.1351973076289723,-0.20679364850592954,0.4764405036386435,-0.5060309222976499,-1.399772413034151,-0.07773708545436095,1.1416656400881946,-0.17637008415950764,0.0692820323027559,0.2465984809580359,0.24400141601187023,1.5482153477596559,-1.8500095165343355,-0.7266226911401854,-0.690491394346993,1.7375845303178776,-0.5595719370593745,-0.5951284714867237
-0.5046240806003233,-0.20653414650785276,1.2059598764227946,-0.20679364850592954,2.373431574265729,-0.4998982951975938,0.7808342855964149,-1.5496634070223647,-1.970925962572552,-0.17958444894297224,0.0692820323027559,0.2465984809580359,-0.26720699091482264,-0.16591503097134708,0.5405377599750526,-0.7266226911401854,1.4482439726069483,-0.5755115693951635,-0.5595719370593745,-0.5951284714867237
1.0514515441066776,-0.9373369516178799,-0.5667392231089906,-0.20679364850592954,-1.1294091100200703,1.0693313410560028,1.3259859602540562,0.4129050217349737,-0.41463016124217866,0.24751783461744564,0.0692820323027559,0.2465984809580359,-1.077452896911636,0.8952132987192738,0.5405377599750526,-0.7266226911401854,-0.690491394346993,-0.5755115693951635,-0.5595719370593745,1.6803094590682988
1.0894112929436517,-0.15031854611477377,0.19094668233604659,-0.20679364850592954,2.3662318806403024,1.1076119759518415,1.8711376349116977,-0.5683791926436955,0.16898076425671127,-0.04320146783941369,0.0692820323027559,0.2465984809580359,-0.0770492038691921,-0.3291655432314426,0.5405377599750526,-0.7266226911401854,-0.690491394346993,-0.5755115693951635,-0.5595719370593745,-0.5951284714867237
-0.2132795823064366,-1.0497681524040379,-0.7382907488701311,-0.20679364850592954,-1.1659690927141435,-0.20609096744108604,0.7808342855964149,-0.07773708545436095,-0.22009318607588202,-0.17889213398011236,0.0692820323027559,0.2465984809580359,-0.6520289547209164,1.7114658600197514,0.5405377599750526,1.37623007400284,-0.690491394346993,-0.5755115693951635,-0.5595719370593745,1.6803094590682988
1.0965373107758631,-0.15031854611477377,0.11946687993557138,-0.20679364850592954,0.5234769635953566,1.1147982323221792,-0.8546207383765094,-0.5683791926436955,0.16898076425671127,0.013063419772048307,0.0692820323027559,0.2465984809580359,-0.26720699091482264,-1.3902938729220635,0.5405377599750526,-0.7266226911401854,-0.690491394346993,1.7375845303178776,-0.5595719370593745,-0.5951284714867237
-0.8025807012096758,-1.218414953583275,0.062283038015191215,-0.20679364850592954,-1.1081510402734849,-0.8085900627587725,1.3259859602540562,-1.0590212998330302,1.3362026152544912,-0.22907120680804513,0.0692820323027559,0.2465984809580359,5.581493912922692,-0.002664518711251552,-1.8500095165343355,1.37623007400284,-0.690491394346993,-0.5755115693951635,-0.5595719370593745,1.6803094590682988
-0.052533064668276175,-0.4313965480801688,2.2638609519498276,-0.20679364850592954,0.44687765908694527,-0.04398560739480962,-1.399772413034151,-0.07773708545436095,1.3362026152544912,-0.12518995057846927,0.0692820323027559,0.2465984809580359,-0.26720699091482264,0.07896073741879621,0.5405377599750526,-0.7266226911401854,1.4482439726069483,1.7375845303178776,-0.5595719370593745,-0.5951284714867237
-0.6526259894231821,-1.105983752797117,0.7913770225000384,-0.20679364850592954,-1.2616137406163115,-0.6630464472187864,1.3259859602540562,0.4129050217349737,0.16898076425671127,-0.19904949592610696,0.0692820323027559,0.2465984809580359,-0.26720699091482264,0.7319627864591783,-1.8500095165343355,-0.7266226911401854,1.4482439726069483,-0.5755115693951635,-0.5595719370593745,1.6803094590682988
-0.9858701021824291,-1.162199353190196,-0.4809634602284204,-0.20679364850592954,-1.1404342818823687,-0.9852124453617126,-0.30946906371886795,-0.07773708545436095,0.9471286649218978,-0.23037821945359957,0.0692820323027559,0.2465984809580359,-0.2884048109549889,0.07896073741879621,0.5405377599750526,-0.7266226911401854,-0.690491394346993,-0.5755115693951635,-0.5595719370593745,1.6803094590682988
-0.06616842571260442,-0.9373369516178799,-1.338721089034123,-0.20679364850592954,-0.965964783151679,-0.0577362325649755,1.3259859602540562,-1.5496634070223647,-0.025556210909585365,0.3372336686772876,0.0692820323027559,0.2465984809580359,0.39367581387589673,-0.3291655432314426,0.5405377599750526,1.37623007400284,-0.690491394346993,-0.5755115693951635,-0.5595719370593745,1.6803094590682988
-0.7272778781558231,0.9739934617468065,-1.3244251285540278,-0.20679364850592954,0.25161673741872553,-0.724434257461181,0.23568261093877343,0.9035471289243083,0.7525916897556012,-0.16279520988790522,0.0692820323027559,0.2465984809580359,0.39412052338722886,-0.24754028710139483,0.5405377599750526,-0.7266226911401854,-0.690491394346993,-0.5755115693951635,1.7870803265351975,-0.5951284714867237
-1.005021275106498,-0.3751809476870898,-1.1671695632729824,-0.20679364850592954,0.6944389192777616,-1.0045255093569958,-0.8546207383765094,1.394189236113643,-0.9982410867410686,-0.23979102996085117,0.0692820323027559,0.2465984809580359,-0.26720699091482264,1.221714323239465,0.5405377599750526,-0.7266226911401854,1.4482439726069483,1.7375845303178776,-0.5595719370593745,-0.5951284714867237
0.03527454929306338,0.9739934617468065,-0.42377961830804023,-0.20679364850592954,-0.6350378397211477,0.004618678764165385,-1.399772413034151,-0.5683791926436955,-0.41463016124217866,8.588272845358143,0.0692820323027559,0.2465984809580359,0.6929949623031942,0.40546176193898725,-1.8500095165343355,-0.7266226911401854,1.4482439726069483,-0.5755115693951635,1.7870803265351975,-0.5951284714867237
1.5307790224262647,-0.31896534729401077,-0.18074829014642452,-0.20679364850592954,0.9558995879954431,1.45613110863656,-0.8546207383765094,-1.0590212998330302,-0.9982410867410686,0.33846188843479774,0.0692820323027559,0.2465984809580359,-0.6516138925103397,-0.4924160554915381,-1.8500095165343355,-0.7266226911401854,1.4482439726069483,1.7375845303178776,-0.5595719370593745,-0.5951284714867237
-0.915980311904968,-0.03788734532861574,-0.29511597398718487,-0.20679364850592954,-1.1879425166350501,-0.9147318540372446,-0.30946906371886795,-1.0590212998330302,-0.41463016124217866,-0.23110130617319816,0.0692820323027559,0.2465984809580359,0.9931738824524008,-1.553544385182159,0.5405377599750526,-0.7266226911401854,-0.690491394346993,-0.5755115693951635,-0.5595719370593745,-0.5951284714867237
-0.9466770041052647,0.9739934617468065,-0.08067656678575921,-0.20679364850592954,0.5842025846155144,-0.9484476014750579,0.23568261093877343,0.9035471289243083,1.1416656400881946,-0.2331004294354095,0.0692820323027559,0.2465984809580359,-0.26720699091482264,-0.4107907993614904,-1.8500095165343355,-0.7266226911401854,1.4482439726069483,-0.5755115693951635,1.7870803265351975,-0.5951284714867237
-0.4459029528868095,-0.4313965480801688,-0.5381473021488006,-0.20679364850592954,1.9005363131571813,-0.44068077876125167,-0.30946906371886795,-1.0590212998330302,-0.22009318607588202,0.715685092724699,0.0692820323027559,0.2465984809580359,0.2441644761660254,0.16058599354884398,0.5405377599750526,1.37623007400284,-0.690491394346993,-0.5755115693951635,-0.5595719370593745,-0.5951284714867237
-0.3032112977369931,0.1869750562437003,1.1916639159426996,-0.20679364850592954,1.02213779494675,-0.2967829048071294,0.7808342855964149,-0.07773708545436095,0.9471286649218978,0.02791864666730922,0.0692820323027559,0.2465984809580359,-0.17974745368616504,1.6298406038897038,0.5405377599750526,-0.7266226911401854,-0.690491394346993,-0.5755115693951635,-0.5595719370593745,-0.5951284714867237
0.024517003142513046,1.8734430680360705,0.07657899849528625,-0.20679364850592954,-0.8199556117864576,-0.005822421368243897,0.7808342855964149,1.394189236113643,0.3635177394230079,-0.1206367380545743,0.0692820323027559,0.2465984809580359,-0.26720699091482264,-1.553544385182159,-1.8500095165343355,1.37623007400284,-0.690491394346993,-0.5755115693951635,1.7870803265351975,-0.5951284714867237
-0.8549295245155387,-0.9935525520109589,-1.1671695632729824,-0.20679364850592954,0.05657888318120831,-0.8531649845567534,0.23568261093877343,-0.07773708545436095,0.7525916897556012,-0.2223665972186294,0.0692820323027559,0.2465984809580359,0.6090782775148161,0.48708701806903504,0.5405377599750526,1.37623007400284,-0.690491394346993,1.7375845303178776,-0.5595719370593745,-0.5951284714867237
-0.65159819838969,0.7491310601744904,-1.2529453261535526,-0.20679364850592954,-1.2230846109477627,-0.6481148328358134,0.23568261093877343,1.394189236113643,-2.554536888071442,-0.16750540797366562,0.0692820323027559,0.2465984809580359,-0.3534806361132612,1.6298406038897038,0.5405377599750526,-0.7266226911401854,1.4482439726069483,-0.5755115693951635,-0.5595719370593745,-0.5951284714867237
0.23028076804762637,-1.105983752797117,-0.9527301560715568,-0.20679364850592954,-1.0176677111989465,0.24121894230297644,0.7808342855964149,-0.5683791926436955,-1.387315037073662,0.04763784833205053,0.0692820323027559,0.2465984809580359,-1.0138149658400044,-1.3086686167920156,0.5405377599750526,-0.7266226911401854,1.4482439726069483,-0.5755115693951635,-0.5595719370593745,1.6803094590682988
1.1590612653132977,0.07454385545754227,-0.5953311440691808,-0.20679364850592954,2.0903692606783113,1.095347871577193,1.3259859602540562,0.4129050217349737,0.16898076425671127,0.13336364300405454,0.0692820323027559,0.2465984809580359,2.208164738362988,-0.3291655432314426,-1.8500095165343355,1.37623007400284,-0.690491394346993,-0.5755115693951635,-0.5595719370593745,-0.5951284714867237
-0.8908336912855286,0.6929154597814113,-1.1099857213526023,-0.20679364850592954,0.6731090577143986,-0.8893726608842253,1.3259859602540562,2.3754734504923123,-0.025556210909585365,-0.2260522558589348,0.0692820323027559,0.2465984809580359,-0.26720699091482264,-0.7372918238816814,0.5405377599750526,-0.7266226911401854,-0.690491394346993,-0.5755115693951635,1.7870803265351975,-0.5951284714867237
-0.4016394190444174,-0.6562589496524849,-0.9241382351113667,-0.20679364850592954,1.2283905565623359,-0.4194429454034018,2.416289309569339,0.9035471289243083,-0.22009318607588202,-0.16998539958576553,0.0692820323027559,0.2465984809580359,-0.26720699091482264,0.5687122741990828,-1.8500095165343355,-0.7266226911401854,1.4482439726069483,1.7375845303178776,-0.5595719370593745,-0.5951284714867237
-0.9218044610947563,0.9739934617468065,-0.29511597398718487,-0.20679364850592954,0.9118142845069873,-0.9206052366476171,1.3259859602540562,0.9035471289243083,-0.803704111574772,-0.22230416787109342,0.0692820323027559,0.2465984809580359,-1.078179255780145,1.7114658600197514,0.5405377599750526,-0.7266226911401854,1.4482439726069483,-0.5755115693951635,-0.5595719370593745,-0.5951284714867237
-0.5763981544391866,0.41183745781601633,0.14805880089576146,-0.20679364850592954,0.5262794084431456,-0.5722790985430647,0.7808342855964149,0.4129050217349737,-0.025556210909585365,-0.09094723174259438,0.0692820323027559,0.2465984809580359,0.7998141869251786,-0.16591503097134708,0.5405377599750526,-0.7266226911401854,-0.690491394346993,1.7375845303178776,-0.5595719370593745,-0.5951284714867237
-0.7416669526247122,0.1869750562437003,-0.1378604087061394,-0.20679364850592954,-0.7853340081453839,-0.7389449674397478,-0.30946906371886795,-0.07773708545436095,-0.41463016124217866,-0.15406205443180104,0.0692820323027559,0.2465984809580359,-0.0525160624940348,-1.3086686167920156,0.5405377599750526,-0.7266226911401854,1.4482439726069483,1.7375845303178776,-0.5595719370593745,-0.5951284714867237
0.2476846962147588,1.3675026644983594,-0.7239947883900362,-0.20679364850592954,0.4684844319435942,0.25876999151514785,0.7808342855964149,0.9035471289243083,-0.803704111574772,0.18748142536910628,0.0692820323027559,0.2465984809580359,-1.0584341534769974,1.140089067109417,0.5405377599750526,-0.7266226911401854,-0.690491394346993,-0.5755115693951635,1.7870803265351975,-0.5951284714867237
-0.9705902754845135,-0.6000433492594058,0.4339780104976623,-0.20679364850592954,0.4878477105259379,-0.9698034533368534,0.23568261093877343,0.9035471289243083,1.1416656400881946,-0.23564837530365765,0.0692820323027559,0.2465984809580359,-0.26720699091482264,-0.0842897748412993,0.5405377599750526,-0.7266226911401854,-0.690491394346993,1.7375845303178776,-0.5595719370593745,-0.5951284714867237
-0.4532002692246032,0.2431906566367793,-1.3101291680739329,-0.20679364850592954,0.5723748828013788,-0.4480397816789534,0.7808342855964149,0.9035471289243083,0.16898076425671127,1.165119744769871,0.0692820323027559,0.2465984809580359,-0.37447092504813906,-1.3902938729220635,0.5405377599750526,-0.7266226911401854,-0.690491394346993,-0.5755115693951635,-0.5595719370593745,-0.5951284714867237
-0.9610660785741537,-0.9935525520109589,-1.0813938003924122,-0.20679364850592954,-0.5938601048121909,-0.9601987453034211,-0.8546207383765094,1.394189236113643,-1.5818520122399586,-0.21842456919849454,0.0692820323027559,-4.0551750201988135,-0.5011390175259153,-0.0842897748412993,0.5405377599750526,1.37623007400284,-0.690491394346993,1.7375845303178776,-0.5595719370593745,-0.5951284714867237
-0.4083885801643488,-0.6000433492594058,-0.3094119344672799,-0.20679364850592954,0.860252376099819,-0.4028492848885593,-1.399772413034151,-1.0590212998330302,-1.387315037073662,0.08934498152358722,0.0692820323027559,0.2465984809580359,1.1637496273490386,1.5482153477596559,0.5405377599750526,-0.7266226911401854,1.4482439726069483,1.7375845303178776,-0.5595719370593745,-0.5951284714867237
-0.27244608613446375,-1.218414953583275,1.7635023351465013,-0.20679364850592954,-1.1975600560898134,-0.26575762490057436,0.23568261093877343,2.3754734504923123,-0.22009318607588202,0.04125964055423927,0.0692820323027559,0.2465984809580359,0.6721232625713383,-1.553544385182159,0.5405377599750526,1.37623007400284,-0.690491394346993,-0.5755115693951635,-0.5595719370593745,1.6803094590682988
-0.9905979409364927,-1.274630553976354,0.30531436617680696,-0.20679364850592954,-1.0253417436137975,-0.9899802500689561,-1.399772413034151,1.8848313433029775,-1.7763889874062553,-0.2380556492537084,0.0692820323027559,0.2465984809580359,-0.26720699091482264,0.7319627864591783,0.5405377599750526,-0.7266226911401854,-0.690491394346993,-0.5755115693951635,-0.5595719370593745,1.6803094590682988
2.8955142163981575,-1.105983752797117,-0.695402867429846,-0.20679364850592954,-0.9269792626479001,2.780720993268807,-0.8546207383765094,0.4129050217349737,0.16898076425671127,16.202938865955446,0.0692820323027559,0.2465984809580359,-0.39599486539661555,-0.4924160554915381,-1.8500095165343355,-0.7266226911401854,1.4482439726069483,-0.5755115693951635,-0.5595719370593745,1.6803094590682988
0.4569772103348617,-1.162199353190196,-0.38089173686775507,-0.20679364850592954,-1.1653486062977072,0.46983172308435145,-0.8546207383765094,-0.5683791926436955,0.16898076425671127,-0.1504941396043718,0.0692820323027559,0.2465984809580359,3.362378627724848,-1.4719191290521112,0.5405377599750526,1.37623007400284,-0.690491394346993,-0.5755115693951635,-0.5595719370593745,1.6803094590682988
-0.021836372467979426,-0.20653414650785276,-0.2808200135070898,-0.20679364850592954,-0.36836200831325333,-0.0508122572891031,-1.399772413034151,0.4129050217349737,-0.9982410867410686,-0.17439502151335917,0.0692820323027559,-4.0551750201988135,-0.5889098514125055,-1.4719191290521112,-1.8500095165343355,-0.7266226911401854,1.4482439726069483,1.7375845303178776,-0.5595719370593745,-0.5951284714867237
1.3427960424005643,-0.9935525520109589,-0.38089173686775507,-0.20679364850592954,-0.8924089388759534,1.3631386688125104,-0.30946906371886795,-0.07773708545436095,0.9471286649218978,0.04269267517096065,0.0692820323027559,0.2465984809580359,-0.26720699091482264,0.5687122741990828,0.5405377599750526,1.37623007400284,-0.690491394346993,-0.5755115693951635,-0.5595719370593745,1.6803094590682988
-0.34401460176662846,-0.9373369516178799,0.21953860329623667,-0.20679364850592954,-0.5126404840954396,-0.3379311323892085,0.7808342855964149,0.4129050217349737,-0.025556210909585365,-0.20676713424916393,0.0692820323027559,0.2465984809580359,0.26626653887923357,1.5482153477596559,0.5405377599750526,-0.7266226911401854,1.4482439726069483,1.7375845303178776,-0.5595719370593745,-0.5951284714867237
-0.733478884057892,0.9177778613537274,-0.40948365782794516,6.431744946342572,-0.8626589228019418,-0.7306876824757539,-0.8546207383765094,-1.0590212998330302,0.5580547145893046,-0.2186379176459842,0.0692820323027559,0.2465984809580359,-0.9700407262745423,-0.9821675922718247,0.5405377599750526,1.37623007400284,-0.690491394346993,-0.5755115693951635,1.7870803265351975,-0.5951284714867237
-0.3105428737759033,-1.274630553976354,-1.2672412866336478,-0.20679364850592954,-0.8452596632071608,-0.304176457034304,-0.30946906371886795,-1.0590212998330302,0.16898076425671127,-0.16372826474257915,0.0692820323027559,0.2465984809580359,0.6055947196760475,1.4665900916296082,0.5405377599750526,1.37623007400284,-0.690491394346993,-0.5755115693951635,-0.5595719370593745,1.6803094590682988
1.5329031238954816,-0.9373369516178799,1.5919508093853607,-0.20679364850592954,-1.2701338908717577,1.5548527870769582,-0.30946906371886795,-1.0590212998330302,-1.387315037073662,0.06629507555082632,0.0692820323027559,0.2465984809580359,-1.09866554060218,-0.6556665677516337,0.5405377599750526,-0.7266226911401854,1.4482439726069483,-0.5755115693951635,-0.5595719370593745,1.6803094590682988
-0.6971978605756217,-0.9935525520109589,1.1916639159426996,-0.20679364850592954,-1.1454520170764426,-0.6940999637440814,-0.8546207383765094,-0.5683791926436955,0.5580547145893046,-0.21177851757963645,0.0692820323027559,0.2465984809580359,-0.24709129735223137,0.24221124967889174,0.5405377599750526,1.37623007400284,-0.690491394346993,-0.5755115693951635,-0.5595719370593745,1.6803094590682988
-0.9361592758625291,0.5242686586021743,-0.1378604087061394,-0.20679364850592954,0.3960900767035943,-0.9350813973167112,0.23568261093877343,-0.07773708545436095,-0.6091671364084753,-0.2327315204670995,0.0692820323027559,0.2465984809580359,0.5657339238103085,0.9768385548493216,0.5405377599750526,1.37623007400284,-0.690491394346993,1.7375845303178776,-0.5595719370593745,-0.5951284714867237
0.2314113381844676,1.3112870641052805,-0.8955463141511766,-0.20679364850592954,0.1999368853125654,0.24235906951557806,0.23568261093877343,-0.07773708545436095,0.9471286649218978,-0.08923348430831851,0.0692820323027559,-4.0551750201988135,-1.055854838311271,-0.9821675922718247,0.5405377599750526,-0.7266226911401854,1.4482439726069483,-0.5755115693951635,1.7870803265351975,-0.5951284714867237
-0.8176207099997764,-0.8249057508317219,-1.338721089034123,-0.20679364850592954,-0.13802565616218634,-0.8155407865408977,0.7808342855964149,-0.5683791926436955,-0.025556210909585365,-0.21724344690130046,0.0692820323027559,0.2465984809580359,-0.26720699091482264,0.24221124967889174,0.5405377599750526,-0.7266226911401854,1.4482439726069483,1.7375845303178776,-0.5595719370593745,-0.5951284714867237
0.15408719276474722,-1.387061754762512,-0.40948365782794516,-0.20679364850592954,-1.2243435317348297,0.16438127803551716,-0.30946906371886795,1.394189236113643,0.5580547145893046,0.4652033874769495,0.0692820323027559,0.2465984809580359,-0.7148664086721502,-1.3902938729220635,0.5405377599750526,-0.7266226911401854,1.4482439726069483,-0.5755115693951635,-0.5595719370593745,1.6803094590682988
-0.35364157778033756,1.1988558633191224,0.5912335757787078,-0.20679364850592954,2.379790278037473,-0.34763948835105923,-0.8546207383765094,-0.5683791926436955,-1.1927780619073654,-0.12380944613237337,0.0692820323027559,0.2465984809580359,0.6511477972868382,0.32383650580893947,0.5405377599750526,-0.7266226911401854,-0.690491394346993,-0.5755115693951635,-0.5595719370593745,-0.5951284714867237
-0.9908720185454238,1.0302090621398854,0.21953860329623667,-0.20679364850592954,-1.0276390817506857,-0.9902566445447383,-1.9449240876917921,1.8848313433029775,-0.025556210909585365,-0.23808862560918856,0.0692820323027559,0.2465984809580359,-0.26720699091482264,-1.1454181045319203,0.5405377599750526,-0.7266226911401854,-0.690491394346993,-0.5755115693951635,1.7870803265351975,-0.5951284714867237
-0.3885179535168353,1.2550714637122016,-0.8812503536710816,-0.20679364850592954,0.6344260884384688,-0.38281068539434776,-1.399772413034151,0.4129050217349737,-0.803704111574772,2.434314846456335,0.0692820323027559,0.2465984809580359,1.0775056294513556,-0.4107907993614904,0.5405377599750526,-0.7266226911401854,-0.690491394346993,-0.5755115693951635,1.7870803265351975,-0.5951284714867237
-0.20505725403849998,0.9177778613537274,0.4625699314578524,-0.20679364850592954,1.712957115884182,-0.19779913316761918,-0.8546207383765094,-1.5496634070223647,-1.7763889874062553,0.05871465904430968,0.0692820323027559,0.2465984809580359,-0.05181935092628091,1.5482153477596559,0.5405377599750526,-0.7266226911401854,-0.690491394346993,-0.5755115693951635,-0.5595719370593745,-0.5951284714867237
-0.3902994579748883,-1.443277355155591,1.692022532746026,-0.20679364850592954,-1.0779138654427671,-0.3846072494869322,0.7808342855964149,1.8848313433029775,-0.22009318607588202,-0.08583112862292051,0.0692820323027559,0.2465984809580359,-0.8034228960287606,1.221714323239465,0.5405377599750526,-0.7266226911401854,1.4482439726069483,-0.5755115693951635,-0.5595719370593745,1.6803094590682988
0.12414421398901142,1.0302090621398854,0.21953860329623667,-0.20679364850592954,-0.885511796478376,0.1341851815563088,-0.30946906371886795,1.394189236113643,-0.025556210909585365,0.022921234928174862,0.0692820323027559,0.2465984809580359,-0.3513756777596223,-0.5740413116215859,0.5405377599750526,-0.7266226911401854,-0.690491394346993,-0.5755115693951635,1.7870803265351975,-0.5951284714867237
-0.1993358839520608,-0.15031854611477377,1.8349821375469764,-0.20679364850592954,0.7041615824642351,-0.2230904094738571,-0.30946906371886795,0.4129050217349737,0.5580547145893046,-0.08796488245952064,0.0692820323027559,0.2465984809580359,0.8849464110445313,-1.4719191290521112,-1.8500095165343355,-0.7266226911401854,1.4482439726069483,-0.5755115693951635,-0.5595719370593745,-0.5951284714867237
-0.5403226891636148,-0.6000433492594058,0.6055295362588028,-0.20679364850592954,-0.549872233075076,-0.535898675668229,-0.30946906371886795,0.4129050217349737,-1.1927780619073654,-0.1838796192442614,0.0692820323027559,0.2465984809580359,-0.26720699091482264,-1.1454181045319203,0.5405377599750526,-0.7266226911401854,-0.690491394346993,1.7375845303178776,-0.5595719370593745,-0.5951284714867237
2.7321982211762665,-0.8811213512248008,-0.9670261165516518,-0.20679364850592954,0.9174396861502155,2.76428591448104,0.23568261093877343,-1.5496634070223647,-0.9982410867410686,0.7104153018170011,0.0692820323027559,0.2465984809580359,0.6943883854387016,1.3033395793695126,0.5405377599750526,-0.7266226911401854,-0.690491394346993,1.7375845303178776,-0.5595719370593745,-0.5951284714867237
-0.9279026878934761,-0.6562589496524849,-1.3244251285540278,-0.20679364850592954,1.7818388000889842,-0.9267550137337716,-0.8546207383765094,0.9035471289243083,0.3635177394230079,-0.23627109942820115,0.0692820323027559,0.2465984809580359,-0.6525477824841371,-0.4107907993614904,0.5405377599750526,-0.7266226911401854,1.4482439726069483,-0.5755115693951635,-0.5595719370593745,-0.5951284714867237
1.8634064605654164,-1.105983752797117,2.392524596270683,-0.20679364850592954,-1.2209718803397314,1.7789739149600066,-1.399772413034151,1.394189236113643,-0.803704111574772,0.0017567918413856313,0.0692820323027559,0.2465984809580359,-0.8009325227653005,-1.6351696413122068,-1.8500095165343355,1.37623007400284,-0.690491394346993,-0.5755115693951635,-0.5595719370593745,1.6803094590682988
1.2414215867971294,0.8615622609606484,-0.08067656678575921,-0.20679364850592954,-0.3042467879438029,1.2609072620825594,-0.8546207383765094,-1.5496634070223647,-0.41463016124217866,-0.08891994233306148,0.0692820323027559,0.2465984809580359,1.4833623531434603,-0.8189170800117291,0.5405377599750526,-0.7266226911401854,1.4482439726069483,1.7375845303178776,-0.5595719370593745,-0.5951284714867237
-0.9997795408356885,-1.218414953583275,1.9207579004275468,-0.20679364850592954,-1.0246571573609524,-0.9999880639121104,0.23568261093877343,-0.5683791926436955,-0.803704111574772,-0.24026919713468992,0.0692820323027559,0.2465984809580359,0.13859043817577116,-0.0842897748412993,-1.8500095165343355,1.37623007400284,-0.690491394346993,-0.5755115693951635,-0.5595719370593745,1.6803094590682988
-0.2483615162496328,-0.9373369516178799,-1.2100574447132675,-0.20679364850592954,-0.9144721025678322,-0.2414694603412112,-0.30946906371886795,-1.5496634070223647,-1.5818520122399586,-0.18222780901762817,0.0692820323027559,0.2465984809580359,-0.587575722878509,-1.3902938729220635,0.5405377599750526,-0.7266226911401854,-0.690491394346993,-0.5755115693951635,-0.5595719370593745,1.6803094590682988
-0.8243356114185914,-0.09410294572169475,0.03369111705500113,1.452841000206196,0.14719041192856405,-0.8297050264023391,0.23568261093877343,1.8848313433029775,-0.9982410867410686,-0.22533990775184243,0.0692820323027559,0.2465984809580359,-0.6524291932811153,0.5687122741990828,-1.8500095165343355,-0.7266226911401854,-0.690491394346993,1.7375845303178776,-0.5595719370593745,-0.5951284714867237
-0.8824058048108935,-1.218414953583275,1.1487760345024145,-0.20679364850592954,0.33190819250427883,-0.8808735307539217,0.23568261093877343,-0.07773708545436095,-0.9982410867410686,-0.22503823292792025,0.0692820323027559,0.2465984809580359,-0.26720699091482264,0.6503375303291306,0.5405377599750526,1.37623007400284,-0.690491394346993,-0.5755115693951635,-0.5595719370593745,1.6803094590682988
0.2713238899850766,1.3112870641052805,2.078013465708592,-0.20679364850592954,0.6755704914324931,0.2826090150513651,-0.30946906371886795,1.8848313433029775,-0.22009318607588202,0.9030133598862231,0.0692820323027559,0.2465984809580359,-0.6511840066493852,0.32383650580893947,0.5405377599750526,1.37623007400284,-0.690491394346993,-0.5755115693951635,1.7870803265351975,-0.5951284714867237
-0.8493794529346815,-1.330846154369433,0.37679416857728215,-0.20679364850592954,-1.0951746693909052,-0.8475679964221633,1.8711376349116977,-0.5683791926436955,-0.025556210909585365,-0.21255884099026817,0.0692820323027559,0.2465984809580359,-0.6507244734876754,-1.6351696413122068,0.5405377599750526,-0.7266226911401854,1.4482439726069483,-0.5755115693951635,-0.5595719370593745,1.6803094590682988
0.5616063375443547,-1.162199353190196,-1.0813938003924122,-0.20679364850592954,-0.799741087376606,0.515467791293479,1.8711376349116977,-0.07773708545436095,1.1416656400881946,0.1193648548900751,0.0692820323027559,0.2465984809580359,0.6912754188593765,-0.9005423361417769,-1.8500095165343355,1.37623007400284,-0.690491394346993,-0.5755115693951635,-0.5595719370593745,1.6803094590682988
-0.18988020644393375,0.8615622609606484,0.39109012905737717,-0.20679364850592954,-1.0847187040759159,-0.1824937890711784,0.23568261093877343,1.394189236113643,-0.41463016124217866,-0.11461310000586535,0.0692820323027559,0.2465984809580359,-0.5877684303334196,-0.3291655432314426,0.5405377599750526,-0.7266226911401854,-0.690491394346993,-0.5755115693951635,-0.5595719370593745,-0.5951284714867237
0.05559055205509008,0.8053466605675694,0.44827397097775734,-0.20679364850592954,0.5505629904682222,0.06505201330127916,-0.8546207383765094,0.4129050217349737,-0.025556210909585365,-0.07848916768135457,0.0692820323027559,0.2465984809580359,2.3176818673537207,1.5482153477596559,0.5405377599750526,1.37623007400284,-0.690491394346993,1.7375845303178776,-0.5595719370593745,-0.5951284714867237
1.8489831263954106,-1.105983752797117,1.3775114021839352,-0.20679364850592954,0.23034071971794584,1.873604716272812,-1.399772413034151,0.4129050217349737,0.9471286649218978,0.17009884876876602,0.0692820323027559,0.2465984809580359,-0.8461594800677809,0.813588042589226,0.5405377599750526,1.37623007400284,-0.690491394346993,-0.5755115693951635,-0.5595719370593745,1.6803094590682988
-0.4821497166679633,0.35562185742293734,-0.2522280925468997,-0.20679364850592954,2.394525548431108,-0.4772339481834512,-0.30946906371886795,0.4129050217349737,-0.22009318607588202,-0.17688038779360016,0.0692820323027559,0.2465984809580359,-0.26720699091482264,-1.3086686167920156,0.5405377599750526,-0.7266226911401854,-0.690491394346993,-0.5755115693951635,-0.5595719370593745,-0.5951284714867237
-0.24551796105697132,-1.105983752797117,1.1344800740223193,-0.20679364850592954,-0.8333063257136643,-0.26791398583846776,2.416289309569339,1.394189236113643,-0.025556210909585365,-0.06639952014768113,0.0692820323027559,0.2465984809580359,-0.20217563670768346,0.6503375303291306,-1.8500095165343355,1.37623007400284,-0.690491394346993,-0.5755115693951635,-0.5595719370593745,1.6803094590682988
-0.5754731425090437,-1.218414953583275,0.062283038015191215,-0.20679364850592954,-1.152264547689961,-0.5881631430844367,-0.30946906371886795,-0.5683791926436955,1.1416656400881946,-0.15918884568067113,0.0692820323027559,0.2465984809580359,1.353862943443536,1.3849648354995603,-1.8500095165343355,-0.7266226911401854,-0.690491394346993,-0.5755115693951635,-0.5595719370593745,1.6803094590682988
-0.5585831098586572,0.8053466605675694,0.648417417699088,-0.20679364850592954,2.4968468352936073,-0.5543134576172198,-0.30946906371886795,-0.07773708545436095,3.6706463172500507,-0.14575120342076583,0.0692820323027559,-4.0551750201988135,0.927934997139973,1.3849648354995603,0.5405377599750526,-0.7266226911401854,1.4482439726069483,-0.5755115693951635,-0.5595719370593745,-0.5951284714867237
