TransactionAmount,CustomerAge,TransactionDuration,LoginAttempts,AccountBalance,Amount_vs_TypeAvg,DeviceTxnCount,IPTxnCount,MerchantTxnCount,Amount_vs_AccountAvg,DeviceNoveltyFlag,LocationNoveltyFlag,TimeSinceLastTxn,Location_enc,TransactionType_Debit,Channel_Branch,Channel_Online,CustomerOccupation_Engineer,CustomerOccupation_Retired,CustomerOccupation_Student,vote_count,risk_tier,is_fraud
47.79,25,37,1,1649.92,-0.8379951947570068,8,3,21,-0.8379951947570068,1,1,936.2166666666668,10,True,True,False,False,False,True,0,Normal,0
212.97,59,178,1,4180.4,-0.2780463943785002,1,5,26,3.4563715535389927,1,1,1439.9333333333334,1,True,False,True,True,False,False,0,Normal,0
476.99,23,187,1,1154.48,0.6169631847226822,4,7,17,0.6169631847226822,1,1,936.2166666666668,36,True,False,True,False,False,True,0,Normal,0
59.32,71,38,1,5750.89,-0.7989092904806768,1,5,26,-0.8756368039673016,1,1,1176.6,20,True,True,False,False,True,False,0,Normal,0
12.62,33,61,1,6420.47,-0.9572190675582664,2,5,32,-0.9529376630943384,1,1,1583.9833333333331,12,True,True,False,False,False,False,0,Normal,0
263.99,79,227,2,4175.02,-0.1050921154384868,4,5,25,0.4427522610747147,1,1,263.53333333333336,9,True,True,False,False,True,False,0,Normal,0
395.16,56,17,1,5340.73,0.3395651320832998,6,2,27,0.9443979680933032,1,1,1656.1166666666666,25,True,False,True,False,True,False,0,Normal,0
331.66,76,145,1,7216.3,0.1243045144296179,4,8,26,0.3726739935572398,1,1,1177.6333333333334,19,True,False,False,False,True,False,0,Normal,0
516.47,25,94,1,1305.06,0.6850515769334136,4,4,45,1.012560558227127,1,1,2423.133333333333,5,False,False,False,False,False,True,1,Normal,0
20.17,77,86,1,3869.37,-0.9316250886088916,6,6,30,-0.9316250886088916,1,1,936.2166666666668,35,True,False,False,False,True,False,0,Normal,0
237.97,69,69,1,13486.15,-0.1932981197116963,5,3,22,10.798214635685936,1,1,168.68333333333334,8,True,False,False,False,False,False,1,Normal,0
416.62,26,67,1,9700.9,0.3592777669715037,2,4,31,2.2278608334402974,1,1,1344.0,3,False,False,True,False,False,True,0,Normal,0
384.11,58,12,1,7902.52,0.3021063946805725,6,6,24,0.7077627569457464,1,1,1679.15,13,True,False,False,False,True,False,0,Normal,0
207.47,53,12,1,1688.9,-0.296691014805197,5,6,21,-0.2162588411561046,1,1,3362.366666666667,24,True,False,False,False,False,False,0,Normal,0
13.16,43,98,1,1019.46,-0.9553885048254632,5,6,27,-0.9553885048254632,1,1,936.2166666666668,23,True,True,False,True,False,False,0,Normal,0
642.54,44,28,1,3143.17,1.1781662595662572,9,10,31,47.82522432939025,1,1,217.21666666666667,25,True,True,False,True,False,False,4,High confidence fraud,1
99.25,63,93,1,2570.34,-0.6761837660040726,2,3,26,-0.6972700909035532,1,1,1126.0666666666666,31,False,False,True,False,True,False,0,Normal,0
547.87,64,131,1,6155.76,0.8572414930580046,6,6,29,1.1771110622805043,1,1,336.3666666666667,8,True,False,False,False,True,False,0,Normal,0
61.62,57,19,1,8365.37,-0.7911124492113308,3,4,34,-0.8108103934210086,1,1,2182.766666666667,24,True,False,True,False,False,False,0,Normal,0
136.31,74,65,1,4384.95,-0.5379185038167875,4,4,23,-0.5004910421107156,1,1,504.6166666666667,26,True,False,True,False,True,False,0,Normal,0
365.43,25,176,1,1073.51,0.2387824838495366,3,8,33,0.4609895034043398,1,1,576.2166666666667,32,True,False,False,False,False,True,0,Normal,0
273.24,51,173,1,2202.21,-0.0737352538117693,8,7,26,0.0249172104650032,1,1,456.0833333333333,14,True,True,False,False,True,False,0,Normal,0
40.66,59,156,1,1153.84,-0.8621654026919792,8,3,24,-0.8479587893991501,1,1,479.2,21,True,True,False,False,True,False,0,Normal,0
162.59,64,19,1,7104.83,-0.4488311174870433,3,6,22,-0.4488311174870433,1,1,936.2166666666668,16,True,True,False,False,True,False,0,Normal,0
377.92,33,204,1,2254.71,0.2811227218730718,1,6,25,1.3243741846092985,1,1,1.1833333333333331,33,True,True,False,True,False,False,0,Normal,0
680.76,21,165,1,572.97,1.3077294218768671,5,7,26,1.5189543152986835,1,1,119.15,18,True,True,False,False,False,True,0,Normal,0
420.28,35,144,1,8557.32,0.4247201984685042,4,5,31,0.0324006975548387,1,1,1896.8333333333333,42,True,True,False,False,False,False,0,Normal,0
417.8,27,130,1,1518.82,0.3631276727877787,4,11,34,0.0180621972695021,1,1,958.8833333333332,30,False,True,False,False,False,True,0,Normal,0
488.54,52,132,1,7486.63,0.6561168876187456,4,5,25,0.1861509695142861,1,1,169.43333333333334,17,True,True,False,True,False,False,0,Normal,0
116.89,71,226,1,4880.31,-0.6037509635779609,3,4,29,-0.7247369374861468,1,1,3358.733333333333,8,True,False,True,False,True,False,0,Normal,0
359.51,79,157,1,7153.72,0.2187140924084374,3,6,19,-0.0556180996595117,1,1,241.61666666666667,5,True,False,True,False,True,False,0,Normal,0
107.48,22,129,1,591.23,-0.6356502141625457,6,5,19,-0.7156886390771027,1,1,95.88333333333334,29,True,True,False,False,False,True,0,Normal,0
158.56,33,100,1,5401.21,-0.4624925393633321,3,6,25,-0.4624925393633321,1,1,936.2166666666668,34,True,False,False,False,False,False,0,Normal,0
74.88,25,202,1,420.67,-0.746161964328058,4,5,45,-0.5277497444011747,1,1,2038.95,1,True,False,False,False,False,True,1,Normal,0
611.15,27,121,1,892.83,1.0717563258946183,6,5,30,4.2360349191566575,1,1,1896.7833333333333,11,True,False,False,False,False,True,0,Normal,0
173.13,20,288,1,1490.34,-0.4351405103206886,7,6,24,-0.385038893243921,1,0,1319.5666666666666,1,False,False,True,False,False,True,2,Medium confidence / needs review,1
162.63,22,113,1,634.17,-0.4486955202475765,4,5,30,-0.4486955202475765,1,1,936.2166666666668,18,True,False,True,False,False,True,0,Normal,0
637.75,79,152,1,4202.92,1.161928490140098,4,2,33,2.9214781840897857,1,1,1006.2333333333332,9,True,True,False,False,True,False,0,Normal,0
466.64,58,11,1,10915.11,0.5818773990106253,4,7,18,0.1660461276742394,1,1,1008.8333333333334,19,True,False,False,False,False,False,0,Normal,0
90.88,26,284,1,7117.35,-0.6919230685413036,2,5,27,-0.7848179173537484,1,1,1848.1833333333332,7,True,False,False,True,False,False,0,Normal,0
137.48,55,47,1,14273.42,-0.5339522845623812,3,6,27,-0.5950217229692268,1,1,168.43333333333334,39,True,True,False,False,False,False,0,Normal,0
76.16,23,99,1,1072.25,-0.7418228526651177,4,2,30,-0.7418228526651177,1,1,936.2166666666668,37,True,False,False,False,False,True,0,Normal,0
243.08,24,93,1,131.25,-0.2069193985847287,6,5,20,-0.2069193985847287,1,1,936.2166666666668,17,False,False,True,False,False,True,0,Normal,0
425.18,59,135,1,5790.55,0.3872058972997356,5,5,27,0.7491360838031261,1,1,143.91666666666666,14,False,False,True,True,False,False,0,Normal,0
87.38,21,252,1,1504.99,-0.7037878269946561,5,3,27,-0.7384850185901146,1,1,266.1166666666667,1,True,True,False,False,False,True,0,Normal,0
153.59,66,174,1,4813.12,-0.4988923405325635,5,3,32,-0.3902255026591016,0,1,1487.3333333333333,32,False,True,False,False,True,False,3,High confidence fraud,1
74.85,72,117,1,2409.73,-0.7462636622576583,4,3,31,-0.6707103783609851,1,1,5639.6,33,True,False,False,False,True,False,0,Normal,0
281.91,25,269,1,225.53,-0.0443445521573217,4,5,15,-0.0443445521573217,1,1,936.2166666666668,10,True,True,False,False,False,True,0,Normal,0
7.56,40,145,1,8528.72,-0.9743721183508276,3,8,32,-0.973182927270466,1,1,599.4666666666667,25,True,False,False,False,False,False,0,Normal,0
1086.6,19,38,1,1605.67,2.683499013507894,6,4,22,6.507513687031375,1,1,2521.0333333333333,36,True,False,True,False,False,True,0,Normal,0
838.57,41,273,1,14576.47,1.8426944308836,7,4,26,0.8281846108958456,1,1,838.4666666666667,31,True,False,False,False,False,False,0,Normal,0
508.68,51,127,1,7708.41,0.6596356732819035,6,5,26,-0.081241194810459,1,1,0.1333333333333333,23,False,True,False,True,False,False,0,Normal,0
34.17,54,54,1,726.55,-0.888515859667779,2,6,31,-0.9372640730115004,1,1,3552.6833333333334,30,False,False,True,True,False,False,0,Normal,0
11.18,43,161,1,5956.89,-0.9621005681790744,8,4,23,-0.9756735270648158,1,1,215.91666666666663,1,True,False,True,False,False,False,0,Normal,0
733.29,52,94,5,10427.0,1.4858024966067551,5,4,24,1.4858024966067551,1,1,936.2166666666668,41,True,False,False,False,False,False,1,Normal,0
117.55,24,35,1,897.94,-0.6015136091267572,5,4,26,-0.8396950717455645,1,1,1557.8833333333334,14,True,False,False,False,False,True,0,Normal,0
688.36,23,22,1,5191.13,1.2458653996109563,5,13,29,0.6180715513655411,1,1,1007.9333333333332,22,False,True,False,False,False,True,0,Normal,0
25.36,57,78,1,201.04,-0.9140313467880632,1,7,29,-0.950571723719,1,1,408.6166666666667,21,True,False,False,True,False,False,0,Normal,0
304.31,27,33,1,868.61,0.0315899019441344,4,8,32,-0.2219921250140815,1,0,215.7333333333333,21,True,True,False,False,False,True,0,Normal,0
537.86,27,134,1,293.06,0.8233082838814163,5,5,32,0.4389978959504998,1,1,1319.8666666666666,18,True,False,True,False,False,True,0,Normal,0
31.53,25,283,1,874.93,-0.8931154726002961,3,4,21,-0.9213954180450769,1,0,2208.516666666667,18,True,False,True,False,False,True,0,Normal,0
94.82,67,56,1,1267.72,-0.6906372259753422,3,5,26,-0.6906372259753422,1,1,936.2166666666668,8,False,True,False,False,True,False,0,Normal,0
8.65,48,273,1,10778.35,-0.9706770935753548,7,13,23,-0.9087745105592224,1,1,1824.5333333333333,19,True,False,True,False,False,False,1,Normal,0
590.57,79,93,1,3224.6,1.0019915461889055,4,6,24,10.415289254560951,1,1,550.9833333333333,25,True,False,False,False,True,False,0,Normal,0
137.49,34,50,1,4471.05,-0.5339183852525144,5,5,26,-0.4056970762245818,1,1,672.7833333333333,13,True,False,False,True,False,False,0,Normal,0
927.45,24,95,1,1161.84,2.143991496979021,5,4,19,3.461414484329299,1,1,289.96666666666664,2,True,False,False,False,False,True,0,Normal,0
308.8,53,41,1,3966.54,0.0468106920742924,5,4,27,-0.1222185581353438,1,1,3381.266666666667,3,True,False,False,False,True,False,0,Normal,0
33.46,72,111,1,3641.07,-0.8865729057960188,5,4,26,-0.8865729057960188,1,1,936.2166666666668,39,True,False,False,False,True,False,0,Normal,0
427.69,43,236,1,2443.54,0.4498395870797449,3,5,30,11.78212756180133,1,1,863.1666666666666,33,True,False,False,True,False,False,1,Normal,0
75.04,49,178,1,9648.6,-0.7456195753701904,8,7,22,-0.6745527456378498,1,1,2905.0333333333333,12,True,False,False,True,False,False,0,Normal,0
172.92,20,212,1,416.37,-0.41381313039472,3,9,27,-0.0325071334834267,1,1,767.8666666666667,24,True,False,True,False,False,True,0,Normal,0
114.98,59,80,1,6144.68,-0.6102257317625046,4,1,24,-0.3514123317882283,1,0,1559.9333333333334,39,True,False,True,False,True,False,0,Normal,0
422.81,28,193,1,1929.28,0.4332967238647848,5,5,25,1.565314458582713,1,1,455.25,20,True,True,False,False,False,True,0,Normal,0
138.11,68,104,1,4177.65,-0.5493978846308145,4,5,32,-0.3354238495368168,1,1,505.3666666666667,31,False,False,True,False,True,False,0,Normal,0
246.27,29,141,1,7299.86,-0.1651616925223173,5,6,27,0.2446769325039253,1,1,383.31666666666666,14,True,False,True,False,False,False,0,Normal,0
719.76,19,190,1,690.52,1.4399367303570811,9,5,31,1.4399367303570811,1,1,936.2166666666668,37,True,True,False,False,False,True,0,Normal,0
643.22,64,93,1,1035.86,1.180471412637195,5,5,24,-0.1063410024086625,1,1,815.2333333333333,1,True,False,False,False,False,False,0,Normal,0
605.42,21,33,1,392.34,1.0523320213409868,3,3,25,-0.1116230610696811,1,1,983.1,23,True,False,False,False,False,True,0,Normal,0
121.91,60,133,1,14510.8,-0.5867335100248666,7,4,32,-0.8141993484847603,1,1,314.4833333333333,6,True,True,False,False,False,False,0,Normal,0
174.25,50,67,1,10528.34,-0.409304522182446,2,4,24,-0.6665566338647251,1,1,504.25,39,True,False,True,False,False,False,0,Normal,0
427.0,49,163,1,8253.65,0.3931438876265325,2,2,33,-0.0572119969062157,1,1,334.1666666666667,28,False,True,False,True,False,False,0,Normal,0
85.77,38,93,1,9146.19,-0.7092456158831983,5,4,33,-0.8088023284441684,1,1,265.45,19,True,True,False,False,False,False,0,Normal,0
10.3,47,197,1,7801.32,-0.9650837074473458,5,6,17,-0.974039812763237,1,1,2830.4666666666667,14,True,False,False,True,False,False,0,Normal,0
346.65,30,60,1,6356.96,0.1751195799198334,4,4,29,-0.0051764401870365,1,1,599.3,42,True,False,True,True,False,False,0,Normal,0
774.48,61,31,1,11613.58,1.6254337539477817,2,5,33,1.6254337539477817,1,1,936.2166666666668,21,True,True,False,False,False,False,0,Normal,0
73.35,24,47,1,1181.84,-0.7513485587376665,3,10,23,-0.9052912910529758,1,1,168.35,37,True,True,False,False,False,True,0,Normal,0
50.9,28,150,1,1277.7,-0.8339320255099147,6,7,22,-0.8799287572274425,1,1,1007.6833333333332,17,False,False,True,False,False,True,0,Normal,0
250.01,62,88,1,1541.48,-0.1524833506321636,5,6,27,-0.1654556980446106,1,1,4704.233333333334,18,True,False,False,False,True,False,0,Normal,0
50.0,53,87,1,185.87,-0.8368683943528363,7,6,27,-0.8368683943528363,1,1,936.2166666666668,17,False,False,False,False,False,False,0,Normal,0
1105.88,34,36,1,2636.32,2.748856882930934,5,7,28,21.11759957764801,1,1,239.53333333333333,29,True,False,False,True,False,False,1,Normal,0
26.27,45,177,1,8853.93,-0.914290652844535,5,7,19,-0.9545454528938204,1,1,262.75,32,False,False,True,True,False,False,0,Normal,0
314.52,80,229,1,7071.32,0.0662010973180571,3,8,27,-0.2018271787797813,1,1,72.98333333333333,22,True,False,False,False,True,False,0,Normal,0
705.34,59,124,1,5003.22,1.3910539255292689,1,5,45,0.8850915675864645,1,1,4225.516666666666,42,True,False,True,False,False,False,1,Normal,0
69.96,28,31,1,164.12,-0.7628404247824851,3,5,30,-0.8411451336707256,1,1,814.85,3,True,True,False,False,False,True,0,Normal,0
103.48,32,33,1,6494.25,-0.6492099381092343,5,3,21,-0.6492099381092343,1,1,936.2166666666668,3,True,False,False,True,False,False,0,Normal,0
492.84,25,38,1,577.67,0.6706935908614358,4,7,23,3.762659414740438,1,1,721.65,16,True,False,False,False,False,True,0,Normal,0
261.63,20,150,1,477.03,-0.1130923525670331,6,9,27,-0.1225181106703845,1,1,2136.733333333333,6,True,True,False,False,False,True,0,Normal,0
215.39,27,216,1,1582.55,-0.2698427613907536,4,4,30,-0.2468442208280988,1,1,549.9333333333333,11,True,False,False,False,False,True,0,Normal,0
60.11,61,122,1,7235.87,-0.803883184350684,3,3,25,-0.7759889661207484,1,1,3817.266666666667,0,False,True,False,False,True,False,0,Normal,0
1228.81,26,254,1,1821.0,3.1655810991225417,4,5,21,3.1655810991225417,1,1,936.2166666666668,37,True,False,False,False,False,True,0,Normal,0
331.32,61,137,5,13054.54,0.1231519378941493,7,5,25,-0.7303732873834252,1,1,2520.8,34,True,True,False,False,False,False,2,Medium confidence / needs review,1
98.54,20,167,1,9383.43,-0.6785002347579329,3,5,21,-0.8736771924471971,1,1,1606.9,12,False,False,True,False,False,True,0,Normal,0
291.46,57,135,1,7142.53,-0.0119707112346028,3,7,26,-0.0119707112346028,1,1,936.2166666666668,24,True,False,False,False,True,False,0,Normal,0
41.13,77,58,1,6067.54,-0.8658079406158522,4,5,26,-0.8588828626264913,1,1,1129.4,30,False,True,False,False,True,False,0,Normal,0
489.31,43,36,1,5595.22,0.6587271344784832,3,2,22,1.9424215884877984,1,1,166.68333333333334,21,True,True,False,True,False,False,0,Normal,0
126.29,19,56,1,1122.35,-0.5718856123032425,5,7,30,-0.5390315103819264,1,1,2353.7,23,True,False,True,False,False,True,0,Normal,0
359.65,25,289,1,219.53,0.1734056192145683,7,7,25,0.1734056192145683,1,1,936.2166666666668,17,False,False,True,False,False,True,0,Normal,0
91.77,51,174,1,9240.73,-0.6889060299631654,7,5,29,-0.7448352544283742,1,1,1487.6833333333334,29,True,True,False,False,False,False,0,Normal,0
353.82,42,143,1,705.75,0.1994253850942728,4,4,22,0.5675867238155744,1,1,624.3,25,True,False,False,False,False,False,0,Normal,0
28.52,20,163,1,662.51,-0.9033191648701792,5,5,25,-0.8937459606064801,1,1,1270.95,11,True,False,False,False,False,True,0,Normal,0
288.04,68,63,1,1748.02,-0.0235642752090214,7,5,22,0.3818844733166165,1,1,1991.8833333333332,10,True,False,False,False,True,False,0,Normal,0
603.23,28,48,1,117.98,1.0449080724801751,4,8,23,1.6886699871248445,1,0,0.7833333333333333,11,True,True,False,False,False,True,1,Normal,0
589.64,62,210,1,2039.4,0.9988389103713003,7,6,24,1.0508860678913894,1,1,670.5166666666667,5,True,False,True,False,True,False,0,Normal,0
592.24,52,140,1,9817.05,1.007652730936648,3,4,21,0.7910458054334653,1,1,600.7333333333333,40,True,False,False,False,False,False,0,Normal,0
881.1,28,16,1,9951.68,1.9868681957467669,7,5,23,1.424842870471139,1,1,671.95,31,True,True,False,False,False,True,0,Normal,0
263.59,71,16,1,6996.35,-0.1064480878331557,4,3,27,-0.1064480878331557,1,1,936.2166666666668,9,True,True,False,False,True,False,0,Normal,0
762.74,64,244,1,207.1,1.5856359641642506,4,2,24,1.8936606020954492,1,1,2377.35,20,True,False,False,False,False,False,0,Normal,0
416.55,33,73,1,922.96,0.4120757558882171,7,6,31,-0.1882727773946531,1,1,72.11666666666666,28,True,False,True,True,False,False,0,Normal,0
180.24,58,144,1,8431.23,-0.3889988355722797,3,4,22,-0.6252494996980008,1,1,1415.5333333333333,31,True,True,False,True,False,False,0,Normal,0
1142.83,61,48,1,2467.39,2.7286337863249184,6,9,33,1.8163783286106303,1,1,264.68333333333334,29,False,True,False,False,True,False,2,Medium confidence / needs review,1
275.92,62,107,1,1777.38,-0.0997745621385683,9,6,29,-0.5012201946867799,1,1,1585.05,26,False,True,False,False,True,False,0,Normal,0
486.61,48,130,1,2006.69,0.5876293839893713,7,9,28,-0.0401759443233747,1,1,1701.5,34,False,False,False,True,False,False,0,Normal,0
734.86,48,290,1,6242.03,1.397577789828571,5,6,19,0.457857206727826,1,1,240.31666666666663,4,False,True,False,True,False,False,0,Normal,0
91.53,44,69,1,14676.05,-0.6897196133999667,3,4,21,-0.6897196133999667,1,1,936.2166666666668,25,True,True,False,False,False,False,0,Normal,0
1.82,80,60,1,5571.39,-0.9938303222143258,8,4,30,-0.9801157983162264,1,1,745.05,37,True,False,True,False,True,False,0,Normal,0
514.33,25,160,1,1592.94,0.7435432077650206,1,6,23,10.019389180088076,1,1,1198.8666666666666,30,True,True,False,False,False,True,0,Normal,0
168.0,32,11,1,3498.58,-0.4518778127253415,6,4,24,-0.1706161129017768,1,1,1991.5666666666664,40,False,True,False,True,False,False,0,Normal,0
422.9,40,111,1,7616.43,0.4336018176535852,1,6,19,0.4336018176535852,1,1,936.2166666666668,40,True,False,False,True,False,False,0,Normal,0
126.22,46,77,4,6133.41,-0.5721229074723096,2,10,23,-0.7015370047256159,1,1,1584.1666666666667,1,True,False,False,True,False,False,2,Medium confidence / needs review,1
59.73,27,56,1,800.93,-0.7975194187761412,3,3,30,-0.7824519202270837,1,1,432.2166666666666,14,True,False,False,False,False,True,0,Normal,0
191.89,25,14,1,399.57,-0.3495061395775492,4,4,20,-0.0544961810569295,1,1,863.9833333333333,35,True,True,False,False,False,True,0,Normal,0
196.08,61,98,1,4233.82,-0.3353023287433928,2,5,30,-0.0205060318180381,1,1,1416.25,37,True,False,True,False,True,False,0,Normal,0
254.92,28,169,1,2791.12,-0.1682898351400717,5,5,29,0.2786661569858844,1,0,575.2,35,False,False,False,True,False,False,0,Normal,0
820.46,53,243,1,5621.86,1.676859093110889,3,2,20,1.676859093110889,1,1,936.2166666666668,13,False,False,True,True,False,False,1,Normal,0
84.89,37,70,1,4735.61,-0.7122287551514699,5,6,27,-0.8965336507611174,1,1,1177.0833333333333,38,True,False,False,True,False,False,0,Normal,0
28.78,40,51,1,680.55,-0.9061014464048316,4,7,28,-0.9364223760171814,1,1,1846.6833333333332,40,False,False,True,False,False,False,0,Normal,0
423.53,50,81,1,5453.4,0.3818225544210459,4,7,31,0.3601854120084396,1,1,73.0,18,False,True,False,False,False,False,0,Normal,0
69.28,25,129,1,708.74,-0.7651455778534221,4,4,32,-0.7958840923474682,1,1,1943.4666666666667,20,True,False,True,False,False,True,0,Normal,0
350.11,74,178,1,4639.04,0.1422801094795997,1,3,24,0.1422801094795997,1,1,936.2166666666668,33,False,False,True,False,True,False,0,Normal,0
65.26,26,72,1,7380.63,-0.7787731004198443,5,8,45,-0.8136014372237256,1,1,6479.916666666667,34,True,True,False,False,False,True,2,Medium confidence / needs review,1
329.69,26,66,1,1671.66,0.0756571630657569,2,8,30,0.0756571630657569,1,1,936.2166666666668,35,False,False,True,False,False,True,0,Normal,0
90.88,18,176,1,3908.47,-0.6919230685413036,5,5,27,-0.7243471117584789,1,1,1007.9,0,True,True,False,False,False,True,0,Normal,0
278.27,29,123,1,6684.34,-0.0566839009488085,5,3,19,0.3232993303217094,1,1,1175.9833333333331,40,True,True,False,False,False,False,0,Normal,0
66.5,32,144,1,6820.23,-0.7830349655659409,6,4,22,-0.7145269272743678,1,1,575.95,21,False,False,True,True,False,False,0,Normal,0
147.46,65,205,1,7458.03,-0.5188922749849071,6,5,27,-0.2293098480188681,1,0,3864.233333333333,0,False,False,True,False,False,False,1,Normal,0
39.31,25,178,1,1236.38,-0.8667418095239866,1,3,24,-0.784673527691315,1,1,432.4333333333333,32,True,False,True,False,False,True,0,Normal,0
262.06,63,118,1,13587.52,-0.111634682242764,2,5,25,-0.111634682242764,1,1,936.2166666666668,28,True,True,False,False,False,False,0,Normal,0
277.02,46,227,1,8586.38,-0.0961856668861087,4,2,29,0.0570861632561772,1,1,1512.1166666666666,10,False,False,False,False,False,False,0,Normal,0
18.46,68,213,1,6381.6,-0.9374218705961012,7,9,24,-0.9315129445295208,1,1,168.21666666666667,5,True,True,False,False,True,False,0,Normal,0
107.48,20,103,1,1379.39,-0.6356502141625457,3,3,27,-0.6356502141625457,1,1,936.2166666666668,20,True,True,False,False,False,True,0,Normal,0
398.36,22,56,1,1863.7,0.3504129112406506,4,1,16,2.7063639495128027,1,1,3359.233333333333,8,True,False,False,False,False,True,0,Normal,0
1664.33,18,65,1,1588.31,4.641963842437998,6,5,29,5.580460202512809,1,1,2160.3166666666666,35,True,True,False,False,False,True,2,Medium confidence / needs review,1
129.48,31,179,1,7581.7,-0.5610717324557585,9,8,32,-0.5610717324557585,1,1,936.2166666666668,39,True,False,False,True,False,False,0,Normal,0
11.18,53,144,1,7467.3,-0.9621005681790744,4,4,22,-0.9136546114175578,1,1,504.15,24,True,False,False,True,False,False,0,Normal,0
116.97,18,299,1,729.7,-0.603479769099027,4,5,20,0.6631593820110994,1,1,3240.2166666666667,28,True,False,False,False,False,True,0,Normal,0
390.35,64,61,1,7095.88,0.2735684230786709,5,9,30,3.5454721475122604,1,1,1825.7333333333331,29,False,False,False,False,False,False,0,Normal,0
101.19,64,75,1,14389.45,-0.6698542598315528,2,2,27,-0.3753510887660046,1,1,1536.0333333333333,10,False,False,True,False,False,False,0,Normal,0
1192.95,23,73,1,325.15,3.0440181739404784,4,5,32,6.96181102445499,1,1,119.86666666666666,19,True,True,False,False,False,True,0,Normal,0
520.86,51,66,1,9200.74,0.6993745316227754,7,2,23,0.6993745316227754,1,1,936.2166666666668,34,False,False,True,True,False,False,0,Normal,0
384.41,60,65,1,7831.56,0.3031233739765741,2,4,23,-0.2619705866029824,1,1,672.4,17,True,False,False,True,False,False,0,Normal,0
76.89,55,132,1,7374.26,-0.739348203044847,6,7,26,-0.8301280262681233,1,1,552.9333333333333,6,True,False,False,False,False,False,0,Normal,0
348.17,21,181,1,1887.84,0.1802722750195752,6,4,15,0.0634825281110535,1,1,0.1166666666666666,12,True,False,False,False,False,True,0,Normal,0
251.4,57,178,1,2561.67,-0.1477713465606892,4,6,18,-0.2440973285001545,1,1,1342.9333333333334,40,True,False,False,False,True,False,0,Normal,0
211.1,57,136,1,7059.77,-0.2843855653235771,3,4,32,-0.3326926835405136,1,1,1704.1,24,True,True,False,False,True,False,0,Normal,0
456.93,28,193,1,7284.76,0.4907944648139132,3,9,16,0.5291912768220368,1,1,287.3333333333333,41,False,True,False,True,False,False,1,Normal,0
363.84,73,118,3,5415.64,0.2333924935807277,5,3,26,0.1320674201139356,1,1,553.3833333333333,8,True,False,True,False,True,False,1,Normal,0
356.1,26,187,1,868.35,0.1618232754452667,8,5,24,0.0899908169880906,1,1,142.53333333333333,13,False,True,False,False,False,True,0,Normal,0
239.85,70,50,1,1477.63,-0.1869250494567526,4,8,28,-0.1869250494567526,1,1,936.2166666666668,40,True,False,False,False,True,False,0,Normal,0
341.67,53,96,5,1442.29,0.1582377236062062,4,3,23,0.4245153203063777,1,1,936.4666666666668,29,True,True,False,False,True,False,1,Normal,0
248.76,21,117,1,6178.77,-0.1567207643655037,3,2,32,-0.1444490296311424,1,1,338.1,32,True,True,False,False,False,True,0,Normal,0
1020.73,28,87,1,1119.61,2.4602042594158,3,10,25,2.6881413401931598,1,1,3021.85,13,True,False,False,False,False,True,0,Normal,0
43.91,27,86,1,1806.68,-0.8511481269852947,7,7,24,-0.905111261624494,1,1,577.8166666666667,0,True,False,True,False,False,True,0,Normal,0
52.23,28,96,1,105.01,-0.8295927248864862,5,4,22,-0.8621841532566437,1,1,599.6166666666667,37,False,True,False,False,False,True,0,Normal,0
467.13,54,45,1,3914.84,0.5240733117003576,2,4,28,0.4394268532796336,1,1,407.1666666666667,18,False,True,False,False,True,False,0,Normal,0
582.17,57,135,1,7310.83,0.9735161259008592,7,8,23,0.6879525138692831,1,0,1678.7333333333331,40,True,True,False,True,False,False,1,Normal,0
388.21,53,237,1,9724.49,0.2665863904966128,3,6,33,0.0364531361138597,1,1,288.6166666666667,8,False,True,False,False,False,False,0,Normal,0
40.57,26,63,1,1476.91,-0.8624704964807797,6,4,28,-0.8624704964807797,1,1,936.2166666666668,8,True,True,False,False,False,True,0,Normal,0
63.54,26,136,1,4401.78,-0.7846037817169204,7,3,21,0.5661818938579765,1,1,2353.35,9,True,False,False,True,False,False,0,Normal,0
46.53,42,34,1,4468.12,-0.8422665078002136,6,5,18,-0.1061377368910241,1,1,743.0666666666667,37,True,False,False,True,False,False,0,Normal,0
397.01,22,100,1,719.52,0.3458365044086432,6,4,27,6.906465608607298,1,1,1104.3,20,True,False,False,False,False,True,0,Normal,0
305.92,72,88,1,1445.47,0.0370476908326766,6,8,27,1.2344197846477147,1,1,2902.95,12,True,False,False,False,True,False,0,Normal,0
47.42,64,28,1,8253.52,-0.8392494692220753,3,4,21,-0.7222254722973777,1,1,312.06666666666666,36,True,False,False,False,False,False,0,Normal,0
202.11,27,18,1,746.47,-0.3148610448937597,6,4,32,-0.3148610448937597,1,1,936.2166666666668,22,True,False,False,False,False,True,0,Normal,0
95.35,21,131,1,1639.9,-0.6767700770308791,3,4,24,-0.5282272003947,1,1,2832.3,6,True,False,True,False,False,True,0,Normal,0
72.47,29,72,1,1305.56,-0.7543316980059379,4,6,22,-0.5127412054545741,1,1,1993.5833333333333,4,True,False,True,False,False,False,0,Normal,0
637.97,58,90,1,7949.03,1.1626742749571657,4,2,34,4.173708505606127,1,1,143.25,27,True,True,False,False,True,False,0,Normal,0
73.23,26,14,1,787.74,-0.751755350456067,5,6,17,-0.751755350456067,1,1,936.2166666666668,32,True,True,False,False,False,True,0,Normal,0
78.92,59,95,1,5624.86,-0.7425130755336231,2,7,19,0.0777003949515171,1,1,650.0833333333334,17,False,False,True,True,False,False,0,Normal,0
813.78,54,55,1,14935.5,1.6550647110323156,6,9,21,9.697075127215577,1,1,1270.75,1,False,False,False,False,False,False,2,Medium confidence / needs review,1
171.16,51,42,1,6126.5,-0.419779408931263,1,10,27,-0.468408682404288,1,1,1246.85,27,True,False,True,False,True,False,0,Normal,0
211.18,73,90,1,4069.17,-0.2841143708446433,6,3,27,-0.2571212471937269,1,1,431.6,42,True,False,False,False,True,False,0,Normal,0
53.51,56,165,1,5773.5,-0.818604789513242,6,8,26,-0.8015605153212617,1,0,240.75,27,True,False,True,False,True,False,0,Normal,0
471.88,34,141,1,14833.34,0.5395708139268881,5,5,27,1.0197748533160345,1,1,97.83333333333331,38,False,False,True,False,False,False,0,Normal,0
70.88,74,176,1,1794.65,-0.7687446371970559,9,4,25,-0.7351920811959777,1,1,837.5666666666667,29,False,True,False,False,True,False,0,Normal,0
206.63,59,128,1,7626.53,-0.3258423367230524,4,4,18,-0.1499069182432578,1,1,71.88333333333334,28,False,False,True,False,True,False,0,Normal,0
71.95,59,53,1,9267.32,-0.7652536209060269,5,4,29,-0.7652536209060269,1,1,936.2166666666668,29,False,False,True,True,False,False,0,Normal,0
710.43,67,115,1,5625.55,1.40830867425143,3,4,29,8.873940112940373,1,1,552.4666666666667,36,True,False,True,False,True,False,0,Normal,0
58.85,71,115,1,1789.8,-0.8079941007307742,4,7,20,-0.8495615919385424,1,1,1632.1333333333334,25,False,False,True,False,True,False,0,Normal,0
26.92,62,43,1,1674.94,-0.9087430544488544,4,9,24,-0.9039977144039166,1,1,73.0,16,True,False,False,False,True,False,0,Normal,0
740.25,41,123,1,14464.3,1.5093964162739937,3,8,19,2.410700904633066,1,1,1486.8,30,True,False,True,False,False,False,0,Normal,0
79.8,73,76,1,6372.58,-0.729483503873631,3,4,32,-0.729483503873631,1,1,936.2166666666668,13,True,False,False,False,True,False,0,Normal,0
173.45,31,161,1,9077.62,-0.4120164669717838,3,4,34,1.173558882536856,1,1,71.13333333333334,30,True,False,False,True,False,False,0,Normal,0
301.73,67,163,1,990.74,0.0228438799985203,4,2,24,0.0228438799985203,1,1,936.2166666666668,40,True,False,True,False,False,False,0,Normal,0
737.46,53,75,4,634.16,1.406060633152567,7,3,23,1.406060633152567,1,1,936.2166666666668,0,False,True,False,False,False,False,2,Medium confidence / needs review,1
138.06,44,159,1,1070.47,-0.5319861245901113,2,2,25,-0.8127898451268004,1,1,4872.883333333333,5,True,True,False,True,False,False,0,Normal,0
634.86,27,45,1,588.5,1.1521315895886153,3,3,30,0.4502467094977918,1,1,383.1166666666667,6,True,False,False,False,False,True,0,Normal,0
50.29,58,64,1,7604.9,-0.835922231059006,6,3,33,-0.9001112284985674,1,1,935.75,33,False,False,True,False,False,False,0,Normal,0
416.37,35,67,1,7936.91,0.4114655683106161,6,5,32,0.0671570541699217,1,1,552.0166666666667,8,True,False,True,True,False,False,0,Normal,0
4.15,60,119,1,6017.36,-0.986460073739452,8,9,30,-0.9895045092929216,1,1,192.33333333333331,29,False,True,False,False,True,False,0,Normal,0
139.57,19,263,3,271.78,-0.5268673288002363,2,3,26,-0.577314642480586,1,1,697.4166666666666,13,True,False,False,False,False,True,1,Normal,0
228.4,67,116,1,9598.43,-0.2257397592541488,9,2,30,-0.2257397592541488,1,1,936.2166666666668,29,True,False,False,False,False,False,0,Normal,0
294.15,38,136,1,6362.16,-0.0028517968804547,7,6,22,0.2878721528552006,1,1,671.95,14,True,False,True,True,False,False,0,Normal,0
199.8,20,163,1,167.28,-0.3226917854729724,3,2,31,-0.2352884882392555,1,1,4127.983333333334,11,True,False,False,False,False,True,0,Normal,0
1237.56,60,159,1,9410.17,3.037702920202652,4,1,30,4.139724493086214,1,1,2689.516666666667,2,False,True,False,True,False,False,3,High confidence fraud,1
965.66,53,32,1,765.81,2.273520759979764,5,5,30,0.970825188971279,1,1,839.55,33,True,False,False,True,False,False,0,Normal,0
50.28,60,65,1,5729.1,-0.829554266600193,3,5,27,-0.829554266600193,1,1,936.2166666666668,28,True,True,False,True,False,False,0,Normal,0
34.31,24,251,1,1484.76,-0.8836914644573474,6,4,27,-0.3176213142875633,1,1,2040.5833333333333,30,True,False,False,False,False,True,0,Normal,0
124.59,27,171,1,129.29,-0.5776484949805852,8,3,31,1.9457382209306489,1,1,168.61666666666667,5,True,True,False,False,False,True,0,Normal,0
212.88,39,122,1,7036.72,-0.2783514881673007,9,5,29,2.0530643170513767,1,1,337.2,14,True,False,True,False,False,False,0,Normal,0
7.49,65,276,1,3634.67,-0.9755628827001652,6,7,24,-0.9290148232098298,1,1,3695.15,15,False,False,True,False,True,False,1,Normal,0
348.44,24,147,1,1022.94,0.1811875563859766,5,5,21,3.055872389059802,1,1,408.0833333333333,3,True,False,True,False,False,True,0,Normal,0
371.69,67,143,1,3484.32,0.2600034518261042,4,3,22,1.8665406866421883,1,1,1102.4833333333331,37,True,True,False,False,True,False,0,Normal,0
135.94,71,258,1,4710.21,-0.5391727782818563,5,4,22,-0.5391727782818563,1,1,936.2166666666668,15,True,True,False,False,True,False,0,Normal,0
114.15,19,52,1,1612.4,-0.6130393744814425,4,9,32,-0.1602913038083617,1,1,815.9833333333333,1,True,False,False,False,False,True,0,Normal,0
336.05,28,164,1,1635.05,0.1391863114611086,6,5,30,1.687432510796653,1,1,1488.5166666666669,35,True,True,False,False,False,True,0,Normal,0
246.41,54,23,1,1431.6,-0.1646871021841833,7,5,27,0.2611833337026137,1,1,767.8666666666667,11,True,False,False,False,True,False,0,Normal,0
221.49,23,196,1,707.25,-0.2773596244943695,9,6,27,0.0641523028567542,1,1,2641.016666666667,28,False,True,False,False,False,True,0,Normal,0
320.14,60,96,1,3075.97,0.0852525094631546,5,3,25,0.0852525094631546,1,1,936.2166666666668,25,True,False,True,False,True,False,0,Normal,0
655.81,55,164,2,4539.99,1.2231506437593966,3,4,24,1.0485100235880862,1,1,2255.9,29,True,False,False,False,True,False,0,Normal,0
309.42,27,42,1,8564.46,0.0489124492860292,4,4,22,-0.3659101380892255,1,1,3983.983333333333,14,True,True,False,True,False,False,0,Normal,0
729.38,68,90,1,9127.65,1.4725478664488674,7,3,23,0.7023425145234232,1,1,648.5333333333333,20,True,False,False,False,False,False,0,Normal,0
487.32,52,164,1,7707.96,0.6519811718150055,4,3,32,0.6519811718150055,1,1,936.2166666666668,18,True,True,False,False,False,False,0,Normal,0
1074.29,67,79,1,2011.6,2.6417689630619603,3,4,23,2.6417689630619603,1,1,936.2166666666668,32,True,True,False,False,True,False,0,Normal,0
244.64,30,103,1,9159.56,-0.170687280030593,6,6,15,-0.7722775034932117,1,1,1129.9666666666667,40,True,True,False,False,False,False,0,Normal,0
248.95,65,29,1,3059.79,-0.1877677484647848,1,8,32,-0.6224970231589287,1,1,2757.633333333333,37,False,True,False,False,True,False,0,Normal,0
72.68,69,44,1,6216.77,-0.7536198124987368,9,3,15,-0.8609332330390083,1,1,841.6166666666667,39,True,False,True,False,True,False,1,Normal,0
204.56,18,179,1,364.72,-0.3325959850617719,2,6,33,-0.5012434766147085,1,1,1247.9166666666667,36,False,True,False,False,False,True,0,Normal,0
98.87,20,179,1,533.2,-0.664837519957793,6,3,30,-0.664837519957793,1,1,936.2166666666668,11,True,False,True,False,False,True,0,Normal,0
28.38,45,260,1,8892.62,-0.9037937552083132,7,3,29,-0.7129564001926126,1,1,6550.8,40,True,True,False,False,False,False,1,Normal,0
942.7,35,29,1,5141.32,2.195687944525772,3,8,26,13.816502729799565,1,1,815.75,4,True,False,True,True,False,False,2,Medium confidence / needs review,1
280.57,25,24,1,293.24,-0.0846033231168069,2,6,23,-0.0846033231168069,1,1,936.2166666666668,41,False,False,True,False,False,True,0,Normal,0
457.3,28,15,1,8318.29,0.5502154435951074,8,7,29,0.629896280322571,1,0,3600.833333333333,41,True,False,True,True,False,False,2,Medium confidence / needs review,1
750.95,78,27,1,5134.37,1.545668677831386,6,3,29,1.0354533968437438,1,1,1775.85,6,True,True,False,False,True,False,0,Normal,0
123.38,59,40,1,13542.41,-0.5817503114744585,4,6,24,-0.7513870029592825,1,1,2759.083333333333,34,True,False,True,False,False,False,0,Normal,0
304.2,25,102,1,423.64,0.0312170095356004,8,4,22,0.0312170095356004,1,1,936.2166666666668,16,True,False,True,False,False,True,0,Normal,0
1283.97,42,121,1,11041.9,3.352569692347378,3,3,26,3.2208086679131864,1,1,1489.4333333333334,7,True,False,False,False,False,False,0,Normal,0
14.1,45,73,1,6949.21,-0.9522019696979916,5,6,19,-0.9822437132268664,1,1,3311.6833333333334,21,True,True,False,True,False,False,0,Normal,0
504.63,60,168,1,3806.16,0.7106608771943005,8,7,32,0.7106608771943005,1,1,936.2166666666668,32,True,False,True,True,False,False,0,Normal,0
609.14,39,177,1,9033.87,1.0649425646114077,3,6,21,0.2071022329090576,1,1,239.03333333333333,40,True,False,False,True,False,False,0,Normal,0
24.19,29,28,1,2756.2,-0.9179975660424696,5,7,24,-0.9179975660424696,1,1,936.2166666666668,36,True,False,False,True,False,False,0,Normal,0
38.81,25,145,1,1619.6,-0.8733772469664944,4,3,32,0.604381951038365,1,1,1897.3166666666664,41,False,False,True,False,False,True,0,Normal,0
326.03,18,137,1,290.24,0.0637159297712091,4,2,31,9.350158433328302,1,1,262.03333333333336,27,False,False,True,False,False,True,0,Normal,0
334.07,59,200,1,7306.79,0.1324742481074977,4,6,27,1.576176632320053,1,0,2256.55,27,True,True,False,True,False,False,0,Normal,0
296.46,23,136,1,558.99,0.0049789436987579,6,6,26,0.6399391473381877,1,1,2158.733333333333,9,True,True,False,False,False,True,0,Normal,0
256.8,26,80,1,1128.38,-0.1294657192326596,1,5,33,-0.1294657192326596,1,1,936.2166666666668,5,True,False,False,False,False,True,0,Normal,0
312.47,49,148,4,9419.27,0.0592517387953793,4,8,27,0.2167834882524008,1,1,1608.5833333333333,25,True,False,False,True,False,False,0,Normal,0
186.55,48,288,1,224.65,-0.3676083710463784,1,4,26,-0.3445992223563538,1,1,1199.4166666666667,30,True,True,False,True,False,False,0,Normal,0
193.38,18,285,1,1081.79,-0.3444551424074077,2,8,15,-0.2324362934332132,1,1,695.2666666666667,22,True,False,False,False,False,True,0,Normal,0
409.59,35,50,1,14563.02,0.3884818362209788,7,5,29,0.3884818362209788,1,1,936.2166666666668,0,True,False,True,False,False,False,0,Normal,0
3.42,43,158,1,14180.21,-0.988841795134266,7,7,22,-0.991650184351058,1,1,4536.1,35,False,False,True,False,False,False,0,Normal,0
11.46,67,73,1,6628.75,-0.9611513875028062,7,2,22,-0.9445049710926856,1,1,336.6,6,True,False,True,False,True,False,0,Normal,0
137.59,30,95,1,10679.67,-0.5335793921538472,3,5,33,-0.5335793921538472,1,1,936.2166666666668,26,True,False,False,False,False,False,0,Normal,0
143.21,35,135,1,6374.82,-0.5145279800087497,5,4,34,0.0408459914176467,1,1,240.55,9,True,False,True,True,False,False,0,Normal,0
29.19,58,41,1,12059.85,-0.9047637672652784,3,3,31,-0.7920940114523219,1,0,288.65,26,False,True,False,False,False,False,0,Normal,0
117.66,39,126,1,6794.17,-0.6161187100060881,4,5,33,0.138681891622163,1,1,4560.666666666667,22,False,True,False,False,False,False,0,Normal,0
38.15,26,108,1,303.68,-0.8706741294685264,4,7,32,-0.6431661345196666,1,1,837.8,23,True,False,True,False,False,True,0,Normal,0
24.77,40,17,1,478.23,-0.919184600916071,5,5,31,-0.7341133454904107,1,0,1320.8,26,False,False,True,True,False,False,0,Normal,0
212.74,27,128,1,7645.47,-0.2788260785054347,7,3,24,1.6019528107880288,1,1,1033.9666666666667,39,True,True,False,True,False,False,0,Normal,0
101.76,31,26,1,6043.25,-0.6550406194063105,4,5,27,-0.6550406194063105,1,1,936.2166666666668,30,True,True,False,False,False,False,0,Normal,0
137.23,64,63,1,13847.99,-0.5347997673090492,3,4,27,0.3485652481469608,1,1,1103.3833333333334,14,True,True,False,False,False,False,0,Normal,0
67.33,59,36,1,5925.98,-0.7717559432774329,2,9,24,-0.4365454584999753,1,1,145.41666666666666,11,True,False,True,True,False,False,0,Normal,0
22.46,54,78,1,6631.5,-0.9238621466494124,8,10,25,-0.7800339437839455,1,1,813.8,27,True,False,True,False,True,False,0,Normal,0
52.44,27,87,1,3157.75,-0.8222320156689812,3,9,26,-0.3620049837337431,1,1,2690.883333333333,33,True,False,True,False,False,True,0,Normal,0
738.94,41,173,1,13856.18,1.5049556066814531,5,4,25,8.691778911235259,1,0,791.9666666666667,30,True,True,False,False,False,False,1,Normal,0
329.14,55,14,1,12033.92,0.115761888343204,3,6,27,0.7629981390355046,1,1,861.7166666666667,34,True,True,False,False,False,False,0,Normal,0
179.62,24,119,1,409.26,-0.3911005927840165,7,5,18,-0.1324501477077548,1,1,23.383333333333333,40,True,False,True,False,False,True,0,Normal,0
122.85,47,127,3,13185.39,-0.5991856496785737,2,5,15,-0.3966554507445157,1,1,337.6333333333333,39,False,False,True,False,False,False,1,Normal,0
299.03,39,52,1,1381.28,0.0136910663345053,6,5,27,0.0136910663345053,1,1,936.2166666666668,8,True,True,False,True,False,False,0,Normal,0
169.5,28,142,1,918.88,-0.4254066943691387,5,6,25,-0.4331672392965012,1,1,5543.4,36,True,True,False,False,False,True,0,Normal,0
386.68,46,128,1,6863.06,0.3108185173163199,7,8,30,0.6506093498789435,1,1,1295.95,27,True,True,False,False,False,False,0,Normal,0
52.01,48,85,1,1120.88,-0.8236896859932503,8,3,30,-0.8175535804625055,1,1,167.96666666666667,23,True,False,False,False,False,False,0,Normal,0
33.89,26,177,1,1444.75,-0.8851152354717498,3,1,13,-0.8505764826587753,1,1,71.4,26,True,True,False,False,False,True,2,Medium confidence / needs review,1
56.89,59,56,1,3034.67,-0.8143888595442479,2,6,29,-0.8143888595442479,1,1,936.2166666666668,15,False,True,False,True,False,False,0,Normal,0
18.56,49,161,1,4230.37,-0.9394455459322298,2,7,27,-0.6737563601027182,1,1,1919.0166666666669,22,False,True,False,True,False,False,0,Normal,0
74.67,43,283,1,3449.35,-0.7468738498352592,5,4,27,0.9793240297064538,1,1,504.55,16,True,False,False,True,False,False,0,Normal,0
142.55,67,97,1,1262.68,-0.5167653344599533,3,5,27,1.8487209862365916,1,1,23.133333333333333,18,True,False,True,False,False,False,0,Normal,0
168.34,64,240,1,7483.01,-0.4293390143136784,6,3,32,1.30074826527149,1,1,1009.4833333333332,31,True,False,False,False,True,False,0,Normal,0
37.65,27,109,1,411.78,-0.8771619001418157,7,3,29,-0.5916574413607358,1,1,2159.25,38,False,False,True,False,False,True,0,Normal,0
598.66,32,222,1,2587.11,0.9532073049331066,3,3,24,0.9532073049331066,1,1,936.2166666666668,5,False,True,False,True,False,False,0,Normal,0
267.48,21,159,2,811.86,-0.0932612562950009,2,6,31,-0.5532021505475526,1,1,480.23333333333335,0,True,False,False,False,False,True,0,Normal,0
40.32,37,95,1,2686.52,-0.8633179792274478,7,4,21,-0.9068972662458789,1,1,1391.6166666666666,25,True,True,False,True,False,False,0,Normal,0
198.62,27,84,1,1196.07,-0.3519760194250543,3,4,13,-0.3426516326942668,1,1,1127.6166666666666,40,False,True,False,False,False,True,0,Normal,0
22.54,26,42,1,7139.11,-0.9235909521704786,4,5,24,-0.9184131432351932,1,1,2544.0,12,True,False,True,True,False,False,0,Normal,0
320.55,50,118,1,438.75,0.0866423811676903,6,4,20,0.0866423811676903,1,1,936.2166666666668,25,True,False,True,True,False,False,0,Normal,0
22.62,64,102,1,7682.0,-0.9233197576915448,7,5,19,-0.929433782781364,1,1,215.4,41,True,False,False,False,False,False,0,Normal,0
270.39,25,104,1,899.15,-0.083396557123785,8,8,16,0.5758370453370804,1,1,792.9166666666666,17,True,False,False,False,False,True,0,Normal,0
583.92,55,139,1,6364.14,0.9794485051275356,3,6,20,1.8550752891889533,1,1,1198.6833333333334,18,True,False,True,True,False,False,0,Normal,0
199.14,31,36,1,7001.25,-0.3249291399241761,7,5,32,-0.3348030853632526,1,1,25.35,39,True,True,False,True,False,False,0,Normal,0
152.0,51,63,1,7531.43,-0.4847304866359014,2,4,30,-0.4558290714158858,1,1,3312.65,0,True,False,False,True,False,False,0,Normal,0
170.96,64,69,1,13374.89,-0.4204573951285973,3,3,22,-0.3376296302348039,1,1,238.58333333333331,42,True,True,False,False,False,False,0,Normal,0
344.97,34,106,1,5577.94,0.1694244958622243,7,9,24,0.1694244958622243,1,1,936.2166666666668,2,True,False,True,False,False,False,0,Normal,0
126.91,22,42,1,692.69,-0.5697838550915059,5,4,24,-0.6321129355245009,1,1,3742.5666666666666,18,True,False,False,False,False,True,0,Normal,0
65.11,34,150,1,8485.14,-0.7792815900678449,2,5,45,-0.7240400071033313,1,1,360.7166666666666,26,True,False,False,True,False,False,1,Normal,0
55.98,24,87,1,7047.04,-0.8173578547076463,6,6,33,-0.6872567420961839,1,0,431.9,18,False,True,False,False,False,True,0,Normal,0
74.27,59,148,1,13696.61,-0.7576843145553847,3,7,24,-0.7576843145553847,1,1,936.2166666666668,22,False,False,True,False,False,False,0,Normal,0
440.94,42,148,1,7303.23,0.4947561726531509,7,6,21,4.936986603783674,1,1,1489.35,35,True,False,True,False,False,False,0,Normal,0
396.45,49,168,3,9690.15,0.3439381430561067,5,5,29,0.5389841014771292,1,1,285.8,27,True,False,False,True,False,False,0,Normal,0
641.06,23,25,1,1602.13,1.1731491617059824,4,5,25,1.1095364463411694,1,1,1847.7166666666667,7,True,False,False,False,False,True,0,Normal,0
362.09,32,31,1,6590.28,0.2274601143540514,5,6,23,0.2274601143540514,1,1,936.2166666666668,27,True,True,False,True,False,False,0,Normal,0
155.53,29,66,1,4008.05,-0.4727640302529488,4,7,20,-0.5704659046909168,1,1,600.0833333333334,3,True,False,False,True,False,False,0,Normal,0
391.08,56,105,1,6885.16,0.3257342136576773,6,3,25,0.5110698948608249,1,1,840.1333333333333,14,True,False,True,False,True,False,0,Normal,0
27.21,79,102,1,3520.61,-0.9077599744627196,5,7,24,-0.9101683693952844,1,1,1127.3666666666666,38,True,False,False,False,True,False,0,Normal,0
21.15,70,180,1,3466.74,-0.928302956241953,7,4,27,-0.9096066890636634,1,1,3815.533333333333,8,True,True,False,False,True,False,0,Normal,0
138.33,21,69,1,232.56,-0.5310708432237098,6,6,26,-0.5310708432237098,1,1,936.2166666666668,9,True,False,True,False,False,True,0,Normal,0
476.63,79,115,1,4894.25,0.6157428095674802,9,4,23,2.445601081142188,1,1,431.31666666666666,5,True,False,False,False,True,False,0,Normal,0
74.86,70,125,1,6921.48,-0.7462297629477914,3,5,33,-0.7565370080768277,1,1,480.4333333333333,26,True,True,False,False,False,False,0,Normal,0
12.35,25,22,1,1846.85,-0.958134348924668,3,5,22,-0.958134348924668,1,1,936.2166666666668,14,True,True,False,False,False,True,0,Normal,0
558.86,60,95,1,9844.32,0.8944968346015315,6,5,26,44.25181827920501,1,1,886.8,2,True,False,False,False,False,False,3,High confidence fraud,1
873.65,37,59,1,12139.83,1.850398491727554,4,4,24,2.0589450392712134,1,1,191.1833333333333,28,False,False,True,False,False,False,0,Normal,0
523.02,53,83,1,4586.11,0.7730017080392014,2,3,19,0.0859598852083385,1,1,1369.9,17,True,False,True,False,True,False,0,Normal,0
4.39,26,63,1,1429.61,-0.9851181995785784,8,5,27,-0.9910766896536848,1,1,573.5166666666667,30,True,False,False,False,False,True,0,Normal,0
37.4,20,84,1,1519.51,-0.8732165777085305,3,5,21,-0.905185393213948,1,1,1201.85,33,True,False,False,False,False,True,0,Normal,0
592.82,74,248,1,7508.98,1.009618890908918,4,5,21,0.769902519010875,1,1,1055.5166666666669,22,True,False,True,False,True,False,0,Normal,0
116.88,45,263,1,7717.34,-0.6037848628878275,4,3,45,-0.6856241504100422,1,0,479.75,22,True,False,False,False,False,False,1,Normal,0
27.94,79,120,1,1893.44,-0.9052853248424492,2,5,23,-0.9178044887814324,1,1,721.5666666666667,1,True,True,False,False,True,False,0,Normal,0
445.41,35,235,3,12154.66,0.5099091641635756,6,2,32,0.4591327501693677,1,0,405.7166666666666,14,True,False,False,False,False,False,0,Normal,0
182.42,51,137,1,3051.29,-0.3816087860213346,7,4,19,-0.3816087860213346,1,1,936.2166666666668,18,True,True,False,False,True,False,0,Normal,0
606.27,29,42,1,9668.78,1.0552134626796583,5,1,27,2.323484254338975,1,1,2208.1,21,True,True,False,False,False,False,0,Normal,0
50.43,32,51,1,9794.26,-0.8290457769521922,4,4,27,-0.8721170526515689,1,1,431.01666666666665,38,True,True,False,False,False,False,0,Normal,0
571.93,52,119,1,4026.03,0.9388032325973364,2,7,26,1.044749257395548,1,1,1729.6333333333334,42,True,False,True,False,True,False,0,Normal,0
198.01,26,40,1,250.93,-0.3539662249741456,4,6,32,-0.3539662249741456,1,1,936.2166666666668,2,False,True,False,False,False,True,0,Normal,0
122.98,79,228,1,5055.99,-0.5831062838691273,2,3,22,-0.3789202546390573,1,1,2182.483333333333,17,True,False,True,False,True,False,0,Normal,0
390.09,26,49,1,2617.23,0.3223781819808718,7,6,27,1.4305429986570108,1,1,1848.6166666666663,12,True,False,True,True,False,False,0,Normal,0
186.6,18,139,1,9716.68,-0.3674388744970449,3,7,21,-0.2127468067752707,1,1,383.1833333333333,40,True,True,False,False,False,True,0,Normal,0
202.49,48,69,1,7447.1,-0.3393496334004915,3,5,24,-0.0977185629724686,1,1,1536.45,41,False,False,False,True,False,False,0,Normal,0
347.25,69,250,1,7273.55,0.1771535385118368,4,4,29,0.1771535385118368,1,1,936.2166666666668,16,True,False,False,False,False,False,0,Normal,0
126.83,57,39,1,6100.98,-0.5700550495704396,4,3,29,-0.6347588174664973,1,1,501.85,2,True,True,False,False,True,False,0,Normal,0
331.65,41,61,1,4172.57,0.1242706151197511,8,3,16,0.3991309466793328,1,1,4464.766666666666,32,True,False,True,True,False,False,0,Normal,0
57.34,27,81,1,1100.64,-0.8056213538342877,1,2,22,-0.786504160997465,1,1,1414.6166666666666,1,True,False,True,False,False,True,0,Normal,0
167.2,30,84,1,11320.83,-0.4332035356384847,5,1,25,-0.4332035356384847,1,1,936.2166666666668,35,True,True,False,False,False,False,0,Normal,0
1309.79,23,139,1,1258.93,3.440097710423253,2,3,31,6.833672207932582,1,1,1126.6666666666667,37,True,False,False,False,False,True,0,Normal,0
456.05,68,20,1,11729.51,0.5459780298617672,4,7,24,-0.3824602734176124,1,1,264.5,11,True,True,False,False,False,False,0,Normal,0
888.57,62,102,1,7896.14,2.012190980217208,3,7,22,0.3790247479943124,1,0,2111.35,35,True,False,True,False,True,False,1,Normal,0
20.28,36,213,1,2047.83,-0.9312521962003578,3,6,28,-0.971250454922898,1,1,865.3,28,True,False,True,True,False,False,0,Normal,0
209.99,19,40,1,1938.01,-0.2881483887187832,4,6,33,-0.6305451642559262,1,1,1199.6166666666666,10,True,False,False,False,False,True,0,Normal,0
172.5,68,31,1,6851.16,-0.4152369014091223,4,5,33,-0.6608647771323942,1,1,1631.0666666666666,8,True,False,True,False,False,False,0,Normal,0
259.9,26,100,1,914.28,-0.118956933173976,6,4,22,-0.118956933173976,1,1,936.2166666666668,28,True,False,True,False,False,True,0,Normal,0
958.9,31,135,1,9977.49,2.25060482650986,6,5,26,2.6894959496364144,1,1,288.3666666666667,22,True,True,False,True,False,False,0,Normal,0
377.97,72,160,1,2457.1,0.2812922184224055,7,4,33,-0.3797669832954266,1,1,3264.333333333333,24,True,False,True,False,True,False,0,Normal,0
1045.22,53,73,1,1829.9,2.543223669279401,3,9,16,0.9637518221839994,1,1,119.38333333333334,8,True,False,False,False,True,False,1,Normal,0
603.54,44,26,1,10517.47,1.0459589510860432,7,6,25,1.0459589510860432,1,1,936.2166666666668,0,True,False,True,False,False,False,0,Normal,0
171.42,67,291,1,2796.24,-0.4407196111222396,2,7,22,-0.7159757419293241,1,1,409.4166666666667,16,False,True,False,False,True,False,0,Normal,0
8.81,57,165,1,13523.65,-0.9701347046174872,3,8,26,-0.9772633401020352,1,1,335.1666666666667,9,True,False,True,False,False,False,0,Normal,0
279.3,19,48,1,1193.61,-0.0531922720325361,7,7,13,0.0690636280960092,1,1,744.5166666666667,28,True,False,False,False,False,True,0,Normal,0
157.37,42,289,1,13964.31,-0.4865595913922929,4,2,33,-0.4078658962895541,1,0,3503.4333333333334,9,False,True,False,False,False,False,2,Medium confidence / needs review,1
315.13,30,143,1,6570.94,0.0682689552199271,3,3,21,0.2910507673828668,1,1,479.1666666666667,29,True,True,False,True,False,False,0,Normal,0
82.01,23,156,1,287.46,-0.7324315425062592,2,5,26,-0.6795587279789573,1,1,481.3833333333333,34,False,True,False,False,False,True,0,Normal,0
99.98,73,152,1,3037.97,-0.6738020446092584,6,2,23,-0.6738020446092584,1,1,936.2166666666668,42,False,False,True,False,True,False,0,Normal,0
93.22,52,52,1,1014.63,-0.6839906300324907,4,6,26,-0.0676135220282704,1,1,192.31666666666663,5,True,False,True,False,True,False,0,Normal,0
31.19,52,74,1,5545.96,-0.8942680491357645,5,5,18,-0.6771221461995637,1,0,431.2,5,True,False,False,True,False,False,0,Normal,0
184.5,26,25,1,8569.06,-0.3745577295690564,6,8,31,1.4666874441817268,1,1,240.15,33,True,False,True,False,False,True,0,Normal,0
142.19,18,27,4,524.46,-0.5179857096151553,4,1,32,0.3909853467584402,1,1,985.9333333333332,15,True,True,False,False,False,True,1,Normal,0
890.24,33,161,1,5140.93,1.9045255573987416,2,7,25,7.077230102006695,1,1,527.5833333333334,19,False,False,True,True,False,False,0,Normal,0
156.58,24,160,1,8981.61,-0.469204602716943,6,4,22,-0.3481808327858595,1,1,1750.0,32,True,True,False,False,False,True,0,Normal,0
293.97,68,153,1,7371.85,-0.0034619844580555,7,5,28,0.2878089980507774,1,1,1345.5166666666669,31,True,True,False,False,True,False,0,Normal,0
717.36,22,138,1,514.88,1.340481728993985,5,5,22,1.340481728993985,1,1,936.2166666666668,36,False,False,True,False,False,True,0,Normal,0
156.74,70,136,1,4004.35,-0.4686622137590754,8,6,19,-0.7815044039512875,1,1,1273.3666666666666,28,True,False,False,False,True,False,0,Normal,0
78.91,61,157,1,1817.43,-0.7325005424517693,4,9,21,-0.8194485738028862,1,1,118.75,34,True,False,True,False,False,False,0,Normal,0
443.68,18,137,1,874.15,0.5040445835566327,3,5,21,0.3966694985467009,1,1,1321.85,40,True,False,False,False,False,True,0,Normal,0
435.08,55,78,1,2103.41,0.4748911770712521,4,1,31,0.2460316885034425,1,1,2157.05,37,True,False,True,True,False,False,0,Normal,0
119.3,34,22,5,319.04,-0.5955812299000809,3,7,27,-0.6743586785612858,1,1,840.1166666666667,23,True,True,False,True,False,False,1,Normal,0
451.31,62,166,5,2963.29,0.5299097569849412,2,6,26,0.3878845954643823,1,1,2352.8166666666666,13,True,False,False,False,True,False,1,Normal,0
1647.74,67,52,1,1483.84,4.585724887369108,4,7,24,3.801147184621904,1,1,504.73333333333335,21,True,False,False,False,True,False,0,Normal,0
73.28,21,21,1,1329.41,-0.7515858539067335,6,2,28,-0.7515858539067335,1,1,936.2166666666668,4,True,True,False,False,False,True,0,Normal,0
501.3,26,146,1,8520.08,0.6355574487699467,6,5,22,5.840884199769593,1,1,1752.9,35,False,False,True,True,False,False,0,Normal,0
69.4,80,113,1,6452.77,-0.7647387861350214,8,5,24,-0.7584322435224607,1,1,1511.6833333333334,41,True,False,True,False,True,False,0,Normal,0
645.04,70,78,1,7361.47,1.1866410870329378,7,5,33,2.0049380322140222,1,1,3623.0,22,True,True,False,False,True,False,0,Normal,0
186.6,58,13,1,1508.72,-0.3674388744970449,5,7,23,-0.3674388744970449,1,1,936.2166666666668,42,True,False,True,False,False,False,0,Normal,0
257.18,67,28,1,13336.15,-0.1281775454577242,4,4,19,0.3782422273406098,1,1,144.55,20,True,False,True,False,False,False,0,Normal,0
953.17,60,84,1,3506.11,2.2311805219562286,2,2,20,3.295687037290157,1,1,2256.65,33,True,False,True,False,True,False,0,Normal,0
31.06,46,61,1,11014.25,-0.8947087401640319,3,4,15,-0.9332975390673304,1,1,935.3333333333334,18,True,False,False,False,False,False,0,Normal,0
406.81,66,84,1,1968.36,0.3790578280780303,7,8,22,0.1395158293302825,1,1,359.55,27,True,False,True,False,True,False,0,Normal,0
101.42,66,146,1,6530.59,-0.656193195941779,7,5,25,-0.656193195941779,1,1,936.2166666666668,1,True,False,True,False,True,False,0,Normal,0
278.23,48,83,1,8300.54,-0.0568194981882752,5,5,30,1.7433444907972344,1,1,216.81666666666663,14,True,False,True,True,False,False,0,Normal,0
17.45,18,88,1,1959.52,-0.94084570089264,4,7,27,-0.9080732205553894,1,1,3166.866666666667,29,True,False,False,False,False,True,0,Normal,0
223.43,77,178,1,7932.41,-0.2425877162579094,5,5,31,-0.2425877162579094,1,1,936.2166666666668,9,True,True,False,False,True,False,0,Normal,0
73.23,20,172,1,1309.85,-0.751755350456067,6,2,24,-0.6722463381271703,1,1,3238.7,37,True,True,False,False,False,True,0,Normal,0
64.12,57,222,1,1029.09,-0.7908000298394445,5,6,26,-0.5677206191079308,1,1,1152.5166666666669,16,False,True,False,False,False,False,0,Normal,0
83.24,55,164,1,1181.31,-0.7284185050875996,1,4,30,-0.3078330258786544,1,1,1609.3833333333334,13,False,True,False,False,False,False,0,Normal,0
647.85,36,121,1,13779.97,1.196166793105487,7,4,21,4.836223549964204,1,1,1173.9333333333334,29,True,True,False,False,False,False,0,Normal,0
177.08,35,85,1,13475.14,-0.3997110174901638,4,4,33,-0.3997110174901638,1,1,936.2166666666668,19,True,False,True,False,False,False,0,Normal,0
366.43,21,92,1,1560.45,0.1955262644979108,5,4,19,1.0692907100220763,1,1,575.3666666666667,32,False,False,True,False,False,True,0,Normal,0
61.66,26,86,1,5705.4,-0.790976851971864,2,3,25,-0.7731044478552209,1,1,263.93333333333334,34,True,False,False,False,False,True,0,Normal,0
168.99,18,203,1,1523.57,-0.4271355591723415,6,2,25,-0.1622684526879962,1,1,1922.0666666666664,3,True,False,False,False,False,True,0,Normal,0
45.9,56,264,1,5698.25,-0.8444021643218171,3,7,31,-0.7628397191131564,1,1,1536.2833333333333,8,True,True,False,True,False,False,0,Normal,0
324.04,54,30,1,2248.06,0.0984732403111761,4,3,24,0.9757090885074928,1,1,21.9,41,True,False,False,False,True,False,0,Normal,0
515.94,29,37,1,1389.89,0.7490009966535628,5,5,24,1.7057424960803642,1,1,4079.883333333333,37,True,False,False,True,False,False,0,Normal,0
444.52,27,17,1,5424.6,0.5068921255854373,4,9,45,0.5068921255854373,1,1,936.2166666666668,21,True,False,True,True,False,False,1,Normal,0
110.93,19,201,1,1952.35,-0.638076223687046,9,9,25,-0.7504499218247774,1,1,72.45,41,False,True,False,False,False,True,0,Normal,0
651.82,21,166,1,1802.77,1.2096248191225751,8,2,27,1.3469979247565111,1,1,169.35,16,True,False,False,False,False,True,0,Normal,0
20.62,35,225,1,12500.8,-0.9327245239139872,6,4,33,-0.948760424059008,1,1,1631.1833333333334,30,False,False,False,False,False,False,0,Normal,0
120.24,18,131,2,1943.13,-0.5923946947726091,1,9,25,-0.608303673429041,1,1,1631.7,25,True,True,False,False,False,True,0,Normal,0
408.19,26,241,1,6847.47,0.3837359328396379,5,6,31,0.5139118611932387,1,1,2615.9333333333334,23,True,True,False,True,False,False,0,Normal,0
424.7,56,178,1,6239.89,0.385639833916844,4,4,24,0.385639833916844,1,1,936.2166666666668,24,False,False,True,False,True,False,0,Normal,0
157.56,43,159,1,7541.16,-0.4658824703500043,3,3,22,-0.6290087105509566,1,1,1703.4833333333331,16,True,True,False,False,False,False,0,Normal,0
614.03,68,51,1,2815.86,1.0815193271362342,4,4,21,1.109126503248973,1,1,647.5166666666667,9,True,False,False,False,True,False,0,Normal,0
567.92,53,14,1,3779.47,0.9252096093407812,3,2,29,0.4242031603769909,1,1,1031.8333333333333,8,True,False,True,False,True,False,0,Normal,0
1156.18,52,40,1,836.69,2.772189924161589,4,4,27,1.6214112795610245,1,1,2231.733333333333,31,False,False,True,False,False,False,1,Normal,0
16.73,79,165,1,7591.13,-0.9432864512030438,4,8,17,-0.9713565637271792,1,1,1681.6166666666666,29,True,False,True,False,True,False,0,Normal,0
76.39,18,219,1,5976.0,-0.7410431685381832,4,4,30,-0.7410431685381832,1,1,936.2166666666668,10,True,True,False,False,False,True,0,Normal,0
21.4,48,129,1,8551.6,-0.9301796709167884,4,5,30,-0.7198586108147845,1,1,742.9166666666666,18,False,False,True,True,False,False,0,Normal,0
301.39,47,104,1,10548.58,-0.0166753238838879,2,6,24,5.164024845811948,1,0,3384.116666666667,10,False,False,True,False,False,False,1,Normal,0
58.77,27,191,1,7261.7,-0.8007737525233465,4,3,25,-0.5583195508919316,1,1,216.2333333333333,22,True,False,True,True,False,False,0,Normal,0
57.07,31,99,1,9323.71,-0.8138015857756635,5,4,19,-0.5015176285488142,1,1,1031.9166666666667,4,False,False,True,False,False,False,0,Normal,0
176.37,55,126,1,2420.86,-0.402117868490701,7,3,27,-0.402117868490701,1,1,936.2166666666668,4,True,True,False,False,True,False,0,Normal,0
149.25,39,142,1,5677.52,-0.4940527968492499,4,4,25,-0.1537676466872617,1,1,2016.0,29,True,False,False,True,False,False,0,Normal,0
63.76,69,100,1,4980.26,-0.7838579968998525,7,8,31,-0.6083778600308467,1,1,1873.1,35,True,False,False,False,True,False,0,Normal,0
691.92,19,61,1,1084.65,1.3455610516881282,6,4,19,4.330936326999823,1,0,310.8833333333333,4,True,False,True,False,False,True,1,Normal,0
165.25,35,106,1,9939.94,-0.4398139010624954,3,6,31,-0.3886987870574353,1,1,3288.5666666666666,34,True,False,True,False,False,False,0,Normal,0
991.82,43,300,1,3493.13,2.362201354591108,4,7,29,2.978259985647347,1,1,239.08333333333331,25,True,False,True,True,False,False,0,Normal,0
287.51,22,255,1,187.65,-0.0253609386319577,3,6,22,-0.0253609386319577,1,1,936.2166666666668,12,True,False,True,False,False,True,0,Normal,0
315.39,23,93,1,929.6,0.0290015247837808,4,7,21,0.0969705398178479,1,1,95.91666666666669,27,False,True,False,False,False,True,0,Normal,0
4.47,27,132,1,1381.75,-0.9848470050996444,4,6,27,-0.9851716669922984,1,1,1919.4666666666667,3,True,True,False,False,False,True,0,Normal,0
18.14,58,48,1,6020.85,-0.94081585139226,4,3,26,-0.94081585139226,1,1,936.2166666666668,25,False,False,False,False,True,False,0,Normal,0
267.17,26,170,1,1382.62,-0.0943121349008693,6,6,29,13.72822416051686,1,1,4510.166666666667,39,True,False,False,False,False,True,1,Normal,0
436.77,20,176,1,825.69,0.480620160438728,7,4,19,2.0617223226545,1,1,839.3,17,True,False,False,False,False,True,0,Normal,0
377.08,26,71,1,6430.86,0.230273295805816,3,4,24,0.230273295805816,1,1,936.2166666666668,23,False,True,False,False,False,True,0,Normal,0
609.52,78,169,1,3485.03,1.0662307383863427,4,5,21,0.616420917003233,1,1,3910.5,42,True,False,False,False,True,False,0,Normal,0
224.79,18,129,1,528.38,-0.2379774101160353,3,3,21,-0.5443138038834101,1,1,600.5166666666667,4,True,False,True,False,False,True,0,Normal,0
1531.31,18,62,4,859.86,4.191035222590869,3,8,25,2.7922799359604755,1,1,1489.4333333333334,36,True,False,True,False,False,True,4,High confidence fraud,1
8.65,68,198,1,4201.22,-0.9706770935753548,5,6,30,-0.987384692474737,1,0,670.4666666666667,23,True,False,False,False,True,False,0,Normal,0
2.03,33,28,1,3012.31,-0.993376853680556,5,6,21,-0.9963109001102898,1,1,1007.65,11,False,False,False,True,False,False,0,Normal,0
3.44,78,108,1,7561.33,-0.9883386340159168,4,7,31,-0.9883386340159168,1,1,936.2166666666668,13,True,False,False,False,True,False,0,Normal,0
498.59,57,138,1,2619.46,0.6901856940348007,5,9,30,143.9389116456652,1,1,6649.283333333334,30,True,False,True,False,True,False,4,High confidence fraud,1
166.99,18,134,1,299.93,-0.4339154211456858,7,5,23,-0.4339154211456858,1,1,936.2166666666668,21,True,False,True,False,False,True,0,Normal,0
328.77,39,247,1,6967.03,0.0726555415818815,7,3,27,0.968800521176115,1,1,1177.1,36,False,False,True,False,False,False,0,Normal,0
702.87,19,184,1,1237.5,1.3826807959921883,3,2,27,1.835525246750342,1,1,1559.1166666666666,42,True,False,False,False,False,True,0,Normal,0
407.65,26,62,1,8346.64,0.3819053701068349,3,5,20,0.0202898308394837,1,1,719.0833333333334,4,True,False,True,True,False,False,0,Normal,0
14.28,23,81,1,1597.51,-0.9515917821203908,3,13,27,-0.9644395722677502,1,1,1680.8666666666666,31,True,False,False,False,False,True,0,Normal,0
75.15,23,154,1,1092.92,-0.7452466829616565,5,4,27,-0.768135703805673,1,0,72.46666666666667,4,True,False,False,False,False,True,0,Normal,0
340.13,24,32,3,1149.74,0.153017229886731,9,5,25,0.153017229886731,1,1,936.2166666666668,23,True,True,False,False,False,True,1,Normal,0
1137.63,26,144,1,1629.12,2.856487191757775,5,2,27,2.344691728619376,1,1,191.53333333333333,3,True,False,False,False,False,True,0,Normal,0
29.38,28,63,1,1663.31,-0.9041438671762172,3,9,29,-0.9602371143348892,1,0,23.58333333333333,3,False,True,False,False,False,True,2,Medium confidence / needs review,1
847.45,28,175,1,422.32,1.872797018045249,7,7,29,0.6868704950697269,1,1,2975.9,17,True,True,False,False,False,True,0,Normal,0
201.5,61,196,1,12148.32,-0.3425796391277053,5,5,34,-0.6576898727036302,1,1,601.7833333333333,9,False,False,True,False,False,False,0,Normal,0
622.41,64,125,1,7322.01,1.109926948804547,3,8,29,0.2175040780694261,1,1,3598.766666666667,16,True,False,False,False,False,False,0,Normal,0
11.57,56,64,1,2061.61,-0.9622513439455872,3,5,23,-0.978159507355999,1,1,215.33333333333331,27,False,True,False,False,True,False,0,Normal,0
154.21,46,75,1,8045.77,-0.477238739155356,6,4,22,-0.477238739155356,1,1,936.2166666666668,24,True,False,True,True,False,False,0,Normal,0
35.99,63,129,1,4489.79,-0.8779963803997382,5,3,18,-0.7666169459398421,1,0,408.2166666666666,24,True,True,False,False,True,False,0,Normal,0
376.26,37,245,1,9062.4,0.275495436435196,4,4,23,2.9564668458836287,1,1,648.45,40,True,False,False,True,False,False,0,Normal,0
540.4,45,272,1,425.77,0.8319187085875634,4,10,24,1.8619849493592573,1,1,168.01666666666668,15,True,True,False,False,False,False,0,Normal,0
43.85,62,122,1,4356.98,-0.851351522844495,4,4,33,-0.8415337049255238,1,1,455.7166666666666,14,True,False,False,False,True,False,0,Normal,0
130.54,64,94,1,11204.62,-0.5574784056098859,3,10,27,-0.4327849743515526,1,1,552.9166666666666,1,True,False,False,False,False,False,0,Normal,0
32.91,19,255,1,427.3,-0.8884373678386885,5,6,25,-0.8458848740875635,1,1,695.2833333333333,13,True,False,True,False,False,True,0,Normal,0
182.19,26,53,1,1176.1,-0.3823884701482691,6,3,29,-0.0295473913322337,1,1,1103.9833333333331,23,True,True,False,False,False,True,0,Normal,0
346.12,44,12,1,13084.27,0.1733229164968972,6,4,25,0.8504761541057847,1,1,4633.316666666667,37,True,True,False,False,False,False,0,Normal,0
295.93,36,117,1,1050.63,0.0031822802758218,4,5,25,0.0031822802758218,1,1,936.2166666666668,4,True,True,False,False,False,False,0,Normal,0
217.61,27,120,1,1661.1,-0.2623171146003413,2,4,25,-0.26465718154747,1,1,192.13333333333333,29,True,False,True,False,False,True,0,Normal,0
130.4,45,63,1,4381.24,-0.55795299594802,3,6,20,-0.55795299594802,1,1,936.2166666666668,33,True,True,False,True,False,False,0,Normal,0
557.78,26,102,1,1289.48,0.8198309068235135,7,3,15,3.277453962596212,1,1,1368.4,31,False,True,False,False,False,True,0,Normal,0
67.17,63,48,1,14410.44,-0.7722983322353003,4,9,21,-0.8047894422831542,1,1,817.1333333333333,39,True,False,True,False,False,False,0,Normal,0
204.7,49,95,5,5117.03,-0.3060811236382789,5,5,24,-0.1869994035069858,1,1,1918.0833333333333,28,True,True,False,False,False,False,1,Normal,0
241.21,31,108,1,1220.86,-0.1823147433148784,7,4,23,0.0049893234519481,1,1,96.48333333333332,29,True,False,False,True,False,False,0,Normal,0
11.19,60,40,1,9877.17,-0.9620666688692076,6,6,24,-0.9620666688692076,1,1,936.2166666666668,2,True,False,False,True,False,False,0,Normal,0
839.33,60,86,1,11538.97,1.7384249598508117,4,6,27,74.00714262670755,1,1,2878.483333333333,21,False,True,False,False,False,False,4,High confidence fraud,1
79.35,67,70,1,1692.15,-0.7310089728176336,5,5,23,-0.8134082659704458,1,1,648.9833333333333,20,True,False,True,False,True,False,0,Normal,0
109.48,61,93,1,7372.47,-0.6288703521892014,4,4,21,-0.6467893340570531,1,1,672.6,3,True,False,True,False,True,False,0,Normal,0
81.51,25,97,1,865.49,-0.7236867218864217,6,5,27,-0.6863039373211953,1,1,1078.5333333333333,42,True,True,False,False,False,True,0,Normal,0
532.4,22,149,1,1033.73,0.8047992606941862,4,6,19,1.3749620765529944,1,1,336.6,17,True,False,False,False,False,True,0,Normal,0
320.11,23,130,1,4076.48,0.0851508115335545,5,4,31,0.1617410443787146,1,1,167.66666666666666,12,True,True,False,False,False,True,0,Normal,0
556.34,37,46,1,11935.14,0.8859542085151177,6,5,19,0.9734667057803316,1,1,1176.1333333333334,39,True,False,True,False,False,False,0,Normal,0
50.26,65,164,1,1519.38,-0.8296220652199265,5,7,23,-0.8410568773778595,1,1,505.28333333333336,19,True,True,False,False,True,False,0,Normal,0
927.16,59,153,1,7104.61,2.143008416992886,2,4,33,2.143008416992886,1,1,936.2166666666668,37,True,False,False,False,True,False,0,Normal,0
100.01,50,63,1,6393.12,-0.6609729986329869,6,4,24,-0.8921329642217816,1,1,2423.3,30,True,False,False,False,False,False,0,Normal,0
49.84,49,146,1,7872.04,-0.8310458362343288,6,1,21,-0.9029566655900062,1,1,2543.983333333333,6,True,False,False,False,False,False,0,Normal,0
64.9,51,72,1,6854.61,-0.7882551768422458,5,1,24,-0.7882551768422458,1,1,936.2166666666668,11,False,True,False,False,True,False,0,Normal,0
793.13,68,76,1,13389.16,1.6886559668492171,3,5,22,11.22080105977194,1,1,2040.25,22,True,False,True,False,False,False,0,Normal,0
115.83,39,167,1,6481.04,-0.6073442904238333,9,5,21,-0.7300094385277685,1,1,288.51666666666665,14,True,True,False,True,False,False,0,Normal,0
373.27,61,79,1,8441.61,0.2178426677041147,2,8,24,0.149867536966707,1,1,1368.9,24,False,False,True,False,False,False,0,Normal,0
173.74,80,64,1,4913.42,-0.4110333869856488,3,6,27,-0.4841180866460754,1,1,1247.75,15,True,False,True,False,True,False,0,Normal,0
632.69,80,76,1,4363.74,1.144775439347537,3,5,28,1.0800265601924344,1,1,94.66666666666669,10,True,False,False,False,True,False,0,Normal,0
66.01,49,179,1,3475.99,-0.7762306521798401,5,3,29,-0.8160905640443994,1,1,578.1833333333333,25,True,False,True,True,False,False,0,Normal,0
98.03,54,165,1,6323.45,-0.6676850619865977,9,9,21,-0.6908365111999822,1,1,1752.0333333333333,12,True,True,False,True,False,False,0,Normal,0
827.14,36,265,4,9800.21,1.8039475197059367,6,7,27,1.8039475197059367,1,1,936.2166666666668,12,True,True,False,True,False,False,3,High confidence fraud,1
1021.38,61,125,1,6223.26,2.462407714557137,5,7,33,0.2348332806600656,1,1,241.56666666666663,11,True,True,False,False,False,False,0,Normal,0
230.46,19,179,1,162.53,-0.2187565014216041,3,4,26,-0.7506545769040588,1,1,2110.5666666666666,23,True,False,True,False,False,True,0,Normal,0
132.42,18,164,1,726.39,-0.5511053353549423,4,4,15,-0.8089159095196935,1,1,2158.8166666666666,10,True,False,False,False,False,True,0,Normal,0
70.23,38,260,1,11624.93,-0.7619251434160835,3,2,34,-0.8729673494203358,1,1,1223.9333333333334,22,True,False,False,False,False,False,0,Normal,0
211.91,20,181,1,927.47,-0.2816397212243727,3,10,19,-0.5356170795974433,1,1,120.55,16,True,False,True,False,False,True,0,Normal,0
327.35,20,175,1,342.08,0.0680226040741609,8,2,27,-0.212324646376658,1,0,169.95,22,False,True,False,False,False,True,1,Normal,0
48.72,21,17,1,816.08,-0.8348425589394016,3,4,21,-0.8791019833620901,1,1,96.1,41,True,True,False,False,False,True,0,Normal,0
295.82,47,46,1,5897.73,-0.0348481843895247,5,5,20,-0.1753025667590995,1,1,1821.35,6,False,True,False,True,False,False,0,Normal,0
13.92,37,209,1,2735.84,-0.9528121572755924,5,7,20,-0.9528121572755924,1,1,936.2166666666668,20,True,False,False,True,False,False,0,Normal,0
31.7,48,121,1,743.9,-0.896574560825575,2,3,27,1.2772987588147444,1,1,71.43333333333334,33,False,False,False,False,False,False,0,Normal,0
58.23,28,34,1,9189.76,-0.8026043152561495,7,3,32,1.5528276390693714,1,1,1320.4833333333331,31,True,False,True,False,False,True,0,Normal,0
120.17,49,105,1,5403.79,-0.5926319899416761,4,6,18,2.471449134190204,1,1,311.7,32,True,False,False,False,False,False,0,Normal,0
364.13,63,61,1,8198.0,0.2343755735668627,2,4,32,0.2343755735668627,1,1,936.2166666666668,13,True,False,False,False,False,False,0,Normal,0
395.77,43,118,1,6425.99,0.2912518887771539,7,3,21,0.0868920438115726,1,1,576.3,12,False,True,False,False,False,False,0,Normal,0
68.19,40,189,1,9895.1,-0.7775211174053437,7,6,45,-0.8205290148163469,1,1,359.71666666666664,14,False,False,True,False,False,False,0,Normal,0
52.2,39,120,1,8974.93,-0.8230455991057826,9,9,17,-0.8108901177013726,1,1,2018.7833333333333,1,True,False,True,True,False,False,1,Normal,0
830.01,66,96,1,4253.18,1.7080172291663347,3,5,27,2.7715298241646287,1,1,1077.8166666666666,6,False,False,True,False,True,False,0,Normal,0
28.63,56,146,1,3382.91,-0.9029462724616452,5,4,25,-0.9163012310229164,1,1,744.4166666666666,36,True,True,False,False,True,False,0,Normal,0
1432.02,60,138,1,4315.07,3.8544489749241904,3,6,23,3.941038441083752,1,1,432.7,21,True,True,False,False,True,False,0,Normal,0
10.92,67,268,1,7567.2,-0.9629819502356092,6,4,24,-0.9758936574744932,1,1,1007.9666666666668,17,True,False,False,False,True,False,0,Normal,0
535.4,23,110,1,651.84,0.8149690536542027,7,9,18,0.8149690536542027,1,1,936.2166666666668,36,True,True,False,False,False,True,0,Normal,0
195.76,75,99,1,7323.53,-0.336387106659128,4,5,22,-0.6343668273545633,1,1,237.65,30,True,True,False,False,True,False,0,Normal,0
151.14,64,38,1,2156.54,-0.4876458272844395,9,9,31,-0.5865747563144189,1,1,240.01666666666668,22,True,False,True,False,True,False,0,Normal,0
76.39,30,80,1,11584.32,-0.7410431685381832,3,5,32,-0.7410431685381832,1,1,936.2166666666668,34,True,False,True,False,False,False,0,Normal,0
0.26,20,173,1,1833.67,-0.9991186145535343,4,3,24,-0.9965964000969184,1,1,6455.766666666666,28,True,False,True,False,False,True,1,Normal,0
185.07,22,159,1,636.42,-0.3726254689066533,3,5,29,3.828962718096211,1,1,624.7166666666667,7,True,True,False,False,False,True,0,Normal,0
215.13,46,114,1,3956.69,-0.2707241434472883,5,5,22,-0.2707241434472883,1,1,936.2166666666668,5,True,False,True,True,False,False,0,Normal,0
1173.74,61,61,1,10456.24,2.829481742919036,3,6,21,4.4559568425791065,1,1,6312.7,41,False,False,True,False,False,False,4,High confidence fraud,1
1340.19,54,30,1,8654.28,3.3725468472571425,7,5,21,0.9298998452988404,1,1,96.63333333333334,2,False,False,True,True,False,False,3,High confidence fraud,1
345.94,31,163,1,7624.56,0.1727127289192962,4,3,29,-0.619715212615646,1,1,240.16666666666663,32,True,False,False,False,False,False,0,Normal,0
137.57,54,70,1,5103.67,-0.5336471907735807,5,5,25,-0.821047153403516,1,1,1511.9,21,True,False,True,True,False,False,0,Normal,0
1011.22,61,129,1,5838.91,2.427966015732548,8,7,27,2.427966015732548,1,1,936.2166666666668,40,True,True,False,False,True,False,0,Normal,0
231.51,60,96,1,5790.7,-0.2446680513765094,6,5,21,-0.771058720386208,1,1,166.51666666666668,28,False,True,False,False,True,False,0,Normal,0
1041.88,78,57,1,5726.2,2.5319012997839163,3,4,24,0.6767600352823865,1,1,215.36666666666667,17,True,False,True,False,True,False,0,Normal,0
226.37,49,141,1,9840.04,-0.2614379801016392,6,1,20,-0.7027457631244557,1,1,288.3833333333333,21,False,True,False,False,False,False,0,Normal,0
224.22,53,37,1,8400.87,-0.2399096707784384,4,3,21,-0.2399096707784384,1,1,936.2166666666668,14,True,True,False,False,False,False,0,Normal,0
71.29,68,55,2,7225.63,-0.758331816570211,4,6,19,-0.6820533374272887,1,1,238.28333333333333,6,True,False,False,False,True,False,0,Normal,0
151.82,51,105,1,2197.12,-0.4853406742135024,3,5,33,0.0275117591451269,1,0,3959.5,6,True,False,False,False,True,False,0,Normal,0
54.91,41,275,1,7927.27,-0.8208488709986753,3,5,19,-0.8208488709986753,1,1,936.2166666666668,8,False,False,False,True,False,False,0,Normal,0
166.55,59,99,1,12970.21,-0.4566086291944929,5,3,33,2.0331451095766693,1,1,3601.7166666666667,15,False,True,False,False,False,False,0,Normal,0
78.44,52,292,1,6870.84,-0.7440791389165147,4,2,27,-0.2916102204315884,1,1,3143.5666666666666,38,False,False,True,False,True,False,0,Normal,0
237.86,18,210,1,475.63,-0.1936710121202302,5,5,24,-0.1936710121202302,1,1,936.2166666666668,30,True,False,False,False,False,True,0,Normal,0
24.86,58,292,1,2591.65,-0.9157263122813992,3,3,29,-0.8954847351572994,1,1,167.08333333333334,17,True,True,False,True,False,False,0,Normal,0
54.8,34,140,1,4943.49,-0.8142317785404349,4,5,23,-0.5828258177312287,1,1,2591.366666666667,0,True,True,False,True,False,False,0,Normal,0
316.37,53,86,1,4671.69,0.0724724696434006,6,3,30,1.989134523912184,1,1,2113.3166666666666,7,True,False,False,True,False,False,0,Normal,0
192.73,71,157,1,2037.75,-0.3466585975487446,6,7,19,0.2161731517066168,1,1,1175.2833333333333,25,True,True,False,False,True,False,0,Normal,0
477.54,23,52,1,1598.63,0.5580373113168172,5,4,21,0.5580373113168172,1,1,936.2166666666668,37,False,False,False,False,False,True,0,Normal,0
36.97,41,79,1,2850.92,-0.8746742480327994,5,5,25,-0.9225823995422744,1,1,48.03333333333333,41,True,True,False,True,False,False,0,Normal,0
795.96,65,119,1,5468.58,1.6982494715414995,4,6,33,2.094050641993156,1,1,864.5166666666667,33,True,False,True,False,True,False,0,Normal,0
385.35,38,269,1,5184.13,0.306309909104046,5,3,21,-0.117835585436136,1,1,119.35,24,True,True,False,False,False,False,0,Normal,0
449.18,67,50,1,1025.99,0.5226892039833295,1,6,16,0.059499239165715,1,1,1991.7833333333333,10,True,False,True,False,True,False,0,Normal,0
275.2,54,81,1,1230.12,-0.067090989077892,4,3,27,-0.067090989077892,1,1,936.2166666666668,27,True,False,True,True,False,False,0,Normal,0
122.35,53,188,1,6472.5,-0.6008169657024189,8,3,21,-0.6008169657024189,1,1,936.2166666666668,1,False,True,False,False,True,False,0,Normal,0
122.65,28,41,1,1968.51,-0.5842249610947292,3,1,25,0.0024519819987579,1,1,3046.6,8,True,False,True,False,False,True,0,Normal,0
136.82,31,14,1,6229.13,-0.5361896390135849,1,11,31,0.1168979582294043,1,1,193.96666666666667,6,True,True,False,True,False,False,1,Normal,0
169.47,24,19,1,1806.16,-0.4255083922987389,3,7,26,-0.4255083922987389,1,1,936.2166666666668,6,True,False,True,False,False,True,0,Normal,0
301.85,54,25,1,6586.19,0.023250671716921,2,5,29,0.7811412003237082,1,1,649.55,8,True,False,True,True,False,False,0,Normal,0
241.18,25,162,1,1445.53,-0.1824164412444786,5,2,31,0.0234235762393974,1,1,1008.7666666666668,23,True,False,False,False,False,True,0,Normal,0
716.93,60,34,1,4064.02,1.3390787972134777,3,9,27,2.0186526230793573,1,1,2566.333333333333,25,False,False,True,False,True,False,0,Normal,0
305.0,22,222,1,944.83,0.0339289543249382,5,7,26,-0.1465129453096327,1,1,672.5166666666667,31,True,False,False,False,False,True,0,Normal,0
329.75,56,211,1,6009.43,0.117829746245074,5,4,29,-0.0493995143955089,1,1,1776.1833333333334,34,True,False,True,False,True,False,0,Normal,0
345.54,29,50,1,2091.78,0.1713567565246274,4,7,24,0.1713567565246274,1,1,936.2166666666668,36,True,False,True,True,False,False,0,Normal,0
1830.0,55,238,1,2235.7,5.203573708999975,4,7,18,4.296058331029524,1,1,864.4333333333333,35,True,False,True,True,False,False,2,Medium confidence / needs review,1
20.36,62,75,1,2762.48,-0.930981001721424,6,5,15,-0.9812828070444276,1,1,3480.516666666667,40,True,True,False,False,True,False,0,Normal,0
149.02,46,176,1,9379.72,-0.5138025689905097,2,3,30,-0.7964114930601419,1,1,935.55,13,False,True,False,True,False,False,0,Normal,0
635.4,47,106,1,1238.11,1.153962152321418,5,7,27,0.0838749294920509,1,1,432.3333333333333,10,True,False,False,False,False,False,0,Normal,0
238.54,19,12,4,868.91,-0.1913658590492932,6,3,16,-0.1913658590492932,1,1,936.2166666666668,16,True,False,False,False,False,True,1,Normal,0
849.76,25,269,1,373.88,1.8806277586244613,6,3,18,2.5623375427084034,1,1,3144.4,39,True,False,False,False,False,True,0,Normal,0
134.7,50,106,1,8395.85,-0.5433762927053298,4,4,27,-0.7524579605762052,1,1,119.58333333333331,13,True,False,False,False,False,False,0,Normal,0
290.02,55,246,1,4746.71,-0.0168522118554107,4,4,32,-0.2885854449176155,1,1,841.75,25,True,True,False,True,False,False,0,Normal,0
233.74,66,17,1,1066.59,-0.2373923819101592,3,5,26,-0.3820570768871341,1,1,694.8833333333333,28,False,False,True,False,True,False,0,Normal,0
173.6,21,160,1,421.44,-0.4115079773237829,5,7,24,-0.5030799866522018,1,1,839.95,2,True,False,True,False,False,True,0,Normal,0
29.22,27,69,1,7795.79,-0.9009462131795084,4,3,22,-0.9009462131795084,1,1,936.2166666666668,11,True,False,False,True,False,False,0,Normal,0
389.7,62,216,1,7125.15,0.2714477122476719,1,2,26,12.336755224614812,1,1,262.1166666666667,2,False,True,False,False,False,False,1,Normal,0
319.17,73,81,1,6501.56,0.0819642764060827,7,3,30,0.0819642764060827,1,1,936.2166666666668,40,True,False,True,False,True,False,0,Normal,0
224.28,64,68,1,5767.51,-0.2397062749192381,3,6,32,-0.2973023771115632,1,1,839.8666666666667,6,True,False,True,False,True,False,0,Normal,0
1250.94,36,107,2,11565.97,3.2406002718575966,4,8,27,3.603698579064501,1,1,312.9166666666667,8,True,False,False,False,False,False,0,Normal,0
34.74,56,24,1,6827.57,-0.8822337941330783,6,4,15,-0.9419189792487938,1,1,2830.9166666666665,37,True,False,False,False,True,False,0,Normal,0
351.38,64,21,1,7606.63,0.1911539534867928,3,8,45,-0.2315909744379219,1,1,2.0166666666666666,27,True,True,False,False,True,False,2,Medium confidence / needs review,1
233.92,26,280,1,6537.62,-0.236805108141575,7,9,26,-0.4636117227996852,1,1,2782.2166666666667,17,False,False,True,False,False,True,0,Normal,0
73.95,26,76,1,363.92,-0.7493146001456632,2,6,21,-0.8162299155919288,1,1,335.75,18,True,False,False,False,False,True,0,Normal,0
19.39,43,45,1,9847.6,-0.934269234778496,4,6,29,-0.9454544697280234,1,1,336.0,7,True,False,False,False,False,False,0,Normal,0
81.35,41,103,1,7192.45,-0.7242291108442892,4,5,33,-0.7242291108442892,1,1,936.2166666666668,15,True,False,True,True,False,False,0,Normal,0
270.54,20,139,1,269.78,-0.1173275225551439,4,2,16,2.325629965265766,1,1,1680.7166666666667,34,False,False,False,False,False,True,0,Normal,0
803.37,68,129,1,12168.37,1.6211007114158562,5,4,26,3.566029136570922,1,1,333.76666666666665,22,False,True,False,False,False,False,0,Normal,0
21.49,58,240,1,11991.24,-0.9271503797064844,5,3,24,-0.9441943780338772,0,1,408.7166666666666,10,True,False,False,False,False,False,3,High confidence fraud,1
1493.0,69,151,1,1619.16,4.0611669664914585,4,4,28,4.074994674909727,1,1,816.2333333333333,7,True,False,False,False,True,False,0,Normal,0
35.05,30,105,1,14330.47,-0.88118291552721,7,5,28,-0.9343571477959411,1,1,2689.7833333333333,4,True,True,False,False,False,False,0,Normal,0
366.93,66,33,1,6697.79,0.2438673803295448,9,5,25,-0.1860470270939507,1,0,1799.85,15,True,False,True,False,True,False,0,Normal,0
554.15,49,108,1,14817.22,0.8785302596543055,1,7,34,0.8785302596543055,1,1,936.2166666666668,33,True,False,False,False,False,False,0,Normal,0
215.9,38,235,1,7873.28,-0.2681138965875507,4,10,22,-0.2681138965875507,1,1,936.2166666666668,20,True,False,False,False,False,False,0,Normal,0
174.39,19,36,1,1127.08,-0.408829931844312,5,5,32,-0.1922649365805237,1,1,120.1,37,True,False,False,False,False,True,0,Normal,0
307.41,19,14,1,1057.0,0.0420986880028182,5,2,29,0.5752901659007912,1,0,3697.4,20,True,False,False,False,False,True,0,Normal,0
643.02,38,85,1,11989.39,1.0979376625686632,4,5,33,1.7648846133085077,1,1,2688.25,11,False,False,False,False,False,False,0,Normal,0
268.39,29,177,1,9409.43,-0.0901764190971294,3,5,25,-0.0901764190971294,1,1,936.2166666666668,35,True,False,True,False,False,False,0,Normal,0
27.07,80,39,1,3773.29,-0.9116805472063826,8,1,31,-0.899139308844818,1,1,311.43333333333334,41,False,True,False,False,True,False,2,Medium confidence / needs review,1
34.74,59,72,1,3736.57,-0.8866561594005953,9,5,19,-0.7648412592916721,1,1,1270.4,32,False,False,True,False,True,False,0,Normal,0
1049.92,80,21,1,2037.85,2.5591563449167603,3,8,27,8.53894601569704,1,1,4272.783333333334,11,True,False,False,False,True,False,2,Medium confidence / needs review,1
286.5,30,60,1,8517.95,-0.0652559150740014,8,6,26,-0.1696374223411373,1,1,0.1333333333333333,4,False,True,False,True,False,False,0,Normal,0
477.07,27,278,1,6568.07,0.617234379201616,6,6,28,0.4312500737083135,1,1,839.5333333333333,8,True,False,True,True,False,False,0,Normal,0
77.57,49,225,1,12801.93,-0.73704304997391,8,4,31,-0.7828883818568309,1,1,384.53333333333336,1,True,False,True,False,False,False,0,Normal,0
581.65,22,176,1,480.19,0.9717533617877898,2,4,30,0.9717533617877898,1,1,936.2166666666668,4,True,False,False,False,False,True,0,Normal,0
85.01,25,157,1,1299.4,-0.7226436463631872,3,6,33,-0.8538468136270149,1,1,337.68333333333334,32,False,False,False,False,False,True,0,Normal,0
85.43,67,145,1,14904.9,-0.7103981924186668,5,3,25,-0.7437074348432261,1,1,3238.1666666666665,41,True,True,False,False,False,False,0,Normal,0
5.29,52,276,1,11263.89,-0.9820672616905732,4,5,29,-0.9820672616905732,1,1,936.2166666666668,16,True,False,True,False,False,False,0,Normal,0
133.73,25,123,1,1872.22,-0.5636882129996996,2,6,32,24.2797685671515,1,1,1653.5,38,False,False,True,False,False,True,2,Medium confidence / needs review,1
408.62,48,159,1,2498.48,0.3331767105899787,4,4,25,4.878578551595764,1,1,145.33333333333334,13,False,False,True,True,False,False,0,Normal,0
356.56,47,52,1,2485.73,0.2087137959977545,4,3,29,0.9532539572351147,1,1,3359.7,27,True,False,True,True,False,False,0,Normal,0
14.34,67,24,1,7932.51,-0.9532138531734844,2,4,31,-0.9365627032224608,1,1,192.46666666666667,22,False,False,True,False,True,False,0,Normal,0
261.69,53,84,1,5126.65,-0.1128889567078327,3,2,29,0.4244888604497961,1,1,983.6333333333332,30,True,False,False,False,True,False,0,Normal,0
55.32,19,117,1,241.79,-0.8124690144273654,2,10,30,-0.8124690144273654,1,1,936.2166666666668,40,True,False,False,False,False,True,0,Normal,0
185.97,23,19,1,1776.91,-0.3695745310186483,2,6,20,-0.3695745310186483,1,1,936.2166666666668,10,True,False,True,False,False,True,0,Normal,0
692.55,53,109,1,2451.56,1.3476967082097318,4,6,27,2.7239877253106,1,1,264.45,5,True,True,False,False,True,False,0,Normal,0
85.03,51,48,1,4597.57,-0.7117541648133356,3,4,22,-0.8064244392696253,1,1,816.0166666666667,36,True,False,False,False,True,False,0,Normal,0
287.05,22,212,1,1204.65,-0.0269203068858269,5,3,27,-0.1062736751400331,1,1,95.13333333333334,25,True,False,False,False,False,True,0,Normal,0
409.61,65,89,1,11698.15,0.3885496348407124,5,7,20,0.3885496348407124,1,1,936.2166666666668,18,True,True,False,False,False,False,0,Normal,0
761.73,19,27,1,151.28,1.5822121338677118,5,5,19,0.8596469791761749,1,1,1129.1666666666667,8,True,False,False,False,False,True,0,Normal,0
113.54,38,273,1,5581.21,-0.6151072323833124,4,4,25,-0.8061365601684625,1,0,263.45,8,True,False,True,True,False,False,0,Normal,0
88.42,62,91,1,12381.45,-0.700262298768517,7,4,28,-0.7935527034581765,1,1,623.7666666666667,12,True,False,False,False,False,False,0,Normal,0
211.36,51,286,1,7943.47,-0.3104100871374756,5,5,20,-0.3843734060019707,1,1,815.9166666666666,13,False,True,False,True,False,False,0,Normal,0
54.61,58,160,1,7135.64,-0.8148758654279026,6,4,24,-0.8276917419897903,1,1,311.78333333333336,25,True,False,False,True,False,False,0,Normal,0
301.56,49,118,1,10389.6,0.022267591730786,5,6,26,0.022267591730786,1,1,936.2166666666668,39,True,True,False,False,False,False,0,Normal,0
85.73,41,266,1,14928.35,-0.7093812131226651,6,8,29,-0.7157116304691881,1,1,478.3833333333333,41,True,False,False,False,False,False,0,Normal,0
241.42,57,116,1,13357.02,-0.2123353677838952,5,7,24,0.2467143471470248,1,1,1202.8,5,False,False,True,False,False,False,0,Normal,0
730.1,77,93,1,6384.05,1.3820476612815635,7,7,24,2.4838001503850733,1,1,2303.116666666667,6,False,True,False,False,True,False,0,Normal,0
183.22,27,63,1,1024.42,-0.3788968412319968,6,8,25,-0.4606457107008464,1,1,1728.6,25,True,False,False,False,False,True,0,Normal,0
202.55,21,34,2,701.73,-0.313369475259624,4,5,25,-0.3432358632995601,1,1,960.15,9,True,False,False,False,False,True,0,Normal,0
80.97,38,157,1,5926.31,-0.7255172846192246,6,8,45,-0.7255172846192246,1,1,936.2166666666668,39,True,False,True,False,False,False,1,Normal,0
213.76,78,282,1,3528.72,-0.3025797702230182,7,3,30,1.6399900995431629,1,1,1224.4166666666667,9,False,False,False,False,True,False,0,Normal,0
248.66,28,113,1,2571.39,-0.1570597574641709,8,5,27,-0.1570597574641709,1,1,936.2166666666668,6,True,False,True,True,False,False,0,Normal,0
613.7,61,37,1,7307.11,1.002277290930374,8,4,23,1.46802862757167,1,1,455.78333333333336,13,False,True,False,False,True,False,0,Normal,0
358.18,18,157,1,619.86,0.2142054841961634,3,4,33,-0.1693028429674316,1,1,1127.1833333333334,4,True,False,False,False,False,True,0,Normal,0
303.43,22,30,1,1833.24,0.0286067626758629,2,13,25,-0.2541907673959293,1,1,1368.8,41,True,True,False,False,False,True,1,Normal,0
11.02,42,42,1,7879.66,-0.962642957136942,4,8,32,-0.9710755435577458,1,1,1320.2833333333333,2,True,False,True,False,False,False,0,Normal,0
21.4,34,258,1,9594.11,-0.927455473495285,3,5,19,-0.930292702459649,1,1,3550.3,14,True,True,False,True,False,False,0,Normal,0
77.54,67,73,1,4536.38,-0.73714474790351,3,3,21,-0.73714474790351,1,1,936.2166666666668,31,True,False,True,False,True,False,0,Normal,0
162.65,59,147,1,9500.95,-0.448627721627843,2,6,30,1.097627017054075,1,1,2376.05,27,True,False,False,True,False,False,0,Normal,0
578.49,59,180,1,6475.13,0.961041179869906,3,6,24,3.81693656008213,1,1,3792.516666666667,26,True,True,False,False,True,False,0,Normal,0
100.38,63,49,1,10171.68,-0.6597187241679181,9,5,30,-0.6321639689543023,1,1,1008.0833333333334,39,True,True,False,False,False,False,0,Normal,0
55.86,39,68,1,5346.46,-0.8106384516945624,7,13,29,-0.8106384516945624,1,1,936.2166666666668,39,True,False,True,True,False,False,2,Medium confidence / needs review,1
23.4,46,175,4,14851.28,-0.9206756115219408,6,4,19,-0.5810955857304765,1,1,385.15,12,True,False,False,False,False,False,1,Normal,0
819.48,25,26,1,1804.5,1.7779806483480285,4,4,31,19.678273538272183,1,1,5734.0,41,True,False,False,False,False,True,3,High confidence fraud,1
292.08,72,32,1,7950.48,-0.009868954022866,6,6,25,-0.025035048985129,1,1,2041.6666666666667,8,True,False,False,False,True,False,0,Normal,0
178.91,18,19,1,8870.89,-0.3935074437845537,4,8,22,-0.3935074437845537,1,1,936.2166666666668,29,True,False,False,False,False,True,0,Normal,0
54.1,28,17,1,940.91,-0.8234916029573047,4,5,25,-0.6976133212363014,1,1,1561.1666666666667,4,False,True,False,True,False,False,0,Normal,0
19.48,27,114,1,4739.59,-0.9339641409896954,7,6,31,-0.8327968685224079,1,1,1246.2333333333331,9,True,False,False,True,False,False,0,Normal,0
476.03,77,99,1,5958.34,0.5531107369248042,4,4,26,4.656025925905667,1,1,1272.1833333333334,15,False,True,False,False,True,False,0,Normal,0
220.23,41,48,1,3438.02,-0.2534354954152604,9,6,27,0.2091912358799141,1,1,410.3833333333333,25,True,False,False,True,False,False,0,Normal,0
56.94,76,74,1,7004.63,-0.8142257279418633,2,4,24,-0.6999209449279529,1,1,2014.2833333333333,5,False,False,True,False,True,False,0,Normal,0
175.05,39,34,1,1447.35,-0.4065925773931083,4,3,32,-0.4065925773931083,1,1,936.2166666666668,37,True,False,True,True,False,False,0,Normal,0
73.55,51,158,1,2812.06,-0.750670572540332,5,4,21,-0.5798343297353081,1,1,167.06666666666666,1,True,False,False,True,False,False,0,Normal,0
106.43,52,164,1,9403.12,-0.6527580679016538,5,8,21,-0.1437650833164515,1,1,2353.383333333333,31,False,False,False,True,False,False,0,Normal,0
125.0,49,177,1,3215.76,-0.5921709907760387,5,6,26,0.0562487672344693,1,1,1174.7833333333333,16,False,False,True,True,False,False,0,Normal,0
77.53,54,55,1,5158.6,-0.7371786472133769,3,4,27,-0.353957041401937,1,1,1201.6833333333334,21,True,True,False,False,True,False,0,Normal,0
643.03,36,52,1,2882.16,1.09797028888914,6,8,31,4.766464552994613,1,1,166.38333333333333,17,False,False,True,True,False,False,0,Normal,0
319.27,50,150,1,10269.78,0.0823032695047498,6,5,27,0.5955655106461045,1,1,144.51666666666668,35,True,False,False,False,False,False,0,Normal,0
539.81,46,177,1,2051.25,0.8299186493054268,3,5,29,0.8299186493054268,1,1,936.2166666666668,37,True,False,True,True,False,False,0,Normal,0
5.64,59,47,1,12703.24,-0.980880785845238,2,8,29,-0.9895518775318132,1,1,360.7166666666666,4,True,False,True,False,False,False,0,Normal,0
505.14,68,179,1,2525.47,0.7123897419975033,5,6,27,0.7123897419975033,1,1,936.2166666666668,32,True,False,False,False,True,False,0,Normal,0
710.14,26,227,1,465.63,1.4073255942652951,5,5,27,0.4058280864595397,1,1,1534.7833333333333,12,True,False,False,False,False,True,0,Normal,0
425.91,23,47,1,383.58,0.4438055099234685,3,6,31,-0.2990751097704642,1,1,384.23333333333335,17,True,False,False,False,False,True,0,Normal,0
137.35,40,220,1,12662.66,-0.5518774849870595,5,3,33,-0.7489321758926166,1,1,121.63333333333334,34,False,False,True,False,False,False,0,Normal,0
14.09,70,81,1,5112.21,-0.9522358690078584,6,3,32,-0.9683110844438448,1,1,310.28333333333336,36,True,False,False,False,False,False,0,Normal,0
34.67,19,71,1,888.6,-0.8824710893021454,7,2,16,-0.9032985030282364,1,1,336.0833333333333,6,True,False,True,False,False,True,0,Normal,0
1397.59,26,144,1,1134.79,3.559821926794584,3,3,22,3.5890329877227614,1,1,4848.9,2,False,False,False,False,False,True,4,High confidence fraud,1
218.37,62,105,1,9942.24,-0.2597407670504705,3,10,19,-0.2597407670504705,1,1,936.2166666666668,15,True,False,False,False,False,False,0,Normal,0
83.95,75,170,1,7413.18,-0.7154152902789417,4,7,32,-0.6155607427047638,1,1,215.81666666666663,27,True,False,True,False,True,False,0,Normal,0
586.85,36,86,1,6655.15,0.9893810029184852,7,5,33,2.882310115888396,1,1,1488.6833333333334,23,True,False,False,False,False,False,0,Normal,0
206.25,74,56,1,3651.07,-0.300826730608937,5,6,27,-0.304126319025182,1,1,1175.4166666666667,3,True,False,False,False,True,False,0,Normal,0
423.96,43,75,1,8374.38,0.4371951444994577,6,2,21,0.4371951444994577,1,1,936.2166666666668,36,True,False,False,False,False,False,0,Normal,0
168.54,70,142,2,13406.0,-0.428661028116344,2,1,29,-0.6024624950408942,1,1,69.38333333333334,28,True,False,False,False,False,False,0,Normal,0
720.13,22,96,1,387.02,1.349519219766088,4,6,20,1.4308185605710766,1,1,289.75,29,False,False,False,False,False,True,0,Normal,0
386.81,57,149,1,7175.29,0.2620187056298459,5,4,25,-0.1159504198838582,1,1,408.06666666666666,11,False,False,True,False,False,False,0,Normal,0
199.37,24,79,1,1331.3,-0.3241494557972414,8,5,22,-0.5307395364808654,1,1,2831.616666666667,6,True,False,True,False,False,True,0,Normal,0
197.49,53,30,1,5005.33,-0.3556627936389447,8,4,29,-0.4799637655163924,1,1,94.95,14,False,False,True,False,True,False,0,Normal,0
273.92,79,109,1,4543.56,-0.0714301007408322,4,6,24,-0.2159900771378427,1,1,25.23333333333333,32,True,True,False,False,True,False,0,Normal,0
344.87,58,25,1,7447.44,0.169085502763557,5,5,24,0.0185088303492662,1,1,1320.15,15,True,True,False,False,True,False,0,Normal,0
147.74,23,15,1,1711.78,-0.4991715926391248,2,3,21,-0.5646847785828543,1,1,190.88333333333333,33,True,True,False,False,False,True,0,Normal,0
288.28,27,36,1,160.83,-0.0227506917722202,3,3,25,-0.0227506917722202,1,1,936.2166666666668,32,True,False,True,False,False,True,0,Normal,0
88.29,50,287,1,5245.93,-0.7119422132467619,6,4,25,-0.6937352549821865,1,1,71.58333333333333,15,False,False,True,True,False,False,0,Normal,0
524.6,58,76,1,13017.7,0.7783577989981435,4,5,31,1.7862017591087889,1,1,1848.85,12,True,True,False,False,False,False,0,Normal,0
208.07,32,36,1,8478.9,-0.2946570562131937,3,3,29,-0.3073337983710051,1,1,2255.233333333333,28,True,False,True,False,False,False,0,Normal,0
222.39,49,73,1,3117.39,-0.2461132444840485,6,6,30,-0.1980455079223775,1,1,1055.6833333333334,41,True,False,True,True,False,False,0,Normal,0
235.4,28,70,1,818.36,-0.2020102423474437,5,5,31,-0.1161208439426834,1,1,816.5,11,True,True,False,False,False,True,0,Normal,0
332.15,59,105,1,9749.46,0.1259655806130871,4,3,26,0.2717688866003755,1,1,480.1666666666667,9,True,False,False,False,False,False,0,Normal,0
50.99,29,76,1,1334.6,-0.8271474155996558,5,10,26,-0.8120609917520051,1,0,359.55,11,True,True,False,False,False,False,0,Normal,0
879.25,24,137,1,125.85,1.8686692311946216,7,7,21,2.606865031840855,1,1,168.98333333333332,22,False,False,True,False,False,True,0,Normal,0
130.93,28,149,1,860.12,-0.5728235827332333,4,5,24,-0.5728235827332333,1,1,936.2166666666668,15,False,True,False,True,False,False,0,Normal,0
23.24,68,129,1,13777.79,-0.921218000479808,3,7,27,-0.8225005665431867,1,1,1535.8166666666666,16,True,True,False,False,False,False,0,Normal,0
10.94,60,245,1,1241.99,-0.9643068021356324,6,5,22,-0.8580787331117763,1,1,4632.716666666666,30,False,False,False,True,False,False,0,Normal,0
220.82,42,31,1,4298.13,-0.2514354361331238,4,4,22,3.012234213332308,1,1,1607.1,21,True,True,False,True,False,False,0,Normal,0
245.67,24,107,1,752.25,-0.19846918158121,5,4,30,-0.19846918158121,1,1,936.2166666666668,32,False,True,False,False,False,True,0,Normal,0
447.95,29,75,1,7544.4,0.5185195888697227,5,6,31,0.8233809548443809,1,1,214.86666666666667,40,True,True,False,True,False,False,0,Normal,0
11.46,41,128,1,2356.71,-0.9626102334708334,9,3,22,-0.9669559673395924,1,1,791.4333333333333,37,False,False,True,True,False,False,0,Normal,0
240.03,33,31,1,7807.73,-0.1863148618791516,2,7,13,0.0212883643503361,1,1,336.53333333333336,1,True,False,True,True,False,False,1,Normal,0
88.06,18,288,1,1779.85,-0.7126926186177308,7,3,22,-0.6273026393655653,1,1,5808.466666666666,33,False,False,True,False,False,True,3,High confidence fraud,1
110.08,19,95,1,1447.26,-0.6268363935971982,8,8,27,-0.4672706308387263,1,1,575.3666666666667,11,True,True,False,False,False,True,0,Normal,0
255.04,45,152,1,6217.86,-0.1354319977692026,3,6,27,0.338499888886071,1,1,71.0,39,True,False,False,True,False,False,0,Normal,0
49.59,48,147,1,6037.03,-0.8318933189809968,2,2,22,-0.8318933189809968,1,1,936.2166666666668,4,True,True,False,True,False,False,0,Normal,0
106.23,51,86,1,9095.14,-0.6534105943111919,6,5,22,-0.6534105943111919,1,1,936.2166666666668,11,False,True,False,True,False,False,0,Normal,0
39.66,52,169,1,8497.34,-0.8655553336786513,3,13,21,-0.6266591299382555,1,1,1391.2833333333333,41,True,True,False,True,False,False,2,Medium confidence / needs review,1
61.98,49,44,1,5212.28,-0.7898920740561289,6,5,31,-0.7898920740561289,1,1,936.2166666666668,10,True,False,True,True,False,False,0,Normal,0
684.96,21,31,1,526.67,1.3219671320208903,6,5,32,10.051306711014735,1,1,142.01666666666668,23,True,False,False,False,False,True,0,Normal,0
642.68,50,94,1,8461.46,1.1786408499043914,6,4,21,0.720834335499948,1,1,936.6333333333332,14,True,True,False,False,False,False,0,Normal,0
739.28,58,47,1,11905.64,1.4119986234793636,2,5,45,0.5960046618586275,1,1,2927.8166666666666,40,False,True,False,False,False,False,3,High confidence fraud,1
78.62,32,52,1,1360.85,-0.7334836224379042,3,2,27,-0.85228051885522,1,1,1008.0,28,True,True,False,False,False,False,0,Normal,0
886.19,61,69,1,7904.24,2.004122944468928,5,5,23,1.007207180439572,1,1,504.76666666666665,7,True,True,False,False,True,False,0,Normal,0
132.33,35,47,1,7457.94,-0.5682558978664664,1,4,31,-0.7433566803416802,1,1,1943.0,31,False,False,False,True,False,False,0,Normal,0
654.49,25,104,1,164.61,1.1353600521556748,6,5,30,0.4201404809174767,1,1,239.9833333333333,2,False,False,True,False,False,True,0,Normal,0
31.39,20,15,1,998.49,-0.8935900629384301,8,3,32,-0.8935900629384301,1,1,936.2166666666668,40,True,False,False,False,False,True,0,Normal,0
333.67,36,68,1,9238.08,0.1311182757128289,4,2,23,9.62981810672768,1,1,4273.0,13,True,False,True,True,False,False,0,Normal,0
12.11,75,127,1,1730.28,-0.9589479323614692,4,5,31,-0.9336547365712228,1,1,3814.133333333333,17,True,True,False,False,True,False,0,Normal,0
61.4,41,20,2,7892.87,-0.7918582340283987,6,5,24,-0.7918582340283987,1,1,936.2166666666668,38,True,True,False,True,False,False,0,Normal,0
355.0,26,33,1,185.47,0.1582343801928069,4,5,24,4.781758879775914,1,1,5064.083333333333,13,False,False,True,False,False,True,0,Normal,0
10.15,59,58,5,7155.04,-0.9655921970953468,8,2,31,-0.9655921970953468,1,1,936.2166666666668,2,True,False,False,False,False,False,2,Medium confidence / needs review,1
119.61,33,53,1,9899.94,-0.5945303512942125,5,3,23,10.784235390715724,1,1,455.5,36,True,False,False,False,False,False,1,Normal,0
102.34,51,78,1,9326.28,-0.6530744594340406,6,6,21,0.5773736039245747,1,1,1559.9666666666667,35,True,False,True,False,False,False,0,Normal,0
510.7,27,294,1,5828.48,0.6662261900182385,3,5,26,5.601033964657035,1,1,480.26666666666665,26,False,False,True,False,False,True,0,Normal,0
263.92,57,233,1,4161.71,-0.1389261467108559,1,4,27,0.4212170144253259,1,0,1177.35,36,False,True,False,False,True,False,2,Medium confidence / needs review,1
18.35,21,78,1,1293.39,-0.9377947630046348,4,6,22,-0.9088624398598296,1,0,1294.7333333333331,26,True,True,False,False,False,True,0,Normal,0
345.86,51,145,1,1504.64,0.1724415344403625,2,4,15,1.0244080832075386,1,1,1512.0166666666669,29,True,False,False,False,True,False,0,Normal,0
50.83,30,48,1,9553.42,-0.8341604097532531,4,7,21,-0.7404608512591992,1,1,671.4166666666666,30,False,False,True,False,False,False,0,Normal,0
163.22,26,217,1,1788.27,-0.4466954609654399,6,7,25,-0.4466954609654399,1,1,936.2166666666668,24,True,False,True,False,False,True,0,Normal,0
2.51,63,32,1,4891.56,-0.991491269833522,4,4,25,-0.984621976567688,1,1,261.96666666666664,3,True,False,True,False,True,False,0,Normal,0
154.71,34,157,1,1523.72,-0.4755437736620199,5,5,26,0.867012600410154,1,1,1848.6,36,True,False,True,False,False,False,0,Normal,0
241.45,26,158,1,1594.04,-0.1815011598780772,3,9,45,1.260485570523478,1,1,503.3666666666667,32,True,False,True,False,False,True,1,Normal,0
152.42,42,176,1,9141.79,-0.4833067156214992,5,2,27,0.0850522338176351,1,1,2184.7166666666667,38,True,False,False,False,False,False,0,Normal,0
126.81,26,290,1,5427.98,-0.570122848190173,4,4,25,-0.1123601789673938,1,1,168.21666666666667,30,True,True,False,True,False,False,0,Normal,0
211.7,50,205,1,12272.78,-0.3093007922412609,2,5,29,0.5101293477021398,1,1,336.0,6,False,False,True,False,False,False,0,Normal,0
148.26,25,57,1,958.7,-0.4974088285260553,4,4,25,-0.4974088285260553,1,1,936.2166666666668,29,True,False,False,False,False,True,0,Normal,0
61.97,74,95,1,7014.69,-0.7899259733659956,3,5,22,-0.5820180724266959,1,1,337.2,31,True,False,False,False,True,False,0,Normal,0
780.59,23,145,1,6513.34,1.5467779533694637,9,3,27,6.426057114340893,1,1,887.2166666666667,40,False,False,True,False,False,True,1,Normal,0
398.7,47,276,1,7987.74,0.3515654877761191,3,5,16,0.2071819294911831,1,1,1462.0666666666666,0,True,False,False,False,False,False,0,Normal,0
66.65,37,33,1,3559.96,-0.7740610963483698,3,7,29,-0.8081351810463033,1,1,1200.9333333333334,11,True,False,False,True,False,False,0,Normal,0
504.12,25,101,1,1107.28,0.6447580711444342,5,3,21,0.6447580711444342,1,1,936.2166666666668,3,False,True,False,False,False,True,0,Normal,0
25.58,60,166,1,6741.41,-0.9132855619709952,5,4,26,-0.949258111264663,1,1,5182.966666666666,29,True,False,False,True,False,False,0,Normal,0
189.08,68,238,1,10790.8,-0.3590318456500979,4,5,26,-0.3590318456500979,1,1,936.2166666666668,24,True,True,False,False,False,False,0,Normal,0
73.88,53,131,1,4055.55,-0.7495518953147302,4,6,30,-0.6092659159653803,1,1,1345.4833333333331,20,True,True,False,False,True,False,0,Normal,0
386.52,48,28,1,5630.61,0.3102761283584522,4,7,29,1.9397626867982756,1,1,766.6,16,True,True,False,True,False,False,0,Normal,0
447.83,53,88,1,13273.08,0.4611045131799284,2,4,26,1.0685625374057897,1,1,1608.0666666666666,1,False,True,False,False,False,False,0,Normal,0
281.47,34,142,1,4437.48,-0.0458361217914574,7,4,25,0.0260363980059004,1,1,72.66666666666667,30,True,False,False,True,False,False,0,Normal,0
133.56,25,177,1,783.83,-0.547240814030136,4,4,27,-0.547240814030136,1,1,936.2166666666668,1,True,False,True,False,False,True,0,Normal,0
335.48,45,155,1,3023.16,0.1372540507987056,7,5,26,1.511829877868899,1,1,885.3833333333333,28,True,True,False,True,False,False,0,Normal,0
125.83,57,138,1,6109.86,-0.5734449805571118,5,7,32,-0.4634572724566891,1,1,2113.133333333333,20,True,False,False,False,True,False,0,Normal,0
97.73,69,156,1,7885.21,-0.6687020412825992,7,4,27,-0.5071360103528366,1,1,0.6833333333333333,34,True,True,False,False,False,False,0,Normal,0
29.91,76,43,3,2834.84,-0.9024146721909412,6,2,21,-0.8272595967238834,1,1,1510.5166666666669,30,False,False,True,False,True,False,1,Normal,0
132.48,36,101,1,9313.05,-0.550901939495742,5,6,29,-0.0831960797553247,1,1,218.2,5,True,True,False,True,False,False,0,Normal,0
518.85,22,82,1,1806.0,0.7588656958247787,4,2,31,2.641095198953706,1,1,1799.9833333333331,18,True,False,True,False,False,True,0,Normal,0
469.13,54,139,1,1265.28,0.5305985757957389,7,5,30,1.3903147311679644,1,1,1007.2666666666668,35,False,False,False,False,False,False,0,Normal,0
515.57,27,56,1,9269.67,0.7477467221884941,4,6,19,0.7477467221884941,1,1,936.2166666666668,8,True,False,False,True,False,False,0,Normal,0
217.61,19,45,1,1404.53,-0.2623171146003413,6,6,31,-0.5779234622303016,1,1,1752.1666666666667,6,True,False,False,False,False,True,0,Normal,0
97.63,48,127,1,12467.31,-0.6814692299213314,5,9,18,-0.7336806766859961,1,1,1438.4833333333331,25,False,False,True,False,False,False,0,Normal,0
377.12,34,61,1,836.67,0.2784107770837341,7,5,24,0.3617553940308058,1,1,2185.116666666667,15,True,False,False,True,False,False,0,Normal,0
194.85,23,130,4,319.84,-0.3394719438569996,2,3,28,-0.3547639338214502,1,1,695.6333333333333,17,True,False,True,False,False,True,0,Normal,0
35.98,40,133,1,11147.34,-0.8826104956614589,1,2,31,-0.8826104956614589,1,1,936.2166666666668,26,False,True,False,False,False,False,0,Normal,0
1135.8,30,250,1,13534.3,2.850283618052164,7,4,31,30.56753667127469,1,1,479.81666666666666,36,True,False,False,False,False,False,4,High confidence fraud,1
270.72,26,53,1,6263.96,-0.1167402487865595,2,3,27,-0.1167402487865595,1,1,936.2166666666668,42,False,False,True,True,False,False,0,Normal,0
50.75,62,185,1,8271.47,-0.8279609990364571,4,6,27,-0.8125369355328866,1,1,1008.2166666666668,4,True,False,False,False,False,False,0,Normal,0
67.15,59,14,1,9028.49,-0.7723661308550338,4,4,32,-0.5822316198573327,1,1,2351.05,16,True,False,True,False,False,False,0,Normal,0
366.21,62,181,1,10862.99,0.2414266300191407,4,4,27,0.2414266300191407,1,1,936.2166666666668,28,True,False,False,False,False,False,0,Normal,0
1416.69,46,58,1,3740.73,3.8024813328985054,3,9,32,2.868518055573256,1,1,95.05,26,True,False,False,True,False,False,1,Normal,0
757.41,22,37,1,9532.42,1.5675676320052878,6,6,26,-0.150361769981085,1,1,2615.516666666667,20,True,False,False,False,False,True,0,Normal,0
319.5,29,69,1,2366.3,0.0424109424997894,4,6,23,-0.6226838449370149,1,1,839.5333333333333,41,False,True,False,True,False,False,0,Normal,0
8.98,66,56,1,4516.76,-0.969558416349753,2,5,21,-0.9874397236355704,1,1,1752.0666666666666,11,True,False,True,False,True,False,0,Normal,0
1092.73,58,11,1,1390.98,2.7042792904561948,3,5,29,2.7042792904561948,1,1,936.2166666666668,8,True,True,False,False,True,False,0,Normal,0
69.43,30,162,1,9281.85,-0.7646370882054213,3,3,26,-0.936461888173234,1,1,336.2333333333333,19,True,False,False,True,False,False,0,Normal,0
230.66,21,135,1,618.05,-0.2180785152242697,4,3,24,-0.6030494930077623,1,1,1176.6333333333334,15,True,True,False,False,False,True,0,Normal,0
453.54,58,82,1,12046.3,0.5374693030852202,6,5,23,-0.0231185651632258,1,1,550.3333333333334,0,True,False,False,False,False,False,0,Normal,0
35.73,65,87,1,9073.17,-0.8788777624562729,4,5,33,-0.922593641711056,1,1,1296.2,24,True,True,False,False,False,False,0,Normal,0
336.01,63,121,4,9938.2,0.1390507142216417,5,5,24,-0.1073487449926711,1,1,3601.95,7,True,False,True,False,False,False,1,Normal,0
199.02,22,185,1,793.63,-0.3253359316425767,4,5,23,-0.3253359316425767,1,1,936.2166666666668,22,True,False,False,False,False,True,0,Normal,0
470.62,57,127,1,12470.62,0.5953693243375806,4,6,31,1.3646869592770228,1,1,672.2666666666667,40,True,True,False,False,False,False,0,Normal,0
992.17,43,169,1,6215.96,2.363387830436442,3,7,29,1.9632937041894336,1,1,0.5166666666666667,35,True,False,False,False,False,False,0,Normal,0
195.8,39,186,1,12027.68,-0.336251509419661,3,6,27,-0.6465299872190021,1,1,23.23333333333333,33,True,False,True,False,False,False,0,Normal,0
17.78,52,59,1,7599.52,-0.9419903989294286,3,5,24,-0.961714243653481,0,1,335.15,0,False,False,True,True,False,False,4,High confidence fraud,1
122.63,21,153,1,359.06,-0.5842927597144627,6,4,25,-0.6730546695005981,1,1,889.8833333333333,25,True,True,False,False,False,True,0,Normal,0
32.54,25,183,4,1544.88,-0.8896916423037571,6,4,17,-0.9022832577182912,1,1,1797.7666666666669,28,True,False,True,False,False,True,1,Normal,0
301.47,21,291,1,560.73,0.0219624979419856,3,4,26,0.0219624979419856,1,1,936.2166666666668,7,True,True,False,False,False,True,0,Normal,0
168.11,51,12,1,10652.13,-0.4515189232000955,5,8,32,-0.4423657397340839,1,1,2712.516666666667,27,False,False,True,False,False,False,0,Normal,0
382.07,62,147,1,10156.09,0.2465538297237923,1,5,31,0.6272839532037822,1,1,409.06666666666666,29,False,True,False,False,False,False,0,Normal,0
305.18,58,216,1,4474.2,0.0345391419025392,2,5,33,0.0750190803439706,1,1,0.0,6,True,False,True,False,True,False,0,Normal,0
613.21,61,157,1,3279.12,1.0787395837271632,5,3,22,1.0787395837271632,1,1,936.2166666666668,40,True,False,False,False,True,False,0,Normal,0
227.22,53,220,1,832.82,-0.2297398778184219,3,5,27,-0.6294580965257284,1,1,289.1166666666667,12,True,False,False,False,False,False,0,Normal,0
99.52,52,127,1,3798.09,-0.6626340648164563,4,3,22,-0.7631688522228649,1,1,334.95,36,True,False,False,True,False,False,0,Normal,0
29.92,68,63,1,7855.01,-0.902382045870464,4,4,19,-0.904505555919446,1,1,6382.6,10,False,False,True,False,False,False,0,Normal,0
381.62,64,164,1,6009.12,0.2936654665237588,8,2,26,0.2936654665237588,1,1,936.2166666666668,19,True,False,True,False,True,False,0,Normal,0
95.78,22,27,1,271.64,-0.67531240670661,7,6,24,-0.7490173451364779,1,1,1320.4833333333331,1,True,False,True,False,False,True,0,Normal,0
427.83,47,29,1,3293.06,0.450314177417879,2,6,34,0.7923334696592649,1,1,1151.8833333333334,31,True,False,False,True,False,False,0,Normal,0
84.34,58,248,3,5313.97,-0.7140932171941394,6,13,25,-0.720490922570537,1,1,695.4166666666666,22,True,False,True,False,True,False,1,Normal,0
89.5,41,134,1,8658.95,-0.7079944284690562,5,10,22,-0.6382267019484152,1,1,1775.9166666666667,21,False,True,False,True,False,False,0,Normal,0
256.34,69,99,1,7471.63,-0.1310250874865289,6,6,27,0.1877820707285807,1,1,0.3333333333333333,18,True,True,False,False,True,False,0,Normal,0
1116.48,51,55,1,447.53,2.7847901513896587,3,6,27,4.016347021440546,1,1,673.0333333333333,36,True,False,False,True,False,False,0,Normal,0
7.82,36,273,1,2240.49,-0.9734907362942928,4,4,24,-0.9734907362942928,1,1,936.2166666666668,4,True,False,False,True,False,False,0,Normal,0
371.86,46,91,1,1329.45,0.2605797400938385,3,4,24,46.55242371452382,1,1,1007.5333333333332,24,True,False,False,False,False,False,3,High confidence fraud,1
143.03,63,147,1,7981.45,-0.5151381675863507,7,6,23,-0.2465760627550776,1,1,3863.15,35,True,False,False,False,True,False,0,Normal,0
12.94,23,158,1,921.23,-0.9561342896425312,3,2,22,-0.9257331928273812,1,1,672.5166666666667,14,True,True,False,False,False,True,0,Normal,0
333.78,60,98,1,6810.94,0.1314911681213627,7,11,27,1.4925230916268228,1,1,2256.75,36,True,False,False,False,True,False,0,Normal,0
607.28,32,84,1,9679.68,1.0586372929761971,6,7,22,1.0586372929761971,1,1,936.2166666666668,3,True,False,False,False,False,False,0,Normal,0
91.5,47,77,1,667.66,-0.6898213113295668,5,1,27,-0.849328150360084,1,1,1511.65,29,True,False,False,False,False,False,0,Normal,0
148.77,67,175,1,2138.42,-0.4956799637228525,4,3,22,-0.5742007482349215,1,1,73.9,38,True,True,False,False,True,False,0,Normal,0
320.93,55,178,1,9451.66,0.0879305549426257,5,5,45,0.1359683789653648,1,1,2013.75,1,True,False,True,True,False,False,0,Normal,0
381.52,36,79,1,5798.92,0.2933264734250915,1,5,27,0.306038613220462,1,1,3624.616666666667,39,True,False,True,False,False,False,0,Normal,0
207.2,60,133,1,8092.94,-0.2976062961715985,4,4,33,-0.3316129021560874,1,1,1007.5,8,True,False,True,True,False,False,0,Normal,0
148.13,58,56,1,2189.38,-0.4978495195543227,8,4,31,-0.4978495195543227,1,1,936.2166666666668,31,True,True,False,False,True,False,0,Normal,0
261.14,42,162,1,6100.08,-0.1147534187505025,5,7,26,0.7629109514419027,1,1,1418.1666666666667,35,True,False,False,True,False,False,0,Normal,0
1271.9,47,155,1,2120.8,3.311653225338245,4,5,24,5.215456763430222,1,1,2517.983333333333,15,True,False,False,True,False,False,0,Normal,0
236.81,22,15,1,813.68,-0.197230439656236,5,1,33,-0.5774192962447237,1,1,1416.2666666666669,28,True,True,False,False,False,True,0,Normal,0
237.06,71,46,1,1182.77,-0.1963829569095679,3,5,24,-0.5056048540535254,1,0,1271.8,31,True,False,True,False,True,False,0,Normal,0
150.6,69,59,1,3240.14,-0.4894763900172425,4,5,19,-0.4894763900172425,1,1,936.2166666666668,24,True,False,False,False,True,False,0,Normal,0
481.53,58,277,1,6142.54,0.6323534714021737,9,7,25,2.1974103439746986,1,1,3551.633333333333,1,True,True,False,False,True,False,1,Normal,0
214.73,46,26,1,5368.42,-0.2994150171367583,2,5,24,-0.3206144295615952,1,1,1417.1166666666666,20,False,False,False,False,False,False,0,Normal,0
102.81,76,47,1,3228.87,-0.6514811918703047,4,4,27,-0.6357957609198838,1,1,573.9166666666666,39,True,True,False,False,True,False,0,Normal,0
299.42,63,53,1,4735.41,-0.0231027090178384,4,9,32,0.2611538734037977,1,1,1.0333333333333334,38,False,True,False,False,True,False,0,Normal,0
393.92,72,47,1,7318.64,0.3353616176598263,7,3,24,0.3353616176598263,1,1,936.2166666666668,22,True,True,False,False,True,False,0,Normal,0
245.93,54,172,1,7986.63,-0.1663142690577859,4,9,27,-0.3756854174053478,1,1,505.9333333333333,14,True,True,False,True,False,False,0,Normal,0
446.83,55,143,1,1623.5,0.4578418811322377,3,5,23,0.396671093547953,1,1,479.9666666666666,24,False,True,False,False,True,False,0,Normal,0
191.62,63,51,1,1981.67,-0.3504214209439507,9,5,22,-0.4709942196295297,1,1,766.4666666666667,17,True,True,False,False,False,False,0,Normal,0
775.6,79,158,1,3898.64,1.5304974194514875,6,5,32,1.4269733194806438,1,1,576.4,23,False,True,False,False,True,False,0,Normal,0
104.23,63,108,1,5009.29,-0.6599358584065732,5,4,23,-0.7462632047659009,1,1,1366.9666666666667,21,False,False,True,False,True,False,0,Normal,0
196.49,41,65,1,7516.56,-0.3339124570388572,2,9,22,-0.4537215076374782,1,1,1584.8333333333333,28,True,True,False,True,False,False,0,Normal,0
425.34,69,121,1,3907.54,0.387727918427366,4,9,26,0.387727918427366,1,1,936.2166666666668,18,False,False,True,False,True,False,0,Normal,0
230.51,51,56,1,9522.37,-0.2479306834242,6,6,29,-0.458057082667849,1,1,97.03333333333332,22,False,True,False,True,False,False,0,Normal,0
151.19,37,96,1,11903.82,-0.506722657447021,4,6,24,-0.5389494532623329,1,1,1846.05,27,False,True,False,False,False,False,0,Normal,0
29.22,24,151,1,1649.43,-0.9009462131795084,4,4,32,-0.8913808452193912,1,1,1490.2,35,True,False,False,False,False,True,0,Normal,0
187.88,60,180,1,2154.58,-0.3630997628341045,5,4,23,-0.1013321211042875,1,1,838.3833333333333,26,True,False,False,True,False,False,0,Normal,0
757.1,65,203,1,10553.23,1.5665167533994195,5,4,27,1.5665167533994195,1,1,936.2166666666668,1,True,True,False,False,False,False,0,Normal,0
269.79,52,17,1,1292.1,-0.0854305157157882,7,4,33,-0.6436534134940517,1,1,6070.883333333333,38,True,False,False,True,False,False,1,Normal,0
514.95,41,142,5,421.93,0.7456449649767574,3,5,22,0.7456449649767574,1,1,936.2166666666668,27,True,False,True,False,False,False,1,Normal,0
68.62,29,157,1,13891.47,-0.7673829323046257,6,4,31,-0.8667443424279166,1,1,1846.3333333333333,29,True,True,False,False,False,False,0,Normal,0
199.47,57,142,1,6067.44,-0.3238104626985743,3,4,20,-0.3163802103727738,1,1,1103.4833333333331,11,True,False,True,False,False,False,0,Normal,0
1182.86,30,34,1,7696.16,3.009813770284956,6,3,24,3.5317991282751864,1,1,2855.6666666666665,40,True,False,True,True,False,False,0,Normal,0
33.76,26,227,1,3253.51,-0.8855559265000171,6,3,20,-0.8855559265000171,1,1,936.2166666666668,39,True,False,True,True,False,False,0,Normal,0
55.99,35,95,1,932.61,-0.810197760666295,1,7,23,0.658471544476554,1,1,7222.616666666667,12,True,False,False,False,False,False,1,Normal,0
227.14,18,294,1,341.94,-0.2300110722973558,3,6,27,-0.2300110722973558,1,1,936.2166666666668,5,True,False,False,False,False,True,0,Normal,0
388.77,26,30,1,1658.49,0.2684134644433195,6,9,33,0.7115875640063944,1,1,3863.25,17,False,False,True,False,False,True,0,Normal,0
421.25,25,66,1,7174.69,0.4280084315255762,7,4,29,0.4280084315255762,1,1,936.2166666666668,13,True,False,True,False,False,True,0,Normal,0
683.75,32,106,1,6333.72,1.317865315527017,4,5,24,0.6231453991141949,1,1,1106.7166666666667,19,True,True,False,False,False,False,0,Normal,0
388.65,76,43,1,7896.85,0.3174966813600639,4,4,33,-0.2965610854360885,1,1,21.1,28,True,False,False,False,True,False,0,Normal,0
738.68,50,124,1,14352.33,1.504074224624918,5,7,28,0.4836407448525942,1,1,336.56666666666666,6,True,False,True,False,False,False,0,Normal,0
711.3,21,51,1,955.4,1.4112579142098347,2,5,21,0.2745427418445431,1,1,2666.35,38,True,True,False,False,False,True,0,Normal,0
95.75,31,169,1,337.62,-0.6754141046362102,1,5,29,-0.8373606723036512,1,1,381.95,20,True,True,False,True,False,False,0,Normal,0
820.62,61,158,1,6024.8,1.6773811142385198,6,8,27,1.6773811142385198,1,1,936.2166666666668,14,False,True,False,False,False,False,0,Normal,0
135.27,48,131,1,9410.51,-0.5414440320429266,4,10,24,-0.8351612185479744,1,1,3838.9666666666662,1,True,False,False,False,False,False,0,Normal,0
33.03,21,28,1,935.88,-0.8880305761202878,6,5,30,-0.9308916278423424,1,1,0.7,42,True,True,False,False,False,True,0,Normal,0
626.9,23,146,1,587.11,1.1251477389347049,6,3,23,0.9017716269209692,1,1,1463.7333333333331,6,True,False,False,False,False,True,0,Normal,0
42.26,44,171,1,268.77,-0.8567415131133038,8,4,19,-0.8953843846582308,1,1,383.6166666666667,33,True,False,False,False,False,False,0,Normal,0
103.08,60,109,1,12002.16,-0.6505659105039033,4,8,30,-0.6891585427447453,1,1,455.8333333333333,37,True,False,True,False,False,False,0,Normal,0
81.15,19,114,1,1595.26,-0.7249070970416236,6,5,27,-0.7249070970416236,1,1,936.2166666666668,24,True,False,False,False,False,True,0,Normal,0
0.99,45,133,1,4317.85,-0.9966439649332636,6,5,25,-0.9878003575132428,1,1,4992.45,20,True,False,False,True,False,False,0,Normal,0
401.37,43,251,1,8208.54,0.3606166035105338,2,8,19,8.772826667328301,1,0,119.38333333333334,20,True,True,False,True,False,False,2,Medium confidence / needs review,1
294.77,77,101,1,2272.17,-0.0007500396687179,9,5,25,0.8289383828942212,1,1,528.9666666666667,30,True,False,True,False,True,False,0,Normal,0
182.79,23,14,1,1251.85,-0.4036234847399971,6,3,33,-0.0605437628589003,1,1,359.0833333333333,21,False,False,True,False,False,True,0,Normal,0
446.39,63,77,1,7863.6,0.5132312965305141,5,6,30,1.3223594466461368,1,1,1153.3333333333333,15,True,False,False,False,True,False,0,Normal,0
490.76,66,156,1,6414.11,0.6636425344091578,6,4,26,0.6636425344091578,1,1,936.2166666666668,8,True,False,True,False,True,False,0,Normal,0
448.33,25,161,1,922.19,0.5198077626446581,4,4,19,-0.0864577388408637,1,1,2447.7166666666667,1,True,False,False,False,False,True,0,Normal,0
405.6,37,44,1,9754.73,0.3749560115841571,5,2,19,-0.1361850298987635,1,1,2377.5,40,True,False,True,True,False,False,0,Normal,0
133.07,21,155,1,1670.99,-0.5489018802136054,4,8,32,-0.7031211639044215,1,1,862.6833333333333,34,True,True,False,False,False,True,0,Normal,0
103.81,36,34,1,7044.63,-0.6480912608836326,4,4,22,-0.7190071440044198,1,1,336.28333333333336,28,True,False,False,False,False,False,0,Normal,0
77.83,49,146,1,2471.53,-0.746069344465606,3,6,25,-0.746069344465606,1,1,936.2166666666668,18,False,True,False,True,False,False,0,Normal,0
39.21,66,245,4,9385.57,-0.8670808026226537,5,6,23,-0.8670808026226537,1,1,936.2166666666668,24,True,False,False,False,False,False,1,Normal,0
136.48,52,138,4,4618.53,-0.5373422155490534,5,5,13,2.4807446447144947,1,1,2304.516666666667,5,True,False,True,True,False,False,2,Medium confidence / needs review,1
129.94,32,235,1,7954.92,-0.5595123642018892,5,8,21,-0.5595123642018892,1,1,936.2166666666668,19,True,False,False,True,False,False,0,Normal,0
80.43,59,157,1,5987.67,-0.7273478473520276,4,6,33,-0.3810220072262427,1,1,47.55,8,True,True,False,False,True,False,0,Normal,0
9.1,52,63,1,2791.45,-0.9703100451033831,4,3,28,-0.9134857544945976,1,1,1368.0,37,False,False,True,False,True,False,0,Normal,0
171.11,57,171,1,6324.09,-0.4199489054805965,6,5,27,1.3389529137610667,1,0,1776.7166666666667,37,True,False,False,False,True,False,0,Normal,0
41.51,28,48,1,609.6,-0.8592839613533079,3,4,27,-0.5748886212823123,1,1,3407.9166666666665,31,True,False,True,False,False,True,0,Normal,0
106.99,38,152,1,5771.4,-0.6373112803460151,4,6,25,0.2380522548768512,1,1,1224.2166666666667,29,True,True,False,True,False,False,0,Normal,0
1192.2,60,103,5,7816.41,2.8897099305194054,3,5,23,12.269273440647694,1,1,647.35,17,False,True,False,False,True,False,3,High confidence fraud,1
97.98,72,18,1,7460.33,-0.6678545585359312,4,4,27,-0.6678545585359312,1,1,936.2166666666668,10,True,True,False,False,True,False,0,Normal,0
165.55,28,115,1,761.78,-0.4387969217664937,3,5,24,0.6896305298057713,1,1,5714.2,9,True,True,False,False,False,True,0,Normal,0
577.73,37,63,1,14977.99,0.9584648323200352,5,5,27,3.3845482230899844,1,1,934.0833333333334,38,True,False,False,False,False,False,0,Normal,0
26.06,65,283,1,12893.63,-0.9116583950973928,2,4,28,-0.9070679662396834,1,1,984.5833333333334,36,True,False,False,False,False,False,0,Normal,0
22.61,19,145,1,1111.67,-0.9233536570014116,6,5,25,-0.8957247572027636,1,1,0.9166666666666666,39,True,False,True,False,False,True,0,Normal,0
431.31,23,99,1,342.73,0.4072058317520792,3,2,25,0.4072058317520792,1,1,936.2166666666668,1,False,False,True,False,False,True,0,Normal,0
421.56,53,144,1,8037.87,0.4290593101314446,5,7,28,-0.0226055504796885,1,1,1873.6333333333332,38,True,False,True,True,False,False,0,Normal,0
870.3,51,229,1,3688.98,1.9502569410907076,2,9,26,1.0408737532311518,1,0,984.0,38,True,False,False,False,True,False,2,Medium confidence / needs review,1
38.15,72,129,1,1425.47,-0.8755305841179704,6,3,33,-0.9335817111482064,1,1,934.6833333333332,28,False,False,True,False,True,False,0,Normal,0
1143.67,66,111,1,7677.76,2.876962374917275,5,4,26,1.5973020198548773,0,0,575.6833333333333,1,True,False,True,False,True,False,4,High confidence fraud,1
498.59,33,32,1,5862.99,0.6267157159207049,4,4,24,0.6267157159207049,1,1,936.2166666666668,28,False,False,True,False,False,False,0,Normal,0
345.81,40,135,1,6116.8,0.1722720378910289,4,3,25,-0.3064241153925587,1,1,3527.833333333333,33,True,True,False,True,False,False,0,Normal,0
224.19,52,93,1,8475.47,-0.2400113687080386,4,4,23,-0.4689957355068789,1,1,2088.5333333333333,15,True,False,False,False,False,False,0,Normal,0
726.61,18,277,1,1008.76,1.4631577576157857,5,3,23,1.0399124050199449,1,1,1031.8166666666666,31,True,False,False,False,False,True,0,Normal,0
213.55,63,15,1,5238.37,-0.2760802344062303,3,5,16,-0.2760802344062303,1,1,936.2166666666668,4,True,False,False,False,False,False,0,Normal,0
353.59,52,109,5,1822.34,0.153634069005563,6,5,26,0.6557714790176936,1,1,3217.95,27,False,True,False,False,True,False,2,Medium confidence / needs review,1
83.02,36,171,1,9009.56,-0.7291362841380916,3,3,27,-0.7072327795350962,1,1,576.0333333333333,39,False,False,True,True,False,False,0,Normal,0
50.52,20,140,1,1121.19,-0.8287406831633917,6,7,25,-0.766888147070468,1,0,1006.5,4,True,False,True,False,False,True,0,Normal,0
567.71,63,80,1,13884.24,0.9244977238335802,3,6,21,0.9244977238335802,1,1,936.2166666666668,22,True,False,True,False,False,False,0,Normal,0
557.41,80,49,1,2968.75,0.818623732965868,4,4,25,-0.0181430659700498,1,1,1606.2166666666667,42,False,False,True,False,True,False,0,Normal,0
309.77,67,137,1,4378.14,0.0106655326757595,6,5,19,-0.4493565122842781,1,1,575.65,35,False,False,True,False,True,False,0,Normal,0
54.03,56,161,1,6736.3,-0.823719987200643,3,5,25,-0.887036635100175,1,1,3216.75,25,False,False,False,False,True,False,0,Normal,0
521.01,41,73,1,4004.55,0.699863926429929,3,4,20,0.3996991096910535,1,1,576.6333333333333,39,False,True,False,True,False,False,0,Normal,0
1.87,65,147,1,7287.94,-0.993660825664992,5,4,33,-0.9953480942238084,1,0,168.66666666666666,42,True,False,False,False,True,False,0,Normal,0
124.74,49,33,1,2987.97,-0.5771400053325844,4,4,31,-0.6279749459350583,1,1,909.9833333333332,20,True,False,False,True,False,False,0,Normal,0
159.32,18,100,1,304.44,-0.4599161918134613,3,3,27,-0.4599161918134613,1,1,936.2166666666668,39,True,True,False,False,False,True,0,Normal,0
13.02,51,42,1,6076.45,-0.9558630951635976,3,8,33,-0.918277674376866,1,1,3573.45,5,True,True,False,False,False,False,0,Normal,0
458.94,52,180,1,5619.95,0.5557749304132498,5,7,21,4.32598347074407,1,1,817.7,11,True,True,False,True,False,False,0,Normal,0
74.72,26,132,1,165.75,-0.7467043532859257,3,7,19,-0.6449119219130405,1,1,168.86666666666667,31,True,False,True,False,False,True,0,Normal,0
841.28,26,80,1,1103.64,1.8518811438574811,3,9,22,3.766458902173037,1,1,358.6,40,True,False,True,False,False,True,0,Normal,0
595.91,19,162,1,1673.76,0.9442350668019572,4,13,25,0.9256695590789332,1,1,25.08333333333333,35,False,False,False,False,False,True,1,Normal,0
1.21,55,196,1,7542.74,-0.9958981801161958,5,5,25,-0.9966125233975172,1,1,262.6666666666667,1,True,True,False,False,True,False,0,Normal,0
213.28,51,94,1,4835.91,-0.2769955157726318,5,4,30,-0.3037866059846548,1,1,3025.1666666666665,23,True,True,False,False,True,False,0,Normal,0
138.54,60,93,1,8274.77,-0.5479949528503076,4,6,33,-0.5479949528503076,1,1,936.2166666666668,2,False,True,False,True,False,False,0,Normal,0
311.28,49,198,1,135.96,0.0552177209212392,7,6,21,1.2468601036028577,1,1,3334.75,1,True,True,False,False,False,False,0,Normal,0
242.62,22,234,1,483.02,-0.2084202093266664,5,4,27,0.0787426078042658,1,1,1175.9833333333331,37,False,False,True,False,False,True,0,Normal,0
623.9,27,249,1,711.47,1.1149779459746885,5,2,32,1.7030500763832968,1,1,697.0666666666667,38,True,False,False,False,False,True,0,Normal,0
230.61,80,204,1,2561.42,-0.2182480117736033,5,4,21,-0.2992387975774075,1,1,646.95,33,True,True,False,False,True,False,0,Normal,0
16.16,50,124,1,14401.17,-0.9452187118654468,2,6,33,-0.9477681859537536,1,1,1008.3,25,True,False,False,False,False,False,0,Normal,0
736.73,48,10,1,3313.07,1.4974638592009075,3,5,23,1.8279391655304909,1,1,1007.1,22,True,True,False,True,False,False,0,Normal,0
218.59,40,123,1,6699.23,-0.2868212574326724,4,7,30,-0.3346798027937775,1,1,0.6333333333333333,10,False,True,False,True,False,False,0,Normal,0
434.67,27,124,1,1298.13,0.4181682754323197,2,4,20,0.3807649992073952,1,1,193.83333333333331,41,False,False,True,False,False,True,0,Normal,0
66.9,79,129,4,5238.71,-0.7817299127468645,6,4,25,-0.7817299127468645,1,1,936.2166666666668,5,False,False,True,False,True,False,2,Medium confidence / needs review,1
115.02,37,175,1,7643.66,-0.6100901345230378,3,8,31,0.7192825004591553,1,1,3527.483333333333,35,True,True,False,False,False,False,0,Normal,0
446.1,25,243,1,1008.44,0.5122482165443794,7,5,32,3.904353519081426,1,1,193.4333333333333,39,True,False,False,False,False,True,0,Normal,0
138.82,77,53,1,3100.22,-0.5294097770402405,6,5,26,-0.3368682509942283,1,1,646.45,13,True,False,True,False,True,False,0,Normal,0
112.27,58,102,1,7369.89,-0.6194124447363862,6,4,29,-0.4143758780743004,1,0,73.36666666666666,39,True,True,False,False,False,False,0,Normal,0
360.02,68,68,1,6400.59,0.2204429572116401,6,11,31,0.2204429572116401,1,1,936.2166666666668,9,True,False,True,False,True,False,0,Normal,0
994.63,61,158,1,13538.14,2.371727060663656,4,10,26,1.762707622457898,1,1,3167.516666666667,2,True,False,True,False,False,False,0,Normal,0
204.63,52,92,1,9199.52,-0.3063184188073459,2,6,24,-0.6978850615319308,1,1,1.8,19,True,False,True,True,False,False,0,Normal,0
213.4,73,100,1,2012.24,-0.3037543177601867,9,5,25,-0.5894258877377523,1,1,1294.8666666666666,13,False,True,False,False,True,False,0,Normal,0
1831.02,62,83,1,11498.01,4.973944535225136,2,6,21,3.131642477758777,1,1,768.85,8,False,False,True,False,False,False,3,High confidence fraud,1
216.03,42,300,1,10462.77,-0.2676732055592833,4,7,29,-0.700266391902397,1,1,1008.95,4,True,False,False,False,False,False,0,Normal,0
108.96,26,247,1,7597.66,-0.630633116302271,1,11,32,-0.630633116302271,1,1,936.2166666666668,25,True,False,False,False,False,True,1,Normal,0
261.77,28,46,1,824.71,-0.112617762228899,2,6,31,-0.112617762228899,1,1,936.2166666666668,6,True,False,True,False,False,True,0,Normal,0
22.15,44,73,1,7451.83,-0.9249130252552809,4,3,33,-0.9153837303152244,1,1,2662.3166666666666,10,True,True,False,False,False,False,0,Normal,0
800.55,31,108,1,9660.22,1.7138092547703243,4,5,29,4.639264548892191,1,1,23.916666666666668,28,True,False,False,True,False,False,0,Normal,0
40.9,55,37,1,1514.34,-0.8613518192551779,4,4,20,-0.8868571720189848,1,1,674.1,5,True,False,False,False,False,False,0,Normal,0
321.93,45,12,1,4392.73,0.0913204859292978,5,5,22,0.1442636638820525,1,1,4464.0,26,True,False,False,True,False,False,0,Normal,0
617.66,41,40,1,5906.58,1.0938247766178542,4,6,25,1.0938247766178542,1,1,936.2166666666668,22,True,False,False,True,False,False,0,Normal,0
231.91,34,165,1,112.76,-0.2138411014909295,4,5,24,-0.624534532551024,1,0,25.95,22,True,False,False,True,False,False,0,Normal,0
271.22,45,87,1,6863.02,-0.1151089327627142,4,4,22,-0.361512293603794,1,1,1485.6,21,False,False,False,False,False,False,0,Normal,0
677.29,27,287,1,627.79,1.2959663613531147,3,3,32,0.8128909051306019,1,1,674.35,15,True,False,True,True,False,False,0,Normal,0
375.17,51,66,2,5495.3,0.2718004116597234,3,6,24,-0.1653986470782197,1,1,910.8666666666668,13,True,False,False,True,False,False,0,Normal,0
67.57,37,107,1,2766.12,-0.7709423598406315,5,5,23,-0.8445415832404427,1,1,1679.4,5,True,True,False,True,False,False,0,Normal,0
870.05,29,39,1,905.25,1.9494094583440396,5,2,16,1.329638253863394,1,1,335.96666666666664,12,True,False,False,False,False,False,0,Normal,0
442.74,23,136,1,1790.27,0.5008580484291609,4,9,30,-0.0037577912203644,1,1,1105.0833333333333,36,True,True,False,False,False,True,0,Normal,0
420.76,51,76,1,6581.55,0.4263473653421069,2,6,27,0.4263473653421069,1,1,936.2166666666668,24,True,True,False,False,True,False,0,Normal,0
307.75,64,63,1,1061.58,0.0432512645382866,2,6,25,-0.268585416226387,1,1,1153.8333333333333,11,True,True,False,False,False,False,0,Normal,0
155.56,19,64,1,129.79,-0.492464955398613,4,7,33,-0.572936540135519,1,1,286.21666666666664,2,False,True,False,False,False,True,0,Normal,0
59.44,35,176,1,5472.03,-0.7985024987622762,4,8,31,-0.7982965122729088,1,1,1201.75,6,True,False,True,True,False,False,0,Normal,0
637.34,51,278,1,5183.5,1.1605386184355624,5,6,27,1.7019957320982473,1,1,1918.45,16,True,False,False,False,True,False,0,Normal,0
55.12,34,261,1,3791.99,-0.8201637182686602,4,9,25,-0.825663406314124,1,1,408.0,15,False,False,True,True,False,False,0,Normal,0
484.24,67,77,1,8042.3,0.6415401843760553,3,5,30,0.6415401843760553,1,1,936.2166666666668,33,True,True,False,False,False,False,0,Normal,0
353.69,59,163,1,9500.79,0.1989846940660054,4,9,32,-0.2695977195820301,1,1,2040.15,38,True,False,True,True,False,False,0,Normal,0
73.19,76,213,1,2264.98,-0.751890947695534,2,9,31,-0.8253076012905431,1,1,1367.5166666666669,1,True,True,False,False,True,False,0,Normal,0
110.49,57,48,1,10483.93,-0.6254465218926626,5,6,32,-0.636195010636815,1,0,312.76666666666665,33,True,False,True,False,False,False,0,Normal,0
868.05,49,119,1,3931.03,1.8321277522604864,6,2,20,1.8321277522604864,1,1,936.2166666666668,36,False,False,True,True,False,False,0,Normal,0
172.68,33,17,1,10724.95,-0.4146267138315213,4,4,19,-0.8010713659339077,1,1,935.5333333333332,3,True,False,False,False,False,False,0,Normal,0
22.3,21,90,1,1200.35,-0.92440453560728,5,9,26,-0.9571454633629366,1,1,1680.8333333333333,30,True,False,False,False,False,True,0,Normal,0
163.46,63,111,1,6953.8,-0.466690162221857,6,6,23,-0.5386959901262541,1,0,3120.2,3,False,True,False,False,True,False,0,Normal,0
21.41,57,99,1,658.91,-0.9274215741854182,4,6,29,-0.9301747232177195,1,1,2087.3,21,True,False,True,False,False,False,0,Normal,0
206.51,51,275,1,3921.74,-0.2999453485524023,4,9,26,-0.1725699167698938,1,1,336.7,16,True,False,False,False,True,False,0,Normal,0
199.23,29,54,1,9834.0,-0.3246240461353756,6,5,27,-0.3246240461353756,1,1,936.2166666666668,40,True,False,False,True,False,False,0,Normal,0
257.6,59,293,1,7950.74,-0.1595459812522607,2,4,31,0.2929779636953374,1,1,2520.4333333333334,13,False,False,True,False,True,False,0,Normal,0
343.86,57,70,1,3278.65,0.1656616724670182,3,6,27,0.1656616724670182,1,1,936.2166666666668,5,True,True,False,True,False,False,0,Normal,0
333.97,52,45,1,5237.36,0.1321352550088306,3,6,26,-0.0287617052615549,1,1,887.5666666666667,14,True,True,False,False,False,False,0,Normal,0
119.95,62,47,5,2596.61,-0.6086472826168765,4,4,22,-0.6460764479409987,1,1,457.5833333333333,30,False,True,False,False,True,False,2,Medium confidence / needs review,1
36.63,75,261,1,7941.73,-0.875826824568268,8,5,27,-0.8622552550994438,1,1,575.15,24,True,False,False,False,True,False,0,Normal,0
118.77,55,123,1,2104.82,-0.5973778933230173,7,3,34,-0.4306396115548011,1,1,3624.7,1,True,True,False,True,False,False,0,Normal,0
179.38,40,173,1,11666.18,-0.3919141762208178,5,3,33,-0.3919141762208178,1,1,936.2166666666668,23,True,False,True,False,False,False,0,Normal,0
13.71,38,148,1,8342.79,-0.9552693113635294,4,6,27,-0.9235700695530712,1,1,1872.6333333333332,10,False,False,True,True,False,False,0,Normal,0
48.78,18,136,1,552.06,-0.8408488054510189,1,3,16,-0.4947433787897521,1,1,1750.8166666666666,18,False,True,False,False,False,True,0,Normal,0
220.41,26,155,1,5116.98,-0.2808832671058754,7,3,27,1.7338239335119203,1,1,575.9833333333333,12,False,False,True,True,False,False,0,Normal,0
92.5,40,70,1,6295.45,-0.6982065323259844,1,7,19,-0.1996192766321771,1,1,503.6666666666667,39,False,False,True,True,False,False,0,Normal,0
555.71,22,73,1,830.37,0.8130772584847941,2,9,27,0.8130772584847941,1,1,936.2166666666668,4,False,True,False,False,False,True,0,Normal,0
13.3,23,63,1,213.0,-0.9549139144873292,3,5,30,-0.9760666517139036,1,1,3215.016666666667,35,True,False,False,False,False,True,0,Normal,0
350.72,28,48,1,1982.9,0.1442703150286911,2,4,22,0.2327375609119786,1,1,1368.0166666666669,14,False,False,False,False,False,True,0,Normal,0
146.55,54,124,5,4087.44,-0.5032056105132646,3,6,31,-0.5219792748242007,1,1,25.966666666666665,41,True,False,True,False,True,False,2,Medium confidence / needs review,1
443.79,53,87,1,3133.85,0.5044174759651667,5,5,25,0.6648159933045127,1,1,1607.8833333333334,19,True,False,False,False,True,False,0,Normal,0
15.74,27,38,1,690.16,-0.9466424828798492,2,4,23,-0.9466424828798492,1,1,936.2166666666668,10,True,True,False,False,False,True,0,Normal,0
106.41,57,87,1,1310.38,-0.639277440318285,3,4,21,5.760482480274303,1,1,168.53333333333333,20,True,True,False,False,True,False,0,Normal,0
602.8,60,173,1,7417.69,1.043450402155906,4,6,26,8.86983202832858,1,1,1512.8,3,True,True,False,False,True,False,0,Normal,0
332.59,55,143,1,1457.07,0.1274571502472229,3,9,30,0.3763294004703936,1,1,2760.4166666666665,35,True,False,True,False,True,False,0,Normal,0
46.6,55,68,1,1562.9,-0.8420292126311466,6,6,30,-0.8237418884439667,1,1,1152.0666666666666,11,True,False,True,False,False,False,0,Normal,0
83.07,27,291,4,6704.76,-0.7183984295472131,4,4,45,-0.7183984295472131,1,1,936.2166666666668,24,True,True,False,True,False,False,3,High confidence fraud,1
372.08,66,63,1,13330.74,0.2613255249109063,4,1,24,3.479113958359048,1,1,1416.4,15,True,True,False,False,False,False,0,Normal,0
56.15,31,77,1,13265.92,-0.8096553717084275,2,3,22,-0.7532681500460588,1,1,7130.266666666666,26,True,True,False,False,False,False,1,Normal,0
361.92,54,111,1,7474.31,0.2268838260863173,5,5,27,0.2268838260863173,1,1,936.2166666666668,11,True,False,False,False,True,False,0,Normal,0
332.0,69,17,1,5943.13,0.1254570909650864,6,7,31,-0.0826702031314373,1,1,1584.3166666666666,5,True,False,False,False,True,False,0,Normal,0
788.84,58,231,1,1913.73,1.674113162916394,4,4,23,1.2735762010791554,1,1,480.55,31,True,False,True,False,True,False,0,Normal,0
767.41,56,27,1,12799.34,1.601466941872009,6,4,25,0.5526652987280504,1,1,2711.4666666666667,13,True,False,False,False,False,False,0,Normal,0
95.5,57,17,1,4079.09,-0.6762615873828782,6,6,19,-0.6762615873828782,1,1,936.2166666666668,29,True,False,True,False,True,False,0,Normal,0
435.98,30,105,1,7334.08,0.4779421149592571,4,5,25,3.565235564761932,1,1,3432.083333333333,23,True,True,False,True,False,False,0,Normal,0
36.71,48,55,1,6459.38,-0.8755556300893342,6,3,21,-0.8755556300893342,1,1,936.2166666666668,17,True,True,False,False,False,False,0,Normal,0
47.38,25,61,1,459.37,-0.8454164903177858,5,6,24,0.2906564889497007,1,1,217.11666666666667,39,False,False,True,False,False,True,0,Normal,0
361.38,72,71,3,4972.92,0.1790499726570731,7,7,21,7.595076522890319,1,1,526.7333333333333,25,False,False,True,False,True,False,2,Medium confidence / needs review,1
352.03,27,219,1,4846.68,0.1485443630111656,6,3,32,1.3707320265961878,1,1,2351.7833333333333,31,False,False,True,False,False,True,0,Normal,0
146.92,64,272,1,3990.6,-0.5019513360481961,3,9,26,-0.2630971773637759,1,1,2207.65,32,True,False,False,False,True,False,0,Normal,0
584.98,55,121,1,6521.05,0.9085744985206988,4,6,23,0.9085744985206988,1,1,936.2166666666668,6,False,True,False,False,True,False,0,Normal,0
393.68,55,141,1,10135.88,0.334548034223025,5,5,25,-0.3270197266111325,1,1,2352.25,36,True,False,False,False,False,False,0,Normal,0
874.72,28,173,1,4630.58,1.9652404360517983,6,5,25,1.9652404360517983,1,1,936.2166666666668,37,True,False,True,True,False,False,0,Normal,0
428.62,55,72,1,3473.24,0.4529922228973501,6,5,33,-0.5099917682115515,1,1,2255.6833333333334,33,True,True,False,False,True,False,0,Normal,0
3.8,67,140,1,6285.39,-0.9871182588607148,4,4,27,-0.9941688262553612,1,1,1536.75,10,True,True,False,False,True,False,0,Normal,0
438.04,67,247,1,5358.95,0.4849253727918018,1,4,31,0.0053399023700447,1,1,386.1166666666667,30,True,False,False,False,True,False,0,Normal,0
21.57,54,71,1,7587.48,-0.9268791852275506,4,3,27,-0.950560971474436,1,0,1509.2833333333333,37,True,False,False,False,True,False,0,Normal,0
260.63,37,142,1,7534.73,-0.1164822835537052,4,4,32,-0.2624027161103645,1,1,1322.7833333333333,13,True,True,False,True,False,False,0,Normal,0
56.11,36,109,1,11123.65,-0.8097909689478944,5,9,31,-0.8097909689478944,1,1,936.2166666666668,4,True,True,False,False,False,False,0,Normal,0
318.92,21,60,1,1167.25,0.0405186159121289,7,6,23,4.683835239995807,1,1,1273.4833333333331,42,False,True,False,False,False,True,0,Normal,0
25.77,68,18,1,4331.54,-0.9126414750835276,6,3,27,-0.8625709897204438,1,1,3261.633333333333,22,True,False,True,False,True,False,0,Normal,0
201.53,68,287,1,2732.86,-0.3168272048660296,6,4,29,0.5084580800265115,1,1,839.9833333333333,40,True,False,True,False,True,False,0,Normal,0
506.24,58,64,1,230.09,0.7161186660828427,9,4,16,0.7161186660828427,1,1,936.2166666666668,6,True,False,False,True,False,False,0,Normal,0
561.58,65,23,1,11748.86,0.90371744688528,2,3,17,0.1093157393542278,1,1,3864.9,34,True,False,True,False,False,False,0,Normal,0
7.08,37,139,1,13316.71,-0.9769005618397184,4,4,30,-0.9769005618397184,1,1,936.2166666666668,39,False,False,False,False,False,False,0,Normal,0
136.05,24,63,3,1127.54,-0.5387998858733223,6,4,32,-0.5387998858733223,1,1,936.2166666666668,1,True,False,True,False,False,True,1,Normal,0
76.51,49,120,4,9475.4,-0.7503760187685576,4,3,22,-0.4376332198630414,1,1,1679.7,23,False,False,True,True,False,False,1,Normal,0
146.01,26,269,1,221.79,-0.5050361732460678,5,7,23,0.3738238579805808,1,1,528.45,37,True,False,True,False,False,True,0,Normal,0
697.32,68,91,1,2016.02,1.3638666790161582,5,4,19,4.834174597700523,1,0,384.03333333333336,1,True,False,True,False,True,False,1,Normal,0
190.17,49,265,1,12893.85,-0.3553368208746253,2,2,24,-0.2795840465215732,1,1,697.1833333333333,3,True,False,False,False,False,False,0,Normal,0
289.18,65,64,1,3139.75,-0.0196997538842152,7,7,25,0.1603775092677018,1,0,1942.6,3,True,False,False,False,True,False,0,Normal,0
12.23,42,139,1,7844.88,-0.9585411406430684,2,5,33,-0.952202909178228,1,1,1055.75,15,True,False,False,True,False,False,0,Normal,0
313.65,55,173,1,1886.36,0.0233245450207991,4,4,23,0.0233245450207991,1,1,936.2166666666668,6,False,True,False,False,True,False,0,Normal,0
384.1,42,172,1,672.79,0.3020724953707058,2,7,31,0.2246134218886868,1,1,2738.4,11,True,True,False,True,False,False,0,Normal,0
231.46,60,83,1,4707.24,-0.2448311829788939,3,8,28,-0.3365532057712556,1,1,358.1666666666667,24,False,True,False,True,False,False,0,Normal,0
91.85,21,148,1,802.09,-0.6886348354842317,5,3,26,-0.7034577736890765,1,1,3120.133333333333,39,True,False,True,False,False,True,0,Normal,0
14.26,50,37,1,2475.65,-0.951659580740124,4,7,27,-0.9441364819143382,1,1,1008.2333333333332,41,True,True,False,True,False,False,0,Normal,0
649.28,75,137,1,4875.86,1.2010143944164278,2,5,27,1.2010143944164278,1,1,936.2166666666668,38,True,False,False,False,True,False,0,Normal,0
132.36,28,160,1,319.65,-0.5513087312141426,9,4,27,-0.7961434191779456,1,1,263.1333333333333,7,True,True,False,False,False,True,0,Normal,0
377.04,34,64,1,3812.87,0.2781395826048004,3,2,27,-0.0352591985178362,1,1,71.85,6,True,False,False,True,False,False,0,Normal,0
642.68,76,66,1,1831.2,1.1786408499043914,5,9,30,0.6639969603410855,1,1,1679.8833333333334,17,True,False,False,False,True,False,0,Normal,0
200.19,52,108,1,4389.96,-0.34685368711018,3,3,26,-0.5554691998146529,1,1,1297.4333333333334,35,False,True,False,False,True,False,0,Normal,0
461.25,54,171,1,676.1,0.5048890352599368,2,8,24,0.1522320198040717,1,1,983.35,34,False,False,True,False,False,False,0,Normal,0
237.84,26,16,1,8932.39,-0.1937388107399636,3,5,28,-0.4205619609698831,1,1,600.1333333333333,26,True,True,False,False,False,True,0,Normal,0
173.5,21,282,1,1306.91,-0.4118469704224501,5,4,27,-0.5502917812622036,1,0,743.6,26,True,False,False,False,False,True,0,Normal,0
389.43,52,151,1,6449.83,0.2705668015947954,7,3,32,0.0839555482086313,1,1,840.75,2,False,False,False,True,False,False,0,Normal,0
304.35,31,36,1,4057.1,0.0317254991836014,7,2,29,-0.1606890609221797,1,1,167.1,15,True,True,False,True,False,False,0,Normal,0
5.66,40,33,1,5434.64,-0.9808129872255046,6,10,25,-0.984136412856408,1,1,1.6,14,True,True,False,True,False,False,0,Normal,0
148.54,71,107,1,5677.05,-0.5153686323734012,3,5,26,-0.5427722323355026,1,1,429.7,8,False,True,False,False,True,False,0,Normal,0
769.97,22,23,1,1244.93,1.6101451651978902,3,3,27,1.6101451651978902,1,1,936.2166666666668,36,True,True,False,False,False,True,0,Normal,0
429.15,26,218,1,712.13,0.4547888863202862,6,4,27,-0.4426406217870299,1,1,501.4166666666667,19,True,True,False,False,False,True,0,Normal,0
1001.83,31,55,1,9733.83,2.396134563767696,4,6,23,0.670942023031987,1,1,3121.4166666666665,30,True,False,True,False,False,False,0,Normal,0
56.31,75,195,1,6396.08,-0.8162811861319084,7,6,29,-0.9232467785412024,1,1,1728.1333333333334,15,False,False,True,False,True,False,0,Normal,0
208.04,47,273,1,9344.98,-0.2947587541427939,4,3,23,-0.6313406508220752,1,1,1295.2666666666669,21,True,False,True,True,False,False,0,Normal,0
275.98,72,67,1,6151.05,-0.0995788042157068,8,6,24,-0.4402709600448811,1,1,598.9,42,False,False,True,False,True,False,0,Normal,0
752.69,65,115,1,14489.69,1.455750519238895,4,3,22,1.455750519238895,1,1,936.2166666666668,9,False,False,False,False,False,False,0,Normal,0
184.97,58,268,1,1156.67,-0.3729644620053205,4,5,21,-0.7542547386649819,1,1,669.85,10,True,True,False,False,False,False,0,Normal,0
54.85,58,40,1,2727.45,-0.8210446289215367,6,9,27,-0.8830066316511174,1,1,1703.3166666666666,37,False,True,False,False,True,False,0,Normal,0
388.07,24,68,1,289.71,0.3155305213877941,7,6,25,0.1729957375553018,1,1,1.4833333333333334,39,True,False,True,False,False,True,0,Normal,0
338.69,18,169,1,1137.89,0.1481357292659231,4,6,45,-0.0187022844928876,1,1,1153.2,41,True,True,False,False,False,True,1,Normal,0
720.46,54,44,1,3101.54,1.442309682047752,8,6,32,1.0952497248970503,1,1,1077.4,40,True,True,False,False,True,False,0,Normal,0
219.02,54,68,1,7375.73,-0.2854183256521654,5,2,23,-0.4613666255002808,1,1,600.3333333333334,36,False,False,True,True,False,False,0,Normal,0
252.31,26,172,1,1584.6,-0.1768053047845442,6,6,23,-0.1768053047845442,1,1,936.2166666666668,39,False,False,False,False,False,True,0,Normal,0
84.59,67,10,1,5669.1,-0.7240139518232173,8,9,31,-0.6647378198853084,1,1,504.73333333333335,19,False,True,False,False,False,False,0,Normal,0
1294.81,45,279,1,9927.75,3.224488604932941,5,6,45,6.686613198654715,1,1,5663.983333333334,42,False,True,False,True,False,False,4,High confidence fraud,1
26.3,32,33,1,7473.73,-0.9108448116605912,5,6,25,-0.9516458176667808,1,1,24.066666666666663,41,True,False,False,False,False,False,0,Normal,0
436.8,27,92,1,1256.33,0.4807218583683283,4,4,18,0.4807218583683283,1,1,936.2166666666668,39,True,False,True,False,False,True,0,Normal,0
74.11,69,71,4,3920.11,-0.7582063356830151,6,10,33,-0.8303342471833007,1,1,1607.9,41,False,False,True,False,True,False,3,High confidence fraud,1
220.68,71,217,1,5549.2,-0.2800023564529989,6,4,24,-0.2800023564529989,1,1,936.2166666666668,33,False,False,True,False,True,False,0,Normal,0
38.14,19,174,1,1119.21,-0.870708028778393,2,3,45,-0.8271705599638819,1,1,1918.4666666666667,0,True,False,True,False,False,True,2,Medium confidence / needs review,1
195.12,46,144,1,6101.15,-0.3385566624905981,4,7,24,-0.3385566624905981,1,1,936.2166666666668,21,True,False,False,False,False,False,0,Normal,0
598.81,57,158,1,1415.52,1.029924577519084,6,7,23,2.068931928716011,1,1,983.1,30,True,True,False,False,False,False,0,Normal,0
1241.05,18,129,1,756.74,3.207073854399409,5,5,22,2.1263461460674216,1,1,1871.6333333333332,24,True,True,False,False,False,True,0,Normal,0
435.86,56,134,1,3801.82,0.4775353232408565,5,5,19,-0.3574482299224834,1,1,912.85,17,True,False,False,False,True,False,0,Normal,0
276.16,53,71,1,1733.34,-0.0989915304471225,4,8,30,-0.0989915304471225,1,1,936.2166666666668,32,False,False,False,False,True,False,0,Normal,0
189.65,21,60,1,8457.09,-0.3570995849876948,2,5,29,-0.3132604276026202,1,1,5376.3,5,True,False,False,False,False,True,0,Normal,0
315.94,78,93,1,4273.99,0.0710147993191316,5,5,22,0.3565187507502252,1,1,97.85,29,True,False,False,False,True,False,0,Normal,0
428.61,51,131,1,2116.36,0.4529583235874834,5,6,24,0.6448097193035766,1,1,237.61666666666667,14,True,True,False,False,True,False,0,Normal,0
167.47,35,103,1,2293.13,-0.4322882542720832,5,5,20,-0.4465448281617211,1,1,1273.75,34,True,False,False,True,False,False,0,Normal,0
242.03,58,124,1,4382.73,-0.1795349999058073,3,9,33,-0.1795349999058073,1,1,936.2166666666668,9,True,False,True,True,False,False,0,Normal,0
123.85,56,244,1,3959.62,-0.5801570439107226,5,2,28,-0.488286574026829,1,1,3962.65,19,True,False,True,True,False,False,0,Normal,0
333.39,68,35,1,10628.59,0.1301690950365606,5,3,32,0.8224007826478583,1,1,405.81666666666666,30,True,False,False,False,False,False,0,Normal,0
343.88,63,97,1,6486.18,0.1657294710867516,5,5,32,0.4753099640683428,1,1,2184.016666666667,26,True,False,True,False,True,False,0,Normal,0
411.52,41,88,1,11108.39,0.3950244030252561,5,7,18,0.3950244030252561,1,1,936.2166666666668,20,True,False,False,False,False,False,0,Normal,0
224.73,76,63,1,7551.89,-0.2381808059752356,6,2,31,-0.4539026038736815,1,1,718.7833333333333,24,True,True,False,False,True,False,0,Normal,0
435.5,55,112,1,6981.03,0.4763149480856544,4,5,21,0.3689587414728212,1,1,2282.233333333333,28,True,False,False,False,True,False,0,Normal,0
917.81,64,75,2,3173.17,2.1113125622675013,5,5,28,1.5690972664265996,1,1,2567.95,18,True,False,False,False,True,False,0,Normal,0
163.68,41,292,1,10090.05,-0.4451360927115707,4,8,25,-0.4451360927115707,1,1,936.2166666666668,36,True,True,False,False,False,False,0,Normal,0
608.79,55,157,1,2991.17,1.063756088766072,4,4,32,2.7193914789871,1,1,866.2833333333333,13,True,False,True,True,False,False,0,Normal,0
164.52,61,162,1,11036.74,-0.442288550682766,4,5,25,-0.5740417088714339,1,1,1245.5666666666666,9,True,False,False,False,False,False,0,Normal,0
100.48,18,104,1,6149.81,-0.672170728585413,4,8,29,-0.672170728585413,1,1,936.2166666666668,25,False,True,False,False,False,True,0,Normal,0
117.25,31,73,1,13694.68,-0.6174563891456412,8,6,31,0.1668988836893024,1,1,1079.7,1,False,False,True,False,False,False,0,Normal,0
91.38,65,179,1,2402.58,-0.6902281030479676,4,6,33,-0.1606117653918913,1,1,0.1,17,True,False,False,False,True,False,0,Normal,0
777.92,62,97,1,7061.58,1.6370951165419336,2,6,21,6.549933616997829,1,1,1682.25,2,True,True,False,False,False,False,0,Normal,0
423.11,60,47,1,412.78,0.4343137031607865,5,4,23,0.5569395488369612,1,1,1031.75,8,True,False,False,True,False,False,0,Normal,0
66.58,23,79,1,1636.32,-0.774298391517437,6,5,26,-0.7795568596965948,1,1,3166.4166666666665,33,True,True,False,False,False,True,0,Normal,0
101.34,24,46,1,703.26,-0.6564643904207128,7,6,32,-0.6564643904207128,1,1,936.2166666666668,4,True,False,False,False,False,True,0,Normal,0
114.1,69,148,1,5882.12,-0.6132088710307761,3,2,20,0.1259127676543045,1,0,1919.9333333333332,4,True,True,False,False,True,False,0,Normal,0
588.54,32,130,1,714.45,0.9951099862859608,4,5,19,0.9951099862859608,1,1,936.2166666666668,32,True,True,False,True,False,False,0,Normal,0
54.84,52,124,1,3495.51,-0.8140961813009681,4,7,31,-0.9068202655608448,1,1,2182.85,18,True,False,True,False,True,False,0,Normal,0
135.57,51,116,1,11351.64,-0.5576849700319488,5,10,24,-0.5785694283982423,1,1,888.4833333333333,4,False,True,False,False,False,False,0,Normal,0
180.94,75,57,1,7659.99,-0.3866258838816093,4,1,33,-0.3031388395796693,1,1,959.4,33,True,True,False,False,True,False,0,Normal,0
1.98,66,170,1,11619.1,-0.993287933256458,6,5,27,-0.9917490504464094,1,1,3697.0,39,True,False,False,False,False,False,0,Normal,0
106.39,37,281,1,9410.99,-0.6393452389380185,7,4,26,-0.6393452389380185,1,1,936.2166666666668,41,True,False,True,False,False,False,0,Normal,0
624.0,26,132,5,4976.18,1.1153169390733555,3,7,26,4.865212850218885,1,1,70.86666666666666,15,True,True,False,True,False,False,2,Medium confidence / needs review,1
319.85,60,148,1,711.66,0.0842694294770198,7,3,22,-0.1241665408229396,1,1,3839.1666666666665,10,True,False,False,False,False,False,0,Normal,0
235.83,53,169,1,4120.75,-0.2305734809304858,4,6,21,-0.3263539753017767,1,1,887.7,22,False,False,True,True,False,False,0,Normal,0
60.96,52,238,1,6189.24,-0.7933498036625344,2,7,33,-0.8103991203887841,1,1,1248.15,7,True,False,False,False,True,False,0,Normal,0
79.76,39,170,1,6452.14,-0.729619101113098,5,3,23,-0.729619101113098,1,1,936.2166666666668,33,True,True,False,True,False,False,0,Normal,0
1074.95,20,91,1,530.86,2.6440063175131643,7,4,22,12.477306764326643,1,1,2784.383333333333,17,True,True,False,False,False,True,1,Normal,0
133.55,44,220,1,3846.28,-0.5472747133400027,3,3,31,-0.768686508701429,1,1,1103.3833333333334,1,True,False,False,True,False,False,0,Normal,0
40.83,48,24,1,3944.12,-0.861589114424245,6,3,26,-0.9049182597342504,1,1,696.4666666666667,16,True,False,False,True,False,False,0,Normal,0
46.22,23,217,1,471.28,-0.843317386406082,6,11,24,-0.8608973030843741,1,1,2136.016666666667,38,True,True,False,False,False,True,0,Normal,0
20.27,18,22,1,796.35,-0.9312860955102245,8,4,33,-0.9263075200270938,1,1,503.76666666666665,24,True,True,False,False,False,True,0,Normal,0
170.45,60,199,1,2284.41,-0.4221862599318002,8,4,45,-0.4221862599318002,1,1,936.2166666666668,37,True,True,False,True,False,False,1,Normal,0
152.01,42,111,3,4625.12,-0.4846965873260347,5,6,21,-0.1081842176111222,1,1,1175.75,13,True,False,False,True,False,False,0,Normal,0
494.96,40,132,1,6903.68,0.6778802445531807,6,5,25,2.0699001298151702,1,1,863.8833333333333,34,True,False,False,True,False,False,0,Normal,0
77.03,67,259,1,11310.27,-0.7388736127067129,3,8,26,-0.7172934328106967,1,1,1920.3833333333332,14,True,False,False,False,False,False,0,Normal,0
118.83,28,295,1,1616.3,-0.5971744974638169,7,4,25,-0.4685896339936737,1,1,167.21666666666667,41,True,False,True,False,False,True,0,Normal,0
463.11,51,159,1,10238.82,0.5109575308686414,5,11,25,1.2852025043166622,1,1,2208.6666666666665,19,False,True,False,False,False,False,0,Normal,0
346.85,44,88,1,7208.15,0.175797566117168,6,4,31,0.4095868961063669,1,1,913.7166666666668,18,True,False,False,False,False,False,0,Normal,0
194.29,39,10,1,2988.41,-0.3661032161915548,2,4,27,-0.3661032161915548,1,1,936.2166666666668,39,False,True,False,True,False,False,0,Normal,0
88.6,28,105,1,246.57,-0.7109307973119778,2,3,27,-0.5439806446858786,1,1,528.9333333333333,33,False,True,False,False,False,True,0,Normal,0
408.46,64,28,1,3140.79,0.3846512142060393,6,6,27,1.8877655492398773,1,0,359.26666666666665,33,True,True,False,False,True,False,0,Normal,0
100.66,50,144,1,14473.33,-0.65876954349165,3,7,20,-0.563202427584281,1,1,2570.6833333333334,9,True,True,False,False,False,False,0,Normal,0
291.27,77,121,1,6878.86,-0.0126147981220705,5,4,26,0.4710420299186018,1,1,71.0,11,True,True,False,False,True,False,0,Normal,0
68.68,49,141,1,4718.51,-0.7671795364454254,6,5,27,-0.6829997752981696,1,1,2182.2833333333333,34,True,False,True,True,False,False,0,Normal,0
33.65,63,146,1,12719.93,-0.8902124283325782,4,11,25,-0.8247334933952559,1,1,1.05,27,False,False,True,False,False,False,0,Normal,0
118.1,50,50,1,7976.6,-0.5996491470840876,5,7,27,-0.3027218038654763,1,1,166.81666666666666,13,True,False,False,True,False,False,0,Normal,0
13.87,24,20,1,954.83,-0.9529816538249262,8,3,16,-0.914889041796786,1,1,1850.4166666666667,31,True,True,False,False,False,True,0,Normal,0
111.41,21,181,1,1204.11,-0.6223277853849243,5,6,13,-0.2389911791686876,1,1,382.76666666666665,6,True,True,False,False,False,True,0,Normal,0
38.41,40,117,1,9129.68,-0.8697927474119916,5,4,32,-0.8697927474119916,1,1,936.2166666666668,10,True,False,False,False,False,False,0,Normal,0
345.22,69,253,1,4046.58,0.1702719786088924,5,6,31,7.987763395267813,1,1,3528.8166666666666,14,True,True,False,False,True,False,0,Normal,0
63.58,18,199,1,8086.04,-0.7844681844774535,3,6,23,-0.6685347826367345,1,1,144.8,8,True,False,False,False,False,True,0,Normal,0
1360.01,67,218,1,6601.5,3.4372122144423702,7,5,28,8.123297725073472,1,1,335.1333333333333,31,False,True,False,False,True,False,2,Medium confidence / needs review,1
483.92,70,115,1,3138.0,0.6404554064603203,8,5,22,0.0710815505116553,1,1,506.1,27,True,False,False,False,True,False,0,Normal,0
259.91,49,170,1,7176.86,-0.1189230338641091,5,4,33,-0.4327932810024849,1,0,501.6166666666667,10,True,False,True,False,False,False,0,Normal,0
170.24,62,133,1,5172.99,-0.4228981454390013,6,6,24,-0.4228981454390013,1,1,936.2166666666668,37,True,True,False,False,True,False,0,Normal,0
918.95,68,139,1,7006.46,2.115177083592308,4,8,45,2.115177083592308,1,1,936.2166666666668,39,True,False,True,False,False,False,1,Normal,0
64.3,55,67,1,7530.3,-0.7820274341670495,3,9,32,-0.9300288362478604,1,1,3024.883333333333,21,True,False,False,False,True,False,0,Normal,0
471.84,18,138,1,1044.33,0.5995050401413204,3,5,19,-0.0402440884002154,1,1,599.9166666666666,33,True,False,False,False,False,True,0,Normal,0
190.9,28,40,1,101.25,-0.3528621712543546,3,5,31,-0.6064160967230561,1,1,238.76666666666668,17,True,False,True,False,False,True,0,Normal,0
810.36,20,67,1,9239.12,1.7470644777495783,3,9,23,1.7470644777495783,1,1,936.2166666666668,8,True,False,False,False,False,True,0,Normal,0
12.04,37,58,1,6213.32,-0.9591852275305364,4,6,24,-0.9851424046286312,1,1,7247.15,13,True,False,True,True,False,False,0,Normal,0
177.94,19,173,1,123.24,-0.3967956768416257,3,5,30,-0.3967956768416257,1,1,936.2166666666668,25,True,False,True,False,False,True,0,Normal,0
302.76,38,88,3,8583.39,0.0263355089147925,5,6,24,0.7014724024869484,1,1,1225.1,34,True,False,False,True,False,False,0,Normal,0
615.16,26,140,1,214.61,1.0853499491511738,4,7,19,1.0853499491511738,1,1,936.2166666666668,4,True,False,True,False,False,True,0,Normal,0
368.91,54,14,1,829.71,0.2505794436831557,6,6,18,-0.400302359710803,1,1,769.15,41,True,True,False,False,False,False,0,Normal,0
185.99,41,53,1,402.45,-0.393183062187387,7,6,45,-0.6219984338065413,1,1,1079.0,14,False,True,False,True,False,False,0,Normal,0
39.48,56,38,1,5889.51,-0.8661655212562523,3,7,23,-0.8987744195200902,1,1,767.9666666666667,29,True,False,False,False,True,False,0,Normal,0
56.84,45,185,1,7977.78,-0.8073163193276237,2,6,30,-0.8120277103294551,1,1,1920.7,33,True,False,False,True,False,False,0,Normal,0
275.87,25,112,1,1697.58,-0.0648197353168216,4,4,28,0.0892070307127124,1,1,336.96666666666664,39,True,False,False,False,False,True,0,Normal,0
97.74,41,137,1,4113.63,-0.6811103403960854,7,6,26,-0.619750362315771,1,1,166.31666666666666,20,False,False,True,True,False,False,0,Normal,0
220.8,31,28,1,8135.31,-0.2515032347528572,4,5,25,-0.0575552287496346,1,1,49.95,16,True,False,True,True,False,False,0,Normal,0
589.89,56,213,3,9404.63,0.9996863931179684,1,4,33,1.536084129703689,1,1,1053.7666666666669,17,True,True,False,True,False,False,1,Normal,0
175.15,27,32,1,1712.65,-0.4062535842944411,1,4,24,-0.3567703644658082,1,1,480.55,11,True,False,False,False,False,True,0,Normal,0
300.47,73,100,1,7885.64,0.0185725669553134,3,5,33,0.1442858062239911,1,0,95.15,17,True,True,False,False,True,False,0,Normal,0
307.57,33,285,1,5307.74,0.0426410769606856,4,2,24,0.0426410769606856,1,1,936.2166666666668,11,True,True,False,False,False,False,0,Normal,0
28.04,57,146,5,11197.54,-0.9049463317437816,6,2,21,-0.90883375846528,1,1,888.4166666666666,20,True,False,False,False,False,False,1,Normal,0
194.68,32,165,1,14494.18,-0.3400482321247339,4,2,31,0.1601561326530429,1,1,1631.9166666666667,22,True,False,True,False,False,False,0,Normal,0
115.22,27,108,1,906.2,-0.6094121483257033,3,6,21,-0.3481679815864829,1,1,5472.55,37,True,True,False,True,False,False,0,Normal,0
997.37,23,145,1,1146.09,2.3810154715671383,2,7,24,5.180353486822182,1,1,337.31666666666666,13,True,False,False,False,False,True,0,Normal,0
203.99,52,215,1,4840.31,-0.3084879746388161,4,5,24,-0.3084879746388161,1,1,936.2166666666668,30,True,False,True,False,True,False,0,Normal,0
441.26,58,87,5,13704.92,0.4396690206266009,3,4,27,1.163145246516274,1,1,911.55,40,False,True,False,False,False,False,2,Medium confidence / needs review,1
1079.11,53,211,1,2038.31,2.65810843041772,9,3,29,2.3447810853319453,1,1,1608.5833333333333,19,True,False,True,True,False,False,0,Normal,0
289.05,75,116,1,5683.49,-0.0201404449124825,6,6,30,-0.4971177703661918,1,1,841.2666666666667,27,True,False,False,False,True,False,0,Normal,0
289.01,66,96,1,4226.26,-0.0202760421519495,7,4,24,-0.4258298102704768,1,1,1918.7166666666667,24,True,False,True,False,True,False,0,Normal,0
11.06,34,13,3,2782.21,-0.9625073598974748,4,4,23,-0.9759817909504308,1,1,1561.3,7,True,False,False,True,False,False,1,Normal,0
21.21,55,37,1,9575.42,-0.9280995603827528,2,6,21,-0.9449919577130764,1,1,790.35,26,True,False,True,True,False,False,0,Normal,0
175.21,69,69,1,6039.04,-0.428354235661492,5,4,24,-0.4746754372860088,1,1,410.4,23,False,False,False,False,False,False,0,Normal,0
115.92,53,57,1,3897.17,-0.6070391966350328,5,2,27,-0.6070391966350328,1,1,936.2166666666668,33,True,False,False,False,True,False,0,Normal,0
348.7,69,149,1,2445.58,0.1376797982923558,4,3,25,2.0081090233945043,1,1,2518.516666666667,14,False,True,False,False,True,False,0,Normal,0
114.23,56,64,1,9523.72,-0.6127681800025087,3,8,22,-0.5082863393384428,1,1,864.3666666666667,9,True,False,False,False,False,False,0,Normal,0
507.25,73,143,1,5331.57,0.7195424963793816,4,6,21,1.6289194007311767,1,1,3479.766666666667,42,True,True,False,False,True,False,0,Normal,0
17.21,23,219,1,914.16,-0.9416592843294412,5,3,31,-0.9366172509469948,1,1,1343.95,29,True,False,True,False,False,True,0,Normal,0
74.11,22,49,1,1257.9,-0.7487722111877956,5,4,26,-0.7487722111877956,1,1,936.2166666666668,38,True,True,False,False,False,True,0,Normal,0
584.82,43,109,1,12071.1,0.9080524773930684,4,5,27,6.891242654280899,1,1,2184.1,26,False,False,True,False,False,False,0,Normal,0
697.82,44,153,1,6824.0,1.3655616445094942,6,5,22,1.1180398490946235,1,1,983.9833333333332,27,True,False,True,True,False,False,0,Normal,0
776.21,78,99,1,4895.87,1.5324876250005788,2,5,25,1.5324876250005788,1,1,936.2166666666668,33,False,False,True,False,True,False,0,Normal,0
189.77,58,24,1,6570.36,-0.3566927932692941,6,6,26,-0.7555171915389944,1,0,118.88333333333334,33,True,True,False,True,False,False,0,Normal,0
26.31,77,163,1,7095.76,-0.9141601475626274,2,5,33,-0.945526820543848,1,1,3960.5,2,False,False,True,False,True,False,1,Normal,0
310.09,36,166,1,9962.5,0.0511837030470994,4,6,32,-0.0625018893796113,1,1,2520.1833333333334,11,True,True,False,False,False,False,0,Normal,0
284.89,53,115,1,9738.6,-0.0342425578170388,6,4,29,-0.1250172756798561,1,1,577.0666666666667,1,True,False,True,False,False,False,0,Normal,0
432.1,49,240,1,2114.3,0.4647891827309692,7,7,26,0.4647891827309692,1,1,936.2166666666668,37,True,False,False,True,False,False,0,Normal,0
25.77,45,277,1,11749.77,-0.9159219688683804,2,3,25,-0.9403610253636636,1,1,2856.7833333333333,36,False,False,True,False,False,False,0,Normal,0
703.89,46,62,1,3583.67,1.386138525598594,3,3,27,2.0746281605056973,1,1,1607.45,35,True,False,True,True,False,False,0,Normal,0
54.5,57,147,1,1715.22,-0.8221865501382284,5,5,18,-0.8592652505011399,1,1,1464.2833333333333,30,False,True,False,False,True,False,0,Normal,0
94.3,57,57,1,11088.95,-0.6803295045668848,3,5,29,-0.6898689402270273,1,1,792.9,31,True,True,False,False,False,False,0,Normal,0
38.14,50,165,1,9879.87,-0.870708028778393,3,5,15,-0.870708028778393,1,1,936.2166666666668,32,True,True,False,True,False,False,0,Normal,0
67.07,24,56,1,999.62,-0.7811752652987572,7,5,26,0.7585212176580697,1,1,1416.1333333333334,20,False,False,False,False,False,True,0,Normal,0
241.11,30,55,1,12385.05,-0.1826537364135456,7,6,21,3.583404551213677,1,1,264.28333333333336,8,True,True,False,False,False,False,0,Normal,0
5.81,25,222,1,1290.95,-0.9803044975775038,4,6,29,-0.949670816444293,1,1,168.91666666666666,15,True,False,False,False,False,True,0,Normal,0
445.79,52,161,1,717.99,0.511197337938511,3,8,27,4.063925208713542,1,1,335.71666666666664,19,True,False,False,False,False,False,0,Normal,0
16.8,49,94,1,11847.07,-0.9430491560339768,3,7,25,-0.8947262827430927,1,1,3431.7,36,True,False,False,False,False,False,0,Normal,0
545.87,27,41,1,4860.01,0.8504616310846602,3,3,45,0.8504616310846602,1,1,936.2166666666668,24,True,True,False,True,False,False,1,Normal,0
270.72,38,37,1,6522.47,-0.0822778798981831,5,5,19,-0.5040577417625849,1,1,2016.9,20,True,True,False,False,False,False,0,Normal,0
107.47,67,144,1,7517.5,-0.6356841134724125,5,4,23,-0.7367834513359619,1,1,384.23333333333335,2,True,False,True,False,True,False,0,Normal,0
55.89,72,150,1,3689.65,-0.8105367537649624,4,5,45,-0.8185507408007574,1,1,3047.25,14,True,False,True,False,True,False,1,Normal,0
61.33,27,129,1,7537.4,-0.7920955291974658,3,4,27,-0.7496606939143399,1,1,817.4,33,True,False,False,True,False,False,0,Normal,0
5.12,34,90,1,3293.01,-0.9826435499583076,4,6,31,-0.9754148693174992,1,1,549.8333333333334,27,True,True,False,True,False,False,0,Normal,0
306.9,46,51,1,9418.08,0.0403698231996152,5,5,28,0.7597477020656667,1,1,1152.3833333333334,7,True,False,True,True,False,False,0,Normal,0
325.03,60,106,1,13521.76,0.1018292719879814,2,8,22,0.1018292719879814,1,1,936.2166666666668,17,True,True,False,False,False,False,0,Normal,0
922.55,63,87,1,4715.84,2.1273808351443275,3,5,31,1.8383533771087184,1,1,287.46666666666664,11,True,False,False,False,True,False,0,Normal,0
263.34,64,55,1,2411.02,-0.1072955705798238,2,3,27,-0.5778386947885688,1,1,1057.1833333333334,10,True,False,False,False,True,False,0,Normal,0
0.32,39,136,1,7158.58,-0.998915218694334,8,10,27,-0.9993646235418858,1,1,3576.016666666667,4,True,False,False,True,False,False,0,Normal,0
185.71,48,194,1,2679.91,-0.3704559130751831,4,7,27,-0.5084566302944427,1,1,70.51666666666667,41,True,True,False,True,False,False,0,Normal,0
375.45,19,32,1,1307.23,0.2727495923359915,7,5,32,0.1062494472251703,1,1,2881.7,13,True,True,False,False,False,True,0,Normal,0
590.01,29,140,3,9791.74,1.000093184836369,5,6,24,1.000093184836369,1,1,936.2166666666668,38,True,False,True,False,False,False,0,Normal,0
72.75,64,15,1,12042.79,-0.7533825173296698,8,2,25,-0.8766970036496042,1,1,2015.8,31,True,False,False,False,False,False,0,Normal,0
167.92,40,136,2,14321.73,-0.4307627853280808,6,4,24,-0.493270564025377,1,1,1345.4,22,True,False,False,False,False,False,0,Normal,0
885.33,47,59,1,7764.16,1.8885060340445807,8,3,31,2.197368413116838,0,1,1368.7833333333333,33,False,False,False,True,False,False,4,High confidence fraud,1
113.64,62,32,1,6675.03,-0.6147682392846454,4,6,31,-0.735106437060142,1,1,1510.4666666666667,11,True,False,True,False,True,False,0,Normal,0
335.68,24,142,1,1188.95,0.1379320369960399,3,4,29,0.1379320369960399,1,1,936.2166666666668,40,True,False,True,False,False,True,0,Normal,0
302.63,27,10,1,2801.28,-0.0126296601447515,7,3,27,-0.0126296601447515,1,1,936.2166666666668,38,False,True,False,True,False,False,0,Normal,0
99.16,79,202,1,2607.58,-0.6638544399716582,8,4,21,-0.6723391578087461,1,1,0.5166666666666667,37,True,False,True,False,True,False,0,Normal,0
123.35,31,10,1,6852.16,-0.5975543336547283,3,5,32,-0.3859976585480093,1,1,3935.0833333333335,3,False,False,True,False,False,False,0,Normal,0
278.88,64,179,2,1334.09,-0.0546160430469384,3,7,32,0.5931751499037868,1,1,1175.8833333333334,18,True,True,False,False,False,False,0,Normal,0
232.12,37,51,1,6689.87,-0.2131292159837284,7,5,34,0.1547971435795272,1,1,2160.633333333333,29,True,False,False,True,False,False,0,Normal,0
350.14,75,38,1,2403.25,0.1423779884410304,4,5,26,0.1423779884410304,1,1,936.2166666666668,20,False,False,True,False,True,False,0,Normal,0
1151.18,65,105,1,1100.06,2.9024207566271825,3,7,23,2.2877705995094235,1,1,3694.6,18,True,False,False,False,False,False,0,Normal,0
233.1,42,37,1,7469.2,-0.2394804664206813,3,3,26,-0.2394804664206813,1,1,936.2166666666668,26,False,True,False,False,False,False,0,Normal,0
145.54,21,96,1,1930.96,-0.5066294408098037,2,1,33,-0.3756327740213094,1,1,1079.25,33,True,False,True,False,False,True,0,Normal,0
25.32,19,25,1,1642.34,-0.91416694402753,7,10,24,-0.8662581826206519,1,1,121.1,28,True,False,False,False,False,True,0,Normal,0
112.72,31,17,1,9630.0,-0.6178869757923837,8,4,33,-0.1628874133858247,1,1,478.75,42,True,True,False,False,False,False,0,Normal,0
272.97,68,174,1,7811.31,-0.0746505351781707,6,2,27,1.11326158463063,1,1,506.1333333333333,4,True,False,True,False,True,False,0,Normal,0
211.36,47,194,1,4760.34,-0.2835041832670423,6,2,22,0.3383144409655262,1,1,3598.4333333333334,37,True,True,False,True,False,False,0,Normal,0
112.66,29,176,3,852.98,-0.6180903716515841,8,7,24,-0.3247220288025773,0,1,95.33333333333331,30,True,False,True,True,False,False,4,High confidence fraud,1
440.43,78,23,1,5123.24,0.4930273078499482,5,8,32,1.7683335167703762,1,1,73.21666666666667,7,True,True,False,False,True,False,0,Normal,0
188.61,67,26,1,7167.57,-0.3606251132138338,9,3,22,-0.0290972265409059,1,0,2447.583333333333,4,True,False,True,False,True,False,1,Normal,0
18.68,59,106,1,7948.37,-0.9390540300865068,5,4,27,-0.9390540300865068,1,1,936.2166666666668,0,False,True,False,False,True,False,0,Normal,0
120.62,23,85,1,9379.53,-0.5911065209976737,4,8,25,5.457173155397582,1,1,143.68333333333334,33,True,False,False,False,False,True,0,Normal,0
201.33,42,186,1,2585.07,-0.3431342865758127,5,6,26,1.8905958091802468,1,1,720.3833333333333,26,False,True,False,True,False,False,0,Normal,0
37.58,57,182,1,259.44,-0.8726063901309294,4,5,23,-0.6690250359420042,1,1,457.3666666666667,16,True,False,False,False,False,False,0,Normal,0
66.76,36,44,1,184.72,-0.7821866812335413,8,4,31,-0.2939372275303432,1,1,168.11666666666667,2,False,True,False,False,False,False,0,Normal,0
411.72,29,153,1,8539.86,0.3957023892225907,2,9,33,3.6263792657215177,1,1,1368.2333333333331,42,True,True,False,False,False,False,0,Normal,0
84.91,18,68,1,1671.86,-0.7121609565317364,5,5,21,-0.4053158056801237,1,0,2831.9166666666665,33,True,False,True,False,False,True,0,Normal,0
35.16,32,130,1,8459.18,-0.8808100231186762,4,6,25,-0.7386151177035835,1,1,215.2,6,True,True,False,True,False,False,0,Normal,0
332.93,35,293,1,2788.2,0.0862280909002746,9,6,25,1.726811075582038,1,0,622.65,0,False,True,False,True,False,False,2,Medium confidence / needs review,1
176.52,73,94,5,7132.08,-0.4240801876790173,4,5,17,-0.4240801876790173,1,1,936.2166666666668,36,False,False,True,False,True,False,3,High confidence fraud,1
149.4,53,123,1,1035.22,-0.493544307201249,4,4,25,-0.1536369807747735,1,1,1175.4,6,True,False,False,False,True,False,0,Normal,0
14.92,26,120,1,6611.26,-0.9494222262889204,3,5,24,-0.9084437843124462,1,1,480.35,19,True,True,False,True,False,False,0,Normal,0
388.98,23,155,1,1819.91,0.3186153585856658,9,5,32,2.4237178521559866,1,1,2184.3166666666666,14,True,False,False,False,False,True,0,Normal,0
504.71,29,61,1,6214.54,0.7109320716732342,2,5,30,0.7109320716732342,1,1,936.2166666666668,11,True,False,True,True,False,False,0,Normal,0
21.13,28,153,1,948.7,-0.9283707548616864,6,6,24,-0.9581343722966964,1,1,357.7333333333333,9,True,True,False,False,False,True,0,Normal,0
737.1,60,92,1,4644.19,1.4987181336659765,4,4,24,1.8035143701372491,1,1,2040.0,42,True,False,False,False,True,False,0,Normal,0
410.97,22,45,1,151.42,0.3931599409825866,7,4,45,-0.0237778516229325,1,1,1632.8333333333333,20,True,False,False,False,False,True,1,Normal,0
152.34,55,115,1,6853.51,-0.4835779101004329,6,5,24,-0.6359660898472055,1,1,408.15,29,True,True,False,False,False,False,0,Normal,0
42.58,30,80,1,13485.0,-0.8556567351975687,5,4,27,-0.8556567351975687,1,1,936.2166666666668,38,True,False,True,False,False,False,0,Normal,0
169.28,45,114,1,5128.44,-0.4261524791862066,4,6,27,2.975575317623877,1,1,1177.6,30,True,True,False,False,False,False,0,Normal,0
331.22,61,161,1,12613.25,0.0806489900987237,7,9,22,2.1267818169849733,1,1,1414.3166666666666,28,False,True,False,False,False,False,0,Normal,0
262.43,37,274,5,12841.01,-0.143787468461915,3,2,26,0.4496759200319883,1,1,456.98333333333335,36,False,False,True,False,False,False,3,High confidence fraud,1
77.44,58,268,1,1950.63,-0.7374837410021774,5,6,26,-0.6154485947265778,1,1,311.03333333333336,42,True,True,False,False,True,False,0,Normal,0
178.55,55,67,1,7568.4,-0.3947278189397557,4,5,21,0.0110991561747599,1,1,4127.8,15,True,True,False,True,False,False,0,Normal,0
3.65,69,146,1,10017.11,-0.9876267485087156,3,4,22,-0.9876267485087156,1,1,936.2166666666668,24,True,False,True,False,False,False,0,Normal,0
91.23,72,86,1,6385.12,-0.6907365926959682,5,4,26,23.99451397410576,1,1,2182.4166666666665,4,True,False,False,False,True,False,2,Medium confidence / needs review,1
290.86,45,36,1,14631.88,-0.0140046698266059,5,5,32,5.131112876662882,1,1,505.53333333333336,21,True,False,True,False,False,False,0,Normal,0
180.65,22,38,5,816.01,-0.3876089638677442,2,5,21,0.4049618882799665,1,1,4368.15,5,True,True,False,False,False,True,3,High confidence fraud,1
77.25,68,157,1,14077.97,-0.738127827889645,9,5,27,-0.4544395172623844,1,1,431.9166666666667,41,True,True,False,False,False,False,0,Normal,0
10.77,31,178,1,10704.95,-0.96349043988361,3,3,28,-0.96349043988361,1,1,936.2166666666668,16,True,False,False,False,False,False,0,Normal,0
273.92,28,35,1,1029.15,-0.0714301007408322,8,9,21,24.433609616192243,1,1,1464.9333333333334,41,True,False,True,False,False,True,2,Medium confidence / needs review,1
177.19,76,43,1,5343.3,-0.3993381250816299,2,4,30,0.2447925796846213,1,1,167.51666666666668,6,True,False,True,False,True,False,0,Normal,0
67.25,19,157,1,467.4,-0.7720271377563666,8,4,33,-0.5631982296492711,1,1,1175.2166666666667,24,True,False,True,False,False,True,0,Normal,0
111.26,66,43,1,14350.11,-0.622836275032925,5,2,28,-0.1589212468851038,1,1,1104.4833333333331,4,True,False,False,False,False,False,0,Normal,0
101.28,32,75,1,2774.35,-0.6695606229472606,2,3,18,-0.2092318726929537,1,0,121.2,6,False,False,True,True,False,False,2,Medium confidence / needs review,1
414.77,29,274,1,5599.81,0.4060416787319406,4,9,33,2.355427597000599,1,1,3143.3,37,True,False,True,False,False,False,0,Normal,0
138.12,53,281,1,1649.69,-0.5493652583103377,4,5,25,-0.5493652583103377,1,1,936.2166666666668,20,False,True,False,False,False,False,0,Normal,0
48.77,42,51,1,2040.16,-0.8408814317714959,5,4,33,-0.6469012406103298,1,1,1560.5166666666669,2,False,False,True,True,False,False,0,Normal,0
585.58,23,55,1,1729.02,0.9850757905654116,1,5,31,5.2665738641278415,1,1,1942.4,33,True,True,False,False,False,True,0,Normal,0
590.68,27,23,1,852.2,1.0023644385974393,3,6,23,1.2939919946639014,1,1,504.7166666666666,42,True,True,False,False,False,True,0,Normal,0
44.54,31,164,1,362.4,-0.8490124704636912,8,4,26,-0.8693027154185446,1,1,503.45,35,True,False,False,True,False,False,0,Normal,0
746.78,21,64,1,1699.81,1.4364683638370432,4,1,32,1.652501610253317,1,1,1008.1,23,False,True,False,False,False,True,0,Normal,0
26.1,66,115,1,5243.0,-0.9148453002926424,4,3,24,-0.9273139075671124,1,1,97.26666666666668,11,False,True,False,False,False,False,0,Normal,0
304.93,65,158,1,13531.22,0.0336916591558712,5,6,22,0.0336916591558712,1,1,936.2166666666668,32,True,False,False,False,False,False,0,Normal,0
160.52,78,112,1,5379.25,-0.4762823004420674,3,5,21,-0.4735840997160525,1,1,3935.866666666667,17,False,False,False,False,True,False,0,Normal,0
48.29,37,242,1,8883.4,-0.8363002292636706,7,3,30,-0.7925018764958562,1,1,1177.7166666666667,36,True,False,True,True,False,False,0,Normal,0
18.41,53,168,1,8287.54,-0.9375913671454346,4,4,15,-0.8924942525840255,1,1,1607.4666666666667,1,True,True,False,False,False,False,0,Normal,0
70.03,63,49,1,7330.31,-0.762603129613418,6,5,24,-0.4736070621170191,1,1,409.1333333333333,26,True,True,False,False,True,False,0,Normal,0
840.16,20,68,1,1236.76,1.7411329444503945,2,3,33,1.7411329444503945,1,1,936.2166666666668,7,False,True,False,False,False,True,0,Normal,0
153.07,56,116,1,8873.43,-0.4811032604801623,6,7,21,-0.8178085116908582,1,1,338.03333333333336,11,True,False,False,True,False,False,0,Normal,0
1026.46,53,165,1,3134.47,2.479628563969431,4,7,30,2.479628563969431,1,1,936.2166666666668,30,True,True,False,False,True,False,0,Normal,0
433.53,38,231,1,6368.32,0.4696367840419102,8,10,22,-0.5776454995054405,1,0,2880.4333333333334,30,True,True,False,False,False,False,0,Normal,0
883.92,53,129,1,2342.64,1.8839057228573368,6,4,16,0.2108576083249095,1,1,359.03333333333336,40,False,False,True,False,True,False,1,Normal,0
426.93,19,248,1,476.19,0.4472632395298741,8,2,27,-0.4535669025855511,1,1,1248.95,29,True,False,False,False,False,True,0,Normal,0
331.98,74,12,1,7600.99,0.125389292345353,4,5,28,0.125389292345353,1,1,936.2166666666668,10,True,False,False,False,True,False,0,Normal,0
1169.59,28,114,1,5946.45,2.964829386091816,7,3,25,2.52307367153722,1,1,2856.5333333333333,27,True,False,True,False,False,True,0,Normal,0
430.35,36,205,1,354.9,0.4588568035042929,4,6,29,0.4588568035042929,1,1,936.2166666666668,5,True,False,True,False,False,False,0,Normal,0
767.66,63,155,1,1801.69,1.6023144246186771,5,2,25,0.7838038787410155,1,1,1848.35,38,True,False,False,False,False,False,0,Normal,0
758.12,69,90,1,6164.65,1.569974483005825,8,2,33,0.2656321729106899,1,1,1345.0333333333333,37,True,False,False,False,True,False,1,Normal,0
275.65,28,14,1,4957.57,-0.1006554727914449,4,7,33,-0.5772520222420003,1,1,1006.1,1,False,True,False,True,False,False,0,Normal,0
842.01,53,185,1,509.45,1.7471688137386223,2,7,32,0.5091272428122356,1,1,695.85,41,False,False,True,False,False,False,0,Normal,0
20.05,72,171,1,7145.67,-0.9320318803272922,3,6,27,-0.9673855387528336,1,1,1873.0,6,True,False,False,False,True,False,0,Normal,0
32.46,31,10,1,8656.18,-0.889962836782691,4,4,22,-0.889962836782691,1,1,936.2166666666668,5,True,False,True,False,False,False,0,Normal,0
165.91,26,84,1,587.12,-0.4375765466112918,7,8,27,4.111213674947207,1,1,118.68333333333334,17,True,False,False,False,False,True,0,Normal,0
508.16,39,131,1,5609.44,0.7226273335772533,3,3,31,4.123355304498107,1,1,312.65,23,True,False,False,True,False,False,0,Normal,0
283.15,24,180,1,603.79,-0.0401410377338484,6,2,22,0.2022844032003549,1,1,3262.2,3,True,False,True,False,False,True,0,Normal,0
39.24,77,106,1,6462.41,-0.8669791046930536,5,9,21,-0.8414032784681784,1,1,2282.0333333333333,9,True,False,False,False,True,False,0,Normal,0
175.07,28,169,2,9274.64,-0.4065247787733749,4,4,29,-0.1492535855593556,1,1,214.4333333333333,19,True,False,True,True,False,False,0,Normal,0
588.36,33,134,1,8434.99,0.99449979870836,5,4,32,0.99449979870836,1,1,936.2166666666668,5,True,False,True,True,False,False,0,Normal,0
137.86,66,120,1,8046.94,-0.5502135426427371,5,5,28,-0.7656876729116736,1,1,5544.133333333333,34,False,False,True,False,False,False,0,Normal,0
353.68,70,145,1,6777.12,0.1989507947561387,5,6,26,-0.0259700916362257,1,1,1680.2666666666669,19,True,False,True,False,True,False,0,Normal,0
166.68,57,139,1,5141.19,-0.4349662997515542,1,6,21,-0.4349662997515542,1,1,936.2166666666668,23,True,False,False,False,True,False,0,Normal,0
506.83,37,45,1,9975.79,0.7181187253649792,5,6,29,2.040736728817274,1,1,670.6666666666666,16,True,True,False,True,False,False,0,Normal,0
584.88,26,121,1,548.45,0.982702838874741,7,8,29,0.7368116264441162,1,1,5735.866666666667,30,True,False,False,False,False,True,1,Normal,0
73.88,39,34,1,6474.41,-0.7495518953147302,2,4,32,-0.7495518953147302,1,1,936.2166666666668,5,True,False,True,False,False,False,0,Normal,0
389.63,27,99,1,9748.48,0.3208188137270027,6,6,29,4.27382235687842,1,1,1079.8833333333334,23,True,False,True,True,False,False,0,Normal,0
18.23,56,28,1,8422.2,-0.9382015547230356,6,7,29,-0.921339341453952,1,1,817.1833333333333,26,True,False,False,True,False,False,0,Normal,0
620.54,28,98,1,213.36,1.0245936941365776,5,5,30,2.864366652980653,1,1,118.91666666666669,29,False,True,False,False,False,True,0,Normal,0
512.76,52,26,1,5121.36,0.7382210161159452,4,3,19,0.8607250395154588,1,1,360.18333333333334,14,True,False,False,False,False,False,0,Normal,0
60.65,56,53,1,1047.28,-0.802121363044931,4,3,25,-0.8122337502097975,1,1,1081.6333333333334,40,False,True,False,False,True,False,0,Normal,0
83.43,56,109,1,1870.16,-0.7171780543920111,6,5,21,-0.7012693253479964,1,1,94.21666666666668,27,True,False,True,False,True,False,0,Normal,0
83.62,48,146,1,12652.22,-0.7165339675045435,3,1,15,-0.6672540789310686,1,1,552.8333333333334,33,True,False,False,False,False,False,0,Normal,0
963.77,41,248,1,6710.51,2.2671137904149536,1,4,23,3.184073702490536,1,1,455.45,21,True,False,False,True,False,False,0,Normal,0
277.22,35,41,1,12104.51,-0.0602433284848141,7,2,22,-0.1110026328076422,1,1,888.4166666666666,18,True,True,False,False,False,False,0,Normal,0
326.29,56,179,1,8171.26,0.1061005850311885,5,7,31,0.0581017142937232,1,1,2664.0,10,True,False,True,True,False,False,0,Normal,0
630.36,62,52,1,1363.65,1.1368769001485906,3,3,27,1.1368769001485906,1,1,936.2166666666668,23,True,False,False,False,True,False,0,Normal,0
79.14,57,22,1,2229.56,-0.7417952964831313,5,3,24,-0.8744526923116114,1,1,985.1666666666666,32,False,False,True,False,True,False,0,Normal,0
92.24,60,93,1,6937.48,-0.6873127623994294,8,3,21,-0.7399859034813646,1,1,24.4,30,True,True,False,True,False,False,0,Normal,0
189.03,28,50,1,1916.46,-0.3592013421994315,5,7,26,-0.2926759287574179,1,1,168.15,28,True,False,False,False,False,True,0,Normal,0
237.99,39,86,1,8510.09,-0.223526195707474,4,4,24,-0.0391715532800889,1,1,430.85,18,False,True,False,False,False,False,0,Normal,0
66.69,25,140,1,1210.33,-0.7824150654768797,3,3,24,-0.7286288586516941,1,1,4247.3,35,False,True,False,False,False,True,0,Normal,0
304.15,20,40,1,686.91,0.0310475129862668,1,9,19,0.4086996777550672,1,1,648.1,1,True,True,False,False,False,True,1,Normal,0
202.34,20,134,1,1223.45,-0.3140813607668252,3,4,24,-0.3140813607668252,1,1,936.2166666666668,27,True,False,True,False,False,True,0,Normal,0
35.94,23,141,1,1697.28,-0.8827410009433666,6,7,24,-0.8223781712840854,1,1,2831.833333333333,14,False,True,False,False,False,True,0,Normal,0
373.99,60,140,1,8590.5,0.2678002930954502,5,3,26,2.1390800559083427,1,1,4032.0833333333335,34,True,False,False,False,False,False,0,Normal,0
97.22,77,55,1,6647.73,-0.6828069090608846,4,6,21,-0.6828069090608846,1,1,936.2166666666668,1,False,True,False,False,True,False,0,Normal,0
249.34,26,197,1,3030.97,-0.1547546043932338,5,9,30,1.5646986055883707,1,1,4223.85,5,True,False,False,True,False,False,0,Normal,0
95.23,20,60,3,966.88,-0.6771768687492796,6,5,16,-0.4504270518788836,1,1,1489.4333333333334,10,True,False,True,False,False,True,1,Normal,0
79.21,56,140,1,1615.04,-0.7314835631557677,5,2,23,-0.4621200086322461,1,1,935.0833333333334,7,True,True,False,False,True,False,0,Normal,0
121.82,69,123,3,8354.54,-0.5870386038136671,5,7,27,-0.5870386038136671,1,1,936.2166666666668,7,True,False,True,False,False,False,0,Normal,0
16.27,57,44,1,10971.32,-0.9448458194569131,9,6,31,-0.8664422847936112,1,1,144.63333333333333,1,True,False,False,False,False,False,0,Normal,0
26.1,27,32,1,1435.72,-0.9115227978579256,6,5,32,-0.6219856525166826,1,1,94.38333333333334,23,True,False,False,False,False,True,0,Normal,0
7.38,67,105,1,2923.83,-0.9749823059284284,1,5,21,-0.865156205643044,1,1,624.4333333333333,15,True,False,True,False,True,False,0,Normal,0
451.68,33,15,1,4381.54,0.53116403145001,5,4,15,9.53051210513465,1,0,818.1333333333333,15,True,False,True,True,False,False,1,Normal,0
1.41,53,278,1,1244.17,-0.9952201939188612,4,6,27,-0.9886883193847708,1,1,1198.1166666666666,34,True,False,False,False,True,False,0,Normal,0
27.64,54,23,1,7498.51,-0.9063023041384508,6,1,33,-0.7345115672412682,1,1,48.2,27,True,False,True,True,False,False,0,Normal,0
508.73,59,89,1,7640.57,0.7245595942396564,3,2,27,4.459313151594064,1,1,839.1333333333333,6,True,True,False,False,True,False,0,Normal,0
459.29,64,109,1,1006.12,0.4984942764464631,2,3,22,0.4984942764464631,1,1,936.2166666666668,18,False,False,True,False,True,False,0,Normal,0
408.28,21,125,3,1222.77,0.3320674156937638,6,4,33,-0.11106272701112,1,1,1150.4333333333334,26,False,True,False,False,False,True,1,Normal,0
1096.7,24,147,1,1093.89,2.717737316473284,2,5,32,1.528210976570857,1,1,288.3,7,True,False,True,False,False,True,0,Normal,0
316.56,28,261,1,8643.51,0.0731165565308683,2,3,27,-0.5165226768470892,1,1,3721.65,10,True,False,True,True,False,False,0,Normal,0
71.53,68,39,1,2393.73,-0.7666239263660569,4,4,26,-0.8745544369820558,1,1,1486.3166666666666,17,False,True,False,False,True,False,0,Normal,0
53.83,70,131,1,4580.59,-0.817520011597507,5,3,29,-0.817520011597507,1,1,936.2166666666668,3,True,True,False,False,True,False,0,Normal,0
251.18,42,246,1,8303.9,-0.1485171313777571,5,8,27,3.666171211848947,1,1,23.5,38,True,False,False,True,False,False,0,Normal,0
471.75,34,41,1,12948.5,0.5391466717606884,7,6,26,2.0933411882014283,1,0,121.66666666666669,38,False,True,False,False,False,False,1,Normal,0
98.71,32,117,1,10095.23,-0.6653799089156607,3,6,32,-0.6187625497498744,1,1,2495.1666666666665,13,True,False,False,False,False,False,0,Normal,0
675.37,56,31,1,4704.91,1.2034838093114553,2,5,32,2.085748217137089,1,1,2447.0666666666666,17,False,False,True,False,True,False,0,Normal,0
144.77,20,159,1,867.32,-0.5092396876695411,2,5,29,-0.5092396876695411,1,1,936.2166666666668,0,True,False,True,False,False,True,0,Normal,0
101.52,49,98,1,2018.9,-0.6558542028431119,5,3,21,-0.2987497389048164,1,1,551.5666666666667,40,True,False,False,True,False,False,0,Normal,0
653.97,37,100,1,3886.65,1.2169131707439202,1,9,25,4.310568806605475,1,1,1345.3166666666666,24,True,False,True,True,False,False,0,Normal,0
611.11,20,282,4,919.84,1.0716207286551516,6,5,21,1.0364450235383835,1,1,336.85,11,True,False,False,False,False,True,2,Medium confidence / needs review,1
354.4,74,128,1,7358.65,0.2013915450665426,4,3,26,-0.0620430468725909,1,1,454.85,6,True,False,False,False,True,False,0,Normal,0
781.76,26,123,1,189.69,1.6501124515307548,4,5,31,1.095006348330699,1,1,335.26666666666665,22,True,False,False,False,False,True,0,Normal,0
1063.25,21,128,1,1240.71,2.468993527969698,6,5,32,2.468993527969698,1,1,936.2166666666668,29,False,False,True,False,False,True,1,Normal,0
383.37,30,24,1,8901.93,0.299597845750435,7,6,34,-0.6394356918509891,1,1,168.58333333333334,13,True,True,False,True,False,False,0,Normal,0
103.08,49,150,1,9251.38,-0.6636878852614175,5,6,28,-0.8574884892266268,1,1,815.4166666666666,25,False,True,False,True,False,False,0,Normal,0
276.56,68,15,1,8942.58,-0.0624806829360178,4,2,31,-0.4646189576086618,1,1,1008.6333333333332,2,True,True,False,False,False,False,0,Normal,0
91.9,77,125,1,1033.94,-0.6884653389348979,4,4,25,-0.798714310561006,1,1,838.8833333333333,6,True,False,True,False,True,False,0,Normal,0
215.94,22,140,1,1841.69,-0.2954672323590526,8,7,25,-0.4371168191466905,1,1,503.78333333333336,41,False,False,True,False,False,True,0,Normal,0
444.89,43,101,1,10328.23,0.4515123749597179,1,5,30,0.2508036167448471,1,1,2352.35,19,False,True,False,False,False,False,0,Normal,0
1212.51,20,24,1,605.95,3.1103252240397854,3,5,25,2.2910441622350963,1,1,552.15,16,True,True,False,False,False,True,0,Normal,0
162.1,64,221,1,9578.74,-0.4504921836705127,3,6,27,-0.6579717775909866,1,1,1463.6333333333334,3,True,True,False,False,False,False,0,Normal,0
96.89,59,53,1,6044.93,-0.671549583311404,7,3,32,-0.671549583311404,1,1,936.2166666666668,34,True,False,False,False,True,False,0,Normal,0
53.14,34,70,1,7915.0,-0.8198590639783108,5,2,29,-0.4515429822319849,1,1,865.2833333333333,19,True,False,False,False,False,False,0,Normal,0
452.8,80,151,1,4840.67,0.5349607541550828,5,7,21,5.036126040976791,1,1,5207.433333333333,20,True,True,False,False,True,False,0,Normal,0
11.3,55,41,1,1938.99,-0.9631322545984636,3,5,24,-0.9437652359184252,1,1,167.8,21,False,False,True,False,True,False,0,Normal,0
10.31,36,280,1,2137.9,-0.9650498081374792,6,4,27,-0.9650498081374792,1,1,936.2166666666668,21,True,False,True,True,False,False,0,Normal,0
119.72,30,123,1,3435.34,-0.5941574588856786,6,6,26,10.61202612880445,1,1,505.8666666666667,40,True,True,False,True,False,False,0,Normal,0
192.97,59,140,1,3019.04,-0.3458450141119433,6,4,22,1.9680842579699411,1,1,909.9166666666666,34,True,False,False,False,True,False,0,Normal,0
796.3,67,64,1,1498.79,1.6994020480769678,5,5,29,6.3959751727928005,1,1,215.88333333333333,2,True,True,False,False,True,False,0,Normal,0
31.81,51,149,1,1406.6,-0.8921662919240277,4,8,27,-0.8863218051056131,1,1,361.6333333333333,13,True,False,True,False,True,False,0,Normal,0
254.0,35,63,1,5788.53,-0.1389575259953416,4,11,22,0.1032829177781319,1,1,935.8666666666668,26,True,True,False,False,False,False,0,Normal,0
220.2,28,102,1,1075.15,-0.2535371933448605,4,5,28,-0.0597177442632202,1,1,2854.866666666667,4,True,False,True,False,False,True,0,Normal,0
124.76,49,45,1,5764.72,-0.577072206712851,6,2,31,-0.4626748108122612,0,1,840.1166666666667,39,True,True,False,True,False,False,3,High confidence fraud,1
90.94,63,56,1,3896.08,-0.7032962383203818,4,5,27,-0.5842909114067852,1,1,937.3833333333332,7,False,False,False,False,True,False,0,Normal,0
162.1,41,151,1,8576.65,-0.4504921836705127,3,6,25,-0.2075545478471106,1,1,287.65,25,True,True,False,True,False,False,0,Normal,0
78.77,48,50,1,6470.57,-0.7430024703407768,4,8,25,-0.7430024703407768,1,1,936.2166666666668,19,False,False,False,True,False,False,0,Normal,0
195.49,31,212,1,11988.12,-0.3373023880255294,3,6,22,1.4817823856572,1,1,837.9666666666667,22,True,False,False,False,False,False,0,Normal,0
119.18,56,96,1,5516.5,-0.5959880216184815,7,5,23,-0.1308976873703952,1,1,1777.45,20,True,True,False,False,True,False,0,Normal,0
1454.52,27,20,1,1189.03,3.9307224221243136,3,4,30,10.090788861650145,1,1,670.2,24,True,False,False,False,False,True,0,Normal,0
168.53,71,112,1,5962.58,-0.4286949274262107,8,3,29,-0.4286949274262107,1,1,936.2166666666668,37,True,False,False,False,True,False,0,Normal,0
177.05,24,235,1,4287.82,-0.3998127154197639,4,4,30,0.0505547970654792,1,1,1823.8666666666663,30,True,True,False,False,False,True,0,Normal,0
114.03,51,172,1,13388.56,-0.6134461661998432,3,5,23,-0.3400659740721919,1,1,2088.133333333333,32,True,False,False,False,False,False,0,Normal,0
206.84,20,154,1,454.66,-0.2988266713268004,8,6,19,-0.2988266713268004,1,1,936.2166666666668,30,True,True,False,False,False,True,0,Normal,0
465.45,36,129,1,3465.54,0.5778433811364855,4,7,31,1.250290073243618,1,1,2157.6,10,True,False,False,True,False,False,0,Normal,0
36.76,65,108,1,1228.93,-0.8800656426642604,6,4,24,-0.8800656426642604,1,1,936.2166666666668,30,False,False,True,False,True,False,0,Normal,0
54.05,27,146,1,469.14,-0.816774226780439,3,5,21,0.4703481917750764,1,1,360.03333333333336,21,True,True,False,False,False,True,0,Normal,0
213.42,45,17,1,3736.38,-0.2765209254344977,4,5,27,3.7003633146049264,1,1,2232.616666666667,8,True,False,False,True,False,False,0,Normal,0
60.54,57,52,1,3534.93,-0.8024802525701771,3,8,21,-0.4030174499258708,1,0,3360.366666666667,8,False,True,False,False,True,False,1,Normal,0
346.76,21,116,1,1637.75,0.131350292119836,4,6,23,2.8025056577842955,1,1,358.6666666666667,38,False,True,False,False,False,True,0,Normal,0
336.39,21,18,1,1000.46,0.1403388879965771,3,5,26,0.1403388879965771,1,1,936.2166666666668,35,True,True,False,False,False,True,0,Normal,0
337.73,78,107,4,7001.2,0.1448813955187179,1,4,33,0.0039834715539004,1,0,3048.3166666666666,35,True,False,True,False,True,False,4,High confidence fraud,1
351.99,80,45,2,3663.64,0.1932218113886628,4,2,32,0.0442947841799834,1,1,479.76666666666665,6,True,False,False,False,True,False,0,Normal,0
758.77,60,114,1,7231.47,1.572177938147162,5,2,30,1.2183878885741648,1,0,263.2333333333333,35,True,False,False,True,False,False,0,Normal,0
20.54,51,72,1,5327.03,-0.9303708141438228,3,3,23,-0.9539688921295124,1,1,1417.95,13,True,True,False,True,False,False,0,Normal,0
71.34,49,144,3,6345.03,-0.7581623200208775,5,5,25,-0.802428241621262,1,1,165.85,24,True,False,True,True,False,False,0,Normal,0
110.17,30,137,1,464.2,-0.6265312998083976,8,2,27,-0.647786608896865,1,1,240.13333333333333,33,True,False,False,True,False,False,0,Normal,0
354.91,74,191,1,3872.55,0.2031204098697455,3,5,21,0.2503560760809428,1,1,2448.4166666666665,4,True,False,False,False,True,False,0,Normal,0
1431.33,30,49,1,5567.98,3.852109922543386,6,4,19,3.852109922543386,1,1,936.2166666666668,5,True,False,False,False,False,False,0,Normal,0
792.57,19,164,1,770.37,1.686757605496681,3,3,27,-0.4462702518313244,1,1,2998.5333333333333,3,True,False,False,False,False,True,0,Normal,0
136.32,19,113,1,264.83,-0.5378846045069209,9,6,30,-0.8774045587684657,1,1,3410.4666666666667,24,True,False,True,False,False,True,0,Normal,0
30.48,32,78,1,11481.85,-0.9005549719237574,4,9,24,-0.9612578476227752,1,1,1293.6166666666666,39,False,True,False,False,False,False,0,Normal,0
341.88,43,89,1,4159.52,0.1589496091134073,7,3,24,0.1589496091134073,1,1,936.2166666666668,2,True,False,False,True,False,False,0,Normal,0
37.81,63,195,1,5208.98,-0.8718267060039948,4,7,27,-0.8894056368041253,1,1,960.1666666666666,7,True,True,False,False,True,False,0,Normal,0
775.23,59,38,1,5977.59,1.529290245593842,4,3,25,3.0834891459691374,1,1,335.93333333333334,0,False,False,True,False,False,False,0,Normal,0
158.02,49,120,1,9374.24,-0.464323102096135,7,5,45,-0.5895300092053216,1,1,1056.4833333333331,27,True,False,False,True,False,False,0,Normal,0
17.42,74,150,1,6851.31,-0.94094739882224,4,6,16,-0.9469282649719614,1,1,1176.25,9,True,False,False,False,True,False,0,Normal,0
254.86,23,102,1,699.9,-0.1360421853468035,1,5,33,-0.1360421853468035,1,1,936.2166666666668,4,True,True,False,False,False,True,0,Normal,0
113.03,36,12,1,6756.13,-0.6312246963868956,3,3,32,-0.5565016065428016,1,1,1152.5333333333333,40,False,False,True,False,False,False,0,Normal,0
147.31,34,92,1,13625.52,-0.5193816697920607,5,6,32,-0.1991627921435059,1,1,2135.2833333333333,23,False,False,True,False,False,False,0,Normal,0
231.92,66,12,1,5715.08,-0.2138072021810629,8,8,24,0.3504658364685605,1,1,672.8333333333334,16,True,False,False,False,False,False,0,Normal,0
35.76,23,122,1,611.86,-0.8787760645266728,4,4,27,-0.8085448077495192,1,1,1703.6333333333334,5,True,True,False,False,False,True,0,Normal,0
547.98,28,171,1,1358.54,0.8576143854665386,5,6,32,2.4997700637404834,1,1,839.4333333333333,28,True,False,False,False,False,True,0,Normal,0
261.45,50,96,1,6735.74,-0.1469848478686518,6,3,27,0.1787115090450766,1,0,71.96666666666667,28,False,False,True,True,False,False,0,Normal,0
340.05,43,37,1,7234.15,0.1527460354077973,4,4,31,0.4949036283987885,1,1,0.4,11,True,False,False,True,False,False,0,Normal,0
27.44,62,164,1,5950.48,-0.9069802903357852,9,3,27,-0.8863979760028237,1,0,239.95,4,True,False,False,False,True,False,1,Normal,0
336.84,22,100,1,4500.26,0.1418643569405795,3,4,24,0.1418643569405795,1,1,936.2166666666668,42,True,False,False,False,False,True,0,Normal,0
20.22,43,138,1,5515.32,-0.931455592059558,3,6,26,-0.939971497031316,1,1,73.03333333333333,17,True,False,False,True,False,False,0,Normal,0
53.52,49,55,1,2227.49,-0.8185708902033753,3,2,34,-0.7002184467584246,1,1,501.8666666666667,36,True,True,False,True,False,False,0,Normal,0
642.53,65,128,1,11417.91,1.178132360256391,7,6,26,3.694797576393413,1,1,3264.3,23,True,False,False,False,False,False,0,Normal,0
418.03,58,161,1,10721.29,0.4170928537484918,6,6,23,0.5877923461450663,1,1,505.1666666666667,2,True,False,True,False,False,False,0,Normal,0
118.69,33,296,1,749.34,-0.5976490878019509,5,9,25,-0.5976490878019509,1,1,936.2166666666668,29,True,False,True,False,False,False,0,Normal,0
736.32,31,28,1,14268.95,1.4960739874963722,6,8,27,5.203723943013532,1,1,1390.5,16,True,False,True,False,False,False,0,Normal,0
470.3,40,88,1,8524.09,0.5942845464218455,2,4,31,0.1001040921156382,1,1,3673.6666666666665,2,True,False,False,False,False,False,0,Normal,0
291.68,21,90,1,1451.02,-0.0112249264175348,2,4,27,-0.0112249264175348,1,1,936.2166666666668,8,True,False,False,False,False,True,0,Normal,0
425.18,26,172,1,9880.71,0.3872058972997356,4,5,23,0.4576933610199761,1,1,1389.8833333333334,7,False,False,True,True,False,False,0,Normal,0
121.17,68,158,1,12990.77,-0.5892420589550039,8,4,24,-0.6619423578887303,1,1,1969.5166666666669,31,True,False,False,False,False,False,0,Normal,0
628.36,44,108,1,11869.71,1.1300970381752464,2,4,32,1.1300970381752464,1,1,936.2166666666668,2,True,False,True,False,False,False,0,Normal,0
265.76,54,92,1,4446.17,-0.0990919375920771,4,1,24,-0.5770577366842929,1,1,409.65,30,True,False,True,False,True,False,0,Normal,0
54.52,32,164,1,6980.98,-0.8151809592167031,7,4,28,-0.8780476873841371,1,1,575.7333333333333,16,True,True,False,False,False,False,0,Normal,0
15.81,69,11,4,8384.85,-0.9464051877107822,5,3,27,-0.9500021052770216,1,1,1.0666666666666669,28,True,True,False,False,False,False,1,Normal,0
856.9,36,150,1,8579.69,1.9048318658693004,6,3,30,2.5539426510282843,1,1,357.56666666666666,27,True,True,False,True,False,False,0,Normal,0
99.36,40,46,1,1272.12,-0.6631764537743237,4,2,31,-0.7272352905063955,1,1,1272.75,39,True,False,False,False,False,False,0,Normal,0
144.93,42,74,1,6887.52,-0.5086972987116736,3,6,23,-0.5472611673373039,1,1,167.61666666666667,14,True,True,False,True,False,False,0,Normal,0
18.25,53,18,1,14328.29,-0.9381337561033022,4,6,21,-0.9381547575729152,1,1,2208.15,18,True,False,False,False,False,False,0,Normal,0
39.11,26,143,1,518.54,-0.867419795721321,4,4,27,-0.8498577147551637,1,1,385.4,8,True,False,True,False,False,True,0,Normal,0
19.76,20,240,1,1523.04,-0.9330149603134272,5,9,23,-0.9330149603134272,1,1,936.2166666666668,26,True,False,False,False,False,True,0,Normal,0
672.74,46,118,1,5386.52,1.1949030870260289,4,4,32,33.04554488635906,1,1,3166.8166666666666,7,False,True,False,True,False,False,4,High confidence fraud,1
388.1,73,40,1,3022.12,0.2662275009713669,3,9,30,0.1208664256437071,1,1,265.45,20,False,False,True,False,True,False,0,Normal,0
406.65,57,107,1,12995.7,0.3785154391201627,5,6,29,0.1289561351222761,1,1,1896.4333333333332,23,True,False,False,False,False,False,0,Normal,0
251.06,36,34,1,10001.66,-0.1489239230961578,4,6,26,-0.3247671868891788,1,0,670.9166666666666,7,True,False,True,False,False,False,0,Normal,0
453.49,66,147,1,6366.43,0.5372998065358866,5,3,30,0.5372998065358866,1,1,936.2166666666668,39,True,True,False,False,False,False,0,Normal,0
36.09,53,167,1,12319.26,-0.8776573873010708,7,1,21,-0.9204172067291072,1,1,3960.2166666666662,8,True,True,False,False,False,False,0,Normal,0
501.15,47,208,1,8821.84,0.6988639173606813,3,6,30,1.047264998377119,1,1,1585.8,31,True,True,False,True,False,False,0,Normal,0
161.38,24,101,1,3900.34,-0.4734764368810535,6,5,30,-0.5113300278239379,1,1,1917.9833333333331,7,False,False,True,False,False,True,0,Normal,0
959.48,67,36,1,10631.43,2.25257098648213,2,7,31,2.25257098648213,1,1,936.2166666666668,24,True,True,False,False,False,False,0,Normal,0
56.35,44,75,1,5095.73,-0.8089773855110931,4,10,27,-0.9412702704159854,1,1,719.6833333333333,5,True,False,False,False,False,False,0,Normal,0
24.77,62,55,1,5866.01,-0.9160314060701998,4,10,32,-0.951231995607076,1,1,3482.1833333333334,4,True,False,False,False,True,False,0,Normal,0
300.08,68,47,1,13546.75,-0.0209493718663627,4,4,26,-0.1348837205413691,0,1,2326.7,2,False,False,True,False,False,False,4,High confidence fraud,1
280.61,47,129,3,7888.76,-0.0487514624399955,7,7,25,-0.162783064824468,1,1,1175.5833333333333,23,True,False,False,True,False,False,0,Normal,0
164.49,26,75,1,1509.27,-0.4423902486123662,5,6,32,-0.4927187594670948,1,1,383.4,3,True,True,False,False,False,True,0,Normal,0
77.9,21,128,1,664.72,-0.7359243727483081,5,2,27,-0.7359243727483081,1,1,936.2166666666668,42,True,True,False,False,False,True,0,Normal,0
254.77,57,57,1,5994.87,-0.136347279135604,5,6,19,-0.136347279135604,1,1,936.2166666666668,10,True,True,False,True,False,False,0,Normal,0
84.28,39,142,1,13586.06,-0.7142966130533398,8,2,25,-0.6691918174463563,1,1,3480.366666666667,22,True,True,False,False,False,False,0,Normal,0
575.62,43,129,1,234.41,0.9513120779381568,6,4,23,2.395487377109645,1,1,1.35,28,True,False,True,False,False,False,0,Normal,0
486.08,18,68,1,1748.69,0.647777657391532,3,4,30,0.5942799022785923,1,0,190.85,28,True,False,True,False,False,True,0,Normal,0
1036.21,25,126,1,477.3,2.512680391089485,8,4,25,1.959014807898584,1,1,745.55,29,True,False,True,False,False,True,0,Normal,0
214.54,70,247,1,11151.53,-0.3000349172258195,6,5,45,-0.5598204308650523,1,1,334.8666666666667,11,False,False,True,False,False,False,1,Normal,0
768.94,64,53,1,6860.18,1.606653536281618,7,8,23,0.7400113126758183,1,1,1631.8333333333333,16,True,True,False,False,True,False,0,Normal,0
112.91,27,135,1,4764.48,-0.6316162122326185,3,7,19,-0.7689273878850407,1,1,840.4666666666667,40,False,False,True,True,False,False,0,Normal,0
100.52,50,110,1,453.39,-0.6592441338297841,4,6,31,-0.6592441338297841,1,1,936.2166666666668,19,True,False,False,True,False,False,0,Normal,0
71.48,18,169,1,6568.59,-0.7667870579684414,6,7,25,-0.2888977289206353,1,1,3096.833333333333,8,False,False,True,False,False,True,0,Normal,0
268.39,26,171,1,136.74,-0.0901764190971294,4,4,23,2.120813928827745,1,1,432.1166666666667,24,True,False,False,False,False,True,0,Normal,0
667.95,62,253,1,13558.56,1.1792750795175908,5,6,19,3.550171414767561,1,1,743.4333333333333,28,False,False,False,False,False,False,0,Normal,0
1221.65,27,153,1,243.92,3.1413091932579693,5,5,31,3.4089358737970805,1,1,1487.0666666666666,10,True,False,True,False,False,True,0,Normal,0
203.76,55,37,1,6747.16,-0.3092676587657507,5,3,21,-0.5627449032769564,1,1,119.63333333333334,7,True,True,False,False,True,False,0,Normal,0
302.82,36,175,1,9384.54,0.0265389047739929,6,3,22,-0.2829126781657717,1,1,768.2833333333333,17,True,False,False,True,False,False,0,Normal,0
233.24,33,72,1,6939.23,-0.2093324932786555,3,5,32,-0.2093324932786555,1,1,936.2166666666668,21,True,False,False,True,False,False,0,Normal,0
13.52,26,65,1,259.77,-0.9541681296702617,3,4,32,-0.9420339524008148,1,1,671.9166666666666,39,True,False,False,False,False,True,0,Normal,0
7.79,34,298,1,1319.85,-0.9735924342238929,8,3,26,-0.9368617204015096,1,1,768.7,20,True,True,False,False,False,False,0,Normal,0
47.23,73,160,1,6659.81,-0.8459058851249392,4,5,21,-0.4433706488701162,1,1,1152.75,22,False,False,True,False,True,False,0,Normal,0
42.72,37,143,1,2669.66,-0.8551821448594346,6,7,32,-0.4337596867418691,1,1,334.6166666666667,26,True,False,False,True,False,False,0,Normal,0
199.54,56,268,1,9603.73,-0.3235731675295072,6,5,32,1.896081249694031,1,1,1296.4833333333331,32,True,False,True,True,False,False,0,Normal,0
568.76,51,155,1,7484.32,0.9280571513695858,6,5,26,0.9280571513695858,1,1,936.2166666666668,3,True,False,False,False,True,False,0,Normal,0
73.01,25,62,1,1997.33,-0.7617952309354749,8,7,33,-0.8716330246999912,1,1,217.63333333333333,25,False,False,True,False,False,True,0,Normal,0
283.23,40,98,1,2008.77,-0.0398698432549145,2,8,24,-0.0398698432549145,1,1,936.2166666666668,12,True,False,True,True,False,False,0,Normal,0
881.32,31,59,1,2287.93,1.9876139805638349,4,2,32,2.111676015564467,1,0,4944.683333333333,12,True,False,True,True,False,False,3,High confidence fraud,1
23.7,46,32,1,7947.44,-0.919658632225939,9,8,27,-0.959297581109789,1,1,1344.3666666666666,37,True,False,False,False,False,False,0,Normal,0
651.55,72,82,1,2325.78,1.2087095377561734,4,5,24,1.2087095377561734,1,1,936.2166666666668,31,True,False,True,False,True,False,0,Normal,0
93.82,39,176,1,8422.06,-0.6819566714404874,3,5,16,-0.8560049100514084,1,1,2592.05,36,True,False,True,True,False,False,0,Normal,0
293.85,25,144,1,1919.97,-0.0038687761764562,2,2,26,-0.211532526901988,1,1,1078.7666666666669,5,True,False,True,False,False,True,0,Normal,0
41.93,48,136,1,5081.26,-0.8578601903389056,3,7,23,-0.8578601903389056,1,1,936.2166666666668,14,True,False,False,True,False,False,0,Normal,0
93.52,51,97,1,2791.2,-0.6829736507364892,7,4,26,1.2303839439450526,1,1,4368.95,30,True,False,True,True,False,False,0,Normal,0
1413.24,58,199,1,7272.01,3.790786070994488,5,9,22,19.86733082514093,1,1,2017.3,27,True,False,False,True,False,False,2,Medium confidence / needs review,1
342.17,21,247,1,461.83,0.1163748110209361,4,8,27,-0.337175289430728,1,0,909.1666666666666,27,False,True,False,False,False,True,0,Normal,0
146.51,53,68,1,7089.9,-0.5033412077527316,2,9,26,-0.5033412077527316,1,1,936.2166666666668,0,True,False,False,True,False,False,0,Normal,0
59.12,29,257,1,9823.64,-0.7995872766780112,4,5,24,-0.5964780520341406,1,1,287.2,3,True,False,False,False,False,False,0,Normal,0
306.37,26,120,1,9609.67,0.0385731597766791,7,3,32,1.9798181006680144,1,1,3386.0333333333333,7,True,False,False,True,False,False,0,Normal,0
743.03,50,174,1,4111.38,1.518820424416942,5,2,24,3.353691386599465,1,1,718.4833333333333,27,True,False,False,True,False,False,0,Normal,0
36.57,62,69,1,2583.07,-0.8760302204274684,5,6,23,-0.88344501443489,1,1,263.9,29,True,False,False,False,True,False,0,Normal,0
1152.58,65,180,1,7567.17,2.907166660008523,5,6,22,3.4618302746135403,1,1,889.15,2,True,True,False,False,True,False,0,Normal,0
383.95,31,143,1,9933.56,0.2526875779734507,7,6,32,-0.0574753085513947,1,1,167.98333333333332,36,False,False,True,True,False,False,0,Normal,0
237.0,49,115,1,14021.4,-0.1965863527687683,5,2,21,-0.1965863527687683,1,1,936.2166666666668,40,True,False,True,False,False,False,0,Normal,0
410.4,61,78,1,2563.91,0.3389841956348679,4,4,25,0.731645566533141,1,1,2351.1666666666665,41,False,False,False,False,True,False,0,Normal,0
712.75,44,25,1,8126.06,1.4161733141405095,8,5,27,1.2018844572076477,1,1,169.11666666666667,30,True,True,False,False,False,False,0,Normal,0
23.01,63,166,1,5958.75,-0.9219976846067428,3,5,24,-0.9492482425851968,1,1,337.43333333333334,19,True,True,False,False,True,False,0,Normal,0
288.77,55,110,1,8836.51,-0.0210896255887508,7,4,31,-0.1648977698461559,1,1,3766.15,20,True,False,False,True,False,False,0,Normal,0
161.63,46,276,1,9286.37,-0.4520854512342486,8,6,16,-0.516636460507807,1,1,1007.8333333333334,38,True,False,True,False,False,False,0,Normal,0
120.67,42,233,1,5374.54,-0.5909370244483401,5,4,26,-0.6051288184565692,1,1,1.7333333333333334,7,True,False,False,False,False,False,0,Normal,0
46.24,57,52,1,2569.56,-0.8432495877863485,2,2,24,-0.8432495877863485,1,1,936.2166666666668,36,True,True,False,True,False,False,0,Normal,0
131.46,67,258,1,6642.33,-0.5543596691021475,6,8,16,1.8429930397276597,1,1,1512.5333333333333,5,True,True,False,False,True,False,0,Normal,0
46.23,77,282,1,5107.75,-0.8432834870962154,3,6,32,-0.4796848567283641,1,1,337.1333333333333,14,True,False,True,False,True,False,0,Normal,0
87.85,49,63,1,3753.24,-0.7021945594309202,2,5,29,0.1769302883455058,1,1,4751.666666666667,7,True,True,False,True,False,False,0,Normal,0
335.7,80,57,1,6601.44,0.1379998356157733,4,2,21,0.1379998356157733,1,1,936.2166666666668,12,True,False,False,False,True,False,0,Normal,0
321.82,32,43,1,6500.5,0.0499802488504316,3,5,24,-0.0413464401508893,1,1,3958.55,33,False,True,False,True,False,False,0,Normal,0
264.14,64,125,1,8459.26,-0.104583625790486,5,6,34,-0.1965567581318994,1,1,337.26666666666665,3,True,False,False,False,False,False,0,Normal,0
344.27,22,123,1,1918.36,0.1670515441715537,6,4,19,0.1205976169500761,1,1,1271.7833333333333,35,True,True,False,False,False,True,0,Normal,0
214.93,28,52,1,7835.4,-0.2714021296446227,7,5,31,-0.2714021296446227,1,1,936.2166666666668,0,True,False,True,False,False,True,0,Normal,0
321.86,63,167,1,12626.49,0.0910831907602308,3,9,32,0.4975108151606997,1,1,1679.3833333333334,35,True,False,False,False,False,False,0,Normal,0
53.57,69,121,1,1651.33,-0.8184013936540417,5,7,31,-0.8004061148664986,1,1,551.8666666666667,15,True,False,False,False,True,False,0,Normal,0
451.35,47,223,1,7707.96,0.4725889779877995,4,5,33,1.2936005083664182,1,1,482.4666666666666,3,False,True,False,True,False,False,0,Normal,0
148.85,57,25,1,7802.36,-0.4954087692439188,8,6,25,-0.4284397752601405,1,1,2038.0166666666669,23,True,False,False,False,False,False,0,Normal,0
308.85,20,33,2,333.19,0.0076639111918842,2,6,26,0.297078684412887,1,1,1.2833333333333334,20,False,True,False,False,False,True,0,Normal,0
506.03,21,21,1,1123.89,0.7154067805756414,6,4,29,0.7154067805756414,1,1,936.2166666666668,11,True,True,False,False,False,True,0,Normal,0
374.61,75,37,1,1389.71,0.2222145946480203,5,5,13,-0.259707921941964,1,1,1154.2666666666669,23,False,False,True,False,True,False,0,Normal,0
626.9,26,138,1,265.51,1.1251477389347049,4,5,18,0.4237372810144048,1,1,2158.25,10,True,False,True,False,False,True,0,Normal,0
48.85,19,176,1,1503.56,-0.8344018679111342,6,6,24,-0.902788647260858,1,1,264.0,9,True,False,False,False,False,True,0,Normal,0
261.19,64,52,1,7620.6,-0.1145839222011688,5,4,25,-0.1145839222011688,1,1,936.2166666666668,28,True,False,False,False,True,False,0,Normal,0
66.91,39,85,1,871.1,-0.7731797142918352,2,5,28,-0.743826330472735,1,1,433.5833333333333,39,True,False,False,False,False,False,0,Normal,0
127.8,31,47,1,8630.99,-0.583035621042505,6,4,45,-0.2209692153552624,1,1,741.3,41,False,True,False,True,False,False,2,Medium confidence / needs review,1
414.64,32,74,1,7253.22,0.4056009877036732,3,4,30,1.728493079215882,1,1,768.3666666666667,23,True,True,False,False,False,False,0,Normal,0
95.55,33,51,1,2434.74,-0.6760920908335446,1,4,30,-0.560962158839515,1,1,167.96666666666667,21,True,True,False,True,False,False,0,Normal,0
856.21,33,109,1,12690.79,1.7934981888158297,3,1,15,3.431315905188358,1,1,384.73333333333335,7,False,True,False,False,False,False,2,Medium confidence / needs review,1
587.23,27,144,1,500.84,0.9906691766934206,3,4,29,0.9334796654772116,1,1,2304.75,29,True,False,True,False,False,True,0,Normal,0
179.38,30,28,1,8741.51,-0.3919141762208178,6,5,27,-0.4788776220457336,1,1,240.61666666666667,6,True,False,True,True,False,False,0,Normal,0
33.61,23,72,1,479.08,-0.8860644161480179,4,3,33,-0.8961416166768512,1,1,262.9,25,True,False,True,False,False,True,0,Normal,0
111.21,35,111,1,9088.36,-0.6230057715822588,3,5,21,-0.6183479990371353,1,1,1.1833333333333331,32,True,True,False,False,False,False,0,Normal,0
116.33,27,144,1,1696.15,-0.6056493249304973,6,10,24,-0.6056493249304973,1,1,936.2166666666668,14,True,True,False,False,False,True,0,Normal,0
77.5,51,201,1,11079.77,-0.7471460130413439,4,5,24,-0.3337917963226012,1,1,2280.116666666667,13,False,False,True,False,False,False,0,Normal,0
260.88,22,36,1,903.05,-0.1156348008070372,4,4,27,1.6918433504427248,1,1,144.1,10,True,True,False,False,False,True,0,Normal,0
10.52,55,30,1,2472.99,-0.964337922630278,6,3,30,-0.9305931191489536,1,1,1224.8,18,True,False,False,False,True,False,0,Normal,0
163.94,52,73,1,5957.37,-0.4651240988389655,3,1,20,0.4095393641034383,1,1,361.1833333333333,41,False,True,False,False,True,False,0,Normal,0
178.26,59,59,1,1137.13,-0.3957108989258907,4,1,26,0.4166282529632035,1,1,1774.1,28,True,False,False,False,True,False,0,Normal,0
112.94,73,31,1,3807.84,-0.6315183332711878,1,3,31,-0.1607445834753879,1,1,936.6666666666666,35,False,False,True,False,True,False,0,Normal,0
56.62,54,121,1,8981.1,-0.8080621041446916,2,4,15,-0.8080621041446916,1,1,936.2166666666668,2,True,True,False,False,False,False,0,Normal,0
185.1,53,23,1,6115.63,-0.3725237709770531,2,5,32,2.2691627999088166,1,1,3886.366666666667,0,True,True,False,False,True,False,0,Normal,0
23.71,58,164,1,10788.89,-0.9196247329160724,4,1,32,-0.8038225980156992,1,1,983.7166666666668,1,True,True,False,False,False,False,0,Normal,0
217.5,46,35,1,3057.4,-0.2903775263646552,7,9,24,1.4582752349967003,1,1,842.8333333333334,10,False,True,False,True,False,False,0,Normal,0
415.88,70,170,1,10008.33,0.4098045021271467,3,9,32,0.4098045021271467,1,1,936.2166666666668,36,True,True,False,False,False,False,0,Normal,0
94.64,28,144,1,586.76,-0.6912244997439264,1,6,25,-0.7724343542069002,1,1,433.0,27,False,False,False,False,False,True,0,Normal,0
179.43,58,244,1,2626.63,-0.3917446796714842,4,4,31,-0.2970696533061597,1,1,2111.833333333333,28,True,False,False,False,True,False,0,Normal,0
103.15,51,179,1,11388.15,-0.6503286153348362,4,6,19,-0.5514892359526521,1,0,455.6,36,True,True,False,False,False,False,0,Normal,0
63.41,26,36,1,1546.22,-0.7850444727451877,4,9,22,-0.6801916495766404,1,1,2063.55,13,True,False,False,False,False,True,0,Normal,0
845.14,73,183,1,1702.65,1.757380852047894,3,5,45,1.757380852047894,1,1,936.2166666666668,28,False,True,False,False,True,False,2,Medium confidence / needs review,1
505.6,52,183,1,5347.57,0.7139491102513726,1,8,25,-0.4017559216203754,1,1,865.5833333333334,10,True,True,False,False,True,False,0,Normal,0
23.23,21,122,1,269.01,-0.9242090542695144,8,5,29,-0.9656040378376236,1,1,1558.6333333333334,24,False,True,False,False,False,True,0,Normal,0
193.54,80,267,1,2929.51,-0.3439127534495402,6,5,30,-0.5774143527644396,1,0,4488.15,28,True,True,False,False,True,False,2,Medium confidence / needs review,1
694.2,61,72,1,1389.37,1.353290094337741,4,2,22,0.7714719503633868,1,1,1055.6166666666666,25,True,False,False,False,True,False,0,Normal,0
119.89,67,60,1,6697.77,-0.5935811706179444,5,10,31,-0.7349571767933175,1,1,288.85,40,True,False,False,False,False,False,0,Normal,0
736.53,55,120,1,9826.26,1.4967858730035732,9,4,33,1.4967858730035732,1,1,936.2166666666668,30,True,False,False,True,False,False,0,Normal,0
50.63,64,143,1,4732.81,-0.8283677907548578,3,10,21,-0.9312587390449014,1,1,335.26666666666665,8,True,False,True,False,True,False,0,Normal,0
254.34,49,79,1,5461.08,-0.1378049494598731,3,4,27,-0.3537781382342138,1,1,2712.7166666666667,12,True,False,True,True,False,False,0,Normal,0
865.17,24,161,1,9297.5,1.932866595129079,4,7,30,1.4920883298355592,1,1,2016.15,15,True,True,False,False,False,True,0,Normal,0
1512.99,19,50,1,9963.39,4.128931686915035,7,6,27,4.128931686915035,1,1,936.2166666666668,30,True,False,True,False,False,True,2,Medium confidence / needs review,1
161.31,28,13,1,1268.67,-0.4531702291499836,4,6,23,-0.8933833000261844,1,1,815.15,26,True,False,False,False,False,True,0,Normal,0
267.9,20,160,1,596.16,-0.0918374852805987,3,6,25,-0.6799856648390543,1,1,672.4666666666667,35,True,False,True,False,False,True,0,Normal,0
24.56,64,69,1,9869.93,-0.9167432915774008,6,4,27,-0.9620636376860308,1,1,264.5833333333333,23,True,True,False,False,False,False,0,Normal,0
40.79,18,80,1,1769.33,-0.8617247116637119,4,6,24,-0.9170412232971156,1,1,671.2166666666667,25,True,False,False,False,False,True,0,Normal,0
981.9,43,112,1,9018.33,2.203578410890065,6,4,25,1.4455181653121512,1,1,263.6166666666667,3,False,False,True,False,False,False,0,Normal,0
204.06,77,159,1,4351.83,-0.308250679469749,4,6,15,-0.308250679469749,1,1,936.2166666666668,42,True,False,True,False,True,False,0,Normal,0
428.61,66,62,1,11937.04,0.4529583235874834,8,4,27,1.100411638241637,1,1,168.08333333333334,13,True,False,False,False,False,False,0,Normal,0
86.79,33,166,1,8795.37,-0.7057878862767927,4,3,29,-0.7256389564049537,1,0,336.31666666666666,13,True,True,False,False,False,False,0,Normal,0
74.73,64,162,1,6353.22,-0.7561835038134469,2,4,30,-0.6883912905996528,1,1,168.76666666666668,17,False,True,False,False,True,False,0,Normal,0
313.69,73,152,1,7093.68,0.0633874545991192,7,3,21,0.5799241965780269,1,1,935.3,28,True,True,False,False,True,False,0,Normal,0
314.55,27,19,2,1105.89,0.0262609138637208,4,6,32,0.4196032042296854,1,1,1104.6666666666667,9,False,True,False,False,False,True,0,Normal,0
73.01,56,101,1,2833.12,-0.752501135273135,4,7,32,-0.6920340514807728,1,1,335.78333333333336,15,True,False,False,False,True,False,0,Normal,0
37.7,20,109,1,1741.1,-0.8721995984125288,4,4,31,-0.8235301946151558,1,1,1223.0333333333333,24,True,False,False,False,False,True,0,Normal,0
1154.79,51,108,1,6180.3,2.914658407489069,3,4,16,5.025751046736756,1,1,817.8,8,True,False,False,False,False,False,0,Normal,0
760.53,57,118,1,6179.91,1.578144216683705,3,6,32,1.546483720216541,1,1,792.35,31,True,False,True,True,False,False,0,Normal,0
203.34,60,66,1,13586.99,-0.310691429780153,4,4,24,-0.4103454863610264,1,0,2567.0,31,True,False,False,False,False,False,0,Normal,0
14.08,57,154,1,3908.65,-0.9522697683177253,2,9,27,-0.9522697683177253,1,1,936.2166666666668,9,True,True,False,False,True,False,0,Normal,0
99.11,55,12,1,5414.87,-0.6640239365209917,7,6,32,6.039062071089342,1,1,2014.6666666666667,30,True,False,True,False,True,False,0,Normal,0
16.55,26,159,1,6089.79,-0.9438966387806448,3,4,30,-0.7075713277220369,1,1,3192.116666666667,40,True,True,False,True,False,False,0,Normal,0
637.48,65,207,1,4148.85,1.1610132087736964,6,7,22,13.74055772142999,1,1,167.36666666666667,7,True,False,True,False,True,False,1,Normal,0
108.75,50,23,4,14829.85,-0.6313450018094722,3,5,26,-0.4330179065560444,1,1,695.7,15,True,False,False,False,False,False,1,Normal,0
506.9,64,56,1,11471.87,0.653828188237014,2,4,31,1.8933639171811596,1,0,361.5833333333333,15,False,True,False,False,False,False,0,Normal,0
133.06,35,143,1,8843.44,-0.5489357795234721,5,8,15,-0.5489357795234721,1,1,936.2166666666668,19,True,False,True,True,False,False,0,Normal,0
361.46,21,83,1,4737.84,0.225324457832448,2,3,23,1.7165188507701874,1,1,1512.3833333333334,26,True,False,True,False,False,True,0,Normal,0
202.86,61,149,1,7642.25,-0.338142459542846,7,4,30,-0.1795680652771654,1,1,1080.0166666666669,22,False,True,False,False,False,False,0,Normal,0
468.32,69,152,1,4710.04,0.5875724830682346,2,4,21,1.0146261678799526,1,1,406.9333333333333,14,True,False,True,False,True,False,0,Normal,0
9.18,22,140,1,887.32,-0.9688804301524186,4,4,28,-0.9684996106425338,1,1,673.8333333333334,37,True,False,True,False,False,True,0,Normal,0
144.3,18,88,1,312.19,-0.510832955233277,5,3,24,-0.3858947280322469,1,1,3719.233333333333,28,True,False,False,False,False,True,0,Normal,0
312.88,54,44,1,233.21,0.0208123183440774,6,5,26,0.0208123183440774,1,1,936.2166666666668,32,False,True,False,True,False,False,0,Normal,0
81.27,22,68,1,1814.48,-0.7348458902215502,4,6,23,-0.7402518513799161,1,1,3958.4,39,False,False,True,False,False,True,0,Normal,0
219.63,48,44,1,8013.63,-0.2554694540072636,4,2,31,0.1144488133225989,1,1,71.5,5,True,False,False,False,False,False,0,Normal,0
330.91,36,28,1,6481.35,0.1217620661896138,6,7,20,0.1217620661896138,1,1,936.2166666666668,18,True,False,False,True,False,False,0,Normal,0
153.55,37,16,1,5619.91,-0.4794760936065596,4,4,25,-0.5359765478952689,1,1,5928.466666666666,10,True,False,True,False,False,False,0,Normal,0
52.04,50,31,1,8436.12,-0.8302126249755474,7,6,32,-0.8302126249755474,1,1,936.2166666666668,7,False,True,False,False,False,False,0,Normal,0
757.15,53,38,1,4702.86,1.566686249948753,3,8,25,1.566686249948753,1,1,936.2166666666668,33,True,False,True,True,False,False,0,Normal,0
258.7,27,123,1,1358.37,-0.1230248503579825,4,5,22,-0.6583239772062023,1,1,864.3166666666667,5,True,False,False,False,False,True,0,Normal,0
591.98,28,132,1,387.65,1.006771348880113,8,5,15,0.1654870302397264,1,1,1559.3333333333333,12,True,False,False,False,False,True,0,Normal,0
64.92,58,236,1,5481.76,-0.7799256769553127,7,3,18,-0.8788677891091699,1,1,506.25,1,True,True,False,True,False,False,0,Normal,0
832.3,69,86,1,6617.52,1.715488656555546,4,3,24,0.9902555648118234,1,1,1294.1333333333334,2,False,True,False,False,True,False,0,Normal,0
223.85,53,55,4,2929.91,-0.2411639452435071,4,3,30,-0.5532025297834324,1,1,1967.6833333333332,18,True,False,False,True,False,False,1,Normal,0
350.94,20,64,1,221.56,0.189662383852657,3,5,33,-0.2283923920369545,1,1,672.6833333333333,7,True,False,False,False,False,True,0,Normal,0
427.79,18,189,1,1479.67,0.4501785801784122,3,5,22,0.4501785801784122,1,1,936.2166666666668,38,True,True,False,False,False,True,0,Normal,0
18.1,57,66,1,6474.34,-0.938642245751303,4,10,22,-0.957689518320462,1,1,1246.85,21,True,False,False,False,True,False,0,Normal,0
317.87,27,91,1,145.5,0.0775573661234089,3,6,21,0.4257776562570244,1,1,912.9333333333332,11,True,False,True,False,False,True,0,Normal,0
56.96,22,135,1,1597.85,-0.8069095276092231,4,6,26,-0.7762647921745124,1,1,840.15,0,True,False,False,False,False,True,0,Normal,0
629.82,68,159,1,6385.69,1.1350463374157878,5,3,22,2.06959741656303,1,1,502.73333333333335,7,True,False,False,False,True,False,0,Normal,0
297.15,76,178,1,5449.37,0.0073179960795617,5,3,21,0.0242737186693447,1,1,2089.8166666666666,31,True,False,True,False,True,False,0,Normal,0
10.07,24,49,1,530.81,-0.9658633915742804,5,5,25,-0.9658633915742804,1,1,936.2166666666668,0,True,False,True,False,False,True,0,Normal,0
1510.71,66,51,1,2060.02,4.121202644265423,3,2,30,149.02083922335262,1,1,3576.016666666667,28,True,False,True,False,True,False,4,High confidence fraud,1
7.31,78,282,1,5757.67,-0.9752196010974956,2,4,33,-0.9903865108820652,1,1,263.26666666666665,19,True,True,False,False,True,False,0,Normal,0
430.83,18,292,1,941.49,0.4604839703778954,7,5,13,-0.1541794001252948,1,1,1176.0833333333333,20,True,True,False,False,False,True,0,Normal,0
56.17,27,283,1,1351.69,-0.809587573088694,4,4,24,-0.809587573088694,1,1,936.2166666666668,11,True,True,False,False,False,True,0,Normal,0
27.51,40,103,1,13645.63,-0.9102449891053986,5,8,27,-0.5102367721161337,1,1,1.35,8,False,False,True,False,False,False,0,Normal,0
660.02,20,84,1,414.43,1.2374222532132866,3,9,24,14.774856243430776,1,1,526.6833333333333,26,True,True,False,False,False,True,1,Normal,0
73.83,69,69,1,6020.29,-0.7497213918640638,3,4,26,-0.7497213918640638,1,1,936.2166666666668,19,True,False,True,False,False,False,0,Normal,0
317.53,44,104,1,6237.68,0.0764047895879402,5,5,32,3.3008261776943497,1,1,1199.9333333333334,24,True,False,True,True,False,False,0,Normal,0
65.09,44,159,1,9370.9,-0.7876352767531846,6,6,34,-0.6673650824439642,1,1,95.55,39,False,False,True,True,False,False,0,Normal,0
486.59,57,119,1,2513.56,0.6495065221947348,6,3,23,2.198093971750944,1,1,7054.95,16,True,True,False,False,True,False,1,Normal,0
79.92,44,274,2,9138.76,-0.7290767121552303,6,4,26,-0.7290767121552303,1,1,936.2166666666668,24,True,False,False,True,False,False,0,Normal,0
459.25,25,59,1,130.76,0.5568258090191182,5,7,24,4.746371311982341,1,1,2543.2,40,True,True,False,False,False,True,0,Normal,0
75.43,77,266,1,1441.86,-0.7442975022853884,8,6,28,-0.7201995633280799,1,1,1991.2833333333333,14,True,False,False,False,True,False,0,Normal,0
207.65,34,98,1,5143.8,-0.296080827227596,3,7,34,0.013586072175792,1,1,672.85,37,True,False,True,True,False,False,0,Normal,0
185.81,32,116,1,9588.71,-0.3701169199765159,2,5,27,-0.0960899964921131,1,1,215.63333333333333,2,True,False,True,False,False,False,0,Normal,0
487.16,28,84,1,321.21,0.5894238316156011,3,5,16,0.5894238316156011,1,1,936.2166666666668,20,False,True,False,False,False,True,0,Normal,0
22.63,53,112,1,4438.03,-0.9232858583816782,3,5,27,-0.953547087294632,1,1,1177.45,18,True,False,True,True,False,False,0,Normal,0
314.54,58,228,1,9923.45,0.0262282875432439,4,4,22,0.2339983121128374,1,1,5303.1,41,False,True,False,True,False,False,0,Normal,0
668.67,44,143,4,13446.81,1.2667451562480008,6,4,30,1.4335035673813752,1,1,937.0666666666668,11,True,False,True,False,False,False,1,Normal,0
1392.54,41,297,1,13347.69,3.720614499570373,5,5,33,2.7308506289863343,1,1,311.21666666666664,12,True,True,False,False,False,False,2,Medium confidence / needs review,1
552.02,44,100,1,522.08,0.8010381462288154,3,5,26,-0.0434719323879205,1,1,240.0,6,False,False,False,True,False,False,0,Normal,0
757.79,22,117,1,1443.02,1.568855805780223,7,5,21,1.568855805780223,1,1,936.2166666666668,5,True,False,True,False,False,True,0,Normal,0
260.31,63,113,1,10980.38,-0.1175670614694403,2,5,33,-0.6564879443427758,1,1,1368.2666666666669,2,True,True,False,False,False,False,0,Normal,0
400.69,32,26,1,9040.33,0.3583114504395967,2,6,34,-0.2128671049742321,1,1,815.55,19,True,False,True,True,False,False,0,Normal,0
179.76,78,81,1,5909.52,-0.3906260024458824,7,6,25,-0.6199014640223681,1,1,2399.866666666667,30,True,False,True,False,True,False,0,Normal,0
864.72,34,58,1,7379.38,1.8212631875416767,6,5,27,1.1637609054111266,1,1,1056.4,11,False,True,False,True,False,False,0,Normal,0
13.48,18,20,3,521.88,-0.9543037269097284,3,6,27,-0.9726379954843803,1,0,625.2333333333333,19,True,False,True,False,False,True,2,Medium confidence / needs review,1
555.8,19,158,1,1131.26,0.813370895369086,6,7,26,0.3464419089215093,1,0,959.05,2,False,True,False,False,False,True,1,Normal,0
505.19,30,128,5,5326.68,0.7125592385468369,4,7,18,0.7125592385468369,1,1,936.2166666666668,18,True,False,False,False,False,False,1,Normal,0
245.54,25,180,1,985.06,-0.1676363421425881,4,6,22,-0.5139650418377936,1,1,168.06666666666666,27,True,False,False,False,False,True,0,Normal,0
109.3,56,27,1,13510.11,-0.6294805397668024,4,5,22,-0.7088167498066769,1,1,3216.383333333333,13,True,True,False,False,False,False,0,Normal,0
207.71,25,63,1,570.1,-0.3223186941115464,6,6,34,-0.2754555064051643,1,0,2544.9333333333334,18,False,False,True,False,False,True,0,Normal,0
946.94,53,251,1,5579.11,2.210061251909261,4,3,27,2.5474553634875337,1,1,599.5166666666667,5,True,True,False,False,True,False,0,Normal,0
298.42,56,225,1,3014.75,0.0116232084326355,3,7,32,0.0116232084326355,1,1,936.2166666666668,16,True,True,False,False,True,False,0,Normal,0
253.46,45,60,1,1338.95,-0.1407880887281446,4,3,26,-0.1506601429171632,1,1,648.2666666666667,22,True,False,False,True,False,False,0,Normal,0
512.81,79,30,1,6994.34,0.7383905126652786,2,6,31,0.8584112457113456,1,1,1392.5,34,True,True,False,False,True,False,0,Normal,0
60.99,34,58,1,7281.46,-0.7932481057329342,3,6,23,-0.828147157872769,1,1,312.28333333333336,28,True,True,False,True,False,False,0,Normal,0
542.75,70,63,1,2224.08,0.7707935471467233,4,4,21,0.9286120356456116,1,1,3073.233333333333,26,False,True,False,False,True,False,0,Normal,0
100.68,63,139,1,1123.75,-0.6587017448719165,7,5,17,-0.6587017448719165,1,1,936.2166666666668,22,True,False,True,False,True,False,0,Normal,0
337.99,70,115,1,9038.63,0.1457627775752526,4,6,15,2.3570718875936443,1,1,1175.95,7,True,False,False,False,False,False,0,Normal,0
20.64,22,59,1,949.38,-0.9300318210451558,4,7,13,-0.90589736747032,1,1,1175.3333333333333,5,True,True,False,False,False,True,0,Normal,0
182.29,54,123,1,522.39,-0.3820494770496019,6,3,24,0.1906337755069532,1,1,480.9,36,True,False,True,False,False,False,0,Normal,0
1036.66,58,144,1,5541.57,2.514205860033488,4,7,29,5.462967546988981,1,1,1487.7333333333331,35,True,True,False,False,False,False,0,Normal,0
399.21,59,109,1,3210.39,0.3532943525793219,4,4,29,0.3532943525793219,1,1,936.2166666666668,32,True,False,False,True,False,False,0,Normal,0
59.51,36,55,1,9955.88,-0.8058407635792983,3,7,21,-0.8509305857795882,1,1,1535.95,9,False,False,True,False,False,False,0,Normal,0
433.9,65,37,1,9013.1,0.4708910585069789,7,8,33,0.4708910585069789,1,1,936.2166666666668,0,True,False,True,False,False,False,0,Normal,0
251.54,48,177,1,254.75,-0.1472967562225552,5,5,25,-0.4202811698080637,1,1,287.96666666666664,40,True,True,False,False,False,False,0,Normal,0
43.73,34,145,1,9929.43,-0.8517583145628957,6,6,26,-0.8724031253723065,1,1,287.1166666666667,29,True,False,False,False,False,False,0,Normal,0
141.37,46,77,1,1019.77,-0.5207654530242265,5,2,45,-0.4183660857480446,1,1,2616.1833333333334,10,True,False,True,True,False,False,1,Normal,0
132.84,21,143,1,822.73,-0.5496815643405399,5,8,30,-0.3896202339255163,1,1,743.5666666666667,28,True,False,False,False,False,True,0,Normal,0
802.89,19,175,1,1973.63,1.7217416932791374,5,9,23,3.000926852234812,1,1,170.06666666666666,6,True,False,False,False,False,True,0,Normal,0
74.42,49,68,1,6264.21,-0.7477213325819272,5,5,26,-0.7527944302254,1,1,2086.85,12,True,False,True,True,False,False,0,Normal,0
440.03,49,88,1,1490.44,0.4916713354552792,3,4,25,0.6378084615408921,1,1,142.8,38,True,False,True,True,False,False,0,Normal,0
745.95,58,127,1,13264.14,1.5287190228980252,3,6,33,1.571443339751652,1,1,384.45,22,True,False,False,False,False,False,0,Normal,0
265.94,54,132,1,6781.3,-0.0984817500144761,2,8,25,-0.0984817500144761,1,1,936.2166666666668,4,True,False,True,True,False,False,0,Normal,0
150.03,73,176,1,7491.42,-0.4914086506796456,1,3,27,-0.435850190133676,1,1,840.1,8,True,False,False,False,True,False,0,Normal,0
43.88,26,251,1,1644.09,-0.856835702484703,1,9,31,-0.7890232430751101,1,1,3025.4333333333334,39,False,False,True,False,False,True,2,Medium confidence / needs review,1
820.15,47,181,1,8802.97,1.7802519021090988,7,3,23,4.350549063712847,1,1,838.8333333333334,18,True,True,False,False,False,False,0,Normal,0
158.41,28,16,1,1512.16,-0.4630010290113329,4,5,33,-0.4630010290113329,1,1,936.2166666666668,34,True,True,False,False,False,True,0,Normal,0
209.02,21,74,1,187.9,-0.2914366217758551,6,4,21,0.3194874040812613,1,1,528.6666666666666,12,True,False,False,False,False,True,0,Normal,0
410.49,25,134,1,1843.57,0.3392778325191602,3,6,27,1.2343847740555494,1,1,3455.65,1,False,True,False,False,False,True,0,Normal,0
0.45,34,172,1,8670.23,-0.9984745276660666,7,6,25,-0.9982645991942696,1,1,24.7,18,True,True,False,True,False,False,0,Normal,0
255.32,80,27,1,6290.62,-0.1344828170929344,8,6,27,0.312075232539408,1,1,1174.75,3,True,False,False,False,True,False,0,Normal,0
438.76,22,73,1,1824.19,0.4873661231022057,5,7,15,0.4873661231022057,1,1,936.2166666666668,35,True,True,False,False,False,True,0,Normal,0
601.4,56,104,1,8458.29,0.962146916743779,9,5,32,0.3706810092745897,1,1,2544.9166666666665,30,False,True,False,True,False,False,0,Normal,0
403.63,31,167,3,3304.02,0.3682778475404129,8,4,29,-0.2239078598986542,1,1,215.21666666666667,19,True,True,False,True,False,False,1,Normal,0
157.97,48,140,1,5529.92,-0.4644925986454687,4,5,30,-0.6717597420571695,1,0,311.06666666666666,30,True,True,False,False,False,False,0,Normal,0
56.52,42,152,1,6911.2,-0.8084010972433587,3,4,16,-0.8588552570700848,1,1,3984.133333333333,29,True,False,False,True,False,False,0,Normal,0
432.18,18,162,1,678.83,0.4650603772099029,3,5,21,0.4650603772099029,1,1,936.2166666666668,19,True,True,False,False,False,True,0,Normal,0
348.64,57,128,1,3274.96,0.181865542583311,6,8,22,-0.1932990878955549,1,1,504.6833333333333,38,True,False,True,False,True,False,0,Normal,0
80.96,19,97,1,959.94,-0.7358573061563344,4,7,25,-0.792628260565487,1,1,2640.583333333333,17,False,False,True,False,False,True,0,Normal,0
322.96,76,168,1,2401.59,0.0536996493847989,3,4,27,0.124277657438287,1,1,1462.5666666666666,30,False,True,False,False,True,False,0,Normal,0
6.3,80,283,5,7697.68,-0.9786434313940344,4,4,23,-0.9787295069678428,1,1,410.51666666666665,8,True,True,False,False,True,False,3,High confidence fraud,1
11.81,21,131,1,320.25,-0.9599649116574708,7,4,15,-0.9599649116574708,1,1,936.2166666666668,31,True,False,False,False,False,True,0,Normal,0
283.81,28,29,1,1519.35,-0.0379036832826447,3,4,26,23.03132743172503,1,1,240.4,36,True,True,False,False,False,True,2,Medium confidence / needs review,1
21.9,28,30,1,1052.27,-0.9257605080019488,5,8,27,-0.8518368117729733,1,0,768.55,31,True,False,False,False,False,True,0,Normal,0
493.42,39,111,1,2232.84,0.6726597508337058,4,7,25,3.661942520200846,1,1,1560.2833333333333,3,True,True,False,True,False,False,0,Normal,0
1225.5,50,109,1,8611.17,2.9983555777075037,4,4,34,5.044836831110381,1,1,3982.683333333333,19,False,False,True,False,False,False,2,Medium confidence / needs review,1
720.89,27,120,1,447.06,1.4437673523720207,4,4,21,0.7699760347224174,1,1,505.1333333333333,16,True,False,False,False,False,True,0,Normal,0
378.68,60,239,1,7627.04,0.2836990694229426,3,2,21,0.2836990694229426,1,1,936.2166666666668,13,True,False,False,False,False,False,0,Normal,0
139.72,49,201,1,5058.83,-0.5263588391522356,4,9,27,-0.631034116850549,1,1,240.5,22,True,True,False,True,False,False,0,Normal,0
193.16,64,109,1,2304.56,-0.3452009272244756,7,3,29,-0.2547839496343211,1,1,1918.8,5,True,False,False,False,True,False,0,Normal,0
3.8,65,174,1,5766.96,-0.9871182588607148,4,5,27,-0.983978859193973,1,0,2807.5333333333333,5,True,False,True,False,False,False,0,Normal,0
38.37,63,135,1,8647.04,-0.8699283446514584,4,4,26,-0.7854506777820919,1,1,743.9,35,True,False,False,False,False,False,0,Normal,0
0.86,25,139,1,1357.22,-0.997084655961531,6,3,24,-0.997084655961531,1,1,936.2166666666668,7,True,False,False,False,False,True,0,Normal,0
215.8,51,66,1,3656.62,-0.2959240008457292,5,7,24,249.929941941928,1,1,2254.233333333333,17,False,True,False,False,True,False,4,High confidence fraud,1
30.52,62,122,1,12327.74,-0.8965393028968349,4,2,32,-0.7182682477774556,1,0,25.266666666666666,17,True,True,False,False,False,False,0,Normal,0
539.35,55,127,1,3919.44,0.8283592810515579,5,6,31,5.54603925625812,1,1,72.25,25,True,False,False,False,True,False,0,Normal,0
247.58,39,152,1,778.74,-0.1607208829297768,6,4,32,0.2591000965806765,1,1,169.1,35,True,False,False,True,False,False,0,Normal,0
259.49,72,292,1,7320.61,-0.1203468048785115,2,4,21,0.2546537590070022,1,1,261.85,2,True,False,True,False,True,False,0,Normal,0
542.72,43,92,1,6011.8,0.7706956681852928,8,6,29,1.5172541673596744,1,1,2090.1,16,False,True,False,False,False,False,0,Normal,0
112.05,26,159,1,1122.88,-0.6344220757936324,3,5,25,-0.5728685610296245,1,1,1245.65,31,False,False,False,False,False,True,0,Normal,0
36.25,52,76,1,193.06,-0.8771149983432034,4,6,27,-0.851157630835385,1,1,770.2,40,True,True,False,False,False,False,0,Normal,0
386.97,58,137,1,1876.35,0.3118015973024549,2,5,22,0.3118015973024549,1,1,936.2166666666668,33,True,True,False,False,True,False,0,Normal,0
295.18,66,31,1,12961.53,-0.0369362689000467,1,8,29,-0.2372018496596588,1,1,2353.05,9,False,True,False,False,False,False,0,Normal,0
42.42,21,102,1,490.57,-0.8561991241554362,2,5,29,-0.8756285248827134,1,1,551.4166666666666,34,True,False,True,False,False,True,0,Normal,0
142.1,18,109,1,1545.64,-0.536379982760529,5,4,22,-0.4116510465035081,1,1,167.81666666666666,37,False,False,True,False,False,True,0,Normal,0
568.88,19,105,1,1307.86,0.9284639430879864,7,5,21,0.9284639430879864,1,1,936.2166666666668,26,True,True,False,False,False,True,0,Normal,0
281.85,22,109,1,1585.98,-0.044547948016522,1,4,33,-0.504552804625663,1,1,2280.9666666666667,11,True,False,False,False,False,True,0,Normal,0
58.32,29,275,4,6027.49,-0.8097232957160503,3,5,26,-0.862894218229299,1,1,1822.9166666666667,21,False,True,False,True,False,False,1,Normal,0
166.13,68,227,1,11822.53,-0.4368307617942239,3,4,33,-0.4517463270939564,1,1,888.6666666666666,29,True,False,False,False,False,False,0,Normal,0
1045.45,19,150,1,563.46,2.544003353406336,5,7,25,2.889395253299372,1,1,1295.7333333333331,3,True,False,True,False,False,True,0,Normal,0
64.01,19,240,1,1225.69,-0.7911589193646905,5,6,24,-0.8490778663673582,1,1,1.4833333333333334,30,False,True,False,False,False,True,0,Normal,0
146.67,20,273,1,1569.75,-0.5027988187948641,4,7,31,-0.5971784808558523,1,1,21.85,0,True,False,True,False,False,True,0,Normal,0
98.53,69,166,1,3564.8,-0.6659900964932616,4,5,25,-0.6659900964932616,1,1,936.2166666666668,10,True,True,False,False,True,False,0,Normal,0
424.47,22,116,1,5491.55,0.4389240093026607,6,7,24,3.3080279781992497,1,1,1007.5666666666668,28,True,False,True,False,False,True,0,Normal,0
431.22,73,129,1,6505.98,0.406912194867787,4,8,23,0.6490248541146278,1,1,1272.3333333333333,2,False,True,False,False,True,False,0,Normal,0
506.28,53,162,2,1309.95,0.6518053563674459,5,5,19,0.5917084091979572,1,1,264.6333333333333,6,False,False,True,False,True,False,0,Normal,0
93.63,29,141,1,9873.62,-0.6826007583279552,4,9,28,-0.7435672694458959,1,1,2665.133333333333,27,True,False,False,True,False,False,0,Normal,0
233.71,63,11,1,6095.5,-0.2077392257149196,4,8,24,-0.2481002224778486,1,1,1030.9166666666667,21,True,True,False,False,False,False,0,Normal,0
124.35,72,90,1,3319.76,-0.5784620784173866,6,9,32,-0.5826807748478138,1,0,1583.55,28,True,False,False,False,True,False,0,Normal,0
447.42,32,65,1,6133.22,0.5167229254467867,3,5,22,0.6378811705608918,1,1,239.88333333333333,5,True,False,True,True,False,False,0,Normal,0
119.11,57,131,1,7998.25,-0.5962253167875486,5,8,32,-0.5962253167875486,1,1,936.2166666666668,11,True,False,False,True,False,False,0,Normal,0
415.5,66,141,1,10113.66,0.4085163283522113,3,4,16,2.4883720721318774,1,1,671.9666666666667,22,True,False,False,False,False,False,0,Normal,0
1.93,47,175,5,5684.09,-0.9934574298057918,4,4,26,-0.992779779679468,1,1,1993.6166666666663,6,True,True,False,False,False,False,1,Normal,0
378.2,40,167,1,7372.81,0.2820719025493399,3,3,21,0.2820719025493399,1,1,936.2166666666668,23,True,True,False,True,False,False,0,Normal,0
292.38,68,224,1,5803.89,-0.0088519747268643,4,3,32,-0.2269169745454337,1,1,3023.616666666667,3,True,False,False,False,False,False,0,Normal,0
178.43,26,136,1,1214.93,-0.3951346106581563,4,8,20,-0.4678338141076864,1,0,5401.4,3,True,True,False,False,False,True,2,Medium confidence / needs review,1
315.94,49,172,1,7719.71,0.0307959724100107,3,5,20,0.0307959724100107,1,1,936.2166666666668,33,False,True,False,False,False,False,0,Normal,0
27.25,63,92,1,5365.2,-0.9110932734377982,4,13,18,-0.9137494432051988,1,1,502.9333333333333,18,False,True,False,False,True,False,2,Medium confidence / needs review,1
327.86,40,104,1,480.16,0.1114227766802637,4,5,23,0.1114227766802637,1,1,936.2166666666668,14,True,False,True,True,False,False,0,Normal,0
460.09,35,146,3,6990.64,0.5011043820846155,4,2,23,0.4033123882043786,1,0,576.2166666666667,14,False,False,True,False,False,False,1,Normal,0
1168.26,73,37,1,1385.74,2.811602519297692,9,4,32,1.9653150530736336,1,1,2351.333333333333,30,False,False,True,False,True,False,4,High confidence fraud,1
170.26,27,265,1,1969.48,-0.4228303468192679,6,7,24,-0.7388930624949882,1,1,2520.55,6,True,False,False,False,False,True,0,Normal,0
878.63,60,139,1,4954.37,1.9784950662096863,3,5,19,1.9784950662096863,1,1,936.2166666666668,8,True,False,False,True,False,False,0,Normal,0
453.09,48,97,1,6708.65,0.5359438341412176,5,3,30,-0.4843221828479312,1,1,1439.4166666666667,38,True,True,False,False,False,False,0,Normal,0
309.56,58,147,1,972.04,0.0493870396241632,2,6,27,-0.5350974671325842,1,1,1.0833333333333333,5,True,False,True,False,False,False,0,Normal,0
742.26,27,36,1,7868.19,1.5162101775572048,4,5,22,0.3567337681137884,1,1,359.5833333333333,36,True,False,True,True,False,False,0,Normal,0
541.52,48,161,1,6087.24,0.7667805097280638,2,4,27,-0.0912340466847898,1,1,192.71666666666667,16,False,True,False,True,False,False,0,Normal,0
96.25,61,171,1,7996.7,-0.6737191391428741,5,5,26,-0.835473458945332,1,1,694.2333333333333,15,True,False,True,False,True,False,0,Normal,0
492.06,23,74,1,857.9,0.6680494446918316,4,4,21,-0.0228212265087239,1,1,2016.2166666666667,14,True,False,True,False,False,True,0,Normal,0
880.04,25,29,1,261.97,1.983274868900894,4,6,23,0.7533820789516407,1,1,266.7333333333333,34,True,False,False,False,False,True,0,Normal,0
726.26,57,147,1,2150.38,1.4619712817704502,5,3,22,1.4619712817704502,1,1,936.2166666666668,29,True,False,True,False,True,False,0,Normal,0
52.87,24,70,1,960.96,-0.8207743453447122,3,2,23,-0.9272023780365126,1,1,1104.2,16,True,True,False,False,False,True,0,Normal,0
12.82,44,156,1,9045.19,-0.956541081360932,3,7,23,-0.9670914970105337,1,1,121.2,13,True,False,False,True,False,False,0,Normal,0
256.66,54,137,1,1794.5,-0.1626128553770899,6,9,21,-0.0277416502516257,1,1,2470.516666666667,33,False,False,True,False,True,False,0,Normal,0
1612.37,65,173,1,3910.59,4.465823028370513,2,6,25,5.150503980887063,1,1,168.63333333333333,20,True,False,False,False,True,False,0,Normal,0
91.32,58,77,1,2618.1,-0.6904314989071678,6,9,22,-0.8284090808115636,1,1,2614.95,25,True,True,False,True,False,False,0,Normal,0
153.08,24,201,1,1292.21,-0.4810693611702955,4,4,27,-0.6662863772126155,1,0,408.23333333333335,29,True,False,False,False,False,True,0,Normal,0
499.48,24,133,1,1242.62,0.693202732612939,4,8,21,0.693202732612939,1,1,936.2166666666668,5,True,False,False,False,False,True,0,Normal,0
675.49,61,159,1,1893.0,1.2898644855771049,4,8,33,0.3523864812357121,1,0,1367.3166666666666,5,True,False,False,False,True,False,0,Normal,0
42.55,53,29,1,7341.43,-0.8557584331271688,5,6,33,-0.9275726172964884,1,1,386.6833333333333,39,True,True,False,True,False,False,0,Normal,0
17.95,64,135,1,12344.9,-0.9414357514813212,4,5,19,-0.955770744737407,1,1,1582.4166666666667,34,False,True,False,False,False,False,0,Normal,0
321.79,63,61,1,5959.2,0.049882369889001,3,4,22,0.0418383285977374,1,1,1512.1333333333334,33,False,False,False,False,True,False,0,Normal,0
212.14,72,105,1,7225.06,-0.2808600370974381,6,4,28,-0.3188677538790319,1,1,167.96666666666667,2,True,True,False,False,True,False,0,Normal,0
64.5,74,230,1,1351.24,-0.7813494479697151,4,6,29,-0.7812817877881255,1,1,73.06666666666666,10,True,False,False,False,True,False,0,Normal,0
383.69,54,285,1,8371.11,0.3006826236661701,7,3,29,0.464545502343738,1,1,1798.5666666666666,7,True,False,True,True,False,False,0,Normal,0
291.09,48,73,1,6312.79,-0.0132249856996715,3,11,30,0.0501129602853079,1,1,481.78333333333336,12,True,True,False,True,False,False,0,Normal,0
332.06,29,221,4,11826.52,0.1256604868242867,3,4,21,0.1256604868242867,1,1,936.2166666666668,39,True,False,False,False,False,False,1,Normal,0
432.63,29,137,1,13648.36,0.4665858461539053,7,4,20,0.3028669508436217,1,1,216.53333333333333,7,True,False,False,False,False,False,0,Normal,0
5.04,56,41,1,5558.36,-0.9829147444372413,2,5,32,-0.9868181851813984,1,1,3599.4666666666667,42,True,False,False,False,True,False,1,Normal,0
172.29,36,283,1,8700.8,-0.4159487869163235,4,4,21,-0.4159487869163235,1,1,936.2166666666668,12,True,False,False,True,False,False,0,Normal,0
17.43,56,33,1,10658.88,-0.9409134995123734,7,4,29,-0.898833357137191,1,1,574.9833333333333,0,True,False,False,False,False,False,0,Normal,0
96.54,58,95,1,7182.22,-0.6727360591567391,3,1,22,0.0177103097437244,1,1,433.0833333333333,27,True,True,False,False,True,False,0,Normal,0
33.63,63,76,1,4324.4,-0.8859966175282845,3,9,20,-0.6475581571205391,1,1,5639.4,8,True,False,True,False,True,False,2,Medium confidence / needs review,1
184.56,21,93,1,1549.27,-0.3743543337098561,6,7,27,1.307793287595195,1,1,647.2833333333333,41,True,False,True,False,False,True,0,Normal,0
92.36,29,144,1,6353.14,-0.6869059706810288,3,3,22,-0.6869059706810288,1,1,936.2166666666668,9,True,False,False,True,False,False,0,Normal,0
331.38,42,122,1,844.55,0.1233553337533496,5,6,23,2.587916819100077,1,1,1536.4166666666667,24,True,False,False,True,False,False,0,Normal,0
205.65,62,144,1,3582.16,-0.3028606892009403,5,3,19,-0.0293576248201367,1,1,1055.5166666666669,15,True,True,False,False,True,False,0,Normal,0
46.11,33,233,1,5225.73,-0.8436902788146159,5,4,26,-0.8436902788146159,1,1,936.2166666666668,37,True,False,True,False,False,False,0,Normal,0
716.62,44,241,1,6987.4,1.4292923470589307,7,5,27,14.541530805865738,1,1,334.95,1,True,False,False,False,False,False,1,Normal,0
175.02,28,71,1,1493.88,-0.4066942753227084,4,1,22,-0.5410695775934614,1,1,0.3166666666666666,31,True,False,True,False,False,True,0,Normal,0
1353.93,26,171,1,7858.41,3.589729264174962,3,6,24,3.3314209437544524,1,1,5257.15,12,True,True,False,True,False,False,2,Medium confidence / needs review,1
91.48,51,141,1,14942.78,-0.6898891099493002,7,2,23,-0.6898891099493002,1,1,936.2166666666668,13,True,False,False,False,False,False,0,Normal,0
16.73,45,48,1,2202.62,-0.9432864512030438,4,5,24,-0.8171184869138775,1,1,720.8166666666667,15,True,False,True,True,False,False,0,Normal,0
288.43,66,72,1,4577.09,-0.0222422021242193,3,5,19,4.330930517864697,1,1,1798.9666666666667,31,True,True,False,False,True,False,0,Normal,0
429.25,29,107,1,5019.68,0.4551278794189535,4,4,24,2.246646816407976,1,1,839.8166666666667,39,True,False,True,True,False,False,0,Normal,0
104.79,70,223,1,1352.19,-0.6447691285166939,8,1,25,-0.4924747823924504,1,1,1343.6666666666667,10,True,False,False,False,False,False,0,Normal,0
889.01,36,169,1,4826.88,2.0136825498513438,4,5,26,3.776131410494845,1,1,529.8166666666667,41,True,False,True,True,False,False,0,Normal,0
390.77,44,34,1,5500.56,0.3246833350518089,9,6,21,0.2884722113487277,1,1,1486.1166666666666,32,True,False,True,False,False,False,0,Normal,0
534.62,55,45,1,13793.53,0.8123249074845985,4,3,29,0.6930141215624354,1,1,865.8166666666667,28,True,False,True,False,False,False,0,Normal,0
82.17,28,21,1,1913.06,-0.721449367435218,6,4,28,-0.7605315669910339,1,0,312.56666666666666,13,True,True,False,False,False,True,0,Normal,0
180.46,25,34,1,831.75,-0.3882530507552119,4,8,32,-0.3882530507552119,1,1,936.2166666666668,14,True,False,False,False,False,True,0,Normal,0
235.21,67,74,1,5946.61,-0.2026543292349114,3,8,29,-0.2026543292349114,1,1,936.2166666666668,4,True,True,False,False,False,False,0,Normal,0
137.84,27,83,1,1000.35,-0.5327319094071792,5,5,15,-0.4139704926917627,1,1,671.3166666666667,29,True,False,False,False,False,True,0,Normal,0
411.47,26,120,1,796.63,0.3948549064759227,7,4,19,1.205977744506218,1,1,1008.3666666666668,13,True,False,False,False,False,True,0,Normal,0
858.63,27,185,1,1872.96,1.8013937583712407,4,5,31,1.8013937583712407,1,1,936.2166666666668,37,False,True,False,False,False,True,0,Normal,0
46.96,46,12,1,2028.92,-0.8408088374759446,4,6,32,-0.9453082224644976,1,1,1751.2833333333333,19,True,False,True,True,False,False,0,Normal,0
474.05,57,214,1,1484.31,0.606996787621866,5,3,19,0.0469417726632542,1,1,985.7666666666668,38,True,False,False,False,True,False,0,Normal,0
65.32,28,54,1,9165.02,-0.7785697045606439,4,5,27,-0.857962944990078,1,1,2013.75,23,True,False,False,False,False,True,0,Normal,0
131.43,43,65,1,1337.5,-0.5544613670317476,6,9,24,-0.5544613670317476,1,1,936.2166666666668,5,True,False,True,False,False,False,0,Normal,0
232.35,33,153,1,4186.25,-0.2419274404564493,4,6,26,0.7678612130574357,1,1,2397.45,1,False,True,False,True,False,False,0,Normal,0
381.33,56,75,1,11835.35,0.2926823865376238,4,3,21,1.09648688165107,1,1,2424.5333333333333,0,True,False,False,False,False,False,0,Normal,0
268.7,53,63,1,2104.74,-0.089125540491261,4,6,33,0.0818536857033711,1,1,1031.5,25,True,False,False,False,True,False,0,Normal,0
1.14,43,137,1,13913.92,-0.9961354752852628,5,4,27,-0.9955021118532976,1,1,479.98333333333335,16,True,True,False,False,False,False,0,Normal,0
23.14,47,93,1,10536.54,-0.9245026911538068,2,1,29,-0.8860042322971368,1,1,553.1333333333333,23,False,False,True,False,False,False,0,Normal,0
1496.57,33,95,1,969.06,4.0732690201138775,4,7,22,4.0732690201138775,1,1,936.2166666666668,22,True,False,True,True,False,False,0,Normal,0
319.27,54,59,1,5504.01,0.0416605371288205,2,9,32,-0.7866655079370389,1,1,3432.6666666666665,29,False,False,True,False,True,False,0,Normal,0
203.12,56,181,1,1562.39,-0.3114372145972209,4,7,25,-0.3114372145972209,1,1,936.2166666666668,38,True,False,False,False,True,False,0,Normal,0
92.29,54,115,1,2026.32,-0.6871432658500958,7,5,32,-0.545638043788706,1,1,671.3,0,True,True,False,True,False,False,0,Normal,0
349.34,28,245,1,614.14,0.1397678828028778,4,3,28,0.1397678828028778,1,1,936.2166666666668,16,False,False,False,False,False,True,0,Normal,0
74.04,18,66,1,1690.23,-0.7490095063568626,5,5,27,-0.7880574775632406,1,1,1081.5,22,True,False,True,False,False,True,0,Normal,0
325.98,19,277,1,782.35,0.1050497064253201,7,9,21,0.5398932375648674,1,1,3526.583333333333,42,True,False,False,False,False,True,1,Normal,0
29.94,58,243,1,10915.54,-0.8985054628691047,4,4,21,-0.8801377139953919,1,1,2039.4,37,True,False,False,False,False,False,0,Normal,0
151.37,54,53,1,8356.08,-0.4868661431575049,4,8,24,-0.4868661431575049,1,1,936.2166666666668,3,True,False,False,True,False,False,0,Normal,0
34.03,57,38,1,3077.2,-0.8846406451336157,7,9,22,-0.7751866236692434,1,1,1176.2333333333331,20,True,True,False,True,False,False,0,Normal,0
63.74,63,31,1,4336.4,-0.7839257955195859,4,2,22,-0.3124056061229169,1,1,2712.6833333333334,6,True,False,True,False,True,False,0,Normal,0
127.0,19,68,5,431.16,-0.5856457266806575,4,4,32,0.5292606502858556,1,1,71.31666666666666,26,False,True,False,False,False,True,2,Medium confidence / needs review,1
7.61,50,163,1,6275.0,-0.974202621801494,8,6,17,-0.9190726759284024,1,1,145.06666666666666,1,True,False,False,False,False,False,0,Normal,0
491.91,78,155,1,2421.94,0.6675409550438308,3,7,25,0.6675409550438308,1,1,936.2166666666668,25,True,False,True,False,True,False,0,Normal,0
148.0,20,35,1,1488.65,-0.4982902105825901,5,3,33,-0.6991319536111648,1,1,335.55,40,True,True,False,False,False,True,0,Normal,0
109.28,36,112,4,6338.35,-0.6295483383865359,4,4,18,-0.6584519677503026,1,1,3287.5333333333333,36,True,False,True,True,False,False,1,Normal,0
176.11,38,105,1,9155.35,-0.4029992505472358,2,7,31,-0.2947983810723646,1,1,1488.4666666666667,38,True,True,False,True,False,False,0,Normal,0
1162.42,30,45,1,10357.26,2.792548748139178,4,7,30,4.025051317302275,1,1,311.78333333333336,11,False,False,True,False,False,False,1,Normal,0
317.94,54,124,1,2996.51,0.0777946612924759,4,3,31,0.0777946612924759,1,1,936.2166666666668,20,True,False,False,True,False,False,0,Normal,0
322.48,27,57,1,1238.43,0.0931849479719675,8,5,34,0.01427942374574,1,1,1126.4,17,True,False,False,False,False,True,0,Normal,0
275.59,53,238,1,6313.22,-0.1008512307143063,4,3,21,-0.1393460537167921,1,1,5064.65,30,False,True,False,False,True,False,0,Normal,0
265.44,30,169,1,9700.77,-0.1001767155078122,1,5,24,-0.1001767155078122,1,1,936.2166666666668,35,True,False,False,True,False,False,0,Normal,0
77.43,21,169,1,1380.21,-0.737517640312044,2,5,28,-0.7082956573677831,1,1,47.5,33,True,False,True,False,False,True,0,Normal,0
42.09,29,118,1,5526.28,-0.857317801381038,5,4,26,-0.7544842024412506,1,1,26.33333333333333,10,True,True,False,True,False,False,0,Normal,0
862.34,57,72,1,9903.48,1.9232730904367967,6,5,32,5.72023062873885,1,1,2997.75,18,True,True,False,False,False,False,0,Normal,0
8.75,79,199,1,4044.62,-0.9703381004766876,4,7,24,-0.9719393859634752,1,1,503.9,21,True,False,False,False,True,False,0,Normal,0
289.1,27,206,1,267.53,-0.0199709483631489,2,6,29,0.150829982282433,1,1,623.9666666666667,3,True,False,False,False,False,True,0,Normal,0
499.99,31,296,1,8885.0,0.6949315974161417,4,10,26,0.9415202370972904,1,1,527.8833333333333,38,True,True,False,True,False,False,0,Normal,0
538.13,62,165,1,5008.59,0.8242235652478177,5,6,21,0.8418836823429272,1,1,865.7166666666667,5,True,False,False,False,True,False,0,Normal,0
386.38,42,135,1,5528.36,0.3098015380203182,4,3,27,0.3098015380203182,1,1,936.2166666666668,31,True,False,True,True,False,False,0,Normal,0
806.97,25,11,1,102.2,1.73557261170476,2,5,33,1.0885397766744145,1,1,1009.8,39,True,False,True,False,False,True,0,Normal,0
296.0,35,248,1,7418.82,0.0034195754448888,2,7,25,-0.503917542206532,1,1,1654.6166666666666,19,True,True,False,False,False,False,0,Normal,0
100.99,68,114,1,8865.27,-0.6576508662660481,4,3,25,-0.7965756857758572,1,1,335.9166666666667,27,True,False,False,False,False,False,0,Normal,0
195.54,60,255,1,2794.66,-0.3371328914761958,3,4,25,-0.508180639339561,1,1,1175.75,29,True,False,True,False,True,False,0,Normal,0
54.47,23,34,1,1131.42,-0.8222844290996592,6,5,29,-0.8474981497987039,1,1,2857.7,30,False,True,False,False,False,True,0,Normal,0
434.17,21,148,5,5335.44,0.4718063398733805,4,5,19,0.4718063398733805,1,1,936.2166666666668,1,True,False,False,False,False,True,2,Medium confidence / needs review,1
17.79,61,162,5,2281.9,-0.9396931243571712,4,4,31,-0.9590252643917698,1,1,1152.35,17,True,True,False,False,True,False,1,Normal,0
266.57,39,96,1,7180.48,-0.1302801717844758,6,3,45,0.1796176644852744,1,1,3144.9166666666665,4,False,False,True,True,False,False,1,Normal,0
493.11,53,236,1,7432.99,0.6716088722278374,7,3,17,1.058828436980383,1,1,670.4833333333333,7,True,True,False,False,True,False,0,Normal,0
1762.28,24,150,1,1380.34,4.974007582582536,6,4,34,4.817833664065782,1,1,1607.6666666666667,22,True,False,False,False,False,True,1,Normal,0
474.77,46,284,1,8494.53,0.60943753793227,5,2,31,-0.2017774516433235,1,0,2.35,4,True,False,True,True,False,False,1,Normal,0
88.4,46,174,1,2567.53,-0.7003300973882505,6,6,33,-0.8462024696110074,1,1,839.6,13,True,False,True,True,False,False,0,Normal,0
63.34,46,165,1,11174.94,-0.7933448828366432,6,4,33,-0.8746483674086498,1,1,166.0,11,False,False,True,False,False,False,0,Normal,0
877.81,22,150,1,399.0,1.9757153228006152,3,6,27,1.9757153228006152,1,1,936.2166666666668,20,True,False,True,False,False,True,0,Normal,0
251.8,62,102,1,11796.66,-0.1464153741660203,4,4,22,-0.7131497696390452,1,1,502.85,23,True,False,False,False,False,False,0,Normal,0
20.06,27,144,1,445.21,-0.9319979810174256,5,2,23,-0.9644833155434472,1,1,384.45,22,True,False,False,False,False,True,0,Normal,0
139.03,50,81,1,2276.57,-0.5463962631469392,5,5,21,-0.6372089365542922,1,0,3193.3166666666666,20,False,False,True,True,False,False,0,Normal,0
297.6,39,162,1,1461.17,0.0088434650235643,6,5,25,-0.0762784198765316,1,1,814.8,25,True,False,True,False,False,False,0,Normal,0
492.93,39,234,1,5109.97,0.6709986846502364,4,2,27,0.5537098891958965,1,1,1729.7333333333331,8,True,False,True,True,False,False,0,Normal,0
463.92,50,199,1,2403.39,0.5726567867268771,2,7,19,0.5726567867268771,1,1,936.2166666666668,23,True,False,True,True,False,False,0,Normal,0
361.22,64,167,1,7061.73,0.2245108743956468,2,10,33,-0.2213743744150405,1,1,841.2833333333333,33,True,False,False,False,True,False,0,Normal,0
139.69,52,180,1,9567.94,-0.5264605370818357,4,10,31,-0.6614150309973701,1,1,1415.4,16,True,False,True,True,False,False,0,Normal,0
46.75,67,150,1,2840.43,-0.8415207229831457,7,5,25,-0.8546376018947247,1,1,1104.25,7,True,True,False,False,True,False,0,Normal,0
155.51,68,15,1,5360.19,-0.4728318288726822,6,7,23,-0.3850807632215712,1,0,505.23333333333335,33,True,False,False,False,False,False,0,Normal,0
767.14,62,38,1,4732.57,1.5028955523280243,8,5,25,2.286550299091971,1,0,189.55,23,False,True,False,False,True,False,1,Normal,0
126.6,22,146,1,961.65,-0.5708347336973743,2,4,19,-0.5708347336973743,1,1,936.2166666666668,35,True,True,False,False,False,True,0,Normal,0
114.35,41,21,1,469.12,-0.6269180220839441,7,5,31,-0.096761452632216,1,1,4440.266666666666,12,False,True,False,True,False,False,0,Normal,0
116.76,51,212,1,4480.43,-0.6041916546062283,4,5,25,-0.6041916546062283,1,1,936.2166666666668,30,True,False,False,True,False,False,0,Normal,0
45.77,25,109,1,5978.12,-0.8448428553500844,7,3,34,-0.6079993096265904,1,0,576.9166666666666,30,True,False,True,False,False,True,0,Normal,0
644.08,24,55,1,1980.62,1.1833867532857327,6,4,27,6.9256751747286645,1,1,2111.65,1,True,False,True,False,False,True,0,Normal,0
111.66,48,140,1,5716.72,-0.6356945022922318,6,3,32,-0.5847063614954946,1,1,720.8166666666667,42,False,False,True,True,False,False,0,Normal,0
51.22,23,82,1,1664.59,-0.8263677314727212,5,9,26,-0.7768847908485095,1,1,525.8833333333333,14,True,True,False,False,False,True,0,Normal,0
52.95,68,14,1,6335.58,-0.8272436298121489,8,3,24,-0.7269182728706934,1,1,937.85,5,False,False,True,False,True,False,0,Normal,0
268.92,29,148,1,8765.38,-0.088379755674193,3,4,17,0.5781072694058883,1,1,166.5,6,True,True,False,True,False,False,0,Normal,0
376.78,21,88,1,841.65,0.2292945061915088,8,7,24,1.0423894132567786,1,1,0.8833333333333333,26,False,False,True,False,False,True,0,Normal,0
205.58,20,159,1,1501.95,-0.3030979843700073,5,4,32,-0.0140875465412371,1,1,48.4,32,True,False,True,False,False,True,0,Normal,0
305.27,68,147,1,12958.65,0.0348442356913396,4,5,27,0.4662969898401718,1,1,1006.6,19,True,False,True,False,False,False,0,Normal,0
94.59,39,34,1,6171.89,-0.6793464245807499,5,8,25,-0.5658997950155815,1,0,1560.65,42,True,False,True,False,False,False,0,Normal,0
717.74,42,168,1,8375.16,1.3417215291721074,3,5,22,2.4725586840145737,1,1,167.78333333333333,34,False,False,True,True,False,False,0,Normal,0
11.46,75,64,1,7258.33,-0.9626102334708334,7,6,19,-0.9626102334708334,1,1,936.2166666666668,2,False,True,False,False,True,False,0,Normal,0
1362.55,29,106,1,2429.68,3.618950469280076,3,5,32,117.89615027084204,1,1,240.88333333333333,12,True,False,False,True,False,False,4,High confidence fraud,1
214.83,23,63,1,991.69,-0.2990887539319891,4,8,30,-0.6872948512932294,1,1,912.0833333333334,40,False,False,False,False,False,True,0,Normal,0
3.3,50,131,1,11385.37,-0.9892333109799888,6,5,25,-0.9937690371709506,1,1,166.5,20,False,True,False,False,False,False,0,Normal,0
284.17,51,189,1,3479.56,-0.0366833081274426,1,6,27,-0.2860678073886271,1,1,1391.3333333333333,22,True,False,False,False,True,False,0,Normal,0
144.1,57,30,1,11523.64,-0.5115109414306115,8,9,33,-0.6160016185598286,1,1,1057.3666666666666,6,True,True,False,False,False,False,0,Normal,0
584.51,74,76,1,3254.56,0.9814485644096722,9,3,19,0.7358159955578837,1,1,1176.3833333333334,10,True,False,False,False,True,False,0,Normal,0
434.58,59,215,1,12648.32,0.473196211577916,3,4,31,0.1678132145422153,1,0,286.68333333333334,22,True,False,False,False,False,False,0,Normal,0
643.38,18,105,1,1046.74,1.0991122101058317,2,5,24,0.6933837784020167,1,1,1464.85,11,False,False,True,False,False,True,0,Normal,0
436.8,36,213,1,4515.43,0.4807218583683283,4,2,22,0.0674254929275921,1,1,239.1833333333333,15,True,True,False,True,False,False,0,Normal,0
49.62,55,111,1,3841.42,-0.8317916210513967,2,4,23,-0.8795537496127035,1,1,503.81666666666666,32,True,False,False,True,False,False,0,Normal,0
533.61,48,115,1,3656.93,0.8089010771880596,2,6,24,0.4078406436365223,1,1,311.96666666666664,23,True,False,True,True,False,False,0,Normal,0
143.54,71,80,1,6067.62,-0.5134093027831479,4,5,28,-0.5134093027831479,1,1,936.2166666666668,30,True,False,False,False,True,False,0,Normal,0
280.99,45,29,1,9733.59,-0.0474632886650601,4,6,28,-0.0474632886650601,1,1,936.2166666666668,15,True,True,False,True,False,False,0,Normal,0
47.6,53,115,1,1382.51,-0.8386392816444744,2,4,45,-0.8305989507434466,1,1,72.65,2,True,False,True,True,False,False,2,Medium confidence / needs review,1
139.45,27,31,1,1305.76,-0.5272741205186371,4,9,31,-0.1512218865381061,1,1,3286.016666666667,4,True,False,True,False,False,True,0,Normal,0
266.57,72,100,1,7676.92,-0.0963460934928727,2,8,19,0.7086360094737458,1,1,1872.4,12,True,False,False,False,True,False,0,Normal,0
255.26,45,50,1,14815.87,-0.1671805402438569,3,7,31,0.3899075678800583,1,1,743.5833333333334,37,False,True,False,False,False,False,0,Normal,0
115.11,28,139,1,9808.97,-0.6097850407342372,3,7,26,-0.6097850407342372,1,1,936.2166666666668,0,True,False,True,True,False,False,0,Normal,0
111.08,70,83,1,7037.34,-0.623446462610526,6,5,29,-0.0350099901397794,1,1,240.2,6,True,False,True,False,False,False,0,Normal,0
199.09,70,89,1,1658.52,-0.3250986364735097,9,6,25,0.7603784361786248,1,1,95.13333333333334,11,True,False,True,False,False,False,0,Normal,0
372.41,55,143,1,3233.87,0.2624442021365083,6,4,30,1.6270456995834817,1,1,745.3,36,True,False,False,False,True,False,0,Normal,0
488.15,43,168,1,7071.09,0.6547948145339434,2,5,22,1.4478180674306154,1,1,1005.8166666666668,21,True,True,False,True,False,False,0,Normal,0
566.33,24,66,1,379.82,0.8477264108312687,4,4,33,1.2021791155891126,1,1,168.63333333333333,5,False,False,False,False,False,True,0,Normal,0
83.16,61,177,1,3065.87,-0.7180933357584126,8,7,31,-0.730607879199184,1,1,215.53333333333333,20,True,False,False,False,True,False,0,Normal,0
1108.46,30,262,1,9257.04,2.757602904876548,6,6,26,3.0092490577499733,1,0,360.0833333333333,20,True,True,False,True,False,False,1,Normal,0
365.04,22,94,1,873.89,0.2374604107647345,7,7,26,0.2374604107647345,1,1,936.2166666666668,41,True,True,False,False,False,True,0,Normal,0
365.48,76,216,1,7147.4,0.1924267640526048,7,6,18,0.0012053473558915,1,1,1849.5,39,False,False,True,False,True,False,0,Normal,0
490.82,26,114,1,8704.27,0.663845930268358,8,4,25,0.3437551323885585,1,1,240.08333333333331,18,True,False,False,True,False,False,0,Normal,0
28.31,59,20,1,8334.47,-0.907634883467246,3,8,31,-0.9304616218322622,1,1,1103.75,24,False,False,True,False,False,False,0,Normal,0
28.44,18,243,1,1071.04,-0.9035903593491128,3,5,28,-0.908966507713467,1,1,1079.9,14,True,False,False,False,False,True,0,Normal,0
141.49,24,75,1,1665.58,-0.5203586613058258,4,3,29,-0.446478728233228,1,1,479.23333333333335,3,True,False,True,False,False,True,0,Normal,0
215.72,30,137,1,8697.11,-0.2961850114095445,6,2,24,-0.0882373656085432,1,1,505.1166666666667,8,False,True,False,True,False,False,0,Normal,0
389.05,27,41,1,761.0,0.3188526537547329,4,5,19,0.3188526537547329,1,1,936.2166666666668,9,True,False,False,False,False,True,0,Normal,0
368.53,68,34,1,13696.31,0.2492912699082201,7,6,25,-0.05274386312108,1,1,2086.5666666666666,33,True,True,False,False,False,False,0,Normal,0
350.96,63,167,1,5463.94,0.1897301824723904,1,4,26,-0.0734707883696222,1,1,1584.2833333333333,40,True,False,False,False,True,False,0,Normal,0
35.46,67,164,1,5692.31,-0.8797930438226744,7,6,24,-0.9040359367166654,1,1,960.2,16,True,False,False,False,False,False,0,Normal,0
793.88,22,252,1,1404.06,1.590138333283272,5,5,25,1.590138333283272,1,1,936.2166666666668,20,False,False,False,False,False,True,0,Normal,0
638.24,48,64,1,5695.78,1.1635895563235672,5,4,28,-0.1960497805763468,1,1,361.78333333333336,31,True,True,False,True,False,False,0,Normal,0
541.79,22,125,1,1454.08,0.8366307126590377,3,4,22,-0.2433734599846752,1,1,3718.65,23,True,False,False,False,False,True,0,Normal,0
125.14,20,31,1,1845.18,-0.5757840329379156,7,6,19,-0.8098089566244525,1,1,408.6,3,True,True,False,False,False,True,0,Normal,0
11.02,19,280,1,964.79,-0.962642957136942,6,4,21,-0.9790000219546938,1,1,1847.2166666666667,40,True,True,False,False,False,True,0,Normal,0
169.97,22,12,1,6269.12,-0.445450427591391,6,5,30,-0.5972408484144108,1,1,577.0166666666667,36,False,False,False,False,False,True,0,Normal,0
485.54,46,143,1,6371.51,0.6459470946587291,7,4,24,0.6459470946587291,1,1,936.2166666666668,15,True,False,False,True,False,False,0,Normal,0
78.93,38,145,1,9916.24,-0.7324327438320358,8,7,25,-0.8374387262894124,1,1,262.9166666666667,23,True,False,False,False,False,False,0,Normal,0
417.26,32,45,1,10442.48,0.3613658514820257,6,4,24,0.4784133772267316,1,1,240.33333333333331,27,False,False,True,False,False,False,0,Normal,0
821.54,79,36,1,4040.32,1.680382735722395,9,2,24,1.5104865853834966,1,1,4225.166666666667,1,False,True,False,False,True,False,3,High confidence fraud,1
131.69,53,59,1,2958.43,-0.5703439823769885,6,4,25,-0.7078862273361477,1,1,1318.1833333333334,10,False,True,False,True,False,False,0,Normal,0
194.99,34,91,1,1370.03,-0.3389973535188655,5,5,26,-0.4961394537971342,1,1,1104.65,17,True,True,False,True,False,False,0,Normal,0
280.92,41,168,1,5298.85,-0.0477005838341271,6,7,26,-0.2086574796347589,1,1,745.3333333333334,31,True,False,True,False,False,False,0,Normal,0
321.15,46,179,1,7005.05,0.0886763397596934,3,5,23,0.0886763397596934,1,1,936.2166666666668,20,True,True,False,False,False,False,0,Normal,0
7.5,63,36,1,6485.78,-0.974575514210028,4,3,27,-0.9766464238622252,1,1,167.03333333333333,9,True,False,True,False,True,False,0,Normal,0
836.45,61,63,1,1731.89,1.835507777191855,4,4,24,1.835507777191855,1,1,936.2166666666668,41,True,False,True,False,True,False,0,Normal,0
986.81,68,127,1,14881.77,2.219597934244226,2,5,25,0.1797596985118539,1,1,768.8333333333334,15,False,False,True,False,False,False,0,Normal,0
218.57,62,102,1,13869.86,-0.2868865100736262,5,5,31,-0.7602426414661182,1,1,4775.633333333333,22,False,True,False,False,False,False,0,Normal,0
93.14,67,151,1,5473.82,-0.6842618245114246,3,5,22,-0.6842618245114246,1,1,936.2166666666668,22,True,False,True,False,True,False,0,Normal,0
146.15,43,75,1,13784.4,-0.5045615829079335,5,4,22,0.5691432191416876,1,1,97.08333333333331,31,True,True,False,False,False,False,0,Normal,0
14.16,74,290,1,5399.76,-0.9538011269420684,3,2,21,-0.8816498735287738,1,1,70.95,28,False,True,False,False,True,False,1,Normal,0
124.22,23,172,1,9695.04,-0.5789027694456539,1,4,33,0.4703491757307259,1,1,3121.133333333333,5,True,False,False,False,False,True,1,Normal,0
52.94,41,146,1,6990.92,-0.8205370501756452,4,5,27,-0.4392988541393401,1,1,575.65,40,True,True,False,False,False,False,0,Normal,0
568.07,48,115,1,10556.81,0.9257180989887822,3,3,27,5.596107782028892,1,1,1847.45,42,True,False,False,False,False,False,0,Normal,0
502.9,26,141,1,341.24,0.6407776600462516,6,5,32,2.021388220322496,1,1,504.1666666666667,14,False,False,True,False,False,True,0,Normal,0
57.49,24,177,1,765.15,-0.8124312803156334,2,4,33,-0.731995627856012,1,1,1416.9333333333334,11,False,False,True,False,False,True,0,Normal,0
442.12,19,260,1,1375.8,0.4987562912174241,6,2,28,1.2686344999589012,1,1,838.4666666666667,20,True,False,True,False,False,True,0,Normal,0
51.2,18,83,1,730.6,-0.8264355300924547,5,5,34,-0.8264355300924547,1,1,936.2166666666668,40,True,False,True,False,False,True,0,Normal,0
68.28,56,293,1,3213.16,-0.7685355088400943,8,4,29,0.3335937434844971,1,1,2088.15,4,True,False,True,True,False,False,0,Normal,0
138.68,22,44,1,206.2,-0.5475381843636309,1,9,31,1.3213926795883382,1,1,141.2,7,False,True,False,False,False,True,0,Normal,0
316.95,25,83,1,1324.03,0.0744386296156704,5,5,27,2.683180941859533,1,1,1225.7833333333333,23,True,True,False,False,False,True,0,Normal,0
516.72,42,128,1,2015.69,0.751645142823167,5,5,31,2.5938863689110856,1,0,1584.8333333333333,23,True,False,False,True,False,False,0,Normal,0
245.62,23,127,1,1879.82,-0.1673651476636543,5,5,25,0.1248088066603373,1,1,1606.3,35,True,True,False,False,False,True,0,Normal,0
147.4,42,259,1,6797.71,-0.5003241691745933,4,7,25,-0.5003241691745933,1,1,936.2166666666668,38,True,True,False,True,False,False,0,Normal,0
325.6,69,88,1,13777.1,0.1037615326503847,4,5,45,1.20895521567873,1,1,2616.083333333333,9,True,False,False,False,False,False,1,Normal,0
506.26,64,86,1,6266.65,0.6517401037264922,8,13,33,1.140634244648481,1,1,1994.1833333333332,3,False,False,False,False,True,False,2,Medium confidence / needs review,1
213.25,25,63,1,677.79,-0.2770972137022319,8,5,21,-0.2770972137022319,1,1,936.2166666666668,37,True,True,False,False,False,True,0,Normal,0
103.76,28,188,1,9626.14,-0.6482607574329663,5,3,25,-0.5134349331140214,1,1,814.8333333333334,18,True,False,True,True,False,False,0,Normal,0
308.42,75,39,1,5427.81,0.045522518299357,3,6,16,0.9458061200226736,1,1,815.9,26,True,True,False,False,True,False,0,Normal,0
577.12,39,69,1,5265.88,0.9563969744181652,7,3,19,0.9563969744181652,1,1,936.2166666666668,41,True,False,False,True,False,False,0,Normal,0
301.51,22,284,1,1052.31,0.0220980951814523,2,6,22,-0.4775609916870651,1,1,670.9166666666666,5,True,False,False,False,False,True,0,Normal,0
32.34,44,45,1,7847.62,-0.8903696285010915,6,4,19,-0.9263853933364776,1,1,2808.3166666666666,18,True,True,False,False,False,False,0,Normal,0
277.7,58,107,1,1423.2,-0.0586161616112116,3,4,26,-0.0854803119131905,1,1,23.766666666666666,26,True,True,False,True,False,False,0,Normal,0
227.61,71,61,1,4405.28,-0.2284178047336197,5,3,31,-0.2284178047336197,1,1,936.2166666666668,15,True,False,True,False,True,False,0,Normal,0
981.76,45,234,1,602.36,2.328098648865186,3,3,26,3.313342984432393,1,1,1176.1166666666666,25,True,False,True,False,False,False,0,Normal,0
4.58,21,135,1,811.24,-0.9850571419589448,5,5,25,-0.9924258068375668,0,1,575.8333333333334,1,False,False,True,False,False,True,3,High confidence fraud,1
124.05,61,220,1,7009.54,-0.5952704912213448,8,7,19,-0.6934387725356759,1,1,144.61666666666667,0,False,True,False,False,False,False,0,Normal,0
118.1,54,167,1,895.66,-0.5996491470840876,3,1,27,-0.6469357230285928,1,1,143.98333333333332,22,True,False,True,True,False,False,0,Normal,0
521.81,47,34,1,4750.96,0.768899891545328,2,5,27,0.7918068786765783,1,1,384.6166666666667,41,True,False,False,True,False,False,0,Normal,0
732.53,26,116,1,441.54,1.3899758571574516,4,3,34,1.3899758571574516,1,1,936.2166666666668,38,False,False,False,False,False,True,0,Normal,0
8.95,76,102,1,3299.84,-0.9696601142793532,6,6,21,-0.9877820690104404,1,1,3239.116666666667,28,True,False,True,False,True,False,0,Normal,0
51.0,64,107,1,4943.16,-0.8271135162897891,4,7,21,-0.8271135162897891,1,1,936.2166666666668,39,True,True,False,False,True,False,0,Normal,0
116.86,55,171,1,6706.56,-0.6038526615075609,8,5,30,1.291372523698578,1,1,1178.4666666666667,21,True,False,False,True,False,False,0,Normal,0
560.15,50,92,1,817.83,0.8275633447765403,6,4,27,5.674013991731037,1,1,3527.55,22,False,False,True,True,False,False,0,Normal,0
292.03,46,154,1,951.33,-0.0472135598502723,2,5,24,0.2034037985601689,1,0,502.31666666666666,22,False,False,False,True,False,False,0,Normal,0
139.53,53,177,1,10098.86,-0.5447649471230939,1,5,31,-0.4528449846953257,1,0,841.0,21,False,False,True,False,False,False,0,Normal,0
17.1,53,101,1,1619.54,-0.9420321767379752,2,3,30,-0.926265766938323,1,1,1847.6,0,True,False,False,False,True,False,0,Normal,0
391.96,64,79,1,2174.16,0.3287173529259488,4,8,24,0.3287173529259488,1,1,936.2166666666668,26,True,False,False,False,True,False,0,Normal,0
23.38,32,89,1,9968.49,-0.920743410141674,3,6,29,-0.940351053831128,1,1,2354.4166666666665,22,True,True,False,True,False,False,0,Normal,0
475.36,34,105,1,2000.6,0.6114375972144066,4,3,27,1.289016221461857,1,1,165.28333333333333,31,True,False,False,True,False,False,0,Normal,0
1427.71,64,159,1,1729.26,3.8398383723716334,4,4,21,3.8398383723716334,1,1,936.2166666666668,27,True,True,False,False,False,False,0,Normal,0
270.92,77,143,1,4574.43,-0.1160877223770214,5,3,34,-0.8102415751026176,1,1,2087.616666666667,21,False,True,False,False,True,False,0,Normal,0
181.81,78,122,1,7525.73,-0.4068208641467339,4,2,45,-0.7859333689079632,1,1,911.1,2,False,False,True,False,True,False,2,Medium confidence / needs review,1
124.72,33,105,1,6309.8,-0.5772078039523179,2,6,31,-0.8010252906750144,1,1,841.0833333333334,28,True,True,False,True,False,False,0,Normal,0
223.22,27,96,1,1734.22,-0.2432996017651106,3,6,27,-0.5547088500574342,1,1,335.1,13,True,False,False,False,False,True,0,Normal,0
98.81,27,91,1,797.1,-0.6650409158169934,7,8,28,-0.7782918515282585,1,1,1176.4666666666667,37,True,True,False,False,False,True,0,Normal,0
256.3,53,172,1,4203.05,-0.1311606847259956,5,9,34,-0.1311606847259956,1,1,936.2166666666668,27,True,False,True,False,True,False,0,Normal,0
38.95,27,50,1,731.52,-0.8679621846791886,6,4,29,-0.8480296494419445,1,1,4704.383333333333,20,True,False,True,True,False,False,0,Normal,0
141.8,18,116,1,1697.67,-0.5193077826999574,8,4,30,-0.0394580861001991,1,1,674.2,6,True,False,False,False,False,True,0,Normal,0
117.97,51,137,1,1475.46,-0.600089838112355,7,5,29,-0.1902299495007668,1,1,215.91666666666663,18,True,True,False,False,True,False,0,Normal,0
276.26,56,143,1,120.89,-0.0634976622320195,2,4,20,-0.0634976622320195,1,1,936.2166666666668,21,True,True,False,False,False,False,0,Normal,0
517.68,31,24,1,11305.81,0.754899476570372,4,2,34,0.8738869149573338,1,1,1224.8,29,True,False,False,False,False,False,0,Normal,0
16.53,21,220,1,707.95,-0.9439644374003784,5,7,23,-0.9583595713571312,1,1,2639.25,15,True,False,False,False,False,True,0,Normal,0
179.0,78,121,1,7310.88,-0.3932023499957532,2,2,24,-0.3374214949199051,1,0,1054.9,15,True,False,False,False,True,False,0,Normal,0
876.57,62,118,1,3743.63,1.8599253773068107,5,6,22,2.5435940350143253,1,1,120.25,32,False,False,False,False,True,False,0,Normal,0
302.45,78,40,1,5133.61,-0.0132169339133359,4,5,27,-0.1895940060513332,1,1,336.95,35,False,True,False,False,True,False,0,Normal,0
393.74,26,90,1,1769.06,0.3347514300822253,5,7,25,0.0894401170691862,1,1,1680.9666666666667,5,True,False,True,False,False,True,0,Normal,0
815.96,55,120,1,1021.88,1.7660480912749428,4,6,29,1.7660480912749428,1,1,936.2166666666668,26,True,False,False,False,False,False,0,Normal,0
220.52,57,152,1,1793.09,-0.2524524154291254,2,8,27,-0.7297416531083122,1,1,1632.0166666666669,39,True,False,False,False,True,False,0,Normal,0
136.88,24,71,1,7465.95,-0.5534109220494741,5,5,25,-0.7358752687251559,1,1,985.5666666666668,22,False,True,False,False,False,True,0,Normal,0
973.39,77,296,1,2042.22,2.29972492650674,4,3,45,1.488724684268959,1,1,1031.7,34,True,True,False,False,True,False,3,High confidence fraud,1
234.57,23,120,1,263.98,-0.2048238850663816,5,5,21,-0.5629300094320624,1,1,46.766666666666666,6,True,False,True,False,False,True,0,Normal,0
328.34,42,31,1,2840.45,0.0712526098013745,4,8,33,-0.3105924438744217,1,1,984.1333333333332,36,False,False,True,True,False,False,0,Normal,0
1431.54,20,84,1,1171.98,3.8528218080505874,3,6,19,2.169858944288526,1,1,1440.1,32,True,False,True,False,False,True,0,Normal,0
49.99,62,139,1,2299.64,-0.8305373465863279,5,6,29,-0.8305373465863279,1,1,936.2166666666668,29,True,False,False,False,True,False,0,Normal,0
39.69,70,163,1,3524.68,-0.8654536357490512,4,9,22,-0.20604120412,1,1,1775.3833333333334,2,True,False,True,False,True,False,0,Normal,0
254.21,48,46,1,2487.2,-0.1382456404881404,3,5,26,4.669268406126931,1,1,671.5333333333333,31,True,False,False,True,False,False,0,Normal,0
218.19,19,185,1,620.83,-0.2603509546280715,8,5,25,0.903428413997833,1,0,23.683333333333334,2,True,False,False,False,False,True,0,Normal,0
297.03,61,151,1,1088.62,0.006911204361161,2,5,20,1.1137916231583285,1,0,2592.65,2,True,False,True,False,True,False,0,Normal,0
135.43,57,92,1,5315.83,-0.5409016430850591,8,7,19,-0.2118005830929649,0,1,671.1,38,True,False,False,False,True,False,3,High confidence fraud,1
85.58,55,60,1,7794.84,-0.7098897027706661,4,8,25,-0.4837010045828162,1,1,1153.05,13,True,False,False,True,False,False,0,Normal,0
663.45,67,147,1,5897.29,1.2490497164975722,4,4,21,3.299661127376932,1,1,456.05,0,True,False,False,False,True,False,0,Normal,0
58.7,67,141,1,8937.35,-0.8010110476924136,3,5,20,-0.8010110476924136,1,1,936.2166666666668,27,True,True,False,False,False,False,0,Normal,0
362.04,58,198,2,8421.88,0.181203309808549,4,7,27,5.167631939222625,1,1,3096.616666666667,30,False,True,False,False,False,False,0,Normal,0
294.61,60,74,1,7375.59,-0.0012924286265853,8,6,26,0.4004373228101092,1,1,1922.2666666666669,29,True,True,False,False,True,False,0,Normal,0
248.76,18,56,1,546.46,-0.1567207643655037,7,6,31,-0.1567207643655037,1,1,936.2166666666668,10,True,False,False,False,False,True,0,Normal,0
1030.85,25,39,1,1941.8,2.4945103610009216,6,8,30,3.143953999260516,1,1,2473.1666666666665,36,True,False,False,False,False,True,0,Normal,0
247.17,65,149,1,2611.64,-0.1935752335096741,3,5,28,-0.1935752335096741,1,1,936.2166666666668,6,False,True,False,False,True,False,0,Normal,0
131.93,31,13,1,4547.06,-0.5695609506855427,4,6,24,-0.4662378101459003,1,1,2687.55,13,False,True,False,True,False,False,0,Normal,0
557.26,69,53,1,5237.12,0.889072945022856,5,7,21,1.939910303667052,1,1,551.5833333333334,38,True,False,False,False,False,False,0,Normal,0
127.45,44,197,1,1772.06,-0.567953292358703,7,7,22,-0.567953292358703,1,1,936.2166666666668,19,True,False,True,False,False,False,0,Normal,0
583.3,59,142,1,5896.01,0.9030932766805784,3,4,27,3.5766967157575773,1,1,240.2,26,False,False,True,True,False,False,0,Normal,0
98.48,47,12,1,9538.92,-0.6661595930425951,4,3,24,-0.7228842751378564,1,1,312.7333333333333,24,True,True,False,True,False,False,0,Normal,0
142.58,33,145,1,7844.23,-0.5166636365303531,5,9,26,-0.4714234501757592,1,1,2951.1,35,True,False,False,True,False,False,0,Normal,0
115.32,53,113,1,5929.08,-0.6090731552270361,9,7,19,-0.5153654594283924,1,1,865.0666666666667,10,True,True,False,False,True,False,0,Normal,0
43.65,30,212,1,2870.67,-0.8575861078556719,5,7,34,-0.7954794598808043,1,1,2326.983333333333,5,False,True,False,True,False,False,0,Normal,0
16.79,30,146,1,535.15,-0.945220404656642,5,3,18,-0.9093069685663752,1,1,168.31666666666666,11,False,False,True,False,False,False,0,Normal,0
7.86,76,91,1,3621.98,-0.9743557088425197,2,6,24,-0.9743557088425197,1,1,936.2166666666668,34,False,True,False,False,True,False,0,Normal,0
131.56,44,42,1,5873.54,-0.5540206760034803,9,5,33,15.737911483726274,1,1,71.91666666666667,5,True,True,False,False,False,False,1,Normal,0
328.39,41,108,1,2523.83,0.1132194401031999,2,5,33,3.7108018403270417,1,1,504.0833333333333,27,True,False,False,True,False,False,0,Normal,0
494.52,24,111,1,1620.02,0.613436803486604,7,5,27,0.613436803486604,1,1,936.2166666666668,23,False,True,False,False,False,True,0,Normal,0
334.89,21,260,1,1661.68,0.1352539915165689,9,4,26,-0.3227978639432219,1,1,1033.0333333333333,13,True,False,True,False,False,True,0,Normal,0
34.93,31,72,1,2810.37,-0.8815897072456106,6,5,22,-0.9157714497877492,1,1,2109.8,8,True,True,False,True,False,False,0,Normal,0
339.35,78,70,1,5002.7,0.1071741886464485,5,7,27,0.1071741886464485,1,1,936.2166666666668,4,False,False,False,False,True,False,0,Normal,0
92.15,18,172,1,781.68,-0.6876178561882299,4,4,27,-0.7284514491573554,1,1,1417.1166666666666,28,True,False,False,False,False,True,0,Normal,0
161.1,19,104,1,239.12,-0.4743899738544069,4,4,31,-0.253302432197903,1,1,168.21666666666667,24,False,False,False,False,False,True,0,Normal,0
28.38,55,98,1,173.7,-0.9037937552083132,5,7,22,-0.8563280415643197,1,1,910.9333333333332,34,True,True,False,False,False,False,0,Normal,0
392.05,60,172,1,4383.69,0.3290224467147494,4,6,25,1.5253631258632283,1,1,768.1333333333333,10,True,False,False,True,False,False,0,Normal,0
152.18,39,176,4,2459.84,-0.5034926517198073,4,4,23,-0.2488870011308302,1,1,1176.4166666666667,20,False,False,True,True,False,False,1,Normal,0
373.52,35,235,1,6430.41,0.2662070255317142,6,3,45,0.9233614494038253,1,1,1175.4333333333334,7,True,False,False,True,False,False,1,Normal,0
134.92,19,101,1,1081.97,-0.542630507888262,3,5,25,-0.3862211026602798,1,0,864.3833333333333,20,True,False,True,False,False,True,0,Normal,0
33.06,53,170,1,1540.87,-0.8921373812407156,4,5,21,-0.8921373812407156,1,1,936.2166666666668,13,False,False,True,False,True,False,0,Normal,0
36.74,33,133,1,6217.58,-0.875453932159734,1,6,27,0.1113127613033042,1,1,481.3,40,True,True,False,False,False,False,0,Normal,0
451.15,46,175,1,1356.47,0.5293673680270736,4,5,27,11.926933755675249,1,1,503.4333333333333,7,True,False,False,True,False,False,1,Normal,0
270.36,25,37,1,1783.04,-0.0834982550533851,8,5,24,0.5569248456266925,1,1,96.16666666666669,28,True,False,False,False,False,True,0,Normal,0
230.32,35,56,1,791.46,-0.2192310917597383,3,5,32,0.1642466281773432,1,1,1753.3,19,True,True,False,True,False,False,0,Normal,0
139.52,23,31,1,1570.22,-0.52703682534957,7,3,31,-0.3171696195434275,1,1,3119.7833333333333,32,True,True,False,False,False,True,0,Normal,0
519.62,71,40,1,4159.33,0.695328867883639,8,5,45,1.6850277654823524,1,1,1487.6666666666667,42,False,False,True,False,True,False,3,High confidence fraud,1
371.47,24,58,1,1187.04,0.2119699300182717,4,7,26,0.2119699300182717,1,1,936.2166666666668,25,False,True,False,False,False,True,0,Normal,0
391.66,50,103,1,2406.31,0.3277003736299473,5,5,29,0.0543516298641838,1,1,985.2333333333332,14,True,True,False,True,False,False,0,Normal,0
189.12,32,103,1,977.01,-0.3829710238781153,4,6,26,-0.5043570544878145,1,1,3023.2166666666667,16,False,True,False,True,False,False,0,Normal,0
76.21,22,69,1,664.93,-0.7416533561157842,3,3,23,-0.7416533561157842,1,1,936.2166666666668,20,True,True,False,False,False,True,0,Normal,0
145.77,68,237,1,5294.98,-0.5058497566828689,4,4,26,0.9127410981138816,1,1,2039.45,22,True,False,False,False,True,False,0,Normal,0
254.37,51,174,1,8849.26,-0.1700842827663015,3,9,21,1.2918280809818172,1,1,362.3,9,False,False,True,True,False,False,0,Normal,0
91.84,67,80,1,1712.41,-0.7003598694774602,4,2,18,-0.4216017607540562,1,1,1822.9166666666667,23,False,True,False,False,True,False,0,Normal,0
789.8,40,94,1,13948.09,1.6773674966635987,5,3,31,4.560111902285419,1,1,118.71666666666668,17,True,False,False,False,False,False,0,Normal,0
1422.55,79,165,1,5674.32,3.8223463284804047,3,5,15,4.237704238478544,1,1,1.75,42,True,True,False,False,True,False,2,Medium confidence / needs review,1
198.92,36,100,1,2854.66,-0.325674924741244,4,4,22,-0.5707596353857316,1,1,2518.9666666666667,25,True,False,True,True,False,False,0,Normal,0
307.24,19,136,2,1670.72,0.0415223997350839,3,3,28,-0.2781644989537864,1,1,239.3,38,True,False,False,False,False,True,0,Normal,0
233.44,20,297,1,1691.88,-0.2086545070813211,7,3,23,-0.2086545070813211,1,1,936.2166666666668,6,True,False,True,False,False,True,0,Normal,0
18.3,48,155,1,3733.52,-0.9379642595539686,9,4,26,-0.9216072613022308,1,1,575.9666666666667,23,True,False,True,True,False,False,0,Normal,0
71.9,29,51,1,10619.35,-0.7562639586683411,5,8,33,-0.428775717575469,1,1,168.11666666666667,20,True,True,False,False,False,False,0,Normal,0
756.59,27,17,1,420.65,1.5647878885962168,4,6,21,6.01325541329945,1,1,336.31666666666666,34,True,True,False,False,False,True,0,Normal,0
193.82,37,176,1,3886.77,-0.342963572773272,8,6,29,-0.2823009904101868,1,1,1081.0833333333333,18,True,True,False,True,False,False,0,Normal,0
466.85,56,165,1,5422.53,0.5825892845178267,3,4,29,0.8321494414185102,1,1,2111.083333333333,2,True,True,False,False,True,False,0,Normal,0
113.02,69,166,1,6077.96,-0.6312573227073727,5,2,30,-0.610477337203249,1,1,1679.95,17,False,True,False,False,True,False,0,Normal,0
142.78,68,150,1,11705.88,-0.5159856503330187,6,6,25,-0.5159856503330187,1,1,936.2166666666668,36,True,True,False,False,False,False,0,Normal,0
418.02,46,110,1,11011.86,0.4170589544386251,3,5,23,1.9277209558220971,1,1,673.2666666666667,20,True,False,False,False,False,False,0,Normal,0
473.2,34,173,1,248.52,0.6041153462831946,4,7,27,0.6875891558930488,1,1,1486.1,15,True,False,True,False,False,False,0,Normal,0
175.07,26,169,1,1040.25,-0.4065247787733749,4,5,31,-0.4920599598876404,1,1,673.7333333333333,7,True,True,False,False,False,True,0,Normal,0
1159.39,41,150,1,6499.53,2.930252090027761,4,10,31,2.835642261124196,1,1,910.7166666666668,28,True,False,True,False,False,False,0,Normal,0
285.26,28,93,1,167.72,-0.0329882833519701,6,4,29,-0.3977943465420688,1,1,479.6666666666667,1,True,False,False,False,False,True,0,Normal,0
206.46,65,279,1,3984.38,-0.3001148451017358,2,5,33,-0.5331986783838566,1,1,626.2833333333333,41,True,False,False,False,True,False,0,Normal,0
16.52,25,135,1,835.53,-0.9461013153095188,6,5,23,-0.9461013153095188,1,1,936.2166666666668,4,False,False,True,False,False,True,0,Normal,0
300.61,44,51,1,7895.54,0.0190471572934475,2,5,16,17.196730193902532,1,1,2808.35,12,True,False,True,False,False,False,1,Normal,0
267.55,46,40,1,4330.04,-0.0930239611259339,3,3,27,0.6873206528091279,1,1,1030.75,5,True,False,True,True,False,False,0,Normal,0
556.04,72,27,1,5200.04,0.8849372292191159,1,4,17,1.8530478115222968,1,1,648.5833333333334,10,True,False,False,False,True,False,0,Normal,0
65.01,29,67,1,10235.19,-0.7878962873169999,9,2,31,-0.7720387096849755,1,1,2544.7833333333333,2,False,False,True,False,False,False,0,Normal,0
135.03,23,180,1,1278.0,-0.542257615479728,6,4,26,-0.542257615479728,1,1,936.2166666666668,37,True,False,False,False,False,True,0,Normal,0
188.99,58,92,1,7315.34,-0.3593369394388984,6,13,33,0.3996148974330527,1,1,2495.7166666666667,28,True,True,False,True,False,False,0,Normal,0
78.33,56,189,1,7255.33,-0.7444380284417607,5,4,15,-0.5165113232731848,1,1,1271.5,22,False,False,True,True,False,False,0,Normal,0
64.58,55,173,1,6292.29,-0.7810782534907813,5,6,22,-0.5184789323836541,1,1,3025.883333333333,12,True,True,False,False,True,False,0,Normal,0
347.63,25,272,1,1400.04,0.1341887820013269,4,10,31,1.978005251510888,1,1,214.58333333333331,6,False,False,True,False,False,True,0,Normal,0
102.67,79,119,1,4656.94,-0.6519557822084389,5,7,31,-0.6519557822084389,1,1,936.2166666666668,0,True,True,False,False,True,False,0,Normal,0
223.76,74,110,1,4102.23,-0.2699534497461118,8,3,33,1.1794097479360108,1,1,2230.35,4,False,True,False,False,True,False,0,Normal,0
435.27,74,90,1,4673.28,0.4755352639587198,4,6,23,1.66685046308948,1,1,1297.7833333333333,6,True,True,False,False,True,False,0,Normal,0
364.42,51,146,1,8119.73,0.2353586535529977,7,3,25,0.435289482334425,1,1,143.3,7,True,False,False,True,False,False,0,Normal,0
523.74,43,159,1,13498.55,0.7754424583496055,6,5,25,0.8603345971643003,1,1,551.4833333333333,28,True,False,False,False,False,False,0,Normal,0
11.67,76,105,1,7458.63,-0.9604395019956048,4,4,25,-0.9646333599074062,1,1,263.9,13,True,True,False,False,True,False,0,Normal,0
770.65,31,137,1,7198.8,1.6124503182688272,5,5,22,1.6124503182688272,1,1,936.2166666666668,17,True,False,True,False,False,False,0,Normal,0
330.61,64,113,1,2525.25,0.0786587845496324,1,7,25,-0.5709985070122643,1,1,22.25,26,False,True,False,False,True,False,0,Normal,0
75.77,51,148,1,8361.7,-0.7431449257499199,6,3,24,-0.8623939835054502,1,1,769.7333333333333,5,True,True,False,True,False,False,0,Normal,0
137.81,58,44,1,2631.47,-0.5328336073367793,2,5,25,-0.6487515169993504,1,1,1919.0666666666664,11,True,True,False,True,False,False,0,Normal,0
128.4,69,31,1,2610.64,-0.5647328579213643,4,4,33,-0.5647328579213643,1,1,936.2166666666668,40,True,False,False,False,True,False,0,Normal,0
167.14,76,20,1,3877.73,-0.4334069314976851,3,6,24,0.3017133932888363,1,1,841.2666666666667,10,True,False,True,False,True,False,0,Normal,0
22.81,62,75,1,3634.76,-0.9226756708040772,2,5,22,-0.845638486528805,1,1,839.3333333333334,27,True,False,True,False,True,False,0,Normal,0
79.43,74,72,1,6579.37,-0.7307377783386997,3,9,30,-0.2514842131162159,1,1,1343.6166666666666,9,True,False,False,False,True,False,0,Normal,0
395.27,18,167,1,1764.08,0.2896205727533086,5,6,25,2.974759887628741,1,1,335.1333333333333,24,False,False,True,False,False,True,0,Normal,0
6.0,30,246,1,5442.76,-0.979660410690036,3,6,24,-0.962171357656066,1,1,1850.0,6,True,False,True,False,False,False,0,Normal,0
154.24,61,82,1,6109.55,-0.4771370412257558,8,9,24,0.1581753320204595,1,1,333.68333333333334,23,True,False,False,False,True,False,0,Normal,0
27.28,29,96,1,10668.24,-0.9075226792936528,6,5,32,-0.7996831965112585,1,1,1176.1833333333334,1,True,False,False,False,False,False,0,Normal,0
79.76,68,115,1,10278.75,-0.729619101113098,7,7,24,-0.729619101113098,1,1,936.2166666666668,18,True,False,True,False,False,False,0,Normal,0
127.78,20,170,1,1046.66,-0.5668346151331011,1,6,24,0.6020561609571694,1,1,528.2666666666667,24,True,False,False,False,False,True,0,Normal,0
63.98,54,258,1,7954.12,-0.7831122120827846,6,3,45,-0.3834441516484134,1,1,4511.333333333333,3,True,False,True,False,False,False,2,Medium confidence / needs review,1
78.13,26,145,1,900.61,-0.7351446886213736,5,4,33,-0.1367486726198953,1,1,528.95,25,True,True,False,False,False,True,0,Normal,0
109.43,70,140,1,1983.65,-0.6290398487385351,8,2,27,-0.6290398487385351,1,1,936.2166666666668,10,True,False,False,False,True,False,0,Normal,0
362.68,63,137,1,2040.77,0.183291394319071,8,5,33,2.314264805681579,1,1,119.91666666666669,24,False,False,False,False,True,False,0,Normal,0
335.63,55,216,1,1019.39,0.1377625404467063,7,9,26,0.4218296565553381,1,1,191.25,28,True,False,True,False,True,False,0,Normal,0
247.93,37,79,1,9801.48,-0.1595344070844416,6,2,29,-0.0791715152926504,1,1,4848.85,16,True,True,False,True,False,False,0,Normal,0
512.95,57,143,1,9584.52,0.738865103003413,4,4,34,0.943599795604309,1,1,1511.0,8,True,True,False,True,False,False,0,Normal,0
997.43,69,118,1,6810.05,2.3812188674263384,4,6,25,2.1793232198387007,1,1,886.9833333333333,39,True,False,True,False,False,False,0,Normal,0
183.71,38,102,1,552.52,-0.3772357750485274,3,4,27,-0.3772357750485274,1,1,936.2166666666668,10,True,False,False,True,False,False,0,Normal,0
584.41,23,41,1,4475.22,0.981109571311005,5,3,23,0.981109571311005,1,1,936.2166666666668,19,True,False,False,False,False,True,0,Normal,0
689.29,22,100,1,168.84,1.3366455331931806,4,9,21,0.1794630478953764,1,1,96.65,12,True,False,False,False,False,True,0,Normal,0
122.45,46,98,1,7255.49,-0.5849029472920637,1,3,33,-0.8077255227954375,1,1,239.33333333333331,27,True,True,False,False,False,False,0,Normal,0
872.72,22,288,1,503.01,1.9584605740784544,3,3,27,0.8752712798583151,1,1,2351.95,42,True,False,True,False,False,True,0,Normal,0
219.44,42,23,1,4207.27,-0.2561135408947313,4,7,26,-0.6131290014621745,1,0,2089.4333333333334,42,True,False,True,True,False,False,0,Normal,0
43.1,25,102,1,6944.9,-0.8538939710844992,3,2,22,-0.9133950333491504,1,1,1824.2,10,True,True,False,False,False,True,0,Normal,0
186.69,30,54,1,8602.22,-0.3671337807082444,3,4,32,-0.5575035243816604,1,0,2062.2166666666667,27,True,True,False,True,False,False,0,Normal,0
308.23,60,23,1,4150.63,0.0448784314118893,6,5,27,0.0448784314118893,1,1,936.2166666666668,19,True,False,False,False,True,False,0,Normal,0
248.15,75,202,1,2649.23,-0.1587886222673737,4,6,27,-0.1949193777538871,1,1,1416.4833333333331,25,True,False,False,False,True,False,0,Normal,0
568.68,72,101,1,2940.04,0.927785956890652,4,4,19,0.927785956890652,1,1,936.2166666666668,15,True,False,False,False,True,False,0,Normal,0
76.02,34,189,1,14765.41,-0.751974708471926,3,4,25,-0.8663220073392383,1,1,1870.1833333333332,0,False,False,True,False,False,False,0,Normal,0
122.81,52,12,1,8450.84,-0.5836825721368617,6,4,19,-0.6190165949464352,1,1,2495.233333333333,38,True,True,False,False,False,False,0,Normal,0
354.96,69,96,1,6712.94,0.203289906419079,4,6,33,0.3874477190364383,1,1,864.25,13,True,False,True,False,False,False,0,Normal,0
192.23,54,39,3,2610.67,-0.3483535630420807,3,5,27,-0.3149750093455503,1,0,696.1166666666667,0,True,False,True,True,False,False,2,Medium confidence / needs review,1
124.98,24,78,1,642.0,-0.576326421895783,3,6,29,-0.576326421895783,1,1,936.2166666666668,42,True,False,False,False,False,True,0,Normal,0
282.65,35,161,1,13801.15,-0.0418360032271845,8,5,21,1.2615618398018733,1,1,360.8333333333333,13,True,False,False,False,False,False,0,Normal,0
170.19,27,156,5,745.87,-0.444732648540899,6,5,16,-0.1649780430047933,1,1,2903.9666666666667,20,False,True,False,False,False,True,3,High confidence fraud,1
704.69,51,150,1,3267.84,1.388850470387932,9,4,22,2.658699927354367,1,1,263.7,19,True,False,True,False,True,False,0,Normal,0
295.5,59,36,1,6280.66,0.0017246099515527,6,3,21,-0.0783697590556962,1,1,3072.633333333333,23,True,False,False,False,True,False,0,Normal,0
362.27,80,47,1,6003.59,0.2280703019316525,7,3,23,0.2280703019316525,1,1,936.2166666666668,17,True,False,False,False,True,False,0,Normal,0
359.42,55,30,1,1765.45,0.2184089986196369,3,3,22,-0.0078670604580365,1,1,431.6833333333333,3,True,True,False,False,False,False,0,Normal,0
826.23,29,209,1,7580.59,1.8008626825080656,5,2,29,1.2897088741988696,1,1,48.13333333333333,7,True,False,False,False,False,False,0,Normal,0
11.86,31,129,1,6782.61,-0.9597954151081372,5,4,27,-0.9770143140917856,1,1,2328.3,34,True,True,False,True,False,False,0,Normal,0
13.45,26,198,1,7429.4,-0.956117595695929,3,4,31,-0.9655079537742298,1,1,985.1333333333332,1,False,False,True,False,False,True,0,Normal,0
111.55,46,101,1,12221.17,-0.62185319504679,3,1,25,-0.6454745947970907,1,1,1750.6,10,True,False,False,False,False,False,0,Normal,0
227.5,34,277,1,11505.35,-0.2287906971421537,4,6,23,-0.2287906971421537,1,1,936.2166666666668,34,True,False,True,False,False,False,0,Normal,0
69.8,27,138,1,136.77,-0.7722682798085617,3,5,31,-0.6931868101398382,1,1,1199.0333333333333,27,False,True,False,False,False,True,0,Normal,0
407.65,25,263,1,273.78,0.3819053701068349,5,2,21,1.7423477851170683,1,1,2329.266666666667,10,True,False,False,False,False,True,0,Normal,0
438.59,37,103,1,8994.39,0.4867898348344713,3,7,22,0.8664727958019455,1,1,2016.5166666666669,38,True,False,True,True,False,False,0,Normal,0
365.7,21,115,2,368.78,0.239697765215938,5,7,21,0.239697765215938,1,1,936.2166666666668,15,True,True,False,False,False,True,0,Normal,0
121.82,60,119,1,13293.83,-0.5870386038136671,2,3,24,-0.6668854233883363,1,1,5377.816666666667,9,True,False,True,False,False,False,1,Normal,0
854.64,56,118,1,2989.25,1.897170621839421,6,6,31,2.50607153550184,1,1,1440.55,13,True,True,False,False,True,False,0,Normal,0
98.95,75,73,1,5670.82,-0.6645663254788593,4,6,27,-0.7788266657205698,1,1,1246.6666666666667,23,True,True,False,False,True,False,0,Normal,0
420.6,26,55,1,1778.75,0.4258049763842394,3,3,21,0.4258049763842394,1,1,936.2166666666668,21,True,True,False,False,False,True,0,Normal,0
485.51,76,37,1,3074.45,0.5840404887369115,2,8,26,0.1543271513211431,1,1,5400.65,25,False,False,True,False,True,False,1,Normal,0
36.12,22,234,1,1593.03,-0.8775556893714708,4,7,25,-0.9202745783176997,1,1,25.1,15,True,False,True,False,False,True,0,Normal,0
69.38,69,280,2,12072.11,-0.7648065847547549,5,2,29,-0.7648065847547549,1,1,936.2166666666668,11,True,True,False,False,False,False,0,Normal,0
4.72,32,20,1,4792.01,-0.9839995223529764,2,7,23,-0.9319688536758598,1,1,2303.9,13,True,True,False,True,False,False,0,Normal,0
34.07,22,81,1,8709.77,-0.8845050478941487,4,4,19,-0.0804318466820013,1,1,4873.316666666667,30,True,True,False,False,False,True,0,Normal,0
655.15,26,264,1,5587.44,1.220913289308193,8,6,22,1.220913289308193,1,1,936.2166666666668,39,True,False,False,True,False,False,0,Normal,0
285.18,55,150,1,14847.97,-0.069562589376953,7,4,27,-0.5647103708086539,1,1,1560.2833333333333,34,False,True,False,False,False,False,0,Normal,0
1360.67,29,118,1,2861.65,3.612577399025133,4,6,22,1.894026561113596,1,1,1007.9833333333332,33,True,True,False,True,False,False,0,Normal,0
214.15,32,217,1,6397.29,-0.274046275814227,8,3,29,-0.7207953054487676,1,1,4656.483333333334,11,True,True,False,True,False,False,0,Normal,0
28.73,53,185,1,2712.96,-0.902607279362978,6,5,22,-0.9543088866201874,1,1,23.066666666666663,18,True,False,False,True,False,False,0,Normal,0
361.27,63,180,1,7945.57,0.2246803709449803,3,2,30,0.2246803709449803,1,1,936.2166666666668,29,True,False,False,False,False,False,0,Normal,0
51.07,63,133,1,4292.16,-0.8268762211207221,2,3,23,-0.8586375817016703,1,1,409.0833333333333,9,True,True,False,False,True,False,0,Normal,0
51.15,46,199,1,8992.25,-0.833116367497992,6,4,30,-0.7519037650875308,1,1,887.3333333333334,20,False,True,False,True,False,False,0,Normal,0
6.03,76,70,1,3290.72,-0.979558712760436,3,4,22,-0.9609700254958896,1,1,3865.266666666667,6,True,True,False,False,True,False,0,Normal,0
302.16,80,138,5,3876.61,0.0243015503227894,3,4,33,1.5742034284017432,1,1,1679.0833333333333,18,True,False,True,False,True,False,3,High confidence fraud,1
178.88,76,93,4,4708.29,-0.4163803760464674,6,8,45,-0.4163803760464674,1,1,936.2166666666668,9,False,True,False,False,True,False,4,High confidence fraud,1
101.81,45,105,1,13872.03,-0.6548711228569769,2,5,25,-0.4308474931191441,1,1,240.33333333333331,13,True,False,False,False,False,False,0,Normal,0
75.53,21,157,1,1034.35,-0.7535733981752945,3,6,30,-0.4618262106820605,1,1,1271.75,14,False,False,True,False,False,True,0,Normal,0
288.17,37,50,1,3653.11,-0.023123584180754,4,9,21,1.4268990952762417,1,1,431.2,41,True,False,True,True,False,False,0,Normal,0
1047.69,20,139,1,1889.78,2.5515967988164814,6,5,23,5.5034528437533,1,1,911.7333333333332,2,True,False,True,False,False,True,0,Normal,0
25.94,58,211,5,4815.11,-0.9153673214202728,7,6,26,-0.9233487751071204,1,1,2.35,38,False,False,True,False,True,False,2,Medium confidence / needs review,1
451.7,29,103,1,8994.67,0.5312318300697434,5,4,23,0.5312318300697434,1,1,936.2166666666668,6,True,False,True,True,False,False,0,Normal,0
104.63,62,90,1,4477.78,-0.6453115174745615,4,7,21,-0.7683639566784062,1,1,672.85,29,True,False,False,False,True,False,0,Normal,0
285.49,53,109,1,6366.84,-0.0685511734421689,5,7,27,0.0263332912971321,1,1,3240.9166666666665,5,False,True,False,False,False,False,0,Normal,0
62.86,25,31,1,1040.43,-0.7869089347878573,5,13,24,-0.7869089347878573,1,1,936.2166666666668,15,True,True,False,False,False,True,0,Normal,0
232.79,55,145,1,2661.3,-0.2404918823554654,4,4,30,2.7033088974974726,1,1,3241.2,16,False,True,False,False,True,False,0,Normal,0
1021.16,20,104,1,9427.06,2.461661929740069,4,5,26,5.907897812224605,1,1,623.9333333333333,0,True,False,False,False,False,True,0,Normal,0
474.77,56,50,1,2158.59,0.5489998205447141,8,8,24,0.0816366824029965,1,0,1678.9333333333334,16,False,False,True,True,False,False,1,Normal,0
93.26,20,72,1,1152.2,-0.6957269319697396,4,3,22,-0.6957269319697396,1,1,936.2166666666668,27,False,False,True,False,False,True,0,Normal,0
328.47,63,119,1,4323.66,0.1134906345821338,1,4,33,2.522088757000979,1,1,98.28333333333332,35,True,False,False,False,True,False,0,Normal,0
242.39,18,271,1,1328.73,-0.2091706146976353,9,4,21,0.1495032359590104,1,0,2685.833333333333,35,False,False,False,False,False,True,2,Medium confidence / needs review,1
122.14,22,155,1,327.68,-0.5859538258979321,4,5,27,-0.5859538258979321,1,1,936.2166666666668,29,True,False,True,False,False,True,0,Normal,0
135.15,72,50,1,5878.14,-0.5418508237613272,3,8,29,0.1065171106392901,1,1,672.8833333333333,7,True,False,True,False,True,False,0,Normal,0
80.24,53,58,1,8012.81,-0.7382064012306715,4,5,22,-0.3762680214834,1,1,1440.25,27,False,True,False,False,False,False,0,Normal,0
235.42,51,175,1,6173.23,-0.2019424437277103,3,6,30,1.092436218181173,1,1,1249.1,31,True,True,False,False,True,False,0,Normal,0
252.93,75,222,1,2760.37,-0.1425847521510808,5,4,32,-0.1425847521510808,1,1,936.2166666666668,32,True,False,False,False,True,False,0,Normal,0
44.52,28,205,1,314.28,-0.8490802690834246,5,2,23,-0.8239829169177918,1,1,1202.4166666666667,12,True,False,True,False,False,True,0,Normal,0
256.05,54,35,1,6910.18,-0.1320081674726637,5,4,30,0.721633883196276,1,1,1701.9333333333334,26,True,False,False,False,True,False,0,Normal,0
1919.11,30,161,1,11090.24,5.50565045922233,5,8,27,9.401680165844551,1,0,481.3666666666667,32,True,False,False,False,False,False,3,High confidence fraud,1
61.77,56,49,1,12352.2,-0.79060395956333,4,5,18,-0.9000732005450545,1,1,2231.3,5,True,True,False,False,False,False,0,Normal,0
503.76,22,35,1,447.82,0.7077116372358957,3,5,22,-0.0061474601161873,1,1,1441.4333333333334,20,True,False,True,False,False,True,0,Normal,0
230.3,46,24,1,8356.88,-0.2192988903794717,6,1,24,-0.2192988903794717,1,1,936.2166666666668,7,True,False,True,True,False,False,0,Normal,0
127.57,52,75,1,6118.2,-0.5675465006403022,4,4,24,-0.4460703410939196,1,1,72.33333333333333,26,True,False,False,False,True,False,0,Normal,0
56.02,27,142,1,3548.02,-0.8100960627366949,3,7,26,-0.6869254160062289,1,1,2688.55,22,True,False,True,False,False,True,0,Normal,0
535.91,43,22,1,9642.12,0.8166979184574055,2,3,26,2.8844378732191798,1,1,430.8,19,True,False,True,True,False,False,0,Normal,0
262.22,40,136,1,5711.71,-0.1444726211919299,4,6,19,0.1043166978129431,1,1,145.16666666666666,3,False,False,False,True,False,False,0,Normal,0
644.17,29,72,1,1143.52,1.183691847074533,1,2,23,1.183691847074533,1,1,936.2166666666668,35,True,False,False,True,False,False,0,Normal,0
157.16,20,280,1,1545.77,-0.4672384427446731,6,3,32,-0.7560271345203485,1,1,265.4833333333333,27,True,True,False,False,False,True,0,Normal,0
279.6,25,131,1,1910.9,-0.0521752927365344,4,7,26,-0.3021601579819545,1,1,1894.9,13,True,False,False,False,False,True,0,Normal,0
175.94,57,89,1,3728.04,-0.4035755388149701,4,6,24,-0.5116982584116503,1,1,119.8,16,True,False,False,False,True,False,0,Normal,0
580.71,53,95,1,5670.0,0.9685668266603182,9,4,26,0.8481147585729163,1,1,2568.35,30,True,False,False,True,False,False,0,Normal,0
299.92,27,122,1,1368.0,0.0167081049126437,2,6,29,-0.1839266856846321,1,1,458.06666666666666,10,True,False,False,False,False,True,0,Normal,0
349.64,48,226,1,6651.62,0.1852554735699832,4,10,26,-0.0185543859128298,1,1,694.1166666666667,19,True,False,True,True,False,False,0,Normal,0
303.97,24,77,5,1590.88,0.030437325408666,6,5,22,0.030437325408666,1,1,936.2166666666668,13,True,False,True,False,False,True,1,Normal,0
107.03,27,73,1,1408.07,-0.6371756831065483,2,6,31,-0.6478928820347637,1,1,769.5333333333333,24,True,True,False,False,False,True,0,Normal,0
98.41,27,48,1,912.71,-0.6663968882116622,6,4,27,-0.5211192188753323,1,1,2350.7,34,True,False,True,False,False,True,0,Normal,0
199.39,69,165,1,7264.79,-0.3240816571775081,5,6,18,0.1742407873368751,1,1,1679.1166666666666,7,True,True,False,False,True,False,0,Normal,0
116.58,43,247,1,2620.74,-0.6048018421838293,4,5,31,-0.3420993208685139,1,1,240.36666666666667,33,True,True,False,True,False,False,0,Normal,0
668.78,20,141,1,983.68,1.2671180486565348,5,4,27,3.0513460281849207,1,1,1272.7833333333333,23,True,False,False,False,False,True,0,Normal,0
48.51,22,69,1,3363.23,-0.8355544444466028,7,4,30,-0.8355544444466028,1,1,936.2166666666668,2,True,True,False,False,False,True,0,Normal,0
118.06,32,31,1,13560.63,-0.6148136571870118,8,5,18,1.433724975598331,1,1,3239.75,19,False,True,False,False,False,False,0,Normal,0
43.46,25,80,1,578.06,-0.8526735959292971,3,6,22,-0.4781773371174,1,1,1391.9166666666667,4,True,False,False,False,False,True,0,Normal,0
112.07,23,51,1,930.3,-0.6200904309337206,2,5,29,0.6007713098018665,1,1,1751.55,18,True,True,False,False,False,True,0,Normal,0
270.25,31,42,1,5414.97,-0.0838711474619191,3,8,33,2.356100560619676,1,1,840.35,40,True,False,False,True,False,False,0,Normal,0
86.07,31,23,1,842.56,-0.7082286365871967,1,1,25,-0.2734869564152363,1,1,337.7333333333333,9,True,True,False,False,False,False,0,Normal,0
162.36,36,147,1,7527.04,-0.4496108016139779,9,6,15,0.4359246445925122,1,0,45.5,40,True,False,True,True,False,False,1,Normal,0
926.53,57,107,1,3120.1,2.1408727604712827,4,5,29,6.713920351343464,1,1,49.23333333333333,25,True,False,False,True,False,False,0,Normal,0
630.24,21,62,1,370.81,1.13647010843019,9,3,27,1.8528780944921803,1,0,120.76666666666668,4,True,False,False,False,False,True,2,Medium confidence / needs review,1
141.91,23,49,1,791.97,-0.5189348902914235,5,7,23,-0.5189348902914235,1,1,936.2166666666668,24,True,True,False,False,False,True,0,Normal,0
1116.57,56,104,1,1393.14,2.785095245178459,2,5,32,6.868155825042944,1,1,839.7666666666667,40,True,False,False,False,True,False,0,Normal,0
469.46,20,149,1,8640.56,0.5914370043930408,2,5,32,-0.2539253698844235,1,1,6193.5,27,True,False,False,False,False,True,0,Normal,0
199.7,43,285,1,7574.45,-0.3230307785716397,5,3,27,-0.3230307785716397,1,1,936.2166666666668,16,True,False,False,True,False,False,0,Normal,0
54.25,68,37,1,14783.33,-0.8160962405831046,6,3,29,-0.7283425101234726,1,1,2854.1666666666665,41,True,False,True,False,False,False,0,Normal,0
25.38,57,66,1,8616.05,-0.9139635481683296,2,5,20,-0.8001181271894615,1,1,2015.2,21,True,True,False,True,False,False,0,Normal,0
341.15,18,148,1,511.37,0.1564749594931365,7,7,29,0.1564749594931365,1,1,936.2166666666668,38,True,False,True,False,False,True,0,Normal,0
705.6,40,124,3,14804.7,1.3919353075858036,5,8,27,1.0682983993307975,1,1,169.38333333333333,31,True,True,False,False,False,False,1,Normal,0
101.51,46,199,1,3052.47,-0.6688102175762918,2,7,29,-0.8060472876884694,1,1,741.6,40,False,False,True,True,False,False,0,Normal,0
5.76,38,164,1,5859.79,-0.9804739941268374,5,6,32,-0.9849511408959178,1,1,3792.933333333333,15,True,True,False,True,False,False,0,Normal,0
86.35,52,24,1,1550.48,-0.7182717194192818,8,8,45,-0.7006984256747771,1,1,168.06666666666666,16,False,True,False,False,True,False,2,Medium confidence / needs review,1
5.25,39,49,1,14143.32,-0.9822028589300402,1,3,19,-0.9788369559936272,1,0,1681.15,38,True,False,False,False,False,False,1,Normal,0
227.39,18,65,1,751.09,-0.2291635895506877,3,5,19,0.0953099656621924,1,1,1006.5333333333332,1,True,False,True,False,False,True,0,Normal,0
64.21,51,37,1,12540.18,-0.7823325279558501,5,8,33,-0.7823325279558501,1,1,936.2166666666668,29,True,False,False,False,False,False,0,Normal,0
297.86,28,96,1,1680.14,-0.0281924150122358,6,8,32,3.638841245306943,1,1,672.9333333333333,25,False,False,False,False,False,True,0,Normal,0
233.71,19,297,1,1231.98,-0.2077392257149196,4,2,26,0.2909658337284734,1,1,839.9666666666667,17,True,False,True,False,False,True,0,Normal,0
317.47,67,16,1,14639.28,0.0357877994429775,2,5,22,0.5985934375175732,1,1,1176.0166666666669,34,False,False,True,False,False,False,0,Normal,0
1235.69,20,118,1,420.25,3.031601798273471,5,4,26,4.412274823269533,1,1,550.7166666666667,38,False,True,False,False,False,True,2,Medium confidence / needs review,1
378.85,78,126,1,2300.53,0.2842753576906769,4,5,22,-0.1185188974133319,1,1,553.1166666666667,41,True,True,False,False,True,False,0,Normal,0
222.66,39,88,1,14466.38,-0.245197963117647,3,8,31,-0.471490905957795,1,1,286.7333333333333,11,True,False,True,False,False,False,0,Normal,0
307.68,75,162,1,2052.84,0.0038466316960861,9,4,32,0.0038466316960861,1,1,936.2166666666668,11,False,False,True,False,True,False,0,Normal,0
26.07,20,19,3,349.98,-0.911624495787526,2,3,24,-0.9152691077896872,1,1,1367.65,3,True,True,False,False,False,True,1,Normal,0
537.71,19,175,1,1806.08,0.7543498816263626,7,8,25,2.2222321964210807,1,1,455.1166666666667,23,False,False,True,False,False,True,0,Normal,0
165.8,60,287,1,2064.76,-0.4379494390198257,4,6,21,-0.4292336982905685,1,1,721.65,26,True,False,True,True,False,False,0,Normal,0
275.46,36,67,1,9697.75,-0.0662096070213572,3,2,24,0.0622601852485964,1,1,1943.3833333333332,13,True,False,False,False,False,False,0,Normal,0
11.09,51,95,1,2990.05,-0.9624056619678748,6,4,27,-0.9577594576232576,1,1,2375.75,5,True,True,False,True,False,False,0,Normal,0
350.15,21,195,1,296.47,0.1424106147615072,2,6,27,0.5870102178393717,1,1,647.4,14,False,False,False,False,False,True,0,Normal,0
293.54,40,45,1,2290.1,-0.0049196547823245,6,5,45,-0.0049196547823245,1,1,936.2166666666668,34,True,False,True,True,False,False,0,Normal,0
1282.86,19,68,1,1830.98,3.3488068689521717,5,3,32,3.3703072720232083,1,1,2855.4333333333334,2,True,True,False,False,False,True,0,Normal,0
120.9,40,52,1,9009.42,-0.5901573403214054,7,13,27,-0.8466125338155132,1,1,1391.4166666666667,40,True,True,False,False,False,False,0,Normal,0
188.7,54,123,1,5077.06,-0.3603200194250334,7,2,25,-0.3603200194250334,1,1,936.2166666666668,27,True,True,False,False,True,False,0,Normal,0
45.85,20,92,1,1659.15,-0.8445716608711508,4,6,25,-0.7570217235981891,1,1,145.93333333333334,20,True,False,False,False,False,True,0,Normal,0
41.49,24,13,1,928.33,-0.8593517599730413,7,7,19,-0.646216153091314,1,1,1606.8333333333333,0,True,False,True,False,False,True,0,Normal,0
870.43,29,55,1,10115.18,1.9506976321189744,3,3,23,8.459824571151016,1,0,888.1166666666667,20,True,True,False,False,False,False,1,Normal,0
29.5,73,129,1,1229.32,-0.8999970325032405,9,6,21,-0.8970753673551847,1,1,1201.5333333333333,35,True,False,True,False,True,False,0,Normal,0
5.77,50,124,1,13988.12,-0.9804400948169708,4,2,27,-0.9754670570870556,1,1,2517.583333333333,5,True,False,True,False,False,False,0,Normal,0
617.36,29,61,1,8926.38,1.0928077973218526,6,6,22,2.1344965789370085,1,1,457.06666666666666,18,True,True,False,True,False,False,0,Normal,0
71.87,22,258,1,1839.1,-0.7563656565979412,6,4,27,-0.7563656565979412,1,1,936.2166666666668,26,True,False,False,False,False,True,0,Normal,0
357.72,53,25,1,7659.5,0.2126461159422943,7,2,18,3.9773201060620553,1,1,4871.433333333333,24,True,False,False,False,True,False,0,Normal,0
213.33,52,161,1,5400.44,-0.2768260192232981,3,3,30,-0.2768260192232981,1,1,936.2166666666668,29,True,False,False,False,True,False,0,Normal,0
83.39,32,158,1,13182.11,-0.7173136516314781,5,5,29,-0.6091032643833344,1,0,503.31666666666666,29,True,True,False,False,False,False,0,Normal,0
308.62,59,101,1,9148.08,0.0069135058209153,3,5,28,1.0802102919910332,1,1,434.98333333333335,34,False,True,False,True,False,False,0,Normal,0
100.13,57,168,1,5209.16,-0.6605662069145861,5,5,32,-0.503766475846137,1,1,1581.6833333333334,10,True,True,False,False,False,False,0,Normal,0
329.4,34,68,1,9588.07,0.1166432703997387,2,8,23,0.8676910379310754,1,0,335.8333333333333,10,True,False,True,False,False,False,0,Normal,0
7.95,79,65,1,5631.2,-0.9730500452660256,3,3,25,-0.9730500452660256,1,1,936.2166666666668,31,True,False,False,False,True,False,0,Normal,0
22.59,62,45,1,3988.75,-0.9234214556211452,2,6,30,1.8415092023258863,1,1,1847.45,39,True,False,False,False,True,False,0,Normal,0
392.96,24,100,1,791.65,0.3321072839126209,5,7,17,24.73411756816519,1,1,5712.266666666666,18,True,False,True,False,False,True,3,High confidence fraud,1
498.67,28,244,1,1719.97,0.6904568885137345,6,5,25,2.5324911272786936,1,1,359.85,24,True,False,True,False,False,True,0,Normal,0
9.61,58,179,1,12883.91,-0.9686461027590608,7,3,24,-0.9686461027590608,1,1,936.2166666666668,36,False,False,True,False,False,False,0,Normal,0
145.4,38,24,1,5244.49,-0.5071040311479377,5,5,24,14.130071370440028,1,1,335.26666666666665,40,True,False,True,True,False,False,1,Normal,0
166.06,30,172,1,5397.68,-0.437068056963291,7,3,22,1.1425714322615133,1,1,190.21666666666667,16,True,False,False,True,False,False,0,Normal,0
135.35,33,82,1,9983.36,-0.5411728375639928,4,6,22,0.2646774821875836,1,1,338.6,15,True,True,False,True,False,False,0,Normal,0
125.39,21,140,1,202.69,-0.5749365501912476,5,8,25,0.0989001349730499,1,1,70.16666666666667,20,True,False,False,False,False,True,0,Normal,0
568.52,46,152,1,5499.91,0.9272435679327844,2,2,27,3.885787422992149,1,0,1609.8666666666666,16,True,False,False,True,False,False,0,Normal,0
120.86,33,162,4,13566.58,-0.5902929375608723,5,5,23,-0.3696069804163658,1,1,983.2166666666668,7,True,False,True,False,False,False,1,Normal,0
54.34,65,46,1,8019.89,-0.8157911467943041,7,4,22,-0.700768567322446,1,1,936.1,0,True,False,False,False,False,False,0,Normal,0
308.94,25,167,1,1931.66,0.0472852824124265,3,9,22,0.0472852824124265,1,1,936.2166666666668,20,True,False,True,False,False,True,0,Normal,0
138.95,71,30,1,6752.92,-0.5289690860119731,1,8,24,-0.5502362900555569,1,1,1440.2166666666667,42,True,False,True,False,True,False,0,Normal,0
903.19,22,65,1,8627.08,2.061751771242355,4,6,33,3.03308846800291,1,1,817.0666666666667,12,True,False,True,False,False,True,0,Normal,0
858.88,60,227,1,7015.46,1.9115439292229115,4,3,25,0.9070965429720746,1,1,1126.65,17,True,False,True,True,False,False,0,Normal,0
154.99,25,53,1,1419.31,-0.4745945929857517,7,4,31,-0.7194700343545222,1,1,144.6,23,True,True,False,False,False,True,0,Normal,0
403.01,63,286,3,10513.52,0.3661760903286761,4,5,25,-0.1479523876869438,1,0,168.41666666666666,42,True,False,True,False,False,False,2,Medium confidence / needs review,1
538.17,27,252,1,5908.04,0.7558506923683002,7,5,23,0.1665703257997145,1,0,527.9166666666666,42,False,True,False,True,False,False,1,Normal,0
510.24,19,105,1,781.7,0.7296783900295314,3,7,24,0.0803204953942392,1,1,311.03333333333336,28,True,False,True,False,False,True,0,Normal,0
369.44,34,19,1,5018.67,0.2523761071060919,2,2,27,-0.2255677510816451,1,1,1008.7,11,True,False,True,True,False,False,0,Normal,0
201.69,59,299,1,7328.52,-0.3162848159081621,8,5,30,-0.3162848159081621,1,1,936.2166666666668,19,True,False,False,False,False,False,0,Normal,0
86.41,75,125,1,3128.71,-0.7070760600517281,3,4,25,-0.7070760600517281,1,1,936.2166666666668,14,True,False,False,False,True,False,0,Normal,0
246.93,23,158,5,673.35,-0.1629243380711137,8,5,25,1.8576553424643525,1,1,502.7166666666666,24,True,False,False,False,False,True,2,Medium confidence / needs review,1
231.71,27,148,1,1127.98,-0.2145190876882639,9,4,30,0.3902321930147465,1,1,168.4,33,True,True,False,False,False,True,0,Normal,0
491.1,35,125,1,7833.85,0.6022786018835022,2,5,25,1.6073798693529076,1,1,1007.1166666666668,15,False,False,True,True,False,False,0,Normal,0
51.25,28,66,1,1744.4,-0.832790104293223,5,9,24,-0.8058987802645504,1,1,2040.1333333333332,2,False,True,False,False,False,True,0,Normal,0
800.29,20,84,1,693.4,1.611051804708969,3,1,27,2.613373656251699,1,1,2328.15,36,False,True,False,False,False,True,0,Normal,0
12.18,76,77,1,4909.24,-0.958710637192402,5,2,30,-0.958710637192402,1,1,936.2166666666668,27,True,True,False,False,True,False,0,Normal,0
302.86,55,275,1,5239.24,0.0266745020134598,4,6,23,23.865351078378403,1,1,1776.1,20,True,False,True,False,False,False,2,Medium confidence / needs review,1
100.27,79,51,1,4309.9,-0.6600916165764521,1,6,21,-0.3634459093229691,1,1,166.48333333333332,24,True,False,True,False,True,False,0,Normal,0
218.96,18,13,1,754.21,-0.2577407077683339,3,2,25,0.5816618869158324,1,1,1222.7666666666669,39,True,False,False,False,False,True,0,Normal,0
26.55,77,228,1,3085.38,-0.9099973289139232,6,8,25,-0.8325634141134632,1,1,505.23333333333335,15,True,False,False,False,True,False,0,Normal,0
53.81,55,37,2,2564.62,-0.824437766251135,9,6,13,-0.5928543280102424,1,1,623.5,33,False,False,False,True,False,False,1,Normal,0
496.03,61,265,1,12904.66,0.6815074707089199,4,4,30,3.164644614712693,1,1,431.8333333333333,37,True,True,False,False,False,False,0,Normal,0
258.21,39,225,1,9562.41,-0.1246859165414519,5,6,33,0.4929625134631211,1,1,576.5666666666667,35,True,False,True,False,False,False,0,Normal,0
210.45,27,146,1,1242.49,-0.286589020464914,5,6,26,0.1461872043342858,1,1,335.46666666666664,19,True,False,False,False,False,True,0,Normal,0
299.09,36,84,1,5615.26,-0.0241793775935764,4,6,21,-0.0241793775935764,1,1,936.2166666666668,4,False,True,False,True,False,False,0,Normal,0
684.5,29,76,1,6258.63,1.320407763767021,4,4,22,1.2886087756574651,1,1,4706.633333333333,13,True,True,False,False,False,False,0,Normal,0
524.55,39,175,1,8292.75,0.7781883024488098,3,6,25,0.0666029543476388,1,1,1197.6666666666667,12,True,False,False,False,False,False,0,Normal,0
1076.98,60,173,1,11833.73,2.6508878774161087,4,11,24,1.1423342637772338,1,1,2209.6666666666665,11,True,True,False,False,False,False,0,Normal,0
29.34,65,30,1,3944.82,-0.9005394214611081,6,3,25,-0.9005394214611081,1,1,936.2166666666668,21,True,False,True,False,True,False,0,Normal,0
82.67,26,46,1,290.59,-0.7197544019418819,4,2,33,1.8176550164398424,1,1,4055.05,25,True,True,False,False,False,True,0,Normal,0
157.7,58,46,1,8332.58,-0.4854829228165551,4,6,30,1.815819983647532,1,1,2352.8166666666666,29,False,True,False,True,False,False,0,Normal,0
226.66,41,168,1,10216.25,-0.2316382391709583,3,5,32,1.5211523318992364,1,1,625.4333333333333,2,True,True,False,False,False,False,0,Normal,0
207.82,19,30,1,229.02,-0.3219598045863005,4,7,25,-0.3219598045863005,1,1,936.2166666666668,19,False,False,True,False,False,True,0,Normal,0
77.02,59,132,1,800.83,-0.7487120764242354,8,6,24,-0.6293908159494236,1,1,4079.733333333333,24,False,False,True,False,False,False,0,Normal,0
671.73,58,54,1,5211.88,1.2771183450672177,4,5,27,3.7165425943228314,1,1,1439.95,42,True,True,False,True,False,False,0,Normal,0
345.39,58,80,1,6451.96,0.1268804862144998,5,7,23,0.0832139830335031,1,1,168.96666666666667,31,False,False,True,True,False,False,0,Normal,0
485.54,19,148,1,1533.32,0.6459470946587291,2,8,19,0.4917201742243381,1,1,1103.5666666666666,21,True,False,True,False,False,True,0,Normal,0
79.77,68,167,1,5010.31,-0.7295852018032313,3,5,34,-0.7295852018032313,1,1,936.2166666666668,37,True,False,False,False,True,False,0,Normal,0
662.11,23,219,1,1996.38,1.2445072089754317,4,6,29,7.300238093265162,1,1,240.03333333333333,1,True,True,False,False,False,True,0,Normal,0
29.72,26,38,1,1059.62,-0.8992512476861725,3,5,27,-0.9198792232709356,1,1,4008.4,35,True,False,False,False,False,True,0,Normal,0
72.82,68,127,1,6911.62,-0.7531452221606028,7,3,21,-0.7168740252065552,1,1,2735.5666666666666,15,True,False,True,False,False,False,0,Normal,0
192.02,79,154,1,5169.07,-0.3735093909398125,8,6,31,-0.0904052481447371,1,1,935.35,16,False,False,True,False,True,False,0,Normal,0
50.4,36,84,1,1677.01,-0.8291474748817924,3,6,13,-0.8291474748817924,1,1,936.2166666666668,35,True,True,False,False,False,False,0,Normal,0
210.77,71,161,1,5396.65,-0.2855042425491789,2,6,27,3.181944381310628,1,1,1559.8,23,True,False,False,False,True,False,0,Normal,0
160.24,31,15,1,5526.97,-0.4567974553057228,3,6,30,0.2270934622882148,1,1,1656.2666666666669,42,True,False,False,True,False,False,0,Normal,0
211.69,30,111,1,6412.85,-0.2823855060414405,7,8,34,0.5070121698084135,1,1,1750.9333333333334,1,True,True,False,False,False,False,0,Normal,0
27.61,54,26,1,3679.64,-0.9099187259006296,3,6,32,-0.9099187259006296,1,1,936.2166666666668,13,False,False,False,False,True,False,0,Normal,0
222.96,65,150,1,7370.41,-0.2725635553842643,3,4,24,7.075334767282334,1,1,312.96666666666664,14,False,False,False,False,False,False,0,Normal,0
72.5,40,30,1,12723.62,-0.7542300000763378,5,6,24,-0.4213193884238385,1,0,432.3666666666667,13,True,False,False,False,False,False,0,Normal,0
183.32,21,74,1,137.42,-0.3785578481333296,4,3,20,0.702293614056146,1,1,718.65,33,True,False,False,False,False,True,0,Normal,0
590.26,25,48,1,1068.28,0.9258011957325052,3,4,22,3.662493306246227,1,1,959.8833333333332,2,False,True,False,False,False,True,0,Normal,0
23.3,59,161,1,6711.15,-0.9210146046206078,2,8,24,-0.8937673784080272,1,1,1345.8833333333334,20,True,False,False,True,False,False,0,Normal,0
57.91,58,97,1,3641.06,-0.8110609748556034,6,3,13,-0.6897540031800312,1,1,2542.5333333333333,34,False,True,False,True,False,False,0,Normal,0
80.38,52,116,1,9662.88,-0.7275173439013612,6,3,29,-0.7275173439013612,1,1,936.2166666666668,18,True,False,True,False,False,False,0,Normal,0
98.24,28,148,1,580.66,-0.6669731764793965,6,6,19,0.222194573000814,1,1,841.55,23,True,False,True,False,False,True,0,Normal,0
10.65,54,161,1,13240.72,-0.9638972316020108,7,2,23,-0.8807524254758433,1,1,334.43333333333334,21,True,False,True,False,False,False,0,Normal,0
265.37,33,77,1,5229.95,-0.1004140106768792,3,4,33,3.206213295193957,1,1,769.5333333333333,42,True,True,False,True,False,False,0,Normal,0
341.84,27,89,1,1400.04,0.1152981424451981,5,5,45,2.0075664085204434,1,1,670.2333333333333,12,False,True,False,False,False,True,0,Normal,0
57.38,28,86,1,899.52,-0.8054857565948208,4,3,29,-0.8054857565948208,1,1,936.2166666666668,18,True,False,True,False,False,True,0,Normal,0
654.48,19,114,1,6776.41,1.218642035547123,5,4,28,10.406064649598036,1,1,4198.166666666667,8,True,True,False,False,False,True,0,Normal,0
209.03,55,126,1,8359.5,-0.2914027224659885,4,5,21,-0.4127216014027432,1,1,1513.7166666666667,11,True,True,False,True,False,False,0,Normal,0
332.33,27,101,1,192.63,0.1265757681906882,6,7,25,0.1265757681906882,1,1,936.2166666666668,18,True,False,False,False,False,True,0,Normal,0
743.24,19,109,1,1024.19,1.4249186463882184,5,7,27,1.2364517159556716,1,1,408.4333333333333,16,False,False,True,False,False,True,0,Normal,0
42.56,18,146,1,4361.44,-0.8557245338173021,6,8,32,-0.9208605652428749,1,1,574.9,14,True,False,True,False,False,True,0,Normal,0
406.33,59,103,1,4298.34,0.3257052832007671,4,6,34,0.0902041799516938,1,1,1512.2666666666669,24,False,True,False,True,False,False,0,Normal,0
11.92,53,52,1,14611.9,-0.9595920192489368,4,5,21,-0.9687233486776344,1,1,169.11666666666667,36,True,True,False,False,False,False,0,Normal,0
243.8,57,48,1,13732.81,-0.1735348220593976,3,8,22,-0.1735348220593976,1,1,936.2166666666668,37,True,True,False,False,False,False,0,Normal,0
140.98,60,100,1,8127.48,-0.5220875261090286,4,5,27,-0.4217391287049257,1,1,3407.866666666667,22,True,True,False,True,False,False,0,Normal,0
45.92,26,23,1,544.56,-0.8443343657020836,6,7,25,-0.7613181518721442,1,1,600.85,26,True,False,False,False,False,True,0,Normal,0
778.49,75,107,1,7713.67,1.5399264260693133,5,5,27,4.42249822784422,1,1,335.3833333333333,29,False,False,True,False,True,False,0,Normal,0
30.87,33,295,1,14348.65,-0.8953528270514995,4,3,31,-0.8978820503051397,1,1,216.03333333333333,14,True,False,False,False,False,False,0,Normal,0
63.17,20,148,1,1676.57,-0.7858580561819889,5,7,25,-0.7452945795151259,1,0,313.6333333333333,14,True,False,False,False,False,True,0,Normal,0
68.49,67,49,1,6683.31,-0.7678236233328931,3,8,23,-0.6846757639802227,1,0,2207.15,26,True,False,True,False,True,False,0,Normal,0
233.74,72,142,1,4749.54,-0.2076375277853195,3,7,22,-0.2076375277853195,1,1,936.2166666666668,4,True,False,True,False,True,False,0,Normal,0
270.56,23,139,1,1268.44,-0.0828202688560507,9,5,31,0.157525454960531,1,1,96.23333333333332,30,True,False,True,False,False,True,0,Normal,0
521.15,54,214,1,9442.47,0.7666625370941245,5,3,27,1.06682529816845,1,1,1.3166666666666669,18,True,False,False,False,False,False,0,Normal,0
472.48,55,87,1,7128.82,0.6016745959727908,5,3,25,0.3822614450760307,1,1,238.83333333333331,27,True,True,False,True,False,False,0,Normal,0
159.0,49,38,1,369.79,-0.4610009697291964,5,5,27,-0.5754140698819996,1,1,168.96666666666667,19,True,False,False,True,False,False,0,Normal,0
109.91,38,90,1,12896.06,-0.6274126818649325,4,10,27,-0.6683323958515677,1,1,1342.3166666666666,39,True,True,False,False,False,False,0,Normal,0
345.84,22,142,3,1402.5,0.1723737358206289,5,3,22,0.174435715148732,1,1,26.03333333333333,13,True,False,True,False,False,True,1,Normal,0
147.62,71,133,1,2115.8,-0.4995783843575255,2,7,33,-0.5108866446521922,1,1,2927.016666666667,5,True,True,False,False,True,False,0,Normal,0
110.4,56,62,1,8639.36,-0.639805418672322,4,3,27,-0.609255406417713,1,1,479.4333333333333,36,False,False,False,False,False,False,0,Normal,0
253.47,20,238,1,220.51,-0.1407541894182779,5,7,16,-0.1407541894182779,1,1,936.2166666666668,1,True,True,False,False,False,True,0,Normal,0
124.84,52,79,1,6711.78,-0.5768010122339172,5,6,23,-0.5074762279264756,1,1,2400.616666666667,21,True,False,True,False,True,False,0,Normal,0
422.14,26,109,1,1436.32,0.377287495874756,4,8,19,1.2317147247933455,1,1,1343.7833333333333,0,False,True,False,False,False,True,0,Normal,0
1176.28,54,174,5,323.69,2.8377688283201703,4,4,27,3.408570166499206,1,1,790.6166666666667,18,False,False,False,True,False,False,3,High confidence fraud,1
199.84,21,150,1,706.44,-0.3225561882335055,3,3,18,-0.3225561882335055,1,1,936.2166666666668,9,True,False,False,False,False,True,0,Normal,0
178.87,35,180,1,5241.23,-0.3936430410240206,9,3,32,-0.1049339466326363,1,1,3048.0333333333333,3,True,False,True,False,False,False,0,Normal,0
787.41,25,39,1,300.87,1.6692655616054524,3,3,23,3.158379746199573,1,1,648.3166666666667,22,True,False,True,False,False,True,0,Normal,0
376.24,68,141,1,13758.91,0.2754276378154626,5,4,27,-0.032072170877597,1,1,192.36666666666667,15,True,False,False,False,False,False,0,Normal,0
101.23,45,87,1,6169.71,-0.6568372828292467,2,3,32,-0.7374672560557398,1,1,913.8333333333334,7,True,False,True,True,False,False,0,Normal,0
372.5,22,211,1,3901.82,0.2627492959253087,2,8,24,0.1331901504231891,1,1,1751.6833333333334,26,True,False,False,False,False,True,0,Normal,0
116.27,57,94,1,8726.92,-0.6058527207896977,3,5,26,-0.6539737789861353,0,1,1031.8166666666666,32,True,False,True,True,False,False,3,High confidence fraud,1
68.1,20,47,1,1382.8,-0.7691456964176953,5,2,22,-0.7691456964176953,1,1,936.2166666666668,25,True,False,False,False,False,True,0,Normal,0
1022.75,62,158,1,207.74,2.336856930038228,4,7,31,14.018355153915492,1,1,408.75,38,False,True,False,False,False,False,2,Medium confidence / needs review,1
78.5,31,41,1,13991.5,-0.7438833809936533,7,9,29,-0.856075535855387,1,0,623.35,38,False,True,False,False,False,False,2,Medium confidence / needs review,1
292.56,68,61,1,4638.37,-0.0454843648649962,6,5,19,-0.2494291694118206,1,1,409.51666666666665,9,False,True,False,False,True,False,0,Normal,0
97.09,24,202,4,1579.57,-0.6708715971140695,5,4,27,-0.734347529644513,1,1,912.8166666666668,13,True,False,False,False,False,True,0,Normal,0
3.85,29,32,1,10506.41,-0.9869487623113812,6,7,31,-0.9876523380768044,1,0,166.01666666666668,38,True,False,False,False,False,False,0,Normal,0
494.66,33,110,1,5531.93,0.6768632652571792,2,9,30,0.8990690050904347,1,1,1512.5333333333333,15,True,False,True,False,False,False,0,Normal,0
101.04,27,160,1,1695.57,-0.6574813697167144,2,9,25,-0.6562446818758048,1,1,505.28333333333336,35,True,False,False,False,False,True,0,Normal,0
543.47,18,122,1,6165.03,0.8423257967166471,5,5,22,1.0142039757644568,1,1,839.0333333333333,20,True,False,False,False,False,True,0,Normal,0
334.79,69,292,1,624.09,0.0922965865089792,6,7,26,0.1151323820563167,1,1,2352.55,10,False,True,False,False,False,False,0,Normal,0
53.79,54,137,3,6229.36,-0.8245030188920888,4,9,15,-0.8228733413586187,1,1,358.1666666666667,30,False,False,False,True,False,False,0,Normal,0
256.95,26,71,1,2531.24,-0.1289572295846588,4,3,28,-0.1289572295846588,1,1,936.2166666666668,36,True,True,False,True,False,False,0,Normal,0
406.12,42,106,1,10501.53,0.3767187756972265,3,4,31,0.5805409590171592,1,1,2184.9166666666665,15,True,False,False,False,False,False,0,Normal,0
121.71,52,140,1,5878.89,-0.5874114962222011,7,8,32,-0.6328894366118527,1,1,791.5,6,True,False,False,False,True,False,0,Normal,0
156.26,46,160,1,7854.1,-0.4901811129652296,3,5,27,-0.4901811129652296,1,1,936.2166666666668,41,False,True,False,True,False,False,0,Normal,0
88.38,30,138,1,3707.82,-0.700397896007984,4,6,45,-0.4344041953513107,1,0,358.35,41,True,False,False,True,False,False,1,Normal,0
297.5,73,80,1,6768.14,-0.0293669625494045,6,4,27,1.432145181228375,1,1,1657.1,18,False,True,False,False,True,False,0,Normal,0
46.12,59,30,1,8874.01,-0.8436563795047493,5,7,30,-0.7447891647279901,1,1,1680.2,14,True,True,False,False,False,False,0,Normal,0
5.71,21,106,1,1285.42,-0.9806434906761712,3,5,27,-0.961173624171804,1,1,4296.116666666667,40,True,True,False,False,False,True,0,Normal,0
633.87,27,175,1,330.16,1.14877555791181,4,4,25,4.335875512771053,1,0,166.51666666666668,18,True,False,True,False,False,True,0,Normal,0
317.12,44,80,1,14409.74,0.0750149178834047,4,4,27,0.549648159941125,1,1,71.95,13,True,True,False,False,False,False,0,Normal,0
190.02,21,173,1,1528.81,-0.3558453105226261,7,4,26,-0.3558453105226261,1,1,936.2166666666668,22,True,False,True,False,False,True,0,Normal,0
414.49,58,108,1,12709.58,0.3523283607099227,6,5,23,1.181296699393239,1,1,166.55,31,False,False,True,False,False,False,0,Normal,0
11.04,30,43,1,6983.04,-0.9625751585172084,6,2,25,-0.9634745464476202,1,0,2.2333333333333334,31,True,False,True,True,False,False,0,Normal,0
126.04,65,167,1,6041.69,-0.5887778534464404,1,7,30,-0.3857200858465432,1,1,3022.35,5,False,True,False,False,True,False,0,Normal,0
374.5,26,178,1,1671.51,0.2218557051227742,5,10,31,1.019984082741223,1,1,840.1166666666667,37,False,True,False,False,False,True,0,Normal,0
285.69,63,35,1,2552.54,-0.031530613027701,3,3,29,0.2798699017110183,1,1,3241.5,24,True,False,False,False,True,False,0,Normal,0
111.79,62,49,1,10887.59,-0.6210396116099888,5,3,22,-0.5215083657000027,1,1,479.4166666666667,17,True,False,True,False,False,False,0,Normal,0
379.54,41,118,1,12571.76,0.2382993706431351,5,3,26,0.2382993706431351,1,1,936.2166666666668,16,False,True,False,False,False,False,0,Normal,0
170.53,24,58,1,801.01,-0.4219150654528664,4,4,22,-0.5506929426392662,1,1,817.75,28,True,True,False,False,False,True,0,Normal,0
26.5,48,179,1,4854.83,-0.9101668254632568,4,10,21,-0.9036486232528638,1,0,45.71666666666667,16,True,False,True,True,False,False,0,Normal,0
521.06,25,128,1,1951.42,0.7663574433053238,3,7,21,1.7111712278933795,1,1,1657.9666666666667,0,True,True,False,False,False,True,0,Normal,0
659.71,21,148,1,106.86,1.15239099144462,5,6,27,1.4041252465616818,1,1,405.5,38,False,True,False,False,False,True,0,Normal,0
999.28,29,40,1,4272.41,2.3874902397516817,7,6,24,1.843160680792673,1,1,409.5833333333333,4,True,False,True,True,False,False,0,Normal,0
47.1,42,178,1,6308.07,-0.846330027291139,5,6,25,-0.8974831477008441,1,1,1007.6833333333332,42,False,True,False,False,False,False,0,Normal,0
431.08,59,25,1,6760.22,0.4613314531245635,4,5,33,0.0762700981075533,1,0,336.96666666666664,0,True,True,False,False,True,False,0,Normal,0
1607.55,31,156,1,6227.99,4.449483561014754,4,4,19,2.97563990855536,1,1,1246.05,31,True,False,False,True,False,False,0,Normal,0
484.3,61,230,3,7910.3,0.5800927039592059,5,5,45,-0.0998791907030857,1,0,961.3166666666668,4,False,False,True,False,True,False,2,Medium confidence / needs review,1
242.85,42,93,1,4672.8,-0.1767552564967362,2,5,25,-0.5440849304082586,1,1,142.55,35,True,False,True,True,False,False,0,Normal,0
0.84,52,31,1,2207.54,-0.9971524545812644,5,8,25,-0.9983409622081424,1,1,1680.4333333333334,2,True,False,False,True,False,False,0,Normal,0
117.28,60,16,1,3665.77,-0.6173585101842105,6,4,27,-0.6173585101842105,1,1,936.2166666666668,2,False,False,True,True,False,False,0,Normal,0
35.46,56,285,1,1532.72,-0.8797930438226744,4,5,32,-0.6976466516230674,1,1,1007.7,26,True,False,False,False,True,False,0,Normal,0
350.46,51,165,1,5839.38,0.1880352169790543,6,7,18,3.588974681301889,1,0,6240.0,26,True,True,False,False,True,False,3,High confidence fraud,1
47.48,24,66,1,585.52,-0.8390460733628752,5,5,19,-0.8390460733628752,1,1,936.2166666666668,12,True,True,False,False,False,True,0,Normal,0
105.37,25,160,1,1068.55,-0.6428029685444241,4,6,24,1.2192501849357589,1,1,1921.7333333333331,34,True,False,False,False,False,True,0,Normal,0
17.67,63,91,1,1048.18,-0.940099916075572,4,5,24,-0.768792924189821,1,1,1127.3166666666666,36,True,False,True,False,False,False,0,Normal,0
99.76,26,131,1,416.89,-0.6618204813796549,7,3,25,0.7551020275316324,1,0,982.5166666666668,34,True,True,False,False,False,True,0,Normal,0
184.51,54,118,1,9381.64,-0.3980117576179692,6,4,25,1.730649670998229,1,1,672.2166666666667,32,False,False,True,False,False,False,0,Normal,0
39.41,25,132,1,921.91,-0.8664028164253194,5,4,26,-0.5667230967399999,1,1,2015.8833333333332,21,True,True,False,False,False,True,0,Normal,0
308.68,53,170,1,9992.36,0.0464039003558918,6,7,29,0.0464039003558918,1,1,936.2166666666668,25,True,False,True,False,False,False,0,Normal,0
7.76,52,84,1,7393.11,-0.9746819720472888,6,3,31,-0.97486069400395,1,1,672.0333333333333,19,False,False,True,False,True,False,0,Normal,0
83.79,57,47,1,5061.3,-0.7159576792368091,3,3,19,-0.4704209299050629,1,1,4775.35,26,True,False,False,True,False,False,0,Normal,0
79.33,51,109,1,14798.1,-0.74117539639407,3,8,45,-0.4053669109859312,1,0,1319.55,19,False,False,True,False,False,False,2,Medium confidence / needs review,1
196.16,27,146,1,9418.86,-0.3350311342644591,5,2,25,-0.3350311342644591,1,1,936.2166666666668,41,True,True,False,True,False,False,0,Normal,0
35.84,54,172,1,4795.65,-0.8830672641481355,7,3,33,-0.8172920023588295,1,1,768.9,7,False,False,True,False,True,False,0,Normal,0
1431.3,18,168,1,1058.13,3.8520082246137854,4,5,18,11.33879300570006,1,1,3841.383333333333,28,True,False,False,False,False,True,1,Normal,0
14.0,49,173,1,7975.18,-0.9525409627966588,3,1,21,-0.9747489912076912,1,1,45.63333333333333,35,True,False,False,True,False,False,0,Normal,0
577.13,40,66,1,6640.51,0.8829628369463273,4,6,33,0.3763310072704203,1,1,504.4333333333333,38,False,True,False,True,False,False,0,Normal,0
120.29,19,77,1,1362.39,-0.5922251982232755,4,3,21,-0.7332141589377045,1,1,1969.9333333333332,24,True,True,False,False,False,True,0,Normal,0
243.85,39,43,1,4576.78,-0.173365325510064,3,6,18,-0.3838852570815457,1,1,45.91666666666666,29,True,True,False,True,False,False,0,Normal,0
83.6,47,192,1,13899.24,-0.7166017661242768,5,6,24,-0.7765192431611013,1,0,217.8,38,True,False,False,False,False,False,0,Normal,0
737.34,30,34,1,7336.56,1.4995317171027778,4,5,16,1.4995317171027778,1,1,936.2166666666668,24,True,False,True,False,False,False,0,Normal,0
189.45,53,62,1,12578.75,-0.3818943553023775,5,4,21,-0.7430629007743201,1,1,23.45,4,False,True,False,False,False,False,0,Normal,0
106.16,56,277,4,7487.79,-0.640124923064953,6,6,22,-0.7709081868149027,1,1,576.15,31,True,False,False,False,False,False,1,Normal,0
40.12,36,269,1,14304.38,-0.8691031989840198,9,5,22,-0.8834793526787956,1,1,119.7,9,False,False,False,False,False,False,1,Normal,0
105.94,51,207,1,5963.1,-0.6408707078820209,4,5,27,-0.6050956578598017,1,1,2638.983333333333,28,True,True,False,True,False,False,0,Normal,0
21.23,23,103,4,319.18,-0.9280317617630192,3,5,27,-0.909966832724206,1,1,840.55,41,True,False,False,False,False,True,1,Normal,0
81.08,58,56,1,7788.91,-0.7251443922106907,4,3,22,-0.5946810608144318,1,1,192.35,29,True,False,False,True,False,False,0,Normal,0
221.33,27,276,1,1185.43,-0.2497065713299209,6,9,32,0.2091514988729901,1,1,697.35,21,True,False,False,False,False,True,0,Normal,0
1342.25,21,235,1,694.03,3.379267869275385,5,7,24,3.379267869275385,1,1,936.2166666666668,13,False,True,False,False,False,True,2,Medium confidence / needs review,1
61.43,24,170,1,1882.77,-0.7917565360987985,3,4,22,-0.9542335623362014,1,1,1486.0833333333333,31,True,False,True,False,False,True,0,Normal,0
335.5,63,47,1,6445.4,0.1373218494184389,5,5,26,-0.521970818816296,1,1,1103.75,34,True,False,False,False,True,False,0,Normal,0
896.79,33,168,1,11146.74,2.0400562129276527,7,4,25,0.5469186618747017,1,1,2016.5666666666664,9,True,False,True,False,False,False,0,Normal,0
457.09,55,63,1,8570.82,0.4913164859415436,2,5,27,0.4913164859415436,1,1,936.2166666666668,26,False,False,True,True,False,False,0,Normal,0
105.53,24,88,1,1433.66,-0.6422605795865565,2,3,45,-0.7691264285608382,1,1,527.7333333333333,7,True,False,True,False,False,True,1,Normal,0
639.57,60,43,1,11726.47,1.1680981645358413,2,3,33,1.273541639922002,1,1,4439.816666666667,30,True,True,False,False,False,False,0,Normal,0
253.55,28,85,5,2797.26,-0.1404829949393441,6,7,29,-0.1404829949393441,1,1,936.2166666666668,17,True,False,False,True,False,False,1,Normal,0
170.36,30,118,1,6034.73,-0.4224913537206006,5,9,31,-0.3281009649848118,1,1,1800.0,16,True,False,False,False,False,False,0,Normal,0
2.5,47,107,1,12145.27,-0.9915251691433886,6,5,29,-0.9882050388610552,1,1,2783.7833333333333,36,True,False,True,False,False,False,0,Normal,0
19.11,49,160,1,8478.46,-0.937651098306,3,3,29,-0.865551927495472,1,1,1415.8,7,False,False,True,True,False,False,0,Normal,0
65.57,41,82,1,7513.79,-0.7777222218139759,8,8,25,-0.7777222218139759,1,1,936.2166666666668,24,True,False,True,True,False,False,0,Normal,0
273.08,26,134,1,6609.3,-0.1090404371540098,4,6,29,-0.1090404371540098,1,1,936.2166666666668,15,False,True,False,True,False,False,0,Normal,0
470.96,69,124,2,12991.03,0.5365691924430127,3,8,25,0.7246228184977925,1,1,936.2166666666668,16,False,False,True,False,False,False,0,Normal,0
170.97,26,292,1,1265.27,-0.4204234958187307,2,6,24,-0.5404279325293588,1,1,1248.7,26,True,True,False,False,False,True,0,Normal,0
790.07,28,197,1,985.77,1.6782827780300007,4,6,28,1.5903651274072468,1,1,600.4666666666667,24,True,False,True,False,False,True,0,Normal,0
346.11,41,213,1,9551.64,0.1732890171870305,6,4,29,0.1732890171870305,1,1,936.2166666666668,9,True,True,False,True,False,False,0,Normal,0
121.43,52,243,1,7365.28,-0.6038185871862943,5,3,29,-0.6491577803323862,1,1,1823.3333333333333,34,False,True,False,True,False,False,0,Normal,0
22.01,41,175,1,1335.09,-0.9281894653676972,5,5,23,-0.9058476241354853,1,0,144.41666666666666,34,False,False,True,True,False,False,0,Normal,0
421.74,67,103,1,12031.14,0.4296694977090456,4,5,33,1.584455102127739,1,1,2040.3666666666663,38,True,False,True,False,False,False,0,Normal,0
421.52,20,67,1,369.86,0.4289237128919776,5,3,29,0.8502123326264424,1,0,1344.4666666666667,38,True,True,False,False,False,True,0,Normal,0
436.64,31,111,1,14365.18,0.4801794694104607,1,8,27,0.6380429294571508,1,1,3168.1833333333334,20,True,True,False,False,False,False,0,Normal,0
588.37,28,284,1,1926.08,0.9945336980182268,3,9,29,0.9945336980182268,1,1,936.2166666666668,9,True,False,True,False,False,True,0,Normal,0
57.16,40,74,1,222.22,-0.8062315414118887,7,4,17,-0.8062315414118887,1,1,936.2166666666668,8,True,False,False,True,False,False,0,Normal,0
119.01,45,87,1,9798.26,-0.5965643098862159,3,4,15,-0.5965643098862159,1,1,936.2166666666668,30,True,False,False,False,False,False,0,Normal,0
777.88,31,17,1,6825.55,1.6369595193024669,4,9,27,5.536257410837262,1,1,167.53333333333333,15,True,True,False,True,False,False,0,Normal,0
230.08,79,124,1,4466.1,-0.2200446751965395,5,5,16,-0.4869381964634722,1,1,1007.4166666666666,2,True,False,True,False,True,False,0,Normal,0
188.13,75,198,1,5029.87,-0.3862010296053291,2,5,31,-0.3862010296053291,1,1,936.2166666666668,17,False,False,True,False,True,False,0,Normal,0
164.51,78,110,1,3553.69,-0.4423224499926328,5,4,22,-0.1255514796919604,1,1,71.95,21,True,True,False,False,True,False,0,Normal,0
19.59,64,122,1,1061.69,-0.9335912485811616,2,3,22,-0.8888951855212387,1,1,264.6333333333333,5,True,True,False,False,True,False,0,Normal,0
7.48,55,29,1,1275.2,-0.9746433128297612,2,5,31,-0.9397146849551512,1,1,405.98333333333335,35,True,False,False,True,False,False,0,Normal,0
85.35,66,166,1,2173.76,-0.7106693868976006,4,6,27,-0.1008927855374598,1,1,47.36666666666667,42,True,False,False,False,True,False,0,Normal,0
135.85,57,269,1,1480.39,-0.5394778720706568,7,3,32,0.4605642233199565,1,1,697.2833333333333,14,True,False,True,False,True,False,0,Normal,0
70.68,25,105,1,1478.41,-0.7603996744720811,3,4,22,-0.2942703536875369,1,1,2663.6,12,True,False,True,False,False,True,0,Normal,0
295.64,21,82,1,1061.96,0.0021992002896868,5,6,25,2.081463371148702,1,0,528.5,17,True,False,True,False,False,True,0,Normal,0
506.81,59,41,1,2757.23,0.7180509267452458,3,2,31,0.7180509267452458,1,1,936.2166666666668,25,True,False,False,True,False,False,0,Normal,0
724.18,41,134,1,10922.78,1.454920225318172,3,8,31,1.454920225318172,1,1,936.2166666666668,13,True,True,False,False,False,False,0,Normal,0
199.02,61,269,1,4658.89,-0.3253359316425767,5,1,32,-0.7251788219431926,1,1,2688.4,15,True,False,False,False,True,False,0,Normal,0
95.83,27,91,1,1726.4,-0.6751429101572765,2,5,32,-0.7923960121481889,1,1,4463.5,42,True,False,True,False,False,True,0,Normal,0
444.47,57,61,1,6062.94,0.5067226290361038,4,4,32,0.5067226290361038,1,1,936.2166666666668,38,True,False,True,False,True,False,0,Normal,0
126.21,75,268,1,5669.66,-0.5721568067821764,4,6,32,-0.716043825868914,1,1,695.8666666666667,3,True,True,False,False,True,False,0,Normal,0
525.28,69,134,1,4693.6,0.7806629520690804,4,6,26,0.8408915650070384,1,1,1152.5,7,True,False,False,False,True,False,0,Normal,0
701.7,61,64,1,6643.24,1.2893889111271497,8,5,23,0.9207817778364674,1,1,2112.333333333333,39,False,False,True,False,True,False,0,Normal,0
236.57,79,112,1,3488.77,-0.1980440230930373,2,10,18,-0.4736045737823514,1,1,1512.9,34,True,False,False,False,True,False,0,Normal,0
795.31,66,90,2,7914.88,1.6960460164001625,4,9,26,0.9548182827044672,1,1,983.2666666666668,23,True,False,False,False,False,False,0,Normal,0
216.76,47,138,1,643.64,-0.2927918740799463,5,5,27,-0.5403634501572055,1,1,672.3166666666667,29,False,False,True,True,False,False,0,Normal,0
22.26,19,56,1,5583.88,-0.9245401328467469,4,7,27,-0.9245401328467469,1,1,936.2166666666668,35,True,True,False,False,False,True,0,Normal,0
432.08,40,145,1,11500.62,0.4647213841112356,7,6,24,18.41060114956868,1,1,4365.233333333334,12,True,False,False,False,False,False,2,Medium confidence / needs review,1
859.3,78,68,1,1146.78,1.8035797218431933,2,9,34,2.782629736397281,1,1,25.23333333333333,7,False,True,False,False,True,False,1,Normal,0
56.12,30,102,1,8839.67,-0.8097570696380276,5,6,24,-0.8718370309860303,1,0,1033.5166666666669,12,True,False,False,False,False,False,0,Normal,0
34.02,38,19,1,14214.48,-0.8846745444434824,6,3,26,-0.8846745444434824,1,1,936.2166666666668,30,True,False,True,False,False,False,0,Normal,0
363.53,63,142,1,1038.91,0.2323416149748594,1,6,32,9.685772789953768,1,1,216.83333333333331,18,True,False,False,False,True,False,0,Normal,0
659.15,22,204,1,1241.59,1.2344730132548818,7,5,33,2.3160608611945124,1,1,310.9833333333333,4,True,False,False,False,False,True,0,Normal,0
61.37,75,164,1,4294.44,-0.7919599319579989,5,5,32,-0.8257689008447935,1,1,144.86666666666667,8,True,True,False,False,True,False,0,Normal,0
292.95,37,56,1,1216.91,-0.0069197140644612,4,7,23,0.0480560249427816,1,1,239.4833333333333,22,True,True,False,True,False,False,0,Normal,0
1087.9,78,103,1,2513.51,2.6879059237905687,6,6,24,2.8550126757416177,1,0,937.7166666666668,4,True,False,False,False,True,False,3,High confidence fraud,1
153.4,45,144,1,4657.7,-0.4799845832545604,6,4,27,-0.6316808846261245,1,1,95.5,23,True,False,False,True,False,False,0,Normal,0
50.52,54,293,1,12815.24,-0.8287406831633917,4,6,33,-0.8666676697884593,1,1,142.45,20,True,True,False,False,False,False,0,Normal,0
354.76,51,279,1,10141.92,0.2026119202217446,3,6,33,0.0500362580099856,1,1,984.45,11,True,True,False,False,False,False,0,Normal,0
201.73,57,78,1,6650.71,-0.3161492186686952,2,9,28,-0.4062107523365069,1,1,2666.25,3,True,False,True,True,False,False,0,Normal,0
50.17,77,35,1,7752.14,-0.8363137469047288,6,3,25,-0.8460726565089369,0,1,310.2,34,False,False,False,False,True,False,4,High confidence fraud,1
5.29,32,132,1,12896.68,-0.9827406732050844,1,7,21,-0.9827406732050844,1,1,936.2166666666668,37,False,False,True,False,False,False,0,Normal,0
25.29,50,125,1,5374.69,-0.9142686419571302,3,7,32,3.78071762179251,1,1,3264.1666666666665,24,True,False,True,True,False,False,0,Normal,0
249.56,76,246,1,4444.95,-0.154008819576166,5,2,22,15.321777938405631,1,1,2781.516666666667,27,True,True,False,False,True,False,2,Medium confidence / needs review,1
327.8,61,54,1,10585.48,0.1112193808210634,4,7,27,2.5103876364276334,1,0,73.65,37,True,False,False,False,False,False,0,Normal,0
424.56,51,264,1,5183.85,0.4392291030914611,3,6,32,0.4392291030914611,1,1,936.2166666666668,29,True,False,True,True,False,False,0,Normal,0
15.95,25,52,1,1983.0,-0.9459305973726482,6,5,26,-0.962431691722179,1,1,503.4166666666667,33,True,True,False,False,False,True,0,Normal,0
686.17,61,96,1,2246.15,1.3260689485147634,5,1,26,2.115343569429327,1,1,4872.283333333334,10,True,False,False,False,True,False,0,Normal,0
283.45,27,127,1,2049.51,-0.0391240584378467,4,2,25,-0.2452604104663424,1,1,335.95,7,True,True,False,True,False,False,0,Normal,0
29.58,54,121,1,8345.26,-0.8997258380243067,2,4,34,-0.9160928399052772,1,0,312.5,7,True,True,False,True,False,False,0,Normal,0
154.32,38,269,1,6972.5,-0.4965106191377494,2,5,32,-0.4640587324389678,1,1,1510.9833333333331,40,False,False,False,True,False,False,0,Normal,0
150.3,41,204,1,14371.08,-0.4904933693132441,6,2,16,-0.4904933693132441,1,1,936.2166666666668,19,True,False,True,False,False,False,0,Normal,0
604.5,28,80,1,709.42,1.0492132848332487,7,6,24,3.0219560677181896,1,1,25.23333333333333,32,True,False,False,False,False,True,0,Normal,0
615.58,42,133,1,14343.0,1.0867737201655765,8,4,27,0.6311075764941507,1,1,1150.0166666666669,17,True,False,False,False,False,False,0,Normal,0
235.34,26,68,1,566.83,-0.202213638206644,6,5,25,-0.4847998354803781,1,1,503.55,42,True,True,False,False,False,True,0,Normal,0
617.66,42,128,1,7155.95,1.0938247766178542,3,4,27,1.0938247766178542,1,1,936.2166666666668,4,True,False,False,True,False,False,0,Normal,0
63.33,23,124,1,792.33,-0.7933775091571202,7,3,33,-0.8974678611251046,1,1,7512.083333333333,21,False,True,False,False,False,True,2,Medium confidence / needs review,1
282.26,37,278,1,6857.2,-0.0431580763119865,2,5,33,-0.0431580763119865,1,1,936.2166666666668,22,True,False,True,True,False,False,0,Normal,0
107.1,25,175,1,193.8,-0.6505721044297011,7,6,27,-0.6505721044297011,1,1,936.2166666666668,30,False,False,True,False,False,True,0,Normal,0
9.83,24,86,1,666.42,-0.9666769750110816,4,5,31,-0.9082166115012454,1,1,912.3833333333332,22,True,False,False,False,False,True,0,Normal,0
278.28,28,26,1,1346.88,-0.0566500016389418,7,2,26,3.759770738736497,1,1,1679.2666666666669,17,True,True,False,False,False,True,0,Normal,0
85.31,62,27,1,6095.65,-0.7108049841370675,5,7,30,-0.3524202296063846,1,1,1679.7666666666669,18,True,False,False,False,True,False,0,Normal,0
4.24,38,38,1,7822.73,-0.985626689226579,3,8,21,-0.985626689226579,1,1,936.2166666666668,36,True,False,True,True,False,False,0,Normal,0
307.89,62,90,1,2637.55,0.0045317844261011,2,4,24,71.61554914727613,1,1,2015.8,26,False,False,True,False,True,False,4,High confidence fraud,1
744.41,39,107,1,8842.47,1.4287359258840164,3,3,21,3.769871503733243,1,1,504.01666666666665,15,False,False,True,True,False,False,0,Normal,0
30.23,44,99,1,481.13,-0.8975223828829697,4,3,24,-0.9141632093981396,1,1,2353.3,2,True,False,False,False,False,False,0,Normal,0
21.27,62,114,1,7392.79,-0.9306038130829882,5,7,32,-0.9306038130829882,1,1,936.2166666666668,16,False,False,True,False,True,False,0,Normal,0
167.44,37,82,1,12526.71,-0.4323899522016834,4,3,25,6.872120034220966,1,1,1511.1666666666667,23,True,True,False,False,False,False,0,Normal,0
209.09,48,203,1,9100.81,-0.2911993266067881,6,5,31,1.2159927802872896,1,1,1034.55,41,True,False,False,False,False,False,0,Normal,0
304.75,78,125,1,1916.34,-0.0057128802036474,6,8,28,-0.0057128802036474,1,1,936.2166666666668,2,False,True,False,False,True,False,0,Normal,0
48.05,27,38,1,5334.97,-0.8371138127004719,5,5,30,-0.8423297757429703,1,1,1921.45,27,True,True,False,True,False,False,0,Normal,0
107.4,58,32,1,344.07,-0.6359214086414796,5,8,13,-0.3911564603675938,1,1,839.2166666666667,41,True,False,True,False,False,False,0,Normal,0
364.81,25,53,1,1145.23,0.2366807266377998,6,4,19,1.3781616598555302,1,1,96.78333333333332,5,True,False,True,False,False,True,0,Normal,0
635.91,46,78,1,13267.09,1.0747403487095826,7,6,27,2.0831626182317176,1,1,3719.35,17,False,True,False,False,False,False,0,Normal,0
37.57,57,42,1,7739.54,-0.8726402894407962,7,10,26,-0.8726402894407962,1,1,936.2166666666668,12,True,False,False,False,True,False,0,Normal,0
180.36,33,55,1,9905.23,-0.4115516806158852,9,7,25,-0.4115516806158852,1,1,936.2166666666668,28,False,False,True,True,False,False,0,Normal,0
28.53,62,99,1,8670.53,-0.9032852655603124,7,7,22,-0.8418163625980464,1,1,24.416666666666668,42,True,False,True,False,False,False,0,Normal,0
129.35,52,130,1,7166.88,-0.5615124234840257,6,6,26,0.2384508570209117,1,1,2135.9,19,True,False,False,True,False,False,0,Normal,0
81.11,48,110,1,2051.37,-0.7250426942810905,4,5,24,-0.2805995717780312,1,1,1177.6,5,True,False,True,True,False,False,0,Normal,0
369.89,69,69,1,6941.47,0.2539015760500943,6,7,22,2.528222224602626,1,1,46.61666666666667,35,True,False,False,False,True,False,0,Normal,0
14.29,34,150,1,7016.99,-0.951557882810524,5,7,32,-0.951557882810524,1,1,936.2166666666668,20,True,False,False,True,False,False,0,Normal,0
165.31,49,28,1,7346.66,-0.4396105052032951,6,7,27,10.568228791586511,1,1,815.6166666666667,4,True,False,False,False,False,False,0,Normal,0
17.07,27,44,1,2798.15,-0.9421338746675754,3,8,18,-0.8099109041212593,1,0,673.2,20,True,True,False,True,False,False,0,Normal,0
178.39,34,98,1,8469.43,-0.3952702078976233,2,3,19,1.7211572422663768,1,1,2545.083333333333,40,True,False,True,True,False,False,0,Normal,0
218.07,23,243,1,443.62,-0.2607577463464722,5,10,25,1.3257078725995004,1,1,1992.3333333333333,2,True,True,False,False,False,True,0,Normal,0
8.45,22,141,1,1115.3,-0.9713550797726892,2,9,17,-0.9713550797726892,1,1,936.2166666666668,30,True,False,False,False,False,True,0,Normal,0
1142.76,25,71,1,1498.93,2.7284054020815804,3,6,27,134.23785393634867,1,1,791.4166666666666,15,False,False,True,False,False,True,4,High confidence fraud,1
430.98,24,93,1,569.25,0.4609924600258964,3,4,27,-0.2512573722409336,1,1,5017.066666666667,3,True,True,False,False,False,True,0,Normal,0
291.22,41,100,1,3677.63,-0.0498562918089015,2,6,21,-0.4478160010217179,1,0,574.5166666666667,3,False,False,True,True,False,False,1,Normal,0
689.54,27,93,1,1633.76,1.3374930159398486,4,5,31,1.3374930159398486,1,1,936.2166666666668,28,True,True,False,False,False,True,0,Normal,0
197.18,28,135,1,3114.92,-0.3315734046580534,6,6,26,-0.7140412438523636,1,1,1536.0166666666669,40,True,False,True,True,False,False,0,Normal,0
83.5,61,91,5,1749.79,-0.7169407592229441,3,3,29,-0.8116654619007907,1,1,146.0,9,True,True,False,False,True,False,1,Normal,0
206.95,22,31,1,1817.65,-0.2984537789182666,4,3,27,-0.3600935859080614,1,1,1917.5333333333333,39,True,True,False,False,False,True,0,Normal,0
745.03,28,231,1,160.57,1.5256002863902864,4,3,19,1.5315969603996125,1,1,1.3833333333333333,13,True,False,True,False,False,True,0,Normal,0
94.09,27,203,1,646.85,-0.6810413900740859,3,4,29,-0.7552543940400207,1,1,958.8333333333334,24,True,True,False,False,False,True,0,Normal,0
24.34,54,110,1,6659.12,-0.9174890763944687,5,5,23,-0.927569940055538,1,1,1872.7166666666667,33,True,True,False,True,False,False,0,Normal,0
365.14,68,57,1,5894.09,0.2377994038634016,5,5,31,0.2525445564517762,1,0,49.516666666666666,9,True,False,True,False,True,False,0,Normal,0
58.94,30,26,1,4575.98,-0.8001974642556122,6,4,26,-0.8001974642556122,1,1,936.2166666666668,24,True,False,True,True,False,False,0,Normal,0
342.57,20,91,1,339.16,0.1612886614942111,4,8,29,4.81218179823241,1,1,432.9,4,True,False,True,False,False,True,0,Normal,0
194.37,66,161,1,14395.88,-0.3410991107306022,3,4,20,-0.0318049362067946,1,1,1968.75,25,True,False,False,False,False,False,0,Normal,0
8.37,63,135,1,1106.34,-0.9716262742516232,1,9,26,-0.9716262742516232,1,1,936.2166666666668,7,True,False,False,False,True,False,0,Normal,0
184.19,67,58,1,7588.67,-0.3756086081749248,2,6,22,21.00597120597716,1,1,2448.116666666667,16,True,False,False,False,True,False,2,Medium confidence / needs review,1
237.74,61,152,1,11795.12,-0.1940778038386308,3,2,17,1.4692563204273337,1,1,1178.3833333333334,40,True,False,False,False,False,False,0,Normal,0
183.67,19,238,1,910.26,-0.3773713722879943,6,9,25,0.2805252130105143,1,1,333.3333333333333,36,True,False,True,False,False,True,0,Normal,0
333.83,63,135,1,1660.66,0.1316606646706964,4,8,26,1.1748945311667047,1,1,841.5833333333334,14,True,False,False,False,True,False,0,Normal,0
239.41,42,248,1,7860.65,-0.2188932581997534,4,6,29,0.2629774200096147,1,1,2231.616666666667,3,False,False,True,False,False,False,0,Normal,0
139.88,34,162,1,2969.71,-0.525816450194368,4,6,20,-0.525816450194368,1,1,936.2166666666668,7,True,False,False,True,False,False,0,Normal,0
1095.09,29,52,1,8692.47,2.712279527584741,5,2,21,6.828781764163699,1,1,2017.3666666666663,37,True,False,False,True,False,False,0,Normal,0
26.75,33,27,1,12063.77,-0.9093193427165888,3,7,28,-0.9566791080646831,1,1,502.9666666666666,16,True,False,True,False,False,False,0,Normal,0
841.5,25,287,1,352.31,1.7455048713943002,2,8,22,1.0008401206269852,1,1,336.1333333333333,1,False,True,False,False,False,True,3,High confidence fraud,1
659.95,60,114,1,3927.69,1.2371849580442198,3,2,24,0.2551230964804002,1,1,2904.4333333333334,11,True,False,True,True,False,False,0,Normal,0
5.77,23,254,1,1117.97,-0.9811746098221932,5,4,22,-0.9895590915695396,1,1,1392.4666666666667,20,False,True,False,False,False,True,0,Normal,0
225.1,28,35,1,1547.71,-0.2369265315101669,4,2,18,-0.5122321165957396,1,1,576.0166666666667,4,True,False,False,False,False,True,0,Normal,0
56.98,43,122,2,5688.37,-0.8140952226599557,5,9,21,-0.8667820048938978,1,1,503.1,28,False,False,False,True,False,False,0,Normal,0
40.03,23,200,1,6408.8,-0.8643010592135827,5,5,21,-0.8643010592135827,1,1,936.2166666666668,29,True,True,False,False,False,True,0,Normal,0
376.79,68,265,1,7749.14,0.2772920998581323,4,9,25,8.412690271978759,1,1,504.5,25,True,True,False,False,True,False,0,Normal,0
49.67,21,146,1,842.94,-0.8316221245020631,8,4,26,-0.7616717011579497,1,1,505.01666666666665,1,True,False,True,False,False,True,0,Normal,0
461.52,24,44,1,1995.18,0.5057699459128131,8,5,32,1.9680378874057027,1,1,2013.8666666666663,10,False,True,False,False,False,True,0,Normal,0
242.17,60,147,1,883.72,-0.1790604095676733,5,8,24,0.043824958593873,1,1,575.8,17,True,False,False,False,False,False,0,Normal,0
313.82,59,151,1,7261.59,0.0638281456273866,3,6,26,0.3409048166055443,1,1,3842.483333333333,40,True,True,False,True,False,False,0,Normal,0
837.29,25,216,1,6012.67,1.8383553192206596,2,6,31,2.385269532135029,1,1,285.28333333333336,31,True,True,False,False,False,True,0,Normal,0
156.86,51,102,1,14453.35,-0.4682554220406748,4,6,25,-0.4682554220406748,1,1,936.2166666666668,5,True,False,False,False,False,False,0,Normal,0
225.93,25,199,1,1864.27,-0.2628735382026231,9,8,26,0.4403289529495794,1,1,1009.3333333333334,29,False,True,False,False,False,True,0,Normal,0
129.62,23,124,1,620.28,-0.5770976307157081,4,4,32,-0.3227618259475858,1,1,2758.833333333333,38,False,False,False,False,False,True,0,Normal,0
134.55,59,165,1,14852.42,-0.5438847823533305,4,5,45,-0.2122519064094072,1,0,2279.95,38,True,False,True,False,False,False,0,Normal,0
